<?xml version="1.0" encoding="UTF-8" ?>
<gpx version="1.1" xmlns:xsi="http://www.w3.org/2001/XMLSchema-instance" 
    xmlns="http://www.topografix.com/GPX/1/1" 
    xsi:schemaLocation="http://www.topografix.com/GPX/1/1 http://www.topografix.com/GPX/1/1/gpx.xsd" 
    creator="Openrunner - https://www.openrunner.com" >
				<wpt lat="45.879622" lon="6.525021">
				 	<ele>0</ele>
				 	<name><![CDATA[Secours]]></name>
				 	<desc><![CDATA[]]></desc>
					<sym>2</sym>
				</wpt>
			
				<wpt lat="45.879547" lon="6.524570">
				 	<ele>0</ele>
				 	<name><![CDATA[Ravitaillement]]></name>
				 	<desc><![CDATA[]]></desc>
					<sym>3</sym>
				</wpt>
			
				<wpt lat="45.879936" lon="6.524570">
				 	<ele>0</ele>
				 	<name><![CDATA[Barrière horaire]]></name>
				 	<desc><![CDATA[]]></desc>
					<sym>53</sym>
				</wpt>
			
				<wpt lat="45.898669" lon="6.552250">
				 	<ele>0</ele>
				 	<name><![CDATA[Secours]]></name>
				 	<desc><![CDATA[]]></desc>
					<sym>2</sym>
				</wpt>
			
				<wpt lat="45.895321" lon="6.581218">
				 	<ele>0</ele>
				 	<name><![CDATA[Barrière horaire]]></name>
				 	<desc><![CDATA[]]></desc>
					<sym>53</sym>
				</wpt>
			
				<wpt lat="45.895321" lon="6.581647">
				 	<ele>0</ele>
				 	<name><![CDATA[Ravitaillement]]></name>
				 	<desc><![CDATA[]]></desc>
					<sym>3</sym>
				</wpt>
			
				<wpt lat="45.907515" lon="6.555167">
				 	<ele>0</ele>
				 	<name><![CDATA[Ravitaillement]]></name>
				 	<desc><![CDATA[]]></desc>
					<sym>3</sym>
				</wpt>
			
				<wpt lat="45.907574" lon="6.555417">
				 	<ele>0</ele>
				 	<name><![CDATA[Barrière horaire]]></name>
				 	<desc><![CDATA[]]></desc>
					<sym>53</sym>
				</wpt>
			
				<wpt lat="45.879040" lon="6.587867">
				 	<ele>0</ele>
				 	<name><![CDATA[Secours]]></name>
				 	<desc><![CDATA[]]></desc>
					<sym>2</sym>
				</wpt>
			
				<wpt lat="45.879019" lon="6.588179">
				 	<ele>0</ele>
				 	<name><![CDATA[Ravitaillement]]></name>
				 	<desc><![CDATA[]]></desc>
					<sym>3</sym>
				</wpt>
				<trk>
						<name>Comblorane 2024 - XL (42km)-16281960</name>
						<trkseg>
					<trkpt lat="45.897210" lon="6.645940">
						<ele>934</ele>
						<time>2025-05-14T10:06:06Z</time>
					</trkpt>
					<trkpt lat="45.897510" lon="6.645960">
						<ele>929</ele>
						<time>2025-05-14T10:06:21Z</time>
					</trkpt>
					<trkpt lat="45.898070" lon="6.645670">
						<ele>928</ele>
						<time>2025-05-14T10:06:51Z</time>
					</trkpt>
					<trkpt lat="45.898330" lon="6.645050">
						<ele>933</ele>
						<time>2025-05-14T10:07:16Z</time>
					</trkpt>
					<trkpt lat="45.898360" lon="6.644380">
						<ele>939</ele>
						<time>2025-05-14T10:07:39Z</time>
					</trkpt>
					<trkpt lat="45.898180" lon="6.644350">
						<ele>942</ele>
						<time>2025-05-14T10:07:48Z</time>
					</trkpt>
					<trkpt lat="45.898000" lon="6.644020">
						<ele>948</ele>
						<time>2025-05-14T10:08:03Z</time>
					</trkpt>
					<trkpt lat="45.897800" lon="6.643910">
						<ele>953</ele>
						<time>2025-05-14T10:08:14Z</time>
					</trkpt>
					<trkpt lat="45.897320" lon="6.644120">
						<ele>958</ele>
						<time>2025-05-14T10:08:39Z</time>
					</trkpt>
					<trkpt lat="45.896860" lon="6.644130">
						<ele>961</ele>
						<time>2025-05-14T10:09:02Z</time>
					</trkpt>
					<trkpt lat="45.896600" lon="6.643820">
						<ele>966</ele>
						<time>2025-05-14T10:09:19Z</time>
					</trkpt>
					<trkpt lat="45.896520" lon="6.643390">
						<ele>971</ele>
						<time>2025-05-14T10:09:34Z</time>
					</trkpt>
					<trkpt lat="45.896260" lon="6.643580">
						<ele>971</ele>
						<time>2025-05-14T10:09:49Z</time>
					</trkpt>
					<trkpt lat="45.896180" lon="6.643610">
						<ele>971</ele>
						<time>2025-05-14T10:09:53Z</time>
					</trkpt>
					<trkpt lat="45.896140" lon="6.643390">
						<ele>973</ele>
						<time>2025-05-14T10:10:01Z</time>
					</trkpt>
					<trkpt lat="45.896050" lon="6.643130">
						<ele>976</ele>
						<time>2025-05-14T10:10:11Z</time>
					</trkpt>
					<trkpt lat="45.895940" lon="6.643010">
						<ele>979</ele>
						<time>2025-05-14T10:10:18Z</time>
					</trkpt>
					<trkpt lat="45.895990" lon="6.642590">
						<ele>982</ele>
						<time>2025-05-14T10:10:33Z</time>
					</trkpt>
					<trkpt lat="45.895910" lon="6.642140">
						<ele>987</ele>
						<time>2025-05-14T10:10:49Z</time>
					</trkpt>
					<trkpt lat="45.896000" lon="6.641620">
						<ele>990</ele>
						<time>2025-05-14T10:11:08Z</time>
					</trkpt>
					<trkpt lat="45.896420" lon="6.641310">
						<ele>985</ele>
						<time>2025-05-14T10:11:31Z</time>
					</trkpt>
					<trkpt lat="45.896560" lon="6.641130">
						<ele>983</ele>
						<time>2025-05-14T10:11:41Z</time>
					</trkpt>
					<trkpt lat="45.896650" lon="6.640650">
						<ele>983</ele>
						<time>2025-05-14T10:11:58Z</time>
					</trkpt>
					<trkpt lat="45.897090" lon="6.640000">
						<ele>978</ele>
						<time>2025-05-14T10:12:30Z</time>
					</trkpt>
					<trkpt lat="45.897180" lon="6.639670">
						<ele>976</ele>
						<time>2025-05-14T10:12:42Z</time>
					</trkpt>
					<trkpt lat="45.897010" lon="6.639110">
						<ele>978</ele>
						<time>2025-05-14T10:13:03Z</time>
					</trkpt>
					<trkpt lat="45.897010" lon="6.638780">
						<ele>980</ele>
						<time>2025-05-14T10:13:15Z</time>
					</trkpt>
					<trkpt lat="45.897380" lon="6.638220">
						<ele>979</ele>
						<time>2025-05-14T10:13:42Z</time>
					</trkpt>
					<trkpt lat="45.897710" lon="6.637020">
						<ele>997</ele>
						<time>2025-05-14T10:14:27Z</time>
					</trkpt>
					<trkpt lat="45.897750" lon="6.636660">
						<ele>1002</ele>
						<time>2025-05-14T10:14:39Z</time>
					</trkpt>
					<trkpt lat="45.898000" lon="6.636410">
						<ele>1004</ele>
						<time>2025-05-14T10:14:54Z</time>
					</trkpt>
					<trkpt lat="45.898220" lon="6.635980">
						<ele>1006</ele>
						<time>2025-05-14T10:15:13Z</time>
					</trkpt>
					<trkpt lat="45.898320" lon="6.635630">
						<ele>1007</ele>
						<time>2025-05-14T10:15:26Z</time>
					</trkpt>
					<trkpt lat="45.898390" lon="6.635060">
						<ele>1007</ele>
						<time>2025-05-14T10:15:46Z</time>
					</trkpt>
					<trkpt lat="45.898350" lon="6.634510">
						<ele>1010</ele>
						<time>2025-05-14T10:16:06Z</time>
					</trkpt>
					<trkpt lat="45.898280" lon="6.634260">
						<ele>1011</ele>
						<time>2025-05-14T10:16:15Z</time>
					</trkpt>
					<trkpt lat="45.898540" lon="6.633710">
						<ele>1012</ele>
						<time>2025-05-14T10:16:38Z</time>
					</trkpt>
					<trkpt lat="45.899130" lon="6.632090">
						<ele>1014</ele>
						<time>2025-05-14T10:17:42Z</time>
					</trkpt>
					<trkpt lat="45.899430" lon="6.631580">
						<ele>1011</ele>
						<time>2025-05-14T10:18:05Z</time>
					</trkpt>
					<trkpt lat="45.899730" lon="6.631140">
						<ele>1009</ele>
						<time>2025-05-14T10:18:27Z</time>
					</trkpt>
					<trkpt lat="45.900000" lon="6.629750">
						<ele>1012</ele>
						<time>2025-05-14T10:19:17Z</time>
					</trkpt>
					<trkpt lat="45.900110" lon="6.629320">
						<ele>1011</ele>
						<time>2025-05-14T10:19:33Z</time>
					</trkpt>
					<trkpt lat="45.900540" lon="6.627920">
						<ele>1014</ele>
						<time>2025-05-14T10:20:26Z</time>
					</trkpt>
					<trkpt lat="45.900770" lon="6.627530">
						<ele>1012</ele>
						<time>2025-05-14T10:20:44Z</time>
					</trkpt>
					<trkpt lat="45.900780" lon="6.627100">
						<ele>1016</ele>
						<time>2025-05-14T10:20:59Z</time>
					</trkpt>
					<trkpt lat="45.900850" lon="6.626780">
						<ele>1018</ele>
						<time>2025-05-14T10:21:11Z</time>
					</trkpt>
					<trkpt lat="45.901100" lon="6.626690">
						<ele>1020</ele>
						<time>2025-05-14T10:21:23Z</time>
					</trkpt>
					<trkpt lat="45.901390" lon="6.626910">
						<ele>1019</ele>
						<time>2025-05-14T10:21:40Z</time>
					</trkpt>
					<trkpt lat="45.901730" lon="6.627570">
						<ele>1009</ele>
						<time>2025-05-14T10:22:08Z</time>
					</trkpt>
					<trkpt lat="45.902130" lon="6.627720">
						<ele>1010</ele>
						<time>2025-05-14T10:22:29Z</time>
					</trkpt>
					<trkpt lat="45.902160" lon="6.627540">
						<ele>1013</ele>
						<time>2025-05-14T10:22:36Z</time>
					</trkpt>
					<trkpt lat="45.901880" lon="6.627270">
						<ele>1015</ele>
						<time>2025-05-14T10:22:52Z</time>
					</trkpt>
					<trkpt lat="45.901840" lon="6.627010">
						<ele>1019</ele>
						<time>2025-05-14T10:23:02Z</time>
					</trkpt>
					<trkpt lat="45.902540" lon="6.626710">
						<ele>1029</ele>
						<time>2025-05-14T10:23:38Z</time>
					</trkpt>
					<trkpt lat="45.902490" lon="6.626500">
						<ele>1032</ele>
						<time>2025-05-14T10:23:46Z</time>
					</trkpt>
					<trkpt lat="45.902400" lon="6.626360">
						<ele>1034</ele>
						<time>2025-05-14T10:23:53Z</time>
					</trkpt>
					<trkpt lat="45.902220" lon="6.625970">
						<ele>1039</ele>
						<time>2025-05-14T10:24:09Z</time>
					</trkpt>
					<trkpt lat="45.902090" lon="6.625540">
						<ele>1045</ele>
						<time>2025-05-14T10:24:25Z</time>
					</trkpt>
					<trkpt lat="45.901990" lon="6.624890">
						<ele>1056</ele>
						<time>2025-05-14T10:24:48Z</time>
					</trkpt>
					<trkpt lat="45.902090" lon="6.624280">
						<ele>1063</ele>
						<time>2025-05-14T10:25:10Z</time>
					</trkpt>
					<trkpt lat="45.902040" lon="6.624060">
						<ele>1065</ele>
						<time>2025-05-14T10:25:18Z</time>
					</trkpt>
					<trkpt lat="45.902340" lon="6.623090">
						<ele>1070</ele>
						<time>2025-05-14T10:25:55Z</time>
					</trkpt>
					<trkpt lat="45.902330" lon="6.622600">
						<ele>1073</ele>
						<time>2025-05-14T10:26:12Z</time>
					</trkpt>
					<trkpt lat="45.902360" lon="6.622040">
						<ele>1076</ele>
						<time>2025-05-14T10:26:32Z</time>
					</trkpt>
					<trkpt lat="45.902710" lon="6.621630">
						<ele>1081</ele>
						<time>2025-05-14T10:26:55Z</time>
					</trkpt>
					<trkpt lat="45.902720" lon="6.620980">
						<ele>1087</ele>
						<time>2025-05-14T10:27:17Z</time>
					</trkpt>
					<trkpt lat="45.902810" lon="6.620180">
						<ele>1094</ele>
						<time>2025-05-14T10:27:45Z</time>
					</trkpt>
					<trkpt lat="45.902810" lon="6.619850">
						<ele>1100</ele>
						<time>2025-05-14T10:27:57Z</time>
					</trkpt>
					<trkpt lat="45.902720" lon="6.619460">
						<ele>1109</ele>
						<time>2025-05-14T10:28:11Z</time>
					</trkpt>
					<trkpt lat="45.902840" lon="6.619170">
						<ele>1114</ele>
						<time>2025-05-14T10:28:23Z</time>
					</trkpt>
					<trkpt lat="45.903040" lon="6.619030">
						<ele>1116</ele>
						<time>2025-05-14T10:28:34Z</time>
					</trkpt>
					<trkpt lat="45.903310" lon="6.618220">
						<ele>1129</ele>
						<time>2025-05-14T10:29:05Z</time>
					</trkpt>
					<trkpt lat="45.903320" lon="6.617150">
						<ele>1133</ele>
						<time>2025-05-14T10:29:43Z</time>
					</trkpt>
					<trkpt lat="45.903110" lon="6.616490">
						<ele>1136</ele>
						<time>2025-05-14T10:30:08Z</time>
					</trkpt>
					<trkpt lat="45.902790" lon="6.616050">
						<ele>1141</ele>
						<time>2025-05-14T10:30:30Z</time>
					</trkpt>
					<trkpt lat="45.902600" lon="6.615650">
						<ele>1145</ele>
						<time>2025-05-14T10:30:47Z</time>
					</trkpt>
					<trkpt lat="45.902600" lon="6.614960">
						<ele>1145</ele>
						<time>2025-05-14T10:31:11Z</time>
					</trkpt>
					<trkpt lat="45.902740" lon="6.613980">
						<ele>1140</ele>
						<time>2025-05-14T10:31:46Z</time>
					</trkpt>
					<trkpt lat="45.903000" lon="6.613510">
						<ele>1134</ele>
						<time>2025-05-14T10:32:07Z</time>
					</trkpt>
					<trkpt lat="45.903120" lon="6.613080">
						<ele>1133</ele>
						<time>2025-05-14T10:32:23Z</time>
					</trkpt>
					<trkpt lat="45.902990" lon="6.612710">
						<ele>1139</ele>
						<time>2025-05-14T10:32:37Z</time>
					</trkpt>
					<trkpt lat="45.902960" lon="6.612290">
						<ele>1143</ele>
						<time>2025-05-14T10:32:52Z</time>
					</trkpt>
					<trkpt lat="45.903200" lon="6.611390">
						<ele>1148</ele>
						<time>2025-05-14T10:33:26Z</time>
					</trkpt>
					<trkpt lat="45.903940" lon="6.611410">
						<ele>1140</ele>
						<time>2025-05-14T10:34:03Z</time>
					</trkpt>
					<trkpt lat="45.903540" lon="6.610180">
						<ele>1163</ele>
						<time>2025-05-14T10:34:50Z</time>
					</trkpt>
					<trkpt lat="45.903270" lon="6.609720">
						<ele>1175</ele>
						<time>2025-05-14T10:35:11Z</time>
					</trkpt>
					<trkpt lat="45.903020" lon="6.609480">
						<ele>1183</ele>
						<time>2025-05-14T10:35:26Z</time>
					</trkpt>
					<trkpt lat="45.902650" lon="6.608800">
						<ele>1203</ele>
						<time>2025-05-14T10:35:56Z</time>
					</trkpt>
					<trkpt lat="45.902190" lon="6.608220">
						<ele>1222</ele>
						<time>2025-05-14T10:36:27Z</time>
					</trkpt>
					<trkpt lat="45.901870" lon="6.607500">
						<ele>1235</ele>
						<time>2025-05-14T10:36:56Z</time>
					</trkpt>
					<trkpt lat="45.901470" lon="6.606810">
						<ele>1252</ele>
						<time>2025-05-14T10:37:28Z</time>
					</trkpt>
					<trkpt lat="45.900960" lon="6.605800">
						<ele>1269</ele>
						<time>2025-05-14T10:38:11Z</time>
					</trkpt>
					<trkpt lat="45.900500" lon="6.605360">
						<ele>1282</ele>
						<time>2025-05-14T10:38:39Z</time>
					</trkpt>
					<trkpt lat="45.900310" lon="6.604910">
						<ele>1289</ele>
						<time>2025-05-14T10:38:57Z</time>
					</trkpt>
					<trkpt lat="45.900570" lon="6.604100">
						<ele>1284</ele>
						<time>2025-05-14T10:39:28Z</time>
					</trkpt>
					<trkpt lat="45.901050" lon="6.603230">
						<ele>1269</ele>
						<time>2025-05-14T10:40:07Z</time>
					</trkpt>
					<trkpt lat="45.901570" lon="6.602050">
						<ele>1248</ele>
						<time>2025-05-14T10:40:55Z</time>
					</trkpt>
					<trkpt lat="45.901340" lon="6.601390">
						<ele>1244</ele>
						<time>2025-05-14T10:41:21Z</time>
					</trkpt>
					<trkpt lat="45.901080" lon="6.600790">
						<ele>1238</ele>
						<time>2025-05-14T10:41:46Z</time>
					</trkpt>
					<trkpt lat="45.900960" lon="6.600290">
						<ele>1231</ele>
						<time>2025-05-14T10:42:04Z</time>
					</trkpt>
					<trkpt lat="45.900950" lon="6.599900">
						<ele>1224</ele>
						<time>2025-05-14T10:42:18Z</time>
					</trkpt>
					<trkpt lat="45.901010" lon="6.599380">
						<ele>1218</ele>
						<time>2025-05-14T10:42:36Z</time>
					</trkpt>
					<trkpt lat="45.901140" lon="6.599070">
						<ele>1213</ele>
						<time>2025-05-14T10:42:49Z</time>
					</trkpt>
					<trkpt lat="45.901070" lon="6.598530">
						<ele>1214</ele>
						<time>2025-05-14T10:43:08Z</time>
					</trkpt>
					<trkpt lat="45.901050" lon="6.598050">
						<ele>1212</ele>
						<time>2025-05-14T10:43:25Z</time>
					</trkpt>
					<trkpt lat="45.901200" lon="6.597620">
						<ele>1207</ele>
						<time>2025-05-14T10:43:41Z</time>
					</trkpt>
					<trkpt lat="45.901550" lon="6.597210">
						<ele>1196</ele>
						<time>2025-05-14T10:44:04Z</time>
					</trkpt>
					<trkpt lat="45.901450" lon="6.596600">
						<ele>1194</ele>
						<time>2025-05-14T10:44:26Z</time>
					</trkpt>
					<trkpt lat="45.901450" lon="6.595910">
						<ele>1191</ele>
						<time>2025-05-14T10:44:50Z</time>
					</trkpt>
					<trkpt lat="45.901680" lon="6.595480">
						<ele>1184</ele>
						<time>2025-05-14T10:45:09Z</time>
					</trkpt>
					<trkpt lat="45.902140" lon="6.595370">
						<ele>1171</ele>
						<time>2025-05-14T10:45:32Z</time>
					</trkpt>
					<trkpt lat="45.902640" lon="6.596580">
						<ele>1163</ele>
						<time>2025-05-14T10:46:21Z</time>
					</trkpt>
					<trkpt lat="45.903120" lon="6.597540">
						<ele>1147</ele>
						<time>2025-05-14T10:47:02Z</time>
					</trkpt>
					<trkpt lat="45.903570" lon="6.598240">
						<ele>1136</ele>
						<time>2025-05-14T10:47:35Z</time>
					</trkpt>
					<trkpt lat="45.903860" lon="6.598480">
						<ele>1130</ele>
						<time>2025-05-14T10:47:52Z</time>
					</trkpt>
					<trkpt lat="45.904470" lon="6.599240">
						<ele>1111</ele>
						<time>2025-05-14T10:48:32Z</time>
					</trkpt>
					<trkpt lat="45.904710" lon="6.599980">
						<ele>1104</ele>
						<time>2025-05-14T10:49:01Z</time>
					</trkpt>
					<trkpt lat="45.905010" lon="6.600530">
						<ele>1096</ele>
						<time>2025-05-14T10:49:25Z</time>
					</trkpt>
					<trkpt lat="45.905490" lon="6.600880">
						<ele>1083</ele>
						<time>2025-05-14T10:49:52Z</time>
					</trkpt>
					<trkpt lat="45.905870" lon="6.601650">
						<ele>1071</ele>
						<time>2025-05-14T10:50:25Z</time>
					</trkpt>
					<trkpt lat="45.906460" lon="6.602560">
						<ele>1060</ele>
						<time>2025-05-14T10:51:08Z</time>
					</trkpt>
					<trkpt lat="45.906950" lon="6.602900">
						<ele>1049</ele>
						<time>2025-05-14T10:51:36Z</time>
					</trkpt>
					<trkpt lat="45.907540" lon="6.604520">
						<ele>1031</ele>
						<time>2025-05-14T10:52:39Z</time>
					</trkpt>
					<trkpt lat="45.908140" lon="6.605140">
						<ele>1011</ele>
						<time>2025-05-14T10:53:16Z</time>
					</trkpt>
					<trkpt lat="45.908390" lon="6.605480">
						<ele>1004</ele>
						<time>2025-05-14T10:53:33Z</time>
					</trkpt>
					<trkpt lat="45.908580" lon="6.603850">
						<ele>1010</ele>
						<time>2025-05-14T10:54:31Z</time>
					</trkpt>
					<trkpt lat="45.908850" lon="6.603640">
						<ele>1011</ele>
						<time>2025-05-14T10:54:46Z</time>
					</trkpt>
					<trkpt lat="45.909520" lon="6.604040">
						<ele>1002</ele>
						<time>2025-05-14T10:55:23Z</time>
					</trkpt>
					<trkpt lat="45.909980" lon="6.604940">
						<ele>992</ele>
						<time>2025-05-14T10:56:02Z</time>
					</trkpt>
					<trkpt lat="45.909730" lon="6.603750">
						<ele>1004</ele>
						<time>2025-05-14T10:56:45Z</time>
					</trkpt>
					<trkpt lat="45.908900" lon="6.602540">
						<ele>1019</ele>
						<time>2025-05-14T10:57:44Z</time>
					</trkpt>
					<trkpt lat="45.908300" lon="6.600730">
						<ele>1037</ele>
						<time>2025-05-14T10:58:54Z</time>
					</trkpt>
					<trkpt lat="45.907560" lon="6.599150">
						<ele>1049</ele>
						<time>2025-05-14T11:00:00Z</time>
					</trkpt>
					<trkpt lat="45.906680" lon="6.597920">
						<ele>1062</ele>
						<time>2025-05-14T11:01:02Z</time>
					</trkpt>
					<trkpt lat="45.906290" lon="6.597590">
						<ele>1068</ele>
						<time>2025-05-14T11:01:24Z</time>
					</trkpt>
					<trkpt lat="45.906260" lon="6.597120">
						<ele>1076</ele>
						<time>2025-05-14T11:01:41Z</time>
					</trkpt>
					<trkpt lat="45.905510" lon="6.595660">
						<ele>1107</ele>
						<time>2025-05-14T11:02:44Z</time>
					</trkpt>
					<trkpt lat="45.905200" lon="6.595710">
						<ele>1102</ele>
						<time>2025-05-14T11:02:59Z</time>
					</trkpt>
					<trkpt lat="45.905100" lon="6.594790">
						<ele>1103</ele>
						<time>2025-05-14T11:03:32Z</time>
					</trkpt>
					<trkpt lat="45.904900" lon="6.594370">
						<ele>1102</ele>
						<time>2025-05-14T11:03:50Z</time>
					</trkpt>
					<trkpt lat="45.904870" lon="6.593790">
						<ele>1107</ele>
						<time>2025-05-14T11:04:10Z</time>
					</trkpt>
					<trkpt lat="45.904830" lon="6.593530">
						<ele>1111</ele>
						<time>2025-05-14T11:04:19Z</time>
					</trkpt>
					<trkpt lat="45.904520" lon="6.592890">
						<ele>1124</ele>
						<time>2025-05-14T11:04:46Z</time>
					</trkpt>
					<trkpt lat="45.904480" lon="6.591960">
						<ele>1129</ele>
						<time>2025-05-14T11:05:19Z</time>
					</trkpt>
					<trkpt lat="45.904520" lon="6.591370">
						<ele>1130</ele>
						<time>2025-05-14T11:05:39Z</time>
					</trkpt>
					<trkpt lat="45.904710" lon="6.590820">
						<ele>1129</ele>
						<time>2025-05-14T11:06:01Z</time>
					</trkpt>
					<trkpt lat="45.904760" lon="6.590510">
						<ele>1129</ele>
						<time>2025-05-14T11:06:12Z</time>
					</trkpt>
					<trkpt lat="45.904750" lon="6.590320">
						<ele>1130</ele>
						<time>2025-05-14T11:06:18Z</time>
					</trkpt>
					<trkpt lat="45.904950" lon="6.590110">
						<ele>1129</ele>
						<time>2025-05-14T11:06:31Z</time>
					</trkpt>
					<trkpt lat="45.905280" lon="6.590170">
						<ele>1131</ele>
						<time>2025-05-14T11:06:48Z</time>
					</trkpt>
					<trkpt lat="45.905700" lon="6.590640">
						<ele>1129</ele>
						<time>2025-05-14T11:07:14Z</time>
					</trkpt>
					<trkpt lat="45.905840" lon="6.590480">
						<ele>1132</ele>
						<time>2025-05-14T11:07:23Z</time>
					</trkpt>
					<trkpt lat="45.906400" lon="6.591150">
						<ele>1133</ele>
						<time>2025-05-14T11:08:00Z</time>
					</trkpt>
					<trkpt lat="45.906720" lon="6.590920">
						<ele>1141</ele>
						<time>2025-05-14T11:08:17Z</time>
					</trkpt>
					<trkpt lat="45.906900" lon="6.591000">
						<ele>1142</ele>
						<time>2025-05-14T11:08:27Z</time>
					</trkpt>
					<trkpt lat="45.907040" lon="6.590660">
						<ele>1148</ele>
						<time>2025-05-14T11:08:41Z</time>
					</trkpt>
					<trkpt lat="45.907350" lon="6.590690">
						<ele>1151</ele>
						<time>2025-05-14T11:08:56Z</time>
					</trkpt>
					<trkpt lat="45.907670" lon="6.590460">
						<ele>1160</ele>
						<time>2025-05-14T11:09:14Z</time>
					</trkpt>
					<trkpt lat="45.907960" lon="6.590450">
						<ele>1166</ele>
						<time>2025-05-14T11:09:29Z</time>
					</trkpt>
					<trkpt lat="45.908230" lon="6.590340">
						<ele>1173</ele>
						<time>2025-05-14T11:09:43Z</time>
					</trkpt>
					<trkpt lat="45.908800" lon="6.590460">
						<ele>1185</ele>
						<time>2025-05-14T11:10:11Z</time>
					</trkpt>
					<trkpt lat="45.908660" lon="6.589820">
						<ele>1193</ele>
						<time>2025-05-14T11:10:35Z</time>
					</trkpt>
					<trkpt lat="45.908650" lon="6.588830">
						<ele>1213</ele>
						<time>2025-05-14T11:11:09Z</time>
					</trkpt>
					<trkpt lat="45.908200" lon="6.587080">
						<ele>1237</ele>
						<time>2025-05-14T11:12:14Z</time>
					</trkpt>
					<trkpt lat="45.907720" lon="6.585980">
						<ele>1245</ele>
						<time>2025-05-14T11:12:59Z</time>
					</trkpt>
					<trkpt lat="45.906660" lon="6.584540">
						<ele>1254</ele>
						<time>2025-05-14T11:14:12Z</time>
					</trkpt>
					<trkpt lat="45.906450" lon="6.583100">
						<ele>1273</ele>
						<time>2025-05-14T11:15:04Z</time>
					</trkpt>
					<trkpt lat="45.906210" lon="6.582680">
						<ele>1273</ele>
						<time>2025-05-14T11:15:23Z</time>
					</trkpt>
					<trkpt lat="45.906240" lon="6.581980">
						<ele>1284</ele>
						<time>2025-05-14T11:15:47Z</time>
					</trkpt>
					<trkpt lat="45.906030" lon="6.581670">
						<ele>1282</ele>
						<time>2025-05-14T11:16:02Z</time>
					</trkpt>
					<trkpt lat="45.905910" lon="6.581260">
						<ele>1284</ele>
						<time>2025-05-14T11:16:18Z</time>
					</trkpt>
					<trkpt lat="45.905880" lon="6.580890">
						<ele>1288</ele>
						<time>2025-05-14T11:16:31Z</time>
					</trkpt>
					<trkpt lat="45.905800" lon="6.580520">
						<ele>1290</ele>
						<time>2025-05-14T11:16:44Z</time>
					</trkpt>
					<trkpt lat="45.905790" lon="6.580190">
						<ele>1292</ele>
						<time>2025-05-14T11:16:56Z</time>
					</trkpt>
					<trkpt lat="45.905650" lon="6.579480">
						<ele>1302</ele>
						<time>2025-05-14T11:17:21Z</time>
					</trkpt>
					<trkpt lat="45.905740" lon="6.578310">
						<ele>1319</ele>
						<time>2025-05-14T11:18:02Z</time>
					</trkpt>
					<trkpt lat="45.905940" lon="6.577980">
						<ele>1330</ele>
						<time>2025-05-14T11:18:18Z</time>
					</trkpt>
					<trkpt lat="45.905110" lon="6.577830">
						<ele>1327</ele>
						<time>2025-05-14T11:18:59Z</time>
					</trkpt>
					<trkpt lat="45.905200" lon="6.577080">
						<ele>1347</ele>
						<time>2025-05-14T11:19:26Z</time>
					</trkpt>
					<trkpt lat="45.905400" lon="6.576600">
						<ele>1364</ele>
						<time>2025-05-14T11:19:45Z</time>
					</trkpt>
					<trkpt lat="45.905560" lon="6.575550">
						<ele>1398</ele>
						<time>2025-05-14T11:20:23Z</time>
					</trkpt>
					<trkpt lat="45.905400" lon="6.575440">
						<ele>1398</ele>
						<time>2025-05-14T11:20:32Z</time>
					</trkpt>
					<trkpt lat="45.905510" lon="6.575280">
						<ele>1405</ele>
						<time>2025-05-14T11:20:39Z</time>
					</trkpt>
					<trkpt lat="45.905760" lon="6.575100">
						<ele>1417</ele>
						<time>2025-05-14T11:20:53Z</time>
					</trkpt>
					<trkpt lat="45.905910" lon="6.574740">
						<ele>1428</ele>
						<time>2025-05-14T11:21:08Z</time>
					</trkpt>
					<trkpt lat="45.905900" lon="6.574470">
						<ele>1436</ele>
						<time>2025-05-14T11:21:18Z</time>
					</trkpt>
					<trkpt lat="45.906010" lon="6.574180">
						<ele>1442</ele>
						<time>2025-05-14T11:21:29Z</time>
					</trkpt>
					<trkpt lat="45.906070" lon="6.573210">
						<ele>1468</ele>
						<time>2025-05-14T11:22:03Z</time>
					</trkpt>
					<trkpt lat="45.906130" lon="6.572910">
						<ele>1475</ele>
						<time>2025-05-14T11:22:14Z</time>
					</trkpt>
					<trkpt lat="45.906020" lon="6.572680">
						<ele>1483</ele>
						<time>2025-05-14T11:22:24Z</time>
					</trkpt>
					<trkpt lat="45.905970" lon="6.571940">
						<ele>1502</ele>
						<time>2025-05-14T11:22:49Z</time>
					</trkpt>
					<trkpt lat="45.905850" lon="6.571680">
						<ele>1509</ele>
						<time>2025-05-14T11:23:00Z</time>
					</trkpt>
					<trkpt lat="45.906030" lon="6.571570">
						<ele>1509</ele>
						<time>2025-05-14T11:23:10Z</time>
					</trkpt>
					<trkpt lat="45.905850" lon="6.570180">
						<ele>1547</ele>
						<time>2025-05-14T11:23:59Z</time>
					</trkpt>
					<trkpt lat="45.905280" lon="6.569480">
						<ele>1555</ele>
						<time>2025-05-14T11:24:37Z</time>
					</trkpt>
					<trkpt lat="45.905680" lon="6.568960">
						<ele>1569</ele>
						<time>2025-05-14T11:25:04Z</time>
					</trkpt>
					<trkpt lat="45.905790" lon="6.568550">
						<ele>1580</ele>
						<time>2025-05-14T11:25:19Z</time>
					</trkpt>
					<trkpt lat="45.905780" lon="6.568220">
						<ele>1589</ele>
						<time>2025-05-14T11:25:31Z</time>
					</trkpt>
					<trkpt lat="45.905680" lon="6.567860">
						<ele>1598</ele>
						<time>2025-05-14T11:25:44Z</time>
					</trkpt>
					<trkpt lat="45.905530" lon="6.567470">
						<ele>1610</ele>
						<time>2025-05-14T11:26:00Z</time>
					</trkpt>
					<trkpt lat="45.905370" lon="6.567450">
						<ele>1611</ele>
						<time>2025-05-14T11:26:08Z</time>
					</trkpt>
					<trkpt lat="45.905100" lon="6.567340">
						<ele>1616</ele>
						<time>2025-05-14T11:26:22Z</time>
					</trkpt>
					<trkpt lat="45.905040" lon="6.566890">
						<ele>1635</ele>
						<time>2025-05-14T11:26:38Z</time>
					</trkpt>
					<trkpt lat="45.904950" lon="6.566640">
						<ele>1643</ele>
						<time>2025-05-14T11:26:47Z</time>
					</trkpt>
					<trkpt lat="45.905220" lon="6.566500">
						<ele>1648</ele>
						<time>2025-05-14T11:27:02Z</time>
					</trkpt>
					<trkpt lat="45.905140" lon="6.566240">
						<ele>1655</ele>
						<time>2025-05-14T11:27:12Z</time>
					</trkpt>
					<trkpt lat="45.905490" lon="6.565920">
						<ele>1663</ele>
						<time>2025-05-14T11:27:32Z</time>
					</trkpt>
					<trkpt lat="45.905670" lon="6.565570">
						<ele>1674</ele>
						<time>2025-05-14T11:27:48Z</time>
					</trkpt>
					<trkpt lat="45.905810" lon="6.565220">
						<ele>1684</ele>
						<time>2025-05-14T11:28:02Z</time>
					</trkpt>
					<trkpt lat="45.905730" lon="6.565050">
						<ele>1690</ele>
						<time>2025-05-14T11:28:09Z</time>
					</trkpt>
					<trkpt lat="45.905290" lon="6.565010">
						<ele>1697</ele>
						<time>2025-05-14T11:28:31Z</time>
					</trkpt>
					<trkpt lat="45.905380" lon="6.564670">
						<ele>1702</ele>
						<time>2025-05-14T11:28:44Z</time>
					</trkpt>
					<trkpt lat="45.905330" lon="6.564410">
						<ele>1707</ele>
						<time>2025-05-14T11:28:53Z</time>
					</trkpt>
					<trkpt lat="45.905230" lon="6.564180">
						<ele>1712</ele>
						<time>2025-05-14T11:29:02Z</time>
					</trkpt>
					<trkpt lat="45.904990" lon="6.564220">
						<ele>1713</ele>
						<time>2025-05-14T11:29:14Z</time>
					</trkpt>
					<trkpt lat="45.904930" lon="6.564070">
						<ele>1714</ele>
						<time>2025-05-14T11:29:21Z</time>
					</trkpt>
					<trkpt lat="45.905000" lon="6.563580">
						<ele>1727</ele>
						<time>2025-05-14T11:29:38Z</time>
					</trkpt>
					<trkpt lat="45.904990" lon="6.563200">
						<ele>1735</ele>
						<time>2025-05-14T11:29:51Z</time>
					</trkpt>
					<trkpt lat="45.904930" lon="6.562940">
						<ele>1739</ele>
						<time>2025-05-14T11:30:01Z</time>
					</trkpt>
					<trkpt lat="45.905130" lon="6.562390">
						<ele>1752</ele>
						<time>2025-05-14T11:30:22Z</time>
					</trkpt>
					<trkpt lat="45.905300" lon="6.561830">
						<ele>1770</ele>
						<time>2025-05-14T11:30:44Z</time>
					</trkpt>
					<trkpt lat="45.905530" lon="6.561570">
						<ele>1778</ele>
						<time>2025-05-14T11:30:58Z</time>
					</trkpt>
					<trkpt lat="45.905980" lon="6.561420">
						<ele>1784</ele>
						<time>2025-05-14T11:31:21Z</time>
					</trkpt>
					<trkpt lat="45.906190" lon="6.561620">
						<ele>1781</ele>
						<time>2025-05-14T11:31:34Z</time>
					</trkpt>
					<trkpt lat="45.906340" lon="6.561690">
						<ele>1781</ele>
						<time>2025-05-14T11:31:42Z</time>
					</trkpt>
					<trkpt lat="45.906630" lon="6.561630">
						<ele>1786</ele>
						<time>2025-05-14T11:31:57Z</time>
					</trkpt>
					<trkpt lat="45.906680" lon="6.561210">
						<ele>1794</ele>
						<time>2025-05-14T11:32:11Z</time>
					</trkpt>
					<trkpt lat="45.907030" lon="6.561160">
						<ele>1799</ele>
						<time>2025-05-14T11:32:29Z</time>
					</trkpt>
					<trkpt lat="45.907020" lon="6.560370">
						<ele>1812</ele>
						<time>2025-05-14T11:32:56Z</time>
					</trkpt>
					<trkpt lat="45.906880" lon="6.559620">
						<ele>1827</ele>
						<time>2025-05-14T11:33:24Z</time>
					</trkpt>
					<trkpt lat="45.906700" lon="6.559430">
						<ele>1833</ele>
						<time>2025-05-14T11:33:35Z</time>
					</trkpt>
					<trkpt lat="45.906530" lon="6.558940">
						<ele>1849</ele>
						<time>2025-05-14T11:33:54Z</time>
					</trkpt>
					<trkpt lat="45.906350" lon="6.558720">
						<ele>1860</ele>
						<time>2025-05-14T11:34:06Z</time>
					</trkpt>
					<trkpt lat="45.906260" lon="6.558290">
						<ele>1877</ele>
						<time>2025-05-14T11:34:21Z</time>
					</trkpt>
					<trkpt lat="45.906500" lon="6.557810">
						<ele>1884</ele>
						<time>2025-05-14T11:34:42Z</time>
					</trkpt>
					<trkpt lat="45.906800" lon="6.557630">
						<ele>1881</ele>
						<time>2025-05-14T11:34:58Z</time>
					</trkpt>
					<trkpt lat="45.906860" lon="6.557370">
						<ele>1886</ele>
						<time>2025-05-14T11:35:08Z</time>
					</trkpt>
					<trkpt lat="45.907090" lon="6.556910">
						<ele>1894</ele>
						<time>2025-05-14T11:35:27Z</time>
					</trkpt>
					<trkpt lat="45.907290" lon="6.556210">
						<ele>1906</ele>
						<time>2025-05-14T11:35:54Z</time>
					</trkpt>
					<trkpt lat="45.907460" lon="6.555990">
						<ele>1907</ele>
						<time>2025-05-14T11:36:05Z</time>
					</trkpt>
					<trkpt lat="45.907510" lon="6.555760">
						<ele>1910</ele>
						<time>2025-05-14T11:36:14Z</time>
					</trkpt>
					<trkpt lat="45.907620" lon="6.555590">
						<ele>1910</ele>
						<time>2025-05-14T11:36:22Z</time>
					</trkpt>
					<trkpt lat="45.907620" lon="6.555230">
						<ele>1912</ele>
						<time>2025-05-14T11:36:34Z</time>
					</trkpt>
					<trkpt lat="45.907400" lon="6.554370">
						<ele>1916</ele>
						<time>2025-05-14T11:37:06Z</time>
					</trkpt>
					<trkpt lat="45.907180" lon="6.553880">
						<ele>1920</ele>
						<time>2025-05-14T11:37:26Z</time>
					</trkpt>
					<trkpt lat="45.907050" lon="6.553080">
						<ele>1919</ele>
						<time>2025-05-14T11:37:55Z</time>
					</trkpt>
					<trkpt lat="45.906780" lon="6.552000">
						<ele>1917</ele>
						<time>2025-05-14T11:38:35Z</time>
					</trkpt>
					<trkpt lat="45.906810" lon="6.551350">
						<ele>1909</ele>
						<time>2025-05-14T11:38:58Z</time>
					</trkpt>
					<trkpt lat="45.906900" lon="6.550880">
						<ele>1902</ele>
						<time>2025-05-14T11:39:15Z</time>
					</trkpt>
					<trkpt lat="45.906820" lon="6.550190">
						<ele>1893</ele>
						<time>2025-05-14T11:39:39Z</time>
					</trkpt>
					<trkpt lat="45.906640" lon="6.549660">
						<ele>1886</ele>
						<time>2025-05-14T11:39:59Z</time>
					</trkpt>
					<trkpt lat="45.906620" lon="6.549290">
						<ele>1877</ele>
						<time>2025-05-14T11:40:12Z</time>
					</trkpt>
					<trkpt lat="45.906690" lon="6.548920">
						<ele>1866</ele>
						<time>2025-05-14T11:40:26Z</time>
					</trkpt>
					<trkpt lat="45.907090" lon="6.548870">
						<ele>1859</ele>
						<time>2025-05-14T11:40:46Z</time>
					</trkpt>
					<trkpt lat="45.907460" lon="6.549030">
						<ele>1859</ele>
						<time>2025-05-14T11:41:05Z</time>
					</trkpt>
					<trkpt lat="45.907620" lon="6.548510">
						<ele>1845</ele>
						<time>2025-05-14T11:41:25Z</time>
					</trkpt>
					<trkpt lat="45.908650" lon="6.548490">
						<ele>1829</ele>
						<time>2025-05-14T11:42:17Z</time>
					</trkpt>
					<trkpt lat="45.908900" lon="6.547770">
						<ele>1831</ele>
						<time>2025-05-14T11:42:45Z</time>
					</trkpt>
					<trkpt lat="45.909520" lon="6.546740">
						<ele>1841</ele>
						<time>2025-05-14T11:43:32Z</time>
					</trkpt>
					<trkpt lat="45.909930" lon="6.546560">
						<ele>1847</ele>
						<time>2025-05-14T11:43:53Z</time>
					</trkpt>
					<trkpt lat="45.910260" lon="6.546120">
						<ele>1839</ele>
						<time>2025-05-14T11:44:16Z</time>
					</trkpt>
					<trkpt lat="45.910660" lon="6.544990">
						<ele>1823</ele>
						<time>2025-05-14T11:45:00Z</time>
					</trkpt>
					<trkpt lat="45.911330" lon="6.544280">
						<ele>1807</ele>
						<time>2025-05-14T11:45:42Z</time>
					</trkpt>
					<trkpt lat="45.911900" lon="6.543920">
						<ele>1801</ele>
						<time>2025-05-14T11:46:13Z</time>
					</trkpt>
					<trkpt lat="45.911530" lon="6.543310">
						<ele>1803</ele>
						<time>2025-05-14T11:46:41Z</time>
					</trkpt>
					<trkpt lat="45.911390" lon="6.542770">
						<ele>1802</ele>
						<time>2025-05-14T11:47:01Z</time>
					</trkpt>
					<trkpt lat="45.911090" lon="6.542550">
						<ele>1797</ele>
						<time>2025-05-14T11:47:18Z</time>
					</trkpt>
					<trkpt lat="45.910790" lon="6.542150">
						<ele>1789</ele>
						<time>2025-05-14T11:47:38Z</time>
					</trkpt>
					<trkpt lat="45.910540" lon="6.541970">
						<ele>1783</ele>
						<time>2025-05-14T11:47:52Z</time>
					</trkpt>
					<trkpt lat="45.910180" lon="6.541590">
						<ele>1768</ele>
						<time>2025-05-14T11:48:15Z</time>
					</trkpt>
					<trkpt lat="45.909850" lon="6.541490">
						<ele>1756</ele>
						<time>2025-05-14T11:48:32Z</time>
					</trkpt>
					<trkpt lat="45.909490" lon="6.541320">
						<ele>1743</ele>
						<time>2025-05-14T11:48:51Z</time>
					</trkpt>
					<trkpt lat="45.909130" lon="6.541090">
						<ele>1730</ele>
						<time>2025-05-14T11:49:10Z</time>
					</trkpt>
					<trkpt lat="45.909140" lon="6.540660">
						<ele>1719</ele>
						<time>2025-05-14T11:49:25Z</time>
					</trkpt>
					<trkpt lat="45.908890" lon="6.540370">
						<ele>1700</ele>
						<time>2025-05-14T11:49:41Z</time>
					</trkpt>
					<trkpt lat="45.909240" lon="6.539840">
						<ele>1693</ele>
						<time>2025-05-14T11:50:07Z</time>
					</trkpt>
					<trkpt lat="45.909070" lon="6.539810">
						<ele>1689</ele>
						<time>2025-05-14T11:50:15Z</time>
					</trkpt>
					<trkpt lat="45.909050" lon="6.539650">
						<ele>1684</ele>
						<time>2025-05-14T11:50:21Z</time>
					</trkpt>
					<trkpt lat="45.909140" lon="6.539560">
						<ele>1683</ele>
						<time>2025-05-14T11:50:27Z</time>
					</trkpt>
					<trkpt lat="45.909080" lon="6.539480">
						<ele>1680</ele>
						<time>2025-05-14T11:50:31Z</time>
					</trkpt>
					<trkpt lat="45.909160" lon="6.539320">
						<ele>1677</ele>
						<time>2025-05-14T11:50:38Z</time>
					</trkpt>
					<trkpt lat="45.909040" lon="6.539260">
						<ele>1673</ele>
						<time>2025-05-14T11:50:44Z</time>
					</trkpt>
					<trkpt lat="45.909100" lon="6.539100">
						<ele>1671</ele>
						<time>2025-05-14T11:50:50Z</time>
					</trkpt>
					<trkpt lat="45.909040" lon="6.538950">
						<ele>1670</ele>
						<time>2025-05-14T11:50:56Z</time>
					</trkpt>
					<trkpt lat="45.908930" lon="6.538940">
						<ele>1667</ele>
						<time>2025-05-14T11:51:02Z</time>
					</trkpt>
					<trkpt lat="45.908680" lon="6.538590">
						<ele>1658</ele>
						<time>2025-05-14T11:51:19Z</time>
					</trkpt>
					<trkpt lat="45.908430" lon="6.538540">
						<ele>1650</ele>
						<time>2025-05-14T11:51:32Z</time>
					</trkpt>
					<trkpt lat="45.908260" lon="6.538380">
						<ele>1643</ele>
						<time>2025-05-14T11:51:42Z</time>
					</trkpt>
					<trkpt lat="45.908230" lon="6.538150">
						<ele>1640</ele>
						<time>2025-05-14T11:51:50Z</time>
					</trkpt>
					<trkpt lat="45.908120" lon="6.538080">
						<ele>1636</ele>
						<time>2025-05-14T11:51:56Z</time>
					</trkpt>
					<trkpt lat="45.908020" lon="6.537950">
						<ele>1632</ele>
						<time>2025-05-14T11:52:03Z</time>
					</trkpt>
					<trkpt lat="45.907980" lon="6.537740">
						<ele>1629</ele>
						<time>2025-05-14T11:52:11Z</time>
					</trkpt>
					<trkpt lat="45.907740" lon="6.537560">
						<ele>1621</ele>
						<time>2025-05-14T11:52:24Z</time>
					</trkpt>
					<trkpt lat="45.907650" lon="6.537560">
						<ele>1618</ele>
						<time>2025-05-14T11:52:29Z</time>
					</trkpt>
					<trkpt lat="45.907570" lon="6.537500">
						<ele>1615</ele>
						<time>2025-05-14T11:52:33Z</time>
					</trkpt>
					<trkpt lat="45.907510" lon="6.537370">
						<ele>1613</ele>
						<time>2025-05-14T11:52:39Z</time>
					</trkpt>
					<trkpt lat="45.907600" lon="6.536990">
						<ele>1613</ele>
						<time>2025-05-14T11:52:53Z</time>
					</trkpt>
					<trkpt lat="45.907550" lon="6.536680">
						<ele>1610</ele>
						<time>2025-05-14T11:53:04Z</time>
					</trkpt>
					<trkpt lat="45.907490" lon="6.536570">
						<ele>1607</ele>
						<time>2025-05-14T11:53:08Z</time>
					</trkpt>
					<trkpt lat="45.907540" lon="6.536480">
						<ele>1609</ele>
						<time>2025-05-14T11:53:12Z</time>
					</trkpt>
					<trkpt lat="45.907430" lon="6.536200">
						<ele>1605</ele>
						<time>2025-05-14T11:53:24Z</time>
					</trkpt>
					<trkpt lat="45.907550" lon="6.535820">
						<ele>1606</ele>
						<time>2025-05-14T11:53:38Z</time>
					</trkpt>
					<trkpt lat="45.907380" lon="6.535440">
						<ele>1599</ele>
						<time>2025-05-14T11:53:54Z</time>
					</trkpt>
					<trkpt lat="45.907290" lon="6.534810">
						<ele>1590</ele>
						<time>2025-05-14T11:54:16Z</time>
					</trkpt>
					<trkpt lat="45.907330" lon="6.534110">
						<ele>1585</ele>
						<time>2025-05-14T11:54:41Z</time>
					</trkpt>
					<trkpt lat="45.907400" lon="6.533800">
						<ele>1584</ele>
						<time>2025-05-14T11:54:52Z</time>
					</trkpt>
					<trkpt lat="45.907400" lon="6.533430">
						<ele>1580</ele>
						<time>2025-05-14T11:55:05Z</time>
					</trkpt>
					<trkpt lat="45.907550" lon="6.532970">
						<ele>1579</ele>
						<time>2025-05-14T11:55:23Z</time>
					</trkpt>
					<trkpt lat="45.907610" lon="6.532380">
						<ele>1573</ele>
						<time>2025-05-14T11:55:43Z</time>
					</trkpt>
					<trkpt lat="45.907790" lon="6.532160">
						<ele>1574</ele>
						<time>2025-05-14T11:55:55Z</time>
					</trkpt>
					<trkpt lat="45.907800" lon="6.531920">
						<ele>1570</ele>
						<time>2025-05-14T11:56:04Z</time>
					</trkpt>
					<trkpt lat="45.907990" lon="6.531680">
						<ele>1571</ele>
						<time>2025-05-14T11:56:16Z</time>
					</trkpt>
					<trkpt lat="45.907990" lon="6.531200">
						<ele>1562</ele>
						<time>2025-05-14T11:56:33Z</time>
					</trkpt>
					<trkpt lat="45.908650" lon="6.530520">
						<ele>1568</ele>
						<time>2025-05-14T11:57:14Z</time>
					</trkpt>
					<trkpt lat="45.909180" lon="6.529580">
						<ele>1572</ele>
						<time>2025-05-14T11:57:56Z</time>
					</trkpt>
					<trkpt lat="45.908770" lon="6.529310">
						<ele>1563</ele>
						<time>2025-05-14T11:58:18Z</time>
					</trkpt>
					<trkpt lat="45.907020" lon="6.529340">
						<ele>1535</ele>
						<time>2025-05-14T11:59:46Z</time>
					</trkpt>
					<trkpt lat="45.906520" lon="6.528870">
						<ele>1535</ele>
						<time>2025-05-14T12:00:16Z</time>
					</trkpt>
					<trkpt lat="45.905970" lon="6.528950">
						<ele>1524</ele>
						<time>2025-05-14T12:00:43Z</time>
					</trkpt>
					<trkpt lat="45.905820" lon="6.528730">
						<ele>1522</ele>
						<time>2025-05-14T12:00:54Z</time>
					</trkpt>
					<trkpt lat="45.905790" lon="6.528240">
						<ele>1524</ele>
						<time>2025-05-14T12:01:11Z</time>
					</trkpt>
					<trkpt lat="45.905670" lon="6.527980">
						<ele>1525</ele>
						<time>2025-05-14T12:01:22Z</time>
					</trkpt>
					<trkpt lat="45.904910" lon="6.527310">
						<ele>1520</ele>
						<time>2025-05-14T12:02:07Z</time>
					</trkpt>
					<trkpt lat="45.904550" lon="6.526830">
						<ele>1525</ele>
						<time>2025-05-14T12:02:31Z</time>
					</trkpt>
					<trkpt lat="45.903840" lon="6.526490">
						<ele>1521</ele>
						<time>2025-05-14T12:03:09Z</time>
					</trkpt>
					<trkpt lat="45.903060" lon="6.526320">
						<ele>1514</ele>
						<time>2025-05-14T12:03:48Z</time>
					</trkpt>
					<trkpt lat="45.901930" lon="6.526010">
						<ele>1505</ele>
						<time>2025-05-14T12:04:46Z</time>
					</trkpt>
					<trkpt lat="45.901100" lon="6.525430">
						<ele>1505</ele>
						<time>2025-05-14T12:05:32Z</time>
					</trkpt>
					<trkpt lat="45.900970" lon="6.525120">
						<ele>1508</ele>
						<time>2025-05-14T12:05:45Z</time>
					</trkpt>
					<trkpt lat="45.900730" lon="6.525070">
						<ele>1506</ele>
						<time>2025-05-14T12:05:57Z</time>
					</trkpt>
					<trkpt lat="45.900560" lon="6.525390">
						<ele>1503</ele>
						<time>2025-05-14T12:06:11Z</time>
					</trkpt>
					<trkpt lat="45.899530" lon="6.524750">
						<ele>1511</ele>
						<time>2025-05-14T12:07:07Z</time>
					</trkpt>
					<trkpt lat="45.899350" lon="6.524610">
						<ele>1514</ele>
						<time>2025-05-14T12:07:17Z</time>
					</trkpt>
					<trkpt lat="45.898910" lon="6.525000">
						<ele>1508</ele>
						<time>2025-05-14T12:07:43Z</time>
					</trkpt>
					<trkpt lat="45.898710" lon="6.524210">
						<ele>1518</ele>
						<time>2025-05-14T12:08:12Z</time>
					</trkpt>
					<trkpt lat="45.898400" lon="6.523960">
						<ele>1524</ele>
						<time>2025-05-14T12:08:30Z</time>
					</trkpt>
					<trkpt lat="45.897950" lon="6.523790">
						<ele>1524</ele>
						<time>2025-05-14T12:08:53Z</time>
					</trkpt>
					<trkpt lat="45.897680" lon="6.523170">
						<ele>1536</ele>
						<time>2025-05-14T12:09:19Z</time>
					</trkpt>
					<trkpt lat="45.897320" lon="6.522550">
						<ele>1547</ele>
						<time>2025-05-14T12:09:47Z</time>
					</trkpt>
					<trkpt lat="45.897310" lon="6.522210">
						<ele>1556</ele>
						<time>2025-05-14T12:09:59Z</time>
					</trkpt>
					<trkpt lat="45.897090" lon="6.522210">
						<ele>1554</ele>
						<time>2025-05-14T12:10:10Z</time>
					</trkpt>
					<trkpt lat="45.896890" lon="6.522070">
						<ele>1556</ele>
						<time>2025-05-14T12:10:21Z</time>
					</trkpt>
					<trkpt lat="45.896650" lon="6.522020">
						<ele>1556</ele>
						<time>2025-05-14T12:10:33Z</time>
					</trkpt>
					<trkpt lat="45.896400" lon="6.522130">
						<ele>1557</ele>
						<time>2025-05-14T12:10:46Z</time>
					</trkpt>
					<trkpt lat="45.896280" lon="6.522270">
						<ele>1555</ele>
						<time>2025-05-14T12:10:54Z</time>
					</trkpt>
					<trkpt lat="45.895610" lon="6.522500">
						<ele>1563</ele>
						<time>2025-05-14T12:11:28Z</time>
					</trkpt>
					<trkpt lat="45.895270" lon="6.523000">
						<ele>1563</ele>
						<time>2025-05-14T12:11:53Z</time>
					</trkpt>
					<trkpt lat="45.895180" lon="6.523340">
						<ele>1559</ele>
						<time>2025-05-14T12:12:06Z</time>
					</trkpt>
					<trkpt lat="45.895070" lon="6.523480">
						<ele>1558</ele>
						<time>2025-05-14T12:12:13Z</time>
					</trkpt>
					<trkpt lat="45.894730" lon="6.523290">
						<ele>1557</ele>
						<time>2025-05-14T12:12:31Z</time>
					</trkpt>
					<trkpt lat="45.894460" lon="6.523030">
						<ele>1557</ele>
						<time>2025-05-14T12:12:47Z</time>
					</trkpt>
					<trkpt lat="45.894290" lon="6.522630">
						<ele>1563</ele>
						<time>2025-05-14T12:13:04Z</time>
					</trkpt>
					<trkpt lat="45.894260" lon="6.522330">
						<ele>1566</ele>
						<time>2025-05-14T12:13:14Z</time>
					</trkpt>
					<trkpt lat="45.894460" lon="6.521690">
						<ele>1572</ele>
						<time>2025-05-14T12:13:39Z</time>
					</trkpt>
					<trkpt lat="45.894560" lon="6.521200">
						<ele>1577</ele>
						<time>2025-05-14T12:13:56Z</time>
					</trkpt>
					<trkpt lat="45.894310" lon="6.520810">
						<ele>1572</ele>
						<time>2025-05-14T12:14:15Z</time>
					</trkpt>
					<trkpt lat="45.894030" lon="6.519980">
						<ele>1573</ele>
						<time>2025-05-14T12:14:47Z</time>
					</trkpt>
					<trkpt lat="45.893320" lon="6.519150">
						<ele>1565</ele>
						<time>2025-05-14T12:15:33Z</time>
					</trkpt>
					<trkpt lat="45.893110" lon="6.519030">
						<ele>1560</ele>
						<time>2025-05-14T12:15:44Z</time>
					</trkpt>
					<trkpt lat="45.893110" lon="6.518770">
						<ele>1562</ele>
						<time>2025-05-14T12:15:53Z</time>
					</trkpt>
					<trkpt lat="45.893330" lon="6.518580">
						<ele>1570</ele>
						<time>2025-05-14T12:16:06Z</time>
					</trkpt>
					<trkpt lat="45.893120" lon="6.518340">
						<ele>1565</ele>
						<time>2025-05-14T12:16:20Z</time>
					</trkpt>
					<trkpt lat="45.892940" lon="6.518190">
						<ele>1561</ele>
						<time>2025-05-14T12:16:30Z</time>
					</trkpt>
					<trkpt lat="45.892760" lon="6.518090">
						<ele>1557</ele>
						<time>2025-05-14T12:16:40Z</time>
					</trkpt>
					<trkpt lat="45.892780" lon="6.517420">
						<ele>1565</ele>
						<time>2025-05-14T12:17:03Z</time>
					</trkpt>
					<trkpt lat="45.892560" lon="6.517290">
						<ele>1560</ele>
						<time>2025-05-14T12:17:15Z</time>
					</trkpt>
					<trkpt lat="45.892180" lon="6.516540">
						<ele>1570</ele>
						<time>2025-05-14T12:17:47Z</time>
					</trkpt>
					<trkpt lat="45.891720" lon="6.516640">
						<ele>1568</ele>
						<time>2025-05-14T12:18:10Z</time>
					</trkpt>
					<trkpt lat="45.890860" lon="6.516980">
						<ele>1576</ele>
						<time>2025-05-14T12:18:55Z</time>
					</trkpt>
					<trkpt lat="45.889890" lon="6.517260">
						<ele>1582</ele>
						<time>2025-05-14T12:19:45Z</time>
					</trkpt>
					<trkpt lat="45.889450" lon="6.517330">
						<ele>1588</ele>
						<time>2025-05-14T12:20:07Z</time>
					</trkpt>
					<trkpt lat="45.889170" lon="6.517100">
						<ele>1597</ele>
						<time>2025-05-14T12:20:23Z</time>
					</trkpt>
					<trkpt lat="45.889040" lon="6.516910">
						<ele>1601</ele>
						<time>2025-05-14T12:20:32Z</time>
					</trkpt>
					<trkpt lat="45.888960" lon="6.517300">
						<ele>1597</ele>
						<time>2025-05-14T12:20:46Z</time>
					</trkpt>
					<trkpt lat="45.888960" lon="6.517540">
						<ele>1593</ele>
						<time>2025-05-14T12:20:55Z</time>
					</trkpt>
					<trkpt lat="45.888850" lon="6.517770">
						<ele>1590</ele>
						<time>2025-05-14T12:21:04Z</time>
					</trkpt>
					<trkpt lat="45.888720" lon="6.517950">
						<ele>1589</ele>
						<time>2025-05-14T12:21:13Z</time>
					</trkpt>
					<trkpt lat="45.888560" lon="6.517990">
						<ele>1592</ele>
						<time>2025-05-14T12:21:22Z</time>
					</trkpt>
					<trkpt lat="45.888450" lon="6.517950">
						<ele>1594</ele>
						<time>2025-05-14T12:21:27Z</time>
					</trkpt>
					<trkpt lat="45.888400" lon="6.517790">
						<ele>1597</ele>
						<time>2025-05-14T12:21:33Z</time>
					</trkpt>
					<trkpt lat="45.888570" lon="6.517540">
						<ele>1598</ele>
						<time>2025-05-14T12:21:46Z</time>
					</trkpt>
					<trkpt lat="45.888600" lon="6.517360">
						<ele>1601</ele>
						<time>2025-05-14T12:21:52Z</time>
					</trkpt>
					<trkpt lat="45.888160" lon="6.517410">
						<ele>1603</ele>
						<time>2025-05-14T12:22:14Z</time>
					</trkpt>
					<trkpt lat="45.888030" lon="6.517380">
						<ele>1604</ele>
						<time>2025-05-14T12:22:21Z</time>
					</trkpt>
					<trkpt lat="45.887720" lon="6.517140">
						<ele>1607</ele>
						<time>2025-05-14T12:22:38Z</time>
					</trkpt>
					<trkpt lat="45.887390" lon="6.516750">
						<ele>1612</ele>
						<time>2025-05-14T12:23:00Z</time>
					</trkpt>
					<trkpt lat="45.887280" lon="6.516570">
						<ele>1613</ele>
						<time>2025-05-14T12:23:08Z</time>
					</trkpt>
					<trkpt lat="45.887180" lon="6.516470">
						<ele>1613</ele>
						<time>2025-05-14T12:23:14Z</time>
					</trkpt>
					<trkpt lat="45.886990" lon="6.516210">
						<ele>1615</ele>
						<time>2025-05-14T12:23:27Z</time>
					</trkpt>
					<trkpt lat="45.886870" lon="6.515890">
						<ele>1618</ele>
						<time>2025-05-14T12:23:40Z</time>
					</trkpt>
					<trkpt lat="45.886710" lon="6.515680">
						<ele>1618</ele>
						<time>2025-05-14T12:23:51Z</time>
					</trkpt>
					<trkpt lat="45.886580" lon="6.515400">
						<ele>1618</ele>
						<time>2025-05-14T12:24:02Z</time>
					</trkpt>
					<trkpt lat="45.886480" lon="6.515060">
						<ele>1620</ele>
						<time>2025-05-14T12:24:15Z</time>
					</trkpt>
					<trkpt lat="45.886510" lon="6.514760">
						<ele>1624</ele>
						<time>2025-05-14T12:24:26Z</time>
					</trkpt>
					<trkpt lat="45.886490" lon="6.514580">
						<ele>1626</ele>
						<time>2025-05-14T12:24:32Z</time>
					</trkpt>
					<trkpt lat="45.886270" lon="6.514640">
						<ele>1621</ele>
						<time>2025-05-14T12:24:43Z</time>
					</trkpt>
					<trkpt lat="45.886090" lon="6.514600">
						<ele>1619</ele>
						<time>2025-05-14T12:24:53Z</time>
					</trkpt>
					<trkpt lat="45.885730" lon="6.514200">
						<ele>1618</ele>
						<time>2025-05-14T12:25:15Z</time>
					</trkpt>
					<trkpt lat="45.885400" lon="6.513600">
						<ele>1617</ele>
						<time>2025-05-14T12:25:42Z</time>
					</trkpt>
					<trkpt lat="45.885150" lon="6.513340">
						<ele>1615</ele>
						<time>2025-05-14T12:25:57Z</time>
					</trkpt>
					<trkpt lat="45.884850" lon="6.512810">
						<ele>1616</ele>
						<time>2025-05-14T12:26:21Z</time>
					</trkpt>
					<trkpt lat="45.884580" lon="6.512480">
						<ele>1618</ele>
						<time>2025-05-14T12:26:39Z</time>
					</trkpt>
					<trkpt lat="45.884460" lon="6.512280">
						<ele>1622</ele>
						<time>2025-05-14T12:26:48Z</time>
					</trkpt>
					<trkpt lat="45.884330" lon="6.512180">
						<ele>1624</ele>
						<time>2025-05-14T12:26:56Z</time>
					</trkpt>
					<trkpt lat="45.884010" lon="6.512300">
						<ele>1621</ele>
						<time>2025-05-14T12:27:12Z</time>
					</trkpt>
					<trkpt lat="45.883910" lon="6.512460">
						<ele>1618</ele>
						<time>2025-05-14T12:27:20Z</time>
					</trkpt>
					<trkpt lat="45.883880" lon="6.512640">
						<ele>1616</ele>
						<time>2025-05-14T12:27:26Z</time>
					</trkpt>
					<trkpt lat="45.883800" lon="6.512740">
						<ele>1615</ele>
						<time>2025-05-14T12:27:31Z</time>
					</trkpt>
					<trkpt lat="45.883110" lon="6.512740">
						<ele>1614</ele>
						<time>2025-05-14T12:28:06Z</time>
					</trkpt>
					<trkpt lat="45.882780" lon="6.512480">
						<ele>1614</ele>
						<time>2025-05-14T12:28:25Z</time>
					</trkpt>
					<trkpt lat="45.882600" lon="6.512260">
						<ele>1614</ele>
						<time>2025-05-14T12:28:36Z</time>
					</trkpt>
					<trkpt lat="45.882440" lon="6.512010">
						<ele>1614</ele>
						<time>2025-05-14T12:28:48Z</time>
					</trkpt>
					<trkpt lat="45.882240" lon="6.511850">
						<ele>1613</ele>
						<time>2025-05-14T12:29:00Z</time>
					</trkpt>
					<trkpt lat="45.881990" lon="6.511750">
						<ele>1610</ele>
						<time>2025-05-14T12:29:13Z</time>
					</trkpt>
					<trkpt lat="45.881740" lon="6.511490">
						<ele>1609</ele>
						<time>2025-05-14T12:29:28Z</time>
					</trkpt>
					<trkpt lat="45.881590" lon="6.511490">
						<ele>1607</ele>
						<time>2025-05-14T12:29:36Z</time>
					</trkpt>
					<trkpt lat="45.881310" lon="6.511020">
						<ele>1607</ele>
						<time>2025-05-14T12:29:57Z</time>
					</trkpt>
					<trkpt lat="45.881130" lon="6.509980">
						<ele>1606</ele>
						<time>2025-05-14T12:30:35Z</time>
					</trkpt>
					<trkpt lat="45.881110" lon="6.509410">
						<ele>1606</ele>
						<time>2025-05-14T12:30:54Z</time>
					</trkpt>
					<trkpt lat="45.881040" lon="6.509260">
						<ele>1605</ele>
						<time>2025-05-14T12:31:01Z</time>
					</trkpt>
					<trkpt lat="45.880890" lon="6.509180">
						<ele>1602</ele>
						<time>2025-05-14T12:31:09Z</time>
					</trkpt>
					<trkpt lat="45.880790" lon="6.509190">
						<ele>1600</ele>
						<time>2025-05-14T12:31:14Z</time>
					</trkpt>
					<trkpt lat="45.880640" lon="6.508770">
						<ele>1597</ele>
						<time>2025-05-14T12:31:30Z</time>
					</trkpt>
					<trkpt lat="45.880480" lon="6.508640">
						<ele>1593</ele>
						<time>2025-05-14T12:31:39Z</time>
					</trkpt>
					<trkpt lat="45.880450" lon="6.508550">
						<ele>1592</ele>
						<time>2025-05-14T12:31:43Z</time>
					</trkpt>
					<trkpt lat="45.880430" lon="6.508290">
						<ele>1592</ele>
						<time>2025-05-14T12:31:52Z</time>
					</trkpt>
					<trkpt lat="45.880240" lon="6.507880">
						<ele>1592</ele>
						<time>2025-05-14T12:32:09Z</time>
					</trkpt>
					<trkpt lat="45.880180" lon="6.507660">
						<ele>1592</ele>
						<time>2025-05-14T12:32:17Z</time>
					</trkpt>
					<trkpt lat="45.880000" lon="6.507310">
						<ele>1591</ele>
						<time>2025-05-14T12:32:33Z</time>
					</trkpt>
					<trkpt lat="45.879620" lon="6.507180">
						<ele>1584</ele>
						<time>2025-05-14T12:32:52Z</time>
					</trkpt>
					<trkpt lat="45.879250" lon="6.507190">
						<ele>1575</ele>
						<time>2025-05-14T12:33:11Z</time>
					</trkpt>
					<trkpt lat="45.878560" lon="6.507330">
						<ele>1559</ele>
						<time>2025-05-14T12:33:46Z</time>
					</trkpt>
					<trkpt lat="45.878370" lon="6.507080">
						<ele>1558</ele>
						<time>2025-05-14T12:33:58Z</time>
					</trkpt>
					<trkpt lat="45.878190" lon="6.506560">
						<ele>1561</ele>
						<time>2025-05-14T12:34:19Z</time>
					</trkpt>
					<trkpt lat="45.877940" lon="6.506370">
						<ele>1557</ele>
						<time>2025-05-14T12:34:33Z</time>
					</trkpt>
					<trkpt lat="45.877750" lon="6.506360">
						<ele>1553</ele>
						<time>2025-05-14T12:34:42Z</time>
					</trkpt>
					<trkpt lat="45.877360" lon="6.506040">
						<ele>1547</ele>
						<time>2025-05-14T12:35:05Z</time>
					</trkpt>
					<trkpt lat="45.877070" lon="6.505600">
						<ele>1545</ele>
						<time>2025-05-14T12:35:26Z</time>
					</trkpt>
					<trkpt lat="45.876980" lon="6.506020">
						<ele>1540</ele>
						<time>2025-05-14T12:35:41Z</time>
					</trkpt>
					<trkpt lat="45.876850" lon="6.505780">
						<ele>1540</ele>
						<time>2025-05-14T12:35:52Z</time>
					</trkpt>
					<trkpt lat="45.876740" lon="6.505480">
						<ele>1539</ele>
						<time>2025-05-14T12:36:04Z</time>
					</trkpt>
					<trkpt lat="45.876750" lon="6.505240">
						<ele>1541</ele>
						<time>2025-05-14T12:36:12Z</time>
					</trkpt>
					<trkpt lat="45.876210" lon="6.504430">
						<ele>1527</ele>
						<time>2025-05-14T12:36:51Z</time>
					</trkpt>
					<trkpt lat="45.876000" lon="6.504270">
						<ele>1523</ele>
						<time>2025-05-14T12:37:03Z</time>
					</trkpt>
					<trkpt lat="45.875350" lon="6.504240">
						<ele>1513</ele>
						<time>2025-05-14T12:37:36Z</time>
					</trkpt>
					<trkpt lat="45.874560" lon="6.503980">
						<ele>1492</ele>
						<time>2025-05-14T12:38:16Z</time>
					</trkpt>
					<trkpt lat="45.873520" lon="6.504210">
						<ele>1476</ele>
						<time>2025-05-14T12:39:09Z</time>
					</trkpt>
					<trkpt lat="45.873460" lon="6.504570">
						<ele>1474</ele>
						<time>2025-05-14T12:39:22Z</time>
					</trkpt>
					<trkpt lat="45.873520" lon="6.505180">
						<ele>1472</ele>
						<time>2025-05-14T12:39:43Z</time>
					</trkpt>
					<trkpt lat="45.873490" lon="6.505760">
						<ele>1464</ele>
						<time>2025-05-14T12:40:03Z</time>
					</trkpt>
					<trkpt lat="45.873540" lon="6.506320">
						<ele>1455</ele>
						<time>2025-05-14T12:40:23Z</time>
					</trkpt>
					<trkpt lat="45.873370" lon="6.507040">
						<ele>1442</ele>
						<time>2025-05-14T12:40:50Z</time>
					</trkpt>
					<trkpt lat="45.873250" lon="6.507300">
						<ele>1435</ele>
						<time>2025-05-14T12:41:00Z</time>
					</trkpt>
					<trkpt lat="45.872810" lon="6.507490">
						<ele>1421</ele>
						<time>2025-05-14T12:41:23Z</time>
					</trkpt>
					<trkpt lat="45.872720" lon="6.507600">
						<ele>1416</ele>
						<time>2025-05-14T12:41:29Z</time>
					</trkpt>
					<trkpt lat="45.872690" lon="6.507810">
						<ele>1408</ele>
						<time>2025-05-14T12:41:37Z</time>
					</trkpt>
					<trkpt lat="45.872790" lon="6.508170">
						<ele>1400</ele>
						<time>2025-05-14T12:41:50Z</time>
					</trkpt>
					<trkpt lat="45.872820" lon="6.508530">
						<ele>1389</ele>
						<time>2025-05-14T12:42:03Z</time>
					</trkpt>
					<trkpt lat="45.872710" lon="6.508620">
						<ele>1383</ele>
						<time>2025-05-14T12:42:09Z</time>
					</trkpt>
					<trkpt lat="45.872490" lon="6.508580">
						<ele>1378</ele>
						<time>2025-05-14T12:42:20Z</time>
					</trkpt>
					<trkpt lat="45.872180" lon="6.508160">
						<ele>1375</ele>
						<time>2025-05-14T12:42:42Z</time>
					</trkpt>
					<trkpt lat="45.871840" lon="6.507850">
						<ele>1365</ele>
						<time>2025-05-14T12:43:02Z</time>
					</trkpt>
					<trkpt lat="45.871470" lon="6.507610">
						<ele>1353</ele>
						<time>2025-05-14T12:43:22Z</time>
					</trkpt>
					<trkpt lat="45.871160" lon="6.507270">
						<ele>1344</ele>
						<time>2025-05-14T12:43:42Z</time>
					</trkpt>
					<trkpt lat="45.870880" lon="6.506760">
						<ele>1335</ele>
						<time>2025-05-14T12:44:04Z</time>
					</trkpt>
					<trkpt lat="45.870610" lon="6.506530">
						<ele>1326</ele>
						<time>2025-05-14T12:44:20Z</time>
					</trkpt>
					<trkpt lat="45.870480" lon="6.506040">
						<ele>1329</ele>
						<time>2025-05-14T12:44:38Z</time>
					</trkpt>
					<trkpt lat="45.870190" lon="6.505750">
						<ele>1320</ele>
						<time>2025-05-14T12:44:56Z</time>
					</trkpt>
					<trkpt lat="45.870000" lon="6.505870">
						<ele>1308</ele>
						<time>2025-05-14T12:45:06Z</time>
					</trkpt>
					<trkpt lat="45.869910" lon="6.505990">
						<ele>1303</ele>
						<time>2025-05-14T12:45:12Z</time>
					</trkpt>
					<trkpt lat="45.870050" lon="6.506130">
						<ele>1307</ele>
						<time>2025-05-14T12:45:21Z</time>
					</trkpt>
					<trkpt lat="45.870150" lon="6.506840">
						<ele>1300</ele>
						<time>2025-05-14T12:45:46Z</time>
					</trkpt>
					<trkpt lat="45.870180" lon="6.507260">
						<ele>1293</ele>
						<time>2025-05-14T12:46:01Z</time>
					</trkpt>
					<trkpt lat="45.870420" lon="6.507870">
						<ele>1293</ele>
						<time>2025-05-14T12:46:25Z</time>
					</trkpt>
					<trkpt lat="45.870440" lon="6.508170">
						<ele>1287</ele>
						<time>2025-05-14T12:46:36Z</time>
					</trkpt>
					<trkpt lat="45.870530" lon="6.508490">
						<ele>1285</ele>
						<time>2025-05-14T12:46:48Z</time>
					</trkpt>
					<trkpt lat="45.870350" lon="6.508350">
						<ele>1278</ele>
						<time>2025-05-14T12:46:58Z</time>
					</trkpt>
					<trkpt lat="45.870140" lon="6.508250">
						<ele>1268</ele>
						<time>2025-05-14T12:47:09Z</time>
					</trkpt>
					<trkpt lat="45.870060" lon="6.508290">
						<ele>1263</ele>
						<time>2025-05-14T12:47:13Z</time>
					</trkpt>
					<trkpt lat="45.870040" lon="6.508440">
						<ele>1258</ele>
						<time>2025-05-14T12:47:19Z</time>
					</trkpt>
					<trkpt lat="45.870240" lon="6.508910">
						<ele>1258</ele>
						<time>2025-05-14T12:47:38Z</time>
					</trkpt>
					<trkpt lat="45.870150" lon="6.509230">
						<ele>1245</ele>
						<time>2025-05-14T12:47:50Z</time>
					</trkpt>
					<trkpt lat="45.870400" lon="6.509970">
						<ele>1244</ele>
						<time>2025-05-14T12:48:19Z</time>
					</trkpt>
					<trkpt lat="45.870810" lon="6.510670">
						<ele>1237</ele>
						<time>2025-05-14T12:48:51Z</time>
					</trkpt>
					<trkpt lat="45.871630" lon="6.511600">
						<ele>1237</ele>
						<time>2025-05-14T12:49:43Z</time>
					</trkpt>
					<trkpt lat="45.872050" lon="6.512930">
						<ele>1222</ele>
						<time>2025-05-14T12:50:34Z</time>
					</trkpt>
					<trkpt lat="45.872240" lon="6.513250">
						<ele>1223</ele>
						<time>2025-05-14T12:50:48Z</time>
					</trkpt>
					<trkpt lat="45.872570" lon="6.513230">
						<ele>1236</ele>
						<time>2025-05-14T12:51:05Z</time>
					</trkpt>
					<trkpt lat="45.872740" lon="6.513340">
						<ele>1242</ele>
						<time>2025-05-14T12:51:14Z</time>
					</trkpt>
					<trkpt lat="45.872760" lon="6.513480">
						<ele>1239</ele>
						<time>2025-05-14T12:51:19Z</time>
					</trkpt>
					<trkpt lat="45.872610" lon="6.513930">
						<ele>1223</ele>
						<time>2025-05-14T12:51:37Z</time>
					</trkpt>
					<trkpt lat="45.872650" lon="6.514140">
						<ele>1220</ele>
						<time>2025-05-14T12:51:44Z</time>
					</trkpt>
					<trkpt lat="45.873550" lon="6.515280">
						<ele>1227</ele>
						<time>2025-05-14T12:52:44Z</time>
					</trkpt>
					<trkpt lat="45.873850" lon="6.516010">
						<ele>1227</ele>
						<time>2025-05-14T12:53:14Z</time>
					</trkpt>
					<trkpt lat="45.874450" lon="6.517070">
						<ele>1229</ele>
						<time>2025-05-14T12:54:01Z</time>
					</trkpt>
					<trkpt lat="45.874930" lon="6.517720">
						<ele>1232</ele>
						<time>2025-05-14T12:54:34Z</time>
					</trkpt>
					<trkpt lat="45.875260" lon="6.518530">
						<ele>1230</ele>
						<time>2025-05-14T12:55:07Z</time>
					</trkpt>
					<trkpt lat="45.875590" lon="6.518820">
						<ele>1242</ele>
						<time>2025-05-14T12:55:26Z</time>
					</trkpt>
					<trkpt lat="45.875870" lon="6.519670">
						<ele>1241</ele>
						<time>2025-05-14T12:55:59Z</time>
					</trkpt>
					<trkpt lat="45.876200" lon="6.520470">
						<ele>1236</ele>
						<time>2025-05-14T12:56:32Z</time>
					</trkpt>
					<trkpt lat="45.876720" lon="6.521000">
						<ele>1240</ele>
						<time>2025-05-14T12:57:03Z</time>
					</trkpt>
					<trkpt lat="45.877060" lon="6.521520">
						<ele>1232</ele>
						<time>2025-05-14T12:57:28Z</time>
					</trkpt>
					<trkpt lat="45.879380" lon="6.524020">
						<ele>1228</ele>
						<time>2025-05-14T12:59:53Z</time>
					</trkpt>
					<trkpt lat="45.879590" lon="6.524690">
						<ele>1226</ele>
						<time>2025-05-14T13:00:19Z</time>
					</trkpt>
					<trkpt lat="45.879610" lon="6.525460">
						<ele>1227</ele>
						<time>2025-05-14T13:00:46Z</time>
					</trkpt>
					<trkpt lat="45.879710" lon="6.526240">
						<ele>1229</ele>
						<time>2025-05-14T13:01:14Z</time>
					</trkpt>
					<trkpt lat="45.880070" lon="6.526510">
						<ele>1235</ele>
						<time>2025-05-14T13:01:34Z</time>
					</trkpt>
					<trkpt lat="45.880610" lon="6.526080">
						<ele>1243</ele>
						<time>2025-05-14T13:02:05Z</time>
					</trkpt>
					<trkpt lat="45.880870" lon="6.526150">
						<ele>1250</ele>
						<time>2025-05-14T13:02:18Z</time>
					</trkpt>
					<trkpt lat="45.880540" lon="6.526640">
						<ele>1251</ele>
						<time>2025-05-14T13:02:42Z</time>
					</trkpt>
					<trkpt lat="45.880300" lon="6.527210">
						<ele>1257</ele>
						<time>2025-05-14T13:03:05Z</time>
					</trkpt>
					<trkpt lat="45.879870" lon="6.528750">
						<ele>1263</ele>
						<time>2025-05-14T13:04:03Z</time>
					</trkpt>
					<trkpt lat="45.879460" lon="6.529430">
						<ele>1267</ele>
						<time>2025-05-14T13:04:34Z</time>
					</trkpt>
					<trkpt lat="45.879320" lon="6.530430">
						<ele>1276</ele>
						<time>2025-05-14T13:05:10Z</time>
					</trkpt>
					<trkpt lat="45.879630" lon="6.531110">
						<ele>1286</ele>
						<time>2025-05-14T13:05:38Z</time>
					</trkpt>
					<trkpt lat="45.879820" lon="6.530750">
						<ele>1288</ele>
						<time>2025-05-14T13:05:54Z</time>
					</trkpt>
					<trkpt lat="45.880110" lon="6.530390">
						<ele>1293</ele>
						<time>2025-05-14T13:06:13Z</time>
					</trkpt>
					<trkpt lat="45.880210" lon="6.531150">
						<ele>1303</ele>
						<time>2025-05-14T13:06:40Z</time>
					</trkpt>
					<trkpt lat="45.880590" lon="6.531940">
						<ele>1322</ele>
						<time>2025-05-14T13:07:13Z</time>
					</trkpt>
					<trkpt lat="45.880620" lon="6.531400">
						<ele>1325</ele>
						<time>2025-05-14T13:07:32Z</time>
					</trkpt>
					<trkpt lat="45.881300" lon="6.532410">
						<ele>1355</ele>
						<time>2025-05-14T13:08:21Z</time>
					</trkpt>
					<trkpt lat="45.881550" lon="6.532880">
						<ele>1362</ele>
						<time>2025-05-14T13:08:42Z</time>
					</trkpt>
					<trkpt lat="45.881990" lon="6.533220">
						<ele>1377</ele>
						<time>2025-05-14T13:09:07Z</time>
					</trkpt>
					<trkpt lat="45.882160" lon="6.532790">
						<ele>1392</ele>
						<time>2025-05-14T13:09:24Z</time>
					</trkpt>
					<trkpt lat="45.882530" lon="6.533400">
						<ele>1397</ele>
						<time>2025-05-14T13:09:52Z</time>
					</trkpt>
					<trkpt lat="45.882830" lon="6.533510">
						<ele>1409</ele>
						<time>2025-05-14T13:10:08Z</time>
					</trkpt>
					<trkpt lat="45.882750" lon="6.533110">
						<ele>1413</ele>
						<time>2025-05-14T13:10:22Z</time>
					</trkpt>
					<trkpt lat="45.882580" lon="6.532700">
						<ele>1414</ele>
						<time>2025-05-14T13:10:39Z</time>
					</trkpt>
					<trkpt lat="45.882620" lon="6.531560">
						<ele>1436</ele>
						<time>2025-05-14T13:11:18Z</time>
					</trkpt>
					<trkpt lat="45.882610" lon="6.531200">
						<ele>1442</ele>
						<time>2025-05-14T13:11:31Z</time>
					</trkpt>
					<trkpt lat="45.882510" lon="6.530680">
						<ele>1445</ele>
						<time>2025-05-14T13:11:50Z</time>
					</trkpt>
					<trkpt lat="45.882710" lon="6.530910">
						<ele>1452</ele>
						<time>2025-05-14T13:12:03Z</time>
					</trkpt>
					<trkpt lat="45.882770" lon="6.530250">
						<ele>1459</ele>
						<time>2025-05-14T13:12:26Z</time>
					</trkpt>
					<trkpt lat="45.882830" lon="6.530040">
						<ele>1462</ele>
						<time>2025-05-14T13:12:34Z</time>
					</trkpt>
					<trkpt lat="45.883070" lon="6.530080">
						<ele>1471</ele>
						<time>2025-05-14T13:12:46Z</time>
					</trkpt>
					<trkpt lat="45.883070" lon="6.530440">
						<ele>1471</ele>
						<time>2025-05-14T13:12:58Z</time>
					</trkpt>
					<trkpt lat="45.883820" lon="6.531470">
						<ele>1496</ele>
						<time>2025-05-14T13:13:50Z</time>
					</trkpt>
					<trkpt lat="45.884260" lon="6.531630">
						<ele>1513</ele>
						<time>2025-05-14T13:14:13Z</time>
					</trkpt>
					<trkpt lat="45.884830" lon="6.532320">
						<ele>1529</ele>
						<time>2025-05-14T13:14:50Z</time>
					</trkpt>
					<trkpt lat="45.884940" lon="6.532650">
						<ele>1536</ele>
						<time>2025-05-14T13:15:03Z</time>
					</trkpt>
					<trkpt lat="45.885420" lon="6.532680">
						<ele>1546</ele>
						<time>2025-05-14T13:15:27Z</time>
					</trkpt>
					<trkpt lat="45.885200" lon="6.532970">
						<ele>1546</ele>
						<time>2025-05-14T13:15:42Z</time>
					</trkpt>
					<trkpt lat="45.885790" lon="6.533080">
						<ele>1568</ele>
						<time>2025-05-14T13:16:12Z</time>
					</trkpt>
					<trkpt lat="45.885840" lon="6.533620">
						<ele>1582</ele>
						<time>2025-05-14T13:16:31Z</time>
					</trkpt>
					<trkpt lat="45.886040" lon="6.533850">
						<ele>1586</ele>
						<time>2025-05-14T13:16:44Z</time>
					</trkpt>
					<trkpt lat="45.886330" lon="6.534090">
						<ele>1597</ele>
						<time>2025-05-14T13:17:00Z</time>
					</trkpt>
					<trkpt lat="45.886310" lon="6.534200">
						<ele>1600</ele>
						<time>2025-05-14T13:17:04Z</time>
					</trkpt>
					<trkpt lat="45.886770" lon="6.534330">
						<ele>1617</ele>
						<time>2025-05-14T13:17:28Z</time>
					</trkpt>
					<trkpt lat="45.886730" lon="6.534700">
						<ele>1629</ele>
						<time>2025-05-14T13:17:41Z</time>
					</trkpt>
					<trkpt lat="45.887090" lon="6.534720">
						<ele>1640</ele>
						<time>2025-05-14T13:17:59Z</time>
					</trkpt>
					<trkpt lat="45.887120" lon="6.534960">
						<ele>1650</ele>
						<time>2025-05-14T13:18:07Z</time>
					</trkpt>
					<trkpt lat="45.887200" lon="6.535040">
						<ele>1655</ele>
						<time>2025-05-14T13:18:12Z</time>
					</trkpt>
					<trkpt lat="45.887320" lon="6.535330">
						<ele>1666</ele>
						<time>2025-05-14T13:18:24Z</time>
					</trkpt>
					<trkpt lat="45.887380" lon="6.535620">
						<ele>1675</ele>
						<time>2025-05-14T13:18:35Z</time>
					</trkpt>
					<trkpt lat="45.887580" lon="6.535850">
						<ele>1686</ele>
						<time>2025-05-14T13:18:47Z</time>
					</trkpt>
					<trkpt lat="45.887700" lon="6.536270">
						<ele>1688</ele>
						<time>2025-05-14T13:19:03Z</time>
					</trkpt>
					<trkpt lat="45.888040" lon="6.536540">
						<ele>1697</ele>
						<time>2025-05-14T13:19:23Z</time>
					</trkpt>
					<trkpt lat="45.888040" lon="6.536880">
						<ele>1700</ele>
						<time>2025-05-14T13:19:34Z</time>
					</trkpt>
					<trkpt lat="45.888250" lon="6.537230">
						<ele>1711</ele>
						<time>2025-05-14T13:19:51Z</time>
					</trkpt>
					<trkpt lat="45.888380" lon="6.537260">
						<ele>1716</ele>
						<time>2025-05-14T13:19:57Z</time>
					</trkpt>
					<trkpt lat="45.888490" lon="6.537560">
						<ele>1722</ele>
						<time>2025-05-14T13:20:09Z</time>
					</trkpt>
					<trkpt lat="45.889300" lon="6.537680">
						<ele>1738</ele>
						<time>2025-05-14T13:20:50Z</time>
					</trkpt>
					<trkpt lat="45.889530" lon="6.538100">
						<ele>1744</ele>
						<time>2025-05-14T13:21:08Z</time>
					</trkpt>
					<trkpt lat="45.889630" lon="6.538710">
						<ele>1746</ele>
						<time>2025-05-14T13:21:30Z</time>
					</trkpt>
					<trkpt lat="45.889590" lon="6.538990">
						<ele>1746</ele>
						<time>2025-05-14T13:21:40Z</time>
					</trkpt>
					<trkpt lat="45.889820" lon="6.539710">
						<ele>1753</ele>
						<time>2025-05-14T13:22:08Z</time>
					</trkpt>
					<trkpt lat="45.890000" lon="6.539990">
						<ele>1765</ele>
						<time>2025-05-14T13:22:21Z</time>
					</trkpt>
					<trkpt lat="45.890010" lon="6.540230">
						<ele>1766</ele>
						<time>2025-05-14T13:22:29Z</time>
					</trkpt>
					<trkpt lat="45.890090" lon="6.540320">
						<ele>1767</ele>
						<time>2025-05-14T13:22:34Z</time>
					</trkpt>
					<trkpt lat="45.890180" lon="6.540220">
						<ele>1768</ele>
						<time>2025-05-14T13:22:40Z</time>
					</trkpt>
					<trkpt lat="45.890260" lon="6.540410">
						<ele>1771</ele>
						<time>2025-05-14T13:22:48Z</time>
					</trkpt>
					<trkpt lat="45.890340" lon="6.540320">
						<ele>1772</ele>
						<time>2025-05-14T13:22:53Z</time>
					</trkpt>
					<trkpt lat="45.890450" lon="6.540460">
						<ele>1776</ele>
						<time>2025-05-14T13:23:00Z</time>
					</trkpt>
					<trkpt lat="45.890470" lon="6.540580">
						<ele>1779</ele>
						<time>2025-05-14T13:23:05Z</time>
					</trkpt>
					<trkpt lat="45.890570" lon="6.540440">
						<ele>1779</ele>
						<time>2025-05-14T13:23:12Z</time>
					</trkpt>
					<trkpt lat="45.890590" lon="6.540590">
						<ele>1782</ele>
						<time>2025-05-14T13:23:17Z</time>
					</trkpt>
					<trkpt lat="45.890760" lon="6.540550">
						<ele>1786</ele>
						<time>2025-05-14T13:23:25Z</time>
					</trkpt>
					<trkpt lat="45.890870" lon="6.540930">
						<ele>1798</ele>
						<time>2025-05-14T13:23:40Z</time>
					</trkpt>
					<trkpt lat="45.891790" lon="6.542230">
						<ele>1838</ele>
						<time>2025-05-14T13:24:44Z</time>
					</trkpt>
					<trkpt lat="45.892180" lon="6.543230">
						<ele>1866</ele>
						<time>2025-05-14T13:25:24Z</time>
					</trkpt>
					<trkpt lat="45.892250" lon="6.543300">
						<ele>1871</ele>
						<time>2025-05-14T13:25:29Z</time>
					</trkpt>
					<trkpt lat="45.892290" lon="6.543460">
						<ele>1879</ele>
						<time>2025-05-14T13:25:35Z</time>
					</trkpt>
					<trkpt lat="45.892340" lon="6.543510">
						<ele>1883</ele>
						<time>2025-05-14T13:25:38Z</time>
					</trkpt>
					<trkpt lat="45.892410" lon="6.543780">
						<ele>1899</ele>
						<time>2025-05-14T13:25:48Z</time>
					</trkpt>
					<trkpt lat="45.892510" lon="6.544020">
						<ele>1915</ele>
						<time>2025-05-14T13:25:57Z</time>
					</trkpt>
					<trkpt lat="45.893120" lon="6.545040">
						<ele>1958</ele>
						<time>2025-05-14T13:26:44Z</time>
					</trkpt>
					<trkpt lat="45.893680" lon="6.545740">
						<ele>1990</ele>
						<time>2025-05-14T13:27:21Z</time>
					</trkpt>
					<trkpt lat="45.893960" lon="6.546140">
						<ele>2011</ele>
						<time>2025-05-14T13:27:41Z</time>
					</trkpt>
					<trkpt lat="45.894230" lon="6.546340">
						<ele>2028</ele>
						<time>2025-05-14T13:27:56Z</time>
					</trkpt>
					<trkpt lat="45.894280" lon="6.546490">
						<ele>2034</ele>
						<time>2025-05-14T13:28:02Z</time>
					</trkpt>
					<trkpt lat="45.894720" lon="6.547110">
						<ele>2064</ele>
						<time>2025-05-14T13:28:33Z</time>
					</trkpt>
					<trkpt lat="45.894900" lon="6.547250">
						<ele>2076</ele>
						<time>2025-05-14T13:28:43Z</time>
					</trkpt>
					<trkpt lat="45.894930" lon="6.547370">
						<ele>2083</ele>
						<time>2025-05-14T13:28:48Z</time>
					</trkpt>
					<trkpt lat="45.894990" lon="6.547360">
						<ele>2085</ele>
						<time>2025-05-14T13:28:51Z</time>
					</trkpt>
					<trkpt lat="45.895020" lon="6.547470">
						<ele>2091</ele>
						<time>2025-05-14T13:28:55Z</time>
					</trkpt>
					<trkpt lat="45.895130" lon="6.547490">
						<ele>2091</ele>
						<time>2025-05-14T13:29:00Z</time>
					</trkpt>
					<trkpt lat="45.895340" lon="6.548110">
						<ele>2116</ele>
						<time>2025-05-14T13:29:24Z</time>
					</trkpt>
					<trkpt lat="45.895550" lon="6.548530">
						<ele>2136</ele>
						<time>2025-05-14T13:29:42Z</time>
					</trkpt>
					<trkpt lat="45.895890" lon="6.549310">
						<ele>2165</ele>
						<time>2025-05-14T13:30:14Z</time>
					</trkpt>
					<trkpt lat="45.896120" lon="6.549660">
						<ele>2165</ele>
						<time>2025-05-14T13:30:31Z</time>
					</trkpt>
					<trkpt lat="45.896690" lon="6.550140">
						<ele>2180</ele>
						<time>2025-05-14T13:31:04Z</time>
					</trkpt>
					<trkpt lat="45.897190" lon="6.550880">
						<ele>2183</ele>
						<time>2025-05-14T13:31:40Z</time>
					</trkpt>
					<trkpt lat="45.897570" lon="6.551380">
						<ele>2196</ele>
						<time>2025-05-14T13:32:06Z</time>
					</trkpt>
					<trkpt lat="45.898080" lon="6.551990">
						<ele>2204</ele>
						<time>2025-05-14T13:32:39Z</time>
					</trkpt>
					<trkpt lat="45.898440" lon="6.552220">
						<ele>2208</ele>
						<time>2025-05-14T13:32:59Z</time>
					</trkpt>
					<trkpt lat="45.898640" lon="6.552320">
						<ele>2207</ele>
						<time>2025-05-14T13:33:09Z</time>
					</trkpt>
					<trkpt lat="45.898670" lon="6.552480">
						<ele>2212</ele>
						<time>2025-05-14T13:33:15Z</time>
					</trkpt>
					<trkpt lat="45.898670" lon="6.552660">
						<ele>2208</ele>
						<time>2025-05-14T13:33:21Z</time>
					</trkpt>
					<trkpt lat="45.898440" lon="6.552790">
						<ele>2205</ele>
						<time>2025-05-14T13:33:34Z</time>
					</trkpt>
					<trkpt lat="45.898550" lon="6.552960">
						<ele>2199</ele>
						<time>2025-05-14T13:33:42Z</time>
					</trkpt>
					<trkpt lat="45.898430" lon="6.553360">
						<ele>2187</ele>
						<time>2025-05-14T13:33:57Z</time>
					</trkpt>
					<trkpt lat="45.898350" lon="6.553830">
						<ele>2170</ele>
						<time>2025-05-14T13:34:14Z</time>
					</trkpt>
					<trkpt lat="45.898260" lon="6.553980">
						<ele>2164</ele>
						<time>2025-05-14T13:34:21Z</time>
					</trkpt>
					<trkpt lat="45.898080" lon="6.555600">
						<ele>2112</ele>
						<time>2025-05-14T13:35:18Z</time>
					</trkpt>
					<trkpt lat="45.897380" lon="6.555340">
						<ele>2109</ele>
						<time>2025-05-14T13:35:54Z</time>
					</trkpt>
					<trkpt lat="45.897310" lon="6.556120">
						<ele>2087</ele>
						<time>2025-05-14T13:36:22Z</time>
					</trkpt>
					<trkpt lat="45.896960" lon="6.557650">
						<ele>2038</ele>
						<time>2025-05-14T13:37:18Z</time>
					</trkpt>
					<trkpt lat="45.896650" lon="6.558210">
						<ele>2030</ele>
						<time>2025-05-14T13:37:43Z</time>
					</trkpt>
					<trkpt lat="45.896250" lon="6.558320">
						<ele>2022</ele>
						<time>2025-05-14T13:38:03Z</time>
					</trkpt>
					<trkpt lat="45.895530" lon="6.559060">
						<ele>2003</ele>
						<time>2025-05-14T13:38:47Z</time>
					</trkpt>
					<trkpt lat="45.894010" lon="6.559030">
						<ele>1962</ele>
						<time>2025-05-14T13:40:03Z</time>
					</trkpt>
					<trkpt lat="45.893590" lon="6.558610">
						<ele>1951</ele>
						<time>2025-05-14T13:40:29Z</time>
					</trkpt>
					<trkpt lat="45.893000" lon="6.558990">
						<ele>1937</ele>
						<time>2025-05-14T13:41:01Z</time>
					</trkpt>
					<trkpt lat="45.892950" lon="6.559300">
						<ele>1931</ele>
						<time>2025-05-14T13:41:12Z</time>
					</trkpt>
					<trkpt lat="45.892960" lon="6.559360">
						<ele>1929</ele>
						<time>2025-05-14T13:41:14Z</time>
					</trkpt>
					<trkpt lat="45.893020" lon="6.559430">
						<ele>1928</ele>
						<time>2025-05-14T13:41:18Z</time>
					</trkpt>
					<trkpt lat="45.893200" lon="6.559810">
						<ele>1919</ele>
						<time>2025-05-14T13:41:34Z</time>
					</trkpt>
					<trkpt lat="45.893100" lon="6.559780">
						<ele>1918</ele>
						<time>2025-05-14T13:41:39Z</time>
					</trkpt>
					<trkpt lat="45.893170" lon="6.559960">
						<ele>1913</ele>
						<time>2025-05-14T13:41:47Z</time>
					</trkpt>
					<trkpt lat="45.893030" lon="6.559950">
						<ele>1911</ele>
						<time>2025-05-14T13:41:54Z</time>
					</trkpt>
					<trkpt lat="45.893140" lon="6.560180">
						<ele>1902</ele>
						<time>2025-05-14T13:42:03Z</time>
					</trkpt>
					<trkpt lat="45.893580" lon="6.560570">
						<ele>1895</ele>
						<time>2025-05-14T13:42:29Z</time>
					</trkpt>
					<trkpt lat="45.893530" lon="6.560580">
						<ele>1893</ele>
						<time>2025-05-14T13:42:32Z</time>
					</trkpt>
					<trkpt lat="45.893580" lon="6.560770">
						<ele>1885</ele>
						<time>2025-05-14T13:42:39Z</time>
					</trkpt>
					<trkpt lat="45.893780" lon="6.560910">
						<ele>1884</ele>
						<time>2025-05-14T13:42:50Z</time>
					</trkpt>
					<trkpt lat="45.893840" lon="6.561150">
						<ele>1875</ele>
						<time>2025-05-14T13:42:59Z</time>
					</trkpt>
					<trkpt lat="45.893740" lon="6.561100">
						<ele>1874</ele>
						<time>2025-05-14T13:43:04Z</time>
					</trkpt>
					<trkpt lat="45.893740" lon="6.561230">
						<ele>1868</ele>
						<time>2025-05-14T13:43:09Z</time>
					</trkpt>
					<trkpt lat="45.893900" lon="6.561310">
						<ele>1869</ele>
						<time>2025-05-14T13:43:17Z</time>
					</trkpt>
					<trkpt lat="45.893910" lon="6.561580">
						<ele>1857</ele>
						<time>2025-05-14T13:43:27Z</time>
					</trkpt>
					<trkpt lat="45.894020" lon="6.561650">
						<ele>1857</ele>
						<time>2025-05-14T13:43:33Z</time>
					</trkpt>
					<trkpt lat="45.894050" lon="6.561810">
						<ele>1851</ele>
						<time>2025-05-14T13:43:38Z</time>
					</trkpt>
					<trkpt lat="45.894190" lon="6.561940">
						<ele>1850</ele>
						<time>2025-05-14T13:43:47Z</time>
					</trkpt>
					<trkpt lat="45.894170" lon="6.562160">
						<ele>1839</ele>
						<time>2025-05-14T13:43:54Z</time>
					</trkpt>
					<trkpt lat="45.894240" lon="6.562450">
						<ele>1827</ele>
						<time>2025-05-14T13:44:05Z</time>
					</trkpt>
					<trkpt lat="45.894530" lon="6.563180">
						<ele>1808</ele>
						<time>2025-05-14T13:44:34Z</time>
					</trkpt>
					<trkpt lat="45.894790" lon="6.563660">
						<ele>1800</ele>
						<time>2025-05-14T13:44:56Z</time>
					</trkpt>
					<trkpt lat="45.894870" lon="6.565000">
						<ele>1769</ele>
						<time>2025-05-14T13:45:42Z</time>
					</trkpt>
					<trkpt lat="45.894780" lon="6.565900">
						<ele>1749</ele>
						<time>2025-05-14T13:46:14Z</time>
					</trkpt>
					<trkpt lat="45.894630" lon="6.566780">
						<ele>1733</ele>
						<time>2025-05-14T13:46:46Z</time>
					</trkpt>
					<trkpt lat="45.894430" lon="6.567200">
						<ele>1724</ele>
						<time>2025-05-14T13:47:03Z</time>
					</trkpt>
					<trkpt lat="45.895770" lon="6.567690">
						<ele>1701</ele>
						<time>2025-05-14T13:48:13Z</time>
					</trkpt>
					<trkpt lat="45.895230" lon="6.569000">
						<ele>1679</ele>
						<time>2025-05-14T13:49:06Z</time>
					</trkpt>
					<trkpt lat="45.895350" lon="6.569590">
						<ele>1664</ele>
						<time>2025-05-14T13:49:27Z</time>
					</trkpt>
					<trkpt lat="45.894920" lon="6.570100">
						<ele>1660</ele>
						<time>2025-05-14T13:49:55Z</time>
					</trkpt>
					<trkpt lat="45.893720" lon="6.570970">
						<ele>1642</ele>
						<time>2025-05-14T13:51:02Z</time>
					</trkpt>
					<trkpt lat="45.893130" lon="6.570810">
						<ele>1634</ele>
						<time>2025-05-14T13:51:32Z</time>
					</trkpt>
					<trkpt lat="45.892540" lon="6.570070">
						<ele>1625</ele>
						<time>2025-05-14T13:52:11Z</time>
					</trkpt>
					<trkpt lat="45.893040" lon="6.571430">
						<ele>1612</ele>
						<time>2025-05-14T13:53:05Z</time>
					</trkpt>
					<trkpt lat="45.893980" lon="6.573290">
						<ele>1577</ele>
						<time>2025-05-14T13:54:25Z</time>
					</trkpt>
					<trkpt lat="45.895170" lon="6.573830">
						<ele>1568</ele>
						<time>2025-05-14T13:55:28Z</time>
					</trkpt>
					<trkpt lat="45.896220" lon="6.574390">
						<ele>1550</ele>
						<time>2025-05-14T13:56:24Z</time>
					</trkpt>
					<trkpt lat="45.896930" lon="6.574900">
						<ele>1535</ele>
						<time>2025-05-14T13:57:03Z</time>
					</trkpt>
					<trkpt lat="45.898030" lon="6.574950">
						<ele>1510</ele>
						<time>2025-05-14T13:57:58Z</time>
					</trkpt>
					<trkpt lat="45.898600" lon="6.575130">
						<ele>1487</ele>
						<time>2025-05-14T13:58:28Z</time>
					</trkpt>
					<trkpt lat="45.898090" lon="6.576020">
						<ele>1489</ele>
						<time>2025-05-14T13:59:08Z</time>
					</trkpt>
					<trkpt lat="45.897710" lon="6.577070">
						<ele>1473</ele>
						<time>2025-05-14T13:59:49Z</time>
					</trkpt>
					<trkpt lat="45.896750" lon="6.577760">
						<ele>1461</ele>
						<time>2025-05-14T14:00:43Z</time>
					</trkpt>
					<trkpt lat="45.895600" lon="6.579130">
						<ele>1431</ele>
						<time>2025-05-14T14:01:57Z</time>
					</trkpt>
					<trkpt lat="45.895120" lon="6.579820">
						<ele>1415</ele>
						<time>2025-05-14T14:02:31Z</time>
					</trkpt>
					<trkpt lat="45.895280" lon="6.580840">
						<ele>1400</ele>
						<time>2025-05-14T14:03:08Z</time>
					</trkpt>
					<trkpt lat="45.895280" lon="6.581660">
						<ele>1387</ele>
						<time>2025-05-14T14:03:36Z</time>
					</trkpt>
					<trkpt lat="45.894850" lon="6.580420">
						<ele>1402</ele>
						<time>2025-05-14T14:04:25Z</time>
					</trkpt>
					<trkpt lat="45.894370" lon="6.579850">
						<ele>1407</ele>
						<time>2025-05-14T14:04:56Z</time>
					</trkpt>
					<trkpt lat="45.893830" lon="6.579430">
						<ele>1411</ele>
						<time>2025-05-14T14:05:27Z</time>
					</trkpt>
					<trkpt lat="45.892810" lon="6.579130">
						<ele>1415</ele>
						<time>2025-05-14T14:06:19Z</time>
					</trkpt>
					<trkpt lat="45.892420" lon="6.579700">
						<ele>1411</ele>
						<time>2025-05-14T14:06:46Z</time>
					</trkpt>
					<trkpt lat="45.892290" lon="6.580020">
						<ele>1412</ele>
						<time>2025-05-14T14:06:59Z</time>
					</trkpt>
					<trkpt lat="45.892710" lon="6.580520">
						<ele>1405</ele>
						<time>2025-05-14T14:07:27Z</time>
					</trkpt>
					<trkpt lat="45.892420" lon="6.580960">
						<ele>1413</ele>
						<time>2025-05-14T14:07:48Z</time>
					</trkpt>
					<trkpt lat="45.891810" lon="6.581360">
						<ele>1419</ele>
						<time>2025-05-14T14:08:21Z</time>
					</trkpt>
					<trkpt lat="45.891010" lon="6.581360">
						<ele>1425</ele>
						<time>2025-05-14T14:09:01Z</time>
					</trkpt>
					<trkpt lat="45.890820" lon="6.581110">
						<ele>1433</ele>
						<time>2025-05-14T14:09:14Z</time>
					</trkpt>
					<trkpt lat="45.890580" lon="6.581230">
						<ele>1429</ele>
						<time>2025-05-14T14:09:27Z</time>
					</trkpt>
					<trkpt lat="45.890300" lon="6.581100">
						<ele>1431</ele>
						<time>2025-05-14T14:09:42Z</time>
					</trkpt>
					<trkpt lat="45.889900" lon="6.581220">
						<ele>1427</ele>
						<time>2025-05-14T14:10:02Z</time>
					</trkpt>
					<trkpt lat="45.889510" lon="6.580660">
						<ele>1439</ele>
						<time>2025-05-14T14:10:30Z</time>
					</trkpt>
					<trkpt lat="45.889070" lon="6.580700">
						<ele>1437</ele>
						<time>2025-05-14T14:10:52Z</time>
					</trkpt>
					<trkpt lat="45.888500" lon="6.580080">
						<ele>1450</ele>
						<time>2025-05-14T14:11:28Z</time>
					</trkpt>
					<trkpt lat="45.888320" lon="6.580780">
						<ele>1445</ele>
						<time>2025-05-14T14:11:54Z</time>
					</trkpt>
					<trkpt lat="45.888050" lon="6.581140">
						<ele>1449</ele>
						<time>2025-05-14T14:12:12Z</time>
					</trkpt>
					<trkpt lat="45.887770" lon="6.581200">
						<ele>1456</ele>
						<time>2025-05-14T14:12:26Z</time>
					</trkpt>
					<trkpt lat="45.887680" lon="6.580930">
						<ele>1462</ele>
						<time>2025-05-14T14:12:37Z</time>
					</trkpt>
					<trkpt lat="45.887420" lon="6.580600">
						<ele>1473</ele>
						<time>2025-05-14T14:12:54Z</time>
					</trkpt>
					<trkpt lat="45.887280" lon="6.580370">
						<ele>1478</ele>
						<time>2025-05-14T14:13:05Z</time>
					</trkpt>
					<trkpt lat="45.886730" lon="6.579730">
						<ele>1494</ele>
						<time>2025-05-14T14:13:40Z</time>
					</trkpt>
					<trkpt lat="45.886300" lon="6.579310">
						<ele>1503</ele>
						<time>2025-05-14T14:14:06Z</time>
					</trkpt>
					<trkpt lat="45.885840" lon="6.578790">
						<ele>1517</ele>
						<time>2025-05-14T14:14:35Z</time>
					</trkpt>
					<trkpt lat="45.885800" lon="6.578310">
						<ele>1527</ele>
						<time>2025-05-14T14:14:52Z</time>
					</trkpt>
					<trkpt lat="45.886200" lon="6.577930">
						<ele>1526</ele>
						<time>2025-05-14T14:15:16Z</time>
					</trkpt>
					<trkpt lat="45.886220" lon="6.577500">
						<ele>1533</ele>
						<time>2025-05-14T14:15:31Z</time>
					</trkpt>
					<trkpt lat="45.886060" lon="6.577220">
						<ele>1541</ele>
						<time>2025-05-14T14:15:44Z</time>
					</trkpt>
					<trkpt lat="45.885850" lon="6.576760">
						<ele>1551</ele>
						<time>2025-05-14T14:16:03Z</time>
					</trkpt>
					<trkpt lat="45.885780" lon="6.576530">
						<ele>1555</ele>
						<time>2025-05-14T14:16:12Z</time>
					</trkpt>
					<trkpt lat="45.885440" lon="6.576150">
						<ele>1567</ele>
						<time>2025-05-14T14:16:33Z</time>
					</trkpt>
					<trkpt lat="45.884960" lon="6.576350">
						<ele>1578</ele>
						<time>2025-05-14T14:16:58Z</time>
					</trkpt>
					<trkpt lat="45.884660" lon="6.576350">
						<ele>1581</ele>
						<time>2025-05-14T14:17:13Z</time>
					</trkpt>
					<trkpt lat="45.884410" lon="6.576530">
						<ele>1583</ele>
						<time>2025-05-14T14:17:27Z</time>
					</trkpt>
					<trkpt lat="45.883650" lon="6.576020">
						<ele>1600</ele>
						<time>2025-05-14T14:18:09Z</time>
					</trkpt>
					<trkpt lat="45.883040" lon="6.575990">
						<ele>1610</ele>
						<time>2025-05-14T14:18:40Z</time>
					</trkpt>
					<trkpt lat="45.882670" lon="6.575610">
						<ele>1618</ele>
						<time>2025-05-14T14:19:03Z</time>
					</trkpt>
					<trkpt lat="45.882440" lon="6.575150">
						<ele>1625</ele>
						<time>2025-05-14T14:19:22Z</time>
					</trkpt>
					<trkpt lat="45.882140" lon="6.574800">
						<ele>1634</ele>
						<time>2025-05-14T14:19:42Z</time>
					</trkpt>
					<trkpt lat="45.881830" lon="6.574820">
						<ele>1637</ele>
						<time>2025-05-14T14:19:57Z</time>
					</trkpt>
					<trkpt lat="45.881830" lon="6.574680">
						<ele>1640</ele>
						<time>2025-05-14T14:20:02Z</time>
					</trkpt>
					<trkpt lat="45.881690" lon="6.574570">
						<ele>1644</ele>
						<time>2025-05-14T14:20:10Z</time>
					</trkpt>
					<trkpt lat="45.881680" lon="6.574190">
						<ele>1651</ele>
						<time>2025-05-14T14:20:23Z</time>
					</trkpt>
					<trkpt lat="45.881310" lon="6.574090">
						<ele>1658</ele>
						<time>2025-05-14T14:20:42Z</time>
					</trkpt>
					<trkpt lat="45.881140" lon="6.573900">
						<ele>1664</ele>
						<time>2025-05-14T14:20:53Z</time>
					</trkpt>
					<trkpt lat="45.881060" lon="6.573770">
						<ele>1667</ele>
						<time>2025-05-14T14:20:59Z</time>
					</trkpt>
					<trkpt lat="45.881030" lon="6.573650">
						<ele>1670</ele>
						<time>2025-05-14T14:21:03Z</time>
					</trkpt>
					<trkpt lat="45.880840" lon="6.573610">
						<ele>1671</ele>
						<time>2025-05-14T14:21:13Z</time>
					</trkpt>
					<trkpt lat="45.880740" lon="6.573720">
						<ele>1671</ele>
						<time>2025-05-14T14:21:19Z</time>
					</trkpt>
					<trkpt lat="45.880580" lon="6.573550">
						<ele>1678</ele>
						<time>2025-05-14T14:21:29Z</time>
					</trkpt>
					<trkpt lat="45.880620" lon="6.573380">
						<ele>1680</ele>
						<time>2025-05-14T14:21:35Z</time>
					</trkpt>
					<trkpt lat="45.880610" lon="6.573180">
						<ele>1684</ele>
						<time>2025-05-14T14:21:42Z</time>
					</trkpt>
					<trkpt lat="45.880360" lon="6.573100">
						<ele>1691</ele>
						<time>2025-05-14T14:21:55Z</time>
					</trkpt>
					<trkpt lat="45.880060" lon="6.572890">
						<ele>1701</ele>
						<time>2025-05-14T14:22:12Z</time>
					</trkpt>
					<trkpt lat="45.880010" lon="6.572690">
						<ele>1706</ele>
						<time>2025-05-14T14:22:19Z</time>
					</trkpt>
					<trkpt lat="45.879800" lon="6.572590">
						<ele>1710</ele>
						<time>2025-05-14T14:22:30Z</time>
					</trkpt>
					<trkpt lat="45.879570" lon="6.572140">
						<ele>1720</ele>
						<time>2025-05-14T14:22:50Z</time>
					</trkpt>
					<trkpt lat="45.879390" lon="6.571470">
						<ele>1726</ele>
						<time>2025-05-14T14:23:15Z</time>
					</trkpt>
					<trkpt lat="45.879040" lon="6.572120">
						<ele>1725</ele>
						<time>2025-05-14T14:23:44Z</time>
					</trkpt>
					<trkpt lat="45.878550" lon="6.573520">
						<ele>1721</ele>
						<time>2025-05-14T14:24:38Z</time>
					</trkpt>
					<trkpt lat="45.878620" lon="6.575410">
						<ele>1719</ele>
						<time>2025-05-14T14:25:44Z</time>
					</trkpt>
					<trkpt lat="45.878920" lon="6.577070">
						<ele>1708</ele>
						<time>2025-05-14T14:26:44Z</time>
					</trkpt>
					<trkpt lat="45.878580" lon="6.578140">
						<ele>1709</ele>
						<time>2025-05-14T14:27:25Z</time>
					</trkpt>
					<trkpt lat="45.878760" lon="6.580310">
						<ele>1689</ele>
						<time>2025-05-14T14:28:41Z</time>
					</trkpt>
					<trkpt lat="45.878670" lon="6.580870">
						<ele>1689</ele>
						<time>2025-05-14T14:29:01Z</time>
					</trkpt>
					<trkpt lat="45.878490" lon="6.582710">
						<ele>1691</ele>
						<time>2025-05-14T14:30:06Z</time>
					</trkpt>
					<trkpt lat="45.878490" lon="6.584060">
						<ele>1712</ele>
						<time>2025-05-14T14:30:53Z</time>
					</trkpt>
					<trkpt lat="45.878640" lon="6.585030">
						<ele>1712</ele>
						<time>2025-05-14T14:31:27Z</time>
					</trkpt>
					<trkpt lat="45.878650" lon="6.585770">
						<ele>1720</ele>
						<time>2025-05-14T14:31:53Z</time>
					</trkpt>
					<trkpt lat="45.879120" lon="6.586690">
						<ele>1728</ele>
						<time>2025-05-14T14:32:33Z</time>
					</trkpt>
					<trkpt lat="45.879010" lon="6.588310">
						<ele>1750</ele>
						<time>2025-05-14T14:33:30Z</time>
					</trkpt>
					<trkpt lat="45.878580" lon="6.589080">
						<ele>1752</ele>
						<time>2025-05-14T14:34:04Z</time>
					</trkpt>
					<trkpt lat="45.878230" lon="6.589850">
						<ele>1745</ele>
						<time>2025-05-14T14:34:36Z</time>
					</trkpt>
					<trkpt lat="45.877680" lon="6.590960">
						<ele>1727</ele>
						<time>2025-05-14T14:35:23Z</time>
					</trkpt>
					<trkpt lat="45.877590" lon="6.591860">
						<ele>1714</ele>
						<time>2025-05-14T14:35:55Z</time>
					</trkpt>
					<trkpt lat="45.877490" lon="6.592270">
						<ele>1709</ele>
						<time>2025-05-14T14:36:10Z</time>
					</trkpt>
					<trkpt lat="45.876820" lon="6.593320">
						<ele>1700</ele>
						<time>2025-05-14T14:37:00Z</time>
					</trkpt>
					<trkpt lat="45.876630" lon="6.593410">
						<ele>1701</ele>
						<time>2025-05-14T14:37:10Z</time>
					</trkpt>
					<trkpt lat="45.876590" lon="6.593930">
						<ele>1704</ele>
						<time>2025-05-14T14:37:28Z</time>
					</trkpt>
					<trkpt lat="45.876680" lon="6.594570">
						<ele>1702</ele>
						<time>2025-05-14T14:37:51Z</time>
					</trkpt>
					<trkpt lat="45.876360" lon="6.594570">
						<ele>1700</ele>
						<time>2025-05-14T14:38:07Z</time>
					</trkpt>
					<trkpt lat="45.876540" lon="6.595180">
						<ele>1692</ele>
						<time>2025-05-14T14:38:30Z</time>
					</trkpt>
					<trkpt lat="45.875970" lon="6.595160">
						<ele>1687</ele>
						<time>2025-05-14T14:38:59Z</time>
					</trkpt>
					<trkpt lat="45.876110" lon="6.595450">
						<ele>1682</ele>
						<time>2025-05-14T14:39:11Z</time>
					</trkpt>
					<trkpt lat="45.875950" lon="6.595660">
						<ele>1676</ele>
						<time>2025-05-14T14:39:22Z</time>
					</trkpt>
					<trkpt lat="45.875690" lon="6.595600">
						<ele>1675</ele>
						<time>2025-05-14T14:39:35Z</time>
					</trkpt>
					<trkpt lat="45.876020" lon="6.595970">
						<ele>1670</ele>
						<time>2025-05-14T14:39:56Z</time>
					</trkpt>
					<trkpt lat="45.875770" lon="6.596060">
						<ele>1667</ele>
						<time>2025-05-14T14:40:09Z</time>
					</trkpt>
					<trkpt lat="45.875960" lon="6.596350">
						<ele>1663</ele>
						<time>2025-05-14T14:40:23Z</time>
					</trkpt>
					<trkpt lat="45.875790" lon="6.596420">
						<ele>1661</ele>
						<time>2025-05-14T14:40:31Z</time>
					</trkpt>
					<trkpt lat="45.875680" lon="6.597030">
						<ele>1650</ele>
						<time>2025-05-14T14:40:53Z</time>
					</trkpt>
					<trkpt lat="45.876580" lon="6.597170">
						<ele>1648</ele>
						<time>2025-05-14T14:41:39Z</time>
					</trkpt>
					<trkpt lat="45.876450" lon="6.597770">
						<ele>1636</ele>
						<time>2025-05-14T14:42:01Z</time>
					</trkpt>
					<trkpt lat="45.876790" lon="6.597830">
						<ele>1634</ele>
						<time>2025-05-14T14:42:18Z</time>
					</trkpt>
					<trkpt lat="45.877110" lon="6.598960">
						<ele>1609</ele>
						<time>2025-05-14T14:43:00Z</time>
					</trkpt>
					<trkpt lat="45.877670" lon="6.599310">
						<ele>1604</ele>
						<time>2025-05-14T14:43:31Z</time>
					</trkpt>
					<trkpt lat="45.877940" lon="6.599650">
						<ele>1599</ele>
						<time>2025-05-14T14:43:49Z</time>
					</trkpt>
					<trkpt lat="45.878310" lon="6.599820">
						<ele>1597</ele>
						<time>2025-05-14T14:44:08Z</time>
					</trkpt>
					<trkpt lat="45.878680" lon="6.600530">
						<ele>1591</ele>
						<time>2025-05-14T14:44:39Z</time>
					</trkpt>
					<trkpt lat="45.879150" lon="6.601250">
						<ele>1587</ele>
						<time>2025-05-14T14:45:13Z</time>
					</trkpt>
					<trkpt lat="45.879160" lon="6.602130">
						<ele>1569</ele>
						<time>2025-05-14T14:45:44Z</time>
					</trkpt>
					<trkpt lat="45.879380" lon="6.603310">
						<ele>1548</ele>
						<time>2025-05-14T14:46:27Z</time>
					</trkpt>
					<trkpt lat="45.880110" lon="6.604680">
						<ele>1536</ele>
						<time>2025-05-14T14:47:27Z</time>
					</trkpt>
					<trkpt lat="45.880690" lon="6.605530">
						<ele>1535</ele>
						<time>2025-05-14T14:48:08Z</time>
					</trkpt>
					<trkpt lat="45.880950" lon="6.606350">
						<ele>1531</ele>
						<time>2025-05-14T14:48:40Z</time>
					</trkpt>
					<trkpt lat="45.881670" lon="6.606800">
						<ele>1529</ele>
						<time>2025-05-14T14:49:19Z</time>
					</trkpt>
					<trkpt lat="45.882410" lon="6.608090">
						<ele>1518</ele>
						<time>2025-05-14T14:50:17Z</time>
					</trkpt>
					<trkpt lat="45.882720" lon="6.608740">
						<ele>1508</ele>
						<time>2025-05-14T14:50:45Z</time>
					</trkpt>
					<trkpt lat="45.882650" lon="6.609430">
						<ele>1506</ele>
						<time>2025-05-14T14:51:09Z</time>
					</trkpt>
					<trkpt lat="45.883240" lon="6.608990">
						<ele>1492</ele>
						<time>2025-05-14T14:51:42Z</time>
					</trkpt>
					<trkpt lat="45.883100" lon="6.609580">
						<ele>1492</ele>
						<time>2025-05-14T14:52:04Z</time>
					</trkpt>
					<trkpt lat="45.883470" lon="6.609300">
						<ele>1483</ele>
						<time>2025-05-14T14:52:25Z</time>
					</trkpt>
					<trkpt lat="45.883290" lon="6.609960">
						<ele>1484</ele>
						<time>2025-05-14T14:52:50Z</time>
					</trkpt>
					<trkpt lat="45.883630" lon="6.609780">
						<ele>1471</ele>
						<time>2025-05-14T14:53:08Z</time>
					</trkpt>
					<trkpt lat="45.883660" lon="6.610490">
						<ele>1464</ele>
						<time>2025-05-14T14:53:32Z</time>
					</trkpt>
					<trkpt lat="45.883770" lon="6.611080">
						<ele>1453</ele>
						<time>2025-05-14T14:53:54Z</time>
					</trkpt>
					<trkpt lat="45.883740" lon="6.611990">
						<ele>1438</ele>
						<time>2025-05-14T14:54:25Z</time>
					</trkpt>
					<trkpt lat="45.883750" lon="6.612660">
						<ele>1426</ele>
						<time>2025-05-14T14:54:49Z</time>
					</trkpt>
					<trkpt lat="45.883950" lon="6.613360">
						<ele>1414</ele>
						<time>2025-05-14T14:55:15Z</time>
					</trkpt>
					<trkpt lat="45.884330" lon="6.613990">
						<ele>1406</ele>
						<time>2025-05-14T14:55:44Z</time>
					</trkpt>
					<trkpt lat="45.884620" lon="6.615190">
						<ele>1401</ele>
						<time>2025-05-14T14:56:28Z</time>
					</trkpt>
					<trkpt lat="45.884640" lon="6.615940">
						<ele>1398</ele>
						<time>2025-05-14T14:56:55Z</time>
					</trkpt>
					<trkpt lat="45.884820" lon="6.616380">
						<ele>1393</ele>
						<time>2025-05-14T14:57:12Z</time>
					</trkpt>
					<trkpt lat="45.885210" lon="6.616570">
						<ele>1388</ele>
						<time>2025-05-14T14:57:33Z</time>
					</trkpt>
					<trkpt lat="45.885400" lon="6.616910">
						<ele>1382</ele>
						<time>2025-05-14T14:57:48Z</time>
					</trkpt>
					<trkpt lat="45.885440" lon="6.617540">
						<ele>1374</ele>
						<time>2025-05-14T14:58:10Z</time>
					</trkpt>
					<trkpt lat="45.885980" lon="6.619630">
						<ele>1344</ele>
						<time>2025-05-14T14:59:28Z</time>
					</trkpt>
					<trkpt lat="45.886560" lon="6.620310">
						<ele>1335</ele>
						<time>2025-05-14T15:00:05Z</time>
					</trkpt>
					<trkpt lat="45.887100" lon="6.619950">
						<ele>1328</ele>
						<time>2025-05-14T15:00:35Z</time>
					</trkpt>
					<trkpt lat="45.888180" lon="6.621760">
						<ele>1274</ele>
						<time>2025-05-14T15:01:58Z</time>
					</trkpt>
					<trkpt lat="45.888450" lon="6.622030">
						<ele>1269</ele>
						<time>2025-05-14T15:02:15Z</time>
					</trkpt>
					<trkpt lat="45.888650" lon="6.621990">
						<ele>1268</ele>
						<time>2025-05-14T15:02:25Z</time>
					</trkpt>
					<trkpt lat="45.889310" lon="6.623980">
						<ele>1250</ele>
						<time>2025-05-14T15:03:41Z</time>
					</trkpt>
					<trkpt lat="45.888990" lon="6.624370">
						<ele>1246</ele>
						<time>2025-05-14T15:04:02Z</time>
					</trkpt>
					<trkpt lat="45.888980" lon="6.625100">
						<ele>1237</ele>
						<time>2025-05-14T15:04:28Z</time>
					</trkpt>
					<trkpt lat="45.889070" lon="6.625650">
						<ele>1229</ele>
						<time>2025-05-14T15:04:48Z</time>
					</trkpt>
					<trkpt lat="45.888180" lon="6.625370">
						<ele>1235</ele>
						<time>2025-05-14T15:05:33Z</time>
					</trkpt>
					<trkpt lat="45.887890" lon="6.625680">
						<ele>1230</ele>
						<time>2025-05-14T15:05:51Z</time>
					</trkpt>
					<trkpt lat="45.887790" lon="6.626780">
						<ele>1217</ele>
						<time>2025-05-14T15:06:30Z</time>
					</trkpt>
					<trkpt lat="45.887100" lon="6.627460">
						<ele>1209</ele>
						<time>2025-05-14T15:07:12Z</time>
					</trkpt>
					<trkpt lat="45.886800" lon="6.627950">
						<ele>1205</ele>
						<time>2025-05-14T15:07:35Z</time>
					</trkpt>
					<trkpt lat="45.886440" lon="6.629150">
						<ele>1192</ele>
						<time>2025-05-14T15:08:20Z</time>
					</trkpt>
					<trkpt lat="45.886350" lon="6.629860">
						<ele>1184</ele>
						<time>2025-05-14T15:08:45Z</time>
					</trkpt>
					<trkpt lat="45.886070" lon="6.630880">
						<ele>1166</ele>
						<time>2025-05-14T15:09:23Z</time>
					</trkpt>
					<trkpt lat="45.885950" lon="6.631610">
						<ele>1157</ele>
						<time>2025-05-14T15:09:50Z</time>
					</trkpt>
					<trkpt lat="45.885840" lon="6.632820">
						<ele>1143</ele>
						<time>2025-05-14T15:10:32Z</time>
					</trkpt>
					<trkpt lat="45.885620" lon="6.633690">
						<ele>1134</ele>
						<time>2025-05-14T15:11:04Z</time>
					</trkpt>
					<trkpt lat="45.885320" lon="6.634220">
						<ele>1129</ele>
						<time>2025-05-14T15:11:28Z</time>
					</trkpt>
					<trkpt lat="45.885870" lon="6.634600">
						<ele>1127</ele>
						<time>2025-05-14T15:11:59Z</time>
					</trkpt>
					<trkpt lat="45.886180" lon="6.634700">
						<ele>1126</ele>
						<time>2025-05-14T15:12:14Z</time>
					</trkpt>
					<trkpt lat="45.886170" lon="6.634990">
						<ele>1124</ele>
						<time>2025-05-14T15:12:25Z</time>
					</trkpt>
					<trkpt lat="45.886320" lon="6.635340">
						<ele>1121</ele>
						<time>2025-05-14T15:12:39Z</time>
					</trkpt>
					<trkpt lat="45.886640" lon="6.635630">
						<ele>1118</ele>
						<time>2025-05-14T15:12:58Z</time>
					</trkpt>
					<trkpt lat="45.886750" lon="6.637480">
						<ele>1107</ele>
						<time>2025-05-14T15:14:03Z</time>
					</trkpt>
					<trkpt lat="45.887250" lon="6.637540">
						<ele>1103</ele>
						<time>2025-05-14T15:14:28Z</time>
					</trkpt>
					<trkpt lat="45.887490" lon="6.638390">
						<ele>1092</ele>
						<time>2025-05-14T15:15:00Z</time>
					</trkpt>
					<trkpt lat="45.887950" lon="6.639170">
						<ele>1087</ele>
						<time>2025-05-14T15:15:35Z</time>
					</trkpt>
					<trkpt lat="45.888620" lon="6.639730">
						<ele>1080</ele>
						<time>2025-05-14T15:16:14Z</time>
					</trkpt>
					<trkpt lat="45.889080" lon="6.640700">
						<ele>1066</ele>
						<time>2025-05-14T15:16:55Z</time>
					</trkpt>
					<trkpt lat="45.889690" lon="6.641350">
						<ele>1056</ele>
						<time>2025-05-14T15:17:33Z</time>
					</trkpt>
					<trkpt lat="45.890310" lon="6.641620">
						<ele>1047</ele>
						<time>2025-05-14T15:18:05Z</time>
					</trkpt>
					<trkpt lat="45.890710" lon="6.641710">
						<ele>1040</ele>
						<time>2025-05-14T15:18:26Z</time>
					</trkpt>
					<trkpt lat="45.890840" lon="6.641940">
						<ele>1037</ele>
						<time>2025-05-14T15:18:36Z</time>
					</trkpt>
					<trkpt lat="45.890950" lon="6.641500">
						<ele>1039</ele>
						<time>2025-05-14T15:18:52Z</time>
					</trkpt>
					<trkpt lat="45.891320" lon="6.641380">
						<ele>1038</ele>
						<time>2025-05-14T15:19:11Z</time>
					</trkpt>
					<trkpt lat="45.891570" lon="6.641650">
						<ele>1035</ele>
						<time>2025-05-14T15:19:27Z</time>
					</trkpt>
					<trkpt lat="45.892290" lon="6.641090">
						<ele>1031</ele>
						<time>2025-05-14T15:20:08Z</time>
					</trkpt>
					<trkpt lat="45.892700" lon="6.640990">
						<ele>1026</ele>
						<time>2025-05-14T15:20:29Z</time>
					</trkpt>
					<trkpt lat="45.893130" lon="6.641460">
						<ele>1018</ele>
						<time>2025-05-14T15:20:56Z</time>
					</trkpt>
					<trkpt lat="45.893440" lon="6.641650">
						<ele>1013</ele>
						<time>2025-05-14T15:21:12Z</time>
					</trkpt>
					<trkpt lat="45.894020" lon="6.641260">
						<ele>1008</ele>
						<time>2025-05-14T15:21:45Z</time>
					</trkpt>
					<trkpt lat="45.894800" lon="6.641320">
						<ele>1002</ele>
						<time>2025-05-14T15:22:24Z</time>
					</trkpt>
					<trkpt lat="45.895340" lon="6.640770">
						<ele>999</ele>
						<time>2025-05-14T15:22:57Z</time>
					</trkpt>
					<trkpt lat="45.895450" lon="6.641500">
						<ele>995</ele>
						<time>2025-05-14T15:23:23Z</time>
					</trkpt>
					<trkpt lat="45.895870" lon="6.642090">
						<ele>988</ele>
						<time>2025-05-14T15:23:52Z</time>
					</trkpt>
					<trkpt lat="45.895950" lon="6.642440">
						<ele>984</ele>
						<time>2025-05-14T15:24:05Z</time>
					</trkpt>
					<trkpt lat="45.895970" lon="6.642660">
						<ele>982</ele>
						<time>2025-05-14T15:24:13Z</time>
					</trkpt>
					<trkpt lat="45.895920" lon="6.642950">
						<ele>979</ele>
						<time>2025-05-14T15:24:23Z</time>
					</trkpt>
					<trkpt lat="45.896060" lon="6.643210">
						<ele>976</ele>
						<time>2025-05-14T15:24:35Z</time>
					</trkpt>
					<trkpt lat="45.896150" lon="6.643690">
						<ele>971</ele>
						<time>2025-05-14T15:24:52Z</time>
					</trkpt>
					<trkpt lat="45.896500" lon="6.643430">
						<ele>970</ele>
						<time>2025-05-14T15:25:12Z</time>
					</trkpt>
					<trkpt lat="45.896560" lon="6.643780">
						<ele>967</ele>
						<time>2025-05-14T15:25:24Z</time>
					</trkpt>
					<trkpt lat="45.896960" lon="6.644230">
						<ele>960</ele>
						<time>2025-05-14T15:25:50Z</time>
					</trkpt>
					<trkpt lat="45.897450" lon="6.644120">
						<ele>958</ele>
						<time>2025-05-14T15:26:14Z</time>
					</trkpt>
					<trkpt lat="45.897800" lon="6.643930">
						<ele>953</ele>
						<time>2025-05-14T15:26:33Z</time>
					</trkpt>
					<trkpt lat="45.898000" lon="6.644010">
						<ele>948</ele>
						<time>2025-05-14T15:26:44Z</time>
					</trkpt>
					<trkpt lat="45.898090" lon="6.644220">
						<ele>945</ele>
						<time>2025-05-14T15:26:52Z</time>
					</trkpt>
					<trkpt lat="45.897950" lon="6.644420">
						<ele>946</ele>
						<time>2025-05-14T15:27:02Z</time>
					</trkpt>
					<trkpt lat="45.897920" lon="6.644550">
						<ele>945</ele>
						<time>2025-05-14T15:27:07Z</time>
					</trkpt>
					<trkpt lat="45.897640" lon="6.644760">
						<ele>947</ele>
						<time>2025-05-14T15:27:23Z</time>
					</trkpt>
					<trkpt lat="45.897300" lon="6.645170">
						<ele>946</ele>
						<time>2025-05-14T15:27:45Z</time>
					</trkpt>
					<trkpt lat="45.897220" lon="6.645530">
						<ele>940</ele>
						<time>2025-05-14T15:27:58Z</time>
					</trkpt>
					<trkpt lat="45.897280" lon="6.645860">
						<ele>934</ele>
						<time>2025-05-14T15:28:10Z</time>
					</trkpt>
					<trkpt lat="45.897210" lon="6.645940">
						<ele>934</ele>
						<time>2025-05-14T15:28:14Z</time>
					</trkpt>
					</trkseg>
				</trk>
			</gpx>