<?xml version="1.0" encoding="UTF-8"?>
<gpx xmlns="http://www.topografix.com/GPX/1/1" xmlns:xsi="http://www.w3.org/2001/XMLSchema-instance" version="1.1" creator="Trace de Trail" xsi:schemaLocation="http://www.topografix.com/GPX/1/1 http://www.topografix.com/GPX/1/1/gpx.xsd">
  <metadata>
    <name>Ultra Trail Grand Colombier 2025 - 42km by MacSport</name>
    <desc>Parcours créé sur Trace de Trail</desc>
    <link href="https://tracedetrail.fr/fr/trace/273191">
      <text>Cartographie du parcours</text>
    </link>
    <time>2025-05-16T07:35:16+00:00</time>
  </metadata>
  <trk>
    <name>Ultra Trail Grand Colombier 2025 - 42km by MacSport sur TraceDeTrail.fr</name>
    <src>Trace de Trail</src>
    <trkseg>
      <trkpt lat="45.97786" lon="5.59904">
        <ele>796</ele>
        <time>2025-05-16T07:35:16+00:00</time>
      </trkpt>
      <trkpt lat="45.97782" lon="5.59908">
        <ele>796</ele>
        <time>2025-05-16T07:35:19+00:00</time>
      </trkpt>
      <trkpt lat="45.97774" lon="5.59918">
        <ele>796</ele>
        <time>2025-05-16T07:35:22+00:00</time>
      </trkpt>
      <trkpt lat="45.97765" lon="5.59926">
        <ele>796</ele>
        <time>2025-05-16T07:35:25+00:00</time>
      </trkpt>
      <trkpt lat="45.97748" lon="5.59939">
        <ele>796</ele>
        <time>2025-05-16T07:35:28+00:00</time>
      </trkpt>
      <trkpt lat="45.97736" lon="5.59952">
        <ele>795</ele>
        <time>2025-05-16T07:35:31+00:00</time>
      </trkpt>
      <trkpt lat="45.97726" lon="5.59963">
        <ele>795</ele>
        <time>2025-05-16T07:35:34+00:00</time>
      </trkpt>
      <trkpt lat="45.97721" lon="5.59972">
        <ele>795</ele>
        <time>2025-05-16T07:35:37+00:00</time>
      </trkpt>
      <trkpt lat="45.97718" lon="5.59981">
        <ele>795</ele>
        <time>2025-05-16T07:35:40+00:00</time>
      </trkpt>
      <trkpt lat="45.9771" lon="5.59998">
        <ele>795</ele>
        <time>2025-05-16T07:35:43+00:00</time>
      </trkpt>
      <trkpt lat="45.97703" lon="5.60012">
        <ele>794</ele>
        <time>2025-05-16T07:35:46+00:00</time>
      </trkpt>
      <trkpt lat="45.97693" lon="5.60023">
        <ele>794</ele>
        <time>2025-05-16T07:35:49+00:00</time>
      </trkpt>
      <trkpt lat="45.97684" lon="5.60035">
        <ele>794</ele>
        <time>2025-05-16T07:35:52+00:00</time>
      </trkpt>
      <trkpt lat="45.97683" lon="5.60035">
        <ele>794</ele>
        <time>2025-05-16T07:35:55+00:00</time>
      </trkpt>
      <trkpt lat="45.97687" lon="5.60047">
        <ele>794</ele>
        <time>2025-05-16T07:35:58+00:00</time>
      </trkpt>
      <trkpt lat="45.97689" lon="5.60053">
        <ele>794</ele>
        <time>2025-05-16T07:36:01+00:00</time>
      </trkpt>
      <trkpt lat="45.9769" lon="5.60055">
        <ele>794</ele>
        <time>2025-05-16T07:36:04+00:00</time>
      </trkpt>
      <trkpt lat="45.97693" lon="5.60052">
        <ele>794</ele>
        <time>2025-05-16T07:36:07+00:00</time>
      </trkpt>
      <trkpt lat="45.97699" lon="5.60052">
        <ele>794</ele>
        <time>2025-05-16T07:36:10+00:00</time>
      </trkpt>
      <trkpt lat="45.97706" lon="5.60055">
        <ele>794</ele>
        <time>2025-05-16T07:36:13+00:00</time>
      </trkpt>
      <trkpt lat="45.97716" lon="5.60063">
        <ele>795</ele>
        <time>2025-05-16T07:36:16+00:00</time>
      </trkpt>
      <trkpt lat="45.97735" lon="5.60078">
        <ele>795</ele>
        <time>2025-05-16T07:36:19+00:00</time>
      </trkpt>
      <trkpt lat="45.97754" lon="5.60091">
        <ele>797</ele>
        <time>2025-05-16T07:36:22+00:00</time>
      </trkpt>
      <trkpt lat="45.97771" lon="5.60105">
        <ele>798</ele>
        <time>2025-05-16T07:36:25+00:00</time>
      </trkpt>
      <trkpt lat="45.9779" lon="5.60122">
        <ele>799</ele>
        <time>2025-05-16T07:36:28+00:00</time>
      </trkpt>
      <trkpt lat="45.97797" lon="5.60118">
        <ele>799</ele>
        <time>2025-05-16T07:36:31+00:00</time>
      </trkpt>
      <trkpt lat="45.9781" lon="5.6011">
        <ele>800</ele>
        <time>2025-05-16T07:36:34+00:00</time>
      </trkpt>
      <trkpt lat="45.97811" lon="5.60114">
        <ele>801</ele>
        <time>2025-05-16T07:36:37+00:00</time>
      </trkpt>
      <trkpt lat="45.97816" lon="5.60125">
        <ele>801</ele>
        <time>2025-05-16T07:36:40+00:00</time>
      </trkpt>
      <trkpt lat="45.97821" lon="5.60141">
        <ele>801</ele>
        <time>2025-05-16T07:36:43+00:00</time>
      </trkpt>
      <trkpt lat="45.97823" lon="5.6015">
        <ele>801</ele>
        <time>2025-05-16T07:36:46+00:00</time>
      </trkpt>
      <trkpt lat="45.97824" lon="5.6016">
        <ele>801</ele>
        <time>2025-05-16T07:36:49+00:00</time>
      </trkpt>
      <trkpt lat="45.97823" lon="5.6017">
        <ele>802</ele>
        <time>2025-05-16T07:36:52+00:00</time>
      </trkpt>
      <trkpt lat="45.97819" lon="5.6018">
        <ele>801</ele>
        <time>2025-05-16T07:36:55+00:00</time>
      </trkpt>
      <trkpt lat="45.97814" lon="5.60186">
        <ele>803</ele>
        <time>2025-05-16T07:36:58+00:00</time>
      </trkpt>
      <trkpt lat="45.97807" lon="5.6019">
        <ele>803</ele>
        <time>2025-05-16T07:37:01+00:00</time>
      </trkpt>
      <trkpt lat="45.97799" lon="5.60192">
        <ele>804</ele>
        <time>2025-05-16T07:37:04+00:00</time>
      </trkpt>
      <trkpt lat="45.9779" lon="5.60189">
        <ele>804</ele>
        <time>2025-05-16T07:37:07+00:00</time>
      </trkpt>
      <trkpt lat="45.9778" lon="5.60184">
        <ele>806</ele>
        <time>2025-05-16T07:37:10+00:00</time>
      </trkpt>
      <trkpt lat="45.97767" lon="5.6018">
        <ele>807</ele>
        <time>2025-05-16T07:37:13+00:00</time>
      </trkpt>
      <trkpt lat="45.97756" lon="5.60176">
        <ele>807</ele>
        <time>2025-05-16T07:37:16+00:00</time>
      </trkpt>
      <trkpt lat="45.9775" lon="5.60176">
        <ele>807</ele>
        <time>2025-05-16T07:37:19+00:00</time>
      </trkpt>
      <trkpt lat="45.97739" lon="5.6018">
        <ele>807</ele>
        <time>2025-05-16T07:37:22+00:00</time>
      </trkpt>
      <trkpt lat="45.97735" lon="5.60182">
        <ele>808</ele>
        <time>2025-05-16T07:37:25+00:00</time>
      </trkpt>
      <trkpt lat="45.97715" lon="5.60195">
        <ele>809</ele>
        <time>2025-05-16T07:37:28+00:00</time>
      </trkpt>
      <trkpt lat="45.97692" lon="5.60207">
        <ele>811</ele>
        <time>2025-05-16T07:37:31+00:00</time>
      </trkpt>
      <trkpt lat="45.97682" lon="5.60215">
        <ele>812</ele>
        <time>2025-05-16T07:37:34+00:00</time>
      </trkpt>
      <trkpt lat="45.97674" lon="5.60223">
        <ele>812</ele>
        <time>2025-05-16T07:37:37+00:00</time>
      </trkpt>
      <trkpt lat="45.9767" lon="5.60231">
        <ele>813</ele>
        <time>2025-05-16T07:37:40+00:00</time>
      </trkpt>
      <trkpt lat="45.97671" lon="5.60241">
        <ele>813</ele>
        <time>2025-05-16T07:37:43+00:00</time>
      </trkpt>
      <trkpt lat="45.97674" lon="5.60252">
        <ele>814</ele>
        <time>2025-05-16T07:37:46+00:00</time>
      </trkpt>
      <trkpt lat="45.9769" lon="5.60265">
        <ele>815</ele>
        <time>2025-05-16T07:37:49+00:00</time>
      </trkpt>
      <trkpt lat="45.97714" lon="5.60283">
        <ele>816</ele>
        <time>2025-05-16T07:37:52+00:00</time>
      </trkpt>
      <trkpt lat="45.97745" lon="5.60311">
        <ele>818</ele>
        <time>2025-05-16T07:37:55+00:00</time>
      </trkpt>
      <trkpt lat="45.97765" lon="5.60338">
        <ele>820</ele>
        <time>2025-05-16T07:37:58+00:00</time>
      </trkpt>
      <trkpt lat="45.97795" lon="5.60376">
        <ele>822</ele>
        <time>2025-05-16T07:38:01+00:00</time>
      </trkpt>
      <trkpt lat="45.97815" lon="5.60404">
        <ele>824</ele>
        <time>2025-05-16T07:38:04+00:00</time>
      </trkpt>
      <trkpt lat="45.97845" lon="5.60444">
        <ele>826</ele>
        <time>2025-05-16T07:38:07+00:00</time>
      </trkpt>
      <trkpt lat="45.97865" lon="5.60464">
        <ele>826</ele>
        <time>2025-05-16T07:38:10+00:00</time>
      </trkpt>
      <trkpt lat="45.97891" lon="5.60478">
        <ele>827</ele>
        <time>2025-05-16T07:38:13+00:00</time>
      </trkpt>
      <trkpt lat="45.97928" lon="5.60499">
        <ele>831</ele>
        <time>2025-05-16T07:38:16+00:00</time>
      </trkpt>
      <trkpt lat="45.97962" lon="5.60519">
        <ele>833</ele>
        <time>2025-05-16T07:38:19+00:00</time>
      </trkpt>
      <trkpt lat="45.97996" lon="5.6054">
        <ele>833</ele>
        <time>2025-05-16T07:38:22+00:00</time>
      </trkpt>
      <trkpt lat="45.98026" lon="5.60557">
        <ele>833</ele>
        <time>2025-05-16T07:38:25+00:00</time>
      </trkpt>
      <trkpt lat="45.98056" lon="5.60575">
        <ele>833</ele>
        <time>2025-05-16T07:38:28+00:00</time>
      </trkpt>
      <trkpt lat="45.98096" lon="5.60598">
        <ele>830</ele>
        <time>2025-05-16T07:38:31+00:00</time>
      </trkpt>
      <trkpt lat="45.98123" lon="5.60603">
        <ele>829</ele>
        <time>2025-05-16T07:38:34+00:00</time>
      </trkpt>
      <trkpt lat="45.98136" lon="5.60588">
        <ele>826</ele>
        <time>2025-05-16T07:38:37+00:00</time>
      </trkpt>
      <trkpt lat="45.98147" lon="5.60594">
        <ele>829</ele>
        <time>2025-05-16T07:38:40+00:00</time>
      </trkpt>
      <trkpt lat="45.98191" lon="5.60574">
        <ele>830</ele>
        <time>2025-05-16T07:38:43+00:00</time>
      </trkpt>
      <trkpt lat="45.98217" lon="5.60569">
        <ele>830</ele>
        <time>2025-05-16T07:38:46+00:00</time>
      </trkpt>
      <trkpt lat="45.98248" lon="5.60564">
        <ele>833</ele>
        <time>2025-05-16T07:38:49+00:00</time>
      </trkpt>
      <trkpt lat="45.98272" lon="5.60568">
        <ele>834</ele>
        <time>2025-05-16T07:38:52+00:00</time>
      </trkpt>
      <trkpt lat="45.98298" lon="5.60572">
        <ele>835</ele>
        <time>2025-05-16T07:38:55+00:00</time>
      </trkpt>
      <trkpt lat="45.98324" lon="5.6057">
        <ele>836</ele>
        <time>2025-05-16T07:38:58+00:00</time>
      </trkpt>
      <trkpt lat="45.98359" lon="5.60567">
        <ele>839</ele>
        <time>2025-05-16T07:39:01+00:00</time>
      </trkpt>
      <trkpt lat="45.98391" lon="5.6059">
        <ele>841</ele>
        <time>2025-05-16T07:39:04+00:00</time>
      </trkpt>
      <trkpt lat="45.98425" lon="5.60636">
        <ele>849</ele>
        <time>2025-05-16T07:39:07+00:00</time>
      </trkpt>
      <trkpt lat="45.98433" lon="5.60673">
        <ele>855</ele>
        <time>2025-05-16T07:39:10+00:00</time>
      </trkpt>
      <trkpt lat="45.98445" lon="5.60722">
        <ele>855</ele>
        <time>2025-05-16T07:39:13+00:00</time>
      </trkpt>
      <trkpt lat="45.98473" lon="5.60758">
        <ele>856</ele>
        <time>2025-05-16T07:39:16+00:00</time>
      </trkpt>
      <trkpt lat="45.98503" lon="5.60772">
        <ele>858</ele>
        <time>2025-05-16T07:39:19+00:00</time>
      </trkpt>
      <trkpt lat="45.98513" lon="5.60773">
        <ele>859</ele>
        <time>2025-05-16T07:39:22+00:00</time>
      </trkpt>
      <trkpt lat="45.98518" lon="5.60766">
        <ele>859</ele>
        <time>2025-05-16T07:39:25+00:00</time>
      </trkpt>
      <trkpt lat="45.98542" lon="5.60773">
        <ele>861</ele>
        <time>2025-05-16T07:39:28+00:00</time>
      </trkpt>
      <trkpt lat="45.98584" lon="5.60785">
        <ele>867</ele>
        <time>2025-05-16T07:39:31+00:00</time>
      </trkpt>
      <trkpt lat="45.98625" lon="5.60798">
        <ele>870</ele>
        <time>2025-05-16T07:39:34+00:00</time>
      </trkpt>
      <trkpt lat="45.98657" lon="5.60811">
        <ele>873</ele>
        <time>2025-05-16T07:39:37+00:00</time>
      </trkpt>
      <trkpt lat="45.98687" lon="5.60815">
        <ele>877</ele>
        <time>2025-05-16T07:39:40+00:00</time>
      </trkpt>
      <trkpt lat="45.98688" lon="5.60842">
        <ele>877</ele>
        <time>2025-05-16T07:39:43+00:00</time>
      </trkpt>
      <trkpt lat="45.98712" lon="5.60862">
        <ele>878</ele>
        <time>2025-05-16T07:39:46+00:00</time>
      </trkpt>
      <trkpt lat="45.98729" lon="5.60893">
        <ele>880</ele>
        <time>2025-05-16T07:39:49+00:00</time>
      </trkpt>
      <trkpt lat="45.9873" lon="5.60917">
        <ele>881</ele>
        <time>2025-05-16T07:39:52+00:00</time>
      </trkpt>
      <trkpt lat="45.98715" lon="5.60927">
        <ele>882</ele>
        <time>2025-05-16T07:39:55+00:00</time>
      </trkpt>
      <trkpt lat="45.98682" lon="5.60914">
        <ele>884</ele>
        <time>2025-05-16T07:39:58+00:00</time>
      </trkpt>
      <trkpt lat="45.98656" lon="5.60934">
        <ele>886</ele>
        <time>2025-05-16T07:40:01+00:00</time>
      </trkpt>
      <trkpt lat="45.98647" lon="5.60974">
        <ele>888</ele>
        <time>2025-05-16T07:40:04+00:00</time>
      </trkpt>
      <trkpt lat="45.98633" lon="5.61043">
        <ele>891</ele>
        <time>2025-05-16T07:40:07+00:00</time>
      </trkpt>
      <trkpt lat="45.98636" lon="5.61084">
        <ele>893</ele>
        <time>2025-05-16T07:40:10+00:00</time>
      </trkpt>
      <trkpt lat="45.98647" lon="5.61108">
        <ele>894</ele>
        <time>2025-05-16T07:40:13+00:00</time>
      </trkpt>
      <trkpt lat="45.98652" lon="5.61154">
        <ele>898</ele>
        <time>2025-05-16T07:40:16+00:00</time>
      </trkpt>
      <trkpt lat="45.98658" lon="5.612">
        <ele>902</ele>
        <time>2025-05-16T07:40:19+00:00</time>
      </trkpt>
      <trkpt lat="45.98665" lon="5.61256">
        <ele>904</ele>
        <time>2025-05-16T07:40:22+00:00</time>
      </trkpt>
      <trkpt lat="45.98669" lon="5.61291">
        <ele>908</ele>
        <time>2025-05-16T07:40:25+00:00</time>
      </trkpt>
      <trkpt lat="45.98673" lon="5.61329">
        <ele>909</ele>
        <time>2025-05-16T07:40:28+00:00</time>
      </trkpt>
      <trkpt lat="45.9869" lon="5.61331">
        <ele>910</ele>
        <time>2025-05-16T07:40:31+00:00</time>
      </trkpt>
      <trkpt lat="45.98706" lon="5.61349">
        <ele>912</ele>
        <time>2025-05-16T07:40:34+00:00</time>
      </trkpt>
      <trkpt lat="45.98734" lon="5.61348">
        <ele>912</ele>
        <time>2025-05-16T07:40:37+00:00</time>
      </trkpt>
      <trkpt lat="45.98776" lon="5.61346">
        <ele>914</ele>
        <time>2025-05-16T07:40:40+00:00</time>
      </trkpt>
      <trkpt lat="45.98805" lon="5.61351">
        <ele>914</ele>
        <time>2025-05-16T07:40:43+00:00</time>
      </trkpt>
      <trkpt lat="45.98857" lon="5.61359">
        <ele>914</ele>
        <time>2025-05-16T07:40:46+00:00</time>
      </trkpt>
      <trkpt lat="45.98851" lon="5.614">
        <ele>917</ele>
        <time>2025-05-16T07:40:49+00:00</time>
      </trkpt>
      <trkpt lat="45.98841" lon="5.61471">
        <ele>923</ele>
        <time>2025-05-16T07:40:52+00:00</time>
      </trkpt>
      <trkpt lat="45.98834" lon="5.61516">
        <ele>926</ele>
        <time>2025-05-16T07:40:55+00:00</time>
      </trkpt>
      <trkpt lat="45.98821" lon="5.6155">
        <ele>928</ele>
        <time>2025-05-16T07:40:58+00:00</time>
      </trkpt>
      <trkpt lat="45.98804" lon="5.61595">
        <ele>929</ele>
        <time>2025-05-16T07:41:01+00:00</time>
      </trkpt>
      <trkpt lat="45.98789" lon="5.61636">
        <ele>930</ele>
        <time>2025-05-16T07:41:04+00:00</time>
      </trkpt>
      <trkpt lat="45.98785" lon="5.61688">
        <ele>933</ele>
        <time>2025-05-16T07:41:07+00:00</time>
      </trkpt>
      <trkpt lat="45.98759" lon="5.61733">
        <ele>937</ele>
        <time>2025-05-16T07:41:10+00:00</time>
      </trkpt>
      <trkpt lat="45.98738" lon="5.61771">
        <ele>939</ele>
        <time>2025-05-16T07:41:13+00:00</time>
      </trkpt>
      <trkpt lat="45.98717" lon="5.61809">
        <ele>946</ele>
        <time>2025-05-16T07:41:16+00:00</time>
      </trkpt>
      <trkpt lat="45.98684" lon="5.61868">
        <ele>960</ele>
        <time>2025-05-16T07:41:19+00:00</time>
      </trkpt>
      <trkpt lat="45.98658" lon="5.61913">
        <ele>968</ele>
        <time>2025-05-16T07:41:22+00:00</time>
      </trkpt>
      <trkpt lat="45.98639" lon="5.61946">
        <ele>971</ele>
        <time>2025-05-16T07:41:25+00:00</time>
      </trkpt>
      <trkpt lat="45.98607" lon="5.62005">
        <ele>981</ele>
        <time>2025-05-16T07:41:28+00:00</time>
      </trkpt>
      <trkpt lat="45.98593" lon="5.62019">
        <ele>982</ele>
        <time>2025-05-16T07:41:31+00:00</time>
      </trkpt>
      <trkpt lat="45.98577" lon="5.62031">
        <ele>987</ele>
        <time>2025-05-16T07:41:34+00:00</time>
      </trkpt>
      <trkpt lat="45.98555" lon="5.62067">
        <ele>994</ele>
        <time>2025-05-16T07:41:37+00:00</time>
      </trkpt>
      <trkpt lat="45.98533" lon="5.62102">
        <ele>999</ele>
        <time>2025-05-16T07:41:40+00:00</time>
      </trkpt>
      <trkpt lat="45.98502" lon="5.62153">
        <ele>1008</ele>
        <time>2025-05-16T07:41:43+00:00</time>
      </trkpt>
      <trkpt lat="45.98489" lon="5.6219">
        <ele>1016</ele>
        <time>2025-05-16T07:41:46+00:00</time>
      </trkpt>
      <trkpt lat="45.9847" lon="5.62248">
        <ele>1037</ele>
        <time>2025-05-16T07:41:49+00:00</time>
      </trkpt>
      <trkpt lat="45.98447" lon="5.6228">
        <ele>1041</ele>
        <time>2025-05-16T07:41:52+00:00</time>
      </trkpt>
      <trkpt lat="45.9844" lon="5.62299">
        <ele>1042</ele>
        <time>2025-05-16T07:41:55+00:00</time>
      </trkpt>
      <trkpt lat="45.98437" lon="5.6231">
        <ele>1043</ele>
        <time>2025-05-16T07:41:58+00:00</time>
      </trkpt>
      <trkpt lat="45.98435" lon="5.6233">
        <ele>1049</ele>
        <time>2025-05-16T07:42:01+00:00</time>
      </trkpt>
      <trkpt lat="45.98433" lon="5.6234">
        <ele>1051</ele>
        <time>2025-05-16T07:42:04+00:00</time>
      </trkpt>
      <trkpt lat="45.98429" lon="5.62351">
        <ele>1053</ele>
        <time>2025-05-16T07:42:07+00:00</time>
      </trkpt>
      <trkpt lat="45.98423" lon="5.62374">
        <ele>1056</ele>
        <time>2025-05-16T07:42:10+00:00</time>
      </trkpt>
      <trkpt lat="45.98418" lon="5.624">
        <ele>1064</ele>
        <time>2025-05-16T07:42:13+00:00</time>
      </trkpt>
      <trkpt lat="45.98416" lon="5.62413">
        <ele>1069</ele>
        <time>2025-05-16T07:42:16+00:00</time>
      </trkpt>
      <trkpt lat="45.98411" lon="5.62434">
        <ele>1074</ele>
        <time>2025-05-16T07:42:19+00:00</time>
      </trkpt>
      <trkpt lat="45.98404" lon="5.62472">
        <ele>1088</ele>
        <time>2025-05-16T07:42:22+00:00</time>
      </trkpt>
      <trkpt lat="45.984" lon="5.62485">
        <ele>1092</ele>
        <time>2025-05-16T07:42:25+00:00</time>
      </trkpt>
      <trkpt lat="45.98391" lon="5.62535">
        <ele>1110</ele>
        <time>2025-05-16T07:42:28+00:00</time>
      </trkpt>
      <trkpt lat="45.98383" lon="5.62564">
        <ele>1120</ele>
        <time>2025-05-16T07:42:31+00:00</time>
      </trkpt>
      <trkpt lat="45.98378" lon="5.62588">
        <ele>1130</ele>
        <time>2025-05-16T07:42:34+00:00</time>
      </trkpt>
      <trkpt lat="45.98376" lon="5.62593">
        <ele>1133</ele>
        <time>2025-05-16T07:42:37+00:00</time>
      </trkpt>
      <trkpt lat="45.98373" lon="5.62597">
        <ele>1133</ele>
        <time>2025-05-16T07:42:40+00:00</time>
      </trkpt>
      <trkpt lat="45.98364" lon="5.62602">
        <ele>1136</ele>
        <time>2025-05-16T07:42:43+00:00</time>
      </trkpt>
      <trkpt lat="45.98356" lon="5.62609">
        <ele>1137</ele>
        <time>2025-05-16T07:42:46+00:00</time>
      </trkpt>
      <trkpt lat="45.98348" lon="5.62618">
        <ele>1140</ele>
        <time>2025-05-16T07:42:49+00:00</time>
      </trkpt>
      <trkpt lat="45.98331" lon="5.62633">
        <ele>1145</ele>
        <time>2025-05-16T07:42:52+00:00</time>
      </trkpt>
      <trkpt lat="45.98327" lon="5.62638">
        <ele>1146</ele>
        <time>2025-05-16T07:42:55+00:00</time>
      </trkpt>
      <trkpt lat="45.98323" lon="5.62646">
        <ele>1147</ele>
        <time>2025-05-16T07:42:58+00:00</time>
      </trkpt>
      <trkpt lat="45.9831" lon="5.62677">
        <ele>1152</ele>
        <time>2025-05-16T07:43:01+00:00</time>
      </trkpt>
      <trkpt lat="45.98304" lon="5.62696">
        <ele>1153</ele>
        <time>2025-05-16T07:43:04+00:00</time>
      </trkpt>
      <trkpt lat="45.98297" lon="5.62741">
        <ele>1156</ele>
        <time>2025-05-16T07:43:07+00:00</time>
      </trkpt>
      <trkpt lat="45.98289" lon="5.62785">
        <ele>1168</ele>
        <time>2025-05-16T07:43:10+00:00</time>
      </trkpt>
      <trkpt lat="45.98283" lon="5.62825">
        <ele>1182</ele>
        <time>2025-05-16T07:43:13+00:00</time>
      </trkpt>
      <trkpt lat="45.98273" lon="5.62889">
        <ele>1194</ele>
        <time>2025-05-16T07:43:16+00:00</time>
      </trkpt>
      <trkpt lat="45.98272" lon="5.62928">
        <ele>1199</ele>
        <time>2025-05-16T07:43:19+00:00</time>
      </trkpt>
      <trkpt lat="45.98288" lon="5.62953">
        <ele>1199</ele>
        <time>2025-05-16T07:43:22+00:00</time>
      </trkpt>
      <trkpt lat="45.98321" lon="5.62962">
        <ele>1198</ele>
        <time>2025-05-16T07:43:25+00:00</time>
      </trkpt>
      <trkpt lat="45.98351" lon="5.62966">
        <ele>1197</ele>
        <time>2025-05-16T07:43:28+00:00</time>
      </trkpt>
      <trkpt lat="45.98377" lon="5.62965">
        <ele>1194</ele>
        <time>2025-05-16T07:43:31+00:00</time>
      </trkpt>
      <trkpt lat="45.98409" lon="5.62965">
        <ele>1188</ele>
        <time>2025-05-16T07:43:34+00:00</time>
      </trkpt>
      <trkpt lat="45.98435" lon="5.62974">
        <ele>1181</ele>
        <time>2025-05-16T07:43:37+00:00</time>
      </trkpt>
      <trkpt lat="45.9847" lon="5.62986">
        <ele>1170</ele>
        <time>2025-05-16T07:43:40+00:00</time>
      </trkpt>
      <trkpt lat="45.98493" lon="5.63005">
        <ele>1156</ele>
        <time>2025-05-16T07:43:43+00:00</time>
      </trkpt>
      <trkpt lat="45.98521" lon="5.63029">
        <ele>1145</ele>
        <time>2025-05-16T07:43:46+00:00</time>
      </trkpt>
      <trkpt lat="45.98557" lon="5.63068">
        <ele>1134</ele>
        <time>2025-05-16T07:43:49+00:00</time>
      </trkpt>
      <trkpt lat="45.98574" lon="5.63095">
        <ele>1125</ele>
        <time>2025-05-16T07:43:52+00:00</time>
      </trkpt>
      <trkpt lat="45.98565" lon="5.63119">
        <ele>1117</ele>
        <time>2025-05-16T07:43:55+00:00</time>
      </trkpt>
      <trkpt lat="45.9855" lon="5.63153">
        <ele>1109</ele>
        <time>2025-05-16T07:43:58+00:00</time>
      </trkpt>
      <trkpt lat="45.98529" lon="5.63201">
        <ele>1100</ele>
        <time>2025-05-16T07:44:01+00:00</time>
      </trkpt>
      <trkpt lat="45.98527" lon="5.63225">
        <ele>1098</ele>
        <time>2025-05-16T07:44:04+00:00</time>
      </trkpt>
      <trkpt lat="45.98527" lon="5.63254">
        <ele>1094</ele>
        <time>2025-05-16T07:44:07+00:00</time>
      </trkpt>
      <trkpt lat="45.98528" lon="5.63295">
        <ele>1091</ele>
        <time>2025-05-16T07:44:10+00:00</time>
      </trkpt>
      <trkpt lat="45.98496" lon="5.63325">
        <ele>1090</ele>
        <time>2025-05-16T07:44:13+00:00</time>
      </trkpt>
      <trkpt lat="45.98482" lon="5.63352">
        <ele>1089</ele>
        <time>2025-05-16T07:44:16+00:00</time>
      </trkpt>
      <trkpt lat="45.98453" lon="5.63393">
        <ele>1085</ele>
        <time>2025-05-16T07:44:19+00:00</time>
      </trkpt>
      <trkpt lat="45.98436" lon="5.63416">
        <ele>1083</ele>
        <time>2025-05-16T07:44:22+00:00</time>
      </trkpt>
      <trkpt lat="45.98418" lon="5.63439">
        <ele>1083</ele>
        <time>2025-05-16T07:44:25+00:00</time>
      </trkpt>
      <trkpt lat="45.98394" lon="5.63447">
        <ele>1082</ele>
        <time>2025-05-16T07:44:28+00:00</time>
      </trkpt>
      <trkpt lat="45.98366" lon="5.63456">
        <ele>1080</ele>
        <time>2025-05-16T07:44:31+00:00</time>
      </trkpt>
      <trkpt lat="45.98344" lon="5.63464">
        <ele>1079</ele>
        <time>2025-05-16T07:44:34+00:00</time>
      </trkpt>
      <trkpt lat="45.9833" lon="5.63485">
        <ele>1079</ele>
        <time>2025-05-16T07:44:37+00:00</time>
      </trkpt>
      <trkpt lat="45.98336" lon="5.63517">
        <ele>1079</ele>
        <time>2025-05-16T07:44:40+00:00</time>
      </trkpt>
      <trkpt lat="45.98342" lon="5.63557">
        <ele>1080</ele>
        <time>2025-05-16T07:44:43+00:00</time>
      </trkpt>
      <trkpt lat="45.98351" lon="5.6359">
        <ele>1081</ele>
        <time>2025-05-16T07:44:46+00:00</time>
      </trkpt>
      <trkpt lat="45.98361" lon="5.63628">
        <ele>1083</ele>
        <time>2025-05-16T07:44:49+00:00</time>
      </trkpt>
      <trkpt lat="45.9838" lon="5.63657">
        <ele>1083</ele>
        <time>2025-05-16T07:44:52+00:00</time>
      </trkpt>
      <trkpt lat="45.98409" lon="5.63699">
        <ele>1085</ele>
        <time>2025-05-16T07:44:55+00:00</time>
      </trkpt>
      <trkpt lat="45.98428" lon="5.63721">
        <ele>1085</ele>
        <time>2025-05-16T07:44:58+00:00</time>
      </trkpt>
      <trkpt lat="45.9845" lon="5.63746">
        <ele>1086</ele>
        <time>2025-05-16T07:45:01+00:00</time>
      </trkpt>
      <trkpt lat="45.98451" lon="5.63748">
        <ele>1085</ele>
        <time>2025-05-16T07:45:04+00:00</time>
      </trkpt>
      <trkpt lat="45.98459" lon="5.63798">
        <ele>1091</ele>
        <time>2025-05-16T07:45:07+00:00</time>
      </trkpt>
      <trkpt lat="45.98468" lon="5.63823">
        <ele>1092</ele>
        <time>2025-05-16T07:45:10+00:00</time>
      </trkpt>
      <trkpt lat="45.98473" lon="5.63866">
        <ele>1099</ele>
        <time>2025-05-16T07:45:13+00:00</time>
      </trkpt>
      <trkpt lat="45.98507" lon="5.63893">
        <ele>1102</ele>
        <time>2025-05-16T07:45:16+00:00</time>
      </trkpt>
      <trkpt lat="45.98511" lon="5.63901">
        <ele>1103</ele>
        <time>2025-05-16T07:45:19+00:00</time>
      </trkpt>
      <trkpt lat="45.98511" lon="5.63908">
        <ele>1103</ele>
        <time>2025-05-16T07:45:22+00:00</time>
      </trkpt>
      <trkpt lat="45.98508" lon="5.63912">
        <ele>1103</ele>
        <time>2025-05-16T07:45:25+00:00</time>
      </trkpt>
      <trkpt lat="45.98484" lon="5.63923">
        <ele>1105</ele>
        <time>2025-05-16T07:45:28+00:00</time>
      </trkpt>
      <trkpt lat="45.98475" lon="5.63923">
        <ele>1106</ele>
        <time>2025-05-16T07:45:31+00:00</time>
      </trkpt>
      <trkpt lat="45.98442" lon="5.63913">
        <ele>1108</ele>
        <time>2025-05-16T07:45:34+00:00</time>
      </trkpt>
      <trkpt lat="45.98425" lon="5.63917">
        <ele>1109</ele>
        <time>2025-05-16T07:45:37+00:00</time>
      </trkpt>
      <trkpt lat="45.9841" lon="5.6393">
        <ele>1110</ele>
        <time>2025-05-16T07:45:40+00:00</time>
      </trkpt>
      <trkpt lat="45.98408" lon="5.63954">
        <ele>1115</ele>
        <time>2025-05-16T07:45:43+00:00</time>
      </trkpt>
      <trkpt lat="45.98405" lon="5.63962">
        <ele>1110</ele>
        <time>2025-05-16T07:45:46+00:00</time>
      </trkpt>
      <trkpt lat="45.98403" lon="5.6397">
        <ele>1113</ele>
        <time>2025-05-16T07:45:49+00:00</time>
      </trkpt>
      <trkpt lat="45.98398" lon="5.63977">
        <ele>1113</ele>
        <time>2025-05-16T07:45:52+00:00</time>
      </trkpt>
      <trkpt lat="45.98381" lon="5.63997">
        <ele>1110</ele>
        <time>2025-05-16T07:45:55+00:00</time>
      </trkpt>
      <trkpt lat="45.98379" lon="5.64002">
        <ele>1113</ele>
        <time>2025-05-16T07:45:58+00:00</time>
      </trkpt>
      <trkpt lat="45.98369" lon="5.64018">
        <ele>1108</ele>
        <time>2025-05-16T07:46:01+00:00</time>
      </trkpt>
      <trkpt lat="45.98362" lon="5.64036">
        <ele>1107</ele>
        <time>2025-05-16T07:46:04+00:00</time>
      </trkpt>
      <trkpt lat="45.98361" lon="5.64043">
        <ele>1106</ele>
        <time>2025-05-16T07:46:07+00:00</time>
      </trkpt>
      <trkpt lat="45.98359" lon="5.64049">
        <ele>1109</ele>
        <time>2025-05-16T07:46:10+00:00</time>
      </trkpt>
      <trkpt lat="45.98351" lon="5.64066">
        <ele>1106</ele>
        <time>2025-05-16T07:46:13+00:00</time>
      </trkpt>
      <trkpt lat="45.98343" lon="5.64079">
        <ele>1106</ele>
        <time>2025-05-16T07:46:16+00:00</time>
      </trkpt>
      <trkpt lat="45.98338" lon="5.6409">
        <ele>1104</ele>
        <time>2025-05-16T07:46:19+00:00</time>
      </trkpt>
      <trkpt lat="45.98336" lon="5.64105">
        <ele>1103</ele>
        <time>2025-05-16T07:46:22+00:00</time>
      </trkpt>
      <trkpt lat="45.98337" lon="5.64123">
        <ele>1102</ele>
        <time>2025-05-16T07:46:25+00:00</time>
      </trkpt>
      <trkpt lat="45.98341" lon="5.64141">
        <ele>1101</ele>
        <time>2025-05-16T07:46:28+00:00</time>
      </trkpt>
      <trkpt lat="45.98347" lon="5.64159">
        <ele>1100</ele>
        <time>2025-05-16T07:46:31+00:00</time>
      </trkpt>
      <trkpt lat="45.98347" lon="5.64183">
        <ele>1099</ele>
        <time>2025-05-16T07:46:34+00:00</time>
      </trkpt>
      <trkpt lat="45.98346" lon="5.64189">
        <ele>1099</ele>
        <time>2025-05-16T07:46:37+00:00</time>
      </trkpt>
      <trkpt lat="45.98345" lon="5.6419">
        <ele>1099</ele>
        <time>2025-05-16T07:46:40+00:00</time>
      </trkpt>
      <trkpt lat="45.98344" lon="5.64196">
        <ele>1099</ele>
        <time>2025-05-16T07:46:43+00:00</time>
      </trkpt>
      <trkpt lat="45.98341" lon="5.64202">
        <ele>1097</ele>
        <time>2025-05-16T07:46:46+00:00</time>
      </trkpt>
      <trkpt lat="45.98339" lon="5.64208">
        <ele>1098</ele>
        <time>2025-05-16T07:46:49+00:00</time>
      </trkpt>
      <trkpt lat="45.9833" lon="5.64218">
        <ele>1097</ele>
        <time>2025-05-16T07:46:52+00:00</time>
      </trkpt>
      <trkpt lat="45.9832" lon="5.64226">
        <ele>1097</ele>
        <time>2025-05-16T07:46:55+00:00</time>
      </trkpt>
      <trkpt lat="45.98305" lon="5.64237">
        <ele>1096</ele>
        <time>2025-05-16T07:46:58+00:00</time>
      </trkpt>
      <trkpt lat="45.98285" lon="5.64249">
        <ele>1093</ele>
        <time>2025-05-16T07:47:01+00:00</time>
      </trkpt>
      <trkpt lat="45.98264" lon="5.64263">
        <ele>1091</ele>
        <time>2025-05-16T07:47:04+00:00</time>
      </trkpt>
      <trkpt lat="45.98259" lon="5.64266">
        <ele>1091</ele>
        <time>2025-05-16T07:47:07+00:00</time>
      </trkpt>
      <trkpt lat="45.98224" lon="5.6428">
        <ele>1088</ele>
        <time>2025-05-16T07:47:10+00:00</time>
      </trkpt>
      <trkpt lat="45.98194" lon="5.64312">
        <ele>1080</ele>
        <time>2025-05-16T07:47:13+00:00</time>
      </trkpt>
      <trkpt lat="45.98222" lon="5.64327">
        <ele>1078</ele>
        <time>2025-05-16T07:47:16+00:00</time>
      </trkpt>
      <trkpt lat="45.98275" lon="5.64355">
        <ele>1070</ele>
        <time>2025-05-16T07:47:19+00:00</time>
      </trkpt>
      <trkpt lat="45.98297" lon="5.64375">
        <ele>1064</ele>
        <time>2025-05-16T07:47:22+00:00</time>
      </trkpt>
      <trkpt lat="45.98323" lon="5.644">
        <ele>1059</ele>
        <time>2025-05-16T07:47:25+00:00</time>
      </trkpt>
      <trkpt lat="45.98354" lon="5.64415">
        <ele>1056</ele>
        <time>2025-05-16T07:47:28+00:00</time>
      </trkpt>
      <trkpt lat="45.98381" lon="5.64428">
        <ele>1048</ele>
        <time>2025-05-16T07:47:31+00:00</time>
      </trkpt>
      <trkpt lat="45.98421" lon="5.64449">
        <ele>1036</ele>
        <time>2025-05-16T07:47:34+00:00</time>
      </trkpt>
      <trkpt lat="45.98431" lon="5.64485">
        <ele>1034</ele>
        <time>2025-05-16T07:47:37+00:00</time>
      </trkpt>
      <trkpt lat="45.98443" lon="5.64536">
        <ele>1024</ele>
        <time>2025-05-16T07:47:40+00:00</time>
      </trkpt>
      <trkpt lat="45.98445" lon="5.64572">
        <ele>1020</ele>
        <time>2025-05-16T07:47:43+00:00</time>
      </trkpt>
      <trkpt lat="45.98446" lon="5.64612">
        <ele>1017</ele>
        <time>2025-05-16T07:47:46+00:00</time>
      </trkpt>
      <trkpt lat="45.98447" lon="5.64669">
        <ele>1012</ele>
        <time>2025-05-16T07:47:49+00:00</time>
      </trkpt>
      <trkpt lat="45.98449" lon="5.64699">
        <ele>1012</ele>
        <time>2025-05-16T07:47:52+00:00</time>
      </trkpt>
      <trkpt lat="45.98448" lon="5.64713">
        <ele>1012</ele>
        <time>2025-05-16T07:47:55+00:00</time>
      </trkpt>
      <trkpt lat="45.98445" lon="5.64723">
        <ele>1011</ele>
        <time>2025-05-16T07:47:58+00:00</time>
      </trkpt>
      <trkpt lat="45.9844" lon="5.64736">
        <ele>1012</ele>
        <time>2025-05-16T07:48:01+00:00</time>
      </trkpt>
      <trkpt lat="45.9844" lon="5.6476">
        <ele>1011</ele>
        <time>2025-05-16T07:48:04+00:00</time>
      </trkpt>
      <trkpt lat="45.98442" lon="5.6477">
        <ele>1010</ele>
        <time>2025-05-16T07:48:07+00:00</time>
      </trkpt>
      <trkpt lat="45.98446" lon="5.64805">
        <ele>1008</ele>
        <time>2025-05-16T07:48:10+00:00</time>
      </trkpt>
      <trkpt lat="45.98444" lon="5.6482">
        <ele>1008</ele>
        <time>2025-05-16T07:48:13+00:00</time>
      </trkpt>
      <trkpt lat="45.98434" lon="5.64843">
        <ele>1006</ele>
        <time>2025-05-16T07:48:16+00:00</time>
      </trkpt>
      <trkpt lat="45.98433" lon="5.64844">
        <ele>1006</ele>
        <time>2025-05-16T07:48:19+00:00</time>
      </trkpt>
      <trkpt lat="45.98421" lon="5.64867">
        <ele>1004</ele>
        <time>2025-05-16T07:48:22+00:00</time>
      </trkpt>
      <trkpt lat="45.98412" lon="5.64874">
        <ele>1002</ele>
        <time>2025-05-16T07:48:25+00:00</time>
      </trkpt>
      <trkpt lat="45.98399" lon="5.64881">
        <ele>1000</ele>
        <time>2025-05-16T07:48:28+00:00</time>
      </trkpt>
      <trkpt lat="45.98383" lon="5.64885">
        <ele>1000</ele>
        <time>2025-05-16T07:48:31+00:00</time>
      </trkpt>
      <trkpt lat="45.98368" lon="5.64894">
        <ele>998</ele>
        <time>2025-05-16T07:48:34+00:00</time>
      </trkpt>
      <trkpt lat="45.98339" lon="5.64912">
        <ele>994</ele>
        <time>2025-05-16T07:48:37+00:00</time>
      </trkpt>
      <trkpt lat="45.98325" lon="5.64924">
        <ele>993</ele>
        <time>2025-05-16T07:48:40+00:00</time>
      </trkpt>
      <trkpt lat="45.98303" lon="5.64938">
        <ele>991</ele>
        <time>2025-05-16T07:48:43+00:00</time>
      </trkpt>
      <trkpt lat="45.98292" lon="5.64947">
        <ele>989</ele>
        <time>2025-05-16T07:48:46+00:00</time>
      </trkpt>
      <trkpt lat="45.98281" lon="5.64959">
        <ele>988</ele>
        <time>2025-05-16T07:48:49+00:00</time>
      </trkpt>
      <trkpt lat="45.98272" lon="5.6497">
        <ele>987</ele>
        <time>2025-05-16T07:48:52+00:00</time>
      </trkpt>
      <trkpt lat="45.98263" lon="5.64983">
        <ele>985</ele>
        <time>2025-05-16T07:48:55+00:00</time>
      </trkpt>
      <trkpt lat="45.9825" lon="5.64999">
        <ele>981</ele>
        <time>2025-05-16T07:48:58+00:00</time>
      </trkpt>
      <trkpt lat="45.98246" lon="5.65001">
        <ele>981</ele>
        <time>2025-05-16T07:49:01+00:00</time>
      </trkpt>
      <trkpt lat="45.98242" lon="5.65002">
        <ele>981</ele>
        <time>2025-05-16T07:49:04+00:00</time>
      </trkpt>
      <trkpt lat="45.98238" lon="5.65002">
        <ele>979</ele>
        <time>2025-05-16T07:49:07+00:00</time>
      </trkpt>
      <trkpt lat="45.98232" lon="5.64999">
        <ele>979</ele>
        <time>2025-05-16T07:49:10+00:00</time>
      </trkpt>
      <trkpt lat="45.98215" lon="5.64982">
        <ele>976</ele>
        <time>2025-05-16T07:49:13+00:00</time>
      </trkpt>
      <trkpt lat="45.98209" lon="5.64978">
        <ele>976</ele>
        <time>2025-05-16T07:49:16+00:00</time>
      </trkpt>
      <trkpt lat="45.98203" lon="5.64978">
        <ele>976</ele>
        <time>2025-05-16T07:49:19+00:00</time>
      </trkpt>
      <trkpt lat="45.98194" lon="5.64985">
        <ele>976</ele>
        <time>2025-05-16T07:49:22+00:00</time>
      </trkpt>
      <trkpt lat="45.98191" lon="5.6499">
        <ele>976</ele>
        <time>2025-05-16T07:49:25+00:00</time>
      </trkpt>
      <trkpt lat="45.98188" lon="5.64998">
        <ele>977</ele>
        <time>2025-05-16T07:49:28+00:00</time>
      </trkpt>
      <trkpt lat="45.98187" lon="5.65005">
        <ele>976</ele>
        <time>2025-05-16T07:49:31+00:00</time>
      </trkpt>
      <trkpt lat="45.98187" lon="5.65018">
        <ele>975</ele>
        <time>2025-05-16T07:49:34+00:00</time>
      </trkpt>
      <trkpt lat="45.98188" lon="5.65034">
        <ele>973</ele>
        <time>2025-05-16T07:49:37+00:00</time>
      </trkpt>
      <trkpt lat="45.98191" lon="5.65054">
        <ele>971</ele>
        <time>2025-05-16T07:49:40+00:00</time>
      </trkpt>
      <trkpt lat="45.98195" lon="5.65105">
        <ele>968</ele>
        <time>2025-05-16T07:49:43+00:00</time>
      </trkpt>
      <trkpt lat="45.98194" lon="5.65128">
        <ele>965</ele>
        <time>2025-05-16T07:49:46+00:00</time>
      </trkpt>
      <trkpt lat="45.98189" lon="5.65154">
        <ele>963</ele>
        <time>2025-05-16T07:49:49+00:00</time>
      </trkpt>
      <trkpt lat="45.98182" lon="5.65175">
        <ele>961</ele>
        <time>2025-05-16T07:49:52+00:00</time>
      </trkpt>
      <trkpt lat="45.98176" lon="5.65197">
        <ele>961</ele>
        <time>2025-05-16T07:49:55+00:00</time>
      </trkpt>
      <trkpt lat="45.98171" lon="5.65218">
        <ele>960</ele>
        <time>2025-05-16T07:49:58+00:00</time>
      </trkpt>
      <trkpt lat="45.98168" lon="5.65244">
        <ele>958</ele>
        <time>2025-05-16T07:50:01+00:00</time>
      </trkpt>
      <trkpt lat="45.98167" lon="5.65262">
        <ele>957</ele>
        <time>2025-05-16T07:50:04+00:00</time>
      </trkpt>
      <trkpt lat="45.98167" lon="5.65276">
        <ele>956</ele>
        <time>2025-05-16T07:50:07+00:00</time>
      </trkpt>
      <trkpt lat="45.98166" lon="5.65287">
        <ele>955</ele>
        <time>2025-05-16T07:50:10+00:00</time>
      </trkpt>
      <trkpt lat="45.98164" lon="5.65294">
        <ele>953</ele>
        <time>2025-05-16T07:50:13+00:00</time>
      </trkpt>
      <trkpt lat="45.98157" lon="5.6531">
        <ele>951</ele>
        <time>2025-05-16T07:50:16+00:00</time>
      </trkpt>
      <trkpt lat="45.98141" lon="5.65332">
        <ele>946</ele>
        <time>2025-05-16T07:50:19+00:00</time>
      </trkpt>
      <trkpt lat="45.98134" lon="5.6535">
        <ele>944</ele>
        <time>2025-05-16T07:50:22+00:00</time>
      </trkpt>
      <trkpt lat="45.98121" lon="5.65371">
        <ele>938</ele>
        <time>2025-05-16T07:50:25+00:00</time>
      </trkpt>
      <trkpt lat="45.98114" lon="5.65381">
        <ele>936</ele>
        <time>2025-05-16T07:50:28+00:00</time>
      </trkpt>
      <trkpt lat="45.98107" lon="5.65388">
        <ele>935</ele>
        <time>2025-05-16T07:50:31+00:00</time>
      </trkpt>
      <trkpt lat="45.98087" lon="5.65402">
        <ele>930</ele>
        <time>2025-05-16T07:50:34+00:00</time>
      </trkpt>
      <trkpt lat="45.9807" lon="5.65412">
        <ele>926</ele>
        <time>2025-05-16T07:50:37+00:00</time>
      </trkpt>
      <trkpt lat="45.98057" lon="5.65417">
        <ele>925</ele>
        <time>2025-05-16T07:50:40+00:00</time>
      </trkpt>
      <trkpt lat="45.98022" lon="5.65426">
        <ele>922</ele>
        <time>2025-05-16T07:50:43+00:00</time>
      </trkpt>
      <trkpt lat="45.97981" lon="5.65448">
        <ele>916</ele>
        <time>2025-05-16T07:50:46+00:00</time>
      </trkpt>
      <trkpt lat="45.97974" lon="5.65451">
        <ele>914</ele>
        <time>2025-05-16T07:50:49+00:00</time>
      </trkpt>
      <trkpt lat="45.97964" lon="5.65457">
        <ele>913</ele>
        <time>2025-05-16T07:50:52+00:00</time>
      </trkpt>
      <trkpt lat="45.97952" lon="5.65462">
        <ele>912</ele>
        <time>2025-05-16T07:50:55+00:00</time>
      </trkpt>
      <trkpt lat="45.97941" lon="5.65463">
        <ele>912</ele>
        <time>2025-05-16T07:50:58+00:00</time>
      </trkpt>
      <trkpt lat="45.97929" lon="5.65463">
        <ele>910</ele>
        <time>2025-05-16T07:51:01+00:00</time>
      </trkpt>
      <trkpt lat="45.97884" lon="5.65447">
        <ele>908</ele>
        <time>2025-05-16T07:51:04+00:00</time>
      </trkpt>
      <trkpt lat="45.97875" lon="5.65445">
        <ele>907</ele>
        <time>2025-05-16T07:51:07+00:00</time>
      </trkpt>
      <trkpt lat="45.97864" lon="5.65444">
        <ele>906</ele>
        <time>2025-05-16T07:51:10+00:00</time>
      </trkpt>
      <trkpt lat="45.97854" lon="5.65447">
        <ele>906</ele>
        <time>2025-05-16T07:51:13+00:00</time>
      </trkpt>
      <trkpt lat="45.97846" lon="5.65447">
        <ele>905</ele>
        <time>2025-05-16T07:51:16+00:00</time>
      </trkpt>
      <trkpt lat="45.97827" lon="5.65449">
        <ele>904</ele>
        <time>2025-05-16T07:51:19+00:00</time>
      </trkpt>
      <trkpt lat="45.97819" lon="5.65453">
        <ele>903</ele>
        <time>2025-05-16T07:51:22+00:00</time>
      </trkpt>
      <trkpt lat="45.97815" lon="5.65467">
        <ele>902</ele>
        <time>2025-05-16T07:51:25+00:00</time>
      </trkpt>
      <trkpt lat="45.97816" lon="5.6548">
        <ele>901</ele>
        <time>2025-05-16T07:51:28+00:00</time>
      </trkpt>
      <trkpt lat="45.97819" lon="5.65487">
        <ele>899</ele>
        <time>2025-05-16T07:51:31+00:00</time>
      </trkpt>
      <trkpt lat="45.97825" lon="5.65493">
        <ele>898</ele>
        <time>2025-05-16T07:51:34+00:00</time>
      </trkpt>
      <trkpt lat="45.97848" lon="5.65505">
        <ele>895</ele>
        <time>2025-05-16T07:51:37+00:00</time>
      </trkpt>
      <trkpt lat="45.97891" lon="5.65522">
        <ele>886</ele>
        <time>2025-05-16T07:51:40+00:00</time>
      </trkpt>
      <trkpt lat="45.97905" lon="5.65531">
        <ele>881</ele>
        <time>2025-05-16T07:51:43+00:00</time>
      </trkpt>
      <trkpt lat="45.97923" lon="5.65544">
        <ele>878</ele>
        <time>2025-05-16T07:51:46+00:00</time>
      </trkpt>
      <trkpt lat="45.97945" lon="5.65558">
        <ele>876</ele>
        <time>2025-05-16T07:51:49+00:00</time>
      </trkpt>
      <trkpt lat="45.97967" lon="5.65573">
        <ele>870</ele>
        <time>2025-05-16T07:51:52+00:00</time>
      </trkpt>
      <trkpt lat="45.9798" lon="5.6558">
        <ele>871</ele>
        <time>2025-05-16T07:51:55+00:00</time>
      </trkpt>
      <trkpt lat="45.97982" lon="5.65582">
        <ele>868</ele>
        <time>2025-05-16T07:51:58+00:00</time>
      </trkpt>
      <trkpt lat="45.97998" lon="5.65593">
        <ele>862</ele>
        <time>2025-05-16T07:52:01+00:00</time>
      </trkpt>
      <trkpt lat="45.98017" lon="5.65607">
        <ele>861</ele>
        <time>2025-05-16T07:52:04+00:00</time>
      </trkpt>
      <trkpt lat="45.98021" lon="5.65614">
        <ele>859</ele>
        <time>2025-05-16T07:52:07+00:00</time>
      </trkpt>
      <trkpt lat="45.97988" lon="5.65602">
        <ele>861</ele>
        <time>2025-05-16T07:52:10+00:00</time>
      </trkpt>
      <trkpt lat="45.97974" lon="5.65596">
        <ele>863</ele>
        <time>2025-05-16T07:52:13+00:00</time>
      </trkpt>
      <trkpt lat="45.97954" lon="5.65609">
        <ele>860</ele>
        <time>2025-05-16T07:52:16+00:00</time>
      </trkpt>
      <trkpt lat="45.97924" lon="5.65628">
        <ele>851</ele>
        <time>2025-05-16T07:52:19+00:00</time>
      </trkpt>
      <trkpt lat="45.97896" lon="5.65647">
        <ele>843</ele>
        <time>2025-05-16T07:52:22+00:00</time>
      </trkpt>
      <trkpt lat="45.97865" lon="5.65666">
        <ele>831</ele>
        <time>2025-05-16T07:52:25+00:00</time>
      </trkpt>
      <trkpt lat="45.97848" lon="5.65682">
        <ele>824</ele>
        <time>2025-05-16T07:52:28+00:00</time>
      </trkpt>
      <trkpt lat="45.97818" lon="5.65722">
        <ele>808</ele>
        <time>2025-05-16T07:52:31+00:00</time>
      </trkpt>
      <trkpt lat="45.97812" lon="5.65731">
        <ele>805</ele>
        <time>2025-05-16T07:52:34+00:00</time>
      </trkpt>
      <trkpt lat="45.97801" lon="5.65742">
        <ele>802</ele>
        <time>2025-05-16T07:52:37+00:00</time>
      </trkpt>
      <trkpt lat="45.9779" lon="5.65748">
        <ele>801</ele>
        <time>2025-05-16T07:52:40+00:00</time>
      </trkpt>
      <trkpt lat="45.97768" lon="5.65756">
        <ele>797</ele>
        <time>2025-05-16T07:52:43+00:00</time>
      </trkpt>
      <trkpt lat="45.97736" lon="5.65768">
        <ele>794</ele>
        <time>2025-05-16T07:52:46+00:00</time>
      </trkpt>
      <trkpt lat="45.97723" lon="5.65778">
        <ele>791</ele>
        <time>2025-05-16T07:52:49+00:00</time>
      </trkpt>
      <trkpt lat="45.97712" lon="5.65791">
        <ele>784</ele>
        <time>2025-05-16T07:52:52+00:00</time>
      </trkpt>
      <trkpt lat="45.97705" lon="5.65805">
        <ele>781</ele>
        <time>2025-05-16T07:52:55+00:00</time>
      </trkpt>
      <trkpt lat="45.977" lon="5.6582">
        <ele>780</ele>
        <time>2025-05-16T07:52:58+00:00</time>
      </trkpt>
      <trkpt lat="45.97697" lon="5.65839">
        <ele>776</ele>
        <time>2025-05-16T07:53:01+00:00</time>
      </trkpt>
      <trkpt lat="45.97695" lon="5.65884">
        <ele>766</ele>
        <time>2025-05-16T07:53:04+00:00</time>
      </trkpt>
      <trkpt lat="45.97693" lon="5.65896">
        <ele>764</ele>
        <time>2025-05-16T07:53:07+00:00</time>
      </trkpt>
      <trkpt lat="45.97686" lon="5.65908">
        <ele>760</ele>
        <time>2025-05-16T07:53:10+00:00</time>
      </trkpt>
      <trkpt lat="45.97676" lon="5.6592">
        <ele>757</ele>
        <time>2025-05-16T07:53:13+00:00</time>
      </trkpt>
      <trkpt lat="45.97663" lon="5.65929">
        <ele>754</ele>
        <time>2025-05-16T07:53:16+00:00</time>
      </trkpt>
      <trkpt lat="45.97654" lon="5.65938">
        <ele>751</ele>
        <time>2025-05-16T07:53:19+00:00</time>
      </trkpt>
      <trkpt lat="45.97637" lon="5.65949">
        <ele>747</ele>
        <time>2025-05-16T07:53:22+00:00</time>
      </trkpt>
      <trkpt lat="45.97626" lon="5.65969">
        <ele>745</ele>
        <time>2025-05-16T07:53:25+00:00</time>
      </trkpt>
      <trkpt lat="45.97616" lon="5.65989">
        <ele>743</ele>
        <time>2025-05-16T07:53:28+00:00</time>
      </trkpt>
      <trkpt lat="45.97605" lon="5.66013">
        <ele>740</ele>
        <time>2025-05-16T07:53:31+00:00</time>
      </trkpt>
      <trkpt lat="45.976" lon="5.66078">
        <ele>736</ele>
        <time>2025-05-16T07:53:34+00:00</time>
      </trkpt>
      <trkpt lat="45.97599" lon="5.66084">
        <ele>736</ele>
        <time>2025-05-16T07:53:37+00:00</time>
      </trkpt>
      <trkpt lat="45.9759" lon="5.66111">
        <ele>734</ele>
        <time>2025-05-16T07:53:40+00:00</time>
      </trkpt>
      <trkpt lat="45.97577" lon="5.66146">
        <ele>732</ele>
        <time>2025-05-16T07:53:43+00:00</time>
      </trkpt>
      <trkpt lat="45.97574" lon="5.66157">
        <ele>731</ele>
        <time>2025-05-16T07:53:46+00:00</time>
      </trkpt>
      <trkpt lat="45.97565" lon="5.66173">
        <ele>731</ele>
        <time>2025-05-16T07:53:49+00:00</time>
      </trkpt>
      <trkpt lat="45.97604" lon="5.66177">
        <ele>731</ele>
        <time>2025-05-16T07:53:52+00:00</time>
      </trkpt>
      <trkpt lat="45.9763" lon="5.66181">
        <ele>731</ele>
        <time>2025-05-16T07:53:55+00:00</time>
      </trkpt>
      <trkpt lat="45.97653" lon="5.66182">
        <ele>731</ele>
        <time>2025-05-16T07:53:58+00:00</time>
      </trkpt>
      <trkpt lat="45.97677" lon="5.66183">
        <ele>731</ele>
        <time>2025-05-16T07:54:01+00:00</time>
      </trkpt>
      <trkpt lat="45.97694" lon="5.66185">
        <ele>732</ele>
        <time>2025-05-16T07:54:04+00:00</time>
      </trkpt>
      <trkpt lat="45.97708" lon="5.66188">
        <ele>731</ele>
        <time>2025-05-16T07:54:07+00:00</time>
      </trkpt>
      <trkpt lat="45.97737" lon="5.66191">
        <ele>731</ele>
        <time>2025-05-16T07:54:10+00:00</time>
      </trkpt>
      <trkpt lat="45.97761" lon="5.6619">
        <ele>731</ele>
        <time>2025-05-16T07:54:13+00:00</time>
      </trkpt>
      <trkpt lat="45.97767" lon="5.66189">
        <ele>731</ele>
        <time>2025-05-16T07:54:16+00:00</time>
      </trkpt>
      <trkpt lat="45.97764" lon="5.66223">
        <ele>727</ele>
        <time>2025-05-16T07:54:19+00:00</time>
      </trkpt>
      <trkpt lat="45.97765" lon="5.66278">
        <ele>724</ele>
        <time>2025-05-16T07:54:22+00:00</time>
      </trkpt>
      <trkpt lat="45.97772" lon="5.66314">
        <ele>721</ele>
        <time>2025-05-16T07:54:25+00:00</time>
      </trkpt>
      <trkpt lat="45.97784" lon="5.66336">
        <ele>720</ele>
        <time>2025-05-16T07:54:28+00:00</time>
      </trkpt>
      <trkpt lat="45.97788" lon="5.66359">
        <ele>719</ele>
        <time>2025-05-16T07:54:31+00:00</time>
      </trkpt>
      <trkpt lat="45.97789" lon="5.6637">
        <ele>718</ele>
        <time>2025-05-16T07:54:34+00:00</time>
      </trkpt>
      <trkpt lat="45.97788" lon="5.66379">
        <ele>717</ele>
        <time>2025-05-16T07:54:37+00:00</time>
      </trkpt>
      <trkpt lat="45.97782" lon="5.66399">
        <ele>715</ele>
        <time>2025-05-16T07:54:40+00:00</time>
      </trkpt>
      <trkpt lat="45.97775" lon="5.6642">
        <ele>714</ele>
        <time>2025-05-16T07:54:43+00:00</time>
      </trkpt>
      <trkpt lat="45.9777" lon="5.66433">
        <ele>714</ele>
        <time>2025-05-16T07:54:46+00:00</time>
      </trkpt>
      <trkpt lat="45.97767" lon="5.66445">
        <ele>713</ele>
        <time>2025-05-16T07:54:49+00:00</time>
      </trkpt>
      <trkpt lat="45.97766" lon="5.66453">
        <ele>713</ele>
        <time>2025-05-16T07:54:52+00:00</time>
      </trkpt>
      <trkpt lat="45.97761" lon="5.66465">
        <ele>712</ele>
        <time>2025-05-16T07:54:55+00:00</time>
      </trkpt>
      <trkpt lat="45.97756" lon="5.66481">
        <ele>712</ele>
        <time>2025-05-16T07:54:58+00:00</time>
      </trkpt>
      <trkpt lat="45.97751" lon="5.66494">
        <ele>711</ele>
        <time>2025-05-16T07:55:01+00:00</time>
      </trkpt>
      <trkpt lat="45.97745" lon="5.66504">
        <ele>710</ele>
        <time>2025-05-16T07:55:04+00:00</time>
      </trkpt>
      <trkpt lat="45.97736" lon="5.66515">
        <ele>710</ele>
        <time>2025-05-16T07:55:07+00:00</time>
      </trkpt>
      <trkpt lat="45.97726" lon="5.66529">
        <ele>709</ele>
        <time>2025-05-16T07:55:10+00:00</time>
      </trkpt>
      <trkpt lat="45.97709" lon="5.66549">
        <ele>708</ele>
        <time>2025-05-16T07:55:13+00:00</time>
      </trkpt>
      <trkpt lat="45.97696" lon="5.66573">
        <ele>707</ele>
        <time>2025-05-16T07:55:16+00:00</time>
      </trkpt>
      <trkpt lat="45.97685" lon="5.66595">
        <ele>706</ele>
        <time>2025-05-16T07:55:19+00:00</time>
      </trkpt>
      <trkpt lat="45.97681" lon="5.66604">
        <ele>705</ele>
        <time>2025-05-16T07:55:22+00:00</time>
      </trkpt>
      <trkpt lat="45.97679" lon="5.6661">
        <ele>705</ele>
        <time>2025-05-16T07:55:25+00:00</time>
      </trkpt>
      <trkpt lat="45.97677" lon="5.66621">
        <ele>705</ele>
        <time>2025-05-16T07:55:28+00:00</time>
      </trkpt>
      <trkpt lat="45.97677" lon="5.66634">
        <ele>705</ele>
        <time>2025-05-16T07:55:31+00:00</time>
      </trkpt>
      <trkpt lat="45.97678" lon="5.66647">
        <ele>705</ele>
        <time>2025-05-16T07:55:34+00:00</time>
      </trkpt>
      <trkpt lat="45.97688" lon="5.66684">
        <ele>703</ele>
        <time>2025-05-16T07:55:37+00:00</time>
      </trkpt>
      <trkpt lat="45.9769" lon="5.66695">
        <ele>703</ele>
        <time>2025-05-16T07:55:40+00:00</time>
      </trkpt>
      <trkpt lat="45.97695" lon="5.66714">
        <ele>703</ele>
        <time>2025-05-16T07:55:43+00:00</time>
      </trkpt>
      <trkpt lat="45.97699" lon="5.66724">
        <ele>702</ele>
        <time>2025-05-16T07:55:46+00:00</time>
      </trkpt>
      <trkpt lat="45.97694" lon="5.66728">
        <ele>702</ele>
        <time>2025-05-16T07:55:49+00:00</time>
      </trkpt>
      <trkpt lat="45.97691" lon="5.66741">
        <ele>702</ele>
        <time>2025-05-16T07:55:52+00:00</time>
      </trkpt>
      <trkpt lat="45.97687" lon="5.66765">
        <ele>700</ele>
        <time>2025-05-16T07:55:55+00:00</time>
      </trkpt>
      <trkpt lat="45.97686" lon="5.66777">
        <ele>699</ele>
        <time>2025-05-16T07:55:58+00:00</time>
      </trkpt>
      <trkpt lat="45.97686" lon="5.66791">
        <ele>699</ele>
        <time>2025-05-16T07:56:01+00:00</time>
      </trkpt>
      <trkpt lat="45.97687" lon="5.66804">
        <ele>699</ele>
        <time>2025-05-16T07:56:04+00:00</time>
      </trkpt>
      <trkpt lat="45.9769" lon="5.66818">
        <ele>699</ele>
        <time>2025-05-16T07:56:07+00:00</time>
      </trkpt>
      <trkpt lat="45.97696" lon="5.66867">
        <ele>697</ele>
        <time>2025-05-16T07:56:10+00:00</time>
      </trkpt>
      <trkpt lat="45.977" lon="5.66886">
        <ele>697</ele>
        <time>2025-05-16T07:56:13+00:00</time>
      </trkpt>
      <trkpt lat="45.977" lon="5.669">
        <ele>697</ele>
        <time>2025-05-16T07:56:16+00:00</time>
      </trkpt>
      <trkpt lat="45.97698" lon="5.66912">
        <ele>697</ele>
        <time>2025-05-16T07:56:19+00:00</time>
      </trkpt>
      <trkpt lat="45.97693" lon="5.66927">
        <ele>696</ele>
        <time>2025-05-16T07:56:22+00:00</time>
      </trkpt>
      <trkpt lat="45.97683" lon="5.66953">
        <ele>696</ele>
        <time>2025-05-16T07:56:25+00:00</time>
      </trkpt>
      <trkpt lat="45.9768" lon="5.66963">
        <ele>695</ele>
        <time>2025-05-16T07:56:28+00:00</time>
      </trkpt>
      <trkpt lat="45.97677" lon="5.6697">
        <ele>695</ele>
        <time>2025-05-16T07:56:31+00:00</time>
      </trkpt>
      <trkpt lat="45.97674" lon="5.66979">
        <ele>695</ele>
        <time>2025-05-16T07:56:34+00:00</time>
      </trkpt>
      <trkpt lat="45.97671" lon="5.66992">
        <ele>695</ele>
        <time>2025-05-16T07:56:37+00:00</time>
      </trkpt>
      <trkpt lat="45.9767" lon="5.67">
        <ele>696</ele>
        <time>2025-05-16T07:56:40+00:00</time>
      </trkpt>
      <trkpt lat="45.9767" lon="5.67007">
        <ele>695</ele>
        <time>2025-05-16T07:56:43+00:00</time>
      </trkpt>
      <trkpt lat="45.97671" lon="5.67017">
        <ele>695</ele>
        <time>2025-05-16T07:56:46+00:00</time>
      </trkpt>
      <trkpt lat="45.97673" lon="5.67027">
        <ele>695</ele>
        <time>2025-05-16T07:56:49+00:00</time>
      </trkpt>
      <trkpt lat="45.97673" lon="5.67036">
        <ele>694</ele>
        <time>2025-05-16T07:56:52+00:00</time>
      </trkpt>
      <trkpt lat="45.97674" lon="5.67048">
        <ele>696</ele>
        <time>2025-05-16T07:56:55+00:00</time>
      </trkpt>
      <trkpt lat="45.97673" lon="5.67054">
        <ele>696</ele>
        <time>2025-05-16T07:56:58+00:00</time>
      </trkpt>
      <trkpt lat="45.97673" lon="5.67061">
        <ele>695</ele>
        <time>2025-05-16T07:57:01+00:00</time>
      </trkpt>
      <trkpt lat="45.97667" lon="5.67085">
        <ele>694</ele>
        <time>2025-05-16T07:57:04+00:00</time>
      </trkpt>
      <trkpt lat="45.97661" lon="5.67098">
        <ele>694</ele>
        <time>2025-05-16T07:57:07+00:00</time>
      </trkpt>
      <trkpt lat="45.97652" lon="5.67111">
        <ele>693</ele>
        <time>2025-05-16T07:57:10+00:00</time>
      </trkpt>
      <trkpt lat="45.97648" lon="5.67115">
        <ele>693</ele>
        <time>2025-05-16T07:57:13+00:00</time>
      </trkpt>
      <trkpt lat="45.97636" lon="5.67122">
        <ele>691</ele>
        <time>2025-05-16T07:57:16+00:00</time>
      </trkpt>
      <trkpt lat="45.97632" lon="5.67126">
        <ele>691</ele>
        <time>2025-05-16T07:57:19+00:00</time>
      </trkpt>
      <trkpt lat="45.97629" lon="5.67132">
        <ele>689</ele>
        <time>2025-05-16T07:57:22+00:00</time>
      </trkpt>
      <trkpt lat="45.97628" lon="5.6714">
        <ele>689</ele>
        <time>2025-05-16T07:57:25+00:00</time>
      </trkpt>
      <trkpt lat="45.97628" lon="5.67146">
        <ele>688</ele>
        <time>2025-05-16T07:57:28+00:00</time>
      </trkpt>
      <trkpt lat="45.97631" lon="5.67153">
        <ele>688</ele>
        <time>2025-05-16T07:57:31+00:00</time>
      </trkpt>
      <trkpt lat="45.97634" lon="5.67166">
        <ele>687</ele>
        <time>2025-05-16T07:57:34+00:00</time>
      </trkpt>
      <trkpt lat="45.97635" lon="5.67176">
        <ele>684</ele>
        <time>2025-05-16T07:57:37+00:00</time>
      </trkpt>
      <trkpt lat="45.97635" lon="5.67183">
        <ele>683</ele>
        <time>2025-05-16T07:57:40+00:00</time>
      </trkpt>
      <trkpt lat="45.97632" lon="5.67201">
        <ele>682</ele>
        <time>2025-05-16T07:57:43+00:00</time>
      </trkpt>
      <trkpt lat="45.97632" lon="5.67212">
        <ele>681</ele>
        <time>2025-05-16T07:57:46+00:00</time>
      </trkpt>
      <trkpt lat="45.97628" lon="5.67229">
        <ele>678</ele>
        <time>2025-05-16T07:57:49+00:00</time>
      </trkpt>
      <trkpt lat="45.97618" lon="5.6726">
        <ele>675</ele>
        <time>2025-05-16T07:57:52+00:00</time>
      </trkpt>
      <trkpt lat="45.9761" lon="5.67282">
        <ele>674</ele>
        <time>2025-05-16T07:57:55+00:00</time>
      </trkpt>
      <trkpt lat="45.97606" lon="5.67296">
        <ele>672</ele>
        <time>2025-05-16T07:57:58+00:00</time>
      </trkpt>
      <trkpt lat="45.97606" lon="5.67312">
        <ele>670</ele>
        <time>2025-05-16T07:58:01+00:00</time>
      </trkpt>
      <trkpt lat="45.97603" lon="5.67315">
        <ele>670</ele>
        <time>2025-05-16T07:58:04+00:00</time>
      </trkpt>
      <trkpt lat="45.97593" lon="5.67322">
        <ele>669</ele>
        <time>2025-05-16T07:58:07+00:00</time>
      </trkpt>
      <trkpt lat="45.97582" lon="5.67334">
        <ele>668</ele>
        <time>2025-05-16T07:58:10+00:00</time>
      </trkpt>
      <trkpt lat="45.97565" lon="5.67348">
        <ele>667</ele>
        <time>2025-05-16T07:58:13+00:00</time>
      </trkpt>
      <trkpt lat="45.97553" lon="5.67357">
        <ele>664</ele>
        <time>2025-05-16T07:58:16+00:00</time>
      </trkpt>
      <trkpt lat="45.97542" lon="5.67368">
        <ele>663</ele>
        <time>2025-05-16T07:58:19+00:00</time>
      </trkpt>
      <trkpt lat="45.9752" lon="5.67396">
        <ele>661</ele>
        <time>2025-05-16T07:58:22+00:00</time>
      </trkpt>
      <trkpt lat="45.97491" lon="5.67436">
        <ele>659</ele>
        <time>2025-05-16T07:58:25+00:00</time>
      </trkpt>
      <trkpt lat="45.97494" lon="5.67442">
        <ele>658</ele>
        <time>2025-05-16T07:58:28+00:00</time>
      </trkpt>
      <trkpt lat="45.97496" lon="5.67453">
        <ele>658</ele>
        <time>2025-05-16T07:58:31+00:00</time>
      </trkpt>
      <trkpt lat="45.975" lon="5.67469">
        <ele>658</ele>
        <time>2025-05-16T07:58:34+00:00</time>
      </trkpt>
      <trkpt lat="45.97505" lon="5.67531">
        <ele>653</ele>
        <time>2025-05-16T07:58:37+00:00</time>
      </trkpt>
      <trkpt lat="45.97507" lon="5.67566">
        <ele>651</ele>
        <time>2025-05-16T07:58:40+00:00</time>
      </trkpt>
      <trkpt lat="45.9751" lon="5.67605">
        <ele>647</ele>
        <time>2025-05-16T07:58:43+00:00</time>
      </trkpt>
      <trkpt lat="45.97511" lon="5.67635">
        <ele>644</ele>
        <time>2025-05-16T07:58:46+00:00</time>
      </trkpt>
      <trkpt lat="45.9751" lon="5.67656">
        <ele>642</ele>
        <time>2025-05-16T07:58:49+00:00</time>
      </trkpt>
      <trkpt lat="45.9751" lon="5.67687">
        <ele>638</ele>
        <time>2025-05-16T07:58:52+00:00</time>
      </trkpt>
      <trkpt lat="45.97515" lon="5.6772">
        <ele>635</ele>
        <time>2025-05-16T07:58:55+00:00</time>
      </trkpt>
      <trkpt lat="45.97522" lon="5.67758">
        <ele>632</ele>
        <time>2025-05-16T07:58:58+00:00</time>
      </trkpt>
      <trkpt lat="45.97532" lon="5.67811">
        <ele>628</ele>
        <time>2025-05-16T07:59:01+00:00</time>
      </trkpt>
      <trkpt lat="45.97537" lon="5.67835">
        <ele>627</ele>
        <time>2025-05-16T07:59:04+00:00</time>
      </trkpt>
      <trkpt lat="45.97538" lon="5.67844">
        <ele>626</ele>
        <time>2025-05-16T07:59:07+00:00</time>
      </trkpt>
      <trkpt lat="45.97548" lon="5.67896">
        <ele>623</ele>
        <time>2025-05-16T07:59:10+00:00</time>
      </trkpt>
      <trkpt lat="45.97537" lon="5.67943">
        <ele>613</ele>
        <time>2025-05-16T07:59:13+00:00</time>
      </trkpt>
      <trkpt lat="45.97534" lon="5.67977">
        <ele>606</ele>
        <time>2025-05-16T07:59:16+00:00</time>
      </trkpt>
      <trkpt lat="45.97546" lon="5.68011">
        <ele>600</ele>
        <time>2025-05-16T07:59:19+00:00</time>
      </trkpt>
      <trkpt lat="45.97564" lon="5.68055">
        <ele>590</ele>
        <time>2025-05-16T07:59:22+00:00</time>
      </trkpt>
      <trkpt lat="45.97572" lon="5.68067">
        <ele>588</ele>
        <time>2025-05-16T07:59:25+00:00</time>
      </trkpt>
      <trkpt lat="45.97589" lon="5.68067">
        <ele>588</ele>
        <time>2025-05-16T07:59:28+00:00</time>
      </trkpt>
      <trkpt lat="45.97601" lon="5.68071">
        <ele>587</ele>
        <time>2025-05-16T07:59:31+00:00</time>
      </trkpt>
      <trkpt lat="45.97604" lon="5.68101">
        <ele>586</ele>
        <time>2025-05-16T07:59:34+00:00</time>
      </trkpt>
      <trkpt lat="45.97618" lon="5.68113">
        <ele>587</ele>
        <time>2025-05-16T07:59:37+00:00</time>
      </trkpt>
      <trkpt lat="45.97591" lon="5.68118">
        <ele>586</ele>
        <time>2025-05-16T07:59:40+00:00</time>
      </trkpt>
      <trkpt lat="45.9758" lon="5.68128">
        <ele>587</ele>
        <time>2025-05-16T07:59:43+00:00</time>
      </trkpt>
      <trkpt lat="45.97576" lon="5.68135">
        <ele>587</ele>
        <time>2025-05-16T07:59:46+00:00</time>
      </trkpt>
      <trkpt lat="45.97558" lon="5.68158">
        <ele>588</ele>
        <time>2025-05-16T07:59:49+00:00</time>
      </trkpt>
      <trkpt lat="45.9754" lon="5.68182">
        <ele>590</ele>
        <time>2025-05-16T07:59:52+00:00</time>
      </trkpt>
      <trkpt lat="45.97523" lon="5.68206">
        <ele>591</ele>
        <time>2025-05-16T07:59:55+00:00</time>
      </trkpt>
      <trkpt lat="45.97504" lon="5.68233">
        <ele>593</ele>
        <time>2025-05-16T07:59:58+00:00</time>
      </trkpt>
      <trkpt lat="45.97487" lon="5.68269">
        <ele>596</ele>
        <time>2025-05-16T08:00:01+00:00</time>
      </trkpt>
      <trkpt lat="45.97483" lon="5.68273">
        <ele>596</ele>
        <time>2025-05-16T08:00:04+00:00</time>
      </trkpt>
      <trkpt lat="45.97476" lon="5.68275">
        <ele>596</ele>
        <time>2025-05-16T08:00:07+00:00</time>
      </trkpt>
      <trkpt lat="45.97446" lon="5.68281">
        <ele>598</ele>
        <time>2025-05-16T08:00:10+00:00</time>
      </trkpt>
      <trkpt lat="45.97435" lon="5.68285">
        <ele>598</ele>
        <time>2025-05-16T08:00:13+00:00</time>
      </trkpt>
      <trkpt lat="45.97423" lon="5.68296">
        <ele>598</ele>
        <time>2025-05-16T08:00:16+00:00</time>
      </trkpt>
      <trkpt lat="45.97409" lon="5.68313">
        <ele>597</ele>
        <time>2025-05-16T08:00:19+00:00</time>
      </trkpt>
      <trkpt lat="45.97393" lon="5.68337">
        <ele>599</ele>
        <time>2025-05-16T08:00:22+00:00</time>
      </trkpt>
      <trkpt lat="45.97375" lon="5.68367">
        <ele>600</ele>
        <time>2025-05-16T08:00:25+00:00</time>
      </trkpt>
      <trkpt lat="45.97361" lon="5.68399">
        <ele>603</ele>
        <time>2025-05-16T08:00:28+00:00</time>
      </trkpt>
      <trkpt lat="45.97345" lon="5.68438">
        <ele>603</ele>
        <time>2025-05-16T08:00:31+00:00</time>
      </trkpt>
      <trkpt lat="45.97325" lon="5.68483">
        <ele>607</ele>
        <time>2025-05-16T08:00:34+00:00</time>
      </trkpt>
      <trkpt lat="45.97318" lon="5.6849">
        <ele>606</ele>
        <time>2025-05-16T08:00:37+00:00</time>
      </trkpt>
      <trkpt lat="45.97289" lon="5.68499">
        <ele>611</ele>
        <time>2025-05-16T08:00:40+00:00</time>
      </trkpt>
      <trkpt lat="45.97277" lon="5.68504">
        <ele>619</ele>
        <time>2025-05-16T08:00:43+00:00</time>
      </trkpt>
      <trkpt lat="45.97264" lon="5.68513">
        <ele>621</ele>
        <time>2025-05-16T08:00:46+00:00</time>
      </trkpt>
      <trkpt lat="45.97238" lon="5.6851">
        <ele>621</ele>
        <time>2025-05-16T08:00:49+00:00</time>
      </trkpt>
      <trkpt lat="45.97211" lon="5.68509">
        <ele>622</ele>
        <time>2025-05-16T08:00:52+00:00</time>
      </trkpt>
      <trkpt lat="45.97177" lon="5.68508">
        <ele>623</ele>
        <time>2025-05-16T08:00:55+00:00</time>
      </trkpt>
      <trkpt lat="45.97148" lon="5.6851">
        <ele>623</ele>
        <time>2025-05-16T08:00:58+00:00</time>
      </trkpt>
      <trkpt lat="45.9712" lon="5.68511">
        <ele>625</ele>
        <time>2025-05-16T08:01:01+00:00</time>
      </trkpt>
      <trkpt lat="45.97092" lon="5.68513">
        <ele>625</ele>
        <time>2025-05-16T08:01:04+00:00</time>
      </trkpt>
      <trkpt lat="45.97051" lon="5.68516">
        <ele>627</ele>
        <time>2025-05-16T08:01:07+00:00</time>
      </trkpt>
      <trkpt lat="45.97027" lon="5.68519">
        <ele>628</ele>
        <time>2025-05-16T08:01:10+00:00</time>
      </trkpt>
      <trkpt lat="45.97001" lon="5.68522">
        <ele>629</ele>
        <time>2025-05-16T08:01:13+00:00</time>
      </trkpt>
      <trkpt lat="45.96975" lon="5.68526">
        <ele>629</ele>
        <time>2025-05-16T08:01:16+00:00</time>
      </trkpt>
      <trkpt lat="45.9694" lon="5.68531">
        <ele>629</ele>
        <time>2025-05-16T08:01:19+00:00</time>
      </trkpt>
      <trkpt lat="45.96925" lon="5.68534">
        <ele>628</ele>
        <time>2025-05-16T08:01:22+00:00</time>
      </trkpt>
      <trkpt lat="45.96912" lon="5.68538">
        <ele>628</ele>
        <time>2025-05-16T08:01:25+00:00</time>
      </trkpt>
      <trkpt lat="45.96893" lon="5.68545">
        <ele>628</ele>
        <time>2025-05-16T08:01:28+00:00</time>
      </trkpt>
      <trkpt lat="45.96882" lon="5.68551">
        <ele>628</ele>
        <time>2025-05-16T08:01:31+00:00</time>
      </trkpt>
      <trkpt lat="45.96852" lon="5.68576">
        <ele>628</ele>
        <time>2025-05-16T08:01:34+00:00</time>
      </trkpt>
      <trkpt lat="45.96823" lon="5.68606">
        <ele>629</ele>
        <time>2025-05-16T08:01:37+00:00</time>
      </trkpt>
      <trkpt lat="45.96807" lon="5.68629">
        <ele>629</ele>
        <time>2025-05-16T08:01:40+00:00</time>
      </trkpt>
      <trkpt lat="45.96794" lon="5.68646">
        <ele>629</ele>
        <time>2025-05-16T08:01:43+00:00</time>
      </trkpt>
      <trkpt lat="45.96785" lon="5.68669">
        <ele>629</ele>
        <time>2025-05-16T08:01:46+00:00</time>
      </trkpt>
      <trkpt lat="45.96781" lon="5.68705">
        <ele>629</ele>
        <time>2025-05-16T08:01:49+00:00</time>
      </trkpt>
      <trkpt lat="45.96777" lon="5.68747">
        <ele>628</ele>
        <time>2025-05-16T08:01:52+00:00</time>
      </trkpt>
      <trkpt lat="45.96776" lon="5.68783">
        <ele>628</ele>
        <time>2025-05-16T08:01:55+00:00</time>
      </trkpt>
      <trkpt lat="45.96775" lon="5.68823">
        <ele>626</ele>
        <time>2025-05-16T08:01:58+00:00</time>
      </trkpt>
      <trkpt lat="45.96772" lon="5.68865">
        <ele>626</ele>
        <time>2025-05-16T08:02:01+00:00</time>
      </trkpt>
      <trkpt lat="45.96769" lon="5.68891">
        <ele>624</ele>
        <time>2025-05-16T08:02:04+00:00</time>
      </trkpt>
      <trkpt lat="45.96763" lon="5.68918">
        <ele>626</ele>
        <time>2025-05-16T08:02:07+00:00</time>
      </trkpt>
      <trkpt lat="45.96756" lon="5.68938">
        <ele>625</ele>
        <time>2025-05-16T08:02:10+00:00</time>
      </trkpt>
      <trkpt lat="45.96743" lon="5.68967">
        <ele>626</ele>
        <time>2025-05-16T08:02:13+00:00</time>
      </trkpt>
      <trkpt lat="45.9673" lon="5.68999">
        <ele>626</ele>
        <time>2025-05-16T08:02:16+00:00</time>
      </trkpt>
      <trkpt lat="45.96724" lon="5.69024">
        <ele>627</ele>
        <time>2025-05-16T08:02:19+00:00</time>
      </trkpt>
      <trkpt lat="45.9672" lon="5.69052">
        <ele>627</ele>
        <time>2025-05-16T08:02:22+00:00</time>
      </trkpt>
      <trkpt lat="45.96714" lon="5.69094">
        <ele>627</ele>
        <time>2025-05-16T08:02:25+00:00</time>
      </trkpt>
      <trkpt lat="45.96709" lon="5.69135">
        <ele>627</ele>
        <time>2025-05-16T08:02:28+00:00</time>
      </trkpt>
      <trkpt lat="45.96706" lon="5.69171">
        <ele>627</ele>
        <time>2025-05-16T08:02:31+00:00</time>
      </trkpt>
      <trkpt lat="45.96703" lon="5.69214">
        <ele>627</ele>
        <time>2025-05-16T08:02:34+00:00</time>
      </trkpt>
      <trkpt lat="45.96699" lon="5.69253">
        <ele>627</ele>
        <time>2025-05-16T08:02:37+00:00</time>
      </trkpt>
      <trkpt lat="45.96695" lon="5.69308">
        <ele>627</ele>
        <time>2025-05-16T08:02:40+00:00</time>
      </trkpt>
      <trkpt lat="45.96696" lon="5.69337">
        <ele>626</ele>
        <time>2025-05-16T08:02:43+00:00</time>
      </trkpt>
      <trkpt lat="45.96698" lon="5.69362">
        <ele>624</ele>
        <time>2025-05-16T08:02:46+00:00</time>
      </trkpt>
      <trkpt lat="45.96714" lon="5.69397">
        <ele>624</ele>
        <time>2025-05-16T08:02:49+00:00</time>
      </trkpt>
      <trkpt lat="45.96734" lon="5.69444">
        <ele>623</ele>
        <time>2025-05-16T08:02:52+00:00</time>
      </trkpt>
      <trkpt lat="45.96736" lon="5.6947">
        <ele>622</ele>
        <time>2025-05-16T08:02:55+00:00</time>
      </trkpt>
      <trkpt lat="45.96733" lon="5.69485">
        <ele>623</ele>
        <time>2025-05-16T08:02:58+00:00</time>
      </trkpt>
      <trkpt lat="45.96728" lon="5.69495">
        <ele>622</ele>
        <time>2025-05-16T08:03:01+00:00</time>
      </trkpt>
      <trkpt lat="45.96719" lon="5.69506">
        <ele>623</ele>
        <time>2025-05-16T08:03:04+00:00</time>
      </trkpt>
      <trkpt lat="45.96709" lon="5.6951">
        <ele>623</ele>
        <time>2025-05-16T08:03:07+00:00</time>
      </trkpt>
      <trkpt lat="45.96722" lon="5.69545">
        <ele>625</ele>
        <time>2025-05-16T08:03:10+00:00</time>
      </trkpt>
      <trkpt lat="45.96735" lon="5.69581">
        <ele>628</ele>
        <time>2025-05-16T08:03:13+00:00</time>
      </trkpt>
      <trkpt lat="45.96748" lon="5.69616">
        <ele>634</ele>
        <time>2025-05-16T08:03:16+00:00</time>
      </trkpt>
      <trkpt lat="45.96749" lon="5.69645">
        <ele>635</ele>
        <time>2025-05-16T08:03:19+00:00</time>
      </trkpt>
      <trkpt lat="45.96742" lon="5.69666">
        <ele>639</ele>
        <time>2025-05-16T08:03:22+00:00</time>
      </trkpt>
      <trkpt lat="45.96731" lon="5.69686">
        <ele>636</ele>
        <time>2025-05-16T08:03:25+00:00</time>
      </trkpt>
      <trkpt lat="45.96735" lon="5.69705">
        <ele>638</ele>
        <time>2025-05-16T08:03:28+00:00</time>
      </trkpt>
      <trkpt lat="45.9674" lon="5.69734">
        <ele>643</ele>
        <time>2025-05-16T08:03:31+00:00</time>
      </trkpt>
      <trkpt lat="45.96747" lon="5.69772">
        <ele>645</ele>
        <time>2025-05-16T08:03:34+00:00</time>
      </trkpt>
      <trkpt lat="45.96762" lon="5.69806">
        <ele>648</ele>
        <time>2025-05-16T08:03:37+00:00</time>
      </trkpt>
      <trkpt lat="45.96784" lon="5.69856">
        <ele>651</ele>
        <time>2025-05-16T08:03:40+00:00</time>
      </trkpt>
      <trkpt lat="45.96788" lon="5.69882">
        <ele>652</ele>
        <time>2025-05-16T08:03:43+00:00</time>
      </trkpt>
      <trkpt lat="45.96781" lon="5.69914">
        <ele>657</ele>
        <time>2025-05-16T08:03:46+00:00</time>
      </trkpt>
      <trkpt lat="45.96784" lon="5.69945">
        <ele>658</ele>
        <time>2025-05-16T08:03:49+00:00</time>
      </trkpt>
      <trkpt lat="45.9679" lon="5.69963">
        <ele>656</ele>
        <time>2025-05-16T08:03:52+00:00</time>
      </trkpt>
      <trkpt lat="45.96808" lon="5.69972">
        <ele>662</ele>
        <time>2025-05-16T08:03:55+00:00</time>
      </trkpt>
      <trkpt lat="45.96829" lon="5.69983">
        <ele>663</ele>
        <time>2025-05-16T08:03:58+00:00</time>
      </trkpt>
      <trkpt lat="45.96846" lon="5.70007">
        <ele>666</ele>
        <time>2025-05-16T08:04:01+00:00</time>
      </trkpt>
      <trkpt lat="45.96858" lon="5.70012">
        <ele>671</ele>
        <time>2025-05-16T08:04:04+00:00</time>
      </trkpt>
      <trkpt lat="45.96854" lon="5.7">
        <ele>667</ele>
        <time>2025-05-16T08:04:07+00:00</time>
      </trkpt>
      <trkpt lat="45.96845" lon="5.69979">
        <ele>674</ele>
        <time>2025-05-16T08:04:10+00:00</time>
      </trkpt>
      <trkpt lat="45.96839" lon="5.69952">
        <ele>669</ele>
        <time>2025-05-16T08:04:13+00:00</time>
      </trkpt>
      <trkpt lat="45.96841" lon="5.69937">
        <ele>672</ele>
        <time>2025-05-16T08:04:16+00:00</time>
      </trkpt>
      <trkpt lat="45.96846" lon="5.6993">
        <ele>670</ele>
        <time>2025-05-16T08:04:19+00:00</time>
      </trkpt>
      <trkpt lat="45.9685" lon="5.69932">
        <ele>672</ele>
        <time>2025-05-16T08:04:22+00:00</time>
      </trkpt>
      <trkpt lat="45.96849" lon="5.69938">
        <ele>672</ele>
        <time>2025-05-16T08:04:25+00:00</time>
      </trkpt>
      <trkpt lat="45.96852" lon="5.69934">
        <ele>677</ele>
        <time>2025-05-16T08:04:28+00:00</time>
      </trkpt>
      <trkpt lat="45.96853" lon="5.6994">
        <ele>677</ele>
        <time>2025-05-16T08:04:31+00:00</time>
      </trkpt>
      <trkpt lat="45.96856" lon="5.69938">
        <ele>677</ele>
        <time>2025-05-16T08:04:34+00:00</time>
      </trkpt>
      <trkpt lat="45.9686" lon="5.6994">
        <ele>677</ele>
        <time>2025-05-16T08:04:37+00:00</time>
      </trkpt>
      <trkpt lat="45.96858" lon="5.6995">
        <ele>679</ele>
        <time>2025-05-16T08:04:40+00:00</time>
      </trkpt>
      <trkpt lat="45.96858" lon="5.69957">
        <ele>681</ele>
        <time>2025-05-16T08:04:43+00:00</time>
      </trkpt>
      <trkpt lat="45.96859" lon="5.69964">
        <ele>684</ele>
        <time>2025-05-16T08:04:46+00:00</time>
      </trkpt>
      <trkpt lat="45.96875" lon="5.69972">
        <ele>694</ele>
        <time>2025-05-16T08:04:49+00:00</time>
      </trkpt>
      <trkpt lat="45.96892" lon="5.69973">
        <ele>698</ele>
        <time>2025-05-16T08:04:52+00:00</time>
      </trkpt>
      <trkpt lat="45.96899" lon="5.69983">
        <ele>698</ele>
        <time>2025-05-16T08:04:55+00:00</time>
      </trkpt>
      <trkpt lat="45.96914" lon="5.69999">
        <ele>704</ele>
        <time>2025-05-16T08:04:58+00:00</time>
      </trkpt>
      <trkpt lat="45.96921" lon="5.7">
        <ele>707</ele>
        <time>2025-05-16T08:05:01+00:00</time>
      </trkpt>
      <trkpt lat="45.96928" lon="5.7001">
        <ele>707</ele>
        <time>2025-05-16T08:05:04+00:00</time>
      </trkpt>
      <trkpt lat="45.96937" lon="5.70012">
        <ele>710</ele>
        <time>2025-05-16T08:05:07+00:00</time>
      </trkpt>
      <trkpt lat="45.96944" lon="5.70011">
        <ele>712</ele>
        <time>2025-05-16T08:05:10+00:00</time>
      </trkpt>
      <trkpt lat="45.96947" lon="5.70014">
        <ele>712</ele>
        <time>2025-05-16T08:05:13+00:00</time>
      </trkpt>
      <trkpt lat="45.96964" lon="5.70015">
        <ele>711</ele>
        <time>2025-05-16T08:05:16+00:00</time>
      </trkpt>
      <trkpt lat="45.96983" lon="5.70035">
        <ele>713</ele>
        <time>2025-05-16T08:05:19+00:00</time>
      </trkpt>
      <trkpt lat="45.97008" lon="5.70076">
        <ele>718</ele>
        <time>2025-05-16T08:05:22+00:00</time>
      </trkpt>
      <trkpt lat="45.96981" lon="5.70122">
        <ele>720</ele>
        <time>2025-05-16T08:05:25+00:00</time>
      </trkpt>
      <trkpt lat="45.96978" lon="5.70129">
        <ele>720</ele>
        <time>2025-05-16T08:05:28+00:00</time>
      </trkpt>
      <trkpt lat="45.96978" lon="5.70138">
        <ele>720</ele>
        <time>2025-05-16T08:05:31+00:00</time>
      </trkpt>
      <trkpt lat="45.97001" lon="5.70135">
        <ele>720</ele>
        <time>2025-05-16T08:05:34+00:00</time>
      </trkpt>
      <trkpt lat="45.97028" lon="5.7013">
        <ele>720</ele>
        <time>2025-05-16T08:05:37+00:00</time>
      </trkpt>
      <trkpt lat="45.97059" lon="5.70128">
        <ele>720</ele>
        <time>2025-05-16T08:05:40+00:00</time>
      </trkpt>
      <trkpt lat="45.97088" lon="5.7013">
        <ele>720</ele>
        <time>2025-05-16T08:05:43+00:00</time>
      </trkpt>
      <trkpt lat="45.97095" lon="5.70132">
        <ele>721</ele>
        <time>2025-05-16T08:05:46+00:00</time>
      </trkpt>
      <trkpt lat="45.97106" lon="5.70145">
        <ele>721</ele>
        <time>2025-05-16T08:05:49+00:00</time>
      </trkpt>
      <trkpt lat="45.97116" lon="5.70146">
        <ele>721</ele>
        <time>2025-05-16T08:05:52+00:00</time>
      </trkpt>
      <trkpt lat="45.97137" lon="5.7015">
        <ele>721</ele>
        <time>2025-05-16T08:05:55+00:00</time>
      </trkpt>
      <trkpt lat="45.9716" lon="5.70157">
        <ele>721</ele>
        <time>2025-05-16T08:05:58+00:00</time>
      </trkpt>
      <trkpt lat="45.97162" lon="5.70208">
        <ele>721</ele>
        <time>2025-05-16T08:06:01+00:00</time>
      </trkpt>
      <trkpt lat="45.97165" lon="5.70157">
        <ele>721</ele>
        <time>2025-05-16T08:06:04+00:00</time>
      </trkpt>
      <trkpt lat="45.97198" lon="5.70162">
        <ele>721</ele>
        <time>2025-05-16T08:06:07+00:00</time>
      </trkpt>
      <trkpt lat="45.97235" lon="5.70145">
        <ele>721</ele>
        <time>2025-05-16T08:06:10+00:00</time>
      </trkpt>
      <trkpt lat="45.97243" lon="5.70143">
        <ele>721</ele>
        <time>2025-05-16T08:06:13+00:00</time>
      </trkpt>
      <trkpt lat="45.97277" lon="5.70138">
        <ele>722</ele>
        <time>2025-05-16T08:06:16+00:00</time>
      </trkpt>
      <trkpt lat="45.97285" lon="5.70138">
        <ele>722</ele>
        <time>2025-05-16T08:06:19+00:00</time>
      </trkpt>
      <trkpt lat="45.97305" lon="5.70141">
        <ele>723</ele>
        <time>2025-05-16T08:06:22+00:00</time>
      </trkpt>
      <trkpt lat="45.97327" lon="5.70144">
        <ele>723</ele>
        <time>2025-05-16T08:06:25+00:00</time>
      </trkpt>
      <trkpt lat="45.97335" lon="5.70144">
        <ele>723</ele>
        <time>2025-05-16T08:06:28+00:00</time>
      </trkpt>
      <trkpt lat="45.9734" lon="5.7016">
        <ele>724</ele>
        <time>2025-05-16T08:06:31+00:00</time>
      </trkpt>
      <trkpt lat="45.97343" lon="5.70177">
        <ele>724</ele>
        <time>2025-05-16T08:06:34+00:00</time>
      </trkpt>
      <trkpt lat="45.97344" lon="5.70205">
        <ele>724</ele>
        <time>2025-05-16T08:06:37+00:00</time>
      </trkpt>
      <trkpt lat="45.97348" lon="5.7025">
        <ele>725</ele>
        <time>2025-05-16T08:06:40+00:00</time>
      </trkpt>
      <trkpt lat="45.97348" lon="5.70273">
        <ele>725</ele>
        <time>2025-05-16T08:06:43+00:00</time>
      </trkpt>
      <trkpt lat="45.9735" lon="5.70296">
        <ele>726</ele>
        <time>2025-05-16T08:06:46+00:00</time>
      </trkpt>
      <trkpt lat="45.97355" lon="5.70332">
        <ele>728</ele>
        <time>2025-05-16T08:06:49+00:00</time>
      </trkpt>
      <trkpt lat="45.97361" lon="5.70375">
        <ele>728</ele>
        <time>2025-05-16T08:06:52+00:00</time>
      </trkpt>
      <trkpt lat="45.97358" lon="5.70388">
        <ele>729</ele>
        <time>2025-05-16T08:06:55+00:00</time>
      </trkpt>
      <trkpt lat="45.97347" lon="5.70413">
        <ele>728</ele>
        <time>2025-05-16T08:06:58+00:00</time>
      </trkpt>
      <trkpt lat="45.9734" lon="5.70424">
        <ele>728</ele>
        <time>2025-05-16T08:07:01+00:00</time>
      </trkpt>
      <trkpt lat="45.97336" lon="5.70435">
        <ele>728</ele>
        <time>2025-05-16T08:07:04+00:00</time>
      </trkpt>
      <trkpt lat="45.97335" lon="5.70443">
        <ele>728</ele>
        <time>2025-05-16T08:07:07+00:00</time>
      </trkpt>
      <trkpt lat="45.97335" lon="5.70453">
        <ele>728</ele>
        <time>2025-05-16T08:07:10+00:00</time>
      </trkpt>
      <trkpt lat="45.97336" lon="5.70471">
        <ele>727</ele>
        <time>2025-05-16T08:07:13+00:00</time>
      </trkpt>
      <trkpt lat="45.97338" lon="5.70489">
        <ele>727</ele>
        <time>2025-05-16T08:07:16+00:00</time>
      </trkpt>
      <trkpt lat="45.97337" lon="5.70499">
        <ele>727</ele>
        <time>2025-05-16T08:07:19+00:00</time>
      </trkpt>
      <trkpt lat="45.97331" lon="5.70523">
        <ele>729</ele>
        <time>2025-05-16T08:07:22+00:00</time>
      </trkpt>
      <trkpt lat="45.97323" lon="5.70549">
        <ele>730</ele>
        <time>2025-05-16T08:07:25+00:00</time>
      </trkpt>
      <trkpt lat="45.97313" lon="5.70585">
        <ele>732</ele>
        <time>2025-05-16T08:07:28+00:00</time>
      </trkpt>
      <trkpt lat="45.97311" lon="5.70589">
        <ele>732</ele>
        <time>2025-05-16T08:07:31+00:00</time>
      </trkpt>
      <trkpt lat="45.97311" lon="5.70597">
        <ele>732</ele>
        <time>2025-05-16T08:07:34+00:00</time>
      </trkpt>
      <trkpt lat="45.9731" lon="5.70605">
        <ele>734</ele>
        <time>2025-05-16T08:07:37+00:00</time>
      </trkpt>
      <trkpt lat="45.97311" lon="5.70617">
        <ele>734</ele>
        <time>2025-05-16T08:07:40+00:00</time>
      </trkpt>
      <trkpt lat="45.97311" lon="5.70639">
        <ele>735</ele>
        <time>2025-05-16T08:07:43+00:00</time>
      </trkpt>
      <trkpt lat="45.97308" lon="5.70675">
        <ele>738</ele>
        <time>2025-05-16T08:07:46+00:00</time>
      </trkpt>
      <trkpt lat="45.97303" lon="5.707">
        <ele>739</ele>
        <time>2025-05-16T08:07:49+00:00</time>
      </trkpt>
      <trkpt lat="45.97299" lon="5.70726">
        <ele>741</ele>
        <time>2025-05-16T08:07:52+00:00</time>
      </trkpt>
      <trkpt lat="45.97297" lon="5.7076">
        <ele>741</ele>
        <time>2025-05-16T08:07:55+00:00</time>
      </trkpt>
      <trkpt lat="45.97296" lon="5.70797">
        <ele>742</ele>
        <time>2025-05-16T08:07:58+00:00</time>
      </trkpt>
      <trkpt lat="45.97295" lon="5.70837">
        <ele>744</ele>
        <time>2025-05-16T08:08:01+00:00</time>
      </trkpt>
      <trkpt lat="45.97293" lon="5.70896">
        <ele>746</ele>
        <time>2025-05-16T08:08:04+00:00</time>
      </trkpt>
      <trkpt lat="45.97293" lon="5.70926">
        <ele>748</ele>
        <time>2025-05-16T08:08:07+00:00</time>
      </trkpt>
      <trkpt lat="45.97294" lon="5.70938">
        <ele>748</ele>
        <time>2025-05-16T08:08:10+00:00</time>
      </trkpt>
      <trkpt lat="45.97304" lon="5.70979">
        <ele>750</ele>
        <time>2025-05-16T08:08:13+00:00</time>
      </trkpt>
      <trkpt lat="45.97313" lon="5.71007">
        <ele>754</ele>
        <time>2025-05-16T08:08:16+00:00</time>
      </trkpt>
      <trkpt lat="45.97325" lon="5.71064">
        <ele>759</ele>
        <time>2025-05-16T08:08:19+00:00</time>
      </trkpt>
      <trkpt lat="45.97328" lon="5.711">
        <ele>761</ele>
        <time>2025-05-16T08:08:22+00:00</time>
      </trkpt>
      <trkpt lat="45.9733" lon="5.7114">
        <ele>763</ele>
        <time>2025-05-16T08:08:25+00:00</time>
      </trkpt>
      <trkpt lat="45.97334" lon="5.71199">
        <ele>763</ele>
        <time>2025-05-16T08:08:28+00:00</time>
      </trkpt>
      <trkpt lat="45.97338" lon="5.71236">
        <ele>763</ele>
        <time>2025-05-16T08:08:31+00:00</time>
      </trkpt>
      <trkpt lat="45.97347" lon="5.71273">
        <ele>763</ele>
        <time>2025-05-16T08:08:34+00:00</time>
      </trkpt>
      <trkpt lat="45.9736" lon="5.71323">
        <ele>763</ele>
        <time>2025-05-16T08:08:37+00:00</time>
      </trkpt>
      <trkpt lat="45.97374" lon="5.71376">
        <ele>763</ele>
        <time>2025-05-16T08:08:40+00:00</time>
      </trkpt>
      <trkpt lat="45.97391" lon="5.71405">
        <ele>764</ele>
        <time>2025-05-16T08:08:43+00:00</time>
      </trkpt>
      <trkpt lat="45.97413" lon="5.71442">
        <ele>765</ele>
        <time>2025-05-16T08:08:46+00:00</time>
      </trkpt>
      <trkpt lat="45.97424" lon="5.71465">
        <ele>765</ele>
        <time>2025-05-16T08:08:49+00:00</time>
      </trkpt>
      <trkpt lat="45.97429" lon="5.71485">
        <ele>763</ele>
        <time>2025-05-16T08:08:52+00:00</time>
      </trkpt>
      <trkpt lat="45.97429" lon="5.71492">
        <ele>763</ele>
        <time>2025-05-16T08:08:55+00:00</time>
      </trkpt>
      <trkpt lat="45.97427" lon="5.71504">
        <ele>763</ele>
        <time>2025-05-16T08:08:58+00:00</time>
      </trkpt>
      <trkpt lat="45.97421" lon="5.71518">
        <ele>763</ele>
        <time>2025-05-16T08:09:01+00:00</time>
      </trkpt>
      <trkpt lat="45.97407" lon="5.71539">
        <ele>763</ele>
        <time>2025-05-16T08:09:04+00:00</time>
      </trkpt>
      <trkpt lat="45.97403" lon="5.71547">
        <ele>764</ele>
        <time>2025-05-16T08:09:07+00:00</time>
      </trkpt>
      <trkpt lat="45.97398" lon="5.71559">
        <ele>764</ele>
        <time>2025-05-16T08:09:10+00:00</time>
      </trkpt>
      <trkpt lat="45.97398" lon="5.71564">
        <ele>765</ele>
        <time>2025-05-16T08:09:13+00:00</time>
      </trkpt>
      <trkpt lat="45.97397" lon="5.71573">
        <ele>766</ele>
        <time>2025-05-16T08:09:16+00:00</time>
      </trkpt>
      <trkpt lat="45.97397" lon="5.71589">
        <ele>767</ele>
        <time>2025-05-16T08:09:19+00:00</time>
      </trkpt>
      <trkpt lat="45.97398" lon="5.71598">
        <ele>769</ele>
        <time>2025-05-16T08:09:22+00:00</time>
      </trkpt>
      <trkpt lat="45.974" lon="5.71606">
        <ele>770</ele>
        <time>2025-05-16T08:09:25+00:00</time>
      </trkpt>
      <trkpt lat="45.97406" lon="5.71623">
        <ele>772</ele>
        <time>2025-05-16T08:09:28+00:00</time>
      </trkpt>
      <trkpt lat="45.97425" lon="5.71659">
        <ele>773</ele>
        <time>2025-05-16T08:09:31+00:00</time>
      </trkpt>
      <trkpt lat="45.97447" lon="5.71703">
        <ele>777</ele>
        <time>2025-05-16T08:09:34+00:00</time>
      </trkpt>
      <trkpt lat="45.97466" lon="5.71755">
        <ele>782</ele>
        <time>2025-05-16T08:09:37+00:00</time>
      </trkpt>
      <trkpt lat="45.97471" lon="5.71778">
        <ele>780</ele>
        <time>2025-05-16T08:09:40+00:00</time>
      </trkpt>
      <trkpt lat="45.97475" lon="5.71808">
        <ele>783</ele>
        <time>2025-05-16T08:09:43+00:00</time>
      </trkpt>
      <trkpt lat="45.97475" lon="5.71821">
        <ele>784</ele>
        <time>2025-05-16T08:09:46+00:00</time>
      </trkpt>
      <trkpt lat="45.97476" lon="5.71838">
        <ele>785</ele>
        <time>2025-05-16T08:09:49+00:00</time>
      </trkpt>
      <trkpt lat="45.97474" lon="5.71888">
        <ele>788</ele>
        <time>2025-05-16T08:09:52+00:00</time>
      </trkpt>
      <trkpt lat="45.97474" lon="5.71904">
        <ele>789</ele>
        <time>2025-05-16T08:09:55+00:00</time>
      </trkpt>
      <trkpt lat="45.97473" lon="5.71917">
        <ele>790</ele>
        <time>2025-05-16T08:09:58+00:00</time>
      </trkpt>
      <trkpt lat="45.97468" lon="5.71935">
        <ele>792</ele>
        <time>2025-05-16T08:10:01+00:00</time>
      </trkpt>
      <trkpt lat="45.97463" lon="5.7195">
        <ele>793</ele>
        <time>2025-05-16T08:10:04+00:00</time>
      </trkpt>
      <trkpt lat="45.97453" lon="5.71987">
        <ele>794</ele>
        <time>2025-05-16T08:10:07+00:00</time>
      </trkpt>
      <trkpt lat="45.97435" lon="5.72035">
        <ele>797</ele>
        <time>2025-05-16T08:10:10+00:00</time>
      </trkpt>
      <trkpt lat="45.97431" lon="5.72053">
        <ele>799</ele>
        <time>2025-05-16T08:10:13+00:00</time>
      </trkpt>
      <trkpt lat="45.97429" lon="5.72065">
        <ele>801</ele>
        <time>2025-05-16T08:10:16+00:00</time>
      </trkpt>
      <trkpt lat="45.97429" lon="5.72099">
        <ele>804</ele>
        <time>2025-05-16T08:10:19+00:00</time>
      </trkpt>
      <trkpt lat="45.97428" lon="5.72113">
        <ele>805</ele>
        <time>2025-05-16T08:10:22+00:00</time>
      </trkpt>
      <trkpt lat="45.97431" lon="5.72128">
        <ele>806</ele>
        <time>2025-05-16T08:10:25+00:00</time>
      </trkpt>
      <trkpt lat="45.97432" lon="5.72143">
        <ele>807</ele>
        <time>2025-05-16T08:10:28+00:00</time>
      </trkpt>
      <trkpt lat="45.97432" lon="5.72158">
        <ele>807</ele>
        <time>2025-05-16T08:10:31+00:00</time>
      </trkpt>
      <trkpt lat="45.9743" lon="5.72173">
        <ele>807</ele>
        <time>2025-05-16T08:10:34+00:00</time>
      </trkpt>
      <trkpt lat="45.97425" lon="5.72198">
        <ele>808</ele>
        <time>2025-05-16T08:10:37+00:00</time>
      </trkpt>
      <trkpt lat="45.97421" lon="5.72216">
        <ele>810</ele>
        <time>2025-05-16T08:10:40+00:00</time>
      </trkpt>
      <trkpt lat="45.97416" lon="5.72235">
        <ele>812</ele>
        <time>2025-05-16T08:10:43+00:00</time>
      </trkpt>
      <trkpt lat="45.97393" lon="5.72266">
        <ele>817</ele>
        <time>2025-05-16T08:10:46+00:00</time>
      </trkpt>
      <trkpt lat="45.9737" lon="5.72302">
        <ele>821</ele>
        <time>2025-05-16T08:10:49+00:00</time>
      </trkpt>
      <trkpt lat="45.97363" lon="5.72318">
        <ele>822</ele>
        <time>2025-05-16T08:10:52+00:00</time>
      </trkpt>
      <trkpt lat="45.97357" lon="5.72337">
        <ele>826</ele>
        <time>2025-05-16T08:10:55+00:00</time>
      </trkpt>
      <trkpt lat="45.97349" lon="5.72359">
        <ele>827</ele>
        <time>2025-05-16T08:10:58+00:00</time>
      </trkpt>
      <trkpt lat="45.9734" lon="5.72388">
        <ele>832</ele>
        <time>2025-05-16T08:11:01+00:00</time>
      </trkpt>
      <trkpt lat="45.97333" lon="5.72405">
        <ele>834</ele>
        <time>2025-05-16T08:11:04+00:00</time>
      </trkpt>
      <trkpt lat="45.9732" lon="5.72431">
        <ele>837</ele>
        <time>2025-05-16T08:11:07+00:00</time>
      </trkpt>
      <trkpt lat="45.97304" lon="5.7246">
        <ele>840</ele>
        <time>2025-05-16T08:11:10+00:00</time>
      </trkpt>
      <trkpt lat="45.9729" lon="5.72502">
        <ele>845</ele>
        <time>2025-05-16T08:11:13+00:00</time>
      </trkpt>
      <trkpt lat="45.97287" lon="5.72513">
        <ele>846</ele>
        <time>2025-05-16T08:11:16+00:00</time>
      </trkpt>
      <trkpt lat="45.97287" lon="5.7252">
        <ele>846</ele>
        <time>2025-05-16T08:11:19+00:00</time>
      </trkpt>
      <trkpt lat="45.973" lon="5.72542">
        <ele>849</ele>
        <time>2025-05-16T08:11:22+00:00</time>
      </trkpt>
      <trkpt lat="45.97316" lon="5.72554">
        <ele>852</ele>
        <time>2025-05-16T08:11:25+00:00</time>
      </trkpt>
      <trkpt lat="45.97321" lon="5.7256">
        <ele>852</ele>
        <time>2025-05-16T08:11:28+00:00</time>
      </trkpt>
      <trkpt lat="45.97325" lon="5.72568">
        <ele>854</ele>
        <time>2025-05-16T08:11:31+00:00</time>
      </trkpt>
      <trkpt lat="45.97337" lon="5.72603">
        <ele>857</ele>
        <time>2025-05-16T08:11:34+00:00</time>
      </trkpt>
      <trkpt lat="45.97338" lon="5.72608">
        <ele>857</ele>
        <time>2025-05-16T08:11:37+00:00</time>
      </trkpt>
      <trkpt lat="45.97337" lon="5.72643">
        <ele>862</ele>
        <time>2025-05-16T08:11:40+00:00</time>
      </trkpt>
      <trkpt lat="45.97341" lon="5.72664">
        <ele>864</ele>
        <time>2025-05-16T08:11:43+00:00</time>
      </trkpt>
      <trkpt lat="45.97345" lon="5.72681">
        <ele>867</ele>
        <time>2025-05-16T08:11:46+00:00</time>
      </trkpt>
      <trkpt lat="45.97355" lon="5.72712">
        <ele>871</ele>
        <time>2025-05-16T08:11:49+00:00</time>
      </trkpt>
      <trkpt lat="45.97362" lon="5.72724">
        <ele>872</ele>
        <time>2025-05-16T08:11:52+00:00</time>
      </trkpt>
      <trkpt lat="45.97373" lon="5.72741">
        <ele>875</ele>
        <time>2025-05-16T08:11:55+00:00</time>
      </trkpt>
      <trkpt lat="45.97379" lon="5.72755">
        <ele>876</ele>
        <time>2025-05-16T08:11:58+00:00</time>
      </trkpt>
      <trkpt lat="45.97384" lon="5.72765">
        <ele>878</ele>
        <time>2025-05-16T08:12:01+00:00</time>
      </trkpt>
      <trkpt lat="45.97399" lon="5.72784">
        <ele>882</ele>
        <time>2025-05-16T08:12:04+00:00</time>
      </trkpt>
      <trkpt lat="45.97411" lon="5.72797">
        <ele>884</ele>
        <time>2025-05-16T08:12:07+00:00</time>
      </trkpt>
      <trkpt lat="45.97418" lon="5.72803">
        <ele>886</ele>
        <time>2025-05-16T08:12:10+00:00</time>
      </trkpt>
      <trkpt lat="45.9743" lon="5.72807">
        <ele>885</ele>
        <time>2025-05-16T08:12:13+00:00</time>
      </trkpt>
      <trkpt lat="45.97442" lon="5.72804">
        <ele>887</ele>
        <time>2025-05-16T08:12:16+00:00</time>
      </trkpt>
      <trkpt lat="45.97479" lon="5.7279">
        <ele>890</ele>
        <time>2025-05-16T08:12:19+00:00</time>
      </trkpt>
      <trkpt lat="45.97494" lon="5.72786">
        <ele>891</ele>
        <time>2025-05-16T08:12:22+00:00</time>
      </trkpt>
      <trkpt lat="45.97502" lon="5.72785">
        <ele>892</ele>
        <time>2025-05-16T08:12:25+00:00</time>
      </trkpt>
      <trkpt lat="45.97511" lon="5.72786">
        <ele>892</ele>
        <time>2025-05-16T08:12:28+00:00</time>
      </trkpt>
      <trkpt lat="45.9752" lon="5.72806">
        <ele>895</ele>
        <time>2025-05-16T08:12:31+00:00</time>
      </trkpt>
      <trkpt lat="45.97523" lon="5.7282">
        <ele>896</ele>
        <time>2025-05-16T08:12:34+00:00</time>
      </trkpt>
      <trkpt lat="45.97533" lon="5.72845">
        <ele>900</ele>
        <time>2025-05-16T08:12:37+00:00</time>
      </trkpt>
      <trkpt lat="45.97544" lon="5.72872">
        <ele>906</ele>
        <time>2025-05-16T08:12:40+00:00</time>
      </trkpt>
      <trkpt lat="45.97551" lon="5.72887">
        <ele>907</ele>
        <time>2025-05-16T08:12:43+00:00</time>
      </trkpt>
      <trkpt lat="45.97566" lon="5.72915">
        <ele>912</ele>
        <time>2025-05-16T08:12:46+00:00</time>
      </trkpt>
      <trkpt lat="45.9759" lon="5.72946">
        <ele>918</ele>
        <time>2025-05-16T08:12:49+00:00</time>
      </trkpt>
      <trkpt lat="45.97618" lon="5.7295">
        <ele>925</ele>
        <time>2025-05-16T08:12:52+00:00</time>
      </trkpt>
      <trkpt lat="45.97661" lon="5.72955">
        <ele>934</ele>
        <time>2025-05-16T08:12:55+00:00</time>
      </trkpt>
      <trkpt lat="45.97685" lon="5.72979">
        <ele>936</ele>
        <time>2025-05-16T08:12:58+00:00</time>
      </trkpt>
      <trkpt lat="45.97711" lon="5.72982">
        <ele>941</ele>
        <time>2025-05-16T08:13:01+00:00</time>
      </trkpt>
      <trkpt lat="45.97745" lon="5.72987">
        <ele>942</ele>
        <time>2025-05-16T08:13:04+00:00</time>
      </trkpt>
      <trkpt lat="45.97768" lon="5.73009">
        <ele>945</ele>
        <time>2025-05-16T08:13:07+00:00</time>
      </trkpt>
      <trkpt lat="45.97798" lon="5.7304">
        <ele>949</ele>
        <time>2025-05-16T08:13:10+00:00</time>
      </trkpt>
      <trkpt lat="45.97829" lon="5.73043">
        <ele>954</ele>
        <time>2025-05-16T08:13:13+00:00</time>
      </trkpt>
      <trkpt lat="45.9789" lon="5.7305">
        <ele>959</ele>
        <time>2025-05-16T08:13:16+00:00</time>
      </trkpt>
      <trkpt lat="45.97917" lon="5.73059">
        <ele>967</ele>
        <time>2025-05-16T08:13:19+00:00</time>
      </trkpt>
      <trkpt lat="45.97955" lon="5.73073">
        <ele>973</ele>
        <time>2025-05-16T08:13:22+00:00</time>
      </trkpt>
      <trkpt lat="45.97992" lon="5.73111">
        <ele>975</ele>
        <time>2025-05-16T08:13:25+00:00</time>
      </trkpt>
      <trkpt lat="45.98007" lon="5.73148">
        <ele>980</ele>
        <time>2025-05-16T08:13:28+00:00</time>
      </trkpt>
      <trkpt lat="45.98" lon="5.73191">
        <ele>984</ele>
        <time>2025-05-16T08:13:31+00:00</time>
      </trkpt>
      <trkpt lat="45.97973" lon="5.73215">
        <ele>991</ele>
        <time>2025-05-16T08:13:34+00:00</time>
      </trkpt>
      <trkpt lat="45.97946" lon="5.73238">
        <ele>999</ele>
        <time>2025-05-16T08:13:37+00:00</time>
      </trkpt>
      <trkpt lat="45.97914" lon="5.73266">
        <ele>1005</ele>
        <time>2025-05-16T08:13:40+00:00</time>
      </trkpt>
      <trkpt lat="45.97878" lon="5.73281">
        <ele>1015</ele>
        <time>2025-05-16T08:13:43+00:00</time>
      </trkpt>
      <trkpt lat="45.97846" lon="5.73271">
        <ele>1018</ele>
        <time>2025-05-16T08:13:46+00:00</time>
      </trkpt>
      <trkpt lat="45.97815" lon="5.73298">
        <ele>1023</ele>
        <time>2025-05-16T08:13:49+00:00</time>
      </trkpt>
      <trkpt lat="45.97784" lon="5.73324">
        <ele>1029</ele>
        <time>2025-05-16T08:13:52+00:00</time>
      </trkpt>
      <trkpt lat="45.97753" lon="5.73351">
        <ele>1036</ele>
        <time>2025-05-16T08:13:55+00:00</time>
      </trkpt>
      <trkpt lat="45.9771" lon="5.73387">
        <ele>1044</ele>
        <time>2025-05-16T08:13:58+00:00</time>
      </trkpt>
      <trkpt lat="45.97715" lon="5.73433">
        <ele>1046</ele>
        <time>2025-05-16T08:14:01+00:00</time>
      </trkpt>
      <trkpt lat="45.9772" lon="5.73479">
        <ele>1051</ele>
        <time>2025-05-16T08:14:04+00:00</time>
      </trkpt>
      <trkpt lat="45.97725" lon="5.73534">
        <ele>1057</ele>
        <time>2025-05-16T08:14:07+00:00</time>
      </trkpt>
      <trkpt lat="45.9773" lon="5.73574">
        <ele>1061</ele>
        <time>2025-05-16T08:14:10+00:00</time>
      </trkpt>
      <trkpt lat="45.97738" lon="5.73635">
        <ele>1071</ele>
        <time>2025-05-16T08:14:13+00:00</time>
      </trkpt>
      <trkpt lat="45.97765" lon="5.73684">
        <ele>1079</ele>
        <time>2025-05-16T08:14:16+00:00</time>
      </trkpt>
      <trkpt lat="45.97789" lon="5.73702">
        <ele>1082</ele>
        <time>2025-05-16T08:14:19+00:00</time>
      </trkpt>
      <trkpt lat="45.97824" lon="5.73728">
        <ele>1087</ele>
        <time>2025-05-16T08:14:22+00:00</time>
      </trkpt>
      <trkpt lat="45.97825" lon="5.73763">
        <ele>1091</ele>
        <time>2025-05-16T08:14:25+00:00</time>
      </trkpt>
      <trkpt lat="45.97827" lon="5.73801">
        <ele>1088</ele>
        <time>2025-05-16T08:14:28+00:00</time>
      </trkpt>
      <trkpt lat="45.97842" lon="5.73837">
        <ele>1089</ele>
        <time>2025-05-16T08:14:31+00:00</time>
      </trkpt>
      <trkpt lat="45.97865" lon="5.73894">
        <ele>1091</ele>
        <time>2025-05-16T08:14:34+00:00</time>
      </trkpt>
      <trkpt lat="45.97837" lon="5.73931">
        <ele>1090</ele>
        <time>2025-05-16T08:14:37+00:00</time>
      </trkpt>
      <trkpt lat="45.97807" lon="5.73929">
        <ele>1090</ele>
        <time>2025-05-16T08:14:40+00:00</time>
      </trkpt>
      <trkpt lat="45.97755" lon="5.73924">
        <ele>1090</ele>
        <time>2025-05-16T08:14:43+00:00</time>
      </trkpt>
      <trkpt lat="45.97727" lon="5.73938">
        <ele>1090</ele>
        <time>2025-05-16T08:14:46+00:00</time>
      </trkpt>
      <trkpt lat="45.97679" lon="5.73962">
        <ele>1092</ele>
        <time>2025-05-16T08:14:49+00:00</time>
      </trkpt>
      <trkpt lat="45.97674" lon="5.73969">
        <ele>1092</ele>
        <time>2025-05-16T08:14:52+00:00</time>
      </trkpt>
      <trkpt lat="45.97667" lon="5.73985">
        <ele>1092</ele>
        <time>2025-05-16T08:14:55+00:00</time>
      </trkpt>
      <trkpt lat="45.97667" lon="5.7401">
        <ele>1093</ele>
        <time>2025-05-16T08:14:58+00:00</time>
      </trkpt>
      <trkpt lat="45.97669" lon="5.7403">
        <ele>1094</ele>
        <time>2025-05-16T08:15:01+00:00</time>
      </trkpt>
      <trkpt lat="45.97669" lon="5.74042">
        <ele>1095</ele>
        <time>2025-05-16T08:15:04+00:00</time>
      </trkpt>
      <trkpt lat="45.97666" lon="5.74053">
        <ele>1096</ele>
        <time>2025-05-16T08:15:07+00:00</time>
      </trkpt>
      <trkpt lat="45.9766" lon="5.74064">
        <ele>1097</ele>
        <time>2025-05-16T08:15:10+00:00</time>
      </trkpt>
      <trkpt lat="45.97654" lon="5.74073">
        <ele>1098</ele>
        <time>2025-05-16T08:15:13+00:00</time>
      </trkpt>
      <trkpt lat="45.97634" lon="5.74106">
        <ele>1100</ele>
        <time>2025-05-16T08:15:16+00:00</time>
      </trkpt>
      <trkpt lat="45.97625" lon="5.74119">
        <ele>1100</ele>
        <time>2025-05-16T08:15:19+00:00</time>
      </trkpt>
      <trkpt lat="45.9762" lon="5.74125">
        <ele>1101</ele>
        <time>2025-05-16T08:15:22+00:00</time>
      </trkpt>
      <trkpt lat="45.97614" lon="5.74128">
        <ele>1101</ele>
        <time>2025-05-16T08:15:25+00:00</time>
      </trkpt>
      <trkpt lat="45.97607" lon="5.74129">
        <ele>1101</ele>
        <time>2025-05-16T08:15:28+00:00</time>
      </trkpt>
      <trkpt lat="45.97596" lon="5.74129">
        <ele>1102</ele>
        <time>2025-05-16T08:15:31+00:00</time>
      </trkpt>
      <trkpt lat="45.97555" lon="5.74125">
        <ele>1105</ele>
        <time>2025-05-16T08:15:34+00:00</time>
      </trkpt>
      <trkpt lat="45.9754" lon="5.74122">
        <ele>1108</ele>
        <time>2025-05-16T08:15:37+00:00</time>
      </trkpt>
      <trkpt lat="45.97524" lon="5.74121">
        <ele>1110</ele>
        <time>2025-05-16T08:15:40+00:00</time>
      </trkpt>
      <trkpt lat="45.97505" lon="5.74121">
        <ele>1112</ele>
        <time>2025-05-16T08:15:43+00:00</time>
      </trkpt>
      <trkpt lat="45.97485" lon="5.74125">
        <ele>1113</ele>
        <time>2025-05-16T08:15:46+00:00</time>
      </trkpt>
      <trkpt lat="45.97463" lon="5.74154">
        <ele>1114</ele>
        <time>2025-05-16T08:15:49+00:00</time>
      </trkpt>
      <trkpt lat="45.97423" lon="5.74187">
        <ele>1118</ele>
        <time>2025-05-16T08:15:52+00:00</time>
      </trkpt>
      <trkpt lat="45.97398" lon="5.74196">
        <ele>1122</ele>
        <time>2025-05-16T08:15:55+00:00</time>
      </trkpt>
      <trkpt lat="45.97366" lon="5.74208">
        <ele>1128</ele>
        <time>2025-05-16T08:15:58+00:00</time>
      </trkpt>
      <trkpt lat="45.97337" lon="5.74226">
        <ele>1135</ele>
        <time>2025-05-16T08:16:01+00:00</time>
      </trkpt>
      <trkpt lat="45.97281" lon="5.74262">
        <ele>1149</ele>
        <time>2025-05-16T08:16:04+00:00</time>
      </trkpt>
      <trkpt lat="45.9724" lon="5.74293">
        <ele>1159</ele>
        <time>2025-05-16T08:16:07+00:00</time>
      </trkpt>
      <trkpt lat="45.97214" lon="5.74325">
        <ele>1164</ele>
        <time>2025-05-16T08:16:10+00:00</time>
      </trkpt>
      <trkpt lat="45.97218" lon="5.74367">
        <ele>1168</ele>
        <time>2025-05-16T08:16:13+00:00</time>
      </trkpt>
      <trkpt lat="45.97245" lon="5.74383">
        <ele>1172</ele>
        <time>2025-05-16T08:16:16+00:00</time>
      </trkpt>
      <trkpt lat="45.97288" lon="5.74408">
        <ele>1176</ele>
        <time>2025-05-16T08:16:19+00:00</time>
      </trkpt>
      <trkpt lat="45.9732" lon="5.74419">
        <ele>1180</ele>
        <time>2025-05-16T08:16:22+00:00</time>
      </trkpt>
      <trkpt lat="45.97348" lon="5.74428">
        <ele>1184</ele>
        <time>2025-05-16T08:16:25+00:00</time>
      </trkpt>
      <trkpt lat="45.97393" lon="5.74442">
        <ele>1191</ele>
        <time>2025-05-16T08:16:28+00:00</time>
      </trkpt>
      <trkpt lat="45.97421" lon="5.74453">
        <ele>1197</ele>
        <time>2025-05-16T08:16:31+00:00</time>
      </trkpt>
      <trkpt lat="45.97469" lon="5.74473">
        <ele>1205</ele>
        <time>2025-05-16T08:16:34+00:00</time>
      </trkpt>
      <trkpt lat="45.97511" lon="5.74476">
        <ele>1205</ele>
        <time>2025-05-16T08:16:37+00:00</time>
      </trkpt>
      <trkpt lat="45.97533" lon="5.74502">
        <ele>1215</ele>
        <time>2025-05-16T08:16:40+00:00</time>
      </trkpt>
      <trkpt lat="45.97568" lon="5.74543">
        <ele>1221</ele>
        <time>2025-05-16T08:16:43+00:00</time>
      </trkpt>
      <trkpt lat="45.97561" lon="5.74563">
        <ele>1225</ele>
        <time>2025-05-16T08:16:46+00:00</time>
      </trkpt>
      <trkpt lat="45.97544" lon="5.74571">
        <ele>1225</ele>
        <time>2025-05-16T08:16:49+00:00</time>
      </trkpt>
      <trkpt lat="45.97523" lon="5.7458">
        <ele>1228</ele>
        <time>2025-05-16T08:16:52+00:00</time>
      </trkpt>
      <trkpt lat="45.97509" lon="5.74608">
        <ele>1228</ele>
        <time>2025-05-16T08:16:55+00:00</time>
      </trkpt>
      <trkpt lat="45.97494" lon="5.74638">
        <ele>1228</ele>
        <time>2025-05-16T08:16:58+00:00</time>
      </trkpt>
      <trkpt lat="45.97466" lon="5.74656">
        <ele>1230</ele>
        <time>2025-05-16T08:17:01+00:00</time>
      </trkpt>
      <trkpt lat="45.97409" lon="5.74693">
        <ele>1233</ele>
        <time>2025-05-16T08:17:04+00:00</time>
      </trkpt>
      <trkpt lat="45.97373" lon="5.74695">
        <ele>1236</ele>
        <time>2025-05-16T08:17:07+00:00</time>
      </trkpt>
      <trkpt lat="45.97339" lon="5.74698">
        <ele>1237</ele>
        <time>2025-05-16T08:17:10+00:00</time>
      </trkpt>
      <trkpt lat="45.97304" lon="5.747">
        <ele>1240</ele>
        <time>2025-05-16T08:17:13+00:00</time>
      </trkpt>
      <trkpt lat="45.97245" lon="5.74705">
        <ele>1244</ele>
        <time>2025-05-16T08:17:16+00:00</time>
      </trkpt>
      <trkpt lat="45.97216" lon="5.74688">
        <ele>1250</ele>
        <time>2025-05-16T08:17:19+00:00</time>
      </trkpt>
      <trkpt lat="45.97184" lon="5.74687">
        <ele>1255</ele>
        <time>2025-05-16T08:17:22+00:00</time>
      </trkpt>
      <trkpt lat="45.97156" lon="5.74698">
        <ele>1255</ele>
        <time>2025-05-16T08:17:25+00:00</time>
      </trkpt>
      <trkpt lat="45.97111" lon="5.74716">
        <ele>1255</ele>
        <time>2025-05-16T08:17:28+00:00</time>
      </trkpt>
      <trkpt lat="45.97082" lon="5.74714">
        <ele>1254</ele>
        <time>2025-05-16T08:17:31+00:00</time>
      </trkpt>
      <trkpt lat="45.97037" lon="5.7471">
        <ele>1253</ele>
        <time>2025-05-16T08:17:34+00:00</time>
      </trkpt>
      <trkpt lat="45.97004" lon="5.74708">
        <ele>1251</ele>
        <time>2025-05-16T08:17:37+00:00</time>
      </trkpt>
      <trkpt lat="45.96971" lon="5.74706">
        <ele>1251</ele>
        <time>2025-05-16T08:17:40+00:00</time>
      </trkpt>
      <trkpt lat="45.96923" lon="5.74703">
        <ele>1253</ele>
        <time>2025-05-16T08:17:43+00:00</time>
      </trkpt>
      <trkpt lat="45.96894" lon="5.74694">
        <ele>1256</ele>
        <time>2025-05-16T08:17:46+00:00</time>
      </trkpt>
      <trkpt lat="45.96843" lon="5.74679">
        <ele>1255</ele>
        <time>2025-05-16T08:17:49+00:00</time>
      </trkpt>
      <trkpt lat="45.96814" lon="5.74678">
        <ele>1255</ele>
        <time>2025-05-16T08:17:52+00:00</time>
      </trkpt>
      <trkpt lat="45.96768" lon="5.74676">
        <ele>1253</ele>
        <time>2025-05-16T08:17:55+00:00</time>
      </trkpt>
      <trkpt lat="45.96726" lon="5.74664">
        <ele>1252</ele>
        <time>2025-05-16T08:17:58+00:00</time>
      </trkpt>
      <trkpt lat="45.96689" lon="5.74674">
        <ele>1249</ele>
        <time>2025-05-16T08:18:01+00:00</time>
      </trkpt>
      <trkpt lat="45.96662" lon="5.74673">
        <ele>1248</ele>
        <time>2025-05-16T08:18:04+00:00</time>
      </trkpt>
      <trkpt lat="45.96626" lon="5.74672">
        <ele>1246</ele>
        <time>2025-05-16T08:18:07+00:00</time>
      </trkpt>
      <trkpt lat="45.9659" lon="5.7467">
        <ele>1245</ele>
        <time>2025-05-16T08:18:10+00:00</time>
      </trkpt>
      <trkpt lat="45.96566" lon="5.74673">
        <ele>1246</ele>
        <time>2025-05-16T08:18:13+00:00</time>
      </trkpt>
      <trkpt lat="45.96541" lon="5.74677">
        <ele>1246</ele>
        <time>2025-05-16T08:18:16+00:00</time>
      </trkpt>
      <trkpt lat="45.96503" lon="5.74674">
        <ele>1246</ele>
        <time>2025-05-16T08:18:19+00:00</time>
      </trkpt>
      <trkpt lat="45.96466" lon="5.74672">
        <ele>1246</ele>
        <time>2025-05-16T08:18:22+00:00</time>
      </trkpt>
      <trkpt lat="45.96429" lon="5.74669">
        <ele>1242</ele>
        <time>2025-05-16T08:18:25+00:00</time>
      </trkpt>
      <trkpt lat="45.96391" lon="5.74667">
        <ele>1241</ele>
        <time>2025-05-16T08:18:28+00:00</time>
      </trkpt>
      <trkpt lat="45.96353" lon="5.74664">
        <ele>1239</ele>
        <time>2025-05-16T08:18:31+00:00</time>
      </trkpt>
      <trkpt lat="45.96318" lon="5.74692">
        <ele>1239</ele>
        <time>2025-05-16T08:18:34+00:00</time>
      </trkpt>
      <trkpt lat="45.96292" lon="5.74738">
        <ele>1239</ele>
        <time>2025-05-16T08:18:37+00:00</time>
      </trkpt>
      <trkpt lat="45.96276" lon="5.74763">
        <ele>1238</ele>
        <time>2025-05-16T08:18:40+00:00</time>
      </trkpt>
      <trkpt lat="45.9626" lon="5.74789">
        <ele>1238</ele>
        <time>2025-05-16T08:18:43+00:00</time>
      </trkpt>
      <trkpt lat="45.96229" lon="5.74796">
        <ele>1240</ele>
        <time>2025-05-16T08:18:46+00:00</time>
      </trkpt>
      <trkpt lat="45.96199" lon="5.74788">
        <ele>1240</ele>
        <time>2025-05-16T08:18:49+00:00</time>
      </trkpt>
      <trkpt lat="45.96168" lon="5.74773">
        <ele>1240</ele>
        <time>2025-05-16T08:18:52+00:00</time>
      </trkpt>
      <trkpt lat="45.96144" lon="5.74748">
        <ele>1240</ele>
        <time>2025-05-16T08:18:55+00:00</time>
      </trkpt>
      <trkpt lat="45.96144" lon="5.74695">
        <ele>1241</ele>
        <time>2025-05-16T08:18:58+00:00</time>
      </trkpt>
      <trkpt lat="45.96152" lon="5.74663">
        <ele>1241</ele>
        <time>2025-05-16T08:19:01+00:00</time>
      </trkpt>
      <trkpt lat="45.96139" lon="5.74644">
        <ele>1241</ele>
        <time>2025-05-16T08:19:04+00:00</time>
      </trkpt>
      <trkpt lat="45.96126" lon="5.74643">
        <ele>1241</ele>
        <time>2025-05-16T08:19:07+00:00</time>
      </trkpt>
      <trkpt lat="45.96096" lon="5.74644">
        <ele>1242</ele>
        <time>2025-05-16T08:19:10+00:00</time>
      </trkpt>
      <trkpt lat="45.96068" lon="5.74646">
        <ele>1244</ele>
        <time>2025-05-16T08:19:13+00:00</time>
      </trkpt>
      <trkpt lat="45.96028" lon="5.74649">
        <ele>1246</ele>
        <time>2025-05-16T08:19:16+00:00</time>
      </trkpt>
      <trkpt lat="45.96013" lon="5.74649">
        <ele>1247</ele>
        <time>2025-05-16T08:19:19+00:00</time>
      </trkpt>
      <trkpt lat="45.95997" lon="5.74648">
        <ele>1251</ele>
        <time>2025-05-16T08:19:22+00:00</time>
      </trkpt>
      <trkpt lat="45.95985" lon="5.74646">
        <ele>1253</ele>
        <time>2025-05-16T08:19:25+00:00</time>
      </trkpt>
      <trkpt lat="45.95958" lon="5.74632">
        <ele>1256</ele>
        <time>2025-05-16T08:19:28+00:00</time>
      </trkpt>
      <trkpt lat="45.95934" lon="5.74611">
        <ele>1260</ele>
        <time>2025-05-16T08:19:31+00:00</time>
      </trkpt>
      <trkpt lat="45.95897" lon="5.74581">
        <ele>1264</ele>
        <time>2025-05-16T08:19:34+00:00</time>
      </trkpt>
      <trkpt lat="45.95883" lon="5.74572">
        <ele>1265</ele>
        <time>2025-05-16T08:19:37+00:00</time>
      </trkpt>
      <trkpt lat="45.9587" lon="5.74567">
        <ele>1264</ele>
        <time>2025-05-16T08:19:40+00:00</time>
      </trkpt>
      <trkpt lat="45.95859" lon="5.74567">
        <ele>1265</ele>
        <time>2025-05-16T08:19:43+00:00</time>
      </trkpt>
      <trkpt lat="45.95852" lon="5.7457">
        <ele>1265</ele>
        <time>2025-05-16T08:19:46+00:00</time>
      </trkpt>
      <trkpt lat="45.95833" lon="5.74588">
        <ele>1267</ele>
        <time>2025-05-16T08:19:49+00:00</time>
      </trkpt>
      <trkpt lat="45.95799" lon="5.74618">
        <ele>1271</ele>
        <time>2025-05-16T08:19:52+00:00</time>
      </trkpt>
      <trkpt lat="45.95788" lon="5.74626">
        <ele>1275</ele>
        <time>2025-05-16T08:19:55+00:00</time>
      </trkpt>
      <trkpt lat="45.95765" lon="5.74633">
        <ele>1279</ele>
        <time>2025-05-16T08:19:58+00:00</time>
      </trkpt>
      <trkpt lat="45.95753" lon="5.74634">
        <ele>1280</ele>
        <time>2025-05-16T08:20:01+00:00</time>
      </trkpt>
      <trkpt lat="45.95738" lon="5.74641">
        <ele>1279</ele>
        <time>2025-05-16T08:20:04+00:00</time>
      </trkpt>
      <trkpt lat="45.95713" lon="5.74653">
        <ele>1279</ele>
        <time>2025-05-16T08:20:07+00:00</time>
      </trkpt>
      <trkpt lat="45.95683" lon="5.74669">
        <ele>1280</ele>
        <time>2025-05-16T08:20:10+00:00</time>
      </trkpt>
      <trkpt lat="45.95676" lon="5.74674">
        <ele>1279</ele>
        <time>2025-05-16T08:20:13+00:00</time>
      </trkpt>
      <trkpt lat="45.95662" lon="5.7468">
        <ele>1280</ele>
        <time>2025-05-16T08:20:16+00:00</time>
      </trkpt>
      <trkpt lat="45.9564" lon="5.74687">
        <ele>1280</ele>
        <time>2025-05-16T08:20:19+00:00</time>
      </trkpt>
      <trkpt lat="45.95618" lon="5.74687">
        <ele>1279</ele>
        <time>2025-05-16T08:20:22+00:00</time>
      </trkpt>
      <trkpt lat="45.95587" lon="5.74693">
        <ele>1279</ele>
        <time>2025-05-16T08:20:25+00:00</time>
      </trkpt>
      <trkpt lat="45.95565" lon="5.74693">
        <ele>1279</ele>
        <time>2025-05-16T08:20:28+00:00</time>
      </trkpt>
      <trkpt lat="45.95541" lon="5.74685">
        <ele>1280</ele>
        <time>2025-05-16T08:20:31+00:00</time>
      </trkpt>
      <trkpt lat="45.95518" lon="5.74681">
        <ele>1281</ele>
        <time>2025-05-16T08:20:34+00:00</time>
      </trkpt>
      <trkpt lat="45.95487" lon="5.74681">
        <ele>1281</ele>
        <time>2025-05-16T08:20:37+00:00</time>
      </trkpt>
      <trkpt lat="45.95455" lon="5.74681">
        <ele>1283</ele>
        <time>2025-05-16T08:20:40+00:00</time>
      </trkpt>
      <trkpt lat="45.95424" lon="5.74681">
        <ele>1287</ele>
        <time>2025-05-16T08:20:43+00:00</time>
      </trkpt>
      <trkpt lat="45.95412" lon="5.74682">
        <ele>1288</ele>
        <time>2025-05-16T08:20:46+00:00</time>
      </trkpt>
      <trkpt lat="45.95388" lon="5.74687">
        <ele>1289</ele>
        <time>2025-05-16T08:20:49+00:00</time>
      </trkpt>
      <trkpt lat="45.9537" lon="5.74692">
        <ele>1288</ele>
        <time>2025-05-16T08:20:52+00:00</time>
      </trkpt>
      <trkpt lat="45.9534" lon="5.74708">
        <ele>1289</ele>
        <time>2025-05-16T08:20:55+00:00</time>
      </trkpt>
      <trkpt lat="45.95309" lon="5.74723">
        <ele>1291</ele>
        <time>2025-05-16T08:20:58+00:00</time>
      </trkpt>
      <trkpt lat="45.95279" lon="5.74739">
        <ele>1294</ele>
        <time>2025-05-16T08:21:01+00:00</time>
      </trkpt>
      <trkpt lat="45.95236" lon="5.74761">
        <ele>1298</ele>
        <time>2025-05-16T08:21:04+00:00</time>
      </trkpt>
      <trkpt lat="45.95215" lon="5.74783">
        <ele>1302</ele>
        <time>2025-05-16T08:21:07+00:00</time>
      </trkpt>
      <trkpt lat="45.95203" lon="5.74789">
        <ele>1305</ele>
        <time>2025-05-16T08:21:10+00:00</time>
      </trkpt>
      <trkpt lat="45.95187" lon="5.74793">
        <ele>1308</ele>
        <time>2025-05-16T08:21:13+00:00</time>
      </trkpt>
      <trkpt lat="45.95172" lon="5.74794">
        <ele>1309</ele>
        <time>2025-05-16T08:21:16+00:00</time>
      </trkpt>
      <trkpt lat="45.95154" lon="5.74791">
        <ele>1311</ele>
        <time>2025-05-16T08:21:19+00:00</time>
      </trkpt>
      <trkpt lat="45.95142" lon="5.74782">
        <ele>1312</ele>
        <time>2025-05-16T08:21:22+00:00</time>
      </trkpt>
      <trkpt lat="45.95126" lon="5.74773">
        <ele>1312</ele>
        <time>2025-05-16T08:21:25+00:00</time>
      </trkpt>
      <trkpt lat="45.9511" lon="5.74764">
        <ele>1314</ele>
        <time>2025-05-16T08:21:28+00:00</time>
      </trkpt>
      <trkpt lat="45.95098" lon="5.74759">
        <ele>1315</ele>
        <time>2025-05-16T08:21:31+00:00</time>
      </trkpt>
      <trkpt lat="45.95073" lon="5.74758">
        <ele>1319</ele>
        <time>2025-05-16T08:21:34+00:00</time>
      </trkpt>
      <trkpt lat="45.95059" lon="5.74763">
        <ele>1324</ele>
        <time>2025-05-16T08:21:37+00:00</time>
      </trkpt>
      <trkpt lat="45.95047" lon="5.74769">
        <ele>1326</ele>
        <time>2025-05-16T08:21:40+00:00</time>
      </trkpt>
      <trkpt lat="45.95017" lon="5.74792">
        <ele>1338</ele>
        <time>2025-05-16T08:21:43+00:00</time>
      </trkpt>
      <trkpt lat="45.95005" lon="5.7481">
        <ele>1341</ele>
        <time>2025-05-16T08:21:46+00:00</time>
      </trkpt>
      <trkpt lat="45.94996" lon="5.74822">
        <ele>1344</ele>
        <time>2025-05-16T08:21:49+00:00</time>
      </trkpt>
      <trkpt lat="45.94966" lon="5.74832">
        <ele>1346</ele>
        <time>2025-05-16T08:21:52+00:00</time>
      </trkpt>
      <trkpt lat="45.94956" lon="5.74838">
        <ele>1347</ele>
        <time>2025-05-16T08:21:55+00:00</time>
      </trkpt>
      <trkpt lat="45.94942" lon="5.74855">
        <ele>1350</ele>
        <time>2025-05-16T08:21:58+00:00</time>
      </trkpt>
      <trkpt lat="45.94935" lon="5.74871">
        <ele>1354</ele>
        <time>2025-05-16T08:22:01+00:00</time>
      </trkpt>
      <trkpt lat="45.94931" lon="5.74899">
        <ele>1358</ele>
        <time>2025-05-16T08:22:04+00:00</time>
      </trkpt>
      <trkpt lat="45.94925" lon="5.74935">
        <ele>1369</ele>
        <time>2025-05-16T08:22:07+00:00</time>
      </trkpt>
      <trkpt lat="45.94918" lon="5.74953">
        <ele>1374</ele>
        <time>2025-05-16T08:22:10+00:00</time>
      </trkpt>
      <trkpt lat="45.94905" lon="5.7498">
        <ele>1379</ele>
        <time>2025-05-16T08:22:13+00:00</time>
      </trkpt>
      <trkpt lat="45.94889" lon="5.75004">
        <ele>1388</ele>
        <time>2025-05-16T08:22:16+00:00</time>
      </trkpt>
      <trkpt lat="45.94872" lon="5.75029">
        <ele>1392</ele>
        <time>2025-05-16T08:22:19+00:00</time>
      </trkpt>
      <trkpt lat="45.94848" lon="5.75067">
        <ele>1400</ele>
        <time>2025-05-16T08:22:22+00:00</time>
      </trkpt>
      <trkpt lat="45.94839" lon="5.75075">
        <ele>1402</ele>
        <time>2025-05-16T08:22:25+00:00</time>
      </trkpt>
      <trkpt lat="45.94828" lon="5.7508">
        <ele>1402</ele>
        <time>2025-05-16T08:22:28+00:00</time>
      </trkpt>
      <trkpt lat="45.9482" lon="5.75086">
        <ele>1402</ele>
        <time>2025-05-16T08:22:31+00:00</time>
      </trkpt>
      <trkpt lat="45.948" lon="5.75095">
        <ele>1403</ele>
        <time>2025-05-16T08:22:34+00:00</time>
      </trkpt>
      <trkpt lat="45.94776" lon="5.75105">
        <ele>1406</ele>
        <time>2025-05-16T08:22:37+00:00</time>
      </trkpt>
      <trkpt lat="45.94753" lon="5.75114">
        <ele>1408</ele>
        <time>2025-05-16T08:22:40+00:00</time>
      </trkpt>
      <trkpt lat="45.94738" lon="5.75125">
        <ele>1408</ele>
        <time>2025-05-16T08:22:43+00:00</time>
      </trkpt>
      <trkpt lat="45.9472" lon="5.75133">
        <ele>1408</ele>
        <time>2025-05-16T08:22:46+00:00</time>
      </trkpt>
      <trkpt lat="45.94704" lon="5.75142">
        <ele>1410</ele>
        <time>2025-05-16T08:22:49+00:00</time>
      </trkpt>
      <trkpt lat="45.94686" lon="5.75147">
        <ele>1408</ele>
        <time>2025-05-16T08:22:52+00:00</time>
      </trkpt>
      <trkpt lat="45.94664" lon="5.75156">
        <ele>1409</ele>
        <time>2025-05-16T08:22:55+00:00</time>
      </trkpt>
      <trkpt lat="45.94658" lon="5.75165">
        <ele>1408</ele>
        <time>2025-05-16T08:22:58+00:00</time>
      </trkpt>
      <trkpt lat="45.94642" lon="5.75182">
        <ele>1410</ele>
        <time>2025-05-16T08:23:01+00:00</time>
      </trkpt>
      <trkpt lat="45.94621" lon="5.75201">
        <ele>1410</ele>
        <time>2025-05-16T08:23:04+00:00</time>
      </trkpt>
      <trkpt lat="45.94597" lon="5.75215">
        <ele>1412</ele>
        <time>2025-05-16T08:23:07+00:00</time>
      </trkpt>
      <trkpt lat="45.94566" lon="5.75232">
        <ele>1413</ele>
        <time>2025-05-16T08:23:10+00:00</time>
      </trkpt>
      <trkpt lat="45.94547" lon="5.75234">
        <ele>1414</ele>
        <time>2025-05-16T08:23:13+00:00</time>
      </trkpt>
      <trkpt lat="45.94534" lon="5.75242">
        <ele>1414</ele>
        <time>2025-05-16T08:23:16+00:00</time>
      </trkpt>
      <trkpt lat="45.94525" lon="5.7525">
        <ele>1414</ele>
        <time>2025-05-16T08:23:19+00:00</time>
      </trkpt>
      <trkpt lat="45.94509" lon="5.75255">
        <ele>1414</ele>
        <time>2025-05-16T08:23:22+00:00</time>
      </trkpt>
      <trkpt lat="45.94493" lon="5.75254">
        <ele>1414</ele>
        <time>2025-05-16T08:23:25+00:00</time>
      </trkpt>
      <trkpt lat="45.9446" lon="5.75264">
        <ele>1414</ele>
        <time>2025-05-16T08:23:28+00:00</time>
      </trkpt>
      <trkpt lat="45.94439" lon="5.75266">
        <ele>1418</ele>
        <time>2025-05-16T08:23:31+00:00</time>
      </trkpt>
      <trkpt lat="45.94419" lon="5.75261">
        <ele>1421</ele>
        <time>2025-05-16T08:23:34+00:00</time>
      </trkpt>
      <trkpt lat="45.94399" lon="5.75264">
        <ele>1423</ele>
        <time>2025-05-16T08:23:37+00:00</time>
      </trkpt>
      <trkpt lat="45.9438" lon="5.75271">
        <ele>1423</ele>
        <time>2025-05-16T08:23:40+00:00</time>
      </trkpt>
      <trkpt lat="45.94372" lon="5.75271">
        <ele>1424</ele>
        <time>2025-05-16T08:23:43+00:00</time>
      </trkpt>
      <trkpt lat="45.94338" lon="5.75281">
        <ele>1423</ele>
        <time>2025-05-16T08:23:46+00:00</time>
      </trkpt>
      <trkpt lat="45.94319" lon="5.75294">
        <ele>1425</ele>
        <time>2025-05-16T08:23:49+00:00</time>
      </trkpt>
      <trkpt lat="45.94308" lon="5.75299">
        <ele>1425</ele>
        <time>2025-05-16T08:23:52+00:00</time>
      </trkpt>
      <trkpt lat="45.94293" lon="5.75309">
        <ele>1425</ele>
        <time>2025-05-16T08:23:55+00:00</time>
      </trkpt>
      <trkpt lat="45.94281" lon="5.75308">
        <ele>1425</ele>
        <time>2025-05-16T08:23:58+00:00</time>
      </trkpt>
      <trkpt lat="45.94255" lon="5.75311">
        <ele>1423</ele>
        <time>2025-05-16T08:24:01+00:00</time>
      </trkpt>
      <trkpt lat="45.94246" lon="5.7531">
        <ele>1422</ele>
        <time>2025-05-16T08:24:04+00:00</time>
      </trkpt>
      <trkpt lat="45.94218" lon="5.75313">
        <ele>1421</ele>
        <time>2025-05-16T08:24:07+00:00</time>
      </trkpt>
      <trkpt lat="45.94209" lon="5.75312">
        <ele>1420</ele>
        <time>2025-05-16T08:24:10+00:00</time>
      </trkpt>
      <trkpt lat="45.942" lon="5.75309">
        <ele>1417</ele>
        <time>2025-05-16T08:24:13+00:00</time>
      </trkpt>
      <trkpt lat="45.94186" lon="5.75314">
        <ele>1416</ele>
        <time>2025-05-16T08:24:16+00:00</time>
      </trkpt>
      <trkpt lat="45.94143" lon="5.75318">
        <ele>1411</ele>
        <time>2025-05-16T08:24:19+00:00</time>
      </trkpt>
      <trkpt lat="45.94112" lon="5.75324">
        <ele>1407</ele>
        <time>2025-05-16T08:24:22+00:00</time>
      </trkpt>
      <trkpt lat="45.9408" lon="5.7533">
        <ele>1403</ele>
        <time>2025-05-16T08:24:25+00:00</time>
      </trkpt>
      <trkpt lat="45.94046" lon="5.75337">
        <ele>1395</ele>
        <time>2025-05-16T08:24:28+00:00</time>
      </trkpt>
      <trkpt lat="45.94033" lon="5.75339">
        <ele>1394</ele>
        <time>2025-05-16T08:24:31+00:00</time>
      </trkpt>
      <trkpt lat="45.94007" lon="5.75338">
        <ele>1391</ele>
        <time>2025-05-16T08:24:34+00:00</time>
      </trkpt>
      <trkpt lat="45.94005" lon="5.75345">
        <ele>1388</ele>
        <time>2025-05-16T08:24:37+00:00</time>
      </trkpt>
      <trkpt lat="45.94001" lon="5.75354">
        <ele>1389</ele>
        <time>2025-05-16T08:24:40+00:00</time>
      </trkpt>
      <trkpt lat="45.93994" lon="5.75356">
        <ele>1388</ele>
        <time>2025-05-16T08:24:43+00:00</time>
      </trkpt>
      <trkpt lat="45.93982" lon="5.75357">
        <ele>1387</ele>
        <time>2025-05-16T08:24:46+00:00</time>
      </trkpt>
      <trkpt lat="45.9397" lon="5.75355">
        <ele>1384</ele>
        <time>2025-05-16T08:24:49+00:00</time>
      </trkpt>
      <trkpt lat="45.93965" lon="5.75355">
        <ele>1384</ele>
        <time>2025-05-16T08:24:52+00:00</time>
      </trkpt>
      <trkpt lat="45.93957" lon="5.75358">
        <ele>1382</ele>
        <time>2025-05-16T08:24:55+00:00</time>
      </trkpt>
      <trkpt lat="45.9394" lon="5.7536">
        <ele>1380</ele>
        <time>2025-05-16T08:24:58+00:00</time>
      </trkpt>
      <trkpt lat="45.9391" lon="5.75358">
        <ele>1380</ele>
        <time>2025-05-16T08:25:01+00:00</time>
      </trkpt>
      <trkpt lat="45.93905" lon="5.7536">
        <ele>1379</ele>
        <time>2025-05-16T08:25:04+00:00</time>
      </trkpt>
      <trkpt lat="45.93901" lon="5.75363">
        <ele>1380</ele>
        <time>2025-05-16T08:25:07+00:00</time>
      </trkpt>
      <trkpt lat="45.93897" lon="5.75364">
        <ele>1380</ele>
        <time>2025-05-16T08:25:10+00:00</time>
      </trkpt>
      <trkpt lat="45.93892" lon="5.75367">
        <ele>1380</ele>
        <time>2025-05-16T08:25:13+00:00</time>
      </trkpt>
      <trkpt lat="45.93887" lon="5.75369">
        <ele>1379</ele>
        <time>2025-05-16T08:25:16+00:00</time>
      </trkpt>
      <trkpt lat="45.93866" lon="5.75368">
        <ele>1378</ele>
        <time>2025-05-16T08:25:19+00:00</time>
      </trkpt>
      <trkpt lat="45.93843" lon="5.75368">
        <ele>1378</ele>
        <time>2025-05-16T08:25:22+00:00</time>
      </trkpt>
      <trkpt lat="45.93803" lon="5.75376">
        <ele>1382</ele>
        <time>2025-05-16T08:25:25+00:00</time>
      </trkpt>
      <trkpt lat="45.93784" lon="5.75375">
        <ele>1383</ele>
        <time>2025-05-16T08:25:28+00:00</time>
      </trkpt>
      <trkpt lat="45.93756" lon="5.75393">
        <ele>1384</ele>
        <time>2025-05-16T08:25:31+00:00</time>
      </trkpt>
      <trkpt lat="45.93743" lon="5.75391">
        <ele>1386</ele>
        <time>2025-05-16T08:25:34+00:00</time>
      </trkpt>
      <trkpt lat="45.93732" lon="5.75392">
        <ele>1383</ele>
        <time>2025-05-16T08:25:37+00:00</time>
      </trkpt>
      <trkpt lat="45.93723" lon="5.75389">
        <ele>1383</ele>
        <time>2025-05-16T08:25:40+00:00</time>
      </trkpt>
      <trkpt lat="45.93711" lon="5.75382">
        <ele>1383</ele>
        <time>2025-05-16T08:25:43+00:00</time>
      </trkpt>
      <trkpt lat="45.93705" lon="5.7538">
        <ele>1380</ele>
        <time>2025-05-16T08:25:46+00:00</time>
      </trkpt>
      <trkpt lat="45.93698" lon="5.75386">
        <ele>1381</ele>
        <time>2025-05-16T08:25:49+00:00</time>
      </trkpt>
      <trkpt lat="45.93695" lon="5.75387">
        <ele>1381</ele>
        <time>2025-05-16T08:25:52+00:00</time>
      </trkpt>
      <trkpt lat="45.93692" lon="5.75387">
        <ele>1381</ele>
        <time>2025-05-16T08:25:55+00:00</time>
      </trkpt>
      <trkpt lat="45.93676" lon="5.75383">
        <ele>1380</ele>
        <time>2025-05-16T08:25:58+00:00</time>
      </trkpt>
      <trkpt lat="45.9366" lon="5.75381">
        <ele>1378</ele>
        <time>2025-05-16T08:26:01+00:00</time>
      </trkpt>
      <trkpt lat="45.93646" lon="5.75374">
        <ele>1376</ele>
        <time>2025-05-16T08:26:04+00:00</time>
      </trkpt>
      <trkpt lat="45.93631" lon="5.75363">
        <ele>1374</ele>
        <time>2025-05-16T08:26:07+00:00</time>
      </trkpt>
      <trkpt lat="45.93614" lon="5.75352">
        <ele>1371</ele>
        <time>2025-05-16T08:26:10+00:00</time>
      </trkpt>
      <trkpt lat="45.9359" lon="5.75332">
        <ele>1365</ele>
        <time>2025-05-16T08:26:13+00:00</time>
      </trkpt>
      <trkpt lat="45.93565" lon="5.75313">
        <ele>1361</ele>
        <time>2025-05-16T08:26:16+00:00</time>
      </trkpt>
      <trkpt lat="45.93529" lon="5.75284">
        <ele>1352</ele>
        <time>2025-05-16T08:26:19+00:00</time>
      </trkpt>
      <trkpt lat="45.93509" lon="5.75264">
        <ele>1348</ele>
        <time>2025-05-16T08:26:22+00:00</time>
      </trkpt>
      <trkpt lat="45.93488" lon="5.75242">
        <ele>1346</ele>
        <time>2025-05-16T08:26:25+00:00</time>
      </trkpt>
      <trkpt lat="45.93495" lon="5.75279">
        <ele>1345</ele>
        <time>2025-05-16T08:26:28+00:00</time>
      </trkpt>
      <trkpt lat="45.93503" lon="5.75326">
        <ele>1330</ele>
        <time>2025-05-16T08:26:31+00:00</time>
      </trkpt>
      <trkpt lat="45.93517" lon="5.75364">
        <ele>1317</ele>
        <time>2025-05-16T08:26:34+00:00</time>
      </trkpt>
      <trkpt lat="45.93529" lon="5.75395">
        <ele>1309</ele>
        <time>2025-05-16T08:26:37+00:00</time>
      </trkpt>
      <trkpt lat="45.93544" lon="5.75431">
        <ele>1302</ele>
        <time>2025-05-16T08:26:40+00:00</time>
      </trkpt>
      <trkpt lat="45.93568" lon="5.75475">
        <ele>1288</ele>
        <time>2025-05-16T08:26:43+00:00</time>
      </trkpt>
      <trkpt lat="45.9359" lon="5.75503">
        <ele>1282</ele>
        <time>2025-05-16T08:26:46+00:00</time>
      </trkpt>
      <trkpt lat="45.93621" lon="5.75546">
        <ele>1276</ele>
        <time>2025-05-16T08:26:49+00:00</time>
      </trkpt>
      <trkpt lat="45.9366" lon="5.75583">
        <ele>1268</ele>
        <time>2025-05-16T08:26:52+00:00</time>
      </trkpt>
      <trkpt lat="45.93682" lon="5.75597">
        <ele>1266</ele>
        <time>2025-05-16T08:26:55+00:00</time>
      </trkpt>
      <trkpt lat="45.93706" lon="5.75613">
        <ele>1263</ele>
        <time>2025-05-16T08:26:58+00:00</time>
      </trkpt>
      <trkpt lat="45.93729" lon="5.75625">
        <ele>1263</ele>
        <time>2025-05-16T08:27:01+00:00</time>
      </trkpt>
      <trkpt lat="45.93751" lon="5.75639">
        <ele>1262</ele>
        <time>2025-05-16T08:27:04+00:00</time>
      </trkpt>
      <trkpt lat="45.93774" lon="5.75651">
        <ele>1255</ele>
        <time>2025-05-16T08:27:07+00:00</time>
      </trkpt>
      <trkpt lat="45.93798" lon="5.75665">
        <ele>1250</ele>
        <time>2025-05-16T08:27:10+00:00</time>
      </trkpt>
      <trkpt lat="45.93821" lon="5.75675">
        <ele>1246</ele>
        <time>2025-05-16T08:27:13+00:00</time>
      </trkpt>
      <trkpt lat="45.93839" lon="5.75686">
        <ele>1244</ele>
        <time>2025-05-16T08:27:16+00:00</time>
      </trkpt>
      <trkpt lat="45.93852" lon="5.75696">
        <ele>1242</ele>
        <time>2025-05-16T08:27:19+00:00</time>
      </trkpt>
      <trkpt lat="45.9386" lon="5.75703">
        <ele>1240</ele>
        <time>2025-05-16T08:27:22+00:00</time>
      </trkpt>
      <trkpt lat="45.93865" lon="5.75711">
        <ele>1238</ele>
        <time>2025-05-16T08:27:25+00:00</time>
      </trkpt>
      <trkpt lat="45.93869" lon="5.75721">
        <ele>1237</ele>
        <time>2025-05-16T08:27:28+00:00</time>
      </trkpt>
      <trkpt lat="45.93872" lon="5.75732">
        <ele>1237</ele>
        <time>2025-05-16T08:27:31+00:00</time>
      </trkpt>
      <trkpt lat="45.93875" lon="5.75746">
        <ele>1237</ele>
        <time>2025-05-16T08:27:34+00:00</time>
      </trkpt>
      <trkpt lat="45.93868" lon="5.75749">
        <ele>1237</ele>
        <time>2025-05-16T08:27:37+00:00</time>
      </trkpt>
      <trkpt lat="45.93853" lon="5.75748">
        <ele>1237</ele>
        <time>2025-05-16T08:27:40+00:00</time>
      </trkpt>
      <trkpt lat="45.93838" lon="5.75747">
        <ele>1237</ele>
        <time>2025-05-16T08:27:43+00:00</time>
      </trkpt>
      <trkpt lat="45.9381" lon="5.75744">
        <ele>1237</ele>
        <time>2025-05-16T08:27:46+00:00</time>
      </trkpt>
      <trkpt lat="45.93792" lon="5.75744">
        <ele>1237</ele>
        <time>2025-05-16T08:27:49+00:00</time>
      </trkpt>
      <trkpt lat="45.93772" lon="5.75745">
        <ele>1236</ele>
        <time>2025-05-16T08:27:52+00:00</time>
      </trkpt>
      <trkpt lat="45.93745" lon="5.75747">
        <ele>1235</ele>
        <time>2025-05-16T08:27:55+00:00</time>
      </trkpt>
      <trkpt lat="45.9372" lon="5.75753">
        <ele>1234</ele>
        <time>2025-05-16T08:27:58+00:00</time>
      </trkpt>
      <trkpt lat="45.93701" lon="5.7576">
        <ele>1232</ele>
        <time>2025-05-16T08:28:01+00:00</time>
      </trkpt>
      <trkpt lat="45.93687" lon="5.75763">
        <ele>1232</ele>
        <time>2025-05-16T08:28:04+00:00</time>
      </trkpt>
      <trkpt lat="45.93675" lon="5.75763">
        <ele>1231</ele>
        <time>2025-05-16T08:28:07+00:00</time>
      </trkpt>
      <trkpt lat="45.93663" lon="5.75761">
        <ele>1231</ele>
        <time>2025-05-16T08:28:10+00:00</time>
      </trkpt>
      <trkpt lat="45.93645" lon="5.75753">
        <ele>1230</ele>
        <time>2025-05-16T08:28:13+00:00</time>
      </trkpt>
      <trkpt lat="45.93621" lon="5.75739">
        <ele>1227</ele>
        <time>2025-05-16T08:28:16+00:00</time>
      </trkpt>
      <trkpt lat="45.93595" lon="5.75728">
        <ele>1224</ele>
        <time>2025-05-16T08:28:19+00:00</time>
      </trkpt>
      <trkpt lat="45.93562" lon="5.75714">
        <ele>1222</ele>
        <time>2025-05-16T08:28:22+00:00</time>
      </trkpt>
      <trkpt lat="45.93546" lon="5.75706">
        <ele>1218</ele>
        <time>2025-05-16T08:28:25+00:00</time>
      </trkpt>
      <trkpt lat="45.93536" lon="5.75704">
        <ele>1217</ele>
        <time>2025-05-16T08:28:28+00:00</time>
      </trkpt>
      <trkpt lat="45.93526" lon="5.75704">
        <ele>1214</ele>
        <time>2025-05-16T08:28:31+00:00</time>
      </trkpt>
      <trkpt lat="45.93506" lon="5.75709">
        <ele>1214</ele>
        <time>2025-05-16T08:28:34+00:00</time>
      </trkpt>
      <trkpt lat="45.93484" lon="5.75714">
        <ele>1212</ele>
        <time>2025-05-16T08:28:37+00:00</time>
      </trkpt>
      <trkpt lat="45.93446" lon="5.75724">
        <ele>1206</ele>
        <time>2025-05-16T08:28:40+00:00</time>
      </trkpt>
      <trkpt lat="45.93431" lon="5.75732">
        <ele>1206</ele>
        <time>2025-05-16T08:28:43+00:00</time>
      </trkpt>
      <trkpt lat="45.93413" lon="5.75737">
        <ele>1202</ele>
        <time>2025-05-16T08:28:46+00:00</time>
      </trkpt>
      <trkpt lat="45.93396" lon="5.75738">
        <ele>1200</ele>
        <time>2025-05-16T08:28:49+00:00</time>
      </trkpt>
      <trkpt lat="45.93375" lon="5.75735">
        <ele>1198</ele>
        <time>2025-05-16T08:28:52+00:00</time>
      </trkpt>
      <trkpt lat="45.93343" lon="5.7573">
        <ele>1192</ele>
        <time>2025-05-16T08:28:55+00:00</time>
      </trkpt>
      <trkpt lat="45.93311" lon="5.7573">
        <ele>1190</ele>
        <time>2025-05-16T08:28:58+00:00</time>
      </trkpt>
      <trkpt lat="45.93303" lon="5.75734">
        <ele>1190</ele>
        <time>2025-05-16T08:29:01+00:00</time>
      </trkpt>
      <trkpt lat="45.933" lon="5.75738">
        <ele>1189</ele>
        <time>2025-05-16T08:29:04+00:00</time>
      </trkpt>
      <trkpt lat="45.93297" lon="5.75746">
        <ele>1189</ele>
        <time>2025-05-16T08:29:07+00:00</time>
      </trkpt>
      <trkpt lat="45.93297" lon="5.75762">
        <ele>1188</ele>
        <time>2025-05-16T08:29:10+00:00</time>
      </trkpt>
      <trkpt lat="45.93302" lon="5.75802">
        <ele>1187</ele>
        <time>2025-05-16T08:29:13+00:00</time>
      </trkpt>
      <trkpt lat="45.933" lon="5.75827">
        <ele>1179</ele>
        <time>2025-05-16T08:29:16+00:00</time>
      </trkpt>
      <trkpt lat="45.93293" lon="5.75864">
        <ele>1183</ele>
        <time>2025-05-16T08:29:19+00:00</time>
      </trkpt>
      <trkpt lat="45.93283" lon="5.75899">
        <ele>1176</ele>
        <time>2025-05-16T08:29:22+00:00</time>
      </trkpt>
      <trkpt lat="45.93268" lon="5.7593">
        <ele>1175</ele>
        <time>2025-05-16T08:29:25+00:00</time>
      </trkpt>
      <trkpt lat="45.93245" lon="5.75967">
        <ele>1174</ele>
        <time>2025-05-16T08:29:28+00:00</time>
      </trkpt>
      <trkpt lat="45.93239" lon="5.75986">
        <ele>1173</ele>
        <time>2025-05-16T08:29:31+00:00</time>
      </trkpt>
      <trkpt lat="45.93238" lon="5.76002">
        <ele>1174</ele>
        <time>2025-05-16T08:29:34+00:00</time>
      </trkpt>
      <trkpt lat="45.93239" lon="5.76019">
        <ele>1174</ele>
        <time>2025-05-16T08:29:37+00:00</time>
      </trkpt>
      <trkpt lat="45.93235" lon="5.76011">
        <ele>1174</ele>
        <time>2025-05-16T08:29:40+00:00</time>
      </trkpt>
      <trkpt lat="45.93233" lon="5.76005">
        <ele>1173</ele>
        <time>2025-05-16T08:29:43+00:00</time>
      </trkpt>
      <trkpt lat="45.93228" lon="5.75969">
        <ele>1168</ele>
        <time>2025-05-16T08:29:46+00:00</time>
      </trkpt>
      <trkpt lat="45.93217" lon="5.75963">
        <ele>1168</ele>
        <time>2025-05-16T08:29:49+00:00</time>
      </trkpt>
      <trkpt lat="45.93201" lon="5.75953">
        <ele>1167</ele>
        <time>2025-05-16T08:29:52+00:00</time>
      </trkpt>
      <trkpt lat="45.93185" lon="5.75946">
        <ele>1165</ele>
        <time>2025-05-16T08:29:55+00:00</time>
      </trkpt>
      <trkpt lat="45.93193" lon="5.75925">
        <ele>1159</ele>
        <time>2025-05-16T08:29:58+00:00</time>
      </trkpt>
      <trkpt lat="45.93194" lon="5.75919">
        <ele>1157</ele>
        <time>2025-05-16T08:30:01+00:00</time>
      </trkpt>
      <trkpt lat="45.93193" lon="5.75914">
        <ele>1157</ele>
        <time>2025-05-16T08:30:04+00:00</time>
      </trkpt>
      <trkpt lat="45.93192" lon="5.75914">
        <ele>1157</ele>
        <time>2025-05-16T08:30:07+00:00</time>
      </trkpt>
      <trkpt lat="45.93189" lon="5.7591">
        <ele>1155</ele>
        <time>2025-05-16T08:30:10+00:00</time>
      </trkpt>
      <trkpt lat="45.93158" lon="5.75898">
        <ele>1151</ele>
        <time>2025-05-16T08:30:13+00:00</time>
      </trkpt>
      <trkpt lat="45.93134" lon="5.75887">
        <ele>1145</ele>
        <time>2025-05-16T08:30:16+00:00</time>
      </trkpt>
      <trkpt lat="45.93108" lon="5.75875">
        <ele>1140</ele>
        <time>2025-05-16T08:30:19+00:00</time>
      </trkpt>
      <trkpt lat="45.93104" lon="5.75872">
        <ele>1140</ele>
        <time>2025-05-16T08:30:22+00:00</time>
      </trkpt>
      <trkpt lat="45.93104" lon="5.75868">
        <ele>1137</ele>
        <time>2025-05-16T08:30:25+00:00</time>
      </trkpt>
      <trkpt lat="45.93106" lon="5.75865">
        <ele>1137</ele>
        <time>2025-05-16T08:30:28+00:00</time>
      </trkpt>
      <trkpt lat="45.93114" lon="5.7586">
        <ele>1135</ele>
        <time>2025-05-16T08:30:31+00:00</time>
      </trkpt>
      <trkpt lat="45.93144" lon="5.75845">
        <ele>1134</ele>
        <time>2025-05-16T08:30:34+00:00</time>
      </trkpt>
      <trkpt lat="45.93171" lon="5.75828">
        <ele>1126</ele>
        <time>2025-05-16T08:30:37+00:00</time>
      </trkpt>
      <trkpt lat="45.93178" lon="5.75822">
        <ele>1126</ele>
        <time>2025-05-16T08:30:40+00:00</time>
      </trkpt>
      <trkpt lat="45.93178" lon="5.7582">
        <ele>1122</ele>
        <time>2025-05-16T08:30:43+00:00</time>
      </trkpt>
      <trkpt lat="45.93177" lon="5.75817">
        <ele>1122</ele>
        <time>2025-05-16T08:30:46+00:00</time>
      </trkpt>
      <trkpt lat="45.93159" lon="5.7581">
        <ele>1119</ele>
        <time>2025-05-16T08:30:49+00:00</time>
      </trkpt>
      <trkpt lat="45.93156" lon="5.75808">
        <ele>1119</ele>
        <time>2025-05-16T08:30:52+00:00</time>
      </trkpt>
      <trkpt lat="45.93155" lon="5.75805">
        <ele>1119</ele>
        <time>2025-05-16T08:30:55+00:00</time>
      </trkpt>
      <trkpt lat="45.93157" lon="5.758">
        <ele>1115</ele>
        <time>2025-05-16T08:30:58+00:00</time>
      </trkpt>
      <trkpt lat="45.9316" lon="5.75795">
        <ele>1115</ele>
        <time>2025-05-16T08:31:01+00:00</time>
      </trkpt>
      <trkpt lat="45.93174" lon="5.75785">
        <ele>1112</ele>
        <time>2025-05-16T08:31:04+00:00</time>
      </trkpt>
      <trkpt lat="45.93183" lon="5.75775">
        <ele>1110</ele>
        <time>2025-05-16T08:31:07+00:00</time>
      </trkpt>
      <trkpt lat="45.93186" lon="5.75767">
        <ele>1104</ele>
        <time>2025-05-16T08:31:10+00:00</time>
      </trkpt>
      <trkpt lat="45.93185" lon="5.75745">
        <ele>1100</ele>
        <time>2025-05-16T08:31:13+00:00</time>
      </trkpt>
      <trkpt lat="45.93179" lon="5.7572">
        <ele>1093</ele>
        <time>2025-05-16T08:31:16+00:00</time>
      </trkpt>
      <trkpt lat="45.93169" lon="5.75692">
        <ele>1085</ele>
        <time>2025-05-16T08:31:19+00:00</time>
      </trkpt>
      <trkpt lat="45.93156" lon="5.75663">
        <ele>1082</ele>
        <time>2025-05-16T08:31:22+00:00</time>
      </trkpt>
      <trkpt lat="45.93142" lon="5.75632">
        <ele>1080</ele>
        <time>2025-05-16T08:31:25+00:00</time>
      </trkpt>
      <trkpt lat="45.93131" lon="5.75602">
        <ele>1079</ele>
        <time>2025-05-16T08:31:28+00:00</time>
      </trkpt>
      <trkpt lat="45.93126" lon="5.75586">
        <ele>1078</ele>
        <time>2025-05-16T08:31:31+00:00</time>
      </trkpt>
      <trkpt lat="45.93125" lon="5.75573">
        <ele>1078</ele>
        <time>2025-05-16T08:31:34+00:00</time>
      </trkpt>
      <trkpt lat="45.93128" lon="5.75564">
        <ele>1077</ele>
        <time>2025-05-16T08:31:37+00:00</time>
      </trkpt>
      <trkpt lat="45.93134" lon="5.75554">
        <ele>1074</ele>
        <time>2025-05-16T08:31:40+00:00</time>
      </trkpt>
      <trkpt lat="45.93139" lon="5.75543">
        <ele>1069</ele>
        <time>2025-05-16T08:31:43+00:00</time>
      </trkpt>
      <trkpt lat="45.9314" lon="5.75531">
        <ele>1066</ele>
        <time>2025-05-16T08:31:46+00:00</time>
      </trkpt>
      <trkpt lat="45.9314" lon="5.75523">
        <ele>1069</ele>
        <time>2025-05-16T08:31:49+00:00</time>
      </trkpt>
      <trkpt lat="45.93118" lon="5.75494">
        <ele>1069</ele>
        <time>2025-05-16T08:31:52+00:00</time>
      </trkpt>
      <trkpt lat="45.93109" lon="5.75483">
        <ele>1061</ele>
        <time>2025-05-16T08:31:55+00:00</time>
      </trkpt>
      <trkpt lat="45.9309" lon="5.7547">
        <ele>1069</ele>
        <time>2025-05-16T08:31:58+00:00</time>
      </trkpt>
      <trkpt lat="45.93066" lon="5.75453">
        <ele>1060</ele>
        <time>2025-05-16T08:32:01+00:00</time>
      </trkpt>
      <trkpt lat="45.93037" lon="5.75406">
        <ele>1051</ele>
        <time>2025-05-16T08:32:04+00:00</time>
      </trkpt>
      <trkpt lat="45.93012" lon="5.75374">
        <ele>1048</ele>
        <time>2025-05-16T08:32:07+00:00</time>
      </trkpt>
      <trkpt lat="45.92991" lon="5.75353">
        <ele>1042</ele>
        <time>2025-05-16T08:32:10+00:00</time>
      </trkpt>
      <trkpt lat="45.92967" lon="5.75328">
        <ele>1031</ele>
        <time>2025-05-16T08:32:13+00:00</time>
      </trkpt>
      <trkpt lat="45.92945" lon="5.75299">
        <ele>1027</ele>
        <time>2025-05-16T08:32:16+00:00</time>
      </trkpt>
      <trkpt lat="45.92927" lon="5.7527">
        <ele>1024</ele>
        <time>2025-05-16T08:32:19+00:00</time>
      </trkpt>
      <trkpt lat="45.92902" lon="5.75228">
        <ele>1021</ele>
        <time>2025-05-16T08:32:22+00:00</time>
      </trkpt>
      <trkpt lat="45.92891" lon="5.75254">
        <ele>1010</ele>
        <time>2025-05-16T08:32:25+00:00</time>
      </trkpt>
      <trkpt lat="45.92889" lon="5.75311">
        <ele>999</ele>
        <time>2025-05-16T08:32:28+00:00</time>
      </trkpt>
      <trkpt lat="45.92894" lon="5.75369">
        <ele>999</ele>
        <time>2025-05-16T08:32:31+00:00</time>
      </trkpt>
      <trkpt lat="45.92903" lon="5.75405">
        <ele>1000</ele>
        <time>2025-05-16T08:32:34+00:00</time>
      </trkpt>
      <trkpt lat="45.92914" lon="5.7545">
        <ele>998</ele>
        <time>2025-05-16T08:32:37+00:00</time>
      </trkpt>
      <trkpt lat="45.92913" lon="5.75485">
        <ele>997</ele>
        <time>2025-05-16T08:32:40+00:00</time>
      </trkpt>
      <trkpt lat="45.92913" lon="5.75522">
        <ele>988</ele>
        <time>2025-05-16T08:32:43+00:00</time>
      </trkpt>
      <trkpt lat="45.92906" lon="5.75544">
        <ele>974</ele>
        <time>2025-05-16T08:32:46+00:00</time>
      </trkpt>
      <trkpt lat="45.92901" lon="5.75545">
        <ele>974</ele>
        <time>2025-05-16T08:32:49+00:00</time>
      </trkpt>
      <trkpt lat="45.92856" lon="5.75546">
        <ele>969</ele>
        <time>2025-05-16T08:32:52+00:00</time>
      </trkpt>
      <trkpt lat="45.92856" lon="5.7555">
        <ele>963</ele>
        <time>2025-05-16T08:32:55+00:00</time>
      </trkpt>
      <trkpt lat="45.92851" lon="5.75563">
        <ele>966</ele>
        <time>2025-05-16T08:32:58+00:00</time>
      </trkpt>
      <trkpt lat="45.92846" lon="5.75573">
        <ele>970</ele>
        <time>2025-05-16T08:33:01+00:00</time>
      </trkpt>
      <trkpt lat="45.92846" lon="5.75575">
        <ele>964</ele>
        <time>2025-05-16T08:33:04+00:00</time>
      </trkpt>
      <trkpt lat="45.92841" lon="5.7558">
        <ele>964</ele>
        <time>2025-05-16T08:33:07+00:00</time>
      </trkpt>
      <trkpt lat="45.92834" lon="5.75584">
        <ele>970</ele>
        <time>2025-05-16T08:33:10+00:00</time>
      </trkpt>
      <trkpt lat="45.92828" lon="5.75584">
        <ele>972</ele>
        <time>2025-05-16T08:33:13+00:00</time>
      </trkpt>
      <trkpt lat="45.92822" lon="5.75577">
        <ele>972</ele>
        <time>2025-05-16T08:33:16+00:00</time>
      </trkpt>
      <trkpt lat="45.92819" lon="5.75568">
        <ele>974</ele>
        <time>2025-05-16T08:33:19+00:00</time>
      </trkpt>
      <trkpt lat="45.92816" lon="5.75551">
        <ele>974</ele>
        <time>2025-05-16T08:33:22+00:00</time>
      </trkpt>
      <trkpt lat="45.9281" lon="5.75534">
        <ele>979</ele>
        <time>2025-05-16T08:33:25+00:00</time>
      </trkpt>
      <trkpt lat="45.92801" lon="5.75522">
        <ele>978</ele>
        <time>2025-05-16T08:33:28+00:00</time>
      </trkpt>
      <trkpt lat="45.92779" lon="5.75505">
        <ele>983</ele>
        <time>2025-05-16T08:33:31+00:00</time>
      </trkpt>
      <trkpt lat="45.92755" lon="5.75487">
        <ele>985</ele>
        <time>2025-05-16T08:33:34+00:00</time>
      </trkpt>
      <trkpt lat="45.92728" lon="5.75469">
        <ele>988</ele>
        <time>2025-05-16T08:33:37+00:00</time>
      </trkpt>
      <trkpt lat="45.92706" lon="5.75453">
        <ele>989</ele>
        <time>2025-05-16T08:33:40+00:00</time>
      </trkpt>
      <trkpt lat="45.9268" lon="5.75435">
        <ele>990</ele>
        <time>2025-05-16T08:33:43+00:00</time>
      </trkpt>
      <trkpt lat="45.9267" lon="5.75434">
        <ele>990</ele>
        <time>2025-05-16T08:33:46+00:00</time>
      </trkpt>
      <trkpt lat="45.92667" lon="5.75454">
        <ele>992</ele>
        <time>2025-05-16T08:33:49+00:00</time>
      </trkpt>
      <trkpt lat="45.92668" lon="5.75473">
        <ele>996</ele>
        <time>2025-05-16T08:33:52+00:00</time>
      </trkpt>
      <trkpt lat="45.9267" lon="5.75482">
        <ele>998</ele>
        <time>2025-05-16T08:33:55+00:00</time>
      </trkpt>
      <trkpt lat="45.92675" lon="5.7549">
        <ele>998</ele>
        <time>2025-05-16T08:33:58+00:00</time>
      </trkpt>
      <trkpt lat="45.92684" lon="5.75501">
        <ele>1000</ele>
        <time>2025-05-16T08:34:01+00:00</time>
      </trkpt>
      <trkpt lat="45.9269" lon="5.75516">
        <ele>1002</ele>
        <time>2025-05-16T08:34:04+00:00</time>
      </trkpt>
      <trkpt lat="45.92697" lon="5.75524">
        <ele>1004</ele>
        <time>2025-05-16T08:34:07+00:00</time>
      </trkpt>
      <trkpt lat="45.92716" lon="5.75558">
        <ele>1012</ele>
        <time>2025-05-16T08:34:10+00:00</time>
      </trkpt>
      <trkpt lat="45.92751" lon="5.7562">
        <ele>1025</ele>
        <time>2025-05-16T08:34:13+00:00</time>
      </trkpt>
      <trkpt lat="45.92761" lon="5.75641">
        <ele>1030</ele>
        <time>2025-05-16T08:34:16+00:00</time>
      </trkpt>
      <trkpt lat="45.92768" lon="5.7566">
        <ele>1036</ele>
        <time>2025-05-16T08:34:19+00:00</time>
      </trkpt>
      <trkpt lat="45.92775" lon="5.75672">
        <ele>1038</ele>
        <time>2025-05-16T08:34:22+00:00</time>
      </trkpt>
      <trkpt lat="45.92796" lon="5.75714">
        <ele>1048</ele>
        <time>2025-05-16T08:34:25+00:00</time>
      </trkpt>
      <trkpt lat="45.92801" lon="5.75723">
        <ele>1047</ele>
        <time>2025-05-16T08:34:28+00:00</time>
      </trkpt>
      <trkpt lat="45.92806" lon="5.75734">
        <ele>1050</ele>
        <time>2025-05-16T08:34:31+00:00</time>
      </trkpt>
      <trkpt lat="45.92806" lon="5.75748">
        <ele>1049</ele>
        <time>2025-05-16T08:34:34+00:00</time>
      </trkpt>
      <trkpt lat="45.92805" lon="5.75759">
        <ele>1050</ele>
        <time>2025-05-16T08:34:37+00:00</time>
      </trkpt>
      <trkpt lat="45.92805" lon="5.75778">
        <ele>1050</ele>
        <time>2025-05-16T08:34:40+00:00</time>
      </trkpt>
      <trkpt lat="45.92803" lon="5.75804">
        <ele>1053</ele>
        <time>2025-05-16T08:34:43+00:00</time>
      </trkpt>
      <trkpt lat="45.92797" lon="5.75829">
        <ele>1058</ele>
        <time>2025-05-16T08:34:46+00:00</time>
      </trkpt>
      <trkpt lat="45.92783" lon="5.75865">
        <ele>1065</ele>
        <time>2025-05-16T08:34:49+00:00</time>
      </trkpt>
      <trkpt lat="45.92768" lon="5.75924">
        <ele>1072</ele>
        <time>2025-05-16T08:34:52+00:00</time>
      </trkpt>
      <trkpt lat="45.92765" lon="5.75956">
        <ele>1075</ele>
        <time>2025-05-16T08:34:55+00:00</time>
      </trkpt>
      <trkpt lat="45.92761" lon="5.75988">
        <ele>1075</ele>
        <time>2025-05-16T08:34:58+00:00</time>
      </trkpt>
      <trkpt lat="45.92756" lon="5.76009">
        <ele>1078</ele>
        <time>2025-05-16T08:35:01+00:00</time>
      </trkpt>
      <trkpt lat="45.9275" lon="5.76026">
        <ele>1087</ele>
        <time>2025-05-16T08:35:04+00:00</time>
      </trkpt>
      <trkpt lat="45.9274" lon="5.76062">
        <ele>1096</ele>
        <time>2025-05-16T08:35:07+00:00</time>
      </trkpt>
      <trkpt lat="45.92734" lon="5.76081">
        <ele>1097</ele>
        <time>2025-05-16T08:35:10+00:00</time>
      </trkpt>
      <trkpt lat="45.92732" lon="5.76097">
        <ele>1097</ele>
        <time>2025-05-16T08:35:13+00:00</time>
      </trkpt>
      <trkpt lat="45.92733" lon="5.76111">
        <ele>1100</ele>
        <time>2025-05-16T08:35:16+00:00</time>
      </trkpt>
      <trkpt lat="45.92735" lon="5.76124">
        <ele>1102</ele>
        <time>2025-05-16T08:35:19+00:00</time>
      </trkpt>
      <trkpt lat="45.92742" lon="5.7615">
        <ele>1104</ele>
        <time>2025-05-16T08:35:22+00:00</time>
      </trkpt>
      <trkpt lat="45.92743" lon="5.7616">
        <ele>1107</ele>
        <time>2025-05-16T08:35:25+00:00</time>
      </trkpt>
      <trkpt lat="45.92735" lon="5.76191">
        <ele>1106</ele>
        <time>2025-05-16T08:35:28+00:00</time>
      </trkpt>
      <trkpt lat="45.92718" lon="5.76211">
        <ele>1109</ele>
        <time>2025-05-16T08:35:31+00:00</time>
      </trkpt>
      <trkpt lat="45.92691" lon="5.76237">
        <ele>1113</ele>
        <time>2025-05-16T08:35:34+00:00</time>
      </trkpt>
      <trkpt lat="45.92678" lon="5.76259">
        <ele>1130</ele>
        <time>2025-05-16T08:35:37+00:00</time>
      </trkpt>
      <trkpt lat="45.92673" lon="5.76286">
        <ele>1133</ele>
        <time>2025-05-16T08:35:40+00:00</time>
      </trkpt>
      <trkpt lat="45.9267" lon="5.76306">
        <ele>1138</ele>
        <time>2025-05-16T08:35:43+00:00</time>
      </trkpt>
      <trkpt lat="45.92663" lon="5.76317">
        <ele>1136</ele>
        <time>2025-05-16T08:35:46+00:00</time>
      </trkpt>
      <trkpt lat="45.92649" lon="5.76323">
        <ele>1136</ele>
        <time>2025-05-16T08:35:49+00:00</time>
      </trkpt>
      <trkpt lat="45.92629" lon="5.76322">
        <ele>1140</ele>
        <time>2025-05-16T08:35:52+00:00</time>
      </trkpt>
      <trkpt lat="45.92595" lon="5.76323">
        <ele>1148</ele>
        <time>2025-05-16T08:35:55+00:00</time>
      </trkpt>
      <trkpt lat="45.92564" lon="5.76322">
        <ele>1152</ele>
        <time>2025-05-16T08:35:58+00:00</time>
      </trkpt>
      <trkpt lat="45.92536" lon="5.7632">
        <ele>1157</ele>
        <time>2025-05-16T08:36:01+00:00</time>
      </trkpt>
      <trkpt lat="45.92492" lon="5.76324">
        <ele>1162</ele>
        <time>2025-05-16T08:36:04+00:00</time>
      </trkpt>
      <trkpt lat="45.92463" lon="5.76328">
        <ele>1165</ele>
        <time>2025-05-16T08:36:07+00:00</time>
      </trkpt>
      <trkpt lat="45.92438" lon="5.7633">
        <ele>1176</ele>
        <time>2025-05-16T08:36:10+00:00</time>
      </trkpt>
      <trkpt lat="45.92408" lon="5.76334">
        <ele>1177</ele>
        <time>2025-05-16T08:36:13+00:00</time>
      </trkpt>
      <trkpt lat="45.92378" lon="5.76336">
        <ele>1177</ele>
        <time>2025-05-16T08:36:16+00:00</time>
      </trkpt>
      <trkpt lat="45.92387" lon="5.76346">
        <ele>1173</ele>
        <time>2025-05-16T08:36:19+00:00</time>
      </trkpt>
      <trkpt lat="45.92399" lon="5.76353">
        <ele>1172</ele>
        <time>2025-05-16T08:36:22+00:00</time>
      </trkpt>
      <trkpt lat="45.92426" lon="5.76356">
        <ele>1169</ele>
        <time>2025-05-16T08:36:25+00:00</time>
      </trkpt>
      <trkpt lat="45.92453" lon="5.7636">
        <ele>1168</ele>
        <time>2025-05-16T08:36:28+00:00</time>
      </trkpt>
      <trkpt lat="45.92483" lon="5.76375">
        <ele>1168</ele>
        <time>2025-05-16T08:36:31+00:00</time>
      </trkpt>
      <trkpt lat="45.92508" lon="5.76385">
        <ele>1170</ele>
        <time>2025-05-16T08:36:34+00:00</time>
      </trkpt>
      <trkpt lat="45.92523" lon="5.76397">
        <ele>1171</ele>
        <time>2025-05-16T08:36:37+00:00</time>
      </trkpt>
      <trkpt lat="45.92536" lon="5.76411">
        <ele>1173</ele>
        <time>2025-05-16T08:36:40+00:00</time>
      </trkpt>
      <trkpt lat="45.92551" lon="5.76426">
        <ele>1174</ele>
        <time>2025-05-16T08:36:43+00:00</time>
      </trkpt>
      <trkpt lat="45.9256" lon="5.76441">
        <ele>1176</ele>
        <time>2025-05-16T08:36:46+00:00</time>
      </trkpt>
      <trkpt lat="45.92544" lon="5.76441">
        <ele>1177</ele>
        <time>2025-05-16T08:36:49+00:00</time>
      </trkpt>
      <trkpt lat="45.92528" lon="5.76443">
        <ele>1178</ele>
        <time>2025-05-16T08:36:52+00:00</time>
      </trkpt>
      <trkpt lat="45.92513" lon="5.76443">
        <ele>1179</ele>
        <time>2025-05-16T08:36:55+00:00</time>
      </trkpt>
      <trkpt lat="45.92502" lon="5.76442">
        <ele>1179</ele>
        <time>2025-05-16T08:36:58+00:00</time>
      </trkpt>
      <trkpt lat="45.9247" lon="5.76432">
        <ele>1184</ele>
        <time>2025-05-16T08:37:01+00:00</time>
      </trkpt>
      <trkpt lat="45.92442" lon="5.76419">
        <ele>1186</ele>
        <time>2025-05-16T08:37:04+00:00</time>
      </trkpt>
      <trkpt lat="45.92413" lon="5.7641">
        <ele>1187</ele>
        <time>2025-05-16T08:37:07+00:00</time>
      </trkpt>
      <trkpt lat="45.92376" lon="5.76405">
        <ele>1198</ele>
        <time>2025-05-16T08:37:10+00:00</time>
      </trkpt>
      <trkpt lat="45.92347" lon="5.76406">
        <ele>1197</ele>
        <time>2025-05-16T08:37:13+00:00</time>
      </trkpt>
      <trkpt lat="45.92301" lon="5.76407">
        <ele>1198</ele>
        <time>2025-05-16T08:37:16+00:00</time>
      </trkpt>
      <trkpt lat="45.92294" lon="5.76405">
        <ele>1198</ele>
        <time>2025-05-16T08:37:19+00:00</time>
      </trkpt>
      <trkpt lat="45.92274" lon="5.76396">
        <ele>1199</ele>
        <time>2025-05-16T08:37:22+00:00</time>
      </trkpt>
      <trkpt lat="45.92248" lon="5.76387">
        <ele>1201</ele>
        <time>2025-05-16T08:37:25+00:00</time>
      </trkpt>
      <trkpt lat="45.92225" lon="5.76385">
        <ele>1202</ele>
        <time>2025-05-16T08:37:28+00:00</time>
      </trkpt>
      <trkpt lat="45.92187" lon="5.76383">
        <ele>1207</ele>
        <time>2025-05-16T08:37:31+00:00</time>
      </trkpt>
      <trkpt lat="45.92167" lon="5.76387">
        <ele>1209</ele>
        <time>2025-05-16T08:37:34+00:00</time>
      </trkpt>
      <trkpt lat="45.92143" lon="5.76394">
        <ele>1211</ele>
        <time>2025-05-16T08:37:37+00:00</time>
      </trkpt>
      <trkpt lat="45.92097" lon="5.76406">
        <ele>1218</ele>
        <time>2025-05-16T08:37:40+00:00</time>
      </trkpt>
      <trkpt lat="45.92083" lon="5.76407">
        <ele>1219</ele>
        <time>2025-05-16T08:37:43+00:00</time>
      </trkpt>
      <trkpt lat="45.92064" lon="5.76404">
        <ele>1223</ele>
        <time>2025-05-16T08:37:46+00:00</time>
      </trkpt>
      <trkpt lat="45.92051" lon="5.76404">
        <ele>1224</ele>
        <time>2025-05-16T08:37:49+00:00</time>
      </trkpt>
      <trkpt lat="45.92032" lon="5.76406">
        <ele>1226</ele>
        <time>2025-05-16T08:37:52+00:00</time>
      </trkpt>
      <trkpt lat="45.92014" lon="5.76418">
        <ele>1230</ele>
        <time>2025-05-16T08:37:55+00:00</time>
      </trkpt>
      <trkpt lat="45.92007" lon="5.76431">
        <ele>1235</ele>
        <time>2025-05-16T08:37:58+00:00</time>
      </trkpt>
      <trkpt lat="45.92004" lon="5.76439">
        <ele>1235</ele>
        <time>2025-05-16T08:38:01+00:00</time>
      </trkpt>
      <trkpt lat="45.91978" lon="5.76461">
        <ele>1246</ele>
        <time>2025-05-16T08:38:04+00:00</time>
      </trkpt>
      <trkpt lat="45.91952" lon="5.76483">
        <ele>1252</ele>
        <time>2025-05-16T08:38:07+00:00</time>
      </trkpt>
      <trkpt lat="45.91902" lon="5.76526">
        <ele>1266</ele>
        <time>2025-05-16T08:38:10+00:00</time>
      </trkpt>
      <trkpt lat="45.91879" lon="5.76542">
        <ele>1275</ele>
        <time>2025-05-16T08:38:13+00:00</time>
      </trkpt>
      <trkpt lat="45.9185" lon="5.76563">
        <ele>1279</ele>
        <time>2025-05-16T08:38:16+00:00</time>
      </trkpt>
      <trkpt lat="45.91837" lon="5.76576">
        <ele>1284</ele>
        <time>2025-05-16T08:38:19+00:00</time>
      </trkpt>
      <trkpt lat="45.91832" lon="5.76578">
        <ele>1284</ele>
        <time>2025-05-16T08:38:22+00:00</time>
      </trkpt>
      <trkpt lat="45.91816" lon="5.76576">
        <ele>1286</ele>
        <time>2025-05-16T08:38:25+00:00</time>
      </trkpt>
      <trkpt lat="45.9181" lon="5.76579">
        <ele>1288</ele>
        <time>2025-05-16T08:38:28+00:00</time>
      </trkpt>
      <trkpt lat="45.91797" lon="5.76592">
        <ele>1292</ele>
        <time>2025-05-16T08:38:31+00:00</time>
      </trkpt>
      <trkpt lat="45.91796" lon="5.76598">
        <ele>1292</ele>
        <time>2025-05-16T08:38:34+00:00</time>
      </trkpt>
      <trkpt lat="45.91798" lon="5.7661">
        <ele>1292</ele>
        <time>2025-05-16T08:38:37+00:00</time>
      </trkpt>
      <trkpt lat="45.91799" lon="5.76625">
        <ele>1297</ele>
        <time>2025-05-16T08:38:40+00:00</time>
      </trkpt>
      <trkpt lat="45.91806" lon="5.76675">
        <ele>1304</ele>
        <time>2025-05-16T08:38:43+00:00</time>
      </trkpt>
      <trkpt lat="45.91808" lon="5.76705">
        <ele>1314</ele>
        <time>2025-05-16T08:38:46+00:00</time>
      </trkpt>
      <trkpt lat="45.91807" lon="5.76713">
        <ele>1316</ele>
        <time>2025-05-16T08:38:49+00:00</time>
      </trkpt>
      <trkpt lat="45.91791" lon="5.76725">
        <ele>1317</ele>
        <time>2025-05-16T08:38:52+00:00</time>
      </trkpt>
      <trkpt lat="45.91774" lon="5.76726">
        <ele>1317</ele>
        <time>2025-05-16T08:38:55+00:00</time>
      </trkpt>
      <trkpt lat="45.91765" lon="5.76725">
        <ele>1318</ele>
        <time>2025-05-16T08:38:58+00:00</time>
      </trkpt>
      <trkpt lat="45.91762" lon="5.76727">
        <ele>1318</ele>
        <time>2025-05-16T08:39:01+00:00</time>
      </trkpt>
      <trkpt lat="45.91736" lon="5.76708">
        <ele>1324</ele>
        <time>2025-05-16T08:39:04+00:00</time>
      </trkpt>
      <trkpt lat="45.9173" lon="5.76705">
        <ele>1326</ele>
        <time>2025-05-16T08:39:07+00:00</time>
      </trkpt>
      <trkpt lat="45.91715" lon="5.76702">
        <ele>1331</ele>
        <time>2025-05-16T08:39:10+00:00</time>
      </trkpt>
      <trkpt lat="45.91705" lon="5.76691">
        <ele>1334</ele>
        <time>2025-05-16T08:39:13+00:00</time>
      </trkpt>
      <trkpt lat="45.91696" lon="5.76684">
        <ele>1336</ele>
        <time>2025-05-16T08:39:16+00:00</time>
      </trkpt>
      <trkpt lat="45.91685" lon="5.76673">
        <ele>1338</ele>
        <time>2025-05-16T08:39:19+00:00</time>
      </trkpt>
      <trkpt lat="45.91674" lon="5.76667">
        <ele>1340</ele>
        <time>2025-05-16T08:39:22+00:00</time>
      </trkpt>
      <trkpt lat="45.9165" lon="5.76656">
        <ele>1349</ele>
        <time>2025-05-16T08:39:25+00:00</time>
      </trkpt>
      <trkpt lat="45.9164" lon="5.76647">
        <ele>1352</ele>
        <time>2025-05-16T08:39:28+00:00</time>
      </trkpt>
      <trkpt lat="45.91612" lon="5.76624">
        <ele>1357</ele>
        <time>2025-05-16T08:39:31+00:00</time>
      </trkpt>
      <trkpt lat="45.91603" lon="5.7662">
        <ele>1358</ele>
        <time>2025-05-16T08:39:34+00:00</time>
      </trkpt>
      <trkpt lat="45.91587" lon="5.7662">
        <ele>1366</ele>
        <time>2025-05-16T08:39:37+00:00</time>
      </trkpt>
      <trkpt lat="45.91576" lon="5.76613">
        <ele>1369</ele>
        <time>2025-05-16T08:39:40+00:00</time>
      </trkpt>
      <trkpt lat="45.91569" lon="5.7661">
        <ele>1371</ele>
        <time>2025-05-16T08:39:43+00:00</time>
      </trkpt>
      <trkpt lat="45.91562" lon="5.76605">
        <ele>1371</ele>
        <time>2025-05-16T08:39:46+00:00</time>
      </trkpt>
      <trkpt lat="45.91543" lon="5.76602">
        <ele>1374</ele>
        <time>2025-05-16T08:39:49+00:00</time>
      </trkpt>
      <trkpt lat="45.91535" lon="5.76597">
        <ele>1376</ele>
        <time>2025-05-16T08:39:52+00:00</time>
      </trkpt>
      <trkpt lat="45.91526" lon="5.76588">
        <ele>1378</ele>
        <time>2025-05-16T08:39:55+00:00</time>
      </trkpt>
      <trkpt lat="45.91522" lon="5.76579">
        <ele>1379</ele>
        <time>2025-05-16T08:39:58+00:00</time>
      </trkpt>
      <trkpt lat="45.91514" lon="5.76569">
        <ele>1379</ele>
        <time>2025-05-16T08:40:01+00:00</time>
      </trkpt>
      <trkpt lat="45.91505" lon="5.76563">
        <ele>1378</ele>
        <time>2025-05-16T08:40:04+00:00</time>
      </trkpt>
      <trkpt lat="45.91498" lon="5.76553">
        <ele>1379</ele>
        <time>2025-05-16T08:40:07+00:00</time>
      </trkpt>
      <trkpt lat="45.91484" lon="5.76545">
        <ele>1378</ele>
        <time>2025-05-16T08:40:10+00:00</time>
      </trkpt>
      <trkpt lat="45.91476" lon="5.76544">
        <ele>1382</ele>
        <time>2025-05-16T08:40:13+00:00</time>
      </trkpt>
      <trkpt lat="45.91458" lon="5.76535">
        <ele>1382</ele>
        <time>2025-05-16T08:40:16+00:00</time>
      </trkpt>
      <trkpt lat="45.91446" lon="5.76527">
        <ele>1382</ele>
        <time>2025-05-16T08:40:19+00:00</time>
      </trkpt>
      <trkpt lat="45.91429" lon="5.76518">
        <ele>1382</ele>
        <time>2025-05-16T08:40:22+00:00</time>
      </trkpt>
      <trkpt lat="45.91421" lon="5.76513">
        <ele>1382</ele>
        <time>2025-05-16T08:40:25+00:00</time>
      </trkpt>
      <trkpt lat="45.91415" lon="5.76506">
        <ele>1382</ele>
        <time>2025-05-16T08:40:28+00:00</time>
      </trkpt>
      <trkpt lat="45.91411" lon="5.765">
        <ele>1386</ele>
        <time>2025-05-16T08:40:31+00:00</time>
      </trkpt>
      <trkpt lat="45.91402" lon="5.76493">
        <ele>1386</ele>
        <time>2025-05-16T08:40:34+00:00</time>
      </trkpt>
      <trkpt lat="45.91395" lon="5.76491">
        <ele>1386</ele>
        <time>2025-05-16T08:40:37+00:00</time>
      </trkpt>
      <trkpt lat="45.91379" lon="5.76479">
        <ele>1388</ele>
        <time>2025-05-16T08:40:40+00:00</time>
      </trkpt>
      <trkpt lat="45.91369" lon="5.7647">
        <ele>1392</ele>
        <time>2025-05-16T08:40:43+00:00</time>
      </trkpt>
      <trkpt lat="45.91351" lon="5.76462">
        <ele>1390</ele>
        <time>2025-05-16T08:40:46+00:00</time>
      </trkpt>
      <trkpt lat="45.91341" lon="5.76452">
        <ele>1393</ele>
        <time>2025-05-16T08:40:49+00:00</time>
      </trkpt>
      <trkpt lat="45.91327" lon="5.76432">
        <ele>1407</ele>
        <time>2025-05-16T08:40:52+00:00</time>
      </trkpt>
      <trkpt lat="45.91321" lon="5.76425">
        <ele>1411</ele>
        <time>2025-05-16T08:40:55+00:00</time>
      </trkpt>
      <trkpt lat="45.91309" lon="5.76422">
        <ele>1410</ele>
        <time>2025-05-16T08:40:58+00:00</time>
      </trkpt>
      <trkpt lat="45.91303" lon="5.76419">
        <ele>1415</ele>
        <time>2025-05-16T08:41:01+00:00</time>
      </trkpt>
      <trkpt lat="45.91301" lon="5.76416">
        <ele>1415</ele>
        <time>2025-05-16T08:41:04+00:00</time>
      </trkpt>
      <trkpt lat="45.913" lon="5.76411">
        <ele>1414</ele>
        <time>2025-05-16T08:41:07+00:00</time>
      </trkpt>
      <trkpt lat="45.913" lon="5.76405">
        <ele>1419</ele>
        <time>2025-05-16T08:41:10+00:00</time>
      </trkpt>
      <trkpt lat="45.91299" lon="5.76402">
        <ele>1419</ele>
        <time>2025-05-16T08:41:13+00:00</time>
      </trkpt>
      <trkpt lat="45.91296" lon="5.76396">
        <ele>1421</ele>
        <time>2025-05-16T08:41:16+00:00</time>
      </trkpt>
      <trkpt lat="45.91293" lon="5.76393">
        <ele>1421</ele>
        <time>2025-05-16T08:41:19+00:00</time>
      </trkpt>
      <trkpt lat="45.91271" lon="5.76382">
        <ele>1431</ele>
        <time>2025-05-16T08:41:22+00:00</time>
      </trkpt>
      <trkpt lat="45.91243" lon="5.76366">
        <ele>1439</ele>
        <time>2025-05-16T08:41:25+00:00</time>
      </trkpt>
      <trkpt lat="45.91231" lon="5.76365">
        <ele>1443</ele>
        <time>2025-05-16T08:41:28+00:00</time>
      </trkpt>
      <trkpt lat="45.91224" lon="5.76366">
        <ele>1449</ele>
        <time>2025-05-16T08:41:31+00:00</time>
      </trkpt>
      <trkpt lat="45.91221" lon="5.76363">
        <ele>1449</ele>
        <time>2025-05-16T08:41:34+00:00</time>
      </trkpt>
      <trkpt lat="45.91219" lon="5.7636">
        <ele>1452</ele>
        <time>2025-05-16T08:41:37+00:00</time>
      </trkpt>
      <trkpt lat="45.91218" lon="5.76357">
        <ele>1452</ele>
        <time>2025-05-16T08:41:40+00:00</time>
      </trkpt>
      <trkpt lat="45.91215" lon="5.76359">
        <ele>1452</ele>
        <time>2025-05-16T08:41:43+00:00</time>
      </trkpt>
      <trkpt lat="45.9121" lon="5.76357">
        <ele>1455</ele>
        <time>2025-05-16T08:41:46+00:00</time>
      </trkpt>
      <trkpt lat="45.91205" lon="5.76352">
        <ele>1455</ele>
        <time>2025-05-16T08:41:49+00:00</time>
      </trkpt>
      <trkpt lat="45.912" lon="5.76352">
        <ele>1458</ele>
        <time>2025-05-16T08:41:52+00:00</time>
      </trkpt>
      <trkpt lat="45.91196" lon="5.76353">
        <ele>1458</ele>
        <time>2025-05-16T08:41:55+00:00</time>
      </trkpt>
      <trkpt lat="45.91192" lon="5.76355">
        <ele>1458</ele>
        <time>2025-05-16T08:41:58+00:00</time>
      </trkpt>
      <trkpt lat="45.91186" lon="5.76353">
        <ele>1460</ele>
        <time>2025-05-16T08:42:01+00:00</time>
      </trkpt>
      <trkpt lat="45.91176" lon="5.76355">
        <ele>1462</ele>
        <time>2025-05-16T08:42:04+00:00</time>
      </trkpt>
      <trkpt lat="45.91171" lon="5.76349">
        <ele>1461</ele>
        <time>2025-05-16T08:42:07+00:00</time>
      </trkpt>
      <trkpt lat="45.91166" lon="5.7635">
        <ele>1467</ele>
        <time>2025-05-16T08:42:10+00:00</time>
      </trkpt>
      <trkpt lat="45.91163" lon="5.76347">
        <ele>1467</ele>
        <time>2025-05-16T08:42:13+00:00</time>
      </trkpt>
      <trkpt lat="45.91154" lon="5.76346">
        <ele>1470</ele>
        <time>2025-05-16T08:42:16+00:00</time>
      </trkpt>
      <trkpt lat="45.9115" lon="5.76343">
        <ele>1474</ele>
        <time>2025-05-16T08:42:19+00:00</time>
      </trkpt>
      <trkpt lat="45.91141" lon="5.7634">
        <ele>1473</ele>
        <time>2025-05-16T08:42:22+00:00</time>
      </trkpt>
      <trkpt lat="45.91133" lon="5.7634">
        <ele>1477</ele>
        <time>2025-05-16T08:42:25+00:00</time>
      </trkpt>
      <trkpt lat="45.91129" lon="5.76341">
        <ele>1483</ele>
        <time>2025-05-16T08:42:28+00:00</time>
      </trkpt>
      <trkpt lat="45.91128" lon="5.76347">
        <ele>1483</ele>
        <time>2025-05-16T08:42:31+00:00</time>
      </trkpt>
      <trkpt lat="45.91121" lon="5.76349">
        <ele>1483</ele>
        <time>2025-05-16T08:42:34+00:00</time>
      </trkpt>
      <trkpt lat="45.91116" lon="5.76353">
        <ele>1489</ele>
        <time>2025-05-16T08:42:37+00:00</time>
      </trkpt>
      <trkpt lat="45.91111" lon="5.76359">
        <ele>1489</ele>
        <time>2025-05-16T08:42:40+00:00</time>
      </trkpt>
      <trkpt lat="45.91106" lon="5.7636">
        <ele>1496</ele>
        <time>2025-05-16T08:42:43+00:00</time>
      </trkpt>
      <trkpt lat="45.91099" lon="5.7636">
        <ele>1498</ele>
        <time>2025-05-16T08:42:46+00:00</time>
      </trkpt>
      <trkpt lat="45.9109" lon="5.76384">
        <ele>1497</ele>
        <time>2025-05-16T08:42:49+00:00</time>
      </trkpt>
      <trkpt lat="45.91084" lon="5.76396">
        <ele>1499</ele>
        <time>2025-05-16T08:42:52+00:00</time>
      </trkpt>
      <trkpt lat="45.91074" lon="5.76411">
        <ele>1497</ele>
        <time>2025-05-16T08:42:55+00:00</time>
      </trkpt>
      <trkpt lat="45.91068" lon="5.76416">
        <ele>1496</ele>
        <time>2025-05-16T08:42:58+00:00</time>
      </trkpt>
      <trkpt lat="45.91063" lon="5.76415">
        <ele>1496</ele>
        <time>2025-05-16T08:43:01+00:00</time>
      </trkpt>
      <trkpt lat="45.9105" lon="5.76408">
        <ele>1491</ele>
        <time>2025-05-16T08:43:04+00:00</time>
      </trkpt>
      <trkpt lat="45.91031" lon="5.76392">
        <ele>1491</ele>
        <time>2025-05-16T08:43:07+00:00</time>
      </trkpt>
      <trkpt lat="45.91018" lon="5.76377">
        <ele>1492</ele>
        <time>2025-05-16T08:43:10+00:00</time>
      </trkpt>
      <trkpt lat="45.91003" lon="5.76357">
        <ele>1492</ele>
        <time>2025-05-16T08:43:13+00:00</time>
      </trkpt>
      <trkpt lat="45.90987" lon="5.76333">
        <ele>1494</ele>
        <time>2025-05-16T08:43:16+00:00</time>
      </trkpt>
      <trkpt lat="45.90977" lon="5.7632">
        <ele>1498</ele>
        <time>2025-05-16T08:43:19+00:00</time>
      </trkpt>
      <trkpt lat="45.90966" lon="5.76309">
        <ele>1492</ele>
        <time>2025-05-16T08:43:22+00:00</time>
      </trkpt>
      <trkpt lat="45.90954" lon="5.76299">
        <ele>1495</ele>
        <time>2025-05-16T08:43:25+00:00</time>
      </trkpt>
      <trkpt lat="45.90937" lon="5.76292">
        <ele>1491</ele>
        <time>2025-05-16T08:43:28+00:00</time>
      </trkpt>
      <trkpt lat="45.90916" lon="5.76285">
        <ele>1486</ele>
        <time>2025-05-16T08:43:31+00:00</time>
      </trkpt>
      <trkpt lat="45.90891" lon="5.76279">
        <ele>1484</ele>
        <time>2025-05-16T08:43:34+00:00</time>
      </trkpt>
      <trkpt lat="45.90861" lon="5.76271">
        <ele>1479</ele>
        <time>2025-05-16T08:43:37+00:00</time>
      </trkpt>
      <trkpt lat="45.90854" lon="5.76271">
        <ele>1478</ele>
        <time>2025-05-16T08:43:40+00:00</time>
      </trkpt>
      <trkpt lat="45.90831" lon="5.76269">
        <ele>1479</ele>
        <time>2025-05-16T08:43:43+00:00</time>
      </trkpt>
      <trkpt lat="45.90816" lon="5.76261">
        <ele>1479</ele>
        <time>2025-05-16T08:43:46+00:00</time>
      </trkpt>
      <trkpt lat="45.90806" lon="5.76254">
        <ele>1486</ele>
        <time>2025-05-16T08:43:49+00:00</time>
      </trkpt>
      <trkpt lat="45.90788" lon="5.76243">
        <ele>1489</ele>
        <time>2025-05-16T08:43:52+00:00</time>
      </trkpt>
      <trkpt lat="45.90771" lon="5.76234">
        <ele>1492</ele>
        <time>2025-05-16T08:43:55+00:00</time>
      </trkpt>
      <trkpt lat="45.90753" lon="5.76221">
        <ele>1499</ele>
        <time>2025-05-16T08:43:58+00:00</time>
      </trkpt>
      <trkpt lat="45.90729" lon="5.76206">
        <ele>1511</ele>
        <time>2025-05-16T08:44:01+00:00</time>
      </trkpt>
      <trkpt lat="45.90698" lon="5.76182">
        <ele>1521</ele>
        <time>2025-05-16T08:44:04+00:00</time>
      </trkpt>
      <trkpt lat="45.90685" lon="5.76173">
        <ele>1523</ele>
        <time>2025-05-16T08:44:07+00:00</time>
      </trkpt>
      <trkpt lat="45.90665" lon="5.76164">
        <ele>1524</ele>
        <time>2025-05-16T08:44:10+00:00</time>
      </trkpt>
      <trkpt lat="45.90624" lon="5.76154">
        <ele>1524</ele>
        <time>2025-05-16T08:44:13+00:00</time>
      </trkpt>
      <trkpt lat="45.90616" lon="5.76151">
        <ele>1523</ele>
        <time>2025-05-16T08:44:16+00:00</time>
      </trkpt>
      <trkpt lat="45.90604" lon="5.76155">
        <ele>1522</ele>
        <time>2025-05-16T08:44:19+00:00</time>
      </trkpt>
      <trkpt lat="45.90582" lon="5.76153">
        <ele>1520</ele>
        <time>2025-05-16T08:44:22+00:00</time>
      </trkpt>
      <trkpt lat="45.90578" lon="5.76154">
        <ele>1520</ele>
        <time>2025-05-16T08:44:25+00:00</time>
      </trkpt>
      <trkpt lat="45.90571" lon="5.7616">
        <ele>1520</ele>
        <time>2025-05-16T08:44:28+00:00</time>
      </trkpt>
      <trkpt lat="45.90557" lon="5.76162">
        <ele>1515</ele>
        <time>2025-05-16T08:44:31+00:00</time>
      </trkpt>
      <trkpt lat="45.90551" lon="5.76167">
        <ele>1515</ele>
        <time>2025-05-16T08:44:34+00:00</time>
      </trkpt>
      <trkpt lat="45.90538" lon="5.76167">
        <ele>1512</ele>
        <time>2025-05-16T08:44:37+00:00</time>
      </trkpt>
      <trkpt lat="45.9052" lon="5.76177">
        <ele>1510</ele>
        <time>2025-05-16T08:44:40+00:00</time>
      </trkpt>
      <trkpt lat="45.90504" lon="5.76184">
        <ele>1509</ele>
        <time>2025-05-16T08:44:43+00:00</time>
      </trkpt>
      <trkpt lat="45.90499" lon="5.76184">
        <ele>1507</ele>
        <time>2025-05-16T08:44:46+00:00</time>
      </trkpt>
      <trkpt lat="45.90483" lon="5.76189">
        <ele>1507</ele>
        <time>2025-05-16T08:44:49+00:00</time>
      </trkpt>
      <trkpt lat="45.90477" lon="5.76192">
        <ele>1505</ele>
        <time>2025-05-16T08:44:52+00:00</time>
      </trkpt>
      <trkpt lat="45.90465" lon="5.76193">
        <ele>1504</ele>
        <time>2025-05-16T08:44:55+00:00</time>
      </trkpt>
      <trkpt lat="45.90454" lon="5.76193">
        <ele>1503</ele>
        <time>2025-05-16T08:44:58+00:00</time>
      </trkpt>
      <trkpt lat="45.90448" lon="5.76195">
        <ele>1502</ele>
        <time>2025-05-16T08:45:01+00:00</time>
      </trkpt>
      <trkpt lat="45.90441" lon="5.762">
        <ele>1502</ele>
        <time>2025-05-16T08:45:04+00:00</time>
      </trkpt>
      <trkpt lat="45.90425" lon="5.76204">
        <ele>1500</ele>
        <time>2025-05-16T08:45:07+00:00</time>
      </trkpt>
      <trkpt lat="45.90415" lon="5.76205">
        <ele>1500</ele>
        <time>2025-05-16T08:45:10+00:00</time>
      </trkpt>
      <trkpt lat="45.90404" lon="5.7621">
        <ele>1500</ele>
        <time>2025-05-16T08:45:13+00:00</time>
      </trkpt>
      <trkpt lat="45.90393" lon="5.76212">
        <ele>1498</ele>
        <time>2025-05-16T08:45:16+00:00</time>
      </trkpt>
      <trkpt lat="45.90363" lon="5.7622">
        <ele>1499</ele>
        <time>2025-05-16T08:45:19+00:00</time>
      </trkpt>
      <trkpt lat="45.90353" lon="5.76215">
        <ele>1496</ele>
        <time>2025-05-16T08:45:22+00:00</time>
      </trkpt>
      <trkpt lat="45.90331" lon="5.76202">
        <ele>1501</ele>
        <time>2025-05-16T08:45:25+00:00</time>
      </trkpt>
      <trkpt lat="45.90324" lon="5.762">
        <ele>1499</ele>
        <time>2025-05-16T08:45:28+00:00</time>
      </trkpt>
      <trkpt lat="45.90322" lon="5.76198">
        <ele>1499</ele>
        <time>2025-05-16T08:45:31+00:00</time>
      </trkpt>
      <trkpt lat="45.90321" lon="5.76192">
        <ele>1499</ele>
        <time>2025-05-16T08:45:34+00:00</time>
      </trkpt>
      <trkpt lat="45.90319" lon="5.76185">
        <ele>1504</ele>
        <time>2025-05-16T08:45:37+00:00</time>
      </trkpt>
      <trkpt lat="45.90317" lon="5.76181">
        <ele>1504</ele>
        <time>2025-05-16T08:45:40+00:00</time>
      </trkpt>
      <trkpt lat="45.90314" lon="5.76177">
        <ele>1504</ele>
        <time>2025-05-16T08:45:43+00:00</time>
      </trkpt>
      <trkpt lat="45.90306" lon="5.76172">
        <ele>1504</ele>
        <time>2025-05-16T08:45:46+00:00</time>
      </trkpt>
      <trkpt lat="45.90301" lon="5.76167">
        <ele>1504</ele>
        <time>2025-05-16T08:45:49+00:00</time>
      </trkpt>
      <trkpt lat="45.90295" lon="5.76157">
        <ele>1504</ele>
        <time>2025-05-16T08:45:52+00:00</time>
      </trkpt>
      <trkpt lat="45.90291" lon="5.76154">
        <ele>1504</ele>
        <time>2025-05-16T08:45:55+00:00</time>
      </trkpt>
      <trkpt lat="45.90287" lon="5.76152">
        <ele>1504</ele>
        <time>2025-05-16T08:45:58+00:00</time>
      </trkpt>
      <trkpt lat="45.9027" lon="5.76151">
        <ele>1502</ele>
        <time>2025-05-16T08:46:01+00:00</time>
      </trkpt>
      <trkpt lat="45.9026" lon="5.76149">
        <ele>1500</ele>
        <time>2025-05-16T08:46:04+00:00</time>
      </trkpt>
      <trkpt lat="45.90241" lon="5.76147">
        <ele>1505</ele>
        <time>2025-05-16T08:46:07+00:00</time>
      </trkpt>
      <trkpt lat="45.90234" lon="5.76142">
        <ele>1501</ele>
        <time>2025-05-16T08:46:10+00:00</time>
      </trkpt>
      <trkpt lat="45.90224" lon="5.76138">
        <ele>1503</ele>
        <time>2025-05-16T08:46:13+00:00</time>
      </trkpt>
      <trkpt lat="45.9021" lon="5.76129">
        <ele>1509</ele>
        <time>2025-05-16T08:46:16+00:00</time>
      </trkpt>
      <trkpt lat="45.90199" lon="5.76119">
        <ele>1513</ele>
        <time>2025-05-16T08:46:19+00:00</time>
      </trkpt>
      <trkpt lat="45.9019" lon="5.76112">
        <ele>1514</ele>
        <time>2025-05-16T08:46:22+00:00</time>
      </trkpt>
      <trkpt lat="45.90159" lon="5.76104">
        <ele>1525</ele>
        <time>2025-05-16T08:46:25+00:00</time>
      </trkpt>
      <trkpt lat="45.90123" lon="5.76108">
        <ele>1525</ele>
        <time>2025-05-16T08:46:28+00:00</time>
      </trkpt>
      <trkpt lat="45.90089" lon="5.76106">
        <ele>1525</ele>
        <time>2025-05-16T08:46:31+00:00</time>
      </trkpt>
      <trkpt lat="45.90055" lon="5.76104">
        <ele>1525</ele>
        <time>2025-05-16T08:46:34+00:00</time>
      </trkpt>
      <trkpt lat="45.89998" lon="5.761">
        <ele>1524</ele>
        <time>2025-05-16T08:46:37+00:00</time>
      </trkpt>
      <trkpt lat="45.89977" lon="5.76109">
        <ele>1525</ele>
        <time>2025-05-16T08:46:40+00:00</time>
      </trkpt>
      <trkpt lat="45.89962" lon="5.76108">
        <ele>1521</ele>
        <time>2025-05-16T08:46:43+00:00</time>
      </trkpt>
      <trkpt lat="45.89946" lon="5.76105">
        <ele>1526</ele>
        <time>2025-05-16T08:46:46+00:00</time>
      </trkpt>
      <trkpt lat="45.89933" lon="5.76097">
        <ele>1527</ele>
        <time>2025-05-16T08:46:49+00:00</time>
      </trkpt>
      <trkpt lat="45.89919" lon="5.76096">
        <ele>1525</ele>
        <time>2025-05-16T08:46:52+00:00</time>
      </trkpt>
      <trkpt lat="45.89912" lon="5.76101">
        <ele>1528</ele>
        <time>2025-05-16T08:46:55+00:00</time>
      </trkpt>
      <trkpt lat="45.89904" lon="5.76113">
        <ele>1524</ele>
        <time>2025-05-16T08:46:58+00:00</time>
      </trkpt>
      <trkpt lat="45.8989" lon="5.76118">
        <ele>1515</ele>
        <time>2025-05-16T08:47:01+00:00</time>
      </trkpt>
      <trkpt lat="45.89865" lon="5.76129">
        <ele>1518</ele>
        <time>2025-05-16T08:47:04+00:00</time>
      </trkpt>
      <trkpt lat="45.89838" lon="5.7613">
        <ele>1511</ele>
        <time>2025-05-16T08:47:07+00:00</time>
      </trkpt>
      <trkpt lat="45.89815" lon="5.76132">
        <ele>1504</ele>
        <time>2025-05-16T08:47:10+00:00</time>
      </trkpt>
      <trkpt lat="45.89798" lon="5.76129">
        <ele>1501</ele>
        <time>2025-05-16T08:47:13+00:00</time>
      </trkpt>
      <trkpt lat="45.89788" lon="5.76119">
        <ele>1497</ele>
        <time>2025-05-16T08:47:16+00:00</time>
      </trkpt>
      <trkpt lat="45.89783" lon="5.76113">
        <ele>1497</ele>
        <time>2025-05-16T08:47:19+00:00</time>
      </trkpt>
      <trkpt lat="45.89781" lon="5.76107">
        <ele>1494</ele>
        <time>2025-05-16T08:47:22+00:00</time>
      </trkpt>
      <trkpt lat="45.89772" lon="5.76104">
        <ele>1493</ele>
        <time>2025-05-16T08:47:25+00:00</time>
      </trkpt>
      <trkpt lat="45.89758" lon="5.76098">
        <ele>1490</ele>
        <time>2025-05-16T08:47:28+00:00</time>
      </trkpt>
      <trkpt lat="45.89742" lon="5.76098">
        <ele>1489</ele>
        <time>2025-05-16T08:47:31+00:00</time>
      </trkpt>
      <trkpt lat="45.89724" lon="5.761">
        <ele>1482</ele>
        <time>2025-05-16T08:47:34+00:00</time>
      </trkpt>
      <trkpt lat="45.89705" lon="5.761">
        <ele>1477</ele>
        <time>2025-05-16T08:47:37+00:00</time>
      </trkpt>
      <trkpt lat="45.89697" lon="5.76101">
        <ele>1475</ele>
        <time>2025-05-16T08:47:40+00:00</time>
      </trkpt>
      <trkpt lat="45.89674" lon="5.76088">
        <ele>1475</ele>
        <time>2025-05-16T08:47:43+00:00</time>
      </trkpt>
      <trkpt lat="45.89664" lon="5.76084">
        <ele>1473</ele>
        <time>2025-05-16T08:47:46+00:00</time>
      </trkpt>
      <trkpt lat="45.89645" lon="5.76084">
        <ele>1471</ele>
        <time>2025-05-16T08:47:49+00:00</time>
      </trkpt>
      <trkpt lat="45.89624" lon="5.76085">
        <ele>1465</ele>
        <time>2025-05-16T08:47:52+00:00</time>
      </trkpt>
      <trkpt lat="45.89588" lon="5.76094">
        <ele>1452</ele>
        <time>2025-05-16T08:47:55+00:00</time>
      </trkpt>
      <trkpt lat="45.89545" lon="5.76087">
        <ele>1451</ele>
        <time>2025-05-16T08:47:58+00:00</time>
      </trkpt>
      <trkpt lat="45.89535" lon="5.76078">
        <ele>1452</ele>
        <time>2025-05-16T08:48:01+00:00</time>
      </trkpt>
      <trkpt lat="45.89529" lon="5.76074">
        <ele>1448</ele>
        <time>2025-05-16T08:48:04+00:00</time>
      </trkpt>
      <trkpt lat="45.89518" lon="5.76077">
        <ele>1444</ele>
        <time>2025-05-16T08:48:07+00:00</time>
      </trkpt>
      <trkpt lat="45.89511" lon="5.76075">
        <ele>1444</ele>
        <time>2025-05-16T08:48:10+00:00</time>
      </trkpt>
      <trkpt lat="45.89507" lon="5.76077">
        <ele>1441</ele>
        <time>2025-05-16T08:48:13+00:00</time>
      </trkpt>
      <trkpt lat="45.89494" lon="5.76089">
        <ele>1438</ele>
        <time>2025-05-16T08:48:16+00:00</time>
      </trkpt>
      <trkpt lat="45.89454" lon="5.76113">
        <ele>1426</ele>
        <time>2025-05-16T08:48:19+00:00</time>
      </trkpt>
      <trkpt lat="45.89431" lon="5.76113">
        <ele>1424</ele>
        <time>2025-05-16T08:48:22+00:00</time>
      </trkpt>
      <trkpt lat="45.89407" lon="5.76114">
        <ele>1421</ele>
        <time>2025-05-16T08:48:25+00:00</time>
      </trkpt>
      <trkpt lat="45.89365" lon="5.76107">
        <ele>1417</ele>
        <time>2025-05-16T08:48:28+00:00</time>
      </trkpt>
      <trkpt lat="45.89335" lon="5.76104">
        <ele>1415</ele>
        <time>2025-05-16T08:48:31+00:00</time>
      </trkpt>
      <trkpt lat="45.89308" lon="5.76109">
        <ele>1412</ele>
        <time>2025-05-16T08:48:34+00:00</time>
      </trkpt>
      <trkpt lat="45.8928" lon="5.76111">
        <ele>1412</ele>
        <time>2025-05-16T08:48:37+00:00</time>
      </trkpt>
      <trkpt lat="45.89263" lon="5.76109">
        <ele>1412</ele>
        <time>2025-05-16T08:48:40+00:00</time>
      </trkpt>
      <trkpt lat="45.89241" lon="5.76104">
        <ele>1411</ele>
        <time>2025-05-16T08:48:43+00:00</time>
      </trkpt>
      <trkpt lat="45.89222" lon="5.76098">
        <ele>1410</ele>
        <time>2025-05-16T08:48:46+00:00</time>
      </trkpt>
      <trkpt lat="45.89211" lon="5.76092">
        <ele>1410</ele>
        <time>2025-05-16T08:48:49+00:00</time>
      </trkpt>
      <trkpt lat="45.89192" lon="5.76087">
        <ele>1409</ele>
        <time>2025-05-16T08:48:52+00:00</time>
      </trkpt>
      <trkpt lat="45.8916" lon="5.76081">
        <ele>1406</ele>
        <time>2025-05-16T08:48:55+00:00</time>
      </trkpt>
      <trkpt lat="45.89128" lon="5.76075">
        <ele>1403</ele>
        <time>2025-05-16T08:48:58+00:00</time>
      </trkpt>
      <trkpt lat="45.8909" lon="5.76068">
        <ele>1401</ele>
        <time>2025-05-16T08:49:01+00:00</time>
      </trkpt>
      <trkpt lat="45.89076" lon="5.76067">
        <ele>1400</ele>
        <time>2025-05-16T08:49:04+00:00</time>
      </trkpt>
      <trkpt lat="45.89061" lon="5.7607">
        <ele>1400</ele>
        <time>2025-05-16T08:49:07+00:00</time>
      </trkpt>
      <trkpt lat="45.89042" lon="5.76072">
        <ele>1398</ele>
        <time>2025-05-16T08:49:10+00:00</time>
      </trkpt>
      <trkpt lat="45.89015" lon="5.76076">
        <ele>1395</ele>
        <time>2025-05-16T08:49:13+00:00</time>
      </trkpt>
      <trkpt lat="45.8898" lon="5.76081">
        <ele>1388</ele>
        <time>2025-05-16T08:49:16+00:00</time>
      </trkpt>
      <trkpt lat="45.88966" lon="5.76085">
        <ele>1387</ele>
        <time>2025-05-16T08:49:19+00:00</time>
      </trkpt>
      <trkpt lat="45.88946" lon="5.76093">
        <ele>1384</ele>
        <time>2025-05-16T08:49:22+00:00</time>
      </trkpt>
      <trkpt lat="45.88936" lon="5.76095">
        <ele>1384</ele>
        <time>2025-05-16T08:49:25+00:00</time>
      </trkpt>
      <trkpt lat="45.88933" lon="5.76095">
        <ele>1384</ele>
        <time>2025-05-16T08:49:28+00:00</time>
      </trkpt>
      <trkpt lat="45.8893" lon="5.76098">
        <ele>1382</ele>
        <time>2025-05-16T08:49:31+00:00</time>
      </trkpt>
      <trkpt lat="45.88928" lon="5.76108">
        <ele>1380</ele>
        <time>2025-05-16T08:49:34+00:00</time>
      </trkpt>
      <trkpt lat="45.88903" lon="5.76106">
        <ele>1379</ele>
        <time>2025-05-16T08:49:37+00:00</time>
      </trkpt>
      <trkpt lat="45.88876" lon="5.76104">
        <ele>1377</ele>
        <time>2025-05-16T08:49:40+00:00</time>
      </trkpt>
      <trkpt lat="45.8884" lon="5.761">
        <ele>1374</ele>
        <time>2025-05-16T08:49:43+00:00</time>
      </trkpt>
      <trkpt lat="45.88806" lon="5.76093">
        <ele>1372</ele>
        <time>2025-05-16T08:49:46+00:00</time>
      </trkpt>
      <trkpt lat="45.88772" lon="5.76087">
        <ele>1372</ele>
        <time>2025-05-16T08:49:49+00:00</time>
      </trkpt>
      <trkpt lat="45.88711" lon="5.76075">
        <ele>1370</ele>
        <time>2025-05-16T08:49:52+00:00</time>
      </trkpt>
      <trkpt lat="45.88673" lon="5.76071">
        <ele>1370</ele>
        <time>2025-05-16T08:49:55+00:00</time>
      </trkpt>
      <trkpt lat="45.88647" lon="5.76066">
        <ele>1370</ele>
        <time>2025-05-16T08:49:58+00:00</time>
      </trkpt>
      <trkpt lat="45.88615" lon="5.76059">
        <ele>1370</ele>
        <time>2025-05-16T08:50:01+00:00</time>
      </trkpt>
      <trkpt lat="45.88591" lon="5.76057">
        <ele>1369</ele>
        <time>2025-05-16T08:50:04+00:00</time>
      </trkpt>
      <trkpt lat="45.88567" lon="5.76054">
        <ele>1368</ele>
        <time>2025-05-16T08:50:07+00:00</time>
      </trkpt>
      <trkpt lat="45.88553" lon="5.76055">
        <ele>1368</ele>
        <time>2025-05-16T08:50:10+00:00</time>
      </trkpt>
      <trkpt lat="45.88526" lon="5.76055">
        <ele>1368</ele>
        <time>2025-05-16T08:50:13+00:00</time>
      </trkpt>
      <trkpt lat="45.8851" lon="5.76056">
        <ele>1369</ele>
        <time>2025-05-16T08:50:16+00:00</time>
      </trkpt>
      <trkpt lat="45.88482" lon="5.76063">
        <ele>1366</ele>
        <time>2025-05-16T08:50:19+00:00</time>
      </trkpt>
      <trkpt lat="45.8844" lon="5.76079">
        <ele>1363</ele>
        <time>2025-05-16T08:50:22+00:00</time>
      </trkpt>
      <trkpt lat="45.88412" lon="5.76094">
        <ele>1359</ele>
        <time>2025-05-16T08:50:25+00:00</time>
      </trkpt>
      <trkpt lat="45.88378" lon="5.7611">
        <ele>1358</ele>
        <time>2025-05-16T08:50:28+00:00</time>
      </trkpt>
      <trkpt lat="45.88349" lon="5.76127">
        <ele>1353</ele>
        <time>2025-05-16T08:50:31+00:00</time>
      </trkpt>
      <trkpt lat="45.88293" lon="5.7616">
        <ele>1346</ele>
        <time>2025-05-16T08:50:34+00:00</time>
      </trkpt>
      <trkpt lat="45.88262" lon="5.76177">
        <ele>1344</ele>
        <time>2025-05-16T08:50:37+00:00</time>
      </trkpt>
      <trkpt lat="45.88239" lon="5.76186">
        <ele>1343</ele>
        <time>2025-05-16T08:50:40+00:00</time>
      </trkpt>
      <trkpt lat="45.88217" lon="5.76196">
        <ele>1338</ele>
        <time>2025-05-16T08:50:43+00:00</time>
      </trkpt>
      <trkpt lat="45.88211" lon="5.76202">
        <ele>1337</ele>
        <time>2025-05-16T08:50:46+00:00</time>
      </trkpt>
      <trkpt lat="45.88205" lon="5.76216">
        <ele>1337</ele>
        <time>2025-05-16T08:50:49+00:00</time>
      </trkpt>
      <trkpt lat="45.88203" lon="5.7623">
        <ele>1336</ele>
        <time>2025-05-16T08:50:52+00:00</time>
      </trkpt>
      <trkpt lat="45.88203" lon="5.76238">
        <ele>1336</ele>
        <time>2025-05-16T08:50:55+00:00</time>
      </trkpt>
      <trkpt lat="45.88205" lon="5.76248">
        <ele>1336</ele>
        <time>2025-05-16T08:50:58+00:00</time>
      </trkpt>
      <trkpt lat="45.88196" lon="5.76254">
        <ele>1336</ele>
        <time>2025-05-16T08:51:01+00:00</time>
      </trkpt>
      <trkpt lat="45.88184" lon="5.76259">
        <ele>1336</ele>
        <time>2025-05-16T08:51:04+00:00</time>
      </trkpt>
      <trkpt lat="45.88177" lon="5.76263">
        <ele>1337</ele>
        <time>2025-05-16T08:51:07+00:00</time>
      </trkpt>
      <trkpt lat="45.88171" lon="5.76273">
        <ele>1338</ele>
        <time>2025-05-16T08:51:10+00:00</time>
      </trkpt>
      <trkpt lat="45.88164" lon="5.76289">
        <ele>1336</ele>
        <time>2025-05-16T08:51:13+00:00</time>
      </trkpt>
      <trkpt lat="45.88155" lon="5.76289">
        <ele>1339</ele>
        <time>2025-05-16T08:51:16+00:00</time>
      </trkpt>
      <trkpt lat="45.88135" lon="5.76294">
        <ele>1335</ele>
        <time>2025-05-16T08:51:19+00:00</time>
      </trkpt>
      <trkpt lat="45.8811" lon="5.76303">
        <ele>1334</ele>
        <time>2025-05-16T08:51:22+00:00</time>
      </trkpt>
      <trkpt lat="45.88093" lon="5.76307">
        <ele>1333</ele>
        <time>2025-05-16T08:51:25+00:00</time>
      </trkpt>
      <trkpt lat="45.88068" lon="5.76315">
        <ele>1330</ele>
        <time>2025-05-16T08:51:28+00:00</time>
      </trkpt>
      <trkpt lat="45.88046" lon="5.76321">
        <ele>1328</ele>
        <time>2025-05-16T08:51:31+00:00</time>
      </trkpt>
      <trkpt lat="45.88021" lon="5.76322">
        <ele>1327</ele>
        <time>2025-05-16T08:51:34+00:00</time>
      </trkpt>
      <trkpt lat="45.87993" lon="5.76324">
        <ele>1324</ele>
        <time>2025-05-16T08:51:37+00:00</time>
      </trkpt>
      <trkpt lat="45.87972" lon="5.76342">
        <ele>1322</ele>
        <time>2025-05-16T08:51:40+00:00</time>
      </trkpt>
      <trkpt lat="45.8796" lon="5.76346">
        <ele>1321</ele>
        <time>2025-05-16T08:51:43+00:00</time>
      </trkpt>
      <trkpt lat="45.87941" lon="5.76344">
        <ele>1322</ele>
        <time>2025-05-16T08:51:46+00:00</time>
      </trkpt>
      <trkpt lat="45.87915" lon="5.76345">
        <ele>1323</ele>
        <time>2025-05-16T08:51:49+00:00</time>
      </trkpt>
      <trkpt lat="45.87884" lon="5.76346">
        <ele>1325</ele>
        <time>2025-05-16T08:51:52+00:00</time>
      </trkpt>
      <trkpt lat="45.87847" lon="5.7635">
        <ele>1327</ele>
        <time>2025-05-16T08:51:55+00:00</time>
      </trkpt>
      <trkpt lat="45.87833" lon="5.76348">
        <ele>1328</ele>
        <time>2025-05-16T08:51:58+00:00</time>
      </trkpt>
      <trkpt lat="45.87813" lon="5.76342">
        <ele>1328</ele>
        <time>2025-05-16T08:52:01+00:00</time>
      </trkpt>
      <trkpt lat="45.87787" lon="5.76329">
        <ele>1328</ele>
        <time>2025-05-16T08:52:04+00:00</time>
      </trkpt>
      <trkpt lat="45.87779" lon="5.76322">
        <ele>1327</ele>
        <time>2025-05-16T08:52:07+00:00</time>
      </trkpt>
      <trkpt lat="45.87763" lon="5.76321">
        <ele>1327</ele>
        <time>2025-05-16T08:52:10+00:00</time>
      </trkpt>
      <trkpt lat="45.87744" lon="5.76304">
        <ele>1326</ele>
        <time>2025-05-16T08:52:13+00:00</time>
      </trkpt>
      <trkpt lat="45.87728" lon="5.76287">
        <ele>1325</ele>
        <time>2025-05-16T08:52:16+00:00</time>
      </trkpt>
      <trkpt lat="45.87715" lon="5.76283">
        <ele>1325</ele>
        <time>2025-05-16T08:52:19+00:00</time>
      </trkpt>
      <trkpt lat="45.87698" lon="5.76285">
        <ele>1325</ele>
        <time>2025-05-16T08:52:22+00:00</time>
      </trkpt>
      <trkpt lat="45.87687" lon="5.76289">
        <ele>1325</ele>
        <time>2025-05-16T08:52:25+00:00</time>
      </trkpt>
      <trkpt lat="45.87676" lon="5.76297">
        <ele>1324</ele>
        <time>2025-05-16T08:52:28+00:00</time>
      </trkpt>
      <trkpt lat="45.87664" lon="5.76315">
        <ele>1324</ele>
        <time>2025-05-16T08:52:31+00:00</time>
      </trkpt>
      <trkpt lat="45.87652" lon="5.76338">
        <ele>1324</ele>
        <time>2025-05-16T08:52:34+00:00</time>
      </trkpt>
      <trkpt lat="45.87637" lon="5.76368">
        <ele>1324</ele>
        <time>2025-05-16T08:52:37+00:00</time>
      </trkpt>
      <trkpt lat="45.87618" lon="5.76404">
        <ele>1325</ele>
        <time>2025-05-16T08:52:40+00:00</time>
      </trkpt>
      <trkpt lat="45.87601" lon="5.76438">
        <ele>1326</ele>
        <time>2025-05-16T08:52:43+00:00</time>
      </trkpt>
      <trkpt lat="45.87594" lon="5.76443">
        <ele>1327</ele>
        <time>2025-05-16T08:52:46+00:00</time>
      </trkpt>
      <trkpt lat="45.87565" lon="5.76452">
        <ele>1326</ele>
        <time>2025-05-16T08:52:49+00:00</time>
      </trkpt>
      <trkpt lat="45.87537" lon="5.76468">
        <ele>1327</ele>
        <time>2025-05-16T08:52:52+00:00</time>
      </trkpt>
      <trkpt lat="45.87513" lon="5.7648">
        <ele>1327</ele>
        <time>2025-05-16T08:52:55+00:00</time>
      </trkpt>
      <trkpt lat="45.875" lon="5.76484">
        <ele>1325</ele>
        <time>2025-05-16T08:52:58+00:00</time>
      </trkpt>
      <trkpt lat="45.87491" lon="5.76488">
        <ele>1325</ele>
        <time>2025-05-16T08:53:01+00:00</time>
      </trkpt>
      <trkpt lat="45.87481" lon="5.76499">
        <ele>1325</ele>
        <time>2025-05-16T08:53:04+00:00</time>
      </trkpt>
      <trkpt lat="45.8747" lon="5.76515">
        <ele>1325</ele>
        <time>2025-05-16T08:53:07+00:00</time>
      </trkpt>
      <trkpt lat="45.87462" lon="5.76521">
        <ele>1325</ele>
        <time>2025-05-16T08:53:10+00:00</time>
      </trkpt>
      <trkpt lat="45.87443" lon="5.76531">
        <ele>1325</ele>
        <time>2025-05-16T08:53:13+00:00</time>
      </trkpt>
      <trkpt lat="45.87424" lon="5.76538">
        <ele>1325</ele>
        <time>2025-05-16T08:53:16+00:00</time>
      </trkpt>
      <trkpt lat="45.87411" lon="5.76541">
        <ele>1325</ele>
        <time>2025-05-16T08:53:19+00:00</time>
      </trkpt>
      <trkpt lat="45.8739" lon="5.7655">
        <ele>1326</ele>
        <time>2025-05-16T08:53:22+00:00</time>
      </trkpt>
      <trkpt lat="45.8736" lon="5.76563">
        <ele>1328</ele>
        <time>2025-05-16T08:53:25+00:00</time>
      </trkpt>
      <trkpt lat="45.87337" lon="5.76576">
        <ele>1328</ele>
        <time>2025-05-16T08:53:28+00:00</time>
      </trkpt>
      <trkpt lat="45.87305" lon="5.766">
        <ele>1328</ele>
        <time>2025-05-16T08:53:31+00:00</time>
      </trkpt>
      <trkpt lat="45.8729" lon="5.7661">
        <ele>1328</ele>
        <time>2025-05-16T08:53:34+00:00</time>
      </trkpt>
      <trkpt lat="45.87272" lon="5.76621">
        <ele>1328</ele>
        <time>2025-05-16T08:53:37+00:00</time>
      </trkpt>
      <trkpt lat="45.87249" lon="5.76635">
        <ele>1327</ele>
        <time>2025-05-16T08:53:40+00:00</time>
      </trkpt>
      <trkpt lat="45.87227" lon="5.76651">
        <ele>1327</ele>
        <time>2025-05-16T08:53:43+00:00</time>
      </trkpt>
      <trkpt lat="45.8722" lon="5.76657">
        <ele>1327</ele>
        <time>2025-05-16T08:53:46+00:00</time>
      </trkpt>
      <trkpt lat="45.87218" lon="5.7666">
        <ele>1327</ele>
        <time>2025-05-16T08:53:49+00:00</time>
      </trkpt>
      <trkpt lat="45.87215" lon="5.76666">
        <ele>1327</ele>
        <time>2025-05-16T08:53:52+00:00</time>
      </trkpt>
      <trkpt lat="45.87206" lon="5.76696">
        <ele>1325</ele>
        <time>2025-05-16T08:53:55+00:00</time>
      </trkpt>
      <trkpt lat="45.87206" lon="5.76713">
        <ele>1325</ele>
        <time>2025-05-16T08:53:58+00:00</time>
      </trkpt>
      <trkpt lat="45.87209" lon="5.7674">
        <ele>1324</ele>
        <time>2025-05-16T08:54:01+00:00</time>
      </trkpt>
      <trkpt lat="45.87211" lon="5.76771">
        <ele>1322</ele>
        <time>2025-05-16T08:54:04+00:00</time>
      </trkpt>
      <trkpt lat="45.87211" lon="5.76777">
        <ele>1322</ele>
        <time>2025-05-16T08:54:07+00:00</time>
      </trkpt>
      <trkpt lat="45.8721" lon="5.7679">
        <ele>1322</ele>
        <time>2025-05-16T08:54:10+00:00</time>
      </trkpt>
      <trkpt lat="45.87208" lon="5.76801">
        <ele>1320</ele>
        <time>2025-05-16T08:54:13+00:00</time>
      </trkpt>
      <trkpt lat="45.87205" lon="5.76812">
        <ele>1319</ele>
        <time>2025-05-16T08:54:16+00:00</time>
      </trkpt>
      <trkpt lat="45.87203" lon="5.76816">
        <ele>1319</ele>
        <time>2025-05-16T08:54:19+00:00</time>
      </trkpt>
      <trkpt lat="45.87194" lon="5.76818">
        <ele>1319</ele>
        <time>2025-05-16T08:54:22+00:00</time>
      </trkpt>
      <trkpt lat="45.87202" lon="5.76842">
        <ele>1316</ele>
        <time>2025-05-16T08:54:25+00:00</time>
      </trkpt>
      <trkpt lat="45.87205" lon="5.76866">
        <ele>1312</ele>
        <time>2025-05-16T08:54:28+00:00</time>
      </trkpt>
      <trkpt lat="45.87207" lon="5.76887">
        <ele>1310</ele>
        <time>2025-05-16T08:54:31+00:00</time>
      </trkpt>
      <trkpt lat="45.87207" lon="5.76925">
        <ele>1305</ele>
        <time>2025-05-16T08:54:34+00:00</time>
      </trkpt>
      <trkpt lat="45.87196" lon="5.76944">
        <ele>1302</ele>
        <time>2025-05-16T08:54:37+00:00</time>
      </trkpt>
      <trkpt lat="45.87177" lon="5.76956">
        <ele>1301</ele>
        <time>2025-05-16T08:54:40+00:00</time>
      </trkpt>
      <trkpt lat="45.87152" lon="5.76973">
        <ele>1299</ele>
        <time>2025-05-16T08:54:43+00:00</time>
      </trkpt>
      <trkpt lat="45.87125" lon="5.77001">
        <ele>1294</ele>
        <time>2025-05-16T08:54:46+00:00</time>
      </trkpt>
      <trkpt lat="45.87121" lon="5.77012">
        <ele>1292</ele>
        <time>2025-05-16T08:54:49+00:00</time>
      </trkpt>
      <trkpt lat="45.87123" lon="5.77026">
        <ele>1290</ele>
        <time>2025-05-16T08:54:52+00:00</time>
      </trkpt>
      <trkpt lat="45.87133" lon="5.77032">
        <ele>1288</ele>
        <time>2025-05-16T08:54:55+00:00</time>
      </trkpt>
      <trkpt lat="45.87159" lon="5.77041">
        <ele>1283</ele>
        <time>2025-05-16T08:54:58+00:00</time>
      </trkpt>
      <trkpt lat="45.87163" lon="5.77055">
        <ele>1281</ele>
        <time>2025-05-16T08:55:01+00:00</time>
      </trkpt>
      <trkpt lat="45.87158" lon="5.7707">
        <ele>1279</ele>
        <time>2025-05-16T08:55:04+00:00</time>
      </trkpt>
      <trkpt lat="45.8715" lon="5.77076">
        <ele>1278</ele>
        <time>2025-05-16T08:55:07+00:00</time>
      </trkpt>
      <trkpt lat="45.87133" lon="5.77075">
        <ele>1279</ele>
        <time>2025-05-16T08:55:10+00:00</time>
      </trkpt>
      <trkpt lat="45.87114" lon="5.77068">
        <ele>1279</ele>
        <time>2025-05-16T08:55:13+00:00</time>
      </trkpt>
      <trkpt lat="45.8709" lon="5.77073">
        <ele>1273</ele>
        <time>2025-05-16T08:55:16+00:00</time>
      </trkpt>
      <trkpt lat="45.87087" lon="5.77083">
        <ele>1271</ele>
        <time>2025-05-16T08:55:19+00:00</time>
      </trkpt>
      <trkpt lat="45.87088" lon="5.77098">
        <ele>1270</ele>
        <time>2025-05-16T08:55:22+00:00</time>
      </trkpt>
      <trkpt lat="45.87097" lon="5.77109">
        <ele>1269</ele>
        <time>2025-05-16T08:55:25+00:00</time>
      </trkpt>
      <trkpt lat="45.87113" lon="5.77111">
        <ele>1263</ele>
        <time>2025-05-16T08:55:28+00:00</time>
      </trkpt>
      <trkpt lat="45.87133" lon="5.77117">
        <ele>1266</ele>
        <time>2025-05-16T08:55:31+00:00</time>
      </trkpt>
      <trkpt lat="45.8714" lon="5.77133">
        <ele>1262</ele>
        <time>2025-05-16T08:55:34+00:00</time>
      </trkpt>
      <trkpt lat="45.87141" lon="5.77151">
        <ele>1262</ele>
        <time>2025-05-16T08:55:37+00:00</time>
      </trkpt>
      <trkpt lat="45.87139" lon="5.77173">
        <ele>1258</ele>
        <time>2025-05-16T08:55:40+00:00</time>
      </trkpt>
      <trkpt lat="45.87132" lon="5.77198">
        <ele>1258</ele>
        <time>2025-05-16T08:55:43+00:00</time>
      </trkpt>
      <trkpt lat="45.87119" lon="5.77227">
        <ele>1252</ele>
        <time>2025-05-16T08:55:46+00:00</time>
      </trkpt>
      <trkpt lat="45.87105" lon="5.7726">
        <ele>1249</ele>
        <time>2025-05-16T08:55:49+00:00</time>
      </trkpt>
      <trkpt lat="45.87095" lon="5.77281">
        <ele>1247</ele>
        <time>2025-05-16T08:55:52+00:00</time>
      </trkpt>
      <trkpt lat="45.87092" lon="5.77293">
        <ele>1246</ele>
        <time>2025-05-16T08:55:55+00:00</time>
      </trkpt>
      <trkpt lat="45.87092" lon="5.77321">
        <ele>1244</ele>
        <time>2025-05-16T08:55:58+00:00</time>
      </trkpt>
      <trkpt lat="45.87099" lon="5.77346">
        <ele>1242</ele>
        <time>2025-05-16T08:56:01+00:00</time>
      </trkpt>
      <trkpt lat="45.87105" lon="5.77371">
        <ele>1241</ele>
        <time>2025-05-16T08:56:04+00:00</time>
      </trkpt>
      <trkpt lat="45.87109" lon="5.77391">
        <ele>1242</ele>
        <time>2025-05-16T08:56:07+00:00</time>
      </trkpt>
      <trkpt lat="45.87114" lon="5.77413">
        <ele>1242</ele>
        <time>2025-05-16T08:56:10+00:00</time>
      </trkpt>
      <trkpt lat="45.87108" lon="5.77411">
        <ele>1242</ele>
        <time>2025-05-16T08:56:13+00:00</time>
      </trkpt>
      <trkpt lat="45.87095" lon="5.77387">
        <ele>1240</ele>
        <time>2025-05-16T08:56:16+00:00</time>
      </trkpt>
      <trkpt lat="45.87065" lon="5.77375">
        <ele>1238</ele>
        <time>2025-05-16T08:56:19+00:00</time>
      </trkpt>
      <trkpt lat="45.87005" lon="5.77352">
        <ele>1235</ele>
        <time>2025-05-16T08:56:22+00:00</time>
      </trkpt>
      <trkpt lat="45.8698" lon="5.77346">
        <ele>1233</ele>
        <time>2025-05-16T08:56:25+00:00</time>
      </trkpt>
      <trkpt lat="45.8695" lon="5.77338">
        <ele>1232</ele>
        <time>2025-05-16T08:56:28+00:00</time>
      </trkpt>
      <trkpt lat="45.86921" lon="5.77324">
        <ele>1229</ele>
        <time>2025-05-16T08:56:31+00:00</time>
      </trkpt>
      <trkpt lat="45.86896" lon="5.77313">
        <ele>1225</ele>
        <time>2025-05-16T08:56:34+00:00</time>
      </trkpt>
      <trkpt lat="45.86866" lon="5.77299">
        <ele>1222</ele>
        <time>2025-05-16T08:56:37+00:00</time>
      </trkpt>
      <trkpt lat="45.86845" lon="5.77309">
        <ele>1221</ele>
        <time>2025-05-16T08:56:40+00:00</time>
      </trkpt>
      <trkpt lat="45.86815" lon="5.77306">
        <ele>1219</ele>
        <time>2025-05-16T08:56:43+00:00</time>
      </trkpt>
      <trkpt lat="45.86789" lon="5.77305">
        <ele>1217</ele>
        <time>2025-05-16T08:56:46+00:00</time>
      </trkpt>
      <trkpt lat="45.86755" lon="5.77303">
        <ele>1215</ele>
        <time>2025-05-16T08:56:49+00:00</time>
      </trkpt>
      <trkpt lat="45.86731" lon="5.77301">
        <ele>1213</ele>
        <time>2025-05-16T08:56:52+00:00</time>
      </trkpt>
      <trkpt lat="45.86704" lon="5.77299">
        <ele>1210</ele>
        <time>2025-05-16T08:56:55+00:00</time>
      </trkpt>
      <trkpt lat="45.8669" lon="5.77304">
        <ele>1206</ele>
        <time>2025-05-16T08:56:58+00:00</time>
      </trkpt>
      <trkpt lat="45.86682" lon="5.77309">
        <ele>1206</ele>
        <time>2025-05-16T08:57:01+00:00</time>
      </trkpt>
      <trkpt lat="45.86657" lon="5.77333">
        <ele>1201</ele>
        <time>2025-05-16T08:57:04+00:00</time>
      </trkpt>
      <trkpt lat="45.86646" lon="5.77373">
        <ele>1200</ele>
        <time>2025-05-16T08:57:07+00:00</time>
      </trkpt>
      <trkpt lat="45.86637" lon="5.77406">
        <ele>1199</ele>
        <time>2025-05-16T08:57:10+00:00</time>
      </trkpt>
      <trkpt lat="45.86628" lon="5.77442">
        <ele>1195</ele>
        <time>2025-05-16T08:57:13+00:00</time>
      </trkpt>
      <trkpt lat="45.86609" lon="5.77468">
        <ele>1194</ele>
        <time>2025-05-16T08:57:16+00:00</time>
      </trkpt>
      <trkpt lat="45.86563" lon="5.7747">
        <ele>1193</ele>
        <time>2025-05-16T08:57:19+00:00</time>
      </trkpt>
      <trkpt lat="45.86566" lon="5.77485">
        <ele>1189</ele>
        <time>2025-05-16T08:57:22+00:00</time>
      </trkpt>
      <trkpt lat="45.86571" lon="5.77504">
        <ele>1192</ele>
        <time>2025-05-16T08:57:25+00:00</time>
      </trkpt>
      <trkpt lat="45.86576" lon="5.77513">
        <ele>1190</ele>
        <time>2025-05-16T08:57:28+00:00</time>
      </trkpt>
      <trkpt lat="45.86587" lon="5.77524">
        <ele>1189</ele>
        <time>2025-05-16T08:57:31+00:00</time>
      </trkpt>
      <trkpt lat="45.86596" lon="5.77528">
        <ele>1190</ele>
        <time>2025-05-16T08:57:34+00:00</time>
      </trkpt>
      <trkpt lat="45.86603" lon="5.77527">
        <ele>1189</ele>
        <time>2025-05-16T08:57:37+00:00</time>
      </trkpt>
      <trkpt lat="45.86613" lon="5.77529">
        <ele>1188</ele>
        <time>2025-05-16T08:57:40+00:00</time>
      </trkpt>
      <trkpt lat="45.86622" lon="5.77534">
        <ele>1181</ele>
        <time>2025-05-16T08:57:43+00:00</time>
      </trkpt>
      <trkpt lat="45.86634" lon="5.77543">
        <ele>1181</ele>
        <time>2025-05-16T08:57:46+00:00</time>
      </trkpt>
      <trkpt lat="45.86644" lon="5.77575">
        <ele>1177</ele>
        <time>2025-05-16T08:57:49+00:00</time>
      </trkpt>
      <trkpt lat="45.86659" lon="5.77626">
        <ele>1172</ele>
        <time>2025-05-16T08:57:52+00:00</time>
      </trkpt>
      <trkpt lat="45.86681" lon="5.77654">
        <ele>1167</ele>
        <time>2025-05-16T08:57:55+00:00</time>
      </trkpt>
      <trkpt lat="45.86687" lon="5.77658">
        <ele>1167</ele>
        <time>2025-05-16T08:57:58+00:00</time>
      </trkpt>
      <trkpt lat="45.86705" lon="5.77699">
        <ele>1164</ele>
        <time>2025-05-16T08:58:01+00:00</time>
      </trkpt>
      <trkpt lat="45.86701" lon="5.77707">
        <ele>1163</ele>
        <time>2025-05-16T08:58:04+00:00</time>
      </trkpt>
      <trkpt lat="45.86695" lon="5.77717">
        <ele>1161</ele>
        <time>2025-05-16T08:58:07+00:00</time>
      </trkpt>
      <trkpt lat="45.8669" lon="5.77722">
        <ele>1160</ele>
        <time>2025-05-16T08:58:10+00:00</time>
      </trkpt>
      <trkpt lat="45.86679" lon="5.77729">
        <ele>1159</ele>
        <time>2025-05-16T08:58:13+00:00</time>
      </trkpt>
      <trkpt lat="45.86676" lon="5.77729">
        <ele>1159</ele>
        <time>2025-05-16T08:58:16+00:00</time>
      </trkpt>
      <trkpt lat="45.86669" lon="5.77733">
        <ele>1158</ele>
        <time>2025-05-16T08:58:19+00:00</time>
      </trkpt>
      <trkpt lat="45.86664" lon="5.77737">
        <ele>1158</ele>
        <time>2025-05-16T08:58:22+00:00</time>
      </trkpt>
      <trkpt lat="45.86656" lon="5.77754">
        <ele>1157</ele>
        <time>2025-05-16T08:58:25+00:00</time>
      </trkpt>
      <trkpt lat="45.86654" lon="5.77765">
        <ele>1156</ele>
        <time>2025-05-16T08:58:28+00:00</time>
      </trkpt>
      <trkpt lat="45.86655" lon="5.77775">
        <ele>1155</ele>
        <time>2025-05-16T08:58:31+00:00</time>
      </trkpt>
      <trkpt lat="45.86658" lon="5.7779">
        <ele>1154</ele>
        <time>2025-05-16T08:58:34+00:00</time>
      </trkpt>
      <trkpt lat="45.86662" lon="5.77801">
        <ele>1152</ele>
        <time>2025-05-16T08:58:37+00:00</time>
      </trkpt>
      <trkpt lat="45.86669" lon="5.77808">
        <ele>1152</ele>
        <time>2025-05-16T08:58:40+00:00</time>
      </trkpt>
      <trkpt lat="45.8667" lon="5.7781">
        <ele>1152</ele>
        <time>2025-05-16T08:58:43+00:00</time>
      </trkpt>
      <trkpt lat="45.86678" lon="5.77817">
        <ele>1151</ele>
        <time>2025-05-16T08:58:46+00:00</time>
      </trkpt>
      <trkpt lat="45.86695" lon="5.77824">
        <ele>1150</ele>
        <time>2025-05-16T08:58:49+00:00</time>
      </trkpt>
      <trkpt lat="45.86712" lon="5.77833">
        <ele>1144</ele>
        <time>2025-05-16T08:58:52+00:00</time>
      </trkpt>
      <trkpt lat="45.86725" lon="5.77836">
        <ele>1144</ele>
        <time>2025-05-16T08:58:55+00:00</time>
      </trkpt>
      <trkpt lat="45.86733" lon="5.77837">
        <ele>1144</ele>
        <time>2025-05-16T08:58:58+00:00</time>
      </trkpt>
      <trkpt lat="45.86739" lon="5.77844">
        <ele>1143</ele>
        <time>2025-05-16T08:59:01+00:00</time>
      </trkpt>
      <trkpt lat="45.8674" lon="5.77851">
        <ele>1140</ele>
        <time>2025-05-16T08:59:04+00:00</time>
      </trkpt>
      <trkpt lat="45.86732" lon="5.77857">
        <ele>1140</ele>
        <time>2025-05-16T08:59:07+00:00</time>
      </trkpt>
      <trkpt lat="45.86703" lon="5.7787">
        <ele>1136</ele>
        <time>2025-05-16T08:59:10+00:00</time>
      </trkpt>
      <trkpt lat="45.86682" lon="5.77885">
        <ele>1132</ele>
        <time>2025-05-16T08:59:13+00:00</time>
      </trkpt>
      <trkpt lat="45.86668" lon="5.77891">
        <ele>1128</ele>
        <time>2025-05-16T08:59:16+00:00</time>
      </trkpt>
      <trkpt lat="45.86653" lon="5.77901">
        <ele>1127</ele>
        <time>2025-05-16T08:59:19+00:00</time>
      </trkpt>
      <trkpt lat="45.8664" lon="5.77914">
        <ele>1126</ele>
        <time>2025-05-16T08:59:22+00:00</time>
      </trkpt>
      <trkpt lat="45.86627" lon="5.77924">
        <ele>1124</ele>
        <time>2025-05-16T08:59:25+00:00</time>
      </trkpt>
      <trkpt lat="45.86615" lon="5.77927">
        <ele>1122</ele>
        <time>2025-05-16T08:59:28+00:00</time>
      </trkpt>
      <trkpt lat="45.8661" lon="5.77926">
        <ele>1121</ele>
        <time>2025-05-16T08:59:31+00:00</time>
      </trkpt>
      <trkpt lat="45.86602" lon="5.77926">
        <ele>1121</ele>
        <time>2025-05-16T08:59:34+00:00</time>
      </trkpt>
      <trkpt lat="45.86594" lon="5.77927">
        <ele>1119</ele>
        <time>2025-05-16T08:59:37+00:00</time>
      </trkpt>
      <trkpt lat="45.86587" lon="5.77924">
        <ele>1117</ele>
        <time>2025-05-16T08:59:40+00:00</time>
      </trkpt>
      <trkpt lat="45.86585" lon="5.77922">
        <ele>1117</ele>
        <time>2025-05-16T08:59:43+00:00</time>
      </trkpt>
      <trkpt lat="45.86578" lon="5.77914">
        <ele>1113</ele>
        <time>2025-05-16T08:59:46+00:00</time>
      </trkpt>
      <trkpt lat="45.86566" lon="5.77893">
        <ele>1111</ele>
        <time>2025-05-16T08:59:49+00:00</time>
      </trkpt>
      <trkpt lat="45.86541" lon="5.77858">
        <ele>1109</ele>
        <time>2025-05-16T08:59:52+00:00</time>
      </trkpt>
      <trkpt lat="45.86521" lon="5.77833">
        <ele>1104</ele>
        <time>2025-05-16T08:59:55+00:00</time>
      </trkpt>
      <trkpt lat="45.86512" lon="5.77824">
        <ele>1105</ele>
        <time>2025-05-16T08:59:58+00:00</time>
      </trkpt>
      <trkpt lat="45.86509" lon="5.7782">
        <ele>1098</ele>
        <time>2025-05-16T09:00:01+00:00</time>
      </trkpt>
      <trkpt lat="45.86494" lon="5.77798">
        <ele>1097</ele>
        <time>2025-05-16T09:00:04+00:00</time>
      </trkpt>
      <trkpt lat="45.86485" lon="5.7778">
        <ele>1094</ele>
        <time>2025-05-16T09:00:07+00:00</time>
      </trkpt>
      <trkpt lat="45.86483" lon="5.77773">
        <ele>1094</ele>
        <time>2025-05-16T09:00:10+00:00</time>
      </trkpt>
      <trkpt lat="45.8648" lon="5.77751">
        <ele>1089</ele>
        <time>2025-05-16T09:00:13+00:00</time>
      </trkpt>
      <trkpt lat="45.86477" lon="5.77742">
        <ele>1089</ele>
        <time>2025-05-16T09:00:16+00:00</time>
      </trkpt>
      <trkpt lat="45.86474" lon="5.77727">
        <ele>1090</ele>
        <time>2025-05-16T09:00:19+00:00</time>
      </trkpt>
      <trkpt lat="45.8647" lon="5.77716">
        <ele>1088</ele>
        <time>2025-05-16T09:00:22+00:00</time>
      </trkpt>
      <trkpt lat="45.86467" lon="5.777">
        <ele>1087</ele>
        <time>2025-05-16T09:00:25+00:00</time>
      </trkpt>
      <trkpt lat="45.86461" lon="5.7768">
        <ele>1088</ele>
        <time>2025-05-16T09:00:28+00:00</time>
      </trkpt>
      <trkpt lat="45.86462" lon="5.77676">
        <ele>1088</ele>
        <time>2025-05-16T09:00:31+00:00</time>
      </trkpt>
      <trkpt lat="45.86461" lon="5.7767">
        <ele>1089</ele>
        <time>2025-05-16T09:00:34+00:00</time>
      </trkpt>
      <trkpt lat="45.86454" lon="5.77649">
        <ele>1085</ele>
        <time>2025-05-16T09:00:37+00:00</time>
      </trkpt>
      <trkpt lat="45.86452" lon="5.77645">
        <ele>1085</ele>
        <time>2025-05-16T09:00:40+00:00</time>
      </trkpt>
      <trkpt lat="45.8645" lon="5.77637">
        <ele>1073</ele>
        <time>2025-05-16T09:00:43+00:00</time>
      </trkpt>
      <trkpt lat="45.86449" lon="5.77629">
        <ele>1074</ele>
        <time>2025-05-16T09:00:46+00:00</time>
      </trkpt>
      <trkpt lat="45.86444" lon="5.77609">
        <ele>1077</ele>
        <time>2025-05-16T09:00:49+00:00</time>
      </trkpt>
      <trkpt lat="45.86436" lon="5.77584">
        <ele>1074</ele>
        <time>2025-05-16T09:00:52+00:00</time>
      </trkpt>
      <trkpt lat="45.86432" lon="5.77574">
        <ele>1075</ele>
        <time>2025-05-16T09:00:55+00:00</time>
      </trkpt>
      <trkpt lat="45.86427" lon="5.77566">
        <ele>1070</ele>
        <time>2025-05-16T09:00:58+00:00</time>
      </trkpt>
      <trkpt lat="45.86426" lon="5.77557">
        <ele>1071</ele>
        <time>2025-05-16T09:01:01+00:00</time>
      </trkpt>
      <trkpt lat="45.86419" lon="5.77538">
        <ele>1067</ele>
        <time>2025-05-16T09:01:04+00:00</time>
      </trkpt>
      <trkpt lat="45.86414" lon="5.77519">
        <ele>1069</ele>
        <time>2025-05-16T09:01:07+00:00</time>
      </trkpt>
      <trkpt lat="45.86412" lon="5.77504">
        <ele>1070</ele>
        <time>2025-05-16T09:01:10+00:00</time>
      </trkpt>
      <trkpt lat="45.86408" lon="5.77491">
        <ele>1067</ele>
        <time>2025-05-16T09:01:13+00:00</time>
      </trkpt>
      <trkpt lat="45.86403" lon="5.77479">
        <ele>1067</ele>
        <time>2025-05-16T09:01:16+00:00</time>
      </trkpt>
      <trkpt lat="45.86395" lon="5.77462">
        <ele>1066</ele>
        <time>2025-05-16T09:01:19+00:00</time>
      </trkpt>
      <trkpt lat="45.86382" lon="5.7744">
        <ele>1060</ele>
        <time>2025-05-16T09:01:22+00:00</time>
      </trkpt>
      <trkpt lat="45.86372" lon="5.7742">
        <ele>1058</ele>
        <time>2025-05-16T09:01:25+00:00</time>
      </trkpt>
      <trkpt lat="45.86365" lon="5.77409">
        <ele>1056</ele>
        <time>2025-05-16T09:01:28+00:00</time>
      </trkpt>
      <trkpt lat="45.86361" lon="5.77398">
        <ele>1058</ele>
        <time>2025-05-16T09:01:31+00:00</time>
      </trkpt>
      <trkpt lat="45.86355" lon="5.77378">
        <ele>1052</ele>
        <time>2025-05-16T09:01:34+00:00</time>
      </trkpt>
      <trkpt lat="45.8635" lon="5.77346">
        <ele>1047</ele>
        <time>2025-05-16T09:01:37+00:00</time>
      </trkpt>
      <trkpt lat="45.86349" lon="5.77335">
        <ele>1047</ele>
        <time>2025-05-16T09:01:40+00:00</time>
      </trkpt>
      <trkpt lat="45.86347" lon="5.77321">
        <ele>1047</ele>
        <time>2025-05-16T09:01:43+00:00</time>
      </trkpt>
      <trkpt lat="45.86345" lon="5.7731">
        <ele>1047</ele>
        <time>2025-05-16T09:01:46+00:00</time>
      </trkpt>
      <trkpt lat="45.8634" lon="5.77289">
        <ele>1044</ele>
        <time>2025-05-16T09:01:49+00:00</time>
      </trkpt>
      <trkpt lat="45.86334" lon="5.7727">
        <ele>1045</ele>
        <time>2025-05-16T09:01:52+00:00</time>
      </trkpt>
      <trkpt lat="45.86332" lon="5.77257">
        <ele>1045</ele>
        <time>2025-05-16T09:01:55+00:00</time>
      </trkpt>
      <trkpt lat="45.86331" lon="5.77235">
        <ele>1044</ele>
        <time>2025-05-16T09:01:58+00:00</time>
      </trkpt>
      <trkpt lat="45.86332" lon="5.7721">
        <ele>1040</ele>
        <time>2025-05-16T09:02:01+00:00</time>
      </trkpt>
      <trkpt lat="45.86333" lon="5.77198">
        <ele>1039</ele>
        <time>2025-05-16T09:02:04+00:00</time>
      </trkpt>
      <trkpt lat="45.86329" lon="5.77193">
        <ele>1033</ele>
        <time>2025-05-16T09:02:07+00:00</time>
      </trkpt>
      <trkpt lat="45.86329" lon="5.77182">
        <ele>1034</ele>
        <time>2025-05-16T09:02:10+00:00</time>
      </trkpt>
      <trkpt lat="45.86326" lon="5.77169">
        <ele>1035</ele>
        <time>2025-05-16T09:02:13+00:00</time>
      </trkpt>
      <trkpt lat="45.86317" lon="5.77138">
        <ele>1026</ele>
        <time>2025-05-16T09:02:16+00:00</time>
      </trkpt>
      <trkpt lat="45.86309" lon="5.77122">
        <ele>1020</ele>
        <time>2025-05-16T09:02:19+00:00</time>
      </trkpt>
      <trkpt lat="45.86307" lon="5.77114">
        <ele>1021</ele>
        <time>2025-05-16T09:02:22+00:00</time>
      </trkpt>
      <trkpt lat="45.86307" lon="5.77099">
        <ele>1016</ele>
        <time>2025-05-16T09:02:25+00:00</time>
      </trkpt>
      <trkpt lat="45.86309" lon="5.77075">
        <ele>1019</ele>
        <time>2025-05-16T09:02:28+00:00</time>
      </trkpt>
      <trkpt lat="45.8631" lon="5.77072">
        <ele>1011</ele>
        <time>2025-05-16T09:02:31+00:00</time>
      </trkpt>
      <trkpt lat="45.86311" lon="5.7707">
        <ele>1021</ele>
        <time>2025-05-16T09:02:34+00:00</time>
      </trkpt>
      <trkpt lat="45.86326" lon="5.7706">
        <ele>1018</ele>
        <time>2025-05-16T09:02:37+00:00</time>
      </trkpt>
      <trkpt lat="45.86329" lon="5.77056">
        <ele>1018</ele>
        <time>2025-05-16T09:02:40+00:00</time>
      </trkpt>
      <trkpt lat="45.86331" lon="5.77052">
        <ele>1023</ele>
        <time>2025-05-16T09:02:43+00:00</time>
      </trkpt>
      <trkpt lat="45.86331" lon="5.77048">
        <ele>1020</ele>
        <time>2025-05-16T09:02:46+00:00</time>
      </trkpt>
      <trkpt lat="45.86336" lon="5.77008">
        <ele>1013</ele>
        <time>2025-05-16T09:02:49+00:00</time>
      </trkpt>
      <trkpt lat="45.86336" lon="5.77">
        <ele>1011</ele>
        <time>2025-05-16T09:02:52+00:00</time>
      </trkpt>
      <trkpt lat="45.86337" lon="5.7699">
        <ele>1012</ele>
        <time>2025-05-16T09:02:55+00:00</time>
      </trkpt>
      <trkpt lat="45.86334" lon="5.76968">
        <ele>1013</ele>
        <time>2025-05-16T09:02:58+00:00</time>
      </trkpt>
      <trkpt lat="45.86332" lon="5.76957">
        <ele>1012</ele>
        <time>2025-05-16T09:03:01+00:00</time>
      </trkpt>
      <trkpt lat="45.86335" lon="5.76928">
        <ele>1008</ele>
        <time>2025-05-16T09:03:04+00:00</time>
      </trkpt>
      <trkpt lat="45.86339" lon="5.76896">
        <ele>1005</ele>
        <time>2025-05-16T09:03:07+00:00</time>
      </trkpt>
      <trkpt lat="45.86342" lon="5.76878">
        <ele>1004</ele>
        <time>2025-05-16T09:03:10+00:00</time>
      </trkpt>
      <trkpt lat="45.86343" lon="5.76866">
        <ele>1003</ele>
        <time>2025-05-16T09:03:13+00:00</time>
      </trkpt>
      <trkpt lat="45.86341" lon="5.76862">
        <ele>1003</ele>
        <time>2025-05-16T09:03:16+00:00</time>
      </trkpt>
      <trkpt lat="45.86337" lon="5.76863">
        <ele>998</ele>
        <time>2025-05-16T09:03:19+00:00</time>
      </trkpt>
      <trkpt lat="45.8633" lon="5.7689">
        <ele>1000</ele>
        <time>2025-05-16T09:03:22+00:00</time>
      </trkpt>
      <trkpt lat="45.86322" lon="5.76918">
        <ele>997</ele>
        <time>2025-05-16T09:03:25+00:00</time>
      </trkpt>
      <trkpt lat="45.86318" lon="5.76915">
        <ele>984</ele>
        <time>2025-05-16T09:03:28+00:00</time>
      </trkpt>
      <trkpt lat="45.86315" lon="5.76911">
        <ele>984</ele>
        <time>2025-05-16T09:03:31+00:00</time>
      </trkpt>
      <trkpt lat="45.86316" lon="5.76907">
        <ele>983</ele>
        <time>2025-05-16T09:03:34+00:00</time>
      </trkpt>
      <trkpt lat="45.86316" lon="5.76899">
        <ele>982</ele>
        <time>2025-05-16T09:03:37+00:00</time>
      </trkpt>
      <trkpt lat="45.86318" lon="5.76883">
        <ele>981</ele>
        <time>2025-05-16T09:03:40+00:00</time>
      </trkpt>
      <trkpt lat="45.86318" lon="5.76866">
        <ele>980</ele>
        <time>2025-05-16T09:03:43+00:00</time>
      </trkpt>
      <trkpt lat="45.86316" lon="5.76862">
        <ele>980</ele>
        <time>2025-05-16T09:03:46+00:00</time>
      </trkpt>
      <trkpt lat="45.86314" lon="5.76861">
        <ele>980</ele>
        <time>2025-05-16T09:03:49+00:00</time>
      </trkpt>
      <trkpt lat="45.86312" lon="5.76863">
        <ele>980</ele>
        <time>2025-05-16T09:03:52+00:00</time>
      </trkpt>
      <trkpt lat="45.86309" lon="5.76868">
        <ele>972</ele>
        <time>2025-05-16T09:03:55+00:00</time>
      </trkpt>
      <trkpt lat="45.86309" lon="5.7687">
        <ele>972</ele>
        <time>2025-05-16T09:03:58+00:00</time>
      </trkpt>
      <trkpt lat="45.86307" lon="5.76877">
        <ele>973</ele>
        <time>2025-05-16T09:04:01+00:00</time>
      </trkpt>
      <trkpt lat="45.86306" lon="5.76884">
        <ele>974</ele>
        <time>2025-05-16T09:04:04+00:00</time>
      </trkpt>
      <trkpt lat="45.863" lon="5.76907">
        <ele>976</ele>
        <time>2025-05-16T09:04:07+00:00</time>
      </trkpt>
      <trkpt lat="45.86294" lon="5.76933">
        <ele>971</ele>
        <time>2025-05-16T09:04:10+00:00</time>
      </trkpt>
      <trkpt lat="45.86289" lon="5.76966">
        <ele>967</ele>
        <time>2025-05-16T09:04:13+00:00</time>
      </trkpt>
      <trkpt lat="45.86287" lon="5.76967">
        <ele>967</ele>
        <time>2025-05-16T09:04:16+00:00</time>
      </trkpt>
      <trkpt lat="45.86286" lon="5.76965">
        <ele>967</ele>
        <time>2025-05-16T09:04:19+00:00</time>
      </trkpt>
      <trkpt lat="45.86286" lon="5.76951">
        <ele>965</ele>
        <time>2025-05-16T09:04:22+00:00</time>
      </trkpt>
      <trkpt lat="45.86285" lon="5.76921">
        <ele>965</ele>
        <time>2025-05-16T09:04:25+00:00</time>
      </trkpt>
      <trkpt lat="45.86284" lon="5.76883">
        <ele>960</ele>
        <time>2025-05-16T09:04:28+00:00</time>
      </trkpt>
      <trkpt lat="45.86286" lon="5.76826">
        <ele>954</ele>
        <time>2025-05-16T09:04:31+00:00</time>
      </trkpt>
      <trkpt lat="45.86283" lon="5.76822">
        <ele>954</ele>
        <time>2025-05-16T09:04:34+00:00</time>
      </trkpt>
      <trkpt lat="45.8628" lon="5.76826">
        <ele>947</ele>
        <time>2025-05-16T09:04:37+00:00</time>
      </trkpt>
      <trkpt lat="45.86275" lon="5.76862">
        <ele>952</ele>
        <time>2025-05-16T09:04:40+00:00</time>
      </trkpt>
      <trkpt lat="45.86266" lon="5.76922">
        <ele>951</ele>
        <time>2025-05-16T09:04:43+00:00</time>
      </trkpt>
      <trkpt lat="45.86262" lon="5.76959">
        <ele>951</ele>
        <time>2025-05-16T09:04:46+00:00</time>
      </trkpt>
      <trkpt lat="45.8626" lon="5.76992">
        <ele>936</ele>
        <time>2025-05-16T09:04:49+00:00</time>
      </trkpt>
      <trkpt lat="45.86258" lon="5.76999">
        <ele>936</ele>
        <time>2025-05-16T09:04:52+00:00</time>
      </trkpt>
      <trkpt lat="45.86253" lon="5.77003">
        <ele>938</ele>
        <time>2025-05-16T09:04:55+00:00</time>
      </trkpt>
      <trkpt lat="45.86245" lon="5.77003">
        <ele>932</ele>
        <time>2025-05-16T09:04:58+00:00</time>
      </trkpt>
      <trkpt lat="45.86237" lon="5.77008">
        <ele>924</ele>
        <time>2025-05-16T09:05:01+00:00</time>
      </trkpt>
      <trkpt lat="45.8623" lon="5.77017">
        <ele>918</ele>
        <time>2025-05-16T09:05:04+00:00</time>
      </trkpt>
      <trkpt lat="45.86228" lon="5.77028">
        <ele>928</ele>
        <time>2025-05-16T09:05:07+00:00</time>
      </trkpt>
      <trkpt lat="45.86226" lon="5.7706">
        <ele>928</ele>
        <time>2025-05-16T09:05:10+00:00</time>
      </trkpt>
      <trkpt lat="45.86227" lon="5.77094">
        <ele>928</ele>
        <time>2025-05-16T09:05:13+00:00</time>
      </trkpt>
      <trkpt lat="45.8623" lon="5.77114">
        <ele>926</ele>
        <time>2025-05-16T09:05:16+00:00</time>
      </trkpt>
      <trkpt lat="45.8623" lon="5.77128">
        <ele>926</ele>
        <time>2025-05-16T09:05:19+00:00</time>
      </trkpt>
      <trkpt lat="45.86226" lon="5.77136">
        <ele>925</ele>
        <time>2025-05-16T09:05:22+00:00</time>
      </trkpt>
      <trkpt lat="45.8622" lon="5.77137">
        <ele>919</ele>
        <time>2025-05-16T09:05:25+00:00</time>
      </trkpt>
      <trkpt lat="45.86217" lon="5.77131">
        <ele>919</ele>
        <time>2025-05-16T09:05:28+00:00</time>
      </trkpt>
      <trkpt lat="45.86213" lon="5.77118">
        <ele>923</ele>
        <time>2025-05-16T09:05:31+00:00</time>
      </trkpt>
      <trkpt lat="45.86211" lon="5.77087">
        <ele>920</ele>
        <time>2025-05-16T09:05:34+00:00</time>
      </trkpt>
      <trkpt lat="45.86212" lon="5.77064">
        <ele>917</ele>
        <time>2025-05-16T09:05:37+00:00</time>
      </trkpt>
      <trkpt lat="45.86215" lon="5.77031">
        <ele>913</ele>
        <time>2025-05-16T09:05:40+00:00</time>
      </trkpt>
      <trkpt lat="45.86212" lon="5.76981">
        <ele>910</ele>
        <time>2025-05-16T09:05:43+00:00</time>
      </trkpt>
      <trkpt lat="45.86205" lon="5.7694">
        <ele>907</ele>
        <time>2025-05-16T09:05:46+00:00</time>
      </trkpt>
      <trkpt lat="45.86202" lon="5.769">
        <ele>906</ele>
        <time>2025-05-16T09:05:49+00:00</time>
      </trkpt>
      <trkpt lat="45.86198" lon="5.76843">
        <ele>892</ele>
        <time>2025-05-16T09:05:52+00:00</time>
      </trkpt>
      <trkpt lat="45.86198" lon="5.7679">
        <ele>887</ele>
        <time>2025-05-16T09:05:55+00:00</time>
      </trkpt>
      <trkpt lat="45.86194" lon="5.76781">
        <ele>887</ele>
        <time>2025-05-16T09:05:58+00:00</time>
      </trkpt>
      <trkpt lat="45.86188" lon="5.76782">
        <ele>883</ele>
        <time>2025-05-16T09:06:01+00:00</time>
      </trkpt>
      <trkpt lat="45.86182" lon="5.76789">
        <ele>883</ele>
        <time>2025-05-16T09:06:04+00:00</time>
      </trkpt>
      <trkpt lat="45.86171" lon="5.76835">
        <ele>880</ele>
        <time>2025-05-16T09:06:07+00:00</time>
      </trkpt>
      <trkpt lat="45.86164" lon="5.76867">
        <ele>877</ele>
        <time>2025-05-16T09:06:10+00:00</time>
      </trkpt>
      <trkpt lat="45.86159" lon="5.76898">
        <ele>873</ele>
        <time>2025-05-16T09:06:13+00:00</time>
      </trkpt>
      <trkpt lat="45.86158" lon="5.76923">
        <ele>872</ele>
        <time>2025-05-16T09:06:16+00:00</time>
      </trkpt>
      <trkpt lat="45.86158" lon="5.76956">
        <ele>868</ele>
        <time>2025-05-16T09:06:19+00:00</time>
      </trkpt>
      <trkpt lat="45.86156" lon="5.77021">
        <ele>867</ele>
        <time>2025-05-16T09:06:22+00:00</time>
      </trkpt>
      <trkpt lat="45.86156" lon="5.77044">
        <ele>869</ele>
        <time>2025-05-16T09:06:25+00:00</time>
      </trkpt>
      <trkpt lat="45.86159" lon="5.77084">
        <ele>865</ele>
        <time>2025-05-16T09:06:28+00:00</time>
      </trkpt>
      <trkpt lat="45.86159" lon="5.77119">
        <ele>862</ele>
        <time>2025-05-16T09:06:31+00:00</time>
      </trkpt>
      <trkpt lat="45.86158" lon="5.77157">
        <ele>858</ele>
        <time>2025-05-16T09:06:34+00:00</time>
      </trkpt>
      <trkpt lat="45.86151" lon="5.77163">
        <ele>859</ele>
        <time>2025-05-16T09:06:37+00:00</time>
      </trkpt>
      <trkpt lat="45.86144" lon="5.77158">
        <ele>853</ele>
        <time>2025-05-16T09:06:40+00:00</time>
      </trkpt>
      <trkpt lat="45.86138" lon="5.77141">
        <ele>839</ele>
        <time>2025-05-16T09:06:43+00:00</time>
      </trkpt>
      <trkpt lat="45.86128" lon="5.77104">
        <ele>838</ele>
        <time>2025-05-16T09:06:46+00:00</time>
      </trkpt>
      <trkpt lat="45.86114" lon="5.7705">
        <ele>838</ele>
        <time>2025-05-16T09:06:49+00:00</time>
      </trkpt>
      <trkpt lat="45.86107" lon="5.77009">
        <ele>833</ele>
        <time>2025-05-16T09:06:52+00:00</time>
      </trkpt>
      <trkpt lat="45.86095" lon="5.76942">
        <ele>828</ele>
        <time>2025-05-16T09:06:55+00:00</time>
      </trkpt>
      <trkpt lat="45.86088" lon="5.76898">
        <ele>828</ele>
        <time>2025-05-16T09:06:58+00:00</time>
      </trkpt>
      <trkpt lat="45.86081" lon="5.7686">
        <ele>828</ele>
        <time>2025-05-16T09:07:01+00:00</time>
      </trkpt>
      <trkpt lat="45.86072" lon="5.76809">
        <ele>817</ele>
        <time>2025-05-16T09:07:04+00:00</time>
      </trkpt>
      <trkpt lat="45.86066" lon="5.76768">
        <ele>813</ele>
        <time>2025-05-16T09:07:07+00:00</time>
      </trkpt>
      <trkpt lat="45.86056" lon="5.76699">
        <ele>807</ele>
        <time>2025-05-16T09:07:10+00:00</time>
      </trkpt>
      <trkpt lat="45.86052" lon="5.76687">
        <ele>807</ele>
        <time>2025-05-16T09:07:13+00:00</time>
      </trkpt>
      <trkpt lat="45.86046" lon="5.76686">
        <ele>804</ele>
        <time>2025-05-16T09:07:16+00:00</time>
      </trkpt>
      <trkpt lat="45.86039" lon="5.76692">
        <ele>800</ele>
        <time>2025-05-16T09:07:19+00:00</time>
      </trkpt>
      <trkpt lat="45.86035" lon="5.76712">
        <ele>800</ele>
        <time>2025-05-16T09:07:22+00:00</time>
      </trkpt>
      <trkpt lat="45.8603" lon="5.7675">
        <ele>797</ele>
        <time>2025-05-16T09:07:25+00:00</time>
      </trkpt>
      <trkpt lat="45.8603" lon="5.76782">
        <ele>794</ele>
        <time>2025-05-16T09:07:28+00:00</time>
      </trkpt>
      <trkpt lat="45.86029" lon="5.76824">
        <ele>793</ele>
        <time>2025-05-16T09:07:31+00:00</time>
      </trkpt>
      <trkpt lat="45.86026" lon="5.76837">
        <ele>793</ele>
        <time>2025-05-16T09:07:34+00:00</time>
      </trkpt>
      <trkpt lat="45.86022" lon="5.76848">
        <ele>792</ele>
        <time>2025-05-16T09:07:37+00:00</time>
      </trkpt>
      <trkpt lat="45.86017" lon="5.76849">
        <ele>784</ele>
        <time>2025-05-16T09:07:40+00:00</time>
      </trkpt>
      <trkpt lat="45.86012" lon="5.76815">
        <ele>784</ele>
        <time>2025-05-16T09:07:43+00:00</time>
      </trkpt>
      <trkpt lat="45.86006" lon="5.7678">
        <ele>778</ele>
        <time>2025-05-16T09:07:46+00:00</time>
      </trkpt>
      <trkpt lat="45.86003" lon="5.76764">
        <ele>779</ele>
        <time>2025-05-16T09:07:49+00:00</time>
      </trkpt>
      <trkpt lat="45.85997" lon="5.76754">
        <ele>777</ele>
        <time>2025-05-16T09:07:52+00:00</time>
      </trkpt>
      <trkpt lat="45.85986" lon="5.7674">
        <ele>777</ele>
        <time>2025-05-16T09:07:55+00:00</time>
      </trkpt>
      <trkpt lat="45.85981" lon="5.76731">
        <ele>777</ele>
        <time>2025-05-16T09:07:58+00:00</time>
      </trkpt>
      <trkpt lat="45.85971" lon="5.76707">
        <ele>776</ele>
        <time>2025-05-16T09:08:01+00:00</time>
      </trkpt>
      <trkpt lat="45.85968" lon="5.76701">
        <ele>773</ele>
        <time>2025-05-16T09:08:04+00:00</time>
      </trkpt>
      <trkpt lat="45.85963" lon="5.76694">
        <ele>774</ele>
        <time>2025-05-16T09:08:07+00:00</time>
      </trkpt>
      <trkpt lat="45.85953" lon="5.76682">
        <ele>768</ele>
        <time>2025-05-16T09:08:10+00:00</time>
      </trkpt>
      <trkpt lat="45.85945" lon="5.76671">
        <ele>768</ele>
        <time>2025-05-16T09:08:13+00:00</time>
      </trkpt>
      <trkpt lat="45.85939" lon="5.76665">
        <ele>767</ele>
        <time>2025-05-16T09:08:16+00:00</time>
      </trkpt>
      <trkpt lat="45.85936" lon="5.76661">
        <ele>767</ele>
        <time>2025-05-16T09:08:19+00:00</time>
      </trkpt>
      <trkpt lat="45.85923" lon="5.76653">
        <ele>767</ele>
        <time>2025-05-16T09:08:22+00:00</time>
      </trkpt>
      <trkpt lat="45.85915" lon="5.76649">
        <ele>766</ele>
        <time>2025-05-16T09:08:25+00:00</time>
      </trkpt>
      <trkpt lat="45.85903" lon="5.7664">
        <ele>765</ele>
        <time>2025-05-16T09:08:28+00:00</time>
      </trkpt>
      <trkpt lat="45.85895" lon="5.76635">
        <ele>762</ele>
        <time>2025-05-16T09:08:31+00:00</time>
      </trkpt>
      <trkpt lat="45.85888" lon="5.76631">
        <ele>760</ele>
        <time>2025-05-16T09:08:34+00:00</time>
      </trkpt>
      <trkpt lat="45.8587" lon="5.76631">
        <ele>758</ele>
        <time>2025-05-16T09:08:37+00:00</time>
      </trkpt>
      <trkpt lat="45.85858" lon="5.7663">
        <ele>758</ele>
        <time>2025-05-16T09:08:40+00:00</time>
      </trkpt>
      <trkpt lat="45.85846" lon="5.76627">
        <ele>757</ele>
        <time>2025-05-16T09:08:43+00:00</time>
      </trkpt>
      <trkpt lat="45.8584" lon="5.7663">
        <ele>755</ele>
        <time>2025-05-16T09:08:46+00:00</time>
      </trkpt>
      <trkpt lat="45.85845" lon="5.76638">
        <ele>756</ele>
        <time>2025-05-16T09:08:49+00:00</time>
      </trkpt>
      <trkpt lat="45.85862" lon="5.76652">
        <ele>753</ele>
        <time>2025-05-16T09:08:52+00:00</time>
      </trkpt>
      <trkpt lat="45.85876" lon="5.76661">
        <ele>752</ele>
        <time>2025-05-16T09:08:55+00:00</time>
      </trkpt>
      <trkpt lat="45.85883" lon="5.76668">
        <ele>752</ele>
        <time>2025-05-16T09:08:58+00:00</time>
      </trkpt>
      <trkpt lat="45.85892" lon="5.76681">
        <ele>746</ele>
        <time>2025-05-16T09:09:01+00:00</time>
      </trkpt>
      <trkpt lat="45.859" lon="5.76702">
        <ele>743</ele>
        <time>2025-05-16T09:09:04+00:00</time>
      </trkpt>
      <trkpt lat="45.85903" lon="5.76715">
        <ele>747</ele>
        <time>2025-05-16T09:09:07+00:00</time>
      </trkpt>
      <trkpt lat="45.859" lon="5.76748">
        <ele>742</ele>
        <time>2025-05-16T09:09:10+00:00</time>
      </trkpt>
      <trkpt lat="45.85902" lon="5.76755">
        <ele>742</ele>
        <time>2025-05-16T09:09:13+00:00</time>
      </trkpt>
      <trkpt lat="45.85914" lon="5.76768">
        <ele>742</ele>
        <time>2025-05-16T09:09:16+00:00</time>
      </trkpt>
      <trkpt lat="45.85924" lon="5.76789">
        <ele>739</ele>
        <time>2025-05-16T09:09:19+00:00</time>
      </trkpt>
      <trkpt lat="45.85926" lon="5.76807">
        <ele>734</ele>
        <time>2025-05-16T09:09:22+00:00</time>
      </trkpt>
      <trkpt lat="45.85926" lon="5.76816">
        <ele>733</ele>
        <time>2025-05-16T09:09:25+00:00</time>
      </trkpt>
      <trkpt lat="45.85917" lon="5.7684">
        <ele>730</ele>
        <time>2025-05-16T09:09:28+00:00</time>
      </trkpt>
      <trkpt lat="45.85918" lon="5.76866">
        <ele>727</ele>
        <time>2025-05-16T09:09:31+00:00</time>
      </trkpt>
      <trkpt lat="45.85924" lon="5.76889">
        <ele>728</ele>
        <time>2025-05-16T09:09:34+00:00</time>
      </trkpt>
      <trkpt lat="45.85922" lon="5.76911">
        <ele>726</ele>
        <time>2025-05-16T09:09:37+00:00</time>
      </trkpt>
      <trkpt lat="45.85912" lon="5.76931">
        <ele>724</ele>
        <time>2025-05-16T09:09:40+00:00</time>
      </trkpt>
      <trkpt lat="45.85902" lon="5.76954">
        <ele>721</ele>
        <time>2025-05-16T09:09:43+00:00</time>
      </trkpt>
      <trkpt lat="45.85898" lon="5.76978">
        <ele>713</ele>
        <time>2025-05-16T09:09:46+00:00</time>
      </trkpt>
      <trkpt lat="45.85897" lon="5.76994">
        <ele>712</ele>
        <time>2025-05-16T09:09:49+00:00</time>
      </trkpt>
      <trkpt lat="45.85897" lon="5.77033">
        <ele>708</ele>
        <time>2025-05-16T09:09:52+00:00</time>
      </trkpt>
      <trkpt lat="45.85899" lon="5.77088">
        <ele>702</ele>
        <time>2025-05-16T09:09:55+00:00</time>
      </trkpt>
      <trkpt lat="45.85901" lon="5.771">
        <ele>711</ele>
        <time>2025-05-16T09:09:58+00:00</time>
      </trkpt>
      <trkpt lat="45.85901" lon="5.77105">
        <ele>708</ele>
        <time>2025-05-16T09:10:01+00:00</time>
      </trkpt>
      <trkpt lat="45.85898" lon="5.77105">
        <ele>700</ele>
        <time>2025-05-16T09:10:04+00:00</time>
      </trkpt>
      <trkpt lat="45.85888" lon="5.7708">
        <ele>698</ele>
        <time>2025-05-16T09:10:07+00:00</time>
      </trkpt>
      <trkpt lat="45.85875" lon="5.77041">
        <ele>695</ele>
        <time>2025-05-16T09:10:10+00:00</time>
      </trkpt>
      <trkpt lat="45.85857" lon="5.77002">
        <ele>693</ele>
        <time>2025-05-16T09:10:13+00:00</time>
      </trkpt>
      <trkpt lat="45.85849" lon="5.76965">
        <ele>689</ele>
        <time>2025-05-16T09:10:16+00:00</time>
      </trkpt>
      <trkpt lat="45.85841" lon="5.76914">
        <ele>688</ele>
        <time>2025-05-16T09:10:19+00:00</time>
      </trkpt>
      <trkpt lat="45.85839" lon="5.76898">
        <ele>682</ele>
        <time>2025-05-16T09:10:22+00:00</time>
      </trkpt>
      <trkpt lat="45.85835" lon="5.76882">
        <ele>683</ele>
        <time>2025-05-16T09:10:25+00:00</time>
      </trkpt>
      <trkpt lat="45.85831" lon="5.7688">
        <ele>684</ele>
        <time>2025-05-16T09:10:28+00:00</time>
      </trkpt>
      <trkpt lat="45.85826" lon="5.76882">
        <ele>680</ele>
        <time>2025-05-16T09:10:31+00:00</time>
      </trkpt>
      <trkpt lat="45.85824" lon="5.76889">
        <ele>680</ele>
        <time>2025-05-16T09:10:34+00:00</time>
      </trkpt>
      <trkpt lat="45.85824" lon="5.769">
        <ele>678</ele>
        <time>2025-05-16T09:10:37+00:00</time>
      </trkpt>
      <trkpt lat="45.85821" lon="5.76936">
        <ele>675</ele>
        <time>2025-05-16T09:10:40+00:00</time>
      </trkpt>
      <trkpt lat="45.85818" lon="5.7698">
        <ele>668</ele>
        <time>2025-05-16T09:10:43+00:00</time>
      </trkpt>
      <trkpt lat="45.85812" lon="5.7701">
        <ele>668</ele>
        <time>2025-05-16T09:10:46+00:00</time>
      </trkpt>
      <trkpt lat="45.85812" lon="5.77025">
        <ele>669</ele>
        <time>2025-05-16T09:10:49+00:00</time>
      </trkpt>
      <trkpt lat="45.85822" lon="5.77051">
        <ele>665</ele>
        <time>2025-05-16T09:10:52+00:00</time>
      </trkpt>
      <trkpt lat="45.85825" lon="5.77065">
        <ele>663</ele>
        <time>2025-05-16T09:10:55+00:00</time>
      </trkpt>
      <trkpt lat="45.85824" lon="5.77072">
        <ele>661</ele>
        <time>2025-05-16T09:10:58+00:00</time>
      </trkpt>
      <trkpt lat="45.85822" lon="5.77099">
        <ele>660</ele>
        <time>2025-05-16T09:11:01+00:00</time>
      </trkpt>
      <trkpt lat="45.85819" lon="5.77132">
        <ele>657</ele>
        <time>2025-05-16T09:11:04+00:00</time>
      </trkpt>
      <trkpt lat="45.85822" lon="5.77155">
        <ele>656</ele>
        <time>2025-05-16T09:11:07+00:00</time>
      </trkpt>
      <trkpt lat="45.85835" lon="5.77173">
        <ele>654</ele>
        <time>2025-05-16T09:11:10+00:00</time>
      </trkpt>
      <trkpt lat="45.85852" lon="5.77196">
        <ele>653</ele>
        <time>2025-05-16T09:11:13+00:00</time>
      </trkpt>
      <trkpt lat="45.8586" lon="5.77214">
        <ele>647</ele>
        <time>2025-05-16T09:11:16+00:00</time>
      </trkpt>
      <trkpt lat="45.85864" lon="5.77248">
        <ele>646</ele>
        <time>2025-05-16T09:11:19+00:00</time>
      </trkpt>
      <trkpt lat="45.85866" lon="5.77291">
        <ele>640</ele>
        <time>2025-05-16T09:11:22+00:00</time>
      </trkpt>
      <trkpt lat="45.85861" lon="5.77295">
        <ele>640</ele>
        <time>2025-05-16T09:11:25+00:00</time>
      </trkpt>
      <trkpt lat="45.85858" lon="5.77292">
        <ele>635</ele>
        <time>2025-05-16T09:11:28+00:00</time>
      </trkpt>
      <trkpt lat="45.85844" lon="5.77253">
        <ele>634</ele>
        <time>2025-05-16T09:11:31+00:00</time>
      </trkpt>
      <trkpt lat="45.85829" lon="5.77225">
        <ele>631</ele>
        <time>2025-05-16T09:11:34+00:00</time>
      </trkpt>
      <trkpt lat="45.85821" lon="5.77218">
        <ele>634</ele>
        <time>2025-05-16T09:11:37+00:00</time>
      </trkpt>
      <trkpt lat="45.85799" lon="5.77209">
        <ele>628</ele>
        <time>2025-05-16T09:11:40+00:00</time>
      </trkpt>
      <trkpt lat="45.85785" lon="5.77201">
        <ele>625</ele>
        <time>2025-05-16T09:11:43+00:00</time>
      </trkpt>
      <trkpt lat="45.85771" lon="5.77191">
        <ele>621</ele>
        <time>2025-05-16T09:11:46+00:00</time>
      </trkpt>
      <trkpt lat="45.85749" lon="5.77143">
        <ele>614</ele>
        <time>2025-05-16T09:11:49+00:00</time>
      </trkpt>
      <trkpt lat="45.85742" lon="5.77124">
        <ele>616</ele>
        <time>2025-05-16T09:11:52+00:00</time>
      </trkpt>
      <trkpt lat="45.85734" lon="5.77107">
        <ele>614</ele>
        <time>2025-05-16T09:11:55+00:00</time>
      </trkpt>
      <trkpt lat="45.85716" lon="5.77092">
        <ele>605</ele>
        <time>2025-05-16T09:11:58+00:00</time>
      </trkpt>
      <trkpt lat="45.85713" lon="5.77086">
        <ele>604</ele>
        <time>2025-05-16T09:12:01+00:00</time>
      </trkpt>
      <trkpt lat="45.85713" lon="5.77062">
        <ele>604</ele>
        <time>2025-05-16T09:12:04+00:00</time>
      </trkpt>
      <trkpt lat="45.85711" lon="5.77047">
        <ele>605</ele>
        <time>2025-05-16T09:12:07+00:00</time>
      </trkpt>
      <trkpt lat="45.85706" lon="5.77049">
        <ele>602</ele>
        <time>2025-05-16T09:12:10+00:00</time>
      </trkpt>
      <trkpt lat="45.85703" lon="5.77071">
        <ele>599</ele>
        <time>2025-05-16T09:12:13+00:00</time>
      </trkpt>
      <trkpt lat="45.85697" lon="5.77104">
        <ele>594</ele>
        <time>2025-05-16T09:12:16+00:00</time>
      </trkpt>
      <trkpt lat="45.85699" lon="5.7712">
        <ele>594</ele>
        <time>2025-05-16T09:12:19+00:00</time>
      </trkpt>
      <trkpt lat="45.85704" lon="5.77147">
        <ele>593</ele>
        <time>2025-05-16T09:12:22+00:00</time>
      </trkpt>
      <trkpt lat="45.85705" lon="5.77156">
        <ele>592</ele>
        <time>2025-05-16T09:12:25+00:00</time>
      </trkpt>
      <trkpt lat="45.85705" lon="5.77169">
        <ele>590</ele>
        <time>2025-05-16T09:12:28+00:00</time>
      </trkpt>
      <trkpt lat="45.85709" lon="5.77197">
        <ele>586</ele>
        <time>2025-05-16T09:12:31+00:00</time>
      </trkpt>
      <trkpt lat="45.85716" lon="5.77235">
        <ele>585</ele>
        <time>2025-05-16T09:12:34+00:00</time>
      </trkpt>
      <trkpt lat="45.85721" lon="5.77248">
        <ele>587</ele>
        <time>2025-05-16T09:12:37+00:00</time>
      </trkpt>
      <trkpt lat="45.85733" lon="5.77263">
        <ele>584</ele>
        <time>2025-05-16T09:12:40+00:00</time>
      </trkpt>
      <trkpt lat="45.85744" lon="5.7727">
        <ele>585</ele>
        <time>2025-05-16T09:12:43+00:00</time>
      </trkpt>
      <trkpt lat="45.85749" lon="5.77272">
        <ele>582</ele>
        <time>2025-05-16T09:12:46+00:00</time>
      </trkpt>
      <trkpt lat="45.85752" lon="5.77277">
        <ele>583</ele>
        <time>2025-05-16T09:12:49+00:00</time>
      </trkpt>
      <trkpt lat="45.85752" lon="5.77279">
        <ele>583</ele>
        <time>2025-05-16T09:12:52+00:00</time>
      </trkpt>
      <trkpt lat="45.8575" lon="5.77282">
        <ele>578</ele>
        <time>2025-05-16T09:12:55+00:00</time>
      </trkpt>
      <trkpt lat="45.85745" lon="5.77283">
        <ele>578</ele>
        <time>2025-05-16T09:12:58+00:00</time>
      </trkpt>
      <trkpt lat="45.85723" lon="5.77274">
        <ele>577</ele>
        <time>2025-05-16T09:13:01+00:00</time>
      </trkpt>
      <trkpt lat="45.85699" lon="5.77266">
        <ele>570</ele>
        <time>2025-05-16T09:13:04+00:00</time>
      </trkpt>
      <trkpt lat="45.85671" lon="5.7724">
        <ele>567</ele>
        <time>2025-05-16T09:13:07+00:00</time>
      </trkpt>
      <trkpt lat="45.85671" lon="5.77239">
        <ele>567</ele>
        <time>2025-05-16T09:13:10+00:00</time>
      </trkpt>
      <trkpt lat="45.85652" lon="5.77217">
        <ele>562</ele>
        <time>2025-05-16T09:13:13+00:00</time>
      </trkpt>
      <trkpt lat="45.8564" lon="5.77205">
        <ele>556</ele>
        <time>2025-05-16T09:13:16+00:00</time>
      </trkpt>
      <trkpt lat="45.85638" lon="5.77199">
        <ele>556</ele>
        <time>2025-05-16T09:13:19+00:00</time>
      </trkpt>
      <trkpt lat="45.85633" lon="5.77179">
        <ele>556</ele>
        <time>2025-05-16T09:13:22+00:00</time>
      </trkpt>
      <trkpt lat="45.85627" lon="5.77164">
        <ele>554</ele>
        <time>2025-05-16T09:13:25+00:00</time>
      </trkpt>
      <trkpt lat="45.85625" lon="5.77162">
        <ele>554</ele>
        <time>2025-05-16T09:13:28+00:00</time>
      </trkpt>
      <trkpt lat="45.85622" lon="5.77163">
        <ele>554</ele>
        <time>2025-05-16T09:13:31+00:00</time>
      </trkpt>
      <trkpt lat="45.8562" lon="5.77167">
        <ele>551</ele>
        <time>2025-05-16T09:13:34+00:00</time>
      </trkpt>
      <trkpt lat="45.85617" lon="5.77205">
        <ele>547</ele>
        <time>2025-05-16T09:13:37+00:00</time>
      </trkpt>
      <trkpt lat="45.85617" lon="5.77226">
        <ele>546</ele>
        <time>2025-05-16T09:13:40+00:00</time>
      </trkpt>
      <trkpt lat="45.85619" lon="5.77236">
        <ele>545</ele>
        <time>2025-05-16T09:13:43+00:00</time>
      </trkpt>
      <trkpt lat="45.85633" lon="5.77281">
        <ele>540</ele>
        <time>2025-05-16T09:13:46+00:00</time>
      </trkpt>
      <trkpt lat="45.85636" lon="5.77286">
        <ele>540</ele>
        <time>2025-05-16T09:13:49+00:00</time>
      </trkpt>
      <trkpt lat="45.85655" lon="5.77302">
        <ele>539</ele>
        <time>2025-05-16T09:13:52+00:00</time>
      </trkpt>
      <trkpt lat="45.85674" lon="5.77318">
        <ele>539</ele>
        <time>2025-05-16T09:13:55+00:00</time>
      </trkpt>
      <trkpt lat="45.85683" lon="5.77327">
        <ele>538</ele>
        <time>2025-05-16T09:13:58+00:00</time>
      </trkpt>
      <trkpt lat="45.85683" lon="5.77329">
        <ele>538</ele>
        <time>2025-05-16T09:14:01+00:00</time>
      </trkpt>
      <trkpt lat="45.85681" lon="5.77332">
        <ele>535</ele>
        <time>2025-05-16T09:14:04+00:00</time>
      </trkpt>
      <trkpt lat="45.85662" lon="5.77326">
        <ele>533</ele>
        <time>2025-05-16T09:14:07+00:00</time>
      </trkpt>
      <trkpt lat="45.85654" lon="5.77321">
        <ele>528</ele>
        <time>2025-05-16T09:14:10+00:00</time>
      </trkpt>
      <trkpt lat="45.85644" lon="5.77319">
        <ele>530</ele>
        <time>2025-05-16T09:14:13+00:00</time>
      </trkpt>
      <trkpt lat="45.85625" lon="5.77311">
        <ele>524</ele>
        <time>2025-05-16T09:14:16+00:00</time>
      </trkpt>
      <trkpt lat="45.85595" lon="5.77284">
        <ele>517</ele>
        <time>2025-05-16T09:14:19+00:00</time>
      </trkpt>
      <trkpt lat="45.85582" lon="5.77266">
        <ele>515</ele>
        <time>2025-05-16T09:14:22+00:00</time>
      </trkpt>
      <trkpt lat="45.85578" lon="5.77258">
        <ele>515</ele>
        <time>2025-05-16T09:14:25+00:00</time>
      </trkpt>
      <trkpt lat="45.85577" lon="5.77252">
        <ele>515</ele>
        <time>2025-05-16T09:14:28+00:00</time>
      </trkpt>
      <trkpt lat="45.85574" lon="5.77248">
        <ele>518</ele>
        <time>2025-05-16T09:14:31+00:00</time>
      </trkpt>
      <trkpt lat="45.85567" lon="5.77248">
        <ele>520</ele>
        <time>2025-05-16T09:14:34+00:00</time>
      </trkpt>
      <trkpt lat="45.85551" lon="5.77261">
        <ele>516</ele>
        <time>2025-05-16T09:14:37+00:00</time>
      </trkpt>
      <trkpt lat="45.85531" lon="5.77278">
        <ele>513</ele>
        <time>2025-05-16T09:14:40+00:00</time>
      </trkpt>
      <trkpt lat="45.85516" lon="5.77283">
        <ele>511</ele>
        <time>2025-05-16T09:14:43+00:00</time>
      </trkpt>
      <trkpt lat="45.85512" lon="5.77287">
        <ele>511</ele>
        <time>2025-05-16T09:14:46+00:00</time>
      </trkpt>
      <trkpt lat="45.85512" lon="5.77294">
        <ele>506</ele>
        <time>2025-05-16T09:14:49+00:00</time>
      </trkpt>
      <trkpt lat="45.85517" lon="5.77295">
        <ele>506</ele>
        <time>2025-05-16T09:14:52+00:00</time>
      </trkpt>
      <trkpt lat="45.85536" lon="5.77288">
        <ele>511</ele>
        <time>2025-05-16T09:14:55+00:00</time>
      </trkpt>
      <trkpt lat="45.85546" lon="5.77287">
        <ele>508</ele>
        <time>2025-05-16T09:14:58+00:00</time>
      </trkpt>
      <trkpt lat="45.85558" lon="5.77288">
        <ele>506</ele>
        <time>2025-05-16T09:15:01+00:00</time>
      </trkpt>
      <trkpt lat="45.85566" lon="5.77295">
        <ele>499</ele>
        <time>2025-05-16T09:15:04+00:00</time>
      </trkpt>
      <trkpt lat="45.85573" lon="5.77308">
        <ele>497</ele>
        <time>2025-05-16T09:15:07+00:00</time>
      </trkpt>
      <trkpt lat="45.85584" lon="5.77322">
        <ele>493</ele>
        <time>2025-05-16T09:15:10+00:00</time>
      </trkpt>
      <trkpt lat="45.85603" lon="5.77353">
        <ele>492</ele>
        <time>2025-05-16T09:15:13+00:00</time>
      </trkpt>
      <trkpt lat="45.85612" lon="5.77369">
        <ele>493</ele>
        <time>2025-05-16T09:15:16+00:00</time>
      </trkpt>
      <trkpt lat="45.85622" lon="5.77374">
        <ele>491</ele>
        <time>2025-05-16T09:15:19+00:00</time>
      </trkpt>
      <trkpt lat="45.85633" lon="5.77381">
        <ele>489</ele>
        <time>2025-05-16T09:15:22+00:00</time>
      </trkpt>
      <trkpt lat="45.85651" lon="5.77408">
        <ele>488</ele>
        <time>2025-05-16T09:15:25+00:00</time>
      </trkpt>
      <trkpt lat="45.85667" lon="5.77434">
        <ele>483</ele>
        <time>2025-05-16T09:15:28+00:00</time>
      </trkpt>
      <trkpt lat="45.85685" lon="5.77462">
        <ele>480</ele>
        <time>2025-05-16T09:15:31+00:00</time>
      </trkpt>
      <trkpt lat="45.85699" lon="5.77483">
        <ele>474</ele>
        <time>2025-05-16T09:15:34+00:00</time>
      </trkpt>
      <trkpt lat="45.85703" lon="5.7749">
        <ele>477</ele>
        <time>2025-05-16T09:15:37+00:00</time>
      </trkpt>
      <trkpt lat="45.85704" lon="5.77497">
        <ele>474</ele>
        <time>2025-05-16T09:15:40+00:00</time>
      </trkpt>
      <trkpt lat="45.85702" lon="5.7751">
        <ele>474</ele>
        <time>2025-05-16T09:15:43+00:00</time>
      </trkpt>
      <trkpt lat="45.85696" lon="5.77522">
        <ele>470</ele>
        <time>2025-05-16T09:15:46+00:00</time>
      </trkpt>
      <trkpt lat="45.85682" lon="5.77541">
        <ele>471</ele>
        <time>2025-05-16T09:15:49+00:00</time>
      </trkpt>
      <trkpt lat="45.85677" lon="5.77557">
        <ele>470</ele>
        <time>2025-05-16T09:15:52+00:00</time>
      </trkpt>
      <trkpt lat="45.85671" lon="5.77555">
        <ele>470</ele>
        <time>2025-05-16T09:15:55+00:00</time>
      </trkpt>
      <trkpt lat="45.85668" lon="5.77557">
        <ele>468</ele>
        <time>2025-05-16T09:15:58+00:00</time>
      </trkpt>
      <trkpt lat="45.85665" lon="5.77562">
        <ele>469</ele>
        <time>2025-05-16T09:16:01+00:00</time>
      </trkpt>
      <trkpt lat="45.8566" lon="5.77576">
        <ele>462</ele>
        <time>2025-05-16T09:16:04+00:00</time>
      </trkpt>
      <trkpt lat="45.8565" lon="5.77614">
        <ele>459</ele>
        <time>2025-05-16T09:16:07+00:00</time>
      </trkpt>
      <trkpt lat="45.85648" lon="5.77619">
        <ele>459</ele>
        <time>2025-05-16T09:16:10+00:00</time>
      </trkpt>
      <trkpt lat="45.85644" lon="5.77625">
        <ele>460</ele>
        <time>2025-05-16T09:16:13+00:00</time>
      </trkpt>
      <trkpt lat="45.85619" lon="5.77646">
        <ele>456</ele>
        <time>2025-05-16T09:16:16+00:00</time>
      </trkpt>
      <trkpt lat="45.85613" lon="5.77656">
        <ele>458</ele>
        <time>2025-05-16T09:16:19+00:00</time>
      </trkpt>
      <trkpt lat="45.85608" lon="5.7767">
        <ele>454</ele>
        <time>2025-05-16T09:16:22+00:00</time>
      </trkpt>
      <trkpt lat="45.85607" lon="5.77677">
        <ele>454</ele>
        <time>2025-05-16T09:16:25+00:00</time>
      </trkpt>
      <trkpt lat="45.85607" lon="5.77681">
        <ele>455</ele>
        <time>2025-05-16T09:16:28+00:00</time>
      </trkpt>
      <trkpt lat="45.8561" lon="5.7772">
        <ele>450</ele>
        <time>2025-05-16T09:16:31+00:00</time>
      </trkpt>
      <trkpt lat="45.8561" lon="5.77757">
        <ele>449</ele>
        <time>2025-05-16T09:16:34+00:00</time>
      </trkpt>
      <trkpt lat="45.85612" lon="5.77785">
        <ele>449</ele>
        <time>2025-05-16T09:16:37+00:00</time>
      </trkpt>
      <trkpt lat="45.85614" lon="5.77799">
        <ele>448</ele>
        <time>2025-05-16T09:16:40+00:00</time>
      </trkpt>
      <trkpt lat="45.85615" lon="5.77813">
        <ele>446</ele>
        <time>2025-05-16T09:16:43+00:00</time>
      </trkpt>
      <trkpt lat="45.85617" lon="5.77823">
        <ele>445</ele>
        <time>2025-05-16T09:16:46+00:00</time>
      </trkpt>
      <trkpt lat="45.85619" lon="5.77865">
        <ele>444</ele>
        <time>2025-05-16T09:16:49+00:00</time>
      </trkpt>
      <trkpt lat="45.85623" lon="5.77878">
        <ele>445</ele>
        <time>2025-05-16T09:16:52+00:00</time>
      </trkpt>
      <trkpt lat="45.85632" lon="5.77892">
        <ele>442</ele>
        <time>2025-05-16T09:16:55+00:00</time>
      </trkpt>
      <trkpt lat="45.85648" lon="5.77913">
        <ele>440</ele>
        <time>2025-05-16T09:16:58+00:00</time>
      </trkpt>
      <trkpt lat="45.85651" lon="5.77918">
        <ele>440</ele>
        <time>2025-05-16T09:17:01+00:00</time>
      </trkpt>
      <trkpt lat="45.85665" lon="5.77937">
        <ele>439</ele>
        <time>2025-05-16T09:17:04+00:00</time>
      </trkpt>
      <trkpt lat="45.85683" lon="5.77963">
        <ele>434</ele>
        <time>2025-05-16T09:17:07+00:00</time>
      </trkpt>
      <trkpt lat="45.85702" lon="5.77992">
        <ele>432</ele>
        <time>2025-05-16T09:17:10+00:00</time>
      </trkpt>
      <trkpt lat="45.85711" lon="5.78004">
        <ele>432</ele>
        <time>2025-05-16T09:17:13+00:00</time>
      </trkpt>
      <trkpt lat="45.85715" lon="5.78009">
        <ele>432</ele>
        <time>2025-05-16T09:17:16+00:00</time>
      </trkpt>
      <trkpt lat="45.85721" lon="5.78015">
        <ele>430</ele>
        <time>2025-05-16T09:17:19+00:00</time>
      </trkpt>
      <trkpt lat="45.85729" lon="5.7802">
        <ele>430</ele>
        <time>2025-05-16T09:17:22+00:00</time>
      </trkpt>
      <trkpt lat="45.85759" lon="5.78043">
        <ele>425</ele>
        <time>2025-05-16T09:17:25+00:00</time>
      </trkpt>
      <trkpt lat="45.85773" lon="5.78057">
        <ele>425</ele>
        <time>2025-05-16T09:17:28+00:00</time>
      </trkpt>
      <trkpt lat="45.85785" lon="5.78073">
        <ele>422</ele>
        <time>2025-05-16T09:17:31+00:00</time>
      </trkpt>
      <trkpt lat="45.85793" lon="5.7809">
        <ele>422</ele>
        <time>2025-05-16T09:17:34+00:00</time>
      </trkpt>
      <trkpt lat="45.85804" lon="5.78119">
        <ele>420</ele>
        <time>2025-05-16T09:17:37+00:00</time>
      </trkpt>
      <trkpt lat="45.85816" lon="5.78165">
        <ele>413</ele>
        <time>2025-05-16T09:17:40+00:00</time>
      </trkpt>
      <trkpt lat="45.85821" lon="5.78182">
        <ele>412</ele>
        <time>2025-05-16T09:17:43+00:00</time>
      </trkpt>
      <trkpt lat="45.85839" lon="5.78211">
        <ele>408</ele>
        <time>2025-05-16T09:17:46+00:00</time>
      </trkpt>
      <trkpt lat="45.85843" lon="5.78219">
        <ele>409</ele>
        <time>2025-05-16T09:17:49+00:00</time>
      </trkpt>
      <trkpt lat="45.85844" lon="5.78225">
        <ele>408</ele>
        <time>2025-05-16T09:17:52+00:00</time>
      </trkpt>
      <trkpt lat="45.85844" lon="5.78229">
        <ele>408</ele>
        <time>2025-05-16T09:17:55+00:00</time>
      </trkpt>
      <trkpt lat="45.85843" lon="5.78234">
        <ele>408</ele>
        <time>2025-05-16T09:17:58+00:00</time>
      </trkpt>
      <trkpt lat="45.8584" lon="5.7824">
        <ele>405</ele>
        <time>2025-05-16T09:18:01+00:00</time>
      </trkpt>
      <trkpt lat="45.85837" lon="5.78243">
        <ele>405</ele>
        <time>2025-05-16T09:18:04+00:00</time>
      </trkpt>
      <trkpt lat="45.85833" lon="5.78244">
        <ele>405</ele>
        <time>2025-05-16T09:18:07+00:00</time>
      </trkpt>
      <trkpt lat="45.8583" lon="5.78243">
        <ele>403</ele>
        <time>2025-05-16T09:18:10+00:00</time>
      </trkpt>
      <trkpt lat="45.85823" lon="5.78237">
        <ele>403</ele>
        <time>2025-05-16T09:18:13+00:00</time>
      </trkpt>
      <trkpt lat="45.8581" lon="5.78221">
        <ele>400</ele>
        <time>2025-05-16T09:18:16+00:00</time>
      </trkpt>
      <trkpt lat="45.85796" lon="5.78212">
        <ele>400</ele>
        <time>2025-05-16T09:18:19+00:00</time>
      </trkpt>
      <trkpt lat="45.85801" lon="5.78229">
        <ele>400</ele>
        <time>2025-05-16T09:18:22+00:00</time>
      </trkpt>
      <trkpt lat="45.85779" lon="5.78259">
        <ele>387</ele>
        <time>2025-05-16T09:18:25+00:00</time>
      </trkpt>
      <trkpt lat="45.85758" lon="5.78288">
        <ele>379</ele>
        <time>2025-05-16T09:18:28+00:00</time>
      </trkpt>
      <trkpt lat="45.85726" lon="5.78332">
        <ele>368</ele>
        <time>2025-05-16T09:18:31+00:00</time>
      </trkpt>
      <trkpt lat="45.85747" lon="5.78357">
        <ele>367</ele>
        <time>2025-05-16T09:18:34+00:00</time>
      </trkpt>
      <trkpt lat="45.8577" lon="5.7838">
        <ele>366</ele>
        <time>2025-05-16T09:18:37+00:00</time>
      </trkpt>
      <trkpt lat="45.85773" lon="5.78404">
        <ele>361</ele>
        <time>2025-05-16T09:18:40+00:00</time>
      </trkpt>
      <trkpt lat="45.85766" lon="5.78424">
        <ele>359</ele>
        <time>2025-05-16T09:18:43+00:00</time>
      </trkpt>
      <trkpt lat="45.85757" lon="5.78439">
        <ele>358</ele>
        <time>2025-05-16T09:18:46+00:00</time>
      </trkpt>
      <trkpt lat="45.85743" lon="5.78455">
        <ele>351</ele>
        <time>2025-05-16T09:18:49+00:00</time>
      </trkpt>
      <trkpt lat="45.85716" lon="5.7849">
        <ele>343</ele>
        <time>2025-05-16T09:18:52+00:00</time>
      </trkpt>
      <trkpt lat="45.85708" lon="5.78506">
        <ele>339</ele>
        <time>2025-05-16T09:18:55+00:00</time>
      </trkpt>
      <trkpt lat="45.857" lon="5.78518">
        <ele>337</ele>
        <time>2025-05-16T09:18:58+00:00</time>
      </trkpt>
      <trkpt lat="45.85684" lon="5.78533">
        <ele>334</ele>
        <time>2025-05-16T09:19:01+00:00</time>
      </trkpt>
      <trkpt lat="45.85665" lon="5.78553">
        <ele>330</ele>
        <time>2025-05-16T09:19:04+00:00</time>
      </trkpt>
      <trkpt lat="45.85642" lon="5.78571">
        <ele>323</ele>
        <time>2025-05-16T09:19:07+00:00</time>
      </trkpt>
      <trkpt lat="45.85615" lon="5.78593">
        <ele>317</ele>
        <time>2025-05-16T09:19:10+00:00</time>
      </trkpt>
      <trkpt lat="45.85596" lon="5.78607">
        <ele>313</ele>
        <time>2025-05-16T09:19:13+00:00</time>
      </trkpt>
      <trkpt lat="45.85571" lon="5.78626">
        <ele>309</ele>
        <time>2025-05-16T09:19:16+00:00</time>
      </trkpt>
      <trkpt lat="45.85536" lon="5.78654">
        <ele>303</ele>
        <time>2025-05-16T09:19:19+00:00</time>
      </trkpt>
      <trkpt lat="45.85521" lon="5.78666">
        <ele>299</ele>
        <time>2025-05-16T09:19:22+00:00</time>
      </trkpt>
      <trkpt lat="45.85511" lon="5.78675">
        <ele>298</ele>
        <time>2025-05-16T09:19:25+00:00</time>
      </trkpt>
      <trkpt lat="45.85496" lon="5.78682">
        <ele>295</ele>
        <time>2025-05-16T09:19:28+00:00</time>
      </trkpt>
      <trkpt lat="45.85472" lon="5.78703">
        <ele>290</ele>
        <time>2025-05-16T09:19:31+00:00</time>
      </trkpt>
      <trkpt lat="45.85442" lon="5.78732">
        <ele>286</ele>
        <time>2025-05-16T09:19:34+00:00</time>
      </trkpt>
      <trkpt lat="45.85416" lon="5.78764">
        <ele>281</ele>
        <time>2025-05-16T09:19:37+00:00</time>
      </trkpt>
      <trkpt lat="45.85405" lon="5.78776">
        <ele>280</ele>
        <time>2025-05-16T09:19:40+00:00</time>
      </trkpt>
      <trkpt lat="45.85384" lon="5.78802">
        <ele>273</ele>
        <time>2025-05-16T09:19:43+00:00</time>
      </trkpt>
      <trkpt lat="45.85361" lon="5.78822">
        <ele>273</ele>
        <time>2025-05-16T09:19:46+00:00</time>
      </trkpt>
      <trkpt lat="45.85345" lon="5.78839">
        <ele>273</ele>
        <time>2025-05-16T09:19:49+00:00</time>
      </trkpt>
      <trkpt lat="45.85336" lon="5.78844">
        <ele>270</ele>
        <time>2025-05-16T09:19:52+00:00</time>
      </trkpt>
      <trkpt lat="45.85359" lon="5.78859">
        <ele>269</ele>
        <time>2025-05-16T09:19:55+00:00</time>
      </trkpt>
      <trkpt lat="45.85365" lon="5.78865">
        <ele>266</ele>
        <time>2025-05-16T09:19:58+00:00</time>
      </trkpt>
      <trkpt lat="45.85369" lon="5.78871">
        <ele>266</ele>
        <time>2025-05-16T09:20:01+00:00</time>
      </trkpt>
      <trkpt lat="45.85376" lon="5.78888">
        <ele>264</ele>
        <time>2025-05-16T09:20:04+00:00</time>
      </trkpt>
      <trkpt lat="45.85382" lon="5.78906">
        <ele>262</ele>
        <time>2025-05-16T09:20:07+00:00</time>
      </trkpt>
      <trkpt lat="45.85388" lon="5.78928">
        <ele>259</ele>
        <time>2025-05-16T09:20:10+00:00</time>
      </trkpt>
      <trkpt lat="45.85394" lon="5.78951">
        <ele>257</ele>
        <time>2025-05-16T09:20:13+00:00</time>
      </trkpt>
      <trkpt lat="45.85403" lon="5.78976">
        <ele>255</ele>
        <time>2025-05-16T09:20:16+00:00</time>
      </trkpt>
      <trkpt lat="45.85406" lon="5.78982">
        <ele>253</ele>
        <time>2025-05-16T09:20:19+00:00</time>
      </trkpt>
      <trkpt lat="45.85411" lon="5.78989">
        <ele>254</ele>
        <time>2025-05-16T09:20:22+00:00</time>
      </trkpt>
      <trkpt lat="45.85427" lon="5.79005">
        <ele>251</ele>
        <time>2025-05-16T09:20:25+00:00</time>
      </trkpt>
      <trkpt lat="45.85435" lon="5.79016">
        <ele>250</ele>
        <time>2025-05-16T09:20:28+00:00</time>
      </trkpt>
      <trkpt lat="45.85448" lon="5.79035">
        <ele>248</ele>
        <time>2025-05-16T09:20:31+00:00</time>
      </trkpt>
      <trkpt lat="45.85463" lon="5.79062">
        <ele>244</ele>
        <time>2025-05-16T09:20:34+00:00</time>
      </trkpt>
      <trkpt lat="45.85473" lon="5.79077">
        <ele>244</ele>
        <time>2025-05-16T09:20:37+00:00</time>
      </trkpt>
      <trkpt lat="45.85484" lon="5.79091">
        <ele>242</ele>
        <time>2025-05-16T09:20:40+00:00</time>
      </trkpt>
      <trkpt lat="45.85502" lon="5.79115">
        <ele>240</ele>
        <time>2025-05-16T09:20:43+00:00</time>
      </trkpt>
      <trkpt lat="45.85521" lon="5.79141">
        <ele>239</ele>
        <time>2025-05-16T09:20:46+00:00</time>
      </trkpt>
      <trkpt lat="45.85508" lon="5.7914">
        <ele>237</ele>
        <time>2025-05-16T09:20:49+00:00</time>
      </trkpt>
      <trkpt lat="45.85476" lon="5.79128">
        <ele>237</ele>
        <time>2025-05-16T09:20:52+00:00</time>
      </trkpt>
      <trkpt lat="45.85465" lon="5.79123">
        <ele>236</ele>
        <time>2025-05-16T09:20:55+00:00</time>
      </trkpt>
      <trkpt lat="45.8544" lon="5.79116">
        <ele>236</ele>
        <time>2025-05-16T09:20:58+00:00</time>
      </trkpt>
      <trkpt lat="45.85416" lon="5.79111">
        <ele>236</ele>
        <time>2025-05-16T09:21:01+00:00</time>
      </trkpt>
      <trkpt lat="45.85389" lon="5.79106">
        <ele>236</ele>
        <time>2025-05-16T09:21:04+00:00</time>
      </trkpt>
      <trkpt lat="45.85369" lon="5.79104">
        <ele>236</ele>
        <time>2025-05-16T09:21:07+00:00</time>
      </trkpt>
      <trkpt lat="45.85334" lon="5.79115">
        <ele>236</ele>
        <time>2025-05-16T09:21:10+00:00</time>
      </trkpt>
      <trkpt lat="45.85317" lon="5.79122">
        <ele>236</ele>
        <time>2025-05-16T09:21:13+00:00</time>
      </trkpt>
      <trkpt lat="45.85311" lon="5.79127">
        <ele>236</ele>
        <time>2025-05-16T09:21:16+00:00</time>
      </trkpt>
      <trkpt lat="45.85304" lon="5.7914">
        <ele>236</ele>
        <time>2025-05-16T09:21:19+00:00</time>
      </trkpt>
      <trkpt lat="45.85293" lon="5.79166">
        <ele>236</ele>
        <time>2025-05-16T09:21:22+00:00</time>
      </trkpt>
      <trkpt lat="45.85288" lon="5.79175">
        <ele>236</ele>
        <time>2025-05-16T09:21:25+00:00</time>
      </trkpt>
      <trkpt lat="45.85285" lon="5.79179">
        <ele>236</ele>
        <time>2025-05-16T09:21:28+00:00</time>
      </trkpt>
      <trkpt lat="45.85291" lon="5.79195">
        <ele>236</ele>
        <time>2025-05-16T09:21:31+00:00</time>
      </trkpt>
      <trkpt lat="45.85319" lon="5.79217">
        <ele>236</ele>
        <time>2025-05-16T09:21:34+00:00</time>
      </trkpt>
      <trkpt lat="45.85347" lon="5.7924">
        <ele>236</ele>
        <time>2025-05-16T09:21:37+00:00</time>
      </trkpt>
      <trkpt lat="45.85379" lon="5.79266">
        <ele>236</ele>
        <time>2025-05-16T09:21:40+00:00</time>
      </trkpt>
      <trkpt lat="45.85381" lon="5.79283">
        <ele>235</ele>
        <time>2025-05-16T09:21:43+00:00</time>
      </trkpt>
      <trkpt lat="45.85374" lon="5.79292">
        <ele>235</ele>
        <time>2025-05-16T09:21:46+00:00</time>
      </trkpt>
      <trkpt lat="45.85368" lon="5.79317">
        <ele>236</ele>
        <time>2025-05-16T09:21:49+00:00</time>
      </trkpt>
      <trkpt lat="45.85363" lon="5.79343">
        <ele>235</ele>
        <time>2025-05-16T09:21:52+00:00</time>
      </trkpt>
      <trkpt lat="45.85356" lon="5.79379">
        <ele>236</ele>
        <time>2025-05-16T09:21:55+00:00</time>
      </trkpt>
      <trkpt lat="45.85345" lon="5.79415">
        <ele>236</ele>
        <time>2025-05-16T09:21:58+00:00</time>
      </trkpt>
      <trkpt lat="45.85324" lon="5.79413">
        <ele>236</ele>
        <time>2025-05-16T09:22:01+00:00</time>
      </trkpt>
      <trkpt lat="45.85279" lon="5.79427">
        <ele>236</ele>
        <time>2025-05-16T09:22:04+00:00</time>
      </trkpt>
    </trkseg>
  </trk>
</gpx>
