<?xml version="1.0" encoding="UTF-8" standalone="no" ?>
<gpx creator="francoisboyer31" version="1.1" xsi:schemaLocation="http://www.topografix.com/GPX/1/1 http://www.topografix.com/GPX/11.xsd" xmlns:ns3="http://www.garmin.com/xmlschemas/TrackPointExtension/v1" xmlns="http://www.topografix.com/GPX/1/1" xmlns:xsi="http://www.w3.org/2001/XMLSchema-instance" xmlns:ns2="http://www.garmin.com/xmlschemas/GpxExtensions/v3">
<metadata>
  <link href="http://trail-passion.net/trace/?id=74383"><text><![CDATA[GRP 2025 Tour des Cirques (124.7 km)]]></text></link>
  <time>2025-06-09T11:31:06Z</time>
</metadata>
<wpt lat="42.78383464579191" lon="0.1584112644195557"><ele>1862</ele><name><![CDATA[Départ Piau]]></name><cmt><![CDATA[]]></cmt><sym>Flag, Blue</sym></wpt>
<wpt lat="42.7837874010311" lon="0.15832543373107913"><ele>1862</ele><name><![CDATA[Piau]]></name><cmt><![CDATA[]]></cmt><sym>Flag, Blue</sym></wpt>
<wpt lat="42.788419999999995" lon="0.01993"><ele>1002</ele><name><![CDATA[Gèdre aller]]></name><cmt><![CDATA[]]></cmt><sym>Flag, Blue</sym></wpt>
<wpt lat="42.71979280542578" lon="0.00034332275390625"><ele>1752</ele><name><![CDATA[Chalet de Pailla]]></name><cmt><![CDATA[]]></cmt><sym>Flag, Blue</sym></wpt>
<wpt lat="42.73173722705828" lon="-0.00923752784729004"><ele>1373</ele><name><![CDATA[Gavarnie]]></name><cmt><![CDATA[]]></cmt><sym>Flag, Blue</sym></wpt>
<wpt lat="42.87051522157205" lon="-0.007381439208984376"><ele>702</ele><name><![CDATA[Luz Saint Sauveur]]></name><cmt><![CDATA[]]></cmt><sym>Flag, Blue</sym></wpt>
<wpt lat="42.86079174503504" lon="0.09049236774444581"><ele>2146</ele><name><![CDATA[Refuge de la Glère]]></name><cmt><![CDATA[]]></cmt><sym>Flag, Blue</sym></wpt>
<wpt lat="42.90330345591896" lon="0.10224580764770508"><ele>1453</ele><name><![CDATA[Tournaboup]]></name><cmt><![CDATA[]]></cmt><sym>Flag, Blue</sym></wpt>
<wpt lat="42.788329999999995" lon="0.01993"><ele>1002</ele><name><![CDATA[Gèdre retour]]></name><cmt><![CDATA[]]></cmt><sym>Flag, Blue</sym></wpt>
<wpt lat="42.70398685286772" lon="-0.007960796356201174"><ele>1566</ele><name><![CDATA[Hôtellerie du Cirque]]></name><cmt><![CDATA[]]></cmt><sym>Flag, Blue</sym></wpt>
<wpt lat="42.72001350843351" lon="0.012466907501220705"><ele>2023</ele><name><![CDATA[Refuge des Espuguettes]]></name><cmt><![CDATA[]]></cmt><sym>Flag, Blue</sym></wpt>
<wpt lat="42.71574" lon="0.02831"><ele>2416</ele><name><![CDATA[Hourquette d'Alans]]></name><cmt><![CDATA[]]></cmt><sym>Flag, Blue</sym></wpt>
<wpt lat="42.75374030797819" lon="0.04984617233276368"><ele>1675</ele><name><![CDATA[Lac des Gloriettes]]></name><cmt><![CDATA[]]></cmt><sym>Flag, Blue</sym></wpt>
<wpt lat="42.70615498978152" lon="-0.08531570434570314"><name><![CDATA[]]></name><cmt><![CDATA[]]></cmt><sym>Flag, Blue</sym></wpt>
<wpt lat="42.87549235683329" lon="0.15037536621093753"><ele>2145</ele><name><![CDATA[Refuge d'Aygues Cluses]]></name><cmt><![CDATA[]]></cmt><sym>Flag, Blue</sym></wpt>
<wpt lat="42.87373114158585" lon="0.1720905303955078"><ele>2459</ele><name><![CDATA[Hourquette Nère]]></name><cmt><![CDATA[]]></cmt><sym>Flag, Blue</sym></wpt>
<wpt lat="42.87102" lon="0.18625"><ele>2285</ele><name><![CDATA[Lac de Port Bielh]]></name><cmt><![CDATA[]]></cmt><sym>Flag, Blue</sym></wpt>
<wpt lat="42.828134352911555" lon="0.2206385135650635"><ele>2035</ele><name><![CDATA[Merlans]]></name><cmt><![CDATA[]]></cmt><sym>Flag, Blue</sym></wpt>
<wpt lat="42.83336667530019" lon="0.23640990257263186"><ele>2210</ele><name><![CDATA[Col de Portet]]></name><cmt><![CDATA[]]></cmt><sym>Flag, Blue</sym></wpt>
<wpt lat="42.83744207215798" lon="0.3008151054382325"><ele>1571</ele><name><![CDATA[Cap de Pède]]></name><cmt><![CDATA[]]></cmt><sym>Flag, Blue</sym></wpt>
<wpt lat="42.829794581373676" lon="0.3272294998168946"><ele>793</ele><name><![CDATA[Arrivée Vielle-Aure]]></name><cmt><![CDATA[]]></cmt><sym>Flag, Blue</sym></wpt>
<wpt lat="42.863949192229214" lon="0.05909442901611329"><ele>1456</ele><name><![CDATA[Ruisseau de Bolou]]></name><cmt><![CDATA[]]></cmt><sym>Flag, Blue</sym></wpt>
<wpt lat="42.77540088482786" lon="0.11235237121582033"><ele>2595</ele><name><![CDATA[Port de Campbieil]]></name><cmt><![CDATA[]]></cmt><sym>Flag, Blue</sym></wpt>
<wpt lat="42.82104443956119" lon="0.0004506111145019532"><ele>1404</ele><name><![CDATA[Arrode]]></name><cmt><![CDATA[]]></cmt><sym>Flag, Blue</sym></wpt>
<wpt lat="42.76925792699289" lon="0.15827178955078128"><ele>2329</ele><name><![CDATA[Haut Ramondia]]></name><cmt><![CDATA[]]></cmt><sym>Flag, Blue</sym></wpt>
<wpt lat="42.763748435696726" lon="-0.006619691848754884"><ele>1630</ele><name><![CDATA[Gite de Saugué]]></name><cmt><![CDATA[]]></cmt><sym>Flag, Blue</sym></wpt>
<wpt lat="42.74535760192715" lon="-0.006051063537597656"><ele>1280.99</ele><name><![CDATA[Pont de Bareilles]]></name><cmt><![CDATA[]]></cmt><sym>Flag, Blue</sym></wpt>
<wpt lat="42.85400838903138" lon="0.09338378906250001"><ele>2233</ele><name><![CDATA[Sarrat de Laguès]]></name><cmt><![CDATA[]]></cmt><sym>Flag, Blue</sym></wpt>
<wpt lat="42.84003" lon="0.19891"><ele>1844</ele><name><![CDATA[Cabane de la Lude]]></name><cmt><![CDATA[]]></cmt><sym>Flag, Blue</sym></wpt>
<wpt lat="42.71031760039058" lon="-0.0028967857360839844"><ele>1709</ele><name><![CDATA[Espugues]]></name><cmt><![CDATA[]]></cmt><sym>Flag, Blue</sym></wpt>
<wpt lat="42.87107349843533" lon="0.029289722442626957"><ele>1407</ele><name><![CDATA[Soubralets]]></name><cmt><![CDATA[]]></cmt><sym>Flag, Blue</sym></wpt>
<wpt lat="42.86099228508867" lon="0.18723964691162112"><ele>2107</ele><name><![CDATA[Cabane de Coste Oueillère]]></name><cmt><![CDATA[]]></cmt><sym>Flag, Blue</sym></wpt>
<trk><name><![CDATA[GRP 2025 Tour des Cirques (124.7 km)]]></name><trkseg><trkpt lat='42.783829999999995' lon='0.15839999999999999'><ele>1862</ele><time>2025-06-09T11:31:06Z</time></trkpt><trkpt lat='42.783484' lon='0.158406'><ele>1862</ele><time>2025-06-09T11:44:48Z</time></trkpt><trkpt lat='42.783145999999995' lon='0.15856699999999999'><ele>1860</ele><time>2025-06-09T11:58:30Z</time></trkpt><trkpt lat='42.783' lon='0.158744'><ele>1859</ele><time>2025-06-09T12:06:43Z</time></trkpt><trkpt lat='42.78291' lon='0.15886999999999998'><ele>1858</ele><time>2025-06-09T12:12:12Z</time></trkpt><trkpt lat='42.782849999999996' lon='0.15894'><ele>1857</ele><time>2025-06-09T12:14:56Z</time></trkpt><trkpt lat='42.782799999999995' lon='0.15905999999999998'><ele>1856</ele><time>2025-06-09T12:17:41Z</time></trkpt><trkpt lat='42.7827' lon='0.15953'><ele>1851</ele><time>2025-06-09T12:31:23Z</time></trkpt><trkpt lat='42.78263' lon='0.16002'><ele>1847</ele><time>2025-06-09T12:42:20Z</time></trkpt><trkpt lat='42.782599999999995' lon='0.16102'><ele>1831</ele><time>2025-06-09T13:04:16Z</time></trkpt><trkpt lat='42.78262' lon='0.16125'><ele>1826</ele><time>2025-06-09T13:15:14Z</time></trkpt><trkpt lat='42.78274' lon='0.16193'><ele>1811</ele><time>2025-06-09T13:39:53Z</time></trkpt><trkpt lat='42.78284' lon='0.16277999999999998'><ele>1798</ele><time>2025-06-09T14:01:49Z</time></trkpt><trkpt lat='42.782869999999996' lon='0.16327999999999998'><ele>1793</ele><time>2025-06-09T14:12:46Z</time></trkpt><trkpt lat='42.782939999999996' lon='0.16380999999999998'><ele>1786</ele><time>2025-06-09T14:23:44Z</time></trkpt><trkpt lat='42.78279' lon='0.16402'><ele>1783</ele><time>2025-06-09T14:31:57Z</time></trkpt><trkpt lat='42.78272' lon='0.16419'><ele>1780</ele><time>2025-06-09T14:37:26Z</time></trkpt><trkpt lat='42.782689999999995' lon='0.16433999999999999'><ele>1776</ele><time>2025-06-09T14:40:11Z</time></trkpt><trkpt lat='42.782689999999995' lon='0.16455'><ele>1772</ele><time>2025-06-09T14:45:39Z</time></trkpt><trkpt lat='42.78272' lon='0.16474'><ele>1771</ele><time>2025-06-09T14:51:08Z</time></trkpt><trkpt lat='42.78282' lon='0.16502'><ele>1769</ele><time>2025-06-09T14:59:22Z</time></trkpt><trkpt lat='42.782849999999996' lon='0.16516'><ele>1767</ele><time>2025-06-09T15:02:06Z</time></trkpt><trkpt lat='42.782869999999996' lon='0.1654'><ele>1767</ele><time>2025-06-09T15:07:35Z</time></trkpt><trkpt lat='42.782849999999996' lon='0.16610999999999998'><ele>1760</ele><time>2025-06-09T15:24:01Z</time></trkpt><trkpt lat='42.78291' lon='0.16682'><ele>1757</ele><time>2025-06-09T15:45:57Z</time></trkpt><trkpt lat='42.7829' lon='0.16713999999999998'><ele>1755</ele><time>2025-06-09T15:54:10Z</time></trkpt><trkpt lat='42.78277' lon='0.16727'><ele>1757</ele><time>2025-06-09T15:59:39Z</time></trkpt><trkpt lat='42.78255' lon='0.16782'><ele>1760</ele><time>2025-06-09T16:16:05Z</time></trkpt><trkpt lat='42.782329999999995' lon='0.16835999999999998'><ele>1765</ele><time>2025-06-09T16:35:16Z</time></trkpt><trkpt lat='42.78179' lon='0.16929'><ele>1777</ele><time>2025-06-09T17:08:09Z</time></trkpt><trkpt lat='42.781389999999995' lon='0.16993999999999998'><ele>1782</ele><time>2025-06-09T17:35:34Z</time></trkpt><trkpt lat='42.78109' lon='0.17052'><ele>1790</ele><time>2025-06-09T17:57:29Z</time></trkpt><trkpt lat='42.780789999999996' lon='0.17109'><ele>1798</ele><time>2025-06-09T18:19:24Z</time></trkpt><trkpt lat='42.7806' lon='0.17154'><ele>1801</ele><time>2025-06-09T18:35:51Z</time></trkpt><trkpt lat='42.78048' lon='0.17206'><ele>1810</ele><time>2025-06-09T18:55:02Z</time></trkpt><trkpt lat='42.78031' lon='0.17265'><ele>1812</ele><time>2025-06-09T19:14:13Z</time></trkpt><trkpt lat='42.77995' lon='0.17340999999999998'><ele>1820</ele><time>2025-06-09T19:47:06Z</time></trkpt><trkpt lat='42.77961' lon='0.17392'><ele>1829</ele><time>2025-06-09T20:09:01Z</time></trkpt><trkpt lat='42.779399999999995' lon='0.17443999999999998'><ele>1837</ele><time>2025-06-09T20:33:41Z</time></trkpt><trkpt lat='42.779399999999995' lon='0.17448'><ele>1837</ele><time>2025-06-09T20:33:41Z</time></trkpt><trkpt lat='42.779309999999995' lon='0.17448'><ele>1839</ele><time>2025-06-09T20:39:10Z</time></trkpt><trkpt lat='42.779289999999996' lon='0.17440999999999998'><ele>1840</ele><time>2025-06-09T20:41:54Z</time></trkpt><trkpt lat='42.77927' lon='0.17365999999999998'><ele>1853</ele><time>2025-06-09T21:20:16Z</time></trkpt><trkpt lat='42.779289999999996' lon='0.173'><ele>1864</ele><time>2025-06-09T21:53:09Z</time></trkpt><trkpt lat='42.7793' lon='0.17232999999999998'><ele>1876</ele><time>2025-06-09T22:28:47Z</time></trkpt><trkpt lat='42.77928' lon='0.17217'><ele>1881</ele><time>2025-06-09T22:37:00Z</time></trkpt><trkpt lat='42.77925' lon='0.17215'><ele>1881</ele><time>2025-06-09T22:39:44Z</time></trkpt><trkpt lat='42.77919' lon='0.17218999999999998'><ele>1883</ele><time>2025-06-09T22:45:13Z</time></trkpt><trkpt lat='42.77903' lon='0.17251999999999998'><ele>1886</ele><time>2025-06-09T23:04:24Z</time></trkpt><trkpt lat='42.778639999999996' lon='0.17310999999999999'><ele>1901</ele><time>2025-06-09T23:40:02Z</time></trkpt><trkpt lat='42.778479999999995' lon='0.17318999999999998'><ele>1907</ele><time>2025-06-10T00:01:57Z</time></trkpt><trkpt lat='42.778439999999996' lon='0.17318'><ele>1909</ele><time>2025-06-10T00:07:26Z</time></trkpt><trkpt lat='42.778389999999995' lon='0.17309'><ele>1912</ele><time>2025-06-10T00:18:24Z</time></trkpt><trkpt lat='42.77843' lon='0.17274'><ele>1917</ele><time>2025-06-10T00:37:35Z</time></trkpt><trkpt lat='42.77852' lon='0.1722'><ele>1928</ele><time>2025-06-10T01:04:59Z</time></trkpt><trkpt lat='42.77854' lon='0.17149999999999999'><ele>1942</ele><time>2025-06-10T01:48:50Z</time></trkpt><trkpt lat='42.7785' lon='0.17115999999999998'><ele>1947</ele><time>2025-06-10T02:05:16Z</time></trkpt><trkpt lat='42.7784' lon='0.17071999999999998'><ele>1954</ele><time>2025-06-10T02:24:27Z</time></trkpt><trkpt lat='42.77812' lon='0.16968999999999998'><ele>1972</ele><time>2025-06-10T03:16:31Z</time></trkpt><trkpt lat='42.77807' lon='0.16956'><ele>1974</ele><time>2025-06-10T03:27:29Z</time></trkpt><trkpt lat='42.778' lon='0.16948'><ele>1976</ele><time>2025-06-10T03:32:58Z</time></trkpt><trkpt lat='42.77796' lon='0.16948'><ele>1977</ele><time>2025-06-10T03:35:42Z</time></trkpt><trkpt lat='42.77793' lon='0.16952'><ele>1978</ele><time>2025-06-10T03:38:26Z</time></trkpt><trkpt lat='42.77784' lon='0.16974999999999998'><ele>1982</ele><time>2025-06-10T03:54:53Z</time></trkpt><trkpt lat='42.77771' lon='0.17054'><ele>2000</ele><time>2025-06-10T04:41:28Z</time></trkpt><trkpt lat='42.777609999999996' lon='0.17082999999999998'><ele>2005</ele><time>2025-06-10T04:57:55Z</time></trkpt><trkpt lat='42.777539999999995' lon='0.17096999999999998'><ele>2009</ele><time>2025-06-10T05:06:08Z</time></trkpt><trkpt lat='42.77742' lon='0.17109'><ele>2012</ele><time>2025-06-10T05:17:06Z</time></trkpt><trkpt lat='42.7773' lon='0.17113'><ele>2015</ele><time>2025-06-10T05:25:19Z</time></trkpt><trkpt lat='42.77709' lon='0.17113'><ele>2019</ele><time>2025-06-10T05:36:17Z</time></trkpt><trkpt lat='42.77682' lon='0.17102'><ele>2023</ele><time>2025-06-10T05:49:59Z</time></trkpt><trkpt lat='42.77672' lon='0.17092'><ele>2026</ele><time>2025-06-10T05:58:12Z</time></trkpt><trkpt lat='42.7767' lon='0.17081'><ele>2026</ele><time>2025-06-10T06:03:41Z</time></trkpt><trkpt lat='42.7767' lon='0.17065'><ele>2029</ele><time>2025-06-10T06:11:54Z</time></trkpt><trkpt lat='42.776759999999996' lon='0.17034'><ele>2035</ele><time>2025-06-10T06:25:36Z</time></trkpt><trkpt lat='42.77682' lon='0.17013'><ele>2037</ele><time>2025-06-10T06:33:50Z</time></trkpt><trkpt lat='42.77684' lon='0.16981'><ele>2039</ele><time>2025-06-10T06:44:47Z</time></trkpt><trkpt lat='42.77674' lon='0.1694'><ele>2043</ele><time>2025-06-10T06:58:29Z</time></trkpt><trkpt lat='42.776689999999995' lon='0.1691'><ele>2045</ele><time>2025-06-10T07:06:43Z</time></trkpt><trkpt lat='42.77648' lon='0.16826'><ele>2056</ele><time>2025-06-10T07:36:51Z</time></trkpt><trkpt lat='42.776399999999995' lon='0.16799999999999998'><ele>2058</ele><time>2025-06-10T07:47:49Z</time></trkpt><trkpt lat='42.77625' lon='0.16732'><ele>2064</ele><time>2025-06-10T08:09:44Z</time></trkpt><trkpt lat='42.776089999999996' lon='0.16665'><ele>2071</ele><time>2025-06-10T08:31:40Z</time></trkpt><trkpt lat='42.775949999999995' lon='0.16624999999999998'><ele>2075</ele><time>2025-06-10T08:45:22Z</time></trkpt><trkpt lat='42.7757' lon='0.1657'><ele>2077</ele><time>2025-06-10T09:04:33Z</time></trkpt><trkpt lat='42.77545' lon='0.16515'><ele>2084</ele><time>2025-06-10T09:23:44Z</time></trkpt><trkpt lat='42.77541' lon='0.16497'><ele>2083</ele><time>2025-06-10T09:29:13Z</time></trkpt><trkpt lat='42.77529' lon='0.16412'><ele>2089</ele><time>2025-06-10T09:53:52Z</time></trkpt><trkpt lat='42.7752' lon='0.16393'><ele>2089</ele><time>2025-06-10T09:59:21Z</time></trkpt><trkpt lat='42.77509' lon='0.1638'><ele>2094</ele><time>2025-06-10T10:07:34Z</time></trkpt><trkpt lat='42.774589999999996' lon='0.16347'><ele>2098</ele><time>2025-06-10T10:26:45Z</time></trkpt><trkpt lat='42.774589999999996' lon='0.16346'><ele>2098</ele><time>2025-06-10T10:29:30Z</time></trkpt><trkpt lat='42.774429999999995' lon='0.16338'><ele>2099</ele><time>2025-06-10T10:34:59Z</time></trkpt><trkpt lat='42.774229999999996' lon='0.16316999999999998'><ele>2105</ele><time>2025-06-10T10:45:56Z</time></trkpt><trkpt lat='42.773649999999996' lon='0.16226'><ele>2112</ele><time>2025-06-10T11:21:34Z</time></trkpt><trkpt lat='42.773509999999995' lon='0.16186999999999999'><ele>2117</ele><time>2025-06-10T11:38:00Z</time></trkpt><trkpt lat='42.7733' lon='0.16076'><ele>2130</ele><time>2025-06-10T12:19:07Z</time></trkpt><trkpt lat='42.7733' lon='0.16005999999999998'><ele>2135</ele><time>2025-06-10T12:41:02Z</time></trkpt><trkpt lat='42.773289999999996' lon='0.15936'><ele>2141</ele><time>2025-06-10T13:02:57Z</time></trkpt><trkpt lat='42.77325' lon='0.15863'><ele>2146</ele><time>2025-06-10T13:24:53Z</time></trkpt><trkpt lat='42.77316' lon='0.15849'><ele>2148</ele><time>2025-06-10T13:30:22Z</time></trkpt><trkpt lat='42.77288' lon='0.15819'><ele>2152</ele><time>2025-06-10T13:46:48Z</time></trkpt><trkpt lat='42.77242' lon='0.15761'><ele>2158</ele><time>2025-06-10T14:16:57Z</time></trkpt><trkpt lat='42.77233' lon='0.15757'><ele>2160</ele><time>2025-06-10T14:19:41Z</time></trkpt><trkpt lat='42.77225' lon='0.15758999999999998'><ele>2162</ele><time>2025-06-10T14:25:10Z</time></trkpt><trkpt lat='42.772189999999995' lon='0.15764999999999998'><ele>2164</ele><time>2025-06-10T14:27:55Z</time></trkpt><trkpt lat='42.772169999999996' lon='0.15786999999999998'><ele>2167</ele><time>2025-06-10T14:38:52Z</time></trkpt><trkpt lat='42.77221' lon='0.15800999999999998'><ele>2170</ele><time>2025-06-10T14:44:21Z</time></trkpt><trkpt lat='42.7724' lon='0.15835'><ele>2175</ele><time>2025-06-10T15:00:48Z</time></trkpt><trkpt lat='42.77251' lon='0.15861999999999998'><ele>2182</ele><time>2025-06-10T15:22:43Z</time></trkpt><trkpt lat='42.772529999999996' lon='0.15897999999999998'><ele>2189</ele><time>2025-06-10T15:47:23Z</time></trkpt><trkpt lat='42.77243' lon='0.15933'><ele>2196</ele><time>2025-06-10T16:17:31Z</time></trkpt><trkpt lat='42.7722' lon='0.15992'><ele>2213</ele><time>2025-06-10T17:12:20Z</time></trkpt><trkpt lat='42.771969999999996' lon='0.1605'><ele>2227</ele><time>2025-06-10T17:58:55Z</time></trkpt><trkpt lat='42.771879999999996' lon='0.16061'><ele>2231</ele><time>2025-06-10T18:09:53Z</time></trkpt><trkpt lat='42.77177' lon='0.16065'><ele>2235</ele><time>2025-06-10T18:18:06Z</time></trkpt><trkpt lat='42.77169' lon='0.16065'><ele>2237</ele><time>2025-06-10T18:26:19Z</time></trkpt><trkpt lat='42.7716' lon='0.16058999999999998'><ele>2238</ele><time>2025-06-10T18:34:33Z</time></trkpt><trkpt lat='42.77153' lon='0.16047999999999998'><ele>2242</ele><time>2025-06-10T18:48:15Z</time></trkpt><trkpt lat='42.77126' lon='0.15983'><ele>2260</ele><time>2025-06-10T19:56:45Z</time></trkpt><trkpt lat='42.771049999999995' lon='0.15955'><ele>2270</ele><time>2025-06-10T20:32:23Z</time></trkpt><trkpt lat='42.770849999999996' lon='0.15939'><ele>2277</ele><time>2025-06-10T20:59:47Z</time></trkpt><trkpt lat='42.77039' lon='0.15911'><ele>2293</ele><time>2025-06-10T21:57:20Z</time></trkpt><trkpt lat='42.769929999999995' lon='0.15883'><ele>2309</ele><time>2025-06-10T22:54:53Z</time></trkpt><trkpt lat='42.769349999999996' lon='0.15836999999999998'><ele>2326</ele><time>2025-06-10T23:46:57Z</time></trkpt><trkpt lat='42.769258' lon='0.158277'><ele>2329</ele><time>2025-06-10T23:52:25Z</time></trkpt><trkpt lat='42.769262' lon='0.15802'><ele>2329</ele><time>2025-06-10T23:55:10Z</time></trkpt><trkpt lat='42.76938' lon='0.157719'><ele>2323</ele><time>2025-06-11T00:00:39Z</time></trkpt><trkpt lat='42.769419' lon='0.15758'><ele>2320</ele><time>2025-06-11T00:03:23Z</time></trkpt><trkpt lat='42.769462999999995' lon='0.15711799999999998'><ele>2313</ele><time>2025-06-11T00:14:21Z</time></trkpt><trkpt lat='42.769514' lon='0.156662'><ele>2308</ele><time>2025-06-11T00:25:19Z</time></trkpt><trkpt lat='42.769569' lon='0.15634599999999998'><ele>2305</ele><time>2025-06-11T00:30:47Z</time></trkpt><trkpt lat='42.769670999999995' lon='0.156099'><ele>2300</ele><time>2025-06-11T00:36:16Z</time></trkpt><trkpt lat='42.770101' lon='0.154307'><ele>2272</ele><time>2025-06-11T01:20:07Z</time></trkpt><trkpt lat='42.770210999999996' lon='0.15398599999999998'><ele>2270</ele><time>2025-06-11T01:28:20Z</time></trkpt><trkpt lat='42.770585' lon='0.153369'><ele>2261</ele><time>2025-06-11T01:42:02Z</time></trkpt><trkpt lat='42.770703' lon='0.15296099999999999'><ele>2256</ele><time>2025-06-11T01:53:00Z</time></trkpt><trkpt lat='42.770758' lon='0.152612'><ele>2254</ele><time>2025-06-11T01:58:29Z</time></trkpt><trkpt lat='42.770754' lon='0.152414'><ele>2252</ele><time>2025-06-11T02:03:58Z</time></trkpt><trkpt lat='42.770711' lon='0.15201699999999999'><ele>2244</ele><time>2025-06-11T02:09:27Z</time></trkpt><trkpt lat='42.770627999999995' lon='0.151577'><ele>2238</ele><time>2025-06-11T02:23:09Z</time></trkpt><trkpt lat='42.770683' lon='0.151416'><ele>2236</ele><time>2025-06-11T02:28:38Z</time></trkpt><trkpt lat='42.77077' lon='0.151341'><ele>2234</ele><time>2025-06-11T02:31:22Z</time></trkpt><trkpt lat='42.771105' lon='0.151298'><ele>2222</ele><time>2025-06-11T02:45:04Z</time></trkpt><trkpt lat='42.771226999999996' lon='0.15126599999999998'><ele>2219</ele><time>2025-06-11T02:50:33Z</time></trkpt><trkpt lat='42.771314' lon='0.151218'><ele>2217</ele><time>2025-06-11T02:53:17Z</time></trkpt><trkpt lat='42.77153' lon='0.15088'><ele>2210</ele><time>2025-06-11T03:04:15Z</time></trkpt><trkpt lat='42.772318999999996' lon='0.150023'><ele>2187</ele><time>2025-06-11T03:39:52Z</time></trkpt><trkpt lat='42.772313' lon='0.149968'><ele>2187</ele><time>2025-06-11T03:42:37Z</time></trkpt><trkpt lat='42.772323' lon='0.149925'><ele>2187</ele><time>2025-06-11T03:42:37Z</time></trkpt><trkpt lat='42.772504999999995' lon='0.14959999999999998'><ele>2182</ele><time>2025-06-11T03:50:50Z</time></trkpt><trkpt lat='42.772684999999996' lon='0.14926899999999999'><ele>2178</ele><time>2025-06-11T03:59:03Z</time></trkpt><trkpt lat='42.772923' lon='0.14891'><ele>2174</ele><time>2025-06-11T04:07:17Z</time></trkpt><trkpt lat='42.772991999999995' lon='0.148841'><ele>2173</ele><time>2025-06-11T04:12:46Z</time></trkpt><trkpt lat='42.773066' lon='0.14876799999999998'><ele>2173</ele><time>2025-06-11T04:15:30Z</time></trkpt><trkpt lat='42.773181' lon='0.148702'><ele>2171</ele><time>2025-06-11T04:20:59Z</time></trkpt><trkpt lat='42.773345' lon='0.148661'><ele>2169</ele><time>2025-06-11T04:26:28Z</time></trkpt><trkpt lat='42.773376' lon='0.14862599999999998'><ele>2168</ele><time>2025-06-11T04:29:12Z</time></trkpt><trkpt lat='42.773508' lon='0.148528'><ele>2169</ele><time>2025-06-11T04:34:41Z</time></trkpt><trkpt lat='42.773649' lon='0.148443'><ele>2167</ele><time>2025-06-11T04:40:10Z</time></trkpt><trkpt lat='42.773952' lon='0.14804299999999998'><ele>2164</ele><time>2025-06-11T04:56:36Z</time></trkpt><trkpt lat='42.774318' lon='0.14762999999999998'><ele>2159</ele><time>2025-06-11T05:13:03Z</time></trkpt><trkpt lat='42.774515' lon='0.147526'><ele>2157</ele><time>2025-06-11T05:18:32Z</time></trkpt><trkpt lat='42.774719999999995' lon='0.14754299999999998'><ele>2155</ele><time>2025-06-11T05:24:01Z</time></trkpt><trkpt lat='42.774794' lon='0.14754799999999998'><ele>2154</ele><time>2025-06-11T05:26:45Z</time></trkpt><trkpt lat='42.774944' lon='0.14732299999999998'><ele>2152</ele><time>2025-06-11T05:32:14Z</time></trkpt><trkpt lat='42.7753' lon='0.14694'><ele>2150</ele><time>2025-06-11T05:43:11Z</time></trkpt><trkpt lat='42.77531' lon='0.14694'><ele>2150</ele><time>2025-06-11T05:43:11Z</time></trkpt><trkpt lat='42.77533' lon='0.14795999999999998'><ele>2133</ele><time>2025-06-11T05:59:38Z</time></trkpt><trkpt lat='42.77539' lon='0.14856'><ele>2122</ele><time>2025-06-11T06:18:49Z</time></trkpt><trkpt lat='42.77549' lon='0.14909999999999998'><ele>2108</ele><time>2025-06-11T06:51:42Z</time></trkpt><trkpt lat='42.77559' lon='0.14937'><ele>2100</ele><time>2025-06-11T07:08:09Z</time></trkpt><trkpt lat='42.77579' lon='0.14967999999999998'><ele>2091</ele><time>2025-06-11T07:27:20Z</time></trkpt><trkpt lat='42.77587' lon='0.14976'><ele>2090</ele><time>2025-06-11T07:32:48Z</time></trkpt><trkpt lat='42.77599' lon='0.15002'><ele>2084</ele><time>2025-06-11T07:38:17Z</time></trkpt><trkpt lat='42.77612' lon='0.15016'><ele>2082</ele><time>2025-06-11T07:43:46Z</time></trkpt><trkpt lat='42.77617' lon='0.15026'><ele>2079</ele><time>2025-06-11T07:46:30Z</time></trkpt><trkpt lat='42.776309999999995' lon='0.1507'><ele>2068</ele><time>2025-06-11T08:08:26Z</time></trkpt><trkpt lat='42.77663' lon='0.15128999999999998'><ele>2053</ele><time>2025-06-11T08:35:50Z</time></trkpt><trkpt lat='42.77674' lon='0.15145'><ele>2050</ele><time>2025-06-11T08:46:48Z</time></trkpt><trkpt lat='42.77684' lon='0.15155'><ele>2047</ele><time>2025-06-11T08:52:17Z</time></trkpt><trkpt lat='42.77684' lon='0.15167999999999998'><ele>2044</ele><time>2025-06-11T08:57:45Z</time></trkpt><trkpt lat='42.777294' lon='0.1522'><ele>2024</ele><time>2025-06-11T09:27:54Z</time></trkpt><trkpt lat='42.777577' lon='0.15262799999999999'><ele>2011</ele><time>2025-06-11T09:52:34Z</time></trkpt><trkpt lat='42.77783' lon='0.15324'><ele>2000</ele><time>2025-06-11T10:11:45Z</time></trkpt><trkpt lat='42.77783' lon='0.15325'><ele>2000</ele><time>2025-06-11T10:14:29Z</time></trkpt><trkpt lat='42.777919999999995' lon='0.1533'><ele>1999</ele><time>2025-06-11T10:17:14Z</time></trkpt><trkpt lat='42.778189999999995' lon='0.15355'><ele>1994</ele><time>2025-06-11T10:25:27Z</time></trkpt><trkpt lat='42.7786' lon='0.15397'><ele>1984</ele><time>2025-06-11T10:39:09Z</time></trkpt><trkpt lat='42.7788' lon='0.1541'><ele>1982</ele><time>2025-06-11T10:47:22Z</time></trkpt><trkpt lat='42.77892' lon='0.15423'><ele>1981</ele><time>2025-06-11T10:50:07Z</time></trkpt><trkpt lat='42.77897' lon='0.15431'><ele>1980</ele><time>2025-06-11T10:52:51Z</time></trkpt><trkpt lat='42.7791' lon='0.15461999999999998'><ele>1978</ele><time>2025-06-11T11:01:04Z</time></trkpt><trkpt lat='42.77924' lon='0.15484'><ele>1974</ele><time>2025-06-11T11:06:33Z</time></trkpt><trkpt lat='42.77941' lon='0.15495'><ele>1971</ele><time>2025-06-11T11:12:02Z</time></trkpt><trkpt lat='42.77972' lon='0.15506'><ele>1963</ele><time>2025-06-11T11:25:44Z</time></trkpt><trkpt lat='42.77997' lon='0.15511999999999998'><ele>1958</ele><time>2025-06-11T11:33:58Z</time></trkpt><trkpt lat='42.780139999999996' lon='0.1552'><ele>1954</ele><time>2025-06-11T11:42:11Z</time></trkpt><trkpt lat='42.78042' lon='0.15558'><ele>1946</ele><time>2025-06-11T11:53:08Z</time></trkpt><trkpt lat='42.78074' lon='0.15602'><ele>1930</ele><time>2025-06-11T12:34:15Z</time></trkpt><trkpt lat='42.78105' lon='0.15639'><ele>1913</ele><time>2025-06-11T13:26:19Z</time></trkpt><trkpt lat='42.7814' lon='0.15671'><ele>1892</ele><time>2025-06-11T14:21:07Z</time></trkpt><trkpt lat='42.7814' lon='0.1567'><ele>1893</ele><time>2025-06-11T14:23:52Z</time></trkpt><trkpt lat='42.781659999999995' lon='0.15695'><ele>1881</ele><time>2025-06-11T14:45:47Z</time></trkpt><trkpt lat='42.78194' lon='0.15725999999999998'><ele>1875</ele><time>2025-06-11T14:56:45Z</time></trkpt><trkpt lat='42.78224' lon='0.15768'><ele>1868</ele><time>2025-06-11T15:07:42Z</time></trkpt><trkpt lat='42.78239' lon='0.1581'><ele>1863</ele><time>2025-06-11T15:18:40Z</time></trkpt><trkpt lat='42.78239' lon='0.15808999999999998'><ele>1863</ele><time>2025-06-11T15:21:25Z</time></trkpt><trkpt lat='42.78254' lon='0.15850999999999998'><ele>1861</ele><time>2025-06-11T15:29:38Z</time></trkpt><trkpt lat='42.782764' lon='0.15892099999999998'><ele>1857</ele><time>2025-06-11T15:43:20Z</time></trkpt><trkpt lat='42.782759999999996' lon='0.15892'><ele>1857</ele><time>2025-06-11T15:46:04Z</time></trkpt><trkpt lat='42.78297' lon='0.15867'><ele>1859</ele><time>2025-06-11T15:54:18Z</time></trkpt><trkpt lat='42.783173' lon='0.15847'><ele>1861</ele><time>2025-06-11T16:05:15Z</time></trkpt><trkpt lat='42.783476' lon='0.158347'><ele>1862</ele><time>2025-06-11T16:16:13Z</time></trkpt><trkpt lat='42.783657' lon='0.158347'><ele>1862</ele><time>2025-06-11T16:24:26Z</time></trkpt><trkpt lat='42.783783' lon='0.158331'><ele>1862</ele><time>2025-06-11T16:29:55Z</time></trkpt><trkpt lat='42.78394' lon='0.15813'><ele>1863</ele><time>2025-06-11T16:38:08Z</time></trkpt><trkpt lat='42.78395' lon='0.1581'><ele>1863</ele><time>2025-06-11T16:38:08Z</time></trkpt><trkpt lat='42.78418' lon='0.15707'><ele>1864</ele><time>2025-06-11T17:08:17Z</time></trkpt><trkpt lat='42.78422' lon='0.15700999999999998'><ele>1864</ele><time>2025-06-11T17:11:01Z</time></trkpt><trkpt lat='42.784299999999995' lon='0.15697'><ele>1864</ele><time>2025-06-11T17:13:46Z</time></trkpt><trkpt lat='42.78431' lon='0.15685'><ele>1864</ele><time>2025-06-11T17:16:30Z</time></trkpt><trkpt lat='42.7844' lon='0.15674'><ele>1865</ele><time>2025-06-11T17:21:59Z</time></trkpt><trkpt lat='42.78451' lon='0.15667'><ele>1868</ele><time>2025-06-11T17:24:44Z</time></trkpt><trkpt lat='42.78451' lon='0.15649'><ele>1868</ele><time>2025-06-11T17:32:57Z</time></trkpt><trkpt lat='42.784459999999996' lon='0.15622999999999998'><ele>1872</ele><time>2025-06-11T17:41:10Z</time></trkpt><trkpt lat='42.78449' lon='0.15617999999999999'><ele>1874</ele><time>2025-06-11T17:43:54Z</time></trkpt><trkpt lat='42.78452' lon='0.15617999999999999'><ele>1874</ele><time>2025-06-11T17:43:54Z</time></trkpt><trkpt lat='42.78476' lon='0.15636999999999998'><ele>1875</ele><time>2025-06-11T17:57:37Z</time></trkpt><trkpt lat='42.78488' lon='0.15639'><ele>1879</ele><time>2025-06-11T18:03:05Z</time></trkpt><trkpt lat='42.784949999999995' lon='0.15631'><ele>1881</ele><time>2025-06-11T18:08:34Z</time></trkpt><trkpt lat='42.78501' lon='0.15636999999999998'><ele>1880</ele><time>2025-06-11T18:11:19Z</time></trkpt><trkpt lat='42.78517' lon='0.15642999999999999'><ele>1878</ele><time>2025-06-11T18:16:48Z</time></trkpt><trkpt lat='42.785219999999995' lon='0.15642'><ele>1877</ele><time>2025-06-11T18:19:32Z</time></trkpt><trkpt lat='42.78526' lon='0.15638'><ele>1876</ele><time>2025-06-11T18:19:32Z</time></trkpt><trkpt lat='42.785379999999996' lon='0.15603999999999998'><ele>1872</ele><time>2025-06-11T18:30:30Z</time></trkpt><trkpt lat='42.78547' lon='0.15589'><ele>1869</ele><time>2025-06-11T18:35:59Z</time></trkpt><trkpt lat='42.78559' lon='0.15578'><ele>1869</ele><time>2025-06-11T18:41:27Z</time></trkpt><trkpt lat='42.785759999999996' lon='0.15575'><ele>1869</ele><time>2025-06-11T18:49:41Z</time></trkpt><trkpt lat='42.785709999999995' lon='0.15552'><ele>1867</ele><time>2025-06-11T18:55:09Z</time></trkpt><trkpt lat='42.785689999999995' lon='0.15533'><ele>1864</ele><time>2025-06-11T19:00:38Z</time></trkpt><trkpt lat='42.78564' lon='0.15514999999999998'><ele>1861</ele><time>2025-06-11T19:03:23Z</time></trkpt><trkpt lat='42.78566' lon='0.15481999999999999'><ele>1857</ele><time>2025-06-11T19:11:36Z</time></trkpt><trkpt lat='42.7857' lon='0.15461999999999998'><ele>1855</ele><time>2025-06-11T19:14:20Z</time></trkpt><trkpt lat='42.78588' lon='0.15411'><ele>1849</ele><time>2025-06-11T19:28:03Z</time></trkpt><trkpt lat='42.786' lon='0.15355'><ele>1841</ele><time>2025-06-11T19:39:00Z</time></trkpt><trkpt lat='42.78609' lon='0.15327'><ele>1836</ele><time>2025-06-11T19:47:13Z</time></trkpt><trkpt lat='42.7862' lon='0.15309'><ele>1832</ele><time>2025-06-11T19:52:42Z</time></trkpt><trkpt lat='42.78628' lon='0.153'><ele>1832</ele><time>2025-06-11T19:55:27Z</time></trkpt><trkpt lat='42.786339999999996' lon='0.15284999999999999'><ele>1830</ele><time>2025-06-11T19:58:11Z</time></trkpt><trkpt lat='42.786359999999995' lon='0.15273'><ele>1829</ele><time>2025-06-11T20:03:40Z</time></trkpt><trkpt lat='42.78644' lon='0.15163'><ele>1823</ele><time>2025-06-11T20:33:49Z</time></trkpt><trkpt lat='42.786429999999996' lon='0.15147'><ele>1822</ele><time>2025-06-11T20:39:18Z</time></trkpt><trkpt lat='42.786429999999996' lon='0.15145'><ele>1823</ele><time>2025-06-11T20:39:18Z</time></trkpt><trkpt lat='42.786429999999996' lon='0.15134999999999998'><ele>1822</ele><time>2025-06-11T20:42:02Z</time></trkpt><trkpt lat='42.78628' lon='0.15048'><ele>1821</ele><time>2025-06-11T21:06:42Z</time></trkpt><trkpt lat='42.7861' lon='0.15014'><ele>1822</ele><time>2025-06-11T21:17:39Z</time></trkpt><trkpt lat='42.78606' lon='0.14984999999999998'><ele>1821</ele><time>2025-06-11T21:25:53Z</time></trkpt><trkpt lat='42.78594' lon='0.1493'><ele>1825</ele><time>2025-06-11T21:42:19Z</time></trkpt><trkpt lat='42.78568' lon='0.14829'><ele>1831</ele><time>2025-06-11T22:12:28Z</time></trkpt><trkpt lat='42.78541' lon='0.14729'><ele>1837</ele><time>2025-06-11T22:42:36Z</time></trkpt><trkpt lat='42.78515' lon='0.14628'><ele>1843</ele><time>2025-06-11T23:12:45Z</time></trkpt><trkpt lat='42.78483' lon='0.14536'><ele>1851</ele><time>2025-06-11T23:48:23Z</time></trkpt><trkpt lat='42.78443' lon='0.14473'><ele>1861</ele><time>2025-06-12T00:13:02Z</time></trkpt><trkpt lat='42.78403' lon='0.1441'><ele>1872</ele><time>2025-06-12T00:45:55Z</time></trkpt><trkpt lat='42.783629999999995' lon='0.14347'><ele>1876</ele><time>2025-06-12T01:10:35Z</time></trkpt><trkpt lat='42.78342' lon='0.14279999999999998'><ele>1884</ele><time>2025-06-12T01:32:31Z</time></trkpt><trkpt lat='42.783139999999996' lon='0.14246999999999999'><ele>1888</ele><time>2025-06-12T01:48:57Z</time></trkpt><trkpt lat='42.782469999999996' lon='0.14193999999999998'><ele>1895</ele><time>2025-06-12T02:19:06Z</time></trkpt><trkpt lat='42.78188' lon='0.14148'><ele>1904</ele><time>2025-06-12T02:49:14Z</time></trkpt><trkpt lat='42.781279999999995' lon='0.14102'><ele>1913</ele><time>2025-06-12T03:19:23Z</time></trkpt><trkpt lat='42.78085' lon='0.14084'><ele>1918</ele><time>2025-06-12T03:38:34Z</time></trkpt><trkpt lat='42.78028' lon='0.14045'><ele>1926</ele><time>2025-06-12T04:05:58Z</time></trkpt><trkpt lat='42.77999' lon='0.14021999999999998'><ele>1926</ele><time>2025-06-12T04:19:40Z</time></trkpt><trkpt lat='42.779849999999996' lon='0.14021'><ele>1926</ele><time>2025-06-12T04:25:09Z</time></trkpt><trkpt lat='42.77971' lon='0.14026'><ele>1927</ele><time>2025-06-12T04:30:38Z</time></trkpt><trkpt lat='42.77966' lon='0.14021'><ele>1926</ele><time>2025-06-12T04:33:23Z</time></trkpt><trkpt lat='42.77965' lon='0.14014'><ele>1924</ele><time>2025-06-12T04:36:07Z</time></trkpt><trkpt lat='42.77956' lon='0.13999999999999999'><ele>1923</ele><time>2025-06-12T04:41:36Z</time></trkpt><trkpt lat='42.77937' lon='0.13993'><ele>1926</ele><time>2025-06-12T04:47:05Z</time></trkpt><trkpt lat='42.77925' lon='0.13995'><ele>1927</ele><time>2025-06-12T04:52:33Z</time></trkpt><trkpt lat='42.779129999999995' lon='0.13993'><ele>1927</ele><time>2025-06-12T04:58:02Z</time></trkpt><trkpt lat='42.77876' lon='0.13979999999999998'><ele>1928</ele><time>2025-06-12T05:11:44Z</time></trkpt><trkpt lat='42.778479999999995' lon='0.13951'><ele>1927</ele><time>2025-06-12T05:25:27Z</time></trkpt><trkpt lat='42.778369999999995' lon='0.13949'><ele>1928</ele><time>2025-06-12T05:30:55Z</time></trkpt><trkpt lat='42.77822' lon='0.13935999999999998'><ele>1927</ele><time>2025-06-12T05:36:24Z</time></trkpt><trkpt lat='42.77802' lon='0.13906'><ele>1927</ele><time>2025-06-12T05:47:22Z</time></trkpt><trkpt lat='42.778009999999995' lon='0.13904'><ele>1927</ele><time>2025-06-12T05:47:22Z</time></trkpt><trkpt lat='42.77787' lon='0.13887'><ele>1926</ele><time>2025-06-12T05:55:35Z</time></trkpt><trkpt lat='42.777809999999995' lon='0.13874999999999998'><ele>1925</ele><time>2025-06-12T05:58:20Z</time></trkpt><trkpt lat='42.777719999999995' lon='0.13863999999999999'><ele>1925</ele><time>2025-06-12T06:03:48Z</time></trkpt><trkpt lat='42.77758' lon='0.13854'><ele>1924</ele><time>2025-06-12T06:09:17Z</time></trkpt><trkpt lat='42.77757' lon='0.13849'><ele>1923</ele><time>2025-06-12T06:12:02Z</time></trkpt><trkpt lat='42.777539999999995' lon='0.13849'><ele>1924</ele><time>2025-06-12T06:12:02Z</time></trkpt><trkpt lat='42.77753' lon='0.13843'><ele>1923</ele><time>2025-06-12T06:14:46Z</time></trkpt><trkpt lat='42.77749' lon='0.1384'><ele>1924</ele><time>2025-06-12T06:17:31Z</time></trkpt><trkpt lat='42.77731' lon='0.13795'><ele>1930</ele><time>2025-06-12T06:31:13Z</time></trkpt><trkpt lat='42.7772' lon='0.13787'><ele>1932</ele><time>2025-06-12T06:36:42Z</time></trkpt><trkpt lat='42.777139999999996' lon='0.13785999999999998'><ele>1934</ele><time>2025-06-12T06:39:26Z</time></trkpt><trkpt lat='42.77709' lon='0.13782999999999998'><ele>1935</ele><time>2025-06-12T06:39:26Z</time></trkpt><trkpt lat='42.776959999999995' lon='0.13781'><ele>1941</ele><time>2025-06-12T06:44:55Z</time></trkpt><trkpt lat='42.77692' lon='0.13785'><ele>1942</ele><time>2025-06-12T06:47:39Z</time></trkpt><trkpt lat='42.776849999999996' lon='0.13777999999999999'><ele>1944</ele><time>2025-06-12T06:50:24Z</time></trkpt><trkpt lat='42.77684' lon='0.13771999999999998'><ele>1945</ele><time>2025-06-12T06:53:08Z</time></trkpt><trkpt lat='42.776669999999996' lon='0.13749999999999998'><ele>1946</ele><time>2025-06-12T07:01:21Z</time></trkpt><trkpt lat='42.77648' lon='0.13735999999999998'><ele>1947</ele><time>2025-06-12T07:09:35Z</time></trkpt><trkpt lat='42.77643' lon='0.13724999999999998'><ele>1947</ele><time>2025-06-12T07:15:03Z</time></trkpt><trkpt lat='42.77632' lon='0.13713999999999998'><ele>1948</ele><time>2025-06-12T07:20:32Z</time></trkpt><trkpt lat='42.77625' lon='0.13710999999999998'><ele>1948</ele><time>2025-06-12T07:23:17Z</time></trkpt><trkpt lat='42.776089999999996' lon='0.1371'><ele>1950</ele><time>2025-06-12T07:28:46Z</time></trkpt><trkpt lat='42.776019999999995' lon='0.13696'><ele>1949</ele><time>2025-06-12T07:34:14Z</time></trkpt><trkpt lat='42.775909999999996' lon='0.13685'><ele>1948</ele><time>2025-06-12T07:36:59Z</time></trkpt><trkpt lat='42.77577' lon='0.13676'><ele>1948</ele><time>2025-06-12T07:45:12Z</time></trkpt><trkpt lat='42.775729999999996' lon='0.13674999999999998'><ele>1948</ele><time>2025-06-12T07:45:12Z</time></trkpt><trkpt lat='42.775549999999996' lon='0.13658'><ele>1948</ele><time>2025-06-12T07:53:25Z</time></trkpt><trkpt lat='42.77533' lon='0.13649999999999998'><ele>1949</ele><time>2025-06-12T08:01:39Z</time></trkpt><trkpt lat='42.7752' lon='0.13641999999999999'><ele>1949</ele><time>2025-06-12T08:07:07Z</time></trkpt><trkpt lat='42.77509' lon='0.13641'><ele>1950</ele><time>2025-06-12T08:12:36Z</time></trkpt><trkpt lat='42.77503' lon='0.13646'><ele>1951</ele><time>2025-06-12T08:15:21Z</time></trkpt><trkpt lat='42.77498' lon='0.13646'><ele>1952</ele><time>2025-06-12T08:18:05Z</time></trkpt><trkpt lat='42.77494' lon='0.13643'><ele>1952</ele><time>2025-06-12T08:20:50Z</time></trkpt><trkpt lat='42.774879999999996' lon='0.13644'><ele>1953</ele><time>2025-06-12T08:23:34Z</time></trkpt><trkpt lat='42.77473' lon='0.1364'><ele>1954</ele><time>2025-06-12T08:29:03Z</time></trkpt><trkpt lat='42.774449999999995' lon='0.13629'><ele>1956</ele><time>2025-06-12T08:40:01Z</time></trkpt><trkpt lat='42.77433' lon='0.1363'><ele>1959</ele><time>2025-06-12T08:45:29Z</time></trkpt><trkpt lat='42.774119999999996' lon='0.13621'><ele>1961</ele><time>2025-06-12T08:53:43Z</time></trkpt><trkpt lat='42.77392' lon='0.1362'><ele>1963</ele><time>2025-06-12T09:01:56Z</time></trkpt><trkpt lat='42.773779999999995' lon='0.13621999999999998'><ele>1965</ele><time>2025-06-12T09:10:09Z</time></trkpt><trkpt lat='42.773759999999996' lon='0.1362'><ele>1965</ele><time>2025-06-12T09:12:54Z</time></trkpt><trkpt lat='42.77362' lon='0.1363'><ele>1969</ele><time>2025-06-12T09:18:22Z</time></trkpt><trkpt lat='42.773579999999995' lon='0.1363'><ele>1969</ele><time>2025-06-12T09:21:07Z</time></trkpt><trkpt lat='42.77344' lon='0.13624'><ele>1970</ele><time>2025-06-12T09:29:20Z</time></trkpt><trkpt lat='42.77342' lon='0.13624'><ele>1971</ele><time>2025-06-12T09:29:20Z</time></trkpt><trkpt lat='42.77339' lon='0.13629'><ele>1973</ele><time>2025-06-12T09:32:05Z</time></trkpt><trkpt lat='42.77326' lon='0.13624'><ele>1975</ele><time>2025-06-12T09:40:18Z</time></trkpt><trkpt lat='42.7731' lon='0.13623'><ele>1978</ele><time>2025-06-12T09:54:00Z</time></trkpt><trkpt lat='42.77296' lon='0.13624999999999998'><ele>1981</ele><time>2025-06-12T10:04:58Z</time></trkpt><trkpt lat='42.77281' lon='0.1363'><ele>1987</ele><time>2025-06-12T10:18:40Z</time></trkpt><trkpt lat='42.77265' lon='0.13626'><ele>1989</ele><time>2025-06-12T10:26:53Z</time></trkpt><trkpt lat='42.77258' lon='0.13626'><ele>1991</ele><time>2025-06-12T10:32:22Z</time></trkpt><trkpt lat='42.77254' lon='0.13621'><ele>1989</ele><time>2025-06-12T10:35:06Z</time></trkpt><trkpt lat='42.77232' lon='0.13623'><ele>1993</ele><time>2025-06-12T10:43:19Z</time></trkpt><trkpt lat='42.77227' lon='0.13621999999999998'><ele>1994</ele><time>2025-06-12T10:46:04Z</time></trkpt><trkpt lat='42.772259999999996' lon='0.13619'><ele>1992</ele><time>2025-06-12T10:48:48Z</time></trkpt><trkpt lat='42.772169999999996' lon='0.13615'><ele>1994</ele><time>2025-06-12T10:54:17Z</time></trkpt><trkpt lat='42.77203' lon='0.13619'><ele>2000</ele><time>2025-06-12T10:59:46Z</time></trkpt><trkpt lat='42.77198' lon='0.13618'><ele>2000</ele><time>2025-06-12T11:02:30Z</time></trkpt><trkpt lat='42.77189' lon='0.13613999999999998'><ele>2001</ele><time>2025-06-12T11:07:59Z</time></trkpt><trkpt lat='42.7718' lon='0.13607'><ele>2003</ele><time>2025-06-12T11:13:28Z</time></trkpt><trkpt lat='42.771719999999995' lon='0.13604'><ele>2005</ele><time>2025-06-12T11:18:57Z</time></trkpt><trkpt lat='42.77156' lon='0.13604'><ele>2008</ele><time>2025-06-12T11:27:10Z</time></trkpt><trkpt lat='42.77148' lon='0.13602'><ele>2010</ele><time>2025-06-12T11:29:55Z</time></trkpt><trkpt lat='42.771429999999995' lon='0.13598'><ele>2011</ele><time>2025-06-12T11:32:39Z</time></trkpt><trkpt lat='42.77102' lon='0.13591999999999999'><ele>2021</ele><time>2025-06-12T12:00:03Z</time></trkpt><trkpt lat='42.7708' lon='0.13597'><ele>2025</ele><time>2025-06-12T12:13:45Z</time></trkpt><trkpt lat='42.770739999999996' lon='0.13596'><ele>2026</ele><time>2025-06-12T12:19:14Z</time></trkpt><trkpt lat='42.77066' lon='0.13602'><ele>2029</ele><time>2025-06-12T12:27:28Z</time></trkpt><trkpt lat='42.77053' lon='0.13607'><ele>2033</ele><time>2025-06-12T12:35:41Z</time></trkpt><trkpt lat='42.77042' lon='0.13607'><ele>2035</ele><time>2025-06-12T12:43:54Z</time></trkpt><trkpt lat='42.77039' lon='0.13609'><ele>2036</ele><time>2025-06-12T12:46:38Z</time></trkpt><trkpt lat='42.77033' lon='0.13619'><ele>2039</ele><time>2025-06-12T13:00:21Z</time></trkpt><trkpt lat='42.76998' lon='0.13649999999999998'><ele>2054</ele><time>2025-06-12T13:52:25Z</time></trkpt><trkpt lat='42.76992' lon='0.13660999999999998'><ele>2057</ele><time>2025-06-12T14:00:38Z</time></trkpt><trkpt lat='42.76983' lon='0.13665'><ele>2060</ele><time>2025-06-12T14:06:07Z</time></trkpt><trkpt lat='42.769709999999996' lon='0.13666999999999999'><ele>2063</ele><time>2025-06-12T14:14:20Z</time></trkpt><trkpt lat='42.76938' lon='0.13663999999999998'><ele>2069</ele><time>2025-06-12T14:36:15Z</time></trkpt><trkpt lat='42.76922' lon='0.13649'><ele>2069</ele><time>2025-06-12T14:44:29Z</time></trkpt><trkpt lat='42.76887' lon='0.13635999999999998'><ele>2071</ele><time>2025-06-12T14:58:11Z</time></trkpt><trkpt lat='42.7686' lon='0.13629'><ele>2076</ele><time>2025-06-12T15:09:08Z</time></trkpt><trkpt lat='42.76847' lon='0.13615'><ele>2077</ele><time>2025-06-12T15:14:37Z</time></trkpt><trkpt lat='42.76844' lon='0.13613999999999998'><ele>2077</ele><time>2025-06-12T15:17:22Z</time></trkpt><trkpt lat='42.768159999999995' lon='0.1357'><ele>2075</ele><time>2025-06-12T15:33:48Z</time></trkpt><trkpt lat='42.768159999999995' lon='0.13569'><ele>2075</ele><time>2025-06-12T15:33:48Z</time></trkpt><trkpt lat='42.768429999999995' lon='0.13532'><ele>2071</ele><time>2025-06-12T15:47:30Z</time></trkpt><trkpt lat='42.76847' lon='0.13532'><ele>2070</ele><time>2025-06-12T15:50:15Z</time></trkpt><trkpt lat='42.76853' lon='0.13516'><ele>2073</ele><time>2025-06-12T15:55:44Z</time></trkpt><trkpt lat='42.76902' lon='0.13443'><ele>2076</ele><time>2025-06-12T16:23:08Z</time></trkpt><trkpt lat='42.76931' lon='0.13371'><ele>2076</ele><time>2025-06-12T16:45:03Z</time></trkpt><trkpt lat='42.76939' lon='0.13344'><ele>2075</ele><time>2025-06-12T16:53:16Z</time></trkpt><trkpt lat='42.76951' lon='0.13330999999999998'><ele>2075</ele><time>2025-06-12T16:58:45Z</time></trkpt><trkpt lat='42.76968' lon='0.13304'><ele>2081</ele><time>2025-06-12T17:09:43Z</time></trkpt><trkpt lat='42.76977' lon='0.13293'><ele>2083</ele><time>2025-06-12T17:15:12Z</time></trkpt><trkpt lat='42.7698' lon='0.13283999999999999'><ele>2085</ele><time>2025-06-12T17:17:56Z</time></trkpt><trkpt lat='42.769839999999995' lon='0.13285'><ele>2084</ele><time>2025-06-12T17:20:41Z</time></trkpt><trkpt lat='42.76987' lon='0.13283999999999999'><ele>2084</ele><time>2025-06-12T17:20:41Z</time></trkpt><trkpt lat='42.77025' lon='0.13252999999999998'><ele>2087</ele><time>2025-06-12T17:39:52Z</time></trkpt><trkpt lat='42.77063' lon='0.13235'><ele>2093</ele><time>2025-06-12T17:56:18Z</time></trkpt><trkpt lat='42.770939999999996' lon='0.13224'><ele>2098</ele><time>2025-06-12T18:15:29Z</time></trkpt><trkpt lat='42.77109' lon='0.13216'><ele>2101</ele><time>2025-06-12T18:26:27Z</time></trkpt><trkpt lat='42.7711' lon='0.13214'><ele>2102</ele><time>2025-06-12T18:26:27Z</time></trkpt><trkpt lat='42.77122' lon='0.13183'><ele>2108</ele><time>2025-06-12T18:40:09Z</time></trkpt><trkpt lat='42.77108' lon='0.13154'><ele>2112</ele><time>2025-06-12T18:53:51Z</time></trkpt><trkpt lat='42.77108' lon='0.13152999999999998'><ele>2113</ele><time>2025-06-12T18:53:51Z</time></trkpt><trkpt lat='42.77124' lon='0.13128'><ele>2116</ele><time>2025-06-12T19:04:49Z</time></trkpt><trkpt lat='42.77122' lon='0.13124'><ele>2118</ele><time>2025-06-12T19:04:49Z</time></trkpt><trkpt lat='42.771519999999995' lon='0.13097'><ele>2120</ele><time>2025-06-12T19:21:15Z</time></trkpt><trkpt lat='42.77171' lon='0.13066999999999998'><ele>2126</ele><time>2025-06-12T19:37:42Z</time></trkpt><trkpt lat='42.77184' lon='0.13066999999999998'><ele>2126</ele><time>2025-06-12T19:45:55Z</time></trkpt><trkpt lat='42.77203' lon='0.13058'><ele>2132</ele><time>2025-06-12T19:56:53Z</time></trkpt><trkpt lat='42.77207' lon='0.13058'><ele>2132</ele><time>2025-06-12T19:59:37Z</time></trkpt><trkpt lat='42.772169999999996' lon='0.13043'><ele>2134</ele><time>2025-06-12T20:05:06Z</time></trkpt><trkpt lat='42.77242' lon='0.13027'><ele>2136</ele><time>2025-06-12T20:16:04Z</time></trkpt><trkpt lat='42.77254' lon='0.13022'><ele>2137</ele><time>2025-06-12T20:21:33Z</time></trkpt><trkpt lat='42.77283' lon='0.13'><ele>2139</ele><time>2025-06-12T20:32:30Z</time></trkpt><trkpt lat='42.77307' lon='0.13'><ele>2141</ele><time>2025-06-12T20:43:28Z</time></trkpt><trkpt lat='42.773129999999995' lon='0.12997'><ele>2141</ele><time>2025-06-12T20:46:12Z</time></trkpt><trkpt lat='42.773179999999996' lon='0.12986999999999999'><ele>2143</ele><time>2025-06-12T20:48:57Z</time></trkpt><trkpt lat='42.773219999999995' lon='0.12967'><ele>2144</ele><time>2025-06-12T20:57:10Z</time></trkpt><trkpt lat='42.77323' lon='0.12951'><ele>2145</ele><time>2025-06-12T21:02:39Z</time></trkpt><trkpt lat='42.773129999999995' lon='0.12922999999999998'><ele>2149</ele><time>2025-06-12T21:16:21Z</time></trkpt><trkpt lat='42.77296' lon='0.12899'><ele>2153</ele><time>2025-06-12T21:27:19Z</time></trkpt><trkpt lat='42.77267' lon='0.12872999999999998'><ele>2161</ele><time>2025-06-12T21:43:45Z</time></trkpt><trkpt lat='42.772659999999995' lon='0.12856'><ele>2166</ele><time>2025-06-12T21:51:58Z</time></trkpt><trkpt lat='42.7727' lon='0.12819'><ele>2168</ele><time>2025-06-12T22:11:09Z</time></trkpt><trkpt lat='42.77252' lon='0.1272'><ele>2186</ele><time>2025-06-12T22:57:45Z</time></trkpt><trkpt lat='42.77251' lon='0.1272'><ele>2188</ele><time>2025-06-12T23:00:29Z</time></trkpt><trkpt lat='42.77248' lon='0.12699'><ele>2195</ele><time>2025-06-12T23:16:56Z</time></trkpt><trkpt lat='42.77251' lon='0.12650999999999998'><ele>2202</ele><time>2025-06-12T23:52:33Z</time></trkpt><trkpt lat='42.7724' lon='0.12625999999999998'><ele>2206</ele><time>2025-06-13T00:06:15Z</time></trkpt><trkpt lat='42.77233' lon='0.12582'><ele>2211</ele><time>2025-06-13T00:22:42Z</time></trkpt><trkpt lat='42.77221' lon='0.12564999999999998'><ele>2215</ele><time>2025-06-13T00:30:55Z</time></trkpt><trkpt lat='42.77205' lon='0.12532'><ele>2218</ele><time>2025-06-13T00:44:37Z</time></trkpt><trkpt lat='42.772009999999995' lon='0.12495999999999999'><ele>2221</ele><time>2025-06-13T00:55:35Z</time></trkpt><trkpt lat='42.77192' lon='0.12451'><ele>2226</ele><time>2025-06-13T01:12:01Z</time></trkpt><trkpt lat='42.77223' lon='0.12366999999999999'><ele>2233</ele><time>2025-06-13T01:44:54Z</time></trkpt><trkpt lat='42.77271' lon='0.12312999999999999'><ele>2243</ele><time>2025-06-13T02:12:19Z</time></trkpt><trkpt lat='42.772946999999995' lon='0.12265699999999999'><ele>2252</ele><time>2025-06-13T02:39:43Z</time></trkpt><trkpt lat='42.772991999999995' lon='0.122361'><ele>2257</ele><time>2025-06-13T02:53:25Z</time></trkpt><trkpt lat='42.7733' lon='0.12219'><ele>2261</ele><time>2025-06-13T03:09:51Z</time></trkpt><trkpt lat='42.77381' lon='0.12164799999999999'><ele>2272</ele><time>2025-06-13T03:42:45Z</time></trkpt><trkpt lat='42.773953999999996' lon='0.121538'><ele>2274</ele><time>2025-06-13T03:53:42Z</time></trkpt><trkpt lat='42.774133' lon='0.12143899999999999'><ele>2280</ele><time>2025-06-13T04:04:40Z</time></trkpt><trkpt lat='42.773959999999995' lon='0.12108'><ele>2286</ele><time>2025-06-13T04:23:51Z</time></trkpt><trkpt lat='42.774060999999996' lon='0.121044'><ele>2288</ele><time>2025-06-13T04:29:20Z</time></trkpt><trkpt lat='42.7742' lon='0.12093999999999999'><ele>2292</ele><time>2025-06-13T04:40:17Z</time></trkpt><trkpt lat='42.774319999999996' lon='0.12117'><ele>2291</ele><time>2025-06-13T04:48:31Z</time></trkpt><trkpt lat='42.77438' lon='0.1209'><ele>2298</ele><time>2025-06-13T05:02:13Z</time></trkpt><trkpt lat='42.77437' lon='0.12044999999999999'><ele>2305</ele><time>2025-06-13T05:26:53Z</time></trkpt><trkpt lat='42.77431' lon='0.11982'><ele>2318</ele><time>2025-06-13T06:02:30Z</time></trkpt><trkpt lat='42.774069999999995' lon='0.1196'><ele>2324</ele><time>2025-06-13T06:18:57Z</time></trkpt><trkpt lat='42.773599999999995' lon='0.11936999999999999'><ele>2332</ele><time>2025-06-13T06:46:21Z</time></trkpt><trkpt lat='42.77395' lon='0.11888'><ele>2346</ele><time>2025-06-13T07:32:56Z</time></trkpt><trkpt lat='42.77427' lon='0.11872999999999999'><ele>2350</ele><time>2025-06-13T07:54:51Z</time></trkpt><trkpt lat='42.77429' lon='0.11868'><ele>2352</ele><time>2025-06-13T07:57:36Z</time></trkpt><trkpt lat='42.77411' lon='0.11846999999999999'><ele>2359</ele><time>2025-06-13T08:11:18Z</time></trkpt><trkpt lat='42.77366' lon='0.11821999999999999'><ele>2370</ele><time>2025-06-13T08:44:11Z</time></trkpt><trkpt lat='42.773495' lon='0.11810499999999999'><ele>2376</ele><time>2025-06-13T08:57:53Z</time></trkpt><trkpt lat='42.77393' lon='0.11774'><ele>2386</ele><time>2025-06-13T09:30:46Z</time></trkpt><trkpt lat='42.774079' lon='0.11763399999999999'><ele>2391</ele><time>2025-06-13T09:52:41Z</time></trkpt><trkpt lat='42.77408' lon='0.11742999999999999'><ele>2399</ele><time>2025-06-13T10:11:52Z</time></trkpt><trkpt lat='42.77409' lon='0.11727'><ele>2405</ele><time>2025-06-13T10:28:19Z</time></trkpt><trkpt lat='42.77415' lon='0.11716'><ele>2410</ele><time>2025-06-13T10:42:01Z</time></trkpt><trkpt lat='42.77427' lon='0.11714999999999999'><ele>2412</ele><time>2025-06-13T10:50:14Z</time></trkpt><trkpt lat='42.77455' lon='0.11728'><ele>2419</ele><time>2025-06-13T11:12:10Z</time></trkpt><trkpt lat='42.774499999999996' lon='0.11703'><ele>2424</ele><time>2025-06-13T11:23:07Z</time></trkpt><trkpt lat='42.77437' lon='0.11675999999999999'><ele>2431</ele><time>2025-06-13T11:53:16Z</time></trkpt><trkpt lat='42.7744' lon='0.11662'><ele>2436</ele><time>2025-06-13T12:06:58Z</time></trkpt><trkpt lat='42.77447' lon='0.11656'><ele>2440</ele><time>2025-06-13T12:12:27Z</time></trkpt><trkpt lat='42.7746' lon='0.11659'><ele>2441</ele><time>2025-06-13T12:20:40Z</time></trkpt><trkpt lat='42.77487' lon='0.11691'><ele>2445</ele><time>2025-06-13T12:37:07Z</time></trkpt><trkpt lat='42.77487' lon='0.11674999999999999'><ele>2448</ele><time>2025-06-13T12:45:20Z</time></trkpt><trkpt lat='42.7748' lon='0.11657999999999999'><ele>2450</ele><time>2025-06-13T12:56:18Z</time></trkpt><trkpt lat='42.774719999999995' lon='0.11619'><ele>2459</ele><time>2025-06-13T13:18:13Z</time></trkpt><trkpt lat='42.774699' lon='0.115868'><ele>2469</ele><time>2025-06-13T13:42:53Z</time></trkpt><trkpt lat='42.77451' lon='0.11566'><ele>2473</ele><time>2025-06-13T14:04:48Z</time></trkpt><trkpt lat='42.774761999999996' lon='0.115463'><ele>2483</ele><time>2025-06-13T14:21:15Z</time></trkpt><trkpt lat='42.77513' lon='0.11603999999999999'><ele>2486</ele><time>2025-06-13T14:45:55Z</time></trkpt><trkpt lat='42.77512' lon='0.11539999999999999'><ele>2498</ele><time>2025-06-13T15:24:17Z</time></trkpt><trkpt lat='42.775099999999995' lon='0.11510999999999999'><ele>2503</ele><time>2025-06-13T15:43:28Z</time></trkpt><trkpt lat='42.77504' lon='0.11489999999999999'><ele>2507</ele><time>2025-06-13T15:57:10Z</time></trkpt><trkpt lat='42.77492' lon='0.11464999999999999'><ele>2514</ele><time>2025-06-13T16:13:36Z</time></trkpt><trkpt lat='42.77495' lon='0.11452'><ele>2518</ele><time>2025-06-13T16:19:05Z</time></trkpt><trkpt lat='42.77509' lon='0.11458'><ele>2518</ele><time>2025-06-13T16:27:18Z</time></trkpt><trkpt lat='42.7753' lon='0.1148'><ele>2522</ele><time>2025-06-13T16:41:00Z</time></trkpt><trkpt lat='42.775439999999996' lon='0.11503999999999999'><ele>2526</ele><time>2025-06-13T16:51:58Z</time></trkpt><trkpt lat='42.775549999999996' lon='0.11541'><ele>2530</ele><time>2025-06-13T17:13:53Z</time></trkpt><trkpt lat='42.775619999999996' lon='0.11507999999999999'><ele>2539</ele><time>2025-06-13T17:30:20Z</time></trkpt><trkpt lat='42.775659999999995' lon='0.11467'><ele>2550</ele><time>2025-06-13T18:08:42Z</time></trkpt><trkpt lat='42.77563' lon='0.11431999999999999'><ele>2553</ele><time>2025-06-13T18:30:37Z</time></trkpt><trkpt lat='42.775729999999996' lon='0.11401'><ele>2563</ele><time>2025-06-13T18:49:48Z</time></trkpt><trkpt lat='42.775639999999996' lon='0.11313'><ele>2581</ele><time>2025-06-13T19:47:21Z</time></trkpt><trkpt lat='42.7755' lon='0.11273999999999999'><ele>2590</ele><time>2025-06-13T20:09:16Z</time></trkpt><trkpt lat='42.77545' lon='0.11233'><ele>2595</ele><time>2025-06-13T20:28:27Z</time></trkpt><trkpt lat='42.77542' lon='0.11223999999999999'><ele>2595</ele><time>2025-06-13T20:31:12Z</time></trkpt><trkpt lat='42.77542' lon='0.11223999999999999'><ele>2595</ele><time>2025-06-13T20:31:12Z</time></trkpt><trkpt lat='42.7755' lon='0.11205'><ele>2595</ele><time>2025-06-13T20:36:41Z</time></trkpt><trkpt lat='42.77556' lon='0.11168'><ele>2590</ele><time>2025-06-13T20:42:10Z</time></trkpt><trkpt lat='42.775569999999995' lon='0.11120999999999999'><ele>2584</ele><time>2025-06-13T20:50:23Z</time></trkpt><trkpt lat='42.775619999999996' lon='0.1108'><ele>2578</ele><time>2025-06-13T21:04:05Z</time></trkpt><trkpt lat='42.775639999999996' lon='0.11076'><ele>2576</ele><time>2025-06-13T21:06:49Z</time></trkpt><trkpt lat='42.77572' lon='0.11095'><ele>2571</ele><time>2025-06-13T21:12:18Z</time></trkpt><trkpt lat='42.77577' lon='0.11098'><ele>2571</ele><time>2025-06-13T21:15:03Z</time></trkpt><trkpt lat='42.77586' lon='0.11095999999999999'><ele>2568</ele><time>2025-06-13T21:17:47Z</time></trkpt><trkpt lat='42.77581' lon='0.11084'><ele>2564</ele><time>2025-06-13T21:23:16Z</time></trkpt><trkpt lat='42.77583' lon='0.11052999999999999'><ele>2563</ele><time>2025-06-13T21:31:29Z</time></trkpt><trkpt lat='42.77592' lon='0.11069'><ele>2557</ele><time>2025-06-13T21:34:14Z</time></trkpt><trkpt lat='42.77599' lon='0.11070999999999999'><ele>2557</ele><time>2025-06-13T21:36:58Z</time></trkpt><trkpt lat='42.77605' lon='0.11069'><ele>2556</ele><time>2025-06-13T21:39:42Z</time></trkpt><trkpt lat='42.77601' lon='0.11066'><ele>2555</ele><time>2025-06-13T21:39:42Z</time></trkpt><trkpt lat='42.77598' lon='0.11038999999999999'><ele>2551</ele><time>2025-06-13T21:47:56Z</time></trkpt><trkpt lat='42.77605' lon='0.11047'><ele>2548</ele><time>2025-06-13T21:50:40Z</time></trkpt><trkpt lat='42.77614' lon='0.11052999999999999'><ele>2547</ele><time>2025-06-13T21:53:24Z</time></trkpt><trkpt lat='42.77617' lon='0.11048999999999999'><ele>2545</ele><time>2025-06-13T21:53:24Z</time></trkpt><trkpt lat='42.77614' lon='0.11041999999999999'><ele>2543</ele><time>2025-06-13T21:56:09Z</time></trkpt><trkpt lat='42.77612' lon='0.11019'><ele>2542</ele><time>2025-06-13T22:01:38Z</time></trkpt><trkpt lat='42.77617' lon='0.10994999999999999'><ele>2538</ele><time>2025-06-13T22:07:07Z</time></trkpt><trkpt lat='42.77623' lon='0.11001999999999999'><ele>2535</ele><time>2025-06-13T22:09:51Z</time></trkpt><trkpt lat='42.77627' lon='0.11012999999999999'><ele>2533</ele><time>2025-06-13T22:12:35Z</time></trkpt><trkpt lat='42.77635' lon='0.11016999999999999'><ele>2531</ele><time>2025-06-13T22:15:20Z</time></trkpt><trkpt lat='42.77632' lon='0.11008'><ele>2531</ele><time>2025-06-13T22:18:04Z</time></trkpt><trkpt lat='42.776309999999995' lon='0.10979'><ele>2527</ele><time>2025-06-13T22:26:18Z</time></trkpt><trkpt lat='42.77633' lon='0.10976'><ele>2526</ele><time>2025-06-13T22:26:18Z</time></trkpt><trkpt lat='42.776579999999996' lon='0.11004'><ele>2519</ele><time>2025-06-13T22:34:31Z</time></trkpt><trkpt lat='42.7768' lon='0.11011'><ele>2516</ele><time>2025-06-13T22:42:44Z</time></trkpt><trkpt lat='42.77697' lon='0.11005'><ele>2511</ele><time>2025-06-13T22:48:13Z</time></trkpt><trkpt lat='42.77718' lon='0.11004'><ele>2507</ele><time>2025-06-13T22:53:42Z</time></trkpt><trkpt lat='42.777249999999995' lon='0.10998999999999999'><ele>2504</ele><time>2025-06-13T22:56:26Z</time></trkpt><trkpt lat='42.776869999999995' lon='0.10965'><ele>2496</ele><time>2025-06-13T23:12:53Z</time></trkpt><trkpt lat='42.77693' lon='0.10959999999999999'><ele>2493</ele><time>2025-06-13T23:15:37Z</time></trkpt><trkpt lat='42.77706' lon='0.10959999999999999'><ele>2491</ele><time>2025-06-13T23:21:06Z</time></trkpt><trkpt lat='42.77719' lon='0.10964'><ele>2490</ele><time>2025-06-13T23:26:35Z</time></trkpt><trkpt lat='42.77768' lon='0.10947'><ele>2477</ele><time>2025-06-13T23:43:01Z</time></trkpt><trkpt lat='42.7774' lon='0.1093'><ele>2471</ele><time>2025-06-13T23:53:59Z</time></trkpt><trkpt lat='42.77722' lon='0.10905999999999999'><ele>2465</ele><time>2025-06-14T00:02:12Z</time></trkpt><trkpt lat='42.777139999999996' lon='0.10887'><ele>2459</ele><time>2025-06-14T00:07:41Z</time></trkpt><trkpt lat='42.77729' lon='0.10898999999999999'><ele>2461</ele><time>2025-06-14T00:13:10Z</time></trkpt><trkpt lat='42.77765' lon='0.10891999999999999'><ele>2453</ele><time>2025-06-14T00:24:08Z</time></trkpt><trkpt lat='42.77747' lon='0.10876999999999999'><ele>2449</ele><time>2025-06-14T00:32:21Z</time></trkpt><trkpt lat='42.77738' lon='0.10855999999999999'><ele>2443</ele><time>2025-06-14T00:37:50Z</time></trkpt><trkpt lat='42.77757' lon='0.10857'><ele>2441</ele><time>2025-06-14T00:43:19Z</time></trkpt><trkpt lat='42.77747' lon='0.10826999999999999'><ele>2432</ele><time>2025-06-14T01:05:14Z</time></trkpt><trkpt lat='42.77739' lon='0.10816999999999999'><ele>2429</ele><time>2025-06-14T01:13:27Z</time></trkpt><trkpt lat='42.77755' lon='0.10811'><ele>2427</ele><time>2025-06-14T01:21:41Z</time></trkpt><trkpt lat='42.77769' lon='0.10801999999999999'><ele>2424</ele><time>2025-06-14T01:27:09Z</time></trkpt><trkpt lat='42.77755' lon='0.10772999999999999'><ele>2416</ele><time>2025-06-14T01:35:23Z</time></trkpt><trkpt lat='42.777499999999996' lon='0.10769'><ele>2415</ele><time>2025-06-14T01:38:07Z</time></trkpt><trkpt lat='42.77726' lon='0.10772999999999999'><ele>2413</ele><time>2025-06-14T01:46:20Z</time></trkpt><trkpt lat='42.77759' lon='0.10721299999999999'><ele>2399</ele><time>2025-06-14T02:02:47Z</time></trkpt><trkpt lat='42.777724' lon='0.107031'><ele>2395</ele><time>2025-06-14T02:11:00Z</time></trkpt><trkpt lat='42.77796' lon='0.106891'><ele>2392</ele><time>2025-06-14T02:16:29Z</time></trkpt><trkpt lat='42.778071' lon='0.10674099999999999'><ele>2389</ele><time>2025-06-14T02:21:58Z</time></trkpt><trkpt lat='42.778299' lon='0.106441'><ele>2382</ele><time>2025-06-14T02:30:11Z</time></trkpt><trkpt lat='42.778385' lon='0.10603299999999999'><ele>2372</ele><time>2025-06-14T02:41:09Z</time></trkpt><trkpt lat='42.778527' lon='0.10578599999999999'><ele>2370</ele><time>2025-06-14T02:49:22Z</time></trkpt><trkpt lat='42.778614' lon='0.105529'><ele>2367</ele><time>2025-06-14T02:54:51Z</time></trkpt><trkpt lat='42.778763999999995' lon='0.10535699999999999'><ele>2366</ele><time>2025-06-14T03:00:20Z</time></trkpt><trkpt lat='42.779244' lon='0.10525'><ele>2364</ele><time>2025-06-14T03:14:02Z</time></trkpt><trkpt lat='42.779526999999995' lon='0.104853'><ele>2354</ele><time>2025-06-14T03:25:00Z</time></trkpt><trkpt lat='42.779787' lon='0.104595'><ele>2347</ele><time>2025-06-14T03:35:57Z</time></trkpt><trkpt lat='42.780228' lon='0.104295'><ele>2339</ele><time>2025-06-14T03:49:39Z</time></trkpt><trkpt lat='42.780307' lon='0.10418799999999999'><ele>2337</ele><time>2025-06-14T03:55:08Z</time></trkpt><trkpt lat='42.780353999999996' lon='0.10403799999999999'><ele>2332</ele><time>2025-06-14T04:00:37Z</time></trkpt><trkpt lat='42.780063' lon='0.103694'><ele>2324</ele><time>2025-06-14T04:14:19Z</time></trkpt><trkpt lat='42.779897' lon='0.10334'><ele>2316</ele><time>2025-06-14T04:25:17Z</time></trkpt><trkpt lat='42.779519' lon='0.10323299999999999'><ele>2310</ele><time>2025-06-14T04:36:15Z</time></trkpt><trkpt lat='42.779306999999996' lon='0.103104'><ele>2307</ele><time>2025-06-14T04:44:28Z</time></trkpt><trkpt lat='42.779306999999996' lon='0.102965'><ele>2304</ele><time>2025-06-14T04:47:12Z</time></trkpt><trkpt lat='42.780417' lon='0.101645'><ele>2275</ele><time>2025-06-14T05:33:47Z</time></trkpt><trkpt lat='42.780819' lon='0.101366'><ele>2267</ele><time>2025-06-14T05:47:30Z</time></trkpt><trkpt lat='42.781338999999996' lon='0.100894'><ele>2255</ele><time>2025-06-14T06:06:40Z</time></trkpt><trkpt lat='42.781479999999995' lon='0.100765'><ele>2251</ele><time>2025-06-14T06:12:09Z</time></trkpt><trkpt lat='42.78159' lon='0.10082999999999999'><ele>2250</ele><time>2025-06-14T06:14:54Z</time></trkpt><trkpt lat='42.781709' lon='0.100948'><ele>2249</ele><time>2025-06-14T06:20:23Z</time></trkpt><trkpt lat='42.781827' lon='0.100948'><ele>2247</ele><time>2025-06-14T06:23:07Z</time></trkpt><trkpt lat='42.781945' lon='0.10081899999999999'><ele>2243</ele><time>2025-06-14T06:28:36Z</time></trkpt><trkpt lat='42.782024' lon='0.10072199999999999'><ele>2241</ele><time>2025-06-14T06:31:20Z</time></trkpt><trkpt lat='42.782016' lon='0.100508'><ele>2239</ele><time>2025-06-14T06:36:49Z</time></trkpt><trkpt lat='42.782118' lon='0.10034699999999999'><ele>2238</ele><time>2025-06-14T06:39:34Z</time></trkpt><trkpt lat='42.782101999999995' lon='0.100186'><ele>2236</ele><time>2025-06-14T06:42:18Z</time></trkpt><trkpt lat='42.782244' lon='0.099907'><ele>2232</ele><time>2025-06-14T06:50:31Z</time></trkpt><trkpt lat='42.782197' lon='0.09978899999999999'><ele>2231</ele><time>2025-06-14T06:53:16Z</time></trkpt><trkpt lat='42.782244' lon='0.09956899999999999'><ele>2229</ele><time>2025-06-14T06:58:44Z</time></trkpt><trkpt lat='42.782244' lon='0.099381'><ele>2226</ele><time>2025-06-14T07:04:13Z</time></trkpt><trkpt lat='42.782205' lon='0.09902699999999999'><ele>2223</ele><time>2025-06-14T07:09:42Z</time></trkpt><trkpt lat='42.782216' lon='0.09887699999999999'><ele>2222</ele><time>2025-06-14T07:12:27Z</time></trkpt><trkpt lat='42.782303' lon='0.098716'><ele>2221</ele><time>2025-06-14T07:17:55Z</time></trkpt><trkpt lat='42.782453' lon='0.098233'><ele>2217</ele><time>2025-06-14T07:28:53Z</time></trkpt><trkpt lat='42.782554999999995' lon='0.09800299999999999'><ele>2215</ele><time>2025-06-14T07:34:22Z</time></trkpt><trkpt lat='42.782582999999995' lon='0.097734'><ele>2212</ele><time>2025-06-14T07:39:51Z</time></trkpt><trkpt lat='42.78263' lon='0.09748799999999999'><ele>2209</ele><time>2025-06-14T07:45:20Z</time></trkpt><trkpt lat='42.782672999999996' lon='0.097144'><ele>2206</ele><time>2025-06-14T07:53:33Z</time></trkpt><trkpt lat='42.782731999999996' lon='0.09690299999999999'><ele>2203</ele><time>2025-06-14T07:59:02Z</time></trkpt><trkpt lat='42.782759999999996' lon='0.09673699999999999'><ele>2201</ele><time>2025-06-14T08:01:46Z</time></trkpt><trkpt lat='42.782838999999996' lon='0.096527'><ele>2198</ele><time>2025-06-14T08:04:31Z</time></trkpt><trkpt lat='42.782835' lon='0.0962'><ele>2192</ele><time>2025-06-14T08:12:44Z</time></trkpt><trkpt lat='42.782827' lon='0.09583499999999999'><ele>2187</ele><time>2025-06-14T08:23:42Z</time></trkpt><trkpt lat='42.782862' lon='0.095492'><ele>2181</ele><time>2025-06-14T08:31:55Z</time></trkpt><trkpt lat='42.782909' lon='0.095347'><ele>2179</ele><time>2025-06-14T08:34:39Z</time></trkpt><trkpt lat='42.782992' lon='0.095235'><ele>2177</ele><time>2025-06-14T08:37:24Z</time></trkpt><trkpt lat='42.783063' lon='0.095229'><ele>2178</ele><time>2025-06-14T08:40:08Z</time></trkpt><trkpt lat='42.783066999999996' lon='0.095133'><ele>2176</ele><time>2025-06-14T08:42:53Z</time></trkpt><trkpt lat='42.783114' lon='0.095041'><ele>2174</ele><time>2025-06-14T08:48:21Z</time></trkpt><trkpt lat='42.783117999999995' lon='0.094939'><ele>2172</ele><time>2025-06-14T08:51:06Z</time></trkpt><trkpt lat='42.782956999999996' lon='0.094827'><ele>2169</ele><time>2025-06-14T08:56:35Z</time></trkpt><trkpt lat='42.782882' lon='0.094317'><ele>2160</ele><time>2025-06-14T09:10:17Z</time></trkpt><trkpt lat='42.782941' lon='0.093775'><ele>2150</ele><time>2025-06-14T09:32:12Z</time></trkpt><trkpt lat='42.78302' lon='0.09343699999999999'><ele>2141</ele><time>2025-06-14T09:45:54Z</time></trkpt><trkpt lat='42.783114' lon='0.093336'><ele>2137</ele><time>2025-06-14T09:51:23Z</time></trkpt><trkpt lat='42.783193' lon='0.09320099999999999'><ele>2134</ele><time>2025-06-14T09:54:07Z</time></trkpt><trkpt lat='42.783256' lon='0.09311'><ele>2133</ele><time>2025-06-14T09:56:52Z</time></trkpt><trkpt lat='42.783291' lon='0.092971'><ele>2131</ele><time>2025-06-14T10:02:21Z</time></trkpt><trkpt lat='42.783421' lon='0.09268599999999999'><ele>2127</ele><time>2025-06-14T10:07:50Z</time></trkpt><trkpt lat='42.783445' lon='0.092606'><ele>2126</ele><time>2025-06-14T10:10:34Z</time></trkpt><trkpt lat='42.783465' lon='0.09238099999999999'><ele>2122</ele><time>2025-06-14T10:18:47Z</time></trkpt><trkpt lat='42.783468' lon='0.092139'><ele>2118</ele><time>2025-06-14T10:24:16Z</time></trkpt><trkpt lat='42.783559' lon='0.09185'><ele>2112</ele><time>2025-06-14T10:32:29Z</time></trkpt><trkpt lat='42.783660999999995' lon='0.09171499999999999'><ele>2109</ele><time>2025-06-14T10:37:58Z</time></trkpt><trkpt lat='42.783878' lon='0.090685'><ele>2090</ele><time>2025-06-14T11:08:07Z</time></trkpt><trkpt lat='42.783975999999996' lon='0.09046'><ele>2085</ele><time>2025-06-14T11:16:20Z</time></trkpt><trkpt lat='42.78402' lon='0.090283'><ele>2082</ele><time>2025-06-14T11:24:33Z</time></trkpt><trkpt lat='42.784102' lon='0.090138'><ele>2078</ele><time>2025-06-14T11:30:02Z</time></trkpt><trkpt lat='42.784189' lon='0.089886'><ele>2071</ele><time>2025-06-14T11:43:44Z</time></trkpt><trkpt lat='42.784268' lon='0.089784'><ele>2069</ele><time>2025-06-14T11:49:13Z</time></trkpt><trkpt lat='42.784330999999995' lon='0.089639'><ele>2065</ele><time>2025-06-14T11:54:42Z</time></trkpt><trkpt lat='42.784448999999995' lon='0.089559'><ele>2064</ele><time>2025-06-14T12:00:11Z</time></trkpt><trkpt lat='42.784515999999996' lon='0.089484'><ele>2063</ele><time>2025-06-14T12:02:55Z</time></trkpt><trkpt lat='42.784543' lon='0.08937099999999999'><ele>2060</ele><time>2025-06-14T12:05:40Z</time></trkpt><trkpt lat='42.78463' lon='0.089253'><ele>2057</ele><time>2025-06-14T12:11:09Z</time></trkpt><trkpt lat='42.784642' lon='0.08911899999999999'><ele>2054</ele><time>2025-06-14T12:13:53Z</time></trkpt><trkpt lat='42.784783' lon='0.088851'><ele>2048</ele><time>2025-06-14T12:24:51Z</time></trkpt><trkpt lat='42.784845999999995' lon='0.08875999999999999'><ele>2047</ele><time>2025-06-14T12:27:35Z</time></trkpt><trkpt lat='42.784894' lon='0.088701'><ele>2046</ele><time>2025-06-14T12:30:20Z</time></trkpt><trkpt lat='42.784886' lon='0.088561'><ele>2042</ele><time>2025-06-14T12:33:04Z</time></trkpt><trkpt lat='42.785' lon='0.088293'><ele>2035</ele><time>2025-06-14T12:44:02Z</time></trkpt><trkpt lat='42.785095' lon='0.08817499999999999'><ele>2034</ele><time>2025-06-14T12:49:30Z</time></trkpt><trkpt lat='42.785216999999996' lon='0.08771899999999999'><ele>2023</ele><time>2025-06-14T13:05:57Z</time></trkpt><trkpt lat='42.785306999999996' lon='0.087504'><ele>2019</ele><time>2025-06-14T13:14:10Z</time></trkpt><trkpt lat='42.785398' lon='0.08707'><ele>2012</ele><time>2025-06-14T13:25:08Z</time></trkpt><trkpt lat='42.784940999999996' lon='0.08724699999999999'><ele>2001</ele><time>2025-06-14T13:44:19Z</time></trkpt><trkpt lat='42.784991999999995' lon='0.08680199999999999'><ele>1993</ele><time>2025-06-14T13:58:01Z</time></trkpt><trkpt lat='42.784606' lon='0.086979'><ele>1984</ele><time>2025-06-14T14:11:43Z</time></trkpt><trkpt lat='42.784559' lon='0.087075'><ele>1984</ele><time>2025-06-14T14:14:28Z</time></trkpt><trkpt lat='42.784472' lon='0.087268'><ele>1983</ele><time>2025-06-14T14:19:56Z</time></trkpt><trkpt lat='42.784420999999995' lon='0.08713399999999999'><ele>1979</ele><time>2025-06-14T14:22:41Z</time></trkpt><trkpt lat='42.784382' lon='0.08680199999999999'><ele>1974</ele><time>2025-06-14T14:30:54Z</time></trkpt><trkpt lat='42.784484' lon='0.08608299999999999'><ele>1965</ele><time>2025-06-14T14:44:36Z</time></trkpt><trkpt lat='42.784479999999995' lon='0.086008'><ele>1963</ele><time>2025-06-14T14:47:21Z</time></trkpt><trkpt lat='42.78424' lon='0.086072'><ele>1960</ele><time>2025-06-14T14:55:34Z</time></trkpt><trkpt lat='42.784205' lon='0.08584699999999999'><ele>1956</ele><time>2025-06-14T15:01:03Z</time></trkpt><trkpt lat='42.784177' lon='0.085686'><ele>1953</ele><time>2025-06-14T15:03:47Z</time></trkpt><trkpt lat='42.784169' lon='0.08531'><ele>1948</ele><time>2025-06-14T15:12:00Z</time></trkpt><trkpt lat='42.784157' lon='0.08512299999999999'><ele>1945</ele><time>2025-06-14T15:14:45Z</time></trkpt><trkpt lat='42.784394' lon='0.084162'><ele>1937</ele><time>2025-06-14T15:33:56Z</time></trkpt><trkpt lat='42.784524' lon='0.083937'><ele>1935</ele><time>2025-06-14T15:42:09Z</time></trkpt><trkpt lat='42.784814999999995' lon='0.083739'><ele>1931</ele><time>2025-06-14T15:50:22Z</time></trkpt><trkpt lat='42.785039' lon='0.083503'><ele>1924</ele><time>2025-06-14T15:55:51Z</time></trkpt><trkpt lat='42.785129999999995' lon='0.082741'><ele>1912</ele><time>2025-06-14T16:15:02Z</time></trkpt><trkpt lat='42.785444999999996' lon='0.08187699999999999'><ele>1892</ele><time>2025-06-14T16:50:40Z</time></trkpt><trkpt lat='42.785593999999996' lon='0.081604'><ele>1890</ele><time>2025-06-14T17:01:37Z</time></trkpt><trkpt lat='42.785984' lon='0.080761'><ele>1886</ele><time>2025-06-14T17:29:02Z</time></trkpt><trkpt lat='42.786043' lon='0.080692'><ele>1885</ele><time>2025-06-14T17:31:46Z</time></trkpt><trkpt lat='42.786193' lon='0.080616'><ele>1884</ele><time>2025-06-14T17:39:59Z</time></trkpt><trkpt lat='42.786189' lon='0.08050399999999999'><ele>1883</ele><time>2025-06-14T17:42:44Z</time></trkpt><trkpt lat='42.786215999999996' lon='0.080466'><ele>1883</ele><time>2025-06-14T17:42:44Z</time></trkpt><trkpt lat='42.786235999999995' lon='0.08041799999999999'><ele>1883</ele><time>2025-06-14T17:45:28Z</time></trkpt><trkpt lat='42.786243999999996' lon='0.080289'><ele>1882</ele><time>2025-06-14T17:48:13Z</time></trkpt><trkpt lat='42.78613' lon='0.080107'><ele>1879</ele><time>2025-06-14T17:56:26Z</time></trkpt><trkpt lat='42.786043' lon='0.079522'><ele>1874</ele><time>2025-06-14T18:10:08Z</time></trkpt><trkpt lat='42.786094' lon='0.079485'><ele>1875</ele><time>2025-06-14T18:10:08Z</time></trkpt><trkpt lat='42.78615' lon='0.07911399999999999'><ele>1872</ele><time>2025-06-14T18:18:21Z</time></trkpt><trkpt lat='42.786125999999996' lon='0.078841'><ele>1870</ele><time>2025-06-14T18:21:06Z</time></trkpt><trkpt lat='42.786016' lon='0.07861'><ele>1864</ele><time>2025-06-14T18:26:34Z</time></trkpt><trkpt lat='42.785933' lon='0.078369'><ele>1860</ele><time>2025-06-14T18:34:48Z</time></trkpt><trkpt lat='42.785886' lon='0.07807399999999999'><ele>1856</ele><time>2025-06-14T18:40:17Z</time></trkpt><trkpt lat='42.785810999999995' lon='0.077924'><ele>1853</ele><time>2025-06-14T18:45:45Z</time></trkpt><trkpt lat='42.785618' lon='0.077773'><ele>1847</ele><time>2025-06-14T18:53:59Z</time></trkpt><trkpt lat='42.785475999999996' lon='0.077639'><ele>1843</ele><time>2025-06-14T18:59:27Z</time></trkpt><trkpt lat='42.785382' lon='0.07747799999999999'><ele>1842</ele><time>2025-06-14T19:04:56Z</time></trkpt><trkpt lat='42.785311' lon='0.07719899999999999'><ele>1842</ele><time>2025-06-14T19:13:10Z</time></trkpt><trkpt lat='42.785181' lon='0.07703299999999999'><ele>1838</ele><time>2025-06-14T19:15:54Z</time></trkpt><trkpt lat='42.785028' lon='0.07672699999999999'><ele>1834</ele><time>2025-06-14T19:24:07Z</time></trkpt><trkpt lat='42.784953' lon='0.076421'><ele>1831</ele><time>2025-06-14T19:29:36Z</time></trkpt><trkpt lat='42.784909' lon='0.076212'><ele>1826</ele><time>2025-06-14T19:48:47Z</time></trkpt><trkpt lat='42.78487' lon='0.076164'><ele>1823</ele><time>2025-06-14T19:54:16Z</time></trkpt><trkpt lat='42.784814999999995' lon='0.075692'><ele>1810</ele><time>2025-06-14T20:35:22Z</time></trkpt><trkpt lat='42.78485' lon='0.075343'><ele>1808</ele><time>2025-06-14T20:43:36Z</time></trkpt><trkpt lat='42.784783' lon='0.075059'><ele>1802</ele><time>2025-06-14T20:51:49Z</time></trkpt><trkpt lat='42.784681' lon='0.074893'><ele>1798</ele><time>2025-06-14T20:54:33Z</time></trkpt><trkpt lat='42.78452' lon='0.07471'><ele>1791</ele><time>2025-06-14T21:19:13Z</time></trkpt><trkpt lat='42.784374' lon='0.074528'><ele>1783</ele><time>2025-06-14T21:38:24Z</time></trkpt><trkpt lat='42.784197' lon='0.073766'><ele>1774</ele><time>2025-06-14T21:57:35Z</time></trkpt><trkpt lat='42.784133999999995' lon='0.073616'><ele>1770</ele><time>2025-06-14T22:00:19Z</time></trkpt><trkpt lat='42.784008' lon='0.072892'><ele>1762</ele><time>2025-06-14T22:16:46Z</time></trkpt><trkpt lat='42.783941' lon='0.07270399999999999'><ele>1757</ele><time>2025-06-14T22:22:15Z</time></trkpt><trkpt lat='42.783972' lon='0.07258099999999999'><ele>1759</ele><time>2025-06-14T22:27:44Z</time></trkpt><trkpt lat='42.78389' lon='0.07238699999999999'><ele>1753</ele><time>2025-06-14T22:33:12Z</time></trkpt><trkpt lat='42.783806999999996' lon='0.071974'><ele>1744</ele><time>2025-06-14T22:44:10Z</time></trkpt><trkpt lat='42.783798999999995' lon='0.071712'><ele>1741</ele><time>2025-06-14T22:49:39Z</time></trkpt><trkpt lat='42.783815' lon='0.07146999999999999'><ele>1740</ele><time>2025-06-14T22:55:08Z</time></trkpt><trkpt lat='42.783806999999996' lon='0.071395'><ele>1738</ele><time>2025-06-14T22:55:08Z</time></trkpt><trkpt lat='42.783806999999996' lon='0.071245'><ele>1737</ele><time>2025-06-14T22:57:52Z</time></trkpt><trkpt lat='42.783778999999996' lon='0.071009'><ele>1734</ele><time>2025-06-14T23:03:21Z</time></trkpt><trkpt lat='42.783798999999995' lon='0.07081'><ele>1732</ele><time>2025-06-14T23:06:05Z</time></trkpt><trkpt lat='42.783819' lon='0.070558'><ele>1728</ele><time>2025-06-14T23:11:34Z</time></trkpt><trkpt lat='42.783953' lon='0.069909'><ele>1722</ele><time>2025-06-14T23:25:16Z</time></trkpt><trkpt lat='42.783953' lon='0.069732'><ele>1719</ele><time>2025-06-14T23:28:01Z</time></trkpt><trkpt lat='42.784047' lon='0.069217'><ele>1716</ele><time>2025-06-14T23:38:59Z</time></trkpt><trkpt lat='42.784093999999996' lon='0.06888999999999999'><ele>1714</ele><time>2025-06-14T23:47:12Z</time></trkpt><trkpt lat='42.784126' lon='0.068117'><ele>1705</ele><time>2025-06-15T00:03:38Z</time></trkpt><trkpt lat='42.784276' lon='0.067715'><ele>1704</ele><time>2025-06-15T00:14:36Z</time></trkpt><trkpt lat='42.784318999999996' lon='0.06734'><ele>1699</ele><time>2025-06-15T00:20:05Z</time></trkpt><trkpt lat='42.784378' lon='0.067077'><ele>1695</ele><time>2025-06-15T00:25:34Z</time></trkpt><trkpt lat='42.784461' lon='0.066846'><ele>1693</ele><time>2025-06-15T00:31:03Z</time></trkpt><trkpt lat='42.784645999999995' lon='0.066422'><ele>1688</ele><time>2025-06-15T00:42:00Z</time></trkpt><trkpt lat='42.784724' lon='0.066116'><ele>1684</ele><time>2025-06-15T00:47:29Z</time></trkpt><trkpt lat='42.784709' lon='0.06591799999999999'><ele>1682</ele><time>2025-06-15T00:50:14Z</time></trkpt><trkpt lat='42.784661' lon='0.065832'><ele>1681</ele><time>2025-06-15T00:52:58Z</time></trkpt><trkpt lat='42.784586999999995' lon='0.065773'><ele>1680</ele><time>2025-06-15T00:55:42Z</time></trkpt><trkpt lat='42.784689' lon='0.06522599999999999'><ele>1672</ele><time>2025-06-15T01:09:24Z</time></trkpt><trkpt lat='42.784669' lon='0.065092'><ele>1670</ele><time>2025-06-15T01:12:09Z</time></trkpt><trkpt lat='42.784724' lon='0.064979'><ele>1670</ele><time>2025-06-15T01:17:38Z</time></trkpt><trkpt lat='42.784772' lon='0.064679'><ele>1668</ele><time>2025-06-15T01:25:51Z</time></trkpt><trkpt lat='42.784929' lon='0.06428199999999999'><ele>1667</ele><time>2025-06-15T01:39:33Z</time></trkpt><trkpt lat='42.784925' lon='0.063938'><ele>1664</ele><time>2025-06-15T01:47:46Z</time></trkpt><trkpt lat='42.785004' lon='0.063542'><ele>1662</ele><time>2025-06-15T02:01:28Z</time></trkpt><trkpt lat='42.785011999999995' lon='0.063359'><ele>1661</ele><time>2025-06-15T02:06:57Z</time></trkpt><trkpt lat='42.785094' lon='0.06314499999999999'><ele>1660</ele><time>2025-06-15T02:12:26Z</time></trkpt><trkpt lat='42.785118' lon='0.062989'><ele>1659</ele><time>2025-06-15T02:17:55Z</time></trkpt><trkpt lat='42.785239999999995' lon='0.06285'><ele>1658</ele><time>2025-06-15T02:26:08Z</time></trkpt><trkpt lat='42.785267999999995' lon='0.062651'><ele>1657</ele><time>2025-06-15T02:31:37Z</time></trkpt><trkpt lat='42.785425' lon='0.062367'><ele>1655</ele><time>2025-06-15T02:42:35Z</time></trkpt><trkpt lat='42.78548' lon='0.062351'><ele>1655</ele><time>2025-06-15T02:42:35Z</time></trkpt><trkpt lat='42.785571' lon='0.062189999999999995'><ele>1655</ele><time>2025-06-15T02:48:04Z</time></trkpt><trkpt lat='42.785618' lon='0.061921'><ele>1653</ele><time>2025-06-15T02:56:17Z</time></trkpt><trkpt lat='42.785728' lon='0.061717999999999995'><ele>1653</ele><time>2025-06-15T03:04:30Z</time></trkpt><trkpt lat='42.785795' lon='0.061401'><ele>1650</ele><time>2025-06-15T03:12:43Z</time></trkpt><trkpt lat='42.785894' lon='0.061144'><ele>1649</ele><time>2025-06-15T03:20:57Z</time></trkpt><trkpt lat='42.785941' lon='0.060821999999999994'><ele>1646</ele><time>2025-06-15T03:31:54Z</time></trkpt><trkpt lat='42.78602' lon='0.060709'><ele>1645</ele><time>2025-06-15T03:37:23Z</time></trkpt><trkpt lat='42.786181' lon='0.060579999999999995'><ele>1644</ele><time>2025-06-15T03:45:37Z</time></trkpt><trkpt lat='42.786327' lon='0.060531999999999996'><ele>1645</ele><time>2025-06-15T03:51:05Z</time></trkpt><trkpt lat='42.786429' lon='0.060382'><ele>1643</ele><time>2025-06-15T03:56:34Z</time></trkpt><trkpt lat='42.786488' lon='0.060216'><ele>1642</ele><time>2025-06-15T04:02:03Z</time></trkpt><trkpt lat='42.786629999999995' lon='0.060150999999999996'><ele>1641</ele><time>2025-06-15T04:07:32Z</time></trkpt><trkpt lat='42.786909' lon='0.060086999999999995'><ele>1640</ele><time>2025-06-15T04:18:30Z</time></trkpt><trkpt lat='42.787059' lon='0.060032999999999996'><ele>1640</ele><time>2025-06-15T04:23:58Z</time></trkpt><trkpt lat='42.78711' lon='0.05991'><ele>1639</ele><time>2025-06-15T04:29:27Z</time></trkpt><trkpt lat='42.78715' lon='0.059883'><ele>1639</ele><time>2025-06-15T04:29:27Z</time></trkpt><trkpt lat='42.787216' lon='0.059775999999999996'><ele>1639</ele><time>2025-06-15T04:34:56Z</time></trkpt><trkpt lat='42.787310999999995' lon='0.059442999999999996'><ele>1636</ele><time>2025-06-15T04:45:54Z</time></trkpt><trkpt lat='42.787409' lon='0.059314'><ele>1635</ele><time>2025-06-15T04:48:38Z</time></trkpt><trkpt lat='42.787492' lon='0.059206999999999996'><ele>1634</ele><time>2025-06-15T04:54:07Z</time></trkpt><trkpt lat='42.787546999999996' lon='0.059158999999999996'><ele>1633</ele><time>2025-06-15T04:56:51Z</time></trkpt><trkpt lat='42.78759' lon='0.059078'><ele>1631</ele><time>2025-06-15T04:56:51Z</time></trkpt><trkpt lat='42.787606' lon='0.058970999999999996'><ele>1628</ele><time>2025-06-15T04:59:36Z</time></trkpt><trkpt lat='42.787704999999995' lon='0.058869'><ele>1627</ele><time>2025-06-15T05:05:05Z</time></trkpt><trkpt lat='42.787579' lon='0.058809999999999994'><ele>1623</ele><time>2025-06-15T05:07:49Z</time></trkpt><trkpt lat='42.787551' lon='0.058858'><ele>1624</ele><time>2025-06-15T05:10:34Z</time></trkpt><trkpt lat='42.787484' lon='0.058799'><ele>1623</ele><time>2025-06-15T05:13:18Z</time></trkpt><trkpt lat='42.787492' lon='0.058686999999999996'><ele>1623</ele><time>2025-06-15T05:16:02Z</time></trkpt><trkpt lat='42.787606' lon='0.058353999999999996'><ele>1622</ele><time>2025-06-15T05:27:00Z</time></trkpt><trkpt lat='42.787669' lon='0.058274'><ele>1622</ele><time>2025-06-15T05:29:45Z</time></trkpt><trkpt lat='42.78774' lon='0.058240999999999994'><ele>1619</ele><time>2025-06-15T05:32:29Z</time></trkpt><trkpt lat='42.787921' lon='0.058129'><ele>1614</ele><time>2025-06-15T05:40:42Z</time></trkpt><trkpt lat='42.787968' lon='0.057693999999999995'><ele>1613</ele><time>2025-06-15T05:51:40Z</time></trkpt><trkpt lat='42.787996' lon='0.057678'><ele>1612</ele><time>2025-06-15T05:54:24Z</time></trkpt><trkpt lat='42.788153' lon='0.057523'><ele>1608</ele><time>2025-06-15T06:02:38Z</time></trkpt><trkpt lat='42.788201' lon='0.057448'><ele>1608</ele><time>2025-06-15T06:05:22Z</time></trkpt><trkpt lat='42.788275999999996' lon='0.057382999999999997'><ele>1606</ele><time>2025-06-15T06:08:06Z</time></trkpt><trkpt lat='42.788315' lon='0.057335'><ele>1605</ele><time>2025-06-15T06:10:51Z</time></trkpt><trkpt lat='42.788331' lon='0.057248999999999994'><ele>1603</ele><time>2025-06-15T06:10:51Z</time></trkpt><trkpt lat='42.788385999999996' lon='0.057173999999999996'><ele>1600</ele><time>2025-06-15T06:13:35Z</time></trkpt><trkpt lat='42.788401' lon='0.057018'><ele>1599</ele><time>2025-06-15T06:19:04Z</time></trkpt><trkpt lat='42.788385999999996' lon='0.056867999999999995'><ele>1599</ele><time>2025-06-15T06:21:49Z</time></trkpt><trkpt lat='42.788436999999995' lon='0.056771999999999996'><ele>1596</ele><time>2025-06-15T06:21:49Z</time></trkpt><trkpt lat='42.788495999999995' lon='0.056540999999999994'><ele>1594</ele><time>2025-06-15T06:27:17Z</time></trkpt><trkpt lat='42.788551' lon='0.056417999999999996'><ele>1592</ele><time>2025-06-15T06:30:02Z</time></trkpt><trkpt lat='42.78859' lon='0.056273'><ele>1592</ele><time>2025-06-15T06:32:46Z</time></trkpt><trkpt lat='42.788669' lon='0.056223999999999996'><ele>1589</ele><time>2025-06-15T06:35:31Z</time></trkpt><trkpt lat='42.788689' lon='0.056123'><ele>1588</ele><time>2025-06-15T06:38:15Z</time></trkpt><trkpt lat='42.788744' lon='0.05608'><ele>1587</ele><time>2025-06-15T06:41:00Z</time></trkpt><trkpt lat='42.788736' lon='0.055800999999999996'><ele>1589</ele><time>2025-06-15T06:46:28Z</time></trkpt><trkpt lat='42.788838999999996' lon='0.055768'><ele>1584</ele><time>2025-06-15T06:49:13Z</time></trkpt><trkpt lat='42.788933' lon='0.055693'><ele>1581</ele><time>2025-06-15T06:51:57Z</time></trkpt><trkpt lat='42.789004' lon='0.055467999999999996'><ele>1579</ele><time>2025-06-15T06:54:42Z</time></trkpt><trkpt lat='42.788987999999996' lon='0.055354999999999994'><ele>1580</ele><time>2025-06-15T06:57:26Z</time></trkpt><trkpt lat='42.789102' lon='0.055275'><ele>1575</ele><time>2025-06-15T07:00:10Z</time></trkpt><trkpt lat='42.789263999999996' lon='0.054476'><ele>1574</ele><time>2025-06-15T07:24:50Z</time></trkpt><trkpt lat='42.789283' lon='0.054358'><ele>1575</ele><time>2025-06-15T07:27:35Z</time></trkpt><trkpt lat='42.789460999999996' lon='0.053579999999999996'><ele>1582</ele><time>2025-06-15T07:52:14Z</time></trkpt><trkpt lat='42.789496' lon='0.053337999999999997'><ele>1586</ele><time>2025-06-15T08:00:28Z</time></trkpt><trkpt lat='42.789432999999995' lon='0.053010999999999996'><ele>1590</ele><time>2025-06-15T08:14:10Z</time></trkpt><trkpt lat='42.789327' lon='0.052593'><ele>1593</ele><time>2025-06-15T08:27:52Z</time></trkpt><trkpt lat='42.789165' lon='0.05226'><ele>1597</ele><time>2025-06-15T08:38:50Z</time></trkpt><trkpt lat='42.789106' lon='0.052008'><ele>1595</ele><time>2025-06-15T08:47:03Z</time></trkpt><trkpt lat='42.789089999999995' lon='0.051793'><ele>1590</ele><time>2025-06-15T08:55:16Z</time></trkpt><trkpt lat='42.788961' lon='0.051681'><ele>1592</ele><time>2025-06-15T09:00:45Z</time></trkpt><trkpt lat='42.788819' lon='0.051659'><ele>1598</ele><time>2025-06-15T09:06:14Z</time></trkpt><trkpt lat='42.788664999999995' lon='0.051396'><ele>1595</ele><time>2025-06-15T09:14:27Z</time></trkpt><trkpt lat='42.788562999999996' lon='0.051283999999999996'><ele>1595</ele><time>2025-06-15T09:19:56Z</time></trkpt><trkpt lat='42.788326999999995' lon='0.050882'><ele>1589</ele><time>2025-06-15T09:36:23Z</time></trkpt><trkpt lat='42.788205' lon='0.050747'><ele>1589</ele><time>2025-06-15T09:41:51Z</time></trkpt><trkpt lat='42.788042999999995' lon='0.050565'><ele>1589</ele><time>2025-06-15T09:50:05Z</time></trkpt><trkpt lat='42.787929' lon='0.050387999999999995'><ele>1585</ele><time>2025-06-15T09:55:33Z</time></trkpt><trkpt lat='42.787772' lon='0.050076999999999997'><ele>1578</ele><time>2025-06-15T10:09:16Z</time></trkpt><trkpt lat='42.78762' lon='0.04962'><ele>1567</ele><time>2025-06-15T10:28:27Z</time></trkpt><trkpt lat='42.78749' lon='0.04942'><ele>1564</ele><time>2025-06-15T10:36:40Z</time></trkpt><trkpt lat='42.78724' lon='0.04929'><ele>1565</ele><time>2025-06-15T10:42:09Z</time></trkpt><trkpt lat='42.78703' lon='0.04904'><ele>1563</ele><time>2025-06-15T10:50:22Z</time></trkpt><trkpt lat='42.786649999999995' lon='0.04867'><ele>1561</ele><time>2025-06-15T11:04:04Z</time></trkpt><trkpt lat='42.786539999999995' lon='0.04834'><ele>1550</ele><time>2025-06-15T11:12:17Z</time></trkpt><trkpt lat='42.78641' lon='0.04813'><ele>1541</ele><time>2025-06-15T11:39:42Z</time></trkpt><trkpt lat='42.786429999999996' lon='0.04786'><ele>1529</ele><time>2025-06-15T12:07:06Z</time></trkpt><trkpt lat='42.786449999999995' lon='0.047819999999999994'><ele>1528</ele><time>2025-06-15T12:09:50Z</time></trkpt><trkpt lat='42.786429999999996' lon='0.04776'><ele>1527</ele><time>2025-06-15T12:12:35Z</time></trkpt><trkpt lat='42.786319999999996' lon='0.04768'><ele>1527</ele><time>2025-06-15T12:18:03Z</time></trkpt><trkpt lat='42.78629' lon='0.04761'><ele>1526</ele><time>2025-06-15T12:20:48Z</time></trkpt><trkpt lat='42.786249999999995' lon='0.047369999999999995'><ele>1519</ele><time>2025-06-15T12:31:46Z</time></trkpt><trkpt lat='42.78626' lon='0.047139999999999994'><ele>1511</ele><time>2025-06-15T12:39:59Z</time></trkpt><trkpt lat='42.78603' lon='0.04631'><ele>1494</ele><time>2025-06-15T13:10:07Z</time></trkpt><trkpt lat='42.7857' lon='0.04572'><ele>1488</ele><time>2025-06-15T13:26:34Z</time></trkpt><trkpt lat='42.78568' lon='0.045649999999999996'><ele>1486</ele><time>2025-06-15T13:29:18Z</time></trkpt><trkpt lat='42.78568' lon='0.04564'><ele>1485</ele><time>2025-06-15T13:29:18Z</time></trkpt><trkpt lat='42.78561' lon='0.045399999999999996'><ele>1480</ele><time>2025-06-15T13:34:47Z</time></trkpt><trkpt lat='42.785599999999995' lon='0.04519'><ele>1473</ele><time>2025-06-15T13:45:45Z</time></trkpt><trkpt lat='42.78554' lon='0.04487'><ele>1468</ele><time>2025-06-15T13:59:27Z</time></trkpt><trkpt lat='42.78554' lon='0.04464'><ele>1463</ele><time>2025-06-15T14:21:22Z</time></trkpt><trkpt lat='42.78563' lon='0.044379999999999996'><ele>1450</ele><time>2025-06-15T14:51:31Z</time></trkpt><trkpt lat='42.78566' lon='0.04418'><ele>1444</ele><time>2025-06-15T14:57:00Z</time></trkpt><trkpt lat='42.78562' lon='0.04407'><ele>1444</ele><time>2025-06-15T14:59:44Z</time></trkpt><trkpt lat='42.78553' lon='0.04399'><ele>1450</ele><time>2025-06-15T15:05:13Z</time></trkpt><trkpt lat='42.78548' lon='0.043899999999999995'><ele>1452</ele><time>2025-06-15T15:05:13Z</time></trkpt><trkpt lat='42.78543' lon='0.043609999999999996'><ele>1451</ele><time>2025-06-15T15:13:26Z</time></trkpt><trkpt lat='42.78545' lon='0.04325'><ele>1441</ele><time>2025-06-15T15:21:40Z</time></trkpt><trkpt lat='42.7855' lon='0.04292'><ele>1427</ele><time>2025-06-15T15:29:53Z</time></trkpt><trkpt lat='42.78557' lon='0.0428'><ele>1417</ele><time>2025-06-15T15:49:04Z</time></trkpt><trkpt lat='42.78566' lon='0.042749999999999996'><ele>1408</ele><time>2025-06-15T16:02:46Z</time></trkpt><trkpt lat='42.7857' lon='0.04262'><ele>1402</ele><time>2025-06-15T16:13:44Z</time></trkpt><trkpt lat='42.785759999999996' lon='0.041569999999999996'><ele>1378</ele><time>2025-06-15T17:14:01Z</time></trkpt><trkpt lat='42.78573' lon='0.04124'><ele>1377</ele><time>2025-06-15T17:22:14Z</time></trkpt><trkpt lat='42.78556' lon='0.040665'><ele>1379</ele><time>2025-06-15T17:35:56Z</time></trkpt><trkpt lat='42.78539' lon='0.04009'><ele>1371</ele><time>2025-06-15T17:46:54Z</time></trkpt><trkpt lat='42.78535' lon='0.03968'><ele>1361</ele><time>2025-06-15T17:57:52Z</time></trkpt><trkpt lat='42.785379999999996' lon='0.03934'><ele>1344</ele><time>2025-06-15T18:33:29Z</time></trkpt><trkpt lat='42.785329999999995' lon='0.03893'><ele>1332</ele><time>2025-06-15T19:14:36Z</time></trkpt><trkpt lat='42.78536' lon='0.03856'><ele>1320</ele><time>2025-06-15T19:50:13Z</time></trkpt><trkpt lat='42.785309999999996' lon='0.0382'><ele>1315</ele><time>2025-06-15T20:03:55Z</time></trkpt><trkpt lat='42.785329999999995' lon='0.03798'><ele>1308</ele><time>2025-06-15T20:12:08Z</time></trkpt><trkpt lat='42.7853' lon='0.03777'><ele>1303</ele><time>2025-06-15T20:23:06Z</time></trkpt><trkpt lat='42.78523' lon='0.03746'><ele>1298</ele><time>2025-06-15T20:34:04Z</time></trkpt><trkpt lat='42.785219999999995' lon='0.037219999999999996'><ele>1291</ele><time>2025-06-15T20:45:02Z</time></trkpt><trkpt lat='42.78515' lon='0.03705'><ele>1287</ele><time>2025-06-15T20:50:30Z</time></trkpt><trkpt lat='42.78505' lon='0.03694'><ele>1284</ele><time>2025-06-15T20:55:59Z</time></trkpt><trkpt lat='42.784839999999996' lon='0.03685'><ele>1282</ele><time>2025-06-15T21:04:12Z</time></trkpt><trkpt lat='42.78479' lon='0.036809999999999996'><ele>1281</ele><time>2025-06-15T21:04:12Z</time></trkpt><trkpt lat='42.784769999999995' lon='0.03676'><ele>1278</ele><time>2025-06-15T21:06:57Z</time></trkpt><trkpt lat='42.78479' lon='0.03666'><ele>1274</ele><time>2025-06-15T21:15:10Z</time></trkpt><trkpt lat='42.784819999999996' lon='0.036629999999999996'><ele>1273</ele><time>2025-06-15T21:17:55Z</time></trkpt><trkpt lat='42.785039999999995' lon='0.03657'><ele>1270</ele><time>2025-06-15T21:34:21Z</time></trkpt><trkpt lat='42.78547' lon='0.0364'><ele>1251</ele><time>2025-06-15T22:09:59Z</time></trkpt><trkpt lat='42.78545' lon='0.03635'><ele>1250</ele><time>2025-06-15T22:15:27Z</time></trkpt><trkpt lat='42.785379999999996' lon='0.03628'><ele>1249</ele><time>2025-06-15T22:23:41Z</time></trkpt><trkpt lat='42.78537' lon='0.03623'><ele>1247</ele><time>2025-06-15T22:26:25Z</time></trkpt><trkpt lat='42.785399999999996' lon='0.036199999999999996'><ele>1244</ele><time>2025-06-15T22:31:54Z</time></trkpt><trkpt lat='42.7855' lon='0.036199999999999996'><ele>1240</ele><time>2025-06-15T22:40:07Z</time></trkpt><trkpt lat='42.78553' lon='0.03618'><ele>1237</ele><time>2025-06-15T22:45:36Z</time></trkpt><trkpt lat='42.78552' lon='0.03614'><ele>1236</ele><time>2025-06-15T22:51:05Z</time></trkpt><trkpt lat='42.78543' lon='0.03603'><ele>1235</ele><time>2025-06-15T23:02:03Z</time></trkpt><trkpt lat='42.78541' lon='0.035969999999999995'><ele>1233</ele><time>2025-06-15T23:10:16Z</time></trkpt><trkpt lat='42.78545' lon='0.03594'><ele>1230</ele><time>2025-06-15T23:15:45Z</time></trkpt><trkpt lat='42.78559' lon='0.03594'><ele>1224</ele><time>2025-06-15T23:32:11Z</time></trkpt><trkpt lat='42.78574' lon='0.03603'><ele>1219</ele><time>2025-06-15T23:54:07Z</time></trkpt><trkpt lat='42.785799999999995' lon='0.036019999999999996'><ele>1216</ele><time>2025-06-16T00:02:20Z</time></trkpt><trkpt lat='42.78583' lon='0.03599'><ele>1213</ele><time>2025-06-16T00:07:49Z</time></trkpt><trkpt lat='42.78584' lon='0.035949999999999996'><ele>1211</ele><time>2025-06-16T00:10:33Z</time></trkpt><trkpt lat='42.785799999999995' lon='0.035879999999999995'><ele>1210</ele><time>2025-06-16T00:13:18Z</time></trkpt><trkpt lat='42.785419999999995' lon='0.035385'><ele>1207</ele><time>2025-06-16T00:29:44Z</time></trkpt><trkpt lat='42.785039999999995' lon='0.03489'><ele>1201</ele><time>2025-06-16T00:46:11Z</time></trkpt><trkpt lat='42.78481' lon='0.03428'><ele>1189</ele><time>2025-06-16T01:05:22Z</time></trkpt><trkpt lat='42.78456' lon='0.034069999999999996'><ele>1187</ele><time>2025-06-16T01:16:19Z</time></trkpt><trkpt lat='42.78444' lon='0.03403'><ele>1187</ele><time>2025-06-16T01:19:04Z</time></trkpt><trkpt lat='42.78434' lon='0.03388'><ele>1182</ele><time>2025-06-16T01:24:33Z</time></trkpt><trkpt lat='42.78382' lon='0.033499999999999995'><ele>1168</ele><time>2025-06-16T01:40:59Z</time></trkpt><trkpt lat='42.78353' lon='0.03322'><ele>1160</ele><time>2025-06-16T01:57:26Z</time></trkpt><trkpt lat='42.78324' lon='0.03275'><ele>1147</ele><time>2025-06-16T02:16:37Z</time></trkpt><trkpt lat='42.78311' lon='0.03261'><ele>1144</ele><time>2025-06-16T02:22:05Z</time></trkpt><trkpt lat='42.78315' lon='0.032389999999999995'><ele>1143</ele><time>2025-06-16T02:24:50Z</time></trkpt><trkpt lat='42.783229999999996' lon='0.03215'><ele>1141</ele><time>2025-06-16T02:30:19Z</time></trkpt><trkpt lat='42.78337' lon='0.03197'><ele>1139</ele><time>2025-06-16T02:35:48Z</time></trkpt><trkpt lat='42.78351' lon='0.03184'><ele>1135</ele><time>2025-06-16T02:38:32Z</time></trkpt><trkpt lat='42.78362' lon='0.03181'><ele>1134</ele><time>2025-06-16T02:44:01Z</time></trkpt><trkpt lat='42.78369' lon='0.03182'><ele>1135</ele><time>2025-06-16T02:46:45Z</time></trkpt><trkpt lat='42.784099999999995' lon='0.0321'><ele>1137</ele><time>2025-06-16T03:05:56Z</time></trkpt><trkpt lat='42.78424' lon='0.03223'><ele>1137</ele><time>2025-06-16T03:11:25Z</time></trkpt><trkpt lat='42.78444' lon='0.03227'><ele>1133</ele><time>2025-06-16T03:19:38Z</time></trkpt><trkpt lat='42.78453' lon='0.0322'><ele>1131</ele><time>2025-06-16T03:22:23Z</time></trkpt><trkpt lat='42.784569999999995' lon='0.03193'><ele>1128</ele><time>2025-06-16T03:30:36Z</time></trkpt><trkpt lat='42.784549999999996' lon='0.0317'><ele>1126</ele><time>2025-06-16T03:38:49Z</time></trkpt><trkpt lat='42.78456' lon='0.03155'><ele>1126</ele><time>2025-06-16T03:41:34Z</time></trkpt><trkpt lat='42.78471' lon='0.030959999999999998'><ele>1133</ele><time>2025-06-16T04:00:45Z</time></trkpt><trkpt lat='42.784729999999996' lon='0.03049'><ele>1134</ele><time>2025-06-16T04:14:27Z</time></trkpt><trkpt lat='42.78476' lon='0.03032'><ele>1136</ele><time>2025-06-16T04:19:56Z</time></trkpt><trkpt lat='42.784819999999996' lon='0.03017'><ele>1138</ele><time>2025-06-16T04:25:24Z</time></trkpt><trkpt lat='42.78492' lon='0.03001'><ele>1140</ele><time>2025-06-16T04:30:53Z</time></trkpt><trkpt lat='42.78514' lon='0.029679999999999998'><ele>1141</ele><time>2025-06-16T04:41:51Z</time></trkpt><trkpt lat='42.78521' lon='0.029519999999999998'><ele>1141</ele><time>2025-06-16T04:47:20Z</time></trkpt><trkpt lat='42.785289999999996' lon='0.0293'><ele>1139</ele><time>2025-06-16T04:55:33Z</time></trkpt><trkpt lat='42.78552' lon='0.028909999999999998'><ele>1137</ele><time>2025-06-16T05:09:15Z</time></trkpt><trkpt lat='42.785669999999996' lon='0.02869'><ele>1135</ele><time>2025-06-16T05:17:28Z</time></trkpt><trkpt lat='42.785759999999996' lon='0.02846'><ele>1132</ele><time>2025-06-16T05:25:42Z</time></trkpt><trkpt lat='42.785959999999996' lon='0.02805'><ele>1133</ele><time>2025-06-16T05:39:24Z</time></trkpt><trkpt lat='42.78633' lon='0.02746'><ele>1134</ele><time>2025-06-16T06:01:19Z</time></trkpt><trkpt lat='42.786539999999995' lon='0.0272'><ele>1133</ele><time>2025-06-16T06:12:17Z</time></trkpt><trkpt lat='42.786649999999995' lon='0.027'><ele>1131</ele><time>2025-06-16T06:20:30Z</time></trkpt><trkpt lat='42.78671' lon='0.02686'><ele>1130</ele><time>2025-06-16T06:25:59Z</time></trkpt><trkpt lat='42.786739999999995' lon='0.02666'><ele>1126</ele><time>2025-06-16T06:31:28Z</time></trkpt><trkpt lat='42.78676' lon='0.02625'><ele>1119</ele><time>2025-06-16T06:42:26Z</time></trkpt><trkpt lat='42.787079999999996' lon='0.025699999999999997'><ele>1115</ele><time>2025-06-16T07:04:21Z</time></trkpt><trkpt lat='42.787169999999996' lon='0.02541'><ele>1113</ele><time>2025-06-16T07:12:34Z</time></trkpt><trkpt lat='42.78741' lon='0.024829999999999998'><ele>1109</ele><time>2025-06-16T07:31:45Z</time></trkpt><trkpt lat='42.78783' lon='0.024149999999999998'><ele>1106</ele><time>2025-06-16T07:56:25Z</time></trkpt><trkpt lat='42.78826' lon='0.0231'><ele>1094</ele><time>2025-06-16T08:18:20Z</time></trkpt><trkpt lat='42.78843' lon='0.02277'><ele>1093</ele><time>2025-06-16T08:26:34Z</time></trkpt><trkpt lat='42.788579999999996' lon='0.02259'><ele>1096</ele><time>2025-06-16T08:32:02Z</time></trkpt><trkpt lat='42.788619999999995' lon='0.022459999999999997'><ele>1094</ele><time>2025-06-16T08:34:47Z</time></trkpt><trkpt lat='42.78861' lon='0.02226'><ele>1086</ele><time>2025-06-16T08:40:16Z</time></trkpt><trkpt lat='42.78874' lon='0.021599999999999998'><ele>1073</ele><time>2025-06-16T08:53:58Z</time></trkpt><trkpt lat='42.78874' lon='0.02158'><ele>1072</ele><time>2025-06-16T08:56:42Z</time></trkpt><trkpt lat='42.788799999999995' lon='0.021429999999999998'><ele>1071</ele><time>2025-06-16T08:59:27Z</time></trkpt><trkpt lat='42.78928' lon='0.020409999999999998'><ele>1059</ele><time>2025-06-16T09:21:22Z</time></trkpt><trkpt lat='42.78944' lon='0.020159999999999997'><ele>1053</ele><time>2025-06-16T09:32:20Z</time></trkpt><trkpt lat='42.78957' lon='0.02011'><ele>1056</ele><time>2025-06-16T09:37:49Z</time></trkpt><trkpt lat='42.78976' lon='0.02005'><ele>1058</ele><time>2025-06-16T09:46:02Z</time></trkpt><trkpt lat='42.79' lon='0.02'><ele>1059</ele><time>2025-06-16T09:54:15Z</time></trkpt><trkpt lat='42.790189999999996' lon='0.02'><ele>1060</ele><time>2025-06-16T10:02:28Z</time></trkpt><trkpt lat='42.79045' lon='0.01992'><ele>1055</ele><time>2025-06-16T10:13:26Z</time></trkpt><trkpt lat='42.79047' lon='0.01987'><ele>1052</ele><time>2025-06-16T10:16:10Z</time></trkpt><trkpt lat='42.79047' lon='0.019799999999999998'><ele>1048</ele><time>2025-06-16T10:16:10Z</time></trkpt><trkpt lat='42.79044' lon='0.01975'><ele>1046</ele><time>2025-06-16T10:18:55Z</time></trkpt><trkpt lat='42.79034' lon='0.0197'><ele>1043</ele><time>2025-06-16T10:21:39Z</time></trkpt><trkpt lat='42.79011' lon='0.01965'><ele>1040</ele><time>2025-06-16T10:29:53Z</time></trkpt><trkpt lat='42.789899999999996' lon='0.01965'><ele>1036</ele><time>2025-06-16T10:35:21Z</time></trkpt><trkpt lat='42.78989' lon='0.01957'><ele>1032</ele><time>2025-06-16T10:38:06Z</time></trkpt><trkpt lat='42.789919999999995' lon='0.01951'><ele>1030</ele><time>2025-06-16T10:40:50Z</time></trkpt><trkpt lat='42.79002' lon='0.01948'><ele>1031</ele><time>2025-06-16T10:43:35Z</time></trkpt><trkpt lat='42.79033' lon='0.019129999999999998'><ele>1023</ele><time>2025-06-16T10:57:17Z</time></trkpt><trkpt lat='42.79038' lon='0.01911'><ele>1023</ele><time>2025-06-16T11:00:01Z</time></trkpt><trkpt lat='42.79047' lon='0.019129999999999998'><ele>1023</ele><time>2025-06-16T11:02:46Z</time></trkpt><trkpt lat='42.79061' lon='0.019209999999999998'><ele>1024</ele><time>2025-06-16T11:08:14Z</time></trkpt><trkpt lat='42.790659999999995' lon='0.01919'><ele>1023</ele><time>2025-06-16T11:10:59Z</time></trkpt><trkpt lat='42.79069' lon='0.01909'><ele>1021</ele><time>2025-06-16T11:13:43Z</time></trkpt><trkpt lat='42.79061' lon='0.01889'><ele>1019</ele><time>2025-06-16T11:19:12Z</time></trkpt><trkpt lat='42.79049' lon='0.018779999999999998'><ele>1017</ele><time>2025-06-16T11:21:57Z</time></trkpt><trkpt lat='42.79041' lon='0.01875'><ele>1015</ele><time>2025-06-16T11:24:41Z</time></trkpt><trkpt lat='42.790299999999995' lon='0.01877'><ele>1014</ele><time>2025-06-16T11:30:10Z</time></trkpt><trkpt lat='42.79014' lon='0.018879999999999997'><ele>1013</ele><time>2025-06-16T11:35:39Z</time></trkpt><trkpt lat='42.78997' lon='0.01892'><ele>1010</ele><time>2025-06-16T11:41:08Z</time></trkpt><trkpt lat='42.78978' lon='0.01909'><ele>1009</ele><time>2025-06-16T11:52:05Z</time></trkpt><trkpt lat='42.7896' lon='0.01932'><ele>1011</ele><time>2025-06-16T12:00:18Z</time></trkpt><trkpt lat='42.789429999999996' lon='0.01936'><ele>1008</ele><time>2025-06-16T12:08:32Z</time></trkpt><trkpt lat='42.7891' lon='0.019459999999999998'><ele>1003</ele><time>2025-06-16T12:22:14Z</time></trkpt><trkpt lat='42.78903' lon='0.01945'><ele>1002</ele><time>2025-06-16T12:24:58Z</time></trkpt><trkpt lat='42.789' lon='0.01942'><ele>1002</ele><time>2025-06-16T12:24:58Z</time></trkpt><trkpt lat='42.78883' lon='0.01951'><ele>1002</ele><time>2025-06-16T12:33:12Z</time></trkpt><trkpt lat='42.78863' lon='0.01954'><ele>1001</ele><time>2025-06-16T12:41:25Z</time></trkpt><trkpt lat='42.788599999999995' lon='0.01971'><ele>1002</ele><time>2025-06-16T12:44:09Z</time></trkpt><trkpt lat='42.78853' lon='0.01985'><ele>1002</ele><time>2025-06-16T12:49:38Z</time></trkpt><trkpt lat='42.788419999999995' lon='0.01993'><ele>1002</ele><time>2025-06-16T12:55:07Z</time></trkpt><trkpt lat='42.788129999999995' lon='0.01994'><ele>1002</ele><time>2025-06-16T13:06:05Z</time></trkpt><trkpt lat='42.78807' lon='0.01995'><ele>1003</ele><time>2025-06-16T13:08:49Z</time></trkpt><trkpt lat='42.78806' lon='0.01971'><ele>1002</ele><time>2025-06-16T13:17:02Z</time></trkpt><trkpt lat='42.78801' lon='0.01971'><ele>1002</ele><time>2025-06-16T13:17:02Z</time></trkpt><trkpt lat='42.78761' lon='0.01986'><ele>1003</ele><time>2025-06-16T13:33:29Z</time></trkpt><trkpt lat='42.787569999999995' lon='0.01986'><ele>1003</ele><time>2025-06-16T13:36:13Z</time></trkpt><trkpt lat='42.787549999999996' lon='0.01984'><ele>1003</ele><time>2025-06-16T13:36:13Z</time></trkpt><trkpt lat='42.787479999999995' lon='0.01995'><ele>1003</ele><time>2025-06-16T13:41:42Z</time></trkpt><trkpt lat='42.78733' lon='0.02034'><ele>1003</ele><time>2025-06-16T13:52:40Z</time></trkpt><trkpt lat='42.78724' lon='0.020829999999999998'><ele>1007</ele><time>2025-06-16T14:09:06Z</time></trkpt><trkpt lat='42.78713' lon='0.02107'><ele>1010</ele><time>2025-06-16T14:17:20Z</time></trkpt><trkpt lat='42.787009999999995' lon='0.02124'><ele>1012</ele><time>2025-06-16T14:22:48Z</time></trkpt><trkpt lat='42.78697' lon='0.02127'><ele>1012</ele><time>2025-06-16T14:25:33Z</time></trkpt><trkpt lat='42.78687' lon='0.021259999999999998'><ele>1010</ele><time>2025-06-16T14:28:17Z</time></trkpt><trkpt lat='42.78667' lon='0.021159999999999998'><ele>1008</ele><time>2025-06-16T14:36:31Z</time></trkpt><trkpt lat='42.78669' lon='0.02102'><ele>1007</ele><time>2025-06-16T14:41:59Z</time></trkpt><trkpt lat='42.78668' lon='0.020839999999999997'><ele>1006</ele><time>2025-06-16T14:47:28Z</time></trkpt><trkpt lat='42.78662' lon='0.02055'><ele>1006</ele><time>2025-06-16T14:55:42Z</time></trkpt><trkpt lat='42.786429999999996' lon='0.02009'><ele>1007</ele><time>2025-06-16T15:09:24Z</time></trkpt><trkpt lat='42.78619' lon='0.01958'><ele>1007</ele><time>2025-06-16T15:28:35Z</time></trkpt><trkpt lat='42.78601' lon='0.01927'><ele>1004</ele><time>2025-06-16T15:39:32Z</time></trkpt><trkpt lat='42.78584' lon='0.019119999999999998'><ele>1003</ele><time>2025-06-16T15:47:46Z</time></trkpt><trkpt lat='42.78528' lon='0.018879999999999997'><ele>1004</ele><time>2025-06-16T16:09:41Z</time></trkpt><trkpt lat='42.78523' lon='0.01883'><ele>1004</ele><time>2025-06-16T16:12:25Z</time></trkpt><trkpt lat='42.785039999999995' lon='0.01823'><ele>998</ele><time>2025-06-16T16:31:36Z</time></trkpt><trkpt lat='42.78497' lon='0.01792'><ele>999</ele><time>2025-06-16T16:45:18Z</time></trkpt><trkpt lat='42.78498' lon='0.01772'><ele>1001</ele><time>2025-06-16T16:53:32Z</time></trkpt><trkpt lat='42.78498' lon='0.01773'><ele>1001</ele><time>2025-06-16T16:53:32Z</time></trkpt><trkpt lat='42.78498' lon='0.017329999999999998'><ele>1008</ele><time>2025-06-16T17:07:14Z</time></trkpt><trkpt lat='42.784929999999996' lon='0.017089999999999998'><ele>1012</ele><time>2025-06-16T17:15:27Z</time></trkpt><trkpt lat='42.784769999999995' lon='0.01655'><ele>1026</ele><time>2025-06-16T18:10:15Z</time></trkpt><trkpt lat='42.784769999999995' lon='0.01654'><ele>1026</ele><time>2025-06-16T18:13:00Z</time></trkpt><trkpt lat='42.78442' lon='0.01664'><ele>1027</ele><time>2025-06-16T18:26:42Z</time></trkpt><trkpt lat='42.78442' lon='0.01663'><ele>1027</ele><time>2025-06-16T18:26:42Z</time></trkpt><trkpt lat='42.78411' lon='0.01655'><ele>1036</ele><time>2025-06-16T18:37:40Z</time></trkpt><trkpt lat='42.78411' lon='0.01654'><ele>1036</ele><time>2025-06-16T18:40:24Z</time></trkpt><trkpt lat='42.783899999999996' lon='0.01705'><ele>1028</ele><time>2025-06-16T18:56:51Z</time></trkpt><trkpt lat='42.78333' lon='0.01723'><ele>1031</ele><time>2025-06-16T19:18:46Z</time></trkpt><trkpt lat='42.78333' lon='0.01722'><ele>1032</ele><time>2025-06-16T19:18:46Z</time></trkpt><trkpt lat='42.78311' lon='0.01715'><ele>1038</ele><time>2025-06-16T19:29:44Z</time></trkpt><trkpt lat='42.78311' lon='0.01714'><ele>1038</ele><time>2025-06-16T19:32:28Z</time></trkpt><trkpt lat='42.78301' lon='0.01712'><ele>1040</ele><time>2025-06-16T19:35:13Z</time></trkpt><trkpt lat='42.782669999999996' lon='0.01715'><ele>1043</ele><time>2025-06-16T19:48:55Z</time></trkpt><trkpt lat='42.782489999999996' lon='0.01711'><ele>1048</ele><time>2025-06-16T19:57:08Z</time></trkpt><trkpt lat='42.782207' lon='0.017322999999999998'><ele>1040</ele><time>2025-06-16T20:08:06Z</time></trkpt><trkpt lat='42.78196' lon='0.01723'><ele>1049</ele><time>2025-06-16T20:19:03Z</time></trkpt><trkpt lat='42.781794' lon='0.017126'><ele>1057</ele><time>2025-06-16T20:43:43Z</time></trkpt><trkpt lat='42.78156' lon='0.01706'><ele>1063</ele><time>2025-06-16T21:13:52Z</time></trkpt><trkpt lat='42.781462' lon='0.016906'><ele>1071</ele><time>2025-06-16T21:33:03Z</time></trkpt><trkpt lat='42.781363' lon='0.016895'><ele>1072</ele><time>2025-06-16T21:44:00Z</time></trkpt><trkpt lat='42.781219' lon='0.016797'><ele>1076</ele><time>2025-06-16T22:03:11Z</time></trkpt><trkpt lat='42.781110999999996' lon='0.016742'><ele>1078</ele><time>2025-06-16T22:11:25Z</time></trkpt><trkpt lat='42.780932' lon='0.016687'><ele>1080</ele><time>2025-06-16T22:19:38Z</time></trkpt><trkpt lat='42.780851' lon='0.016632'><ele>1082</ele><time>2025-06-16T22:25:07Z</time></trkpt><trkpt lat='42.780743' lon='0.016599'><ele>1083</ele><time>2025-06-16T22:30:36Z</time></trkpt><trkpt lat='42.78064' lon='0.01654'><ele>1084</ele><time>2025-06-16T22:36:04Z</time></trkpt><trkpt lat='42.78057' lon='0.01645'><ele>1088</ele><time>2025-06-16T22:41:33Z</time></trkpt><trkpt lat='42.78039' lon='0.01643'><ele>1087</ele><time>2025-06-16T22:52:31Z</time></trkpt><trkpt lat='42.780069999999995' lon='0.01622'><ele>1095</ele><time>2025-06-16T23:14:26Z</time></trkpt><trkpt lat='42.77981' lon='0.01592'><ele>1106</ele><time>2025-06-16T23:36:22Z</time></trkpt><trkpt lat='42.77981' lon='0.01593'><ele>1105</ele><time>2025-06-16T23:39:06Z</time></trkpt><trkpt lat='42.77952' lon='0.01608'><ele>1084</ele><time>2025-06-17T00:22:57Z</time></trkpt><trkpt lat='42.77921' lon='0.01571'><ele>1090</ele><time>2025-06-17T01:04:03Z</time></trkpt><trkpt lat='42.77921' lon='0.0157'><ele>1090</ele><time>2025-06-17T01:04:03Z</time></trkpt><trkpt lat='42.77912' lon='0.01524'><ele>1107</ele><time>2025-06-17T01:42:25Z</time></trkpt><trkpt lat='42.77932' lon='0.01482'><ele>1125</ele><time>2025-06-17T02:31:45Z</time></trkpt><trkpt lat='42.77932' lon='0.014799999999999999'><ele>1125</ele><time>2025-06-17T02:34:29Z</time></trkpt><trkpt lat='42.77909' lon='0.01436'><ele>1133</ele><time>2025-06-17T03:04:38Z</time></trkpt><trkpt lat='42.778859999999995' lon='0.01377'><ele>1148</ele><time>2025-06-17T03:43:00Z</time></trkpt><trkpt lat='42.77863' lon='0.013189999999999999'><ele>1163</ele><time>2025-06-17T04:37:48Z</time></trkpt><trkpt lat='42.77856' lon='0.01292'><ele>1174</ele><time>2025-06-17T05:07:57Z</time></trkpt><trkpt lat='42.77845' lon='0.012759999999999999'><ele>1177</ele><time>2025-06-17T05:29:52Z</time></trkpt><trkpt lat='42.77827' lon='0.01235'><ele>1194</ele><time>2025-06-17T06:16:27Z</time></trkpt><trkpt lat='42.77813' lon='0.0121'><ele>1202</ele><time>2025-06-17T06:46:36Z</time></trkpt><trkpt lat='42.77812' lon='0.01155'><ele>1224</ele><time>2025-06-17T07:41:24Z</time></trkpt><trkpt lat='42.778369999999995' lon='0.01184'><ele>1225</ele><time>2025-06-17T07:55:07Z</time></trkpt><trkpt lat='42.77865' lon='0.012029999999999999'><ele>1229</ele><time>2025-06-17T08:08:49Z</time></trkpt><trkpt lat='42.77905' lon='0.01224'><ele>1235</ele><time>2025-06-17T08:28:00Z</time></trkpt><trkpt lat='42.77903' lon='0.01164'><ele>1247</ele><time>2025-06-17T09:06:21Z</time></trkpt><trkpt lat='42.77863' lon='0.01134'><ele>1253</ele><time>2025-06-17T09:39:15Z</time></trkpt><trkpt lat='42.778819999999996' lon='0.011139999999999999'><ele>1263</ele><time>2025-06-17T09:55:41Z</time></trkpt><trkpt lat='42.77889' lon='0.01078'><ele>1271</ele><time>2025-06-17T10:14:52Z</time></trkpt><trkpt lat='42.77856' lon='0.01055'><ele>1278</ele><time>2025-06-17T10:42:16Z</time></trkpt><trkpt lat='42.77859' lon='0.010029999999999999'><ele>1291</ele><time>2025-06-17T11:31:36Z</time></trkpt><trkpt lat='42.77813' lon='0.00967'><ele>1300</ele><time>2025-06-17T11:59:00Z</time></trkpt><trkpt lat='42.777969999999996' lon='0.009309999999999999'><ele>1305</ele><time>2025-06-17T12:15:27Z</time></trkpt><trkpt lat='42.77802' lon='0.00926'><ele>1305</ele><time>2025-06-17T12:18:11Z</time></trkpt><trkpt lat='42.77786' lon='0.00912'><ele>1306</ele><time>2025-06-17T12:26:24Z</time></trkpt><trkpt lat='42.777629999999995' lon='0.008579999999999999'><ele>1310</ele><time>2025-06-17T12:45:35Z</time></trkpt><trkpt lat='42.7774' lon='0.00805'><ele>1318</ele><time>2025-06-17T13:07:31Z</time></trkpt><trkpt lat='42.777229999999996' lon='0.007899999999999999'><ele>1320</ele><time>2025-06-17T13:15:44Z</time></trkpt><trkpt lat='42.776849999999996' lon='0.00762'><ele>1317</ele><time>2025-06-17T13:34:55Z</time></trkpt><trkpt lat='42.77625' lon='0.007019999999999999'><ele>1323</ele><time>2025-06-17T14:02:19Z</time></trkpt><trkpt lat='42.77614' lon='0.006869999999999999'><ele>1324</ele><time>2025-06-17T14:10:32Z</time></trkpt><trkpt lat='42.775999999999996' lon='0.0065899999999999995'><ele>1324</ele><time>2025-06-17T14:18:46Z</time></trkpt><trkpt lat='42.77598' lon='0.00652'><ele>1325</ele><time>2025-06-17T14:21:30Z</time></trkpt><trkpt lat='42.77572' lon='0.00667'><ele>1313</ele><time>2025-06-17T14:32:28Z</time></trkpt><trkpt lat='42.77531' lon='0.006549999999999999'><ele>1298</ele><time>2025-06-17T14:48:54Z</time></trkpt><trkpt lat='42.77509' lon='0.00594'><ele>1303</ele><time>2025-06-17T15:10:50Z</time></trkpt><trkpt lat='42.77471' lon='0.00564'><ele>1304</ele><time>2025-06-17T15:27:16Z</time></trkpt><trkpt lat='42.77438' lon='0.005569999999999999'><ele>1288</ele><time>2025-06-17T15:40:58Z</time></trkpt><trkpt lat='42.77436' lon='0.005039999999999999'><ele>1296</ele><time>2025-06-17T15:57:25Z</time></trkpt><trkpt lat='42.77439' lon='0.0046099999999999995'><ele>1303</ele><time>2025-06-17T16:08:22Z</time></trkpt><trkpt lat='42.77413' lon='0.00482'><ele>1286</ele><time>2025-06-17T16:22:05Z</time></trkpt><trkpt lat='42.77413' lon='0.00481'><ele>1286</ele><time>2025-06-17T16:24:49Z</time></trkpt><trkpt lat='42.77388' lon='0.0049299999999999995'><ele>1284</ele><time>2025-06-17T16:38:31Z</time></trkpt><trkpt lat='42.774049999999995' lon='0.00447'><ele>1297</ele><time>2025-06-17T16:57:42Z</time></trkpt><trkpt lat='42.77377' lon='0.0042499999999999994'><ele>1317</ele><time>2025-06-17T17:44:17Z</time></trkpt><trkpt lat='42.77344' lon='0.0038199999999999996'><ele>1341</ele><time>2025-06-17T18:47:19Z</time></trkpt><trkpt lat='42.77327' lon='0.00332'><ele>1363</ele><time>2025-06-17T19:42:07Z</time></trkpt><trkpt lat='42.773219999999995' lon='0.00291'><ele>1373</ele><time>2025-06-17T20:23:14Z</time></trkpt><trkpt lat='42.77298' lon='0.00276'><ele>1386</ele><time>2025-06-17T20:56:07Z</time></trkpt><trkpt lat='42.772909999999996' lon='0.00234'><ele>1388</ele><time>2025-06-17T21:18:02Z</time></trkpt><trkpt lat='42.77267' lon='0.00226'><ele>1398</ele><time>2025-06-17T21:31:44Z</time></trkpt><trkpt lat='42.77267' lon='0.00225'><ele>1398</ele><time>2025-06-17T21:34:29Z</time></trkpt><trkpt lat='42.77279' lon='0.00162'><ele>1408</ele><time>2025-06-17T22:07:22Z</time></trkpt><trkpt lat='42.77296' lon='0.00101'><ele>1421</ele><time>2025-06-17T22:42:59Z</time></trkpt><trkpt lat='42.77306' lon='0.00037'><ele>1431</ele><time>2025-06-17T23:15:52Z</time></trkpt><trkpt lat='42.77324' lon='-0.00025'><ele>1443</ele><time>2025-06-17T23:48:45Z</time></trkpt><trkpt lat='42.77306' lon='-0.00045999999999999996'><ele>1454</ele><time>2025-06-18T00:21:38Z</time></trkpt><trkpt lat='42.77325' lon='-0.00091'><ele>1462</ele><time>2025-06-18T00:49:03Z</time></trkpt><trkpt lat='42.773151999999996' lon='-0.001214'><ele>1469</ele><time>2025-06-18T01:08:14Z</time></trkpt><trkpt lat='42.773179999999996' lon='-0.00182'><ele>1474</ele><time>2025-06-18T01:30:09Z</time></trkpt><trkpt lat='42.773129999999995' lon='-0.00235'><ele>1480</ele><time>2025-06-18T01:46:36Z</time></trkpt><trkpt lat='42.77271' lon='-0.00265'><ele>1493</ele><time>2025-06-18T02:30:26Z</time></trkpt><trkpt lat='42.77238' lon='-0.0031699999999999996'><ele>1506</ele><time>2025-06-18T03:11:33Z</time></trkpt><trkpt lat='42.77236' lon='-0.0031999999999999997'><ele>1507</ele><time>2025-06-18T03:14:17Z</time></trkpt><trkpt lat='42.77289' lon='-0.00365'><ele>1508</ele><time>2025-06-18T03:38:57Z</time></trkpt><trkpt lat='42.77319' lon='-0.004'><ele>1506</ele><time>2025-06-18T03:55:23Z</time></trkpt><trkpt lat='42.7733' lon='-0.00428'><ele>1507</ele><time>2025-06-18T04:03:37Z</time></trkpt><trkpt lat='42.77346' lon='-0.00453'><ele>1507</ele><time>2025-06-18T04:11:50Z</time></trkpt><trkpt lat='42.77348' lon='-0.00487'><ele>1511</ele><time>2025-06-18T04:22:48Z</time></trkpt><trkpt lat='42.77352' lon='-0.00519'><ele>1515</ele><time>2025-06-18T04:33:45Z</time></trkpt><trkpt lat='42.77359' lon='-0.00534'><ele>1516</ele><time>2025-06-18T04:36:30Z</time></trkpt><trkpt lat='42.77368' lon='-0.005699999999999999'><ele>1521</ele><time>2025-06-18T04:47:27Z</time></trkpt><trkpt lat='42.77368' lon='-0.00598'><ele>1524</ele><time>2025-06-18T04:58:25Z</time></trkpt><trkpt lat='42.773559999999996' lon='-0.0064399999999999995'><ele>1530</ele><time>2025-06-18T05:14:52Z</time></trkpt><trkpt lat='42.77345' lon='-0.00699'><ele>1533</ele><time>2025-06-18T05:31:18Z</time></trkpt><trkpt lat='42.77341' lon='-0.006999999999999999'><ele>1534</ele><time>2025-06-18T05:34:03Z</time></trkpt><trkpt lat='42.77324' lon='-0.0074199999999999995'><ele>1538</ele><time>2025-06-18T05:50:29Z</time></trkpt><trkpt lat='42.772929999999995' lon='-0.00787'><ele>1543</ele><time>2025-06-18T06:06:56Z</time></trkpt><trkpt lat='42.7729' lon='-0.00812'><ele>1543</ele><time>2025-06-18T06:15:09Z</time></trkpt><trkpt lat='42.772749999999995' lon='-0.00883'><ele>1550</ele><time>2025-06-18T06:39:49Z</time></trkpt><trkpt lat='42.7726' lon='-0.00953'><ele>1557</ele><time>2025-06-18T07:09:57Z</time></trkpt><trkpt lat='42.772549999999995' lon='-0.00957'><ele>1559</ele><time>2025-06-18T07:12:42Z</time></trkpt><trkpt lat='42.77252' lon='-0.00957'><ele>1560</ele><time>2025-06-18T07:12:42Z</time></trkpt><trkpt lat='42.7725' lon='-0.00953'><ele>1561</ele><time>2025-06-18T07:15:26Z</time></trkpt><trkpt lat='42.772549999999995' lon='-0.009139999999999999'><ele>1561</ele><time>2025-06-18T07:29:08Z</time></trkpt><trkpt lat='42.77254' lon='-0.00893'><ele>1562</ele><time>2025-06-18T07:34:37Z</time></trkpt><trkpt lat='42.77251' lon='-0.00872'><ele>1563</ele><time>2025-06-18T07:40:06Z</time></trkpt><trkpt lat='42.772349999999996' lon='-0.00826'><ele>1565</ele><time>2025-06-18T07:56:33Z</time></trkpt><trkpt lat='42.77224' lon='-0.00812'><ele>1566</ele><time>2025-06-18T08:02:01Z</time></trkpt><trkpt lat='42.771989999999995' lon='-0.00793'><ele>1569</ele><time>2025-06-18T08:12:59Z</time></trkpt><trkpt lat='42.772' lon='-0.00793'><ele>1569</ele><time>2025-06-18T08:12:59Z</time></trkpt><trkpt lat='42.77189' lon='-0.007859999999999999'><ele>1570</ele><time>2025-06-18T08:18:28Z</time></trkpt><trkpt lat='42.771679999999996' lon='-0.00765'><ele>1573</ele><time>2025-06-18T08:26:41Z</time></trkpt><trkpt lat='42.77156' lon='-0.007509999999999999'><ele>1575</ele><time>2025-06-18T08:34:54Z</time></trkpt><trkpt lat='42.77144' lon='-0.00729'><ele>1576</ele><time>2025-06-18T08:43:08Z</time></trkpt><trkpt lat='42.77133' lon='-0.00699'><ele>1579</ele><time>2025-06-18T08:51:21Z</time></trkpt><trkpt lat='42.771339999999995' lon='-0.006509999999999999'><ele>1581</ele><time>2025-06-18T09:05:03Z</time></trkpt><trkpt lat='42.771319999999996' lon='-0.0063999999999999994'><ele>1579</ele><time>2025-06-18T09:10:32Z</time></trkpt><trkpt lat='42.77095' lon='-0.0060999999999999995'><ele>1584</ele><time>2025-06-18T09:26:58Z</time></trkpt><trkpt lat='42.77079' lon='-0.00582'><ele>1587</ele><time>2025-06-18T09:37:56Z</time></trkpt><trkpt lat='42.770599999999995' lon='-0.00563'><ele>1590</ele><time>2025-06-18T09:48:54Z</time></trkpt><trkpt lat='42.77033' lon='-0.00548'><ele>1592</ele><time>2025-06-18T09:59:52Z</time></trkpt><trkpt lat='42.76988' lon='-0.00533'><ele>1597</ele><time>2025-06-18T10:19:02Z</time></trkpt><trkpt lat='42.76951' lon='-0.00533'><ele>1599</ele><time>2025-06-18T10:35:29Z</time></trkpt><trkpt lat='42.768679999999996' lon='-0.005719999999999999'><ele>1610</ele><time>2025-06-18T11:11:06Z</time></trkpt><trkpt lat='42.768119999999996' lon='-0.005869999999999999'><ele>1617</ele><time>2025-06-18T11:38:31Z</time></trkpt><trkpt lat='42.767939999999996' lon='-0.005869999999999999'><ele>1619</ele><time>2025-06-18T11:46:44Z</time></trkpt><trkpt lat='42.7675' lon='-0.0058'><ele>1625</ele><time>2025-06-18T12:05:55Z</time></trkpt><trkpt lat='42.767309999999995' lon='-0.0058'><ele>1627</ele><time>2025-06-18T12:14:08Z</time></trkpt><trkpt lat='42.76708' lon='-0.00583'><ele>1629</ele><time>2025-06-18T12:25:06Z</time></trkpt><trkpt lat='42.76656' lon='-0.006'><ele>1634</ele><time>2025-06-18T12:44:17Z</time></trkpt><trkpt lat='42.766169999999995' lon='-0.00616'><ele>1635</ele><time>2025-06-18T13:00:43Z</time></trkpt><trkpt lat='42.76585' lon='-0.006359999999999999'><ele>1637</ele><time>2025-06-18T13:14:25Z</time></trkpt><trkpt lat='42.765789999999996' lon='-0.00643'><ele>1637</ele><time>2025-06-18T13:19:54Z</time></trkpt><trkpt lat='42.76565' lon='-0.006379999999999999'><ele>1635</ele><time>2025-06-18T13:25:23Z</time></trkpt><trkpt lat='42.76531' lon='-0.0064399999999999995'><ele>1632</ele><time>2025-06-18T13:39:05Z</time></trkpt><trkpt lat='42.76495' lon='-0.00666'><ele>1631</ele><time>2025-06-18T13:52:47Z</time></trkpt><trkpt lat='42.764849999999996' lon='-0.006699999999999999'><ele>1630</ele><time>2025-06-18T13:58:16Z</time></trkpt><trkpt lat='42.76426' lon='-0.006699999999999999'><ele>1629</ele><time>2025-06-18T14:20:12Z</time></trkpt><trkpt lat='42.76394' lon='-0.00663'><ele>1629</ele><time>2025-06-18T14:33:54Z</time></trkpt><trkpt lat='42.76367' lon='-0.0066099999999999996'><ele>1630</ele><time>2025-06-18T14:44:51Z</time></trkpt><trkpt lat='42.763279999999995' lon='-0.00666'><ele>1629</ele><time>2025-06-18T15:01:18Z</time></trkpt><trkpt lat='42.763059999999996' lon='-0.00675'><ele>1631</ele><time>2025-06-18T15:09:31Z</time></trkpt><trkpt lat='42.76274' lon='-0.006748'><ele>1630</ele><time>2025-06-18T15:20:29Z</time></trkpt><trkpt lat='42.762463' lon='-0.0067139999999999995'><ele>1628</ele><time>2025-06-18T15:31:27Z</time></trkpt><trkpt lat='42.762406' lon='-0.006716'><ele>1628</ele><time>2025-06-18T15:34:11Z</time></trkpt><trkpt lat='42.762377' lon='-0.006697'><ele>1628</ele><time>2025-06-18T15:36:55Z</time></trkpt><trkpt lat='42.762353999999995' lon='-0.006645'><ele>1627</ele><time>2025-06-18T15:36:55Z</time></trkpt><trkpt lat='42.762328' lon='-0.006542'><ele>1625</ele><time>2025-06-18T15:42:24Z</time></trkpt><trkpt lat='42.762335' lon='-0.006469'><ele>1624</ele><time>2025-06-18T15:45:09Z</time></trkpt><trkpt lat='42.762353' lon='-0.006418999999999999'><ele>1624</ele><time>2025-06-18T15:47:53Z</time></trkpt><trkpt lat='42.762474' lon='-0.006148'><ele>1621</ele><time>2025-06-18T15:56:06Z</time></trkpt><trkpt lat='42.762515' lon='-0.0060349999999999996'><ele>1621</ele><time>2025-06-18T16:01:35Z</time></trkpt><trkpt lat='42.76255' lon='-0.005889999999999999'><ele>1620</ele><time>2025-06-18T16:04:20Z</time></trkpt><trkpt lat='42.762552' lon='-0.005732999999999999'><ele>1620</ele><time>2025-06-18T16:09:48Z</time></trkpt><trkpt lat='42.762521' lon='-0.005653'><ele>1620</ele><time>2025-06-18T16:12:33Z</time></trkpt><trkpt lat='42.762465999999996' lon='-0.0055509999999999995'><ele>1621</ele><time>2025-06-18T16:15:17Z</time></trkpt><trkpt lat='42.762409999999996' lon='-0.0054859999999999996'><ele>1621</ele><time>2025-06-18T16:18:02Z</time></trkpt><trkpt lat='42.762353' lon='-0.005469'><ele>1621</ele><time>2025-06-18T16:20:46Z</time></trkpt><trkpt lat='42.762304' lon='-0.0054399999999999995'><ele>1621</ele><time>2025-06-18T16:23:31Z</time></trkpt><trkpt lat='42.762274999999995' lon='-0.005396'><ele>1622</ele><time>2025-06-18T16:23:31Z</time></trkpt><trkpt lat='42.762242' lon='-0.0053159999999999995'><ele>1622</ele><time>2025-06-18T16:26:15Z</time></trkpt><trkpt lat='42.762217' lon='-0.005297'><ele>1622</ele><time>2025-06-18T16:28:59Z</time></trkpt><trkpt lat='42.76216' lon='-0.00526'><ele>1622</ele><time>2025-06-18T16:31:44Z</time></trkpt><trkpt lat='42.761871' lon='-0.0051649999999999995'><ele>1619</ele><time>2025-06-18T16:42:42Z</time></trkpt><trkpt lat='42.761846' lon='-0.005085999999999999'><ele>1617</ele><time>2025-06-18T16:45:26Z</time></trkpt><trkpt lat='42.761817' lon='-0.0049429999999999995'><ele>1615</ele><time>2025-06-18T16:50:55Z</time></trkpt><trkpt lat='42.761798' lon='-0.004911'><ele>1615</ele><time>2025-06-18T16:50:55Z</time></trkpt><trkpt lat='42.761711999999996' lon='-0.00486'><ele>1612</ele><time>2025-06-18T16:53:39Z</time></trkpt><trkpt lat='42.761356' lon='-0.004732999999999999'><ele>1607</ele><time>2025-06-18T17:04:37Z</time></trkpt><trkpt lat='42.761233999999995' lon='-0.004648'><ele>1606</ele><time>2025-06-18T17:07:21Z</time></trkpt><trkpt lat='42.76099' lon='-0.004456'><ele>1601</ele><time>2025-06-18T17:15:35Z</time></trkpt><trkpt lat='42.760874' lon='-0.00437'><ele>1598</ele><time>2025-06-18T17:21:03Z</time></trkpt><trkpt lat='42.760842' lon='-0.004297'><ele>1597</ele><time>2025-06-18T17:23:48Z</time></trkpt><trkpt lat='42.760822999999995' lon='-0.004202'><ele>1596</ele><time>2025-06-18T17:26:32Z</time></trkpt><trkpt lat='42.760819' lon='-0.004141'><ele>1596</ele><time>2025-06-18T17:29:17Z</time></trkpt><trkpt lat='42.760802' lon='-0.00409'><ele>1594</ele><time>2025-06-18T17:32:01Z</time></trkpt><trkpt lat='42.760773' lon='-0.004049'><ele>1593</ele><time>2025-06-18T17:32:01Z</time></trkpt><trkpt lat='42.760726999999996' lon='-0.004031'><ele>1591</ele><time>2025-06-18T17:34:46Z</time></trkpt><trkpt lat='42.760633999999996' lon='-0.004038'><ele>1588</ele><time>2025-06-18T17:37:30Z</time></trkpt><trkpt lat='42.760425' lon='-0.00407'><ele>1582</ele><time>2025-06-18T17:48:28Z</time></trkpt><trkpt lat='42.760145' lon='-0.004184'><ele>1575</ele><time>2025-06-18T17:59:25Z</time></trkpt><trkpt lat='42.76012' lon='-0.004235'><ele>1575</ele><time>2025-06-18T18:02:10Z</time></trkpt><trkpt lat='42.7601' lon='-0.004275999999999999'><ele>1575</ele><time>2025-06-18T18:02:10Z</time></trkpt><trkpt lat='42.76005' lon='-0.004281'><ele>1573</ele><time>2025-06-18T18:04:54Z</time></trkpt><trkpt lat='42.760073' lon='-0.004190999999999999'><ele>1574</ele><time>2025-06-18T18:04:54Z</time></trkpt><trkpt lat='42.759988' lon='-0.004135'><ele>1572</ele><time>2025-06-18T18:07:39Z</time></trkpt><trkpt lat='42.759868999999995' lon='-0.0040999999999999995'><ele>1570</ele><time>2025-06-18T18:13:07Z</time></trkpt><trkpt lat='42.759724999999996' lon='-0.004033999999999999'><ele>1567</ele><time>2025-06-18T18:15:52Z</time></trkpt><trkpt lat='42.759639' lon='-0.00403'><ele>1565</ele><time>2025-06-18T18:18:36Z</time></trkpt><trkpt lat='42.759476' lon='-0.004038'><ele>1562</ele><time>2025-06-18T18:24:05Z</time></trkpt><trkpt lat='42.759425' lon='-0.004167'><ele>1559</ele><time>2025-06-18T18:32:18Z</time></trkpt><trkpt lat='42.759329' lon='-0.004143'><ele>1556</ele><time>2025-06-18T18:35:03Z</time></trkpt><trkpt lat='42.759218' lon='-0.004182'><ele>1552</ele><time>2025-06-18T18:43:16Z</time></trkpt><trkpt lat='42.759119999999996' lon='-0.004301999999999999'><ele>1549</ele><time>2025-06-18T18:48:45Z</time></trkpt><trkpt lat='42.759015' lon='-0.004444'><ele>1549</ele><time>2025-06-18T18:56:58Z</time></trkpt><trkpt lat='42.758877' lon='-0.004451'><ele>1548</ele><time>2025-06-18T19:02:27Z</time></trkpt><trkpt lat='42.758837' lon='-0.004376'><ele>1545</ele><time>2025-06-18T19:05:11Z</time></trkpt><trkpt lat='42.758728' lon='-0.004491'><ele>1546</ele><time>2025-06-18T19:10:40Z</time></trkpt><trkpt lat='42.75853' lon='-0.004563'><ele>1544</ele><time>2025-06-18T19:18:54Z</time></trkpt><trkpt lat='42.75843' lon='-0.004661'><ele>1546</ele><time>2025-06-18T19:21:38Z</time></trkpt><trkpt lat='42.758368' lon='-0.004663'><ele>1544</ele><time>2025-06-18T19:24:22Z</time></trkpt><trkpt lat='42.758174' lon='-0.004803'><ele>1545</ele><time>2025-06-18T19:35:20Z</time></trkpt><trkpt lat='42.758086' lon='-0.004795'><ele>1543</ele><time>2025-06-18T19:38:05Z</time></trkpt><trkpt lat='42.757875999999996' lon='-0.0047729999999999995'><ele>1539</ele><time>2025-06-18T19:46:18Z</time></trkpt><trkpt lat='42.757619' lon='-0.004803'><ele>1536</ele><time>2025-06-18T19:57:16Z</time></trkpt><trkpt lat='42.757523' lon='-0.004941'><ele>1538</ele><time>2025-06-18T20:05:29Z</time></trkpt><trkpt lat='42.757394999999995' lon='-0.0050739999999999995'><ele>1541</ele><time>2025-06-18T20:10:58Z</time></trkpt><trkpt lat='42.757253' lon='-0.0050669999999999995'><ele>1542</ele><time>2025-06-18T20:16:26Z</time></trkpt><trkpt lat='42.757132' lon='-0.005108'><ele>1542</ele><time>2025-06-18T20:21:55Z</time></trkpt><trkpt lat='42.756975' lon='-0.005059'><ele>1537</ele><time>2025-06-18T20:27:24Z</time></trkpt><trkpt lat='42.756806' lon='-0.005052'><ele>1530</ele><time>2025-06-18T20:35:37Z</time></trkpt><trkpt lat='42.756699' lon='-0.00513'><ele>1531</ele><time>2025-06-18T20:38:22Z</time></trkpt><trkpt lat='42.756558999999996' lon='-0.005183999999999999'><ele>1531</ele><time>2025-06-18T20:46:35Z</time></trkpt><trkpt lat='42.756544999999996' lon='-0.005235999999999999'><ele>1533</ele><time>2025-06-18T20:46:35Z</time></trkpt><trkpt lat='42.755599' lon='-0.006137'><ele>1529</ele><time>2025-06-18T21:33:10Z</time></trkpt><trkpt lat='42.755316' lon='-0.006062'><ele>1521</ele><time>2025-06-18T21:44:08Z</time></trkpt><trkpt lat='42.754382' lon='-0.006233'><ele>1505</ele><time>2025-06-18T22:11:32Z</time></trkpt><trkpt lat='42.753417' lon='-0.006775'><ele>1496</ele><time>2025-06-18T22:38:56Z</time></trkpt><trkpt lat='42.752803' lon='-0.006888'><ele>1481</ele><time>2025-06-18T22:55:23Z</time></trkpt><trkpt lat='42.752027' lon='-0.007300999999999999'><ele>1463</ele><time>2025-06-18T23:25:32Z</time></trkpt><trkpt lat='42.751743' lon='-0.007349'><ele>1453</ele><time>2025-06-18T23:44:43Z</time></trkpt><trkpt lat='42.750963' lon='-0.007156'><ele>1430</ele><time>2025-06-19T00:31:18Z</time></trkpt><trkpt lat='42.750219' lon='-0.007150999999999999'><ele>1419</ele><time>2025-06-19T00:53:13Z</time></trkpt><trkpt lat='42.749896' lon='-0.007085999999999999'><ele>1412</ele><time>2025-06-19T01:04:11Z</time></trkpt><trkpt lat='42.749154999999995' lon='-0.006673'><ele>1397</ele><time>2025-06-19T01:28:51Z</time></trkpt><trkpt lat='42.748915' lon='-0.006464'><ele>1384</ele><time>2025-06-19T02:07:12Z</time></trkpt><trkpt lat='42.748709999999996' lon='-0.00641'><ele>1374</ele><time>2025-06-19T02:34:37Z</time></trkpt><trkpt lat='42.748556' lon='-0.006490999999999999'><ele>1370</ele><time>2025-06-19T02:53:48Z</time></trkpt><trkpt lat='42.747824' lon='-0.007644'><ele>1362</ele><time>2025-06-19T03:40:23Z</time></trkpt><trkpt lat='42.747552' lon='-0.00817'><ele>1356</ele><time>2025-06-19T03:59:34Z</time></trkpt><trkpt lat='42.747308' lon='-0.008138'><ele>1349</ele><time>2025-06-19T04:10:31Z</time></trkpt><trkpt lat='42.746995999999996' lon='-0.008208'><ele>1344</ele><time>2025-06-19T04:21:29Z</time></trkpt><trkpt lat='42.746803' lon='-0.008149'><ele>1338</ele><time>2025-06-19T04:40:40Z</time></trkpt><trkpt lat='42.746393999999995' lon='-0.007789'><ele>1320</ele><time>2025-06-19T05:24:31Z</time></trkpt><trkpt lat='42.745858' lon='-0.007253'><ele>1303</ele><time>2025-06-19T05:54:40Z</time></trkpt><trkpt lat='42.745598' lon='-0.007123999999999999'><ele>1297</ele><time>2025-06-19T06:02:53Z</time></trkpt><trkpt lat='42.745616999999996' lon='-0.007143'><ele>1298</ele><time>2025-06-19T06:02:53Z</time></trkpt><trkpt lat='42.745627999999996' lon='-0.007235999999999999'><ele>1298</ele><time>2025-06-19T06:05:37Z</time></trkpt><trkpt lat='42.745626' lon='-0.007294999999999999'><ele>1298</ele><time>2025-06-19T06:05:37Z</time></trkpt><trkpt lat='42.745613' lon='-0.007332'><ele>1298</ele><time>2025-06-19T06:08:22Z</time></trkpt><trkpt lat='42.745597' lon='-0.007356'><ele>1297</ele><time>2025-06-19T06:08:22Z</time></trkpt><trkpt lat='42.745571999999996' lon='-0.0073549999999999996'><ele>1297</ele><time>2025-06-19T06:08:22Z</time></trkpt><trkpt lat='42.745543' lon='-0.007337'><ele>1296</ele><time>2025-06-19T06:08:22Z</time></trkpt><trkpt lat='42.745534' lon='-0.007305'><ele>1296</ele><time>2025-06-19T06:11:06Z</time></trkpt><trkpt lat='42.745529999999995' lon='-0.007264'><ele>1296</ele><time>2025-06-19T06:11:06Z</time></trkpt><trkpt lat='42.745525' lon='-0.00714'><ele>1296</ele><time>2025-06-19T06:13:50Z</time></trkpt><trkpt lat='42.745509' lon='-0.007051'><ele>1295</ele><time>2025-06-19T06:13:50Z</time></trkpt><trkpt lat='42.745475' lon='-0.006977'><ele>1294</ele><time>2025-06-19T06:16:35Z</time></trkpt><trkpt lat='42.745377' lon='-0.0068579999999999995'><ele>1290</ele><time>2025-06-19T06:19:19Z</time></trkpt><trkpt lat='42.745307' lon='-0.006719999999999999'><ele>1287</ele><time>2025-06-19T06:24:48Z</time></trkpt><trkpt lat='42.745295' lon='-0.006639'><ele>1285</ele><time>2025-06-19T06:27:33Z</time></trkpt><trkpt lat='42.745301' lon='-0.006528'><ele>1283</ele><time>2025-06-19T06:30:17Z</time></trkpt><trkpt lat='42.745325' lon='-0.006391'><ele>1281</ele><time>2025-06-19T06:35:46Z</time></trkpt><trkpt lat='42.745452' lon='-0.006212'><ele>1282.27</ele><time>2025-06-19T06:43:59Z</time></trkpt><trkpt lat='42.745447' lon='-0.0061719999999999995'><ele>1280.99</ele><time>2025-06-19T06:43:59Z</time></trkpt><trkpt lat='42.745357' lon='-0.005887'><ele>1280.76</ele><time>2025-06-19T06:52:12Z</time></trkpt><trkpt lat='42.745357' lon='-0.005887'><ele>1280.76</ele><time>2025-06-19T06:52:12Z</time></trkpt><trkpt lat='42.745357999999996' lon='-0.005836999999999999'><ele>1282.4</ele><time>2025-06-19T06:54:57Z</time></trkpt><trkpt lat='42.745391999999995' lon='-0.005758999999999999'><ele>1284.25</ele><time>2025-06-19T06:57:41Z</time></trkpt><trkpt lat='42.745537' lon='-0.005647'><ele>1285.75</ele><time>2025-06-19T07:03:10Z</time></trkpt><trkpt lat='42.745639999999995' lon='-0.005586'><ele>1286.4</ele><time>2025-06-19T07:08:39Z</time></trkpt><trkpt lat='42.745683' lon='-0.005536999999999999'><ele>1287.78</ele><time>2025-06-19T07:11:23Z</time></trkpt><trkpt lat='42.745692' lon='-0.005503'><ele>1288.24</ele><time>2025-06-19T07:11:23Z</time></trkpt><trkpt lat='42.745689' lon='-0.005468'><ele>1289.09</ele><time>2025-06-19T07:14:08Z</time></trkpt><trkpt lat='42.745664999999995' lon='-0.00543'><ele>1290.03</ele><time>2025-06-19T07:14:08Z</time></trkpt><trkpt lat='42.745568999999996' lon='-0.005408'><ele>1291.31</ele><time>2025-06-19T07:19:37Z</time></trkpt><trkpt lat='42.74546' lon='-0.005399999999999999'><ele>1292.32</ele><time>2025-06-19T07:22:21Z</time></trkpt><trkpt lat='42.745284' lon='-0.0053879999999999996'><ele>1293.88</ele><time>2025-06-19T07:30:34Z</time></trkpt><trkpt lat='42.745238' lon='-0.005336'><ele>1294.86</ele><time>2025-06-19T07:33:19Z</time></trkpt><trkpt lat='42.745218' lon='-0.005299'><ele>1295.47</ele><time>2025-06-19T07:33:19Z</time></trkpt><trkpt lat='42.745219' lon='-0.005261'><ele>1295.86</ele><time>2025-06-19T07:33:19Z</time></trkpt><trkpt lat='42.745168' lon='-0.005235'><ele>1296.36</ele><time>2025-06-19T07:36:03Z</time></trkpt><trkpt lat='42.745163' lon='-0.005232'><ele>1296.41</ele><time>2025-06-19T07:36:03Z</time></trkpt><trkpt lat='42.744535' lon='-0.0055249999999999995'><ele>1294.38</ele><time>2025-06-19T08:03:27Z</time></trkpt><trkpt lat='42.744468999999995' lon='-0.005595'><ele>1293.74</ele><time>2025-06-19T08:06:12Z</time></trkpt><trkpt lat='42.744388' lon='-0.005621999999999999'><ele>1293.92</ele><time>2025-06-19T08:08:56Z</time></trkpt><trkpt lat='42.744324999999996' lon='-0.005665'><ele>1294.18</ele><time>2025-06-19T08:11:41Z</time></trkpt><trkpt lat='42.744287' lon='-0.005758999999999999'><ele>1294.02</ele><time>2025-06-19T08:17:09Z</time></trkpt><trkpt lat='42.744150999999995' lon='-0.005958'><ele>1293.84</ele><time>2025-06-19T08:22:38Z</time></trkpt><trkpt lat='42.744011' lon='-0.0061589999999999995'><ele>1293.86</ele><time>2025-06-19T08:30:52Z</time></trkpt><trkpt lat='42.743750999999996' lon='-0.006428'><ele>1295.14</ele><time>2025-06-19T08:44:34Z</time></trkpt><trkpt lat='42.743511' lon='-0.006618'><ele>1295.83</ele><time>2025-06-19T08:55:31Z</time></trkpt><trkpt lat='42.743171' lon='-0.0068319999999999995'><ele>1294.84</ele><time>2025-06-19T09:09:13Z</time></trkpt><trkpt lat='42.743103999999995' lon='-0.006931'><ele>1293.74</ele><time>2025-06-19T09:14:42Z</time></trkpt><trkpt lat='42.742520999999996' lon='-0.007188'><ele>1296.67</ele><time>2025-06-19T09:39:22Z</time></trkpt><trkpt lat='42.741842999999996' lon='-0.007167'><ele>1306.96</ele><time>2025-06-19T10:06:46Z</time></trkpt><trkpt lat='42.741284' lon='-0.007456'><ele>1311.75</ele><time>2025-06-19T10:31:26Z</time></trkpt><trkpt lat='42.740913' lon='-0.0081'><ele>1309.74</ele><time>2025-06-19T10:56:06Z</time></trkpt><trkpt lat='42.740472' lon='-0.008701'><ele>1311</ele><time>2025-06-19T11:20:46Z</time></trkpt><trkpt lat='42.739629' lon='-0.009290999999999999'><ele>1321.9</ele><time>2025-06-19T11:59:08Z</time></trkpt><trkpt lat='42.739125' lon='-0.009526999999999999'><ele>1322.6</ele><time>2025-06-19T12:21:03Z</time></trkpt><trkpt lat='42.73855' lon='-0.00972'><ele>1329.04</ele><time>2025-06-19T12:45:43Z</time></trkpt><trkpt lat='42.738454999999995' lon='-0.009838'><ele>1329</ele><time>2025-06-19T12:51:12Z</time></trkpt><trkpt lat='42.738383999999996' lon='-0.009946'><ele>1328.94</ele><time>2025-06-19T12:53:56Z</time></trkpt><trkpt lat='42.738369' lon='-0.010053'><ele>1326.95</ele><time>2025-06-19T12:56:41Z</time></trkpt><trkpt lat='42.738282' lon='-0.010117'><ele>1327.91</ele><time>2025-06-19T13:02:09Z</time></trkpt><trkpt lat='42.738225' lon='-0.010081999999999999'><ele>1330.28</ele><time>2025-06-19T13:04:54Z</time></trkpt><trkpt lat='42.738178999999995' lon='-0.010128999999999999'><ele>1330.45</ele><time>2025-06-19T13:07:38Z</time></trkpt><trkpt lat='42.738074999999995' lon='-0.010230999999999999'><ele>1331.1</ele><time>2025-06-19T13:10:23Z</time></trkpt><trkpt lat='42.737969' lon='-0.010291'><ele>1333.79</ele><time>2025-06-19T13:15:51Z</time></trkpt><trkpt lat='42.737821' lon='-0.010336999999999999'><ele>1337.53</ele><time>2025-06-19T13:24:05Z</time></trkpt><trkpt lat='42.737662' lon='-0.010376'><ele>1340.61</ele><time>2025-06-19T13:29:34Z</time></trkpt><trkpt lat='42.737511999999995' lon='-0.010457'><ele>1341.09</ele><time>2025-06-19T13:37:47Z</time></trkpt><trkpt lat='42.737472' lon='-0.010478999999999999'><ele>1341.01</ele><time>2025-06-19T13:37:47Z</time></trkpt><trkpt lat='42.737376999999995' lon='-0.010539999999999999'><ele>1340.75</ele><time>2025-06-19T13:43:16Z</time></trkpt><trkpt lat='42.73723' lon='-0.010569'><ele>1341.64</ele><time>2025-06-19T13:48:45Z</time></trkpt><trkpt lat='42.737065' lon='-0.010589'><ele>1342.85</ele><time>2025-06-19T13:56:58Z</time></trkpt><trkpt lat='42.736943' lon='-0.010563'><ele>1344.79</ele><time>2025-06-19T14:02:27Z</time></trkpt><trkpt lat='42.736846' lon='-0.01055'><ele>1345.81</ele><time>2025-06-19T14:07:55Z</time></trkpt><trkpt lat='42.736709' lon='-0.0106'><ele>1344.82</ele><time>2025-06-19T14:13:24Z</time></trkpt><trkpt lat='42.736627999999996' lon='-0.01061'><ele>1344.13</ele><time>2025-06-19T14:16:09Z</time></trkpt><trkpt lat='42.736363' lon='-0.010596999999999999'><ele>1341.61</ele><time>2025-06-19T14:27:06Z</time></trkpt><trkpt lat='42.736273999999995' lon='-0.010603'><ele>1341.34</ele><time>2025-06-19T14:29:51Z</time></trkpt><trkpt lat='42.736238' lon='-0.010648999999999999'><ele>1341.43</ele><time>2025-06-19T14:32:35Z</time></trkpt><trkpt lat='42.736107' lon='-0.010815'><ele>1349.21</ele><time>2025-06-19T14:40:49Z</time></trkpt><trkpt lat='42.735792' lon='-0.010718'><ele>1354.06</ele><time>2025-06-19T14:54:31Z</time></trkpt><trkpt lat='42.735776' lon='-0.010702'><ele>1354.21</ele><time>2025-06-19T14:54:31Z</time></trkpt><trkpt lat='42.735625' lon='-0.010603'><ele>1356.37</ele><time>2025-06-19T15:00:00Z</time></trkpt><trkpt lat='42.735423' lon='-0.01048'><ele>1360.1</ele><time>2025-06-19T15:10:57Z</time></trkpt><trkpt lat='42.735326' lon='-0.010414999999999999'><ele>1361.71</ele><time>2025-06-19T15:13:42Z</time></trkpt><trkpt lat='42.735287' lon='-0.01035'><ele>1361.93</ele><time>2025-06-19T15:16:26Z</time></trkpt><trkpt lat='42.735271999999995' lon='-0.01031'><ele>1361.62</ele><time>2025-06-19T15:19:10Z</time></trkpt><trkpt lat='42.735074999999995' lon='-0.010386'><ele>1365.27</ele><time>2025-06-19T15:27:24Z</time></trkpt><trkpt lat='42.734943' lon='-0.010286'><ele>1365.7</ele><time>2025-06-19T15:32:53Z</time></trkpt><trkpt lat='42.734857999999996' lon='-0.010192'><ele>1365</ele><time>2025-06-19T15:38:21Z</time></trkpt><trkpt lat='42.734809999999996' lon='-0.01015'><ele>1365</ele><time>2025-06-19T15:38:21Z</time></trkpt><trkpt lat='42.73412' lon='-0.009779999999999999'><ele>1372</ele><time>2025-06-19T16:08:30Z</time></trkpt><trkpt lat='42.73392' lon='-0.00958'><ele>1371</ele><time>2025-06-19T16:19:28Z</time></trkpt><trkpt lat='42.733799999999995' lon='-0.0094'><ele>1370</ele><time>2025-06-19T16:27:41Z</time></trkpt><trkpt lat='42.733579999999996' lon='-0.009139999999999999'><ele>1370</ele><time>2025-06-19T16:38:39Z</time></trkpt><trkpt lat='42.733509999999995' lon='-0.00911'><ele>1370</ele><time>2025-06-19T16:41:23Z</time></trkpt><trkpt lat='42.73334' lon='-0.009139999999999999'><ele>1371</ele><time>2025-06-19T16:46:52Z</time></trkpt><trkpt lat='42.73326' lon='-0.00923'><ele>1372</ele><time>2025-06-19T16:52:21Z</time></trkpt><trkpt lat='42.73307' lon='-0.00962'><ele>1377</ele><time>2025-06-19T17:06:03Z</time></trkpt><trkpt lat='42.733' lon='-0.0097'><ele>1377</ele><time>2025-06-19T17:08:47Z</time></trkpt><trkpt lat='42.732769999999995' lon='-0.00966'><ele>1374</ele><time>2025-06-19T17:19:45Z</time></trkpt><trkpt lat='42.73249' lon='-0.00957'><ele>1372</ele><time>2025-06-19T17:30:43Z</time></trkpt><trkpt lat='42.731739999999995' lon='-0.00925'><ele>1373</ele><time>2025-06-19T18:00:51Z</time></trkpt><trkpt lat='42.73146' lon='-0.00908'><ele>1374</ele><time>2025-06-19T18:14:33Z</time></trkpt><trkpt lat='42.730799999999995' lon='-0.00883'><ele>1375</ele><time>2025-06-19T18:41:58Z</time></trkpt><trkpt lat='42.73037' lon='-0.00872'><ele>1377</ele><time>2025-06-19T18:58:24Z</time></trkpt><trkpt lat='42.7296' lon='-0.00821'><ele>1378</ele><time>2025-06-19T19:31:17Z</time></trkpt><trkpt lat='42.72914' lon='-0.00817'><ele>1381</ele><time>2025-06-19T19:50:28Z</time></trkpt><trkpt lat='42.72868' lon='-0.00808'><ele>1382</ele><time>2025-06-19T20:09:39Z</time></trkpt><trkpt lat='42.728229999999996' lon='-0.00804'><ele>1381</ele><time>2025-06-19T20:26:06Z</time></trkpt><trkpt lat='42.728049999999996' lon='-0.00795'><ele>1379</ele><time>2025-06-19T20:34:19Z</time></trkpt><trkpt lat='42.72763' lon='-0.007899999999999999'><ele>1380</ele><time>2025-06-19T20:50:46Z</time></trkpt><trkpt lat='42.72748' lon='-0.00791'><ele>1381</ele><time>2025-06-19T20:58:59Z</time></trkpt><trkpt lat='42.72725' lon='-0.0077599999999999995'><ele>1377</ele><time>2025-06-19T21:07:12Z</time></trkpt><trkpt lat='42.726929999999996' lon='-0.00765'><ele>1377</ele><time>2025-06-19T21:20:54Z</time></trkpt><trkpt lat='42.72679' lon='-0.00762'><ele>1377</ele><time>2025-06-19T21:26:23Z</time></trkpt><trkpt lat='42.726549999999996' lon='-0.00761'><ele>1378</ele><time>2025-06-19T21:37:21Z</time></trkpt><trkpt lat='42.726189999999995' lon='-0.00763'><ele>1381</ele><time>2025-06-19T21:51:03Z</time></trkpt><trkpt lat='42.7258' lon='-0.0077599999999999995'><ele>1382</ele><time>2025-06-19T22:07:29Z</time></trkpt><trkpt lat='42.72503' lon='-0.00821'><ele>1384</ele><time>2025-06-19T22:40:22Z</time></trkpt><trkpt lat='42.72477' lon='-0.00838'><ele>1386</ele><time>2025-06-19T22:54:05Z</time></trkpt><trkpt lat='42.72454' lon='-0.008459999999999999'><ele>1386</ele><time>2025-06-19T23:02:18Z</time></trkpt><trkpt lat='42.72438' lon='-0.008499999999999999'><ele>1387</ele><time>2025-06-19T23:10:31Z</time></trkpt><trkpt lat='42.724129999999995' lon='-0.008459999999999999'><ele>1386</ele><time>2025-06-19T23:18:44Z</time></trkpt><trkpt lat='42.72405' lon='-0.00842'><ele>1386</ele><time>2025-06-19T23:21:29Z</time></trkpt><trkpt lat='42.72406' lon='-0.00843'><ele>1386</ele><time>2025-06-19T23:24:13Z</time></trkpt><trkpt lat='42.723859999999995' lon='-0.00831'><ele>1385</ele><time>2025-06-19T23:32:26Z</time></trkpt><trkpt lat='42.723639999999996' lon='-0.00812'><ele>1385</ele><time>2025-06-19T23:43:24Z</time></trkpt><trkpt lat='42.72345' lon='-0.008029999999999999'><ele>1387</ele><time>2025-06-19T23:48:53Z</time></trkpt><trkpt lat='42.723169999999996' lon='-0.008'><ele>1390</ele><time>2025-06-20T00:02:35Z</time></trkpt><trkpt lat='42.72278' lon='-0.00787'><ele>1392</ele><time>2025-06-20T00:16:17Z</time></trkpt><trkpt lat='42.72265' lon='-0.00787'><ele>1392</ele><time>2025-06-20T00:21:46Z</time></trkpt><trkpt lat='42.72242' lon='-0.00792'><ele>1392</ele><time>2025-06-20T00:32:44Z</time></trkpt><trkpt lat='42.7222' lon='-0.00804'><ele>1392</ele><time>2025-06-20T00:40:57Z</time></trkpt><trkpt lat='42.722069999999995' lon='-0.00812'><ele>1391</ele><time>2025-06-20T00:46:26Z</time></trkpt><trkpt lat='42.721959999999996' lon='-0.00826'><ele>1392</ele><time>2025-06-20T00:51:55Z</time></trkpt><trkpt lat='42.721869999999996' lon='-0.00847'><ele>1393</ele><time>2025-06-20T01:00:08Z</time></trkpt><trkpt lat='42.72182' lon='-0.00864'><ele>1396</ele><time>2025-06-20T01:05:37Z</time></trkpt><trkpt lat='42.72173' lon='-0.00877'><ele>1397</ele><time>2025-06-20T01:11:06Z</time></trkpt><trkpt lat='42.72165' lon='-0.00885'><ele>1397</ele><time>2025-06-20T01:16:34Z</time></trkpt><trkpt lat='42.721309999999995' lon='-0.00906'><ele>1403</ele><time>2025-06-20T01:30:17Z</time></trkpt><trkpt lat='42.721039999999995' lon='-0.009049999999999999'><ele>1404</ele><time>2025-06-20T01:41:14Z</time></trkpt><trkpt lat='42.72081' lon='-0.00889'><ele>1401</ele><time>2025-06-20T01:52:12Z</time></trkpt><trkpt lat='42.72041' lon='-0.00889'><ele>1404</ele><time>2025-06-20T02:08:38Z</time></trkpt><trkpt lat='42.71994' lon='-0.00883'><ele>1414</ele><time>2025-06-20T02:27:49Z</time></trkpt><trkpt lat='42.719789999999996' lon='-0.008629999999999999'><ele>1419</ele><time>2025-06-20T02:38:47Z</time></trkpt><trkpt lat='42.719789999999996' lon='-0.00872'><ele>1421</ele><time>2025-06-20T02:41:32Z</time></trkpt><trkpt lat='42.71976' lon='-0.00874'><ele>1423</ele><time>2025-06-20T02:44:16Z</time></trkpt><trkpt lat='42.719629999999995' lon='-0.00851'><ele>1423</ele><time>2025-06-20T02:52:29Z</time></trkpt><trkpt lat='42.71947' lon='-0.00838'><ele>1423</ele><time>2025-06-20T03:00:43Z</time></trkpt><trkpt lat='42.719269999999995' lon='-0.00838'><ele>1425</ele><time>2025-06-20T03:08:56Z</time></trkpt><trkpt lat='42.71917' lon='-0.008459999999999999'><ele>1427</ele><time>2025-06-20T03:14:25Z</time></trkpt><trkpt lat='42.719' lon='-0.008709999999999999'><ele>1430</ele><time>2025-06-20T03:25:22Z</time></trkpt><trkpt lat='42.71879' lon='-0.0091'><ele>1431</ele><time>2025-06-20T03:41:49Z</time></trkpt><trkpt lat='42.71881' lon='-0.009269999999999999'><ele>1434</ele><time>2025-06-20T03:47:18Z</time></trkpt><trkpt lat='42.71875' lon='-0.0094'><ele>1435</ele><time>2025-06-20T03:52:47Z</time></trkpt><trkpt lat='42.71874' lon='-0.00951'><ele>1437</ele><time>2025-06-20T03:55:31Z</time></trkpt><trkpt lat='42.718509999999995' lon='-0.00962'><ele>1434</ele><time>2025-06-20T04:06:29Z</time></trkpt><trkpt lat='42.71819' lon='-0.01021'><ele>1433</ele><time>2025-06-20T04:28:24Z</time></trkpt><trkpt lat='42.717949999999995' lon='-0.01045'><ele>1429</ele><time>2025-06-20T04:39:22Z</time></trkpt><trkpt lat='42.7179' lon='-0.01062'><ele>1430</ele><time>2025-06-20T04:44:51Z</time></trkpt><trkpt lat='42.71785' lon='-0.01066'><ele>1429</ele><time>2025-06-20T04:47:35Z</time></trkpt><trkpt lat='42.71778' lon='-0.01066'><ele>1429</ele><time>2025-06-20T04:50:19Z</time></trkpt><trkpt lat='42.71733' lon='-0.01112'><ele>1427</ele><time>2025-06-20T05:12:15Z</time></trkpt><trkpt lat='42.71678' lon='-0.01126'><ele>1427</ele><time>2025-06-20T05:34:10Z</time></trkpt><trkpt lat='42.71658' lon='-0.011219999999999999'><ele>1427</ele><time>2025-06-20T05:42:23Z</time></trkpt><trkpt lat='42.71644' lon='-0.0113'><ele>1426</ele><time>2025-06-20T05:50:37Z</time></trkpt><trkpt lat='42.71631' lon='-0.01143'><ele>1427</ele><time>2025-06-20T05:58:50Z</time></trkpt><trkpt lat='42.715889999999995' lon='-0.011649999999999999'><ele>1429</ele><time>2025-06-20T06:15:16Z</time></trkpt><trkpt lat='42.71535' lon='-0.012069999999999999'><ele>1432</ele><time>2025-06-20T06:39:56Z</time></trkpt><trkpt lat='42.71525' lon='-0.012079999999999999'><ele>1432</ele><time>2025-06-20T06:45:25Z</time></trkpt><trkpt lat='42.715129999999995' lon='-0.01211'><ele>1433</ele><time>2025-06-20T06:50:54Z</time></trkpt><trkpt lat='42.715039999999995' lon='-0.012159999999999999'><ele>1433</ele><time>2025-06-20T06:53:38Z</time></trkpt><trkpt lat='42.71462' lon='-0.0126'><ele>1438</ele><time>2025-06-20T07:15:34Z</time></trkpt><trkpt lat='42.714279999999995' lon='-0.01262'><ele>1436</ele><time>2025-06-20T07:29:16Z</time></trkpt><trkpt lat='42.71414' lon='-0.012679999999999999'><ele>1435</ele><time>2025-06-20T07:37:29Z</time></trkpt><trkpt lat='42.71407' lon='-0.01275'><ele>1435</ele><time>2025-06-20T07:40:14Z</time></trkpt><trkpt lat='42.71393' lon='-0.01299'><ele>1436</ele><time>2025-06-20T07:48:27Z</time></trkpt><trkpt lat='42.71384' lon='-0.01303'><ele>1438</ele><time>2025-06-20T07:53:56Z</time></trkpt><trkpt lat='42.71377' lon='-0.013009999999999999'><ele>1438</ele><time>2025-06-20T07:56:40Z</time></trkpt><trkpt lat='42.71347' lon='-0.01275'><ele>1436</ele><time>2025-06-20T08:10:22Z</time></trkpt><trkpt lat='42.713339999999995' lon='-0.01262'><ele>1435</ele><time>2025-06-20T08:15:51Z</time></trkpt><trkpt lat='42.71321' lon='-0.012539999999999999'><ele>1434</ele><time>2025-06-20T08:21:20Z</time></trkpt><trkpt lat='42.71252' lon='-0.01253'><ele>1436</ele><time>2025-06-20T08:48:44Z</time></trkpt><trkpt lat='42.7119' lon='-0.012209999999999999'><ele>1435</ele><time>2025-06-20T09:16:08Z</time></trkpt><trkpt lat='42.71132' lon='-0.012'><ele>1438</ele><time>2025-06-20T09:40:48Z</time></trkpt><trkpt lat='42.71077' lon='-0.012039999999999999'><ele>1440</ele><time>2025-06-20T10:02:44Z</time></trkpt><trkpt lat='42.71064' lon='-0.01198'><ele>1441</ele><time>2025-06-20T10:08:12Z</time></trkpt><trkpt lat='42.710339999999995' lon='-0.011909999999999999'><ele>1444</ele><time>2025-06-20T10:19:10Z</time></trkpt><trkpt lat='42.71033' lon='-0.011909999999999999'><ele>1444</ele><time>2025-06-20T10:19:10Z</time></trkpt><trkpt lat='42.71015' lon='-0.011859999999999999'><ele>1445</ele><time>2025-06-20T10:27:23Z</time></trkpt><trkpt lat='42.709779999999995' lon='-0.01179'><ele>1447</ele><time>2025-06-20T10:41:05Z</time></trkpt><trkpt lat='42.709399999999995' lon='-0.01185'><ele>1446</ele><time>2025-06-20T10:57:32Z</time></trkpt><trkpt lat='42.70933' lon='-0.01181'><ele>1444</ele><time>2025-06-20T11:00:16Z</time></trkpt><trkpt lat='42.70926' lon='-0.011739999999999999'><ele>1443</ele><time>2025-06-20T11:03:01Z</time></trkpt><trkpt lat='42.70926' lon='-0.011559999999999999'><ele>1445</ele><time>2025-06-20T11:08:30Z</time></trkpt><trkpt lat='42.709219999999995' lon='-0.011179999999999999'><ele>1452</ele><time>2025-06-20T11:19:27Z</time></trkpt><trkpt lat='42.709089999999996' lon='-0.011179999999999999'><ele>1458</ele><time>2025-06-20T11:33:09Z</time></trkpt><trkpt lat='42.70898' lon='-0.011059999999999999'><ele>1461</ele><time>2025-06-20T11:44:07Z</time></trkpt><trkpt lat='42.70895' lon='-0.01094'><ele>1462</ele><time>2025-06-20T11:52:20Z</time></trkpt><trkpt lat='42.70889' lon='-0.01089'><ele>1464</ele><time>2025-06-20T12:00:34Z</time></trkpt><trkpt lat='42.70885' lon='-0.01092'><ele>1465</ele><time>2025-06-20T12:03:18Z</time></trkpt><trkpt lat='42.70886' lon='-0.01113'><ele>1464</ele><time>2025-06-20T12:11:31Z</time></trkpt><trkpt lat='42.70869' lon='-0.011389999999999999'><ele>1468</ele><time>2025-06-20T12:25:13Z</time></trkpt><trkpt lat='42.70847' lon='-0.01149'><ele>1473</ele><time>2025-06-20T12:36:11Z</time></trkpt><trkpt lat='42.70839' lon='-0.01132'><ele>1477</ele><time>2025-06-20T12:44:24Z</time></trkpt><trkpt lat='42.70833' lon='-0.011389999999999999'><ele>1477</ele><time>2025-06-20T12:49:53Z</time></trkpt><trkpt lat='42.708239999999996' lon='-0.011559999999999999'><ele>1477</ele><time>2025-06-20T12:55:22Z</time></trkpt><trkpt lat='42.7082' lon='-0.0116'><ele>1476</ele><time>2025-06-20T12:58:07Z</time></trkpt><trkpt lat='42.70812' lon='-0.01153'><ele>1478</ele><time>2025-06-20T13:00:51Z</time></trkpt><trkpt lat='42.70798' lon='-0.01153'><ele>1480</ele><time>2025-06-20T13:06:20Z</time></trkpt><trkpt lat='42.70771' lon='-0.0116'><ele>1481</ele><time>2025-06-20T13:17:17Z</time></trkpt><trkpt lat='42.70757' lon='-0.011479999999999999'><ele>1486</ele><time>2025-06-20T13:25:31Z</time></trkpt><trkpt lat='42.707429999999995' lon='-0.011559999999999999'><ele>1486</ele><time>2025-06-20T13:31:00Z</time></trkpt><trkpt lat='42.70738' lon='-0.011569999999999999'><ele>1486</ele><time>2025-06-20T13:33:44Z</time></trkpt><trkpt lat='42.70733' lon='-0.011569999999999999'><ele>1487</ele><time>2025-06-20T13:36:28Z</time></trkpt><trkpt lat='42.70728' lon='-0.0116'><ele>1486</ele><time>2025-06-20T13:39:13Z</time></trkpt><trkpt lat='42.70715' lon='-0.01151'><ele>1491</ele><time>2025-06-20T13:44:42Z</time></trkpt><trkpt lat='42.707' lon='-0.01151'><ele>1491</ele><time>2025-06-20T13:58:24Z</time></trkpt><trkpt lat='42.70688' lon='-0.01145'><ele>1495</ele><time>2025-06-20T14:06:37Z</time></trkpt><trkpt lat='42.70683' lon='-0.01126'><ele>1502</ele><time>2025-06-20T14:20:19Z</time></trkpt><trkpt lat='42.70675' lon='-0.01113'><ele>1506</ele><time>2025-06-20T14:34:01Z</time></trkpt><trkpt lat='42.706739999999996' lon='-0.011009999999999999'><ele>1508</ele><time>2025-06-20T14:44:59Z</time></trkpt><trkpt lat='42.70655' lon='-0.01086'><ele>1515</ele><time>2025-06-20T15:06:54Z</time></trkpt><trkpt lat='42.7065' lon='-0.01077'><ele>1517</ele><time>2025-06-20T15:15:08Z</time></trkpt><trkpt lat='42.706489999999995' lon='-0.01068'><ele>1519</ele><time>2025-06-20T15:20:36Z</time></trkpt><trkpt lat='42.706489999999995' lon='-0.01069'><ele>1519</ele><time>2025-06-20T15:20:36Z</time></trkpt><trkpt lat='42.706199999999995' lon='-0.010369999999999999'><ele>1529</ele><time>2025-06-20T15:53:30Z</time></trkpt><trkpt lat='42.70583' lon='-0.01026'><ele>1536</ele><time>2025-06-20T16:15:25Z</time></trkpt><trkpt lat='42.70549' lon='-0.0098'><ele>1544</ele><time>2025-06-20T16:42:49Z</time></trkpt><trkpt lat='42.70552' lon='-0.00984'><ele>1544</ele><time>2025-06-20T16:45:34Z</time></trkpt><trkpt lat='42.70549' lon='-0.00983'><ele>1543</ele><time>2025-06-20T16:48:18Z</time></trkpt><trkpt lat='42.70549' lon='-0.009139999999999999'><ele>1549</ele><time>2025-06-20T17:10:13Z</time></trkpt><trkpt lat='42.705459999999995' lon='-0.00894'><ele>1552</ele><time>2025-06-20T17:15:42Z</time></trkpt><trkpt lat='42.7053' lon='-0.00864'><ele>1554</ele><time>2025-06-20T17:26:40Z</time></trkpt><trkpt lat='42.705169999999995' lon='-0.00856'><ele>1557</ele><time>2025-06-20T17:34:53Z</time></trkpt><trkpt lat='42.70505' lon='-0.00859'><ele>1557</ele><time>2025-06-20T17:40:22Z</time></trkpt><trkpt lat='42.70487' lon='-0.00868'><ele>1559</ele><time>2025-06-20T17:48:35Z</time></trkpt><trkpt lat='42.704719999999995' lon='-0.00872'><ele>1560</ele><time>2025-06-20T17:54:04Z</time></trkpt><trkpt lat='42.70464' lon='-0.008709999999999999'><ele>1561</ele><time>2025-06-20T17:56:49Z</time></trkpt><trkpt lat='42.70438' lon='-0.008539999999999999'><ele>1562</ele><time>2025-06-20T18:10:31Z</time></trkpt><trkpt lat='42.704229999999995' lon='-0.00825'><ele>1565</ele><time>2025-06-20T18:21:28Z</time></trkpt><trkpt lat='42.70411' lon='-0.00809'><ele>1563</ele><time>2025-06-20T18:26:57Z</time></trkpt><trkpt lat='42.704119999999996' lon='-0.0081'><ele>1563</ele><time>2025-06-20T18:26:57Z</time></trkpt><trkpt lat='42.70399' lon='-0.00798'><ele>1566</ele><time>2025-06-20T18:32:26Z</time></trkpt><trkpt lat='42.704159999999995' lon='-0.007859999999999999'><ele>1570</ele><time>2025-06-20T18:40:39Z</time></trkpt><trkpt lat='42.70429' lon='-0.007859999999999999'><ele>1572</ele><time>2025-06-20T18:48:53Z</time></trkpt><trkpt lat='42.70455' lon='-0.008'><ele>1572</ele><time>2025-06-20T19:02:35Z</time></trkpt><trkpt lat='42.70495' lon='-0.00817'><ele>1573</ele><time>2025-06-20T19:21:46Z</time></trkpt><trkpt lat='42.70502' lon='-0.00817'><ele>1575</ele><time>2025-06-20T19:24:30Z</time></trkpt><trkpt lat='42.70503' lon='-0.00811'><ele>1577</ele><time>2025-06-20T19:27:14Z</time></trkpt><trkpt lat='42.70516' lon='-0.00792'><ele>1586</ele><time>2025-06-20T19:35:28Z</time></trkpt><trkpt lat='42.70523' lon='-0.00789'><ele>1589</ele><time>2025-06-20T19:40:57Z</time></trkpt><trkpt lat='42.70527' lon='-0.00795'><ele>1589</ele><time>2025-06-20T19:46:25Z</time></trkpt><trkpt lat='42.70539' lon='-0.00791'><ele>1593</ele><time>2025-06-20T19:51:54Z</time></trkpt><trkpt lat='42.7055' lon='-0.00796'><ele>1594</ele><time>2025-06-20T20:00:08Z</time></trkpt><trkpt lat='42.70568' lon='-0.007719999999999999'><ele>1599</ele><time>2025-06-20T20:16:34Z</time></trkpt><trkpt lat='42.70567' lon='-0.00748'><ele>1602</ele><time>2025-06-20T20:33:01Z</time></trkpt><trkpt lat='42.705639999999995' lon='-0.00746'><ele>1604</ele><time>2025-06-20T20:38:29Z</time></trkpt><trkpt lat='42.70565' lon='-0.0073999999999999995'><ele>1604</ele><time>2025-06-20T20:41:14Z</time></trkpt><trkpt lat='42.70552' lon='-0.0070799999999999995'><ele>1614</ele><time>2025-06-20T21:08:38Z</time></trkpt><trkpt lat='42.7056' lon='-0.00695'><ele>1616</ele><time>2025-06-20T21:14:07Z</time></trkpt><trkpt lat='42.705639999999995' lon='-0.00695'><ele>1615</ele><time>2025-06-20T21:16:51Z</time></trkpt><trkpt lat='42.70605' lon='-0.0072299999999999994'><ele>1610</ele><time>2025-06-20T21:36:02Z</time></trkpt><trkpt lat='42.706129999999995' lon='-0.0072499999999999995'><ele>1610</ele><time>2025-06-20T21:38:47Z</time></trkpt><trkpt lat='42.706219999999995' lon='-0.0072299999999999994'><ele>1611</ele><time>2025-06-20T21:41:31Z</time></trkpt><trkpt lat='42.70646' lon='-0.007019999999999999'><ele>1616</ele><time>2025-06-20T21:55:13Z</time></trkpt><trkpt lat='42.70671' lon='-0.0069299999999999995'><ele>1616</ele><time>2025-06-20T22:03:27Z</time></trkpt><trkpt lat='42.70722' lon='-0.006509999999999999'><ele>1632</ele><time>2025-06-20T22:28:06Z</time></trkpt><trkpt lat='42.70754' lon='-0.006209999999999999'><ele>1639</ele><time>2025-06-20T22:55:31Z</time></trkpt><trkpt lat='42.707699999999996' lon='-0.0059499999999999996'><ele>1646</ele><time>2025-06-20T23:11:57Z</time></trkpt><trkpt lat='42.70778' lon='-0.00563'><ele>1657</ele><time>2025-06-20T23:47:35Z</time></trkpt><trkpt lat='42.70789' lon='-0.00531'><ele>1671</ele><time>2025-06-21T00:23:12Z</time></trkpt><trkpt lat='42.70825' lon='-0.005059999999999999'><ele>1663</ele><time>2025-06-21T00:39:39Z</time></trkpt><trkpt lat='42.708369999999995' lon='-0.004889999999999999'><ele>1667</ele><time>2025-06-21T00:47:52Z</time></trkpt><trkpt lat='42.70843' lon='-0.00475'><ele>1672</ele><time>2025-06-21T00:53:21Z</time></trkpt><trkpt lat='42.70849' lon='-0.00475'><ele>1668</ele><time>2025-06-21T00:56:05Z</time></trkpt><trkpt lat='42.70854' lon='-0.00466'><ele>1670</ele><time>2025-06-21T00:58:50Z</time></trkpt><trkpt lat='42.70859' lon='-0.00464'><ele>1669</ele><time>2025-06-21T01:01:34Z</time></trkpt><trkpt lat='42.708619999999996' lon='-0.00455'><ele>1674</ele><time>2025-06-21T01:04:18Z</time></trkpt><trkpt lat='42.70894' lon='-0.00421'><ele>1683</ele><time>2025-06-21T01:20:45Z</time></trkpt><trkpt lat='42.709089999999996' lon='-0.004'><ele>1692</ele><time>2025-06-21T01:39:56Z</time></trkpt><trkpt lat='42.709179999999996' lon='-0.00396'><ele>1688</ele><time>2025-06-21T01:48:09Z</time></trkpt><trkpt lat='42.70927' lon='-0.0038199999999999996'><ele>1695</ele><time>2025-06-21T01:59:07Z</time></trkpt><trkpt lat='42.70935' lon='-0.00378'><ele>1693</ele><time>2025-06-21T02:04:36Z</time></trkpt><trkpt lat='42.70941' lon='-0.00365'><ele>1701</ele><time>2025-06-21T02:10:05Z</time></trkpt><trkpt lat='42.709469999999996' lon='-0.00357'><ele>1703</ele><time>2025-06-21T02:12:49Z</time></trkpt><trkpt lat='42.70959' lon='-0.00356'><ele>1696</ele><time>2025-06-21T02:18:18Z</time></trkpt><trkpt lat='42.709649999999996' lon='-0.0034999999999999996'><ele>1695</ele><time>2025-06-21T02:21:02Z</time></trkpt><trkpt lat='42.70972' lon='-0.0034999999999999996'><ele>1691</ele><time>2025-06-21T02:26:31Z</time></trkpt><trkpt lat='42.709779999999995' lon='-0.00347'><ele>1690</ele><time>2025-06-21T02:29:15Z</time></trkpt><trkpt lat='42.709869999999995' lon='-0.00327'><ele>1697</ele><time>2025-06-21T02:34:44Z</time></trkpt><trkpt lat='42.71' lon='-0.00307'><ele>1706</ele><time>2025-06-21T02:45:42Z</time></trkpt><trkpt lat='42.71011' lon='-0.0030499999999999998'><ele>1701</ele><time>2025-06-21T02:51:11Z</time></trkpt><trkpt lat='42.71031' lon='-0.0029'><ele>1709</ele><time>2025-06-21T03:02:09Z</time></trkpt><trkpt lat='42.710409999999996' lon='-0.0028499999999999997'><ele>1713</ele><time>2025-06-21T03:04:53Z</time></trkpt><trkpt lat='42.710519999999995' lon='-0.0028899999999999998'><ele>1709</ele><time>2025-06-21T03:10:22Z</time></trkpt><trkpt lat='42.71062' lon='-0.0030099999999999997'><ele>1702</ele><time>2025-06-21T03:15:51Z</time></trkpt><trkpt lat='42.71071' lon='-0.0030099999999999997'><ele>1704</ele><time>2025-06-21T03:21:19Z</time></trkpt><trkpt lat='42.7108' lon='-0.00291'><ele>1711</ele><time>2025-06-21T03:26:48Z</time></trkpt><trkpt lat='42.710989999999995' lon='-0.00296'><ele>1707</ele><time>2025-06-21T03:32:17Z</time></trkpt><trkpt lat='42.7112' lon='-0.00282'><ele>1713</ele><time>2025-06-21T03:43:15Z</time></trkpt><trkpt lat='42.711349999999996' lon='-0.00282'><ele>1712</ele><time>2025-06-21T03:48:44Z</time></trkpt><trkpt lat='42.7115' lon='-0.0027199999999999998'><ele>1715</ele><time>2025-06-21T03:56:57Z</time></trkpt><trkpt lat='42.7118' lon='-0.00264'><ele>1708</ele><time>2025-06-21T04:07:55Z</time></trkpt><trkpt lat='42.711949999999995' lon='-0.00248'><ele>1704</ele><time>2025-06-21T04:16:08Z</time></trkpt><trkpt lat='42.712039999999995' lon='-0.0021'><ele>1713</ele><time>2025-06-21T04:27:06Z</time></trkpt><trkpt lat='42.71221' lon='-0.0018399999999999998'><ele>1720</ele><time>2025-06-21T04:38:03Z</time></trkpt><trkpt lat='42.712309999999995' lon='-0.00173'><ele>1725</ele><time>2025-06-21T04:43:32Z</time></trkpt><trkpt lat='42.712379999999996' lon='-0.0017'><ele>1726</ele><time>2025-06-21T04:46:17Z</time></trkpt><trkpt lat='42.71242' lon='-0.00179'><ele>1718</ele><time>2025-06-21T04:51:45Z</time></trkpt><trkpt lat='42.7125' lon='-0.0018'><ele>1716</ele><time>2025-06-21T04:54:30Z</time></trkpt><trkpt lat='42.71262' lon='-0.00187'><ele>1707</ele><time>2025-06-21T04:59:59Z</time></trkpt><trkpt lat='42.71277' lon='-0.0019099999999999998'><ele>1702</ele><time>2025-06-21T05:08:12Z</time></trkpt><trkpt lat='42.71288' lon='-0.00199'><ele>1698</ele><time>2025-06-21T05:13:41Z</time></trkpt><trkpt lat='42.71301' lon='-0.002'><ele>1700</ele><time>2025-06-21T05:19:10Z</time></trkpt><trkpt lat='42.713159999999995' lon='-0.00209'><ele>1699</ele><time>2025-06-21T05:24:38Z</time></trkpt><trkpt lat='42.7134' lon='-0.00215'><ele>1705</ele><time>2025-06-21T05:35:36Z</time></trkpt><trkpt lat='42.71356' lon='-0.00231'><ele>1701</ele><time>2025-06-21T05:43:49Z</time></trkpt><trkpt lat='42.71371' lon='-0.00231'><ele>1704</ele><time>2025-06-21T05:49:18Z</time></trkpt><trkpt lat='42.713989999999995' lon='-0.00219'><ele>1700</ele><time>2025-06-21T06:00:16Z</time></trkpt><trkpt lat='42.714259999999996' lon='-0.0019299999999999999'><ele>1705</ele><time>2025-06-21T06:13:58Z</time></trkpt><trkpt lat='42.714369999999995' lon='-0.0019099999999999998'><ele>1703</ele><time>2025-06-21T06:19:27Z</time></trkpt><trkpt lat='42.71445' lon='-0.0019299999999999999'><ele>1701</ele><time>2025-06-21T06:22:11Z</time></trkpt><trkpt lat='42.71459' lon='-0.00213'><ele>1693</ele><time>2025-06-21T06:30:25Z</time></trkpt><trkpt lat='42.71471' lon='-0.00209'><ele>1698</ele><time>2025-06-21T06:46:51Z</time></trkpt><trkpt lat='42.715039999999995' lon='-0.0018499999999999999'><ele>1711</ele><time>2025-06-21T07:36:11Z</time></trkpt><trkpt lat='42.71537' lon='-0.0017499999999999998'><ele>1704</ele><time>2025-06-21T07:47:08Z</time></trkpt><trkpt lat='42.71574' lon='-0.0018399999999999998'><ele>1702</ele><time>2025-06-21T07:58:06Z</time></trkpt><trkpt lat='42.71606' lon='-0.0017499999999999998'><ele>1699</ele><time>2025-06-21T08:09:04Z</time></trkpt><trkpt lat='42.71615' lon='-0.0016899999999999999'><ele>1703</ele><time>2025-06-21T08:14:33Z</time></trkpt><trkpt lat='42.7162' lon='-0.00162'><ele>1707</ele><time>2025-06-21T08:17:17Z</time></trkpt><trkpt lat='42.71639' lon='-0.00158'><ele>1699</ele><time>2025-06-21T08:25:30Z</time></trkpt><trkpt lat='42.716719999999995' lon='-0.0013499999999999999'><ele>1706</ele><time>2025-06-21T08:41:57Z</time></trkpt><trkpt lat='42.716989999999996' lon='-0.00142'><ele>1707</ele><time>2025-06-21T08:52:55Z</time></trkpt><trkpt lat='42.71712' lon='-0.0015'><ele>1708</ele><time>2025-06-21T08:58:23Z</time></trkpt><trkpt lat='42.71727' lon='-0.0015199999999999999'><ele>1709</ele><time>2025-06-21T09:03:52Z</time></trkpt><trkpt lat='42.71741' lon='-0.0015199999999999999'><ele>1709</ele><time>2025-06-21T09:09:21Z</time></trkpt><trkpt lat='42.717549999999996' lon='-0.00148'><ele>1711</ele><time>2025-06-21T09:14:50Z</time></trkpt><trkpt lat='42.717690999999995' lon='-0.0014399999999999999'><ele>1713</ele><time>2025-06-21T09:23:03Z</time></trkpt><trkpt lat='42.717934' lon='-0.0014839999999999999'><ele>1712</ele><time>2025-06-21T09:36:45Z</time></trkpt><trkpt lat='42.718050999999996' lon='-0.001451'><ele>1718</ele><time>2025-06-21T09:44:59Z</time></trkpt><trkpt lat='42.718129999999995' lon='-0.00145'><ele>1719</ele><time>2025-06-21T09:47:43Z</time></trkpt><trkpt lat='42.7183' lon='-0.00145'><ele>1720</ele><time>2025-06-21T09:58:41Z</time></trkpt><trkpt lat='42.718489999999996' lon='-0.00133'><ele>1728</ele><time>2025-06-21T10:09:38Z</time></trkpt><trkpt lat='42.71875' lon='-0.00122'><ele>1729</ele><time>2025-06-21T10:20:36Z</time></trkpt><trkpt lat='42.718799999999995' lon='-0.00114'><ele>1732</ele><time>2025-06-21T10:26:05Z</time></trkpt><trkpt lat='42.719' lon='-0.0010999999999999998'><ele>1729</ele><time>2025-06-21T10:34:18Z</time></trkpt><trkpt lat='42.719173999999995' lon='-0.001133'><ele>1724</ele><time>2025-06-21T10:39:47Z</time></trkpt><trkpt lat='42.719425' lon='-0.0010559999999999999'><ele>1720</ele><time>2025-06-21T10:50:45Z</time></trkpt><trkpt lat='42.71965' lon='-0.000749'><ele>1739</ele><time>2025-06-21T11:04:27Z</time></trkpt><trkpt lat='42.719712' lon='-0.0005409999999999999'><ele>1745</ele><time>2025-06-21T11:23:38Z</time></trkpt><trkpt lat='42.71977' lon='0.000059999999999999995'><ele>1757</ele><time>2025-06-21T12:07:29Z</time></trkpt><trkpt lat='42.71974' lon='0.00017999999999999998'><ele>1756</ele><time>2025-06-21T12:12:57Z</time></trkpt><trkpt lat='42.719789999999996' lon='0.00031'><ele>1752</ele><time>2025-06-21T12:18:26Z</time></trkpt><trkpt lat='42.71985' lon='0.0006799999999999999'><ele>1743</ele><time>2025-06-21T12:34:53Z</time></trkpt><trkpt lat='42.719829999999995' lon='0.00083'><ele>1743</ele><time>2025-06-21T12:40:22Z</time></trkpt><trkpt lat='42.719792999999996' lon='0.001192'><ele>1744</ele><time>2025-06-21T12:45:50Z</time></trkpt><trkpt lat='42.719757' lon='0.001335'><ele>1744</ele><time>2025-06-21T12:48:35Z</time></trkpt><trkpt lat='42.71977' lon='0.0014399999999999999'><ele>1742</ele><time>2025-06-21T12:51:19Z</time></trkpt><trkpt lat='42.71982' lon='0.00153'><ele>1738</ele><time>2025-06-21T12:54:04Z</time></trkpt><trkpt lat='42.71989' lon='0.0015'><ele>1735</ele><time>2025-06-21T12:56:48Z</time></trkpt><trkpt lat='42.719989999999996' lon='0.0015099999999999998'><ele>1730</ele><time>2025-06-21T12:59:33Z</time></trkpt><trkpt lat='42.72003' lon='0.00154'><ele>1729</ele><time>2025-06-21T13:05:01Z</time></trkpt><trkpt lat='42.72005' lon='0.00162'><ele>1731</ele><time>2025-06-21T13:07:46Z</time></trkpt><trkpt lat='42.72021' lon='0.0018499999999999999'><ele>1737</ele><time>2025-06-21T13:21:28Z</time></trkpt><trkpt lat='42.72015' lon='0.00195'><ele>1739</ele><time>2025-06-21T13:26:57Z</time></trkpt><trkpt lat='42.72009' lon='0.00229'><ele>1744</ele><time>2025-06-21T13:43:23Z</time></trkpt><trkpt lat='42.71994' lon='0.0027099999999999997'><ele>1751</ele><time>2025-06-21T14:02:34Z</time></trkpt><trkpt lat='42.719919999999995' lon='0.00282'><ele>1753</ele><time>2025-06-21T14:08:03Z</time></trkpt><trkpt lat='42.719919999999995' lon='0.00293'><ele>1754</ele><time>2025-06-21T14:10:48Z</time></trkpt><trkpt lat='42.72' lon='0.0034'><ele>1758</ele><time>2025-06-21T14:29:58Z</time></trkpt><trkpt lat='42.720009999999995' lon='0.00359'><ele>1761</ele><time>2025-06-21T14:40:56Z</time></trkpt><trkpt lat='42.71993' lon='0.00389'><ele>1767</ele><time>2025-06-21T15:00:07Z</time></trkpt><trkpt lat='42.71982' lon='0.00396'><ele>1770</ele><time>2025-06-21T15:08:20Z</time></trkpt><trkpt lat='42.71978' lon='0.00402'><ele>1772</ele><time>2025-06-21T15:13:49Z</time></trkpt><trkpt lat='42.71973' lon='0.00403'><ele>1773</ele><time>2025-06-21T15:16:34Z</time></trkpt><trkpt lat='42.7196' lon='0.00411'><ele>1776</ele><time>2025-06-21T15:22:02Z</time></trkpt><trkpt lat='42.71949' lon='0.00415'><ele>1777</ele><time>2025-06-21T15:30:16Z</time></trkpt><trkpt lat='42.71939' lon='0.004399999999999999'><ele>1779</ele><time>2025-06-21T15:38:29Z</time></trkpt><trkpt lat='42.71939' lon='0.0047799999999999995'><ele>1784</ele><time>2025-06-21T15:54:56Z</time></trkpt><trkpt lat='42.71947' lon='0.00513'><ele>1788</ele><time>2025-06-21T16:11:22Z</time></trkpt><trkpt lat='42.71955' lon='0.00565'><ele>1796</ele><time>2025-06-21T16:33:17Z</time></trkpt><trkpt lat='42.71956' lon='0.0057799999999999995'><ele>1798</ele><time>2025-06-21T16:41:31Z</time></trkpt><trkpt lat='42.71953' lon='0.006019999999999999'><ele>1801</ele><time>2025-06-21T16:52:28Z</time></trkpt><trkpt lat='42.719539999999995' lon='0.0060799999999999995'><ele>1802</ele><time>2025-06-21T16:55:13Z</time></trkpt><trkpt lat='42.71969' lon='0.00645'><ele>1810</ele><time>2025-06-21T17:17:08Z</time></trkpt><trkpt lat='42.71975' lon='0.006549999999999999'><ele>1813</ele><time>2025-06-21T17:28:06Z</time></trkpt><trkpt lat='42.71984' lon='0.00681'><ele>1819</ele><time>2025-06-21T17:52:46Z</time></trkpt><trkpt lat='42.719899999999996' lon='0.00688'><ele>1822</ele><time>2025-06-21T18:03:43Z</time></trkpt><trkpt lat='42.71996' lon='0.00686'><ele>1824</ele><time>2025-06-21T18:09:12Z</time></trkpt><trkpt lat='42.720099999999995' lon='0.00649'><ele>1828</ele><time>2025-06-21T18:22:54Z</time></trkpt><trkpt lat='42.72021' lon='0.006359999999999999'><ele>1831</ele><time>2025-06-21T18:31:08Z</time></trkpt><trkpt lat='42.72032' lon='0.00611'><ele>1832</ele><time>2025-06-21T18:39:21Z</time></trkpt><trkpt lat='42.720459999999996' lon='0.0059499999999999996'><ele>1835</ele><time>2025-06-21T18:50:19Z</time></trkpt><trkpt lat='42.72053' lon='0.00588'><ele>1836</ele><time>2025-06-21T18:55:47Z</time></trkpt><trkpt lat='42.72059' lon='0.00585'><ele>1838</ele><time>2025-06-21T19:01:16Z</time></trkpt><trkpt lat='42.72067' lon='0.0057599999999999995'><ele>1839</ele><time>2025-06-21T19:06:45Z</time></trkpt><trkpt lat='42.720749999999995' lon='0.00575'><ele>1840</ele><time>2025-06-21T19:09:30Z</time></trkpt><trkpt lat='42.72112' lon='0.0059099999999999995'><ele>1848</ele><time>2025-06-21T19:31:25Z</time></trkpt><trkpt lat='42.721339' lon='0.005952'><ele>1850</ele><time>2025-06-21T19:42:23Z</time></trkpt><trkpt lat='42.721545' lon='0.005974'><ele>1852</ele><time>2025-06-21T19:53:20Z</time></trkpt><trkpt lat='42.721743' lon='0.005996'><ele>1855</ele><time>2025-06-21T20:01:34Z</time></trkpt><trkpt lat='42.721869' lon='0.006006999999999999'><ele>1858</ele><time>2025-06-21T20:07:02Z</time></trkpt><trkpt lat='42.722102' lon='0.005985'><ele>1861</ele><time>2025-06-21T20:18:00Z</time></trkpt><trkpt lat='42.722426' lon='0.005952'><ele>1865</ele><time>2025-06-21T20:34:27Z</time></trkpt><trkpt lat='42.722955999999996' lon='0.005908'><ele>1870</ele><time>2025-06-21T20:56:22Z</time></trkpt><trkpt lat='42.723378' lon='0.0059629999999999996'><ele>1876</ele><time>2025-06-21T21:15:33Z</time></trkpt><trkpt lat='42.722767' lon='0.007147'><ele>1894</ele><time>2025-06-21T22:13:06Z</time></trkpt><trkpt lat='42.722255' lon='0.008013'><ele>1913</ele><time>2025-06-21T23:13:23Z</time></trkpt><trkpt lat='42.722128999999995' lon='0.008265999999999999'><ele>1918</ele><time>2025-06-21T23:35:18Z</time></trkpt><trkpt lat='42.721976' lon='0.008780999999999999'><ele>1930</ele><time>2025-06-22T00:08:12Z</time></trkpt><trkpt lat='42.721779' lon='0.009132'><ele>1935</ele><time>2025-06-22T00:30:07Z</time></trkpt><trkpt lat='42.721554' lon='0.009483'><ele>1943</ele><time>2025-06-22T00:49:18Z</time></trkpt><trkpt lat='42.721320999999996' lon='0.009845'><ele>1957</ele><time>2025-06-22T01:35:53Z</time></trkpt><trkpt lat='42.721195' lon='0.010107999999999999'><ele>1965</ele><time>2025-06-22T02:06:02Z</time></trkpt><trkpt lat='42.721213' lon='0.010273'><ele>1972</ele><time>2025-06-22T02:25:13Z</time></trkpt><trkpt lat='42.721204' lon='0.010437'><ele>1977</ele><time>2025-06-22T02:38:55Z</time></trkpt><trkpt lat='42.721078' lon='0.010688999999999999'><ele>1982</ele><time>2025-06-22T03:00:50Z</time></trkpt><trkpt lat='42.721033' lon='0.010820999999999999'><ele>1985</ele><time>2025-06-22T03:11:48Z</time></trkpt><trkpt lat='42.721050999999996' lon='0.011117'><ele>1994</ele><time>2025-06-22T03:30:59Z</time></trkpt><trkpt lat='42.720925' lon='0.011259'><ele>1995</ele><time>2025-06-22T03:41:56Z</time></trkpt><trkpt lat='42.720818' lon='0.011457'><ele>1999</ele><time>2025-06-22T03:55:39Z</time></trkpt><trkpt lat='42.72072' lon='0.01164'><ele>2002</ele><time>2025-06-22T04:09:21Z</time></trkpt><trkpt lat='42.7206' lon='0.01205'><ele>2011</ele><time>2025-06-22T04:34:00Z</time></trkpt><trkpt lat='42.72049' lon='0.012249999999999999'><ele>2017</ele><time>2025-06-22T04:47:43Z</time></trkpt><trkpt lat='42.720389999999995' lon='0.01235'><ele>2018</ele><time>2025-06-22T04:53:11Z</time></trkpt><trkpt lat='42.720169999999996' lon='0.01252'><ele>2022</ele><time>2025-06-22T05:09:38Z</time></trkpt><trkpt lat='42.72' lon='0.01252'><ele>2023</ele><time>2025-06-22T05:17:51Z</time></trkpt><trkpt lat='42.720169999999996' lon='0.01278'><ele>2025</ele><time>2025-06-22T05:28:49Z</time></trkpt><trkpt lat='42.72029' lon='0.013019999999999999'><ele>2029</ele><time>2025-06-22T05:39:47Z</time></trkpt><trkpt lat='42.720439999999996' lon='0.01347'><ele>2033</ele><time>2025-06-22T05:53:29Z</time></trkpt><trkpt lat='42.72053' lon='0.01354'><ele>2033</ele><time>2025-06-22T05:58:58Z</time></trkpt><trkpt lat='42.7206' lon='0.01356'><ele>2033</ele><time>2025-06-22T06:01:42Z</time></trkpt><trkpt lat='42.72081' lon='0.013819999999999999'><ele>2035</ele><time>2025-06-22T06:12:40Z</time></trkpt><trkpt lat='42.72117' lon='0.01418'><ele>2040</ele><time>2025-06-22T06:31:51Z</time></trkpt><trkpt lat='42.721' lon='0.0146'><ele>2044</ele><time>2025-06-22T06:45:33Z</time></trkpt><trkpt lat='42.72072' lon='0.014719999999999999'><ele>2046</ele><time>2025-06-22T07:01:59Z</time></trkpt><trkpt lat='42.72059' lon='0.01487'><ele>2050</ele><time>2025-06-22T07:12:57Z</time></trkpt><trkpt lat='42.72038' lon='0.01505'><ele>2054</ele><time>2025-06-22T07:26:39Z</time></trkpt><trkpt lat='42.72009' lon='0.015449999999999998'><ele>2064</ele><time>2025-06-22T07:48:34Z</time></trkpt><trkpt lat='42.71984' lon='0.01643'><ele>2081</ele><time>2025-06-22T08:40:38Z</time></trkpt><trkpt lat='42.71984' lon='0.01642'><ele>2081</ele><time>2025-06-22T08:43:23Z</time></trkpt><trkpt lat='42.71976' lon='0.01677'><ele>2086</ele><time>2025-06-22T08:57:05Z</time></trkpt><trkpt lat='42.7196' lon='0.01693'><ele>2087</ele><time>2025-06-22T09:05:18Z</time></trkpt><trkpt lat='42.71957' lon='0.016999999999999998'><ele>2087</ele><time>2025-06-22T09:08:03Z</time></trkpt><trkpt lat='42.7196' lon='0.01714'><ele>2091</ele><time>2025-06-22T09:13:32Z</time></trkpt><trkpt lat='42.71968' lon='0.01711'><ele>2092</ele><time>2025-06-22T09:19:00Z</time></trkpt><trkpt lat='42.719899999999996' lon='0.0172'><ele>2099</ele><time>2025-06-22T09:35:27Z</time></trkpt><trkpt lat='42.720169999999996' lon='0.01722'><ele>2103</ele><time>2025-06-22T09:54:38Z</time></trkpt><trkpt lat='42.72038' lon='0.017159999999999998'><ele>2105</ele><time>2025-06-22T10:08:20Z</time></trkpt><trkpt lat='42.72056' lon='0.01724'><ele>2108</ele><time>2025-06-22T10:16:33Z</time></trkpt><trkpt lat='42.7208' lon='0.01754'><ele>2113</ele><time>2025-06-22T10:33:00Z</time></trkpt><trkpt lat='42.721' lon='0.01843'><ele>2126</ele><time>2025-06-22T11:08:37Z</time></trkpt><trkpt lat='42.72127' lon='0.0188'><ele>2136</ele><time>2025-06-22T11:38:46Z</time></trkpt><trkpt lat='42.72123' lon='0.019379999999999998'><ele>2146</ele><time>2025-06-22T12:11:39Z</time></trkpt><trkpt lat='42.72128' lon='0.01948'><ele>2149</ele><time>2025-06-22T12:19:52Z</time></trkpt><trkpt lat='42.721289999999996' lon='0.0196'><ele>2151</ele><time>2025-06-22T12:25:21Z</time></trkpt><trkpt lat='42.72165' lon='0.02003'><ele>2160</ele><time>2025-06-22T12:55:30Z</time></trkpt><trkpt lat='42.721689999999995' lon='0.02019'><ele>2163</ele><time>2025-06-22T13:03:43Z</time></trkpt><trkpt lat='42.72168' lon='0.02044'><ele>2167</ele><time>2025-06-22T13:14:41Z</time></trkpt><trkpt lat='42.72164' lon='0.02068'><ele>2170</ele><time>2025-06-22T13:25:38Z</time></trkpt><trkpt lat='42.721599999999995' lon='0.02111'><ele>2175</ele><time>2025-06-22T13:42:05Z</time></trkpt><trkpt lat='42.72177' lon='0.021159999999999998'><ele>2175</ele><time>2025-06-22T13:50:18Z</time></trkpt><trkpt lat='42.721849999999996' lon='0.021249999999999998'><ele>2177</ele><time>2025-06-22T13:55:47Z</time></trkpt><trkpt lat='42.721889999999995' lon='0.021339999999999998'><ele>2178</ele><time>2025-06-22T14:01:16Z</time></trkpt><trkpt lat='42.72195' lon='0.02175'><ele>2184</ele><time>2025-06-22T14:14:58Z</time></trkpt><trkpt lat='42.722359999999995' lon='0.02196'><ele>2190</ele><time>2025-06-22T14:36:53Z</time></trkpt><trkpt lat='42.72244' lon='0.02198'><ele>2192</ele><time>2025-06-22T14:42:22Z</time></trkpt><trkpt lat='42.72242' lon='0.02199'><ele>2192</ele><time>2025-06-22T14:42:22Z</time></trkpt><trkpt lat='42.722409999999996' lon='0.022'><ele>2193</ele><time>2025-06-22T14:45:07Z</time></trkpt><trkpt lat='42.72228' lon='0.02216'><ele>2196</ele><time>2025-06-22T14:53:20Z</time></trkpt><trkpt lat='42.72208' lon='0.02222'><ele>2198</ele><time>2025-06-22T15:04:18Z</time></trkpt><trkpt lat='42.72192' lon='0.02223'><ele>2200</ele><time>2025-06-22T15:12:31Z</time></trkpt><trkpt lat='42.72168' lon='0.022359999999999998'><ele>2205</ele><time>2025-06-22T15:26:13Z</time></trkpt><trkpt lat='42.72204' lon='0.02268'><ele>2213</ele><time>2025-06-22T15:50:53Z</time></trkpt><trkpt lat='42.7222' lon='0.02269'><ele>2214</ele><time>2025-06-22T15:59:06Z</time></trkpt><trkpt lat='42.72229' lon='0.02272'><ele>2216</ele><time>2025-06-22T16:01:50Z</time></trkpt><trkpt lat='42.7223' lon='0.02272'><ele>2216</ele><time>2025-06-22T16:04:35Z</time></trkpt><trkpt lat='42.72215' lon='0.02285'><ele>2219</ele><time>2025-06-22T16:10:04Z</time></trkpt><trkpt lat='42.72201' lon='0.02289'><ele>2220</ele><time>2025-06-22T16:18:17Z</time></trkpt><trkpt lat='42.721849999999996' lon='0.0229'><ele>2220</ele><time>2025-06-22T16:23:46Z</time></trkpt><trkpt lat='42.72173' lon='0.02293'><ele>2220</ele><time>2025-06-22T16:29:15Z</time></trkpt><trkpt lat='42.72141' lon='0.023219999999999998'><ele>2224</ele><time>2025-06-22T16:45:41Z</time></trkpt><trkpt lat='42.72134' lon='0.02332'><ele>2225</ele><time>2025-06-22T16:48:26Z</time></trkpt><trkpt lat='42.72121' lon='0.023729999999999998'><ele>2230</ele><time>2025-06-22T17:02:08Z</time></trkpt><trkpt lat='42.72107' lon='0.024059999999999998'><ele>2234</ele><time>2025-06-22T17:21:19Z</time></trkpt><trkpt lat='42.720769999999995' lon='0.02462'><ele>2246</ele><time>2025-06-22T17:51:27Z</time></trkpt><trkpt lat='42.72125' lon='0.024669999999999997'><ele>2254</ele><time>2025-06-22T18:18:51Z</time></trkpt><trkpt lat='42.72168' lon='0.02453'><ele>2263</ele><time>2025-06-22T18:46:16Z</time></trkpt><trkpt lat='42.72136' lon='0.025249999999999998'><ele>2277</ele><time>2025-06-22T19:30:06Z</time></trkpt><trkpt lat='42.720839999999995' lon='0.0258'><ele>2290</ele><time>2025-06-22T20:11:13Z</time></trkpt><trkpt lat='42.72032' lon='0.02635'><ele>2305</ele><time>2025-06-22T20:57:48Z</time></trkpt><trkpt lat='42.71978' lon='0.02681'><ele>2320</ele><time>2025-06-22T21:44:23Z</time></trkpt><trkpt lat='42.71944' lon='0.027129999999999998'><ele>2328</ele><time>2025-06-22T22:14:32Z</time></trkpt><trkpt lat='42.71939' lon='0.02726'><ele>2332</ele><time>2025-06-22T22:22:45Z</time></trkpt><trkpt lat='42.719249999999995' lon='0.02746'><ele>2339</ele><time>2025-06-22T22:36:27Z</time></trkpt><trkpt lat='42.7192' lon='0.02746'><ele>2339</ele><time>2025-06-22T22:39:12Z</time></trkpt><trkpt lat='42.71918' lon='0.02743'><ele>2337</ele><time>2025-06-22T22:41:56Z</time></trkpt><trkpt lat='42.71911' lon='0.02741'><ele>2337</ele><time>2025-06-22T22:44:40Z</time></trkpt><trkpt lat='42.718689999999995' lon='0.02761'><ele>2348</ele><time>2025-06-22T23:12:05Z</time></trkpt><trkpt lat='42.71817' lon='0.02801'><ele>2360</ele><time>2025-06-22T23:50:27Z</time></trkpt><trkpt lat='42.71772' lon='0.02822'><ele>2371</ele><time>2025-06-23T00:26:04Z</time></trkpt><trkpt lat='42.71727' lon='0.02843'><ele>2383</ele><time>2025-06-23T01:04:26Z</time></trkpt><trkpt lat='42.71677' lon='0.02839'><ele>2389</ele><time>2025-06-23T01:40:03Z</time></trkpt><trkpt lat='42.71703' lon='0.02873'><ele>2402</ele><time>2025-06-23T02:04:43Z</time></trkpt><trkpt lat='42.71666' lon='0.028679999999999997'><ele>2410</ele><time>2025-06-23T02:29:23Z</time></trkpt><trkpt lat='42.71649' lon='0.02863'><ele>2413</ele><time>2025-06-23T02:40:21Z</time></trkpt><trkpt lat='42.71635' lon='0.02846'><ele>2409</ele><time>2025-06-23T02:48:34Z</time></trkpt><trkpt lat='42.715959999999995' lon='0.028239999999999998'><ele>2411</ele><time>2025-06-23T03:07:45Z</time></trkpt><trkpt lat='42.715849999999996' lon='0.028079999999999997'><ele>2409</ele><time>2025-06-23T03:13:14Z</time></trkpt><trkpt lat='42.715579999999996' lon='0.02801'><ele>2417</ele><time>2025-06-23T03:24:11Z</time></trkpt><trkpt lat='42.71562' lon='0.028069999999999998'><ele>2416</ele><time>2025-06-23T03:26:56Z</time></trkpt><trkpt lat='42.71559' lon='0.0282'><ele>2418</ele><time>2025-06-23T03:32:25Z</time></trkpt><trkpt lat='42.71574' lon='0.02831'><ele>2416</ele><time>2025-06-23T03:37:54Z</time></trkpt><trkpt lat='42.71565' lon='0.02836'><ele>2416</ele><time>2025-06-23T03:40:38Z</time></trkpt><trkpt lat='42.71571' lon='0.02843'><ele>2415</ele><time>2025-06-23T03:46:07Z</time></trkpt><trkpt lat='42.71563' lon='0.028509999999999997'><ele>2411</ele><time>2025-06-23T03:48:51Z</time></trkpt><trkpt lat='42.71577' lon='0.028659999999999998'><ele>2408</ele><time>2025-06-23T03:57:05Z</time></trkpt><trkpt lat='42.715599999999995' lon='0.028669999999999998'><ele>2402</ele><time>2025-06-23T04:02:33Z</time></trkpt><trkpt lat='42.71575' lon='0.02898'><ele>2393</ele><time>2025-06-23T04:19:00Z</time></trkpt><trkpt lat='42.715759999999996' lon='0.02899'><ele>2393</ele><time>2025-06-23T04:19:00Z</time></trkpt><trkpt lat='42.715849999999996' lon='0.029169999999999998'><ele>2389</ele><time>2025-06-23T04:27:13Z</time></trkpt><trkpt lat='42.715489999999996' lon='0.02899'><ele>2383</ele><time>2025-06-23T04:43:40Z</time></trkpt><trkpt lat='42.71579' lon='0.02964'><ele>2366</ele><time>2025-06-23T05:08:20Z</time></trkpt><trkpt lat='42.7162' lon='0.03035'><ele>2347</ele><time>2025-06-23T05:43:57Z</time></trkpt><trkpt lat='42.71649' lon='0.03111'><ele>2333</ele><time>2025-06-23T06:08:37Z</time></trkpt><trkpt lat='42.716249999999995' lon='0.03102'><ele>2324</ele><time>2025-06-23T06:27:48Z</time></trkpt><trkpt lat='42.716499999999996' lon='0.031619999999999995'><ele>2309</ele><time>2025-06-23T07:00:41Z</time></trkpt><trkpt lat='42.71674' lon='0.03222'><ele>2295</ele><time>2025-06-23T07:28:05Z</time></trkpt><trkpt lat='42.7164' lon='0.03218'><ele>2283</ele><time>2025-06-23T08:00:58Z</time></trkpt><trkpt lat='42.716629999999995' lon='0.03282'><ele>2270</ele><time>2025-06-23T08:22:53Z</time></trkpt><trkpt lat='42.716699999999996' lon='0.03368'><ele>2257</ele><time>2025-06-23T08:44:49Z</time></trkpt><trkpt lat='42.71677' lon='0.03422'><ele>2247</ele><time>2025-06-23T08:58:31Z</time></trkpt><trkpt lat='42.71705' lon='0.034499999999999996'><ele>2242</ele><time>2025-06-23T09:09:29Z</time></trkpt><trkpt lat='42.716829999999995' lon='0.03449'><ele>2238</ele><time>2025-06-23T09:17:42Z</time></trkpt><trkpt lat='42.716449999999995' lon='0.03439'><ele>2233</ele><time>2025-06-23T09:25:55Z</time></trkpt><trkpt lat='42.71629' lon='0.03417'><ele>2231</ele><time>2025-06-23T09:31:24Z</time></trkpt><trkpt lat='42.71618' lon='0.03397'><ele>2230</ele><time>2025-06-23T09:36:53Z</time></trkpt><trkpt lat='42.716049999999996' lon='0.033839999999999995'><ele>2227</ele><time>2025-06-23T09:42:22Z</time></trkpt><trkpt lat='42.71592' lon='0.033819999999999996'><ele>2225</ele><time>2025-06-23T09:45:06Z</time></trkpt><trkpt lat='42.715849999999996' lon='0.03383'><ele>2224</ele><time>2025-06-23T09:47:51Z</time></trkpt><trkpt lat='42.71577' lon='0.033909999999999996'><ele>2222</ele><time>2025-06-23T09:47:51Z</time></trkpt><trkpt lat='42.715599999999995' lon='0.03393'><ele>2220</ele><time>2025-06-23T09:53:19Z</time></trkpt><trkpt lat='42.71546' lon='0.033889999999999997'><ele>2221</ele><time>2025-06-23T09:58:48Z</time></trkpt><trkpt lat='42.715419999999995' lon='0.03392'><ele>2219</ele><time>2025-06-23T09:58:48Z</time></trkpt><trkpt lat='42.71507' lon='0.03403'><ele>2211</ele><time>2025-06-23T10:09:46Z</time></trkpt><trkpt lat='42.71519' lon='0.03414'><ele>2209</ele><time>2025-06-23T10:15:15Z</time></trkpt><trkpt lat='42.71527' lon='0.034319999999999996'><ele>2204</ele><time>2025-06-23T10:20:44Z</time></trkpt><trkpt lat='42.715219999999995' lon='0.034339999999999996'><ele>2202</ele><time>2025-06-23T10:23:28Z</time></trkpt><trkpt lat='42.715109999999996' lon='0.0343'><ele>2201</ele><time>2025-06-23T10:26:12Z</time></trkpt><trkpt lat='42.71463' lon='0.03402'><ele>2200</ele><time>2025-06-23T10:39:55Z</time></trkpt><trkpt lat='42.714459999999995' lon='0.03403'><ele>2197</ele><time>2025-06-23T10:45:23Z</time></trkpt><trkpt lat='42.71421' lon='0.034249999999999996'><ele>2187</ele><time>2025-06-23T10:59:06Z</time></trkpt><trkpt lat='42.714' lon='0.034339999999999996'><ele>2184</ele><time>2025-06-23T11:10:03Z</time></trkpt><trkpt lat='42.7133' lon='0.03485'><ele>2174</ele><time>2025-06-23T11:31:59Z</time></trkpt><trkpt lat='42.71322' lon='0.034949999999999995'><ele>2171</ele><time>2025-06-23T11:34:43Z</time></trkpt><trkpt lat='42.712959999999995' lon='0.03517'><ele>2168</ele><time>2025-06-23T11:45:41Z</time></trkpt><trkpt lat='42.71283' lon='0.03532'><ele>2166</ele><time>2025-06-23T11:51:10Z</time></trkpt><trkpt lat='42.71275' lon='0.03546'><ele>2165</ele><time>2025-06-23T11:53:54Z</time></trkpt><trkpt lat='42.71274' lon='0.03569'><ele>2161</ele><time>2025-06-23T11:59:23Z</time></trkpt><trkpt lat='42.71268' lon='0.0359'><ele>2160</ele><time>2025-06-23T12:02:07Z</time></trkpt><trkpt lat='42.71281' lon='0.0361'><ele>2155</ele><time>2025-06-23T12:10:21Z</time></trkpt><trkpt lat='42.71284' lon='0.03617'><ele>2154</ele><time>2025-06-23T12:13:05Z</time></trkpt><trkpt lat='42.71277' lon='0.03628'><ele>2153</ele><time>2025-06-23T12:15:49Z</time></trkpt><trkpt lat='42.71265' lon='0.03657'><ele>2147</ele><time>2025-06-23T12:24:03Z</time></trkpt><trkpt lat='42.71286' lon='0.03667'><ele>2143</ele><time>2025-06-23T12:32:16Z</time></trkpt><trkpt lat='42.71292' lon='0.03666'><ele>2142</ele><time>2025-06-23T12:32:16Z</time></trkpt><trkpt lat='42.7131' lon='0.0368'><ele>2138</ele><time>2025-06-23T12:37:45Z</time></trkpt><trkpt lat='42.713139999999996' lon='0.0368'><ele>2138</ele><time>2025-06-23T12:37:45Z</time></trkpt><trkpt lat='42.713249999999995' lon='0.03664'><ele>2137</ele><time>2025-06-23T12:43:14Z</time></trkpt><trkpt lat='42.71331' lon='0.03642'><ele>2135</ele><time>2025-06-23T12:48:42Z</time></trkpt><trkpt lat='42.713609999999996' lon='0.03686'><ele>2127</ele><time>2025-06-23T13:05:09Z</time></trkpt><trkpt lat='42.71358' lon='0.037'><ele>2125</ele><time>2025-06-23T13:07:53Z</time></trkpt><trkpt lat='42.71347' lon='0.03719'><ele>2121</ele><time>2025-06-23T13:13:22Z</time></trkpt><trkpt lat='42.71338' lon='0.03726'><ele>2119</ele><time>2025-06-23T13:18:51Z</time></trkpt><trkpt lat='42.71333' lon='0.03737'><ele>2116</ele><time>2025-06-23T13:21:35Z</time></trkpt><trkpt lat='42.71326' lon='0.03741'><ele>2115</ele><time>2025-06-23T13:24:20Z</time></trkpt><trkpt lat='42.713159999999995' lon='0.03743'><ele>2114</ele><time>2025-06-23T13:27:04Z</time></trkpt><trkpt lat='42.713139999999996' lon='0.037469999999999996'><ele>2112</ele><time>2025-06-23T13:29:49Z</time></trkpt><trkpt lat='42.71339' lon='0.037579999999999995'><ele>2106</ele><time>2025-06-23T13:38:02Z</time></trkpt><trkpt lat='42.713139999999996' lon='0.03772'><ele>2101</ele><time>2025-06-23T13:46:15Z</time></trkpt><trkpt lat='42.71293' lon='0.037759999999999995'><ele>2099</ele><time>2025-06-23T13:54:29Z</time></trkpt><trkpt lat='42.71293' lon='0.03782'><ele>2098</ele><time>2025-06-23T13:54:29Z</time></trkpt><trkpt lat='42.71302' lon='0.037899999999999996'><ele>2095</ele><time>2025-06-23T13:57:13Z</time></trkpt><trkpt lat='42.713029999999996' lon='0.03794'><ele>2095</ele><time>2025-06-23T13:59:57Z</time></trkpt><trkpt lat='42.71301' lon='0.0382'><ele>2089</ele><time>2025-06-23T14:05:26Z</time></trkpt><trkpt lat='42.713229999999996' lon='0.03806'><ele>2088</ele><time>2025-06-23T14:13:40Z</time></trkpt><trkpt lat='42.71331' lon='0.03806'><ele>2086</ele><time>2025-06-23T14:13:40Z</time></trkpt><trkpt lat='42.713429999999995' lon='0.03812'><ele>2083</ele><time>2025-06-23T14:19:08Z</time></trkpt><trkpt lat='42.713589999999996' lon='0.03811'><ele>2081</ele><time>2025-06-23T14:24:37Z</time></trkpt><trkpt lat='42.713879999999996' lon='0.03819'><ele>2074</ele><time>2025-06-23T14:35:35Z</time></trkpt><trkpt lat='42.71377' lon='0.03828'><ele>2072</ele><time>2025-06-23T14:38:19Z</time></trkpt><trkpt lat='42.713699999999996' lon='0.03839'><ele>2069</ele><time>2025-06-23T14:43:48Z</time></trkpt><trkpt lat='42.71367' lon='0.03854'><ele>2068</ele><time>2025-06-23T14:46:33Z</time></trkpt><trkpt lat='42.71367' lon='0.03863'><ele>2067</ele><time>2025-06-23T14:46:33Z</time></trkpt><trkpt lat='42.713719999999995' lon='0.038599999999999995'><ele>2065</ele><time>2025-06-23T14:49:17Z</time></trkpt><trkpt lat='42.71376' lon='0.03854'><ele>2064</ele><time>2025-06-23T14:52:01Z</time></trkpt><trkpt lat='42.71385' lon='0.038529999999999995'><ele>2062</ele><time>2025-06-23T14:52:01Z</time></trkpt><trkpt lat='42.71394' lon='0.03847'><ele>2062</ele><time>2025-06-23T14:54:46Z</time></trkpt><trkpt lat='42.71418' lon='0.03852'><ele>2059</ele><time>2025-06-23T15:02:59Z</time></trkpt><trkpt lat='42.71431' lon='0.03857'><ele>2056</ele><time>2025-06-23T15:08:28Z</time></trkpt><trkpt lat='42.71413' lon='0.03864'><ele>2054</ele><time>2025-06-23T15:13:57Z</time></trkpt><trkpt lat='42.71407' lon='0.0387'><ele>2053</ele><time>2025-06-23T15:16:41Z</time></trkpt><trkpt lat='42.713969999999996' lon='0.038869999999999995'><ele>2050</ele><time>2025-06-23T15:19:26Z</time></trkpt><trkpt lat='42.71393' lon='0.03888'><ele>2051</ele><time>2025-06-23T15:22:10Z</time></trkpt><trkpt lat='42.71385' lon='0.03924'><ele>2044</ele><time>2025-06-23T15:30:23Z</time></trkpt><trkpt lat='42.71382' lon='0.03952'><ele>2040</ele><time>2025-06-23T15:38:37Z</time></trkpt><trkpt lat='42.71393' lon='0.03934'><ele>2038</ele><time>2025-06-23T15:41:21Z</time></trkpt><trkpt lat='42.71403' lon='0.03924'><ele>2036</ele><time>2025-06-23T15:46:50Z</time></trkpt><trkpt lat='42.71414' lon='0.0392'><ele>2035</ele><time>2025-06-23T15:49:34Z</time></trkpt><trkpt lat='42.714259999999996' lon='0.0392'><ele>2034</ele><time>2025-06-23T15:52:19Z</time></trkpt><trkpt lat='42.714549999999996' lon='0.0394'><ele>2027</ele><time>2025-06-23T16:00:32Z</time></trkpt><trkpt lat='42.71462' lon='0.0394'><ele>2026</ele><time>2025-06-23T16:03:16Z</time></trkpt><trkpt lat='42.714569999999995' lon='0.03947'><ele>2025</ele><time>2025-06-23T16:06:01Z</time></trkpt><trkpt lat='42.71449' lon='0.0395'><ele>2024</ele><time>2025-06-23T16:08:45Z</time></trkpt><trkpt lat='42.71436' lon='0.039509999999999997'><ele>2023</ele><time>2025-06-23T16:11:30Z</time></trkpt><trkpt lat='42.71432' lon='0.039549999999999995'><ele>2023</ele><time>2025-06-23T16:14:14Z</time></trkpt><trkpt lat='42.714259999999996' lon='0.03973'><ele>2021</ele><time>2025-06-23T16:16:59Z</time></trkpt><trkpt lat='42.71427' lon='0.03986'><ele>2019</ele><time>2025-06-23T16:19:43Z</time></trkpt><trkpt lat='42.714259999999996' lon='0.03993'><ele>2018</ele><time>2025-06-23T16:22:27Z</time></trkpt><trkpt lat='42.71423' lon='0.03998'><ele>2019</ele><time>2025-06-23T16:22:27Z</time></trkpt><trkpt lat='42.7143' lon='0.03995'><ele>2017</ele><time>2025-06-23T16:25:12Z</time></trkpt><trkpt lat='42.71434' lon='0.03986'><ele>2017</ele><time>2025-06-23T16:27:56Z</time></trkpt><trkpt lat='42.71452' lon='0.03984'><ele>2014</ele><time>2025-06-23T16:33:25Z</time></trkpt><trkpt lat='42.71468' lon='0.03986'><ele>2013</ele><time>2025-06-23T16:41:38Z</time></trkpt><trkpt lat='42.7148' lon='0.03984'><ele>2013</ele><time>2025-06-23T16:47:07Z</time></trkpt><trkpt lat='42.71492' lon='0.03986'><ele>2012</ele><time>2025-06-23T16:49:52Z</time></trkpt><trkpt lat='42.714949999999995' lon='0.039889999999999995'><ele>2012</ele><time>2025-06-23T16:52:36Z</time></trkpt><trkpt lat='42.714949999999995' lon='0.04018'><ele>2008</ele><time>2025-06-23T17:00:49Z</time></trkpt><trkpt lat='42.71512' lon='0.0404'><ele>2007</ele><time>2025-06-23T17:11:47Z</time></trkpt><trkpt lat='42.71524' lon='0.04052'><ele>2008</ele><time>2025-06-23T17:17:16Z</time></trkpt><trkpt lat='42.715559999999996' lon='0.04072'><ele>2006</ele><time>2025-06-23T17:30:58Z</time></trkpt><trkpt lat='42.71592' lon='0.040979999999999996'><ele>2005</ele><time>2025-06-23T17:47:24Z</time></trkpt><trkpt lat='42.71619' lon='0.04103'><ele>2006</ele><time>2025-06-23T17:58:22Z</time></trkpt><trkpt lat='42.716229999999996' lon='0.041049999999999996'><ele>2005</ele><time>2025-06-23T18:01:07Z</time></trkpt><trkpt lat='42.716229999999996' lon='0.04106'><ele>2005</ele><time>2025-06-23T18:01:07Z</time></trkpt><trkpt lat='42.716319999999996' lon='0.04112'><ele>2004</ele><time>2025-06-23T18:03:51Z</time></trkpt><trkpt lat='42.71655' lon='0.04112'><ele>2002</ele><time>2025-06-23T18:14:49Z</time></trkpt><trkpt lat='42.716719999999995' lon='0.04103'><ele>2000</ele><time>2025-06-23T18:23:02Z</time></trkpt><trkpt lat='42.71677' lon='0.04103'><ele>1999</ele><time>2025-06-23T18:23:02Z</time></trkpt><trkpt lat='42.71686' lon='0.041299999999999996'><ele>1993</ele><time>2025-06-23T18:31:15Z</time></trkpt><trkpt lat='42.716989999999996' lon='0.041389999999999996'><ele>1992</ele><time>2025-06-23T18:36:44Z</time></trkpt><trkpt lat='42.717549999999996' lon='0.0414'><ele>1990</ele><time>2025-06-23T18:55:55Z</time></trkpt><trkpt lat='42.71768' lon='0.041479999999999996'><ele>1988</ele><time>2025-06-23T19:01:24Z</time></trkpt><trkpt lat='42.71774' lon='0.04147'><ele>1989</ele><time>2025-06-23T19:04:08Z</time></trkpt><trkpt lat='42.718019999999996' lon='0.04179'><ele>1985</ele><time>2025-06-23T19:15:06Z</time></trkpt><trkpt lat='42.71821' lon='0.04196'><ele>1981</ele><time>2025-06-23T19:23:19Z</time></trkpt><trkpt lat='42.71835' lon='0.04201'><ele>1980</ele><time>2025-06-23T19:28:48Z</time></trkpt><trkpt lat='42.718689999999995' lon='0.04228'><ele>1976</ele><time>2025-06-23T19:42:30Z</time></trkpt><trkpt lat='42.71882' lon='0.04226'><ele>1976</ele><time>2025-06-23T19:47:59Z</time></trkpt><trkpt lat='42.718959999999996' lon='0.042359999999999995'><ele>1974</ele><time>2025-06-23T19:50:43Z</time></trkpt><trkpt lat='42.719' lon='0.042429999999999995'><ele>1973</ele><time>2025-06-23T19:53:28Z</time></trkpt><trkpt lat='42.71911' lon='0.04247'><ele>1974</ele><time>2025-06-23T19:56:12Z</time></trkpt><trkpt lat='42.71939' lon='0.04298'><ele>1964</ele><time>2025-06-23T20:07:10Z</time></trkpt><trkpt lat='42.71935' lon='0.04299'><ele>1963</ele><time>2025-06-23T20:12:39Z</time></trkpt><trkpt lat='42.719319999999996' lon='0.04305'><ele>1961</ele><time>2025-06-23T20:20:52Z</time></trkpt><trkpt lat='42.71942' lon='0.0434'><ele>1950</ele><time>2025-06-23T20:56:30Z</time></trkpt><trkpt lat='42.7196' lon='0.043519999999999996'><ele>1947</ele><time>2025-06-23T21:04:43Z</time></trkpt><trkpt lat='42.71968' lon='0.04366'><ele>1944</ele><time>2025-06-23T21:07:27Z</time></trkpt><trkpt lat='42.719919999999995' lon='0.04389'><ele>1940</ele><time>2025-06-23T21:18:25Z</time></trkpt><trkpt lat='42.72' lon='0.04401'><ele>1936</ele><time>2025-06-23T21:21:09Z</time></trkpt><trkpt lat='42.72024' lon='0.04403'><ele>1933</ele><time>2025-06-23T21:32:07Z</time></trkpt><trkpt lat='42.72056' lon='0.04425'><ele>1923</ele><time>2025-06-23T21:43:05Z</time></trkpt><trkpt lat='42.72087' lon='0.04435'><ele>1918</ele><time>2025-06-23T21:56:47Z</time></trkpt><trkpt lat='42.72099' lon='0.04441'><ele>1915</ele><time>2025-06-23T22:02:16Z</time></trkpt><trkpt lat='42.7211' lon='0.04469'><ele>1907</ele><time>2025-06-23T22:10:29Z</time></trkpt><trkpt lat='42.720949999999995' lon='0.044629999999999996'><ele>1907</ele><time>2025-06-23T22:15:58Z</time></trkpt><trkpt lat='42.7209' lon='0.044579999999999995'><ele>1907</ele><time>2025-06-23T22:18:42Z</time></trkpt><trkpt lat='42.72083' lon='0.044579999999999995'><ele>1906</ele><time>2025-06-23T22:18:42Z</time></trkpt><trkpt lat='42.72072' lon='0.04461'><ele>1903</ele><time>2025-06-23T22:21:27Z</time></trkpt><trkpt lat='42.72059' lon='0.04467'><ele>1902</ele><time>2025-06-23T22:26:55Z</time></trkpt><trkpt lat='42.72052' lon='0.04476'><ele>1899</ele><time>2025-06-23T22:29:40Z</time></trkpt><trkpt lat='42.72054' lon='0.0448'><ele>1898</ele><time>2025-06-23T22:29:40Z</time></trkpt><trkpt lat='42.720729999999996' lon='0.04486'><ele>1896</ele><time>2025-06-23T22:35:09Z</time></trkpt><trkpt lat='42.720859999999995' lon='0.044919999999999995'><ele>1895</ele><time>2025-06-23T22:40:38Z</time></trkpt><trkpt lat='42.72094' lon='0.044989999999999995'><ele>1893</ele><time>2025-06-23T22:43:22Z</time></trkpt><trkpt lat='42.721019999999996' lon='0.04509'><ele>1891</ele><time>2025-06-23T22:48:51Z</time></trkpt><trkpt lat='42.72109' lon='0.04536'><ele>1885</ele><time>2025-06-23T22:54:20Z</time></trkpt><trkpt lat='42.72116' lon='0.04544'><ele>1884</ele><time>2025-06-23T22:59:49Z</time></trkpt><trkpt lat='42.72135' lon='0.04554'><ele>1880</ele><time>2025-06-23T23:05:17Z</time></trkpt><trkpt lat='42.721419999999995' lon='0.0455'><ele>1880</ele><time>2025-06-23T23:08:02Z</time></trkpt><trkpt lat='42.7217' lon='0.04572'><ele>1871</ele><time>2025-06-23T23:19:00Z</time></trkpt><trkpt lat='42.72183' lon='0.04573'><ele>1869</ele><time>2025-06-23T23:24:28Z</time></trkpt><trkpt lat='42.721979999999995' lon='0.04586'><ele>1866</ele><time>2025-06-23T23:29:57Z</time></trkpt><trkpt lat='42.722049999999996' lon='0.04588'><ele>1866</ele><time>2025-06-23T23:32:42Z</time></trkpt><trkpt lat='42.72215' lon='0.046009999999999995'><ele>1861</ele><time>2025-06-23T23:35:26Z</time></trkpt><trkpt lat='42.72221' lon='0.04605'><ele>1860</ele><time>2025-06-23T23:38:10Z</time></trkpt><trkpt lat='42.722269999999995' lon='0.04602'><ele>1859</ele><time>2025-06-23T23:40:55Z</time></trkpt><trkpt lat='42.72242' lon='0.04636'><ele>1853</ele><time>2025-06-23T23:51:53Z</time></trkpt><trkpt lat='42.72256' lon='0.04641'><ele>1850</ele><time>2025-06-23T23:54:37Z</time></trkpt><trkpt lat='42.72262' lon='0.04639'><ele>1849</ele><time>2025-06-23T23:57:21Z</time></trkpt><trkpt lat='42.72273' lon='0.04615'><ele>1846</ele><time>2025-06-24T00:02:50Z</time></trkpt><trkpt lat='42.72271' lon='0.04606'><ele>1847</ele><time>2025-06-24T00:05:35Z</time></trkpt><trkpt lat='42.722809999999996' lon='0.045899999999999996'><ele>1844</ele><time>2025-06-24T00:11:04Z</time></trkpt><trkpt lat='42.722899999999996' lon='0.0458'><ele>1843</ele><time>2025-06-24T00:13:48Z</time></trkpt><trkpt lat='42.72302' lon='0.04573'><ele>1840</ele><time>2025-06-24T00:16:32Z</time></trkpt><trkpt lat='42.72307' lon='0.045649999999999996'><ele>1840</ele><time>2025-06-24T00:19:17Z</time></trkpt><trkpt lat='42.72311' lon='0.045649999999999996'><ele>1838</ele><time>2025-06-24T00:19:17Z</time></trkpt><trkpt lat='42.72316' lon='0.04571'><ele>1836</ele><time>2025-06-24T00:22:01Z</time></trkpt><trkpt lat='42.723369999999996' lon='0.04582'><ele>1831</ele><time>2025-06-24T00:27:30Z</time></trkpt><trkpt lat='42.723569999999995' lon='0.04581'><ele>1828</ele><time>2025-06-24T00:32:59Z</time></trkpt><trkpt lat='42.72369' lon='0.04572'><ele>1828</ele><time>2025-06-24T00:35:43Z</time></trkpt><trkpt lat='42.723839999999996' lon='0.04568'><ele>1827</ele><time>2025-06-24T00:41:12Z</time></trkpt><trkpt lat='42.72409' lon='0.045689999999999995'><ele>1824</ele><time>2025-06-24T00:49:25Z</time></trkpt><trkpt lat='42.72417' lon='0.04575'><ele>1822</ele><time>2025-06-24T00:52:10Z</time></trkpt><trkpt lat='42.72432' lon='0.04581'><ele>1819</ele><time>2025-06-24T00:54:54Z</time></trkpt><trkpt lat='42.72447' lon='0.04582'><ele>1818</ele><time>2025-06-24T01:00:23Z</time></trkpt><trkpt lat='42.72468' lon='0.04579'><ele>1815</ele><time>2025-06-24T01:05:52Z</time></trkpt><trkpt lat='42.724759999999996' lon='0.04575'><ele>1815</ele><time>2025-06-24T01:11:21Z</time></trkpt><trkpt lat='42.72475' lon='0.04575'><ele>1815</ele><time>2025-06-24T01:11:21Z</time></trkpt><trkpt lat='42.72483' lon='0.0457'><ele>1815</ele><time>2025-06-24T01:14:05Z</time></trkpt><trkpt lat='42.72491' lon='0.045669999999999995'><ele>1814</ele><time>2025-06-24T01:16:50Z</time></trkpt><trkpt lat='42.72509' lon='0.04564'><ele>1812</ele><time>2025-06-24T01:22:19Z</time></trkpt><trkpt lat='42.72529' lon='0.04566'><ele>1808</ele><time>2025-06-24T01:30:32Z</time></trkpt><trkpt lat='42.725539999999995' lon='0.045649999999999996'><ele>1806</ele><time>2025-06-24T01:38:45Z</time></trkpt><trkpt lat='42.72603' lon='0.045759999999999995'><ele>1801</ele><time>2025-06-24T01:55:12Z</time></trkpt><trkpt lat='42.72622' lon='0.045759999999999995'><ele>1799</ele><time>2025-06-24T02:00:40Z</time></trkpt><trkpt lat='42.726389999999995' lon='0.04572'><ele>1797</ele><time>2025-06-24T02:06:09Z</time></trkpt><trkpt lat='42.726549999999996' lon='0.04572'><ele>1794</ele><time>2025-06-24T02:08:54Z</time></trkpt><trkpt lat='42.72676' lon='0.04575'><ele>1792</ele><time>2025-06-24T02:14:23Z</time></trkpt><trkpt lat='42.72683' lon='0.0458'><ele>1790</ele><time>2025-06-24T02:17:07Z</time></trkpt><trkpt lat='42.72727' lon='0.04584'><ele>1785</ele><time>2025-06-24T02:33:33Z</time></trkpt><trkpt lat='42.72746' lon='0.04593'><ele>1783</ele><time>2025-06-24T02:39:02Z</time></trkpt><trkpt lat='42.72764' lon='0.04596'><ele>1781</ele><time>2025-06-24T02:44:31Z</time></trkpt><trkpt lat='42.72785' lon='0.04595'><ele>1779</ele><time>2025-06-24T02:52:44Z</time></trkpt><trkpt lat='42.72806' lon='0.045919999999999996'><ele>1777</ele><time>2025-06-24T03:00:58Z</time></trkpt><trkpt lat='42.72821' lon='0.04588'><ele>1776</ele><time>2025-06-24T03:06:27Z</time></trkpt><trkpt lat='42.728719999999996' lon='0.04582'><ele>1772</ele><time>2025-06-24T03:20:09Z</time></trkpt><trkpt lat='42.72882' lon='0.04591'><ele>1768</ele><time>2025-06-24T03:25:37Z</time></trkpt><trkpt lat='42.72924' lon='0.04596'><ele>1766</ele><time>2025-06-24T03:44:48Z</time></trkpt><trkpt lat='42.72943' lon='0.045919999999999996'><ele>1766</ele><time>2025-06-24T03:53:02Z</time></trkpt><trkpt lat='42.729589999999995' lon='0.04593'><ele>1765</ele><time>2025-06-24T03:58:31Z</time></trkpt><trkpt lat='42.72996' lon='0.04611'><ele>1763</ele><time>2025-06-24T04:14:57Z</time></trkpt><trkpt lat='42.73043' lon='0.04621'><ele>1762</ele><time>2025-06-24T04:34:08Z</time></trkpt><trkpt lat='42.73052' lon='0.04622'><ele>1761</ele><time>2025-06-24T04:36:52Z</time></trkpt><trkpt lat='42.73063' lon='0.04612'><ele>1761</ele><time>2025-06-24T04:42:21Z</time></trkpt><trkpt lat='42.73073' lon='0.04615'><ele>1759</ele><time>2025-06-24T04:47:50Z</time></trkpt><trkpt lat='42.730979999999995' lon='0.04618'><ele>1758</ele><time>2025-06-24T04:58:48Z</time></trkpt><trkpt lat='42.73123' lon='0.04627'><ele>1756</ele><time>2025-06-24T05:07:01Z</time></trkpt><trkpt lat='42.73139' lon='0.0463'><ele>1755</ele><time>2025-06-24T05:12:30Z</time></trkpt><trkpt lat='42.73149' lon='0.046279999999999995'><ele>1754</ele><time>2025-06-24T05:15:14Z</time></trkpt><trkpt lat='42.73164' lon='0.046189999999999995'><ele>1749</ele><time>2025-06-24T05:20:43Z</time></trkpt><trkpt lat='42.731739999999995' lon='0.04605'><ele>1748</ele><time>2025-06-24T05:23:28Z</time></trkpt><trkpt lat='42.73182' lon='0.046009999999999995'><ele>1747</ele><time>2025-06-24T05:26:12Z</time></trkpt><trkpt lat='42.73191' lon='0.045989999999999996'><ele>1746</ele><time>2025-06-24T05:28:56Z</time></trkpt><trkpt lat='42.73225' lon='0.04605'><ele>1740</ele><time>2025-06-24T05:37:10Z</time></trkpt><trkpt lat='42.7324' lon='0.04612'><ele>1737</ele><time>2025-06-24T05:42:39Z</time></trkpt><trkpt lat='42.73252' lon='0.04621'><ele>1734</ele><time>2025-06-24T05:48:07Z</time></trkpt><trkpt lat='42.73265' lon='0.046239999999999996'><ele>1732</ele><time>2025-06-24T05:50:52Z</time></trkpt><trkpt lat='42.73282' lon='0.04621'><ele>1730</ele><time>2025-06-24T05:56:21Z</time></trkpt><trkpt lat='42.73299' lon='0.04627'><ele>1726</ele><time>2025-06-24T06:01:50Z</time></trkpt><trkpt lat='42.73336' lon='0.046259999999999996'><ele>1723</ele><time>2025-06-24T06:18:16Z</time></trkpt><trkpt lat='42.73341' lon='0.04622'><ele>1723</ele><time>2025-06-24T06:21:01Z</time></trkpt><trkpt lat='42.733489999999996' lon='0.046189999999999995'><ele>1724</ele><time>2025-06-24T06:23:45Z</time></trkpt><trkpt lat='42.73361' lon='0.04621'><ele>1722</ele><time>2025-06-24T06:29:14Z</time></trkpt><trkpt lat='42.73372' lon='0.0462'><ele>1723</ele><time>2025-06-24T06:34:43Z</time></trkpt><trkpt lat='42.73385' lon='0.046239999999999996'><ele>1723</ele><time>2025-06-24T06:40:11Z</time></trkpt><trkpt lat='42.73419' lon='0.0464'><ele>1722</ele><time>2025-06-24T06:53:54Z</time></trkpt><trkpt lat='42.73464' lon='0.04666'><ele>1721</ele><time>2025-06-24T07:13:05Z</time></trkpt><trkpt lat='42.73479' lon='0.046669999999999996'><ele>1721</ele><time>2025-06-24T07:18:33Z</time></trkpt><trkpt lat='42.73496' lon='0.04666'><ele>1721</ele><time>2025-06-24T07:26:47Z</time></trkpt><trkpt lat='42.73582' lon='0.04652'><ele>1720</ele><time>2025-06-24T08:02:24Z</time></trkpt><trkpt lat='42.73611' lon='0.04649'><ele>1720</ele><time>2025-06-24T08:13:22Z</time></trkpt><trkpt lat='42.73635' lon='0.04641'><ele>1721</ele><time>2025-06-24T08:24:19Z</time></trkpt><trkpt lat='42.73667' lon='0.04623'><ele>1720</ele><time>2025-06-24T08:38:02Z</time></trkpt><trkpt lat='42.73686' lon='0.04604'><ele>1721</ele><time>2025-06-24T08:48:59Z</time></trkpt><trkpt lat='42.7372' lon='0.045849999999999995'><ele>1719</ele><time>2025-06-24T09:02:41Z</time></trkpt><trkpt lat='42.73733' lon='0.04589'><ele>1719</ele><time>2025-06-24T09:08:10Z</time></trkpt><trkpt lat='42.73744' lon='0.04596'><ele>1717</ele><time>2025-06-24T09:13:39Z</time></trkpt><trkpt lat='42.737559999999995' lon='0.04597'><ele>1718</ele><time>2025-06-24T09:19:08Z</time></trkpt><trkpt lat='42.73768' lon='0.046079999999999996'><ele>1715</ele><time>2025-06-24T09:24:37Z</time></trkpt><trkpt lat='42.73779' lon='0.04612'><ele>1715</ele><time>2025-06-24T09:30:06Z</time></trkpt><trkpt lat='42.73802' lon='0.04615'><ele>1714</ele><time>2025-06-24T09:41:03Z</time></trkpt><trkpt lat='42.73816' lon='0.04622'><ele>1711</ele><time>2025-06-24T09:46:32Z</time></trkpt><trkpt lat='42.73822' lon='0.0462'><ele>1711</ele><time>2025-06-24T09:49:17Z</time></trkpt><trkpt lat='42.73834' lon='0.04607'><ele>1715</ele><time>2025-06-24T09:54:45Z</time></trkpt><trkpt lat='42.738459999999996' lon='0.04605'><ele>1713</ele><time>2025-06-24T10:00:14Z</time></trkpt><trkpt lat='42.73878' lon='0.04595'><ele>1713</ele><time>2025-06-24T10:13:56Z</time></trkpt><trkpt lat='42.738929999999996' lon='0.04604'><ele>1709</ele><time>2025-06-24T10:19:25Z</time></trkpt><trkpt lat='42.738969999999995' lon='0.046079999999999996'><ele>1707</ele><time>2025-06-24T10:22:10Z</time></trkpt><trkpt lat='42.73936' lon='0.045989999999999996'><ele>1706</ele><time>2025-06-24T10:38:36Z</time></trkpt><trkpt lat='42.74012' lon='0.04564'><ele>1702</ele><time>2025-06-24T11:11:29Z</time></trkpt><trkpt lat='42.74037' lon='0.04568'><ele>1695</ele><time>2025-06-24T11:22:27Z</time></trkpt><trkpt lat='42.740759999999995' lon='0.04584'><ele>1688</ele><time>2025-06-24T11:36:09Z</time></trkpt><trkpt lat='42.741029999999995' lon='0.045899999999999996'><ele>1686</ele><time>2025-06-24T11:49:51Z</time></trkpt><trkpt lat='42.74154' lon='0.04588'><ele>1686</ele><time>2025-06-24T12:09:02Z</time></trkpt><trkpt lat='42.742349999999995' lon='0.04571'><ele>1689</ele><time>2025-06-24T12:41:55Z</time></trkpt><trkpt lat='42.74259' lon='0.04578'><ele>1690</ele><time>2025-06-24T12:52:53Z</time></trkpt><trkpt lat='42.74284' lon='0.045829999999999996'><ele>1690</ele><time>2025-06-24T13:03:51Z</time></trkpt><trkpt lat='42.74321' lon='0.04586'><ele>1690</ele><time>2025-06-24T13:17:33Z</time></trkpt><trkpt lat='42.74333' lon='0.04579'><ele>1693</ele><time>2025-06-24T13:23:02Z</time></trkpt><trkpt lat='42.74343' lon='0.045899999999999996'><ele>1690</ele><time>2025-06-24T13:28:30Z</time></trkpt><trkpt lat='42.74371' lon='0.04602'><ele>1688</ele><time>2025-06-24T13:42:12Z</time></trkpt><trkpt lat='42.743919999999996' lon='0.04615'><ele>1687</ele><time>2025-06-24T13:50:26Z</time></trkpt><trkpt lat='42.74413' lon='0.04639'><ele>1684</ele><time>2025-06-24T14:01:23Z</time></trkpt><trkpt lat='42.744209999999995' lon='0.04645'><ele>1683</ele><time>2025-06-24T14:06:52Z</time></trkpt><trkpt lat='42.74458' lon='0.04646'><ele>1683</ele><time>2025-06-24T14:20:34Z</time></trkpt><trkpt lat='42.744659999999996' lon='0.04641'><ele>1683</ele><time>2025-06-24T14:23:19Z</time></trkpt><trkpt lat='42.74471' lon='0.0464'><ele>1684</ele><time>2025-06-24T14:26:03Z</time></trkpt><trkpt lat='42.74478' lon='0.046439999999999995'><ele>1684</ele><time>2025-06-24T14:28:48Z</time></trkpt><trkpt lat='42.74489' lon='0.04647'><ele>1683</ele><time>2025-06-24T14:34:16Z</time></trkpt><trkpt lat='42.74499' lon='0.04643'><ele>1683</ele><time>2025-06-24T14:39:45Z</time></trkpt><trkpt lat='42.745329999999996' lon='0.04647'><ele>1683</ele><time>2025-06-24T14:53:27Z</time></trkpt><trkpt lat='42.74543' lon='0.04638'><ele>1685</ele><time>2025-06-24T14:56:12Z</time></trkpt><trkpt lat='42.74555' lon='0.04634'><ele>1684</ele><time>2025-06-24T15:01:41Z</time></trkpt><trkpt lat='42.74566' lon='0.046239999999999996'><ele>1686</ele><time>2025-06-24T15:07:10Z</time></trkpt><trkpt lat='42.74588' lon='0.04621'><ele>1684</ele><time>2025-06-24T15:18:07Z</time></trkpt><trkpt lat='42.74603' lon='0.04623'><ele>1683</ele><time>2025-06-24T15:23:36Z</time></trkpt><trkpt lat='42.74617' lon='0.04634'><ele>1682</ele><time>2025-06-24T15:29:05Z</time></trkpt><trkpt lat='42.74626' lon='0.04652'><ele>1679</ele><time>2025-06-24T15:37:18Z</time></trkpt><trkpt lat='42.746338' lon='0.046543999999999995'><ele>1679</ele><time>2025-06-24T15:40:03Z</time></trkpt><trkpt lat='42.746572' lon='0.04661'><ele>1678</ele><time>2025-06-24T15:48:16Z</time></trkpt><trkpt lat='42.74686' lon='0.046697999999999996'><ele>1677</ele><time>2025-06-24T16:01:58Z</time></trkpt><trkpt lat='42.747084' lon='0.046598999999999995'><ele>1679</ele><time>2025-06-24T16:12:56Z</time></trkpt><trkpt lat='42.747524' lon='0.04672'><ele>1678</ele><time>2025-06-24T16:32:07Z</time></trkpt><trkpt lat='42.74789' lon='0.04684'><ele>1677</ele><time>2025-06-24T16:45:49Z</time></trkpt><trkpt lat='42.748349999999995' lon='0.04686'><ele>1678</ele><time>2025-06-24T17:05:00Z</time></trkpt><trkpt lat='42.74845' lon='0.0469'><ele>1674</ele><time>2025-06-24T17:10:29Z</time></trkpt><trkpt lat='42.748599999999996' lon='0.0468'><ele>1672</ele><time>2025-06-24T17:15:57Z</time></trkpt><trkpt lat='42.74877' lon='0.04681'><ele>1673</ele><time>2025-06-24T17:24:11Z</time></trkpt><trkpt lat='42.748909999999995' lon='0.04684'><ele>1672</ele><time>2025-06-24T17:29:39Z</time></trkpt><trkpt lat='42.74902' lon='0.04679'><ele>1673</ele><time>2025-06-24T17:35:08Z</time></trkpt><trkpt lat='42.74906' lon='0.04684'><ele>1672</ele><time>2025-06-24T17:37:53Z</time></trkpt><trkpt lat='42.74928' lon='0.04699'><ele>1671</ele><time>2025-06-24T17:46:06Z</time></trkpt><trkpt lat='42.74959' lon='0.04708'><ele>1668</ele><time>2025-06-24T17:59:48Z</time></trkpt><trkpt lat='42.7498' lon='0.04697'><ele>1674</ele><time>2025-06-24T18:08:01Z</time></trkpt><trkpt lat='42.75002' lon='0.046939999999999996'><ele>1677</ele><time>2025-06-24T18:18:59Z</time></trkpt><trkpt lat='42.75018' lon='0.047029999999999995'><ele>1676</ele><time>2025-06-24T18:24:28Z</time></trkpt><trkpt lat='42.75058' lon='0.04716'><ele>1673</ele><time>2025-06-24T18:43:39Z</time></trkpt><trkpt lat='42.75074' lon='0.04715'><ele>1675</ele><time>2025-06-24T18:49:08Z</time></trkpt><trkpt lat='42.751152999999995' lon='0.047487999999999995'><ele>1671</ele><time>2025-06-24T19:08:19Z</time></trkpt><trkpt lat='42.75172' lon='0.04781'><ele>1668</ele><time>2025-06-24T19:32:58Z</time></trkpt><trkpt lat='42.75203' lon='0.0479'><ele>1672</ele><time>2025-06-24T19:46:41Z</time></trkpt><trkpt lat='42.752469999999995' lon='0.048279999999999997'><ele>1670</ele><time>2025-06-24T20:08:36Z</time></trkpt><trkpt lat='42.753' lon='0.04856'><ele>1669</ele><time>2025-06-24T20:30:31Z</time></trkpt><trkpt lat='42.75315' lon='0.04851'><ele>1671</ele><time>2025-06-24T20:38:45Z</time></trkpt><trkpt lat='42.75346' lon='0.048569999999999995'><ele>1668</ele><time>2025-06-24T20:49:42Z</time></trkpt><trkpt lat='42.75353' lon='0.04854'><ele>1669</ele><time>2025-06-24T20:52:27Z</time></trkpt><trkpt lat='42.7536' lon='0.04853'><ele>1670</ele><time>2025-06-24T20:57:56Z</time></trkpt><trkpt lat='42.75374' lon='0.04858'><ele>1669</ele><time>2025-06-24T21:03:24Z</time></trkpt><trkpt lat='42.75391' lon='0.04861'><ele>1671</ele><time>2025-06-24T21:08:53Z</time></trkpt><trkpt lat='42.75394' lon='0.04869'><ele>1669</ele><time>2025-06-24T21:11:38Z</time></trkpt><trkpt lat='42.75398' lon='0.048749999999999995'><ele>1669</ele><time>2025-06-24T21:14:22Z</time></trkpt><trkpt lat='42.754169999999995' lon='0.04895'><ele>1669</ele><time>2025-06-24T21:25:20Z</time></trkpt><trkpt lat='42.75423' lon='0.04895'><ele>1669</ele><time>2025-06-24T21:28:04Z</time></trkpt><trkpt lat='42.75427' lon='0.04904'><ele>1668</ele><time>2025-06-24T21:30:49Z</time></trkpt><trkpt lat='42.75425' lon='0.0491'><ele>1669</ele><time>2025-06-24T21:33:33Z</time></trkpt><trkpt lat='42.75414' lon='0.04922'><ele>1669</ele><time>2025-06-24T21:39:02Z</time></trkpt><trkpt lat='42.754079999999995' lon='0.04944'><ele>1673</ele><time>2025-06-24T21:44:31Z</time></trkpt><trkpt lat='42.753769999999996' lon='0.04971'><ele>1673</ele><time>2025-06-24T22:00:57Z</time></trkpt><trkpt lat='42.75373' lon='0.04985'><ele>1675</ele><time>2025-06-24T22:03:42Z</time></trkpt><trkpt lat='42.753789999999995' lon='0.04985'><ele>1677</ele><time>2025-06-24T22:06:26Z</time></trkpt><trkpt lat='42.75393' lon='0.0498'><ele>1679</ele><time>2025-06-24T22:14:39Z</time></trkpt><trkpt lat='42.75401' lon='0.04981'><ele>1681</ele><time>2025-06-24T22:17:24Z</time></trkpt><trkpt lat='42.75416' lon='0.04992'><ele>1686</ele><time>2025-06-24T22:22:53Z</time></trkpt><trkpt lat='42.75418' lon='0.04998'><ele>1687</ele><time>2025-06-24T22:25:37Z</time></trkpt><trkpt lat='42.754129999999996' lon='0.05015'><ele>1689</ele><time>2025-06-24T22:31:06Z</time></trkpt><trkpt lat='42.754169999999995' lon='0.050269999999999995'><ele>1689</ele><time>2025-06-24T22:36:35Z</time></trkpt><trkpt lat='42.75427' lon='0.05023'><ele>1692</ele><time>2025-06-24T22:42:04Z</time></trkpt><trkpt lat='42.75434' lon='0.05015'><ele>1692</ele><time>2025-06-24T22:44:48Z</time></trkpt><trkpt lat='42.75457' lon='0.05001'><ele>1692</ele><time>2025-06-24T22:55:46Z</time></trkpt><trkpt lat='42.754799999999996' lon='0.04992'><ele>1693</ele><time>2025-06-24T23:06:43Z</time></trkpt><trkpt lat='42.7549' lon='0.0499'><ele>1695</ele><time>2025-06-24T23:09:28Z</time></trkpt><trkpt lat='42.754999999999995' lon='0.049929999999999995'><ele>1697</ele><time>2025-06-24T23:14:57Z</time></trkpt><trkpt lat='42.755089999999996' lon='0.04997'><ele>1699</ele><time>2025-06-24T23:20:26Z</time></trkpt><trkpt lat='42.755109999999995' lon='0.05005'><ele>1701</ele><time>2025-06-24T23:23:10Z</time></trkpt><trkpt lat='42.754979999999996' lon='0.050179999999999995'><ele>1703</ele><time>2025-06-24T23:31:23Z</time></trkpt><trkpt lat='42.75497' lon='0.050289999999999994'><ele>1706</ele><time>2025-06-24T23:36:52Z</time></trkpt><trkpt lat='42.75499' lon='0.05033'><ele>1706</ele><time>2025-06-24T23:36:52Z</time></trkpt><trkpt lat='42.755019999999995' lon='0.050339999999999996'><ele>1707</ele><time>2025-06-24T23:39:36Z</time></trkpt><trkpt lat='42.75512' lon='0.05032'><ele>1707</ele><time>2025-06-24T23:45:05Z</time></trkpt><trkpt lat='42.75548' lon='0.050179999999999995'><ele>1708</ele><time>2025-06-25T00:01:32Z</time></trkpt><trkpt lat='42.7557' lon='0.05023'><ele>1715</ele><time>2025-06-25T00:12:30Z</time></trkpt><trkpt lat='42.75572' lon='0.050269999999999995'><ele>1716</ele><time>2025-06-25T00:15:14Z</time></trkpt><trkpt lat='42.75573' lon='0.05042'><ele>1717</ele><time>2025-06-25T00:20:43Z</time></trkpt><trkpt lat='42.75578' lon='0.05056'><ele>1717</ele><time>2025-06-25T00:26:12Z</time></trkpt><trkpt lat='42.7558' lon='0.050589999999999996'><ele>1717</ele><time>2025-06-25T00:26:12Z</time></trkpt><trkpt lat='42.75589' lon='0.050589999999999996'><ele>1718</ele><time>2025-06-25T00:28:56Z</time></trkpt><trkpt lat='42.755959999999995' lon='0.05055'><ele>1719</ele><time>2025-06-25T00:34:25Z</time></trkpt><trkpt lat='42.75606' lon='0.05044'><ele>1721</ele><time>2025-06-25T00:39:54Z</time></trkpt><trkpt lat='42.75615' lon='0.05019'><ele>1723</ele><time>2025-06-25T00:48:07Z</time></trkpt><trkpt lat='42.756209999999996' lon='0.05008'><ele>1722</ele><time>2025-06-25T00:50:51Z</time></trkpt><trkpt lat='42.75634' lon='0.049929999999999995'><ele>1724</ele><time>2025-06-25T00:59:05Z</time></trkpt><trkpt lat='42.756519999999995' lon='0.04988'><ele>1727</ele><time>2025-06-25T01:07:18Z</time></trkpt><trkpt lat='42.756569999999996' lon='0.049839999999999995'><ele>1728</ele><time>2025-06-25T01:12:47Z</time></trkpt><trkpt lat='42.7566' lon='0.04979'><ele>1728</ele><time>2025-06-25T01:12:47Z</time></trkpt><trkpt lat='42.75662' lon='0.04955'><ele>1731</ele><time>2025-06-25T01:21:00Z</time></trkpt><trkpt lat='42.75667' lon='0.049389999999999996'><ele>1731</ele><time>2025-06-25T01:29:13Z</time></trkpt><trkpt lat='42.75666' lon='0.04929'><ele>1732</ele><time>2025-06-25T01:31:58Z</time></trkpt><trkpt lat='42.75656' lon='0.0491'><ele>1733</ele><time>2025-06-25T01:40:11Z</time></trkpt><trkpt lat='42.75655' lon='0.049049999999999996'><ele>1734</ele><time>2025-06-25T01:42:55Z</time></trkpt><trkpt lat='42.7566' lon='0.04896'><ele>1736</ele><time>2025-06-25T01:45:40Z</time></trkpt><trkpt lat='42.7566' lon='0.04888'><ele>1737</ele><time>2025-06-25T01:48:24Z</time></trkpt><trkpt lat='42.75656' lon='0.04883'><ele>1739</ele><time>2025-06-25T01:51:09Z</time></trkpt><trkpt lat='42.7564' lon='0.04874'><ele>1740</ele><time>2025-06-25T02:02:06Z</time></trkpt><trkpt lat='42.756389999999996' lon='0.048639999999999996'><ele>1743</ele><time>2025-06-25T02:07:35Z</time></trkpt><trkpt lat='42.75665' lon='0.048409999999999995'><ele>1750</ele><time>2025-06-25T02:26:46Z</time></trkpt><trkpt lat='42.75673' lon='0.048389999999999996'><ele>1751</ele><time>2025-06-25T02:32:15Z</time></trkpt><trkpt lat='42.756679999999996' lon='0.04799'><ele>1758</ele><time>2025-06-25T02:43:13Z</time></trkpt><trkpt lat='42.75667' lon='0.047599999999999996'><ele>1756</ele><time>2025-06-25T02:56:55Z</time></trkpt><trkpt lat='42.75684' lon='0.047369999999999995'><ele>1757</ele><time>2025-06-25T03:05:08Z</time></trkpt><trkpt lat='42.757039999999996' lon='0.04718'><ele>1758</ele><time>2025-06-25T03:16:06Z</time></trkpt><trkpt lat='42.75741' lon='0.04674'><ele>1757</ele><time>2025-06-25T03:35:17Z</time></trkpt><trkpt lat='42.75766' lon='0.046579999999999996'><ele>1758</ele><time>2025-06-25T03:46:14Z</time></trkpt><trkpt lat='42.758449999999996' lon='0.0464'><ele>1750</ele><time>2025-06-25T04:19:08Z</time></trkpt><trkpt lat='42.75861' lon='0.04634'><ele>1747</ele><time>2025-06-25T04:27:21Z</time></trkpt><trkpt lat='42.75889' lon='0.0462'><ele>1741</ele><time>2025-06-25T04:38:18Z</time></trkpt><trkpt lat='42.759009999999996' lon='0.04616'><ele>1738</ele><time>2025-06-25T04:43:47Z</time></trkpt><trkpt lat='42.75917' lon='0.046029999999999995'><ele>1735</ele><time>2025-06-25T04:52:01Z</time></trkpt><trkpt lat='42.75925' lon='0.04589'><ele>1733</ele><time>2025-06-25T04:57:29Z</time></trkpt><trkpt lat='42.75947' lon='0.04562'><ele>1734</ele><time>2025-06-25T05:11:12Z</time></trkpt><trkpt lat='42.75967' lon='0.04528'><ele>1735</ele><time>2025-06-25T05:24:54Z</time></trkpt><trkpt lat='42.759809999999995' lon='0.04514'><ele>1734</ele><time>2025-06-25T05:30:22Z</time></trkpt><trkpt lat='42.760059999999996' lon='0.04491'><ele>1733</ele><time>2025-06-25T05:44:05Z</time></trkpt><trkpt lat='42.76018' lon='0.04473'><ele>1732</ele><time>2025-06-25T05:49:33Z</time></trkpt><trkpt lat='42.760459999999995' lon='0.04451'><ele>1732</ele><time>2025-06-25T06:03:16Z</time></trkpt><trkpt lat='42.76052' lon='0.044399999999999995'><ele>1731</ele><time>2025-06-25T06:08:44Z</time></trkpt><trkpt lat='42.7606' lon='0.04436'><ele>1731</ele><time>2025-06-25T06:11:29Z</time></trkpt><trkpt lat='42.76092' lon='0.04436'><ele>1732</ele><time>2025-06-25T06:25:11Z</time></trkpt><trkpt lat='42.76122' lon='0.04433'><ele>1727</ele><time>2025-06-25T06:36:09Z</time></trkpt><trkpt lat='42.7616' lon='0.04419'><ele>1723</ele><time>2025-06-25T06:49:51Z</time></trkpt><trkpt lat='42.761669999999995' lon='0.044129999999999996'><ele>1722</ele><time>2025-06-25T06:52:35Z</time></trkpt><trkpt lat='42.76175' lon='0.043769999999999996'><ele>1718</ele><time>2025-06-25T07:00:48Z</time></trkpt><trkpt lat='42.7619' lon='0.04362'><ele>1717</ele><time>2025-06-25T07:06:17Z</time></trkpt><trkpt lat='42.76193' lon='0.04357'><ele>1716</ele><time>2025-06-25T07:09:02Z</time></trkpt><trkpt lat='42.76197' lon='0.043429999999999996'><ele>1716</ele><time>2025-06-25T07:14:31Z</time></trkpt><trkpt lat='42.76233' lon='0.04306'><ele>1716</ele><time>2025-06-25T07:33:41Z</time></trkpt><trkpt lat='42.76269' lon='0.04269'><ele>1717</ele><time>2025-06-25T07:52:52Z</time></trkpt><trkpt lat='42.76273' lon='0.042609999999999995'><ele>1717</ele><time>2025-06-25T07:55:37Z</time></trkpt><trkpt lat='42.762769999999996' lon='0.042449999999999995'><ele>1716</ele><time>2025-06-25T08:01:06Z</time></trkpt><trkpt lat='42.76285' lon='0.042269999999999995'><ele>1714</ele><time>2025-06-25T08:06:35Z</time></trkpt><trkpt lat='42.763059999999996' lon='0.042019999999999995'><ele>1712</ele><time>2025-06-25T08:17:32Z</time></trkpt><trkpt lat='42.76341' lon='0.04155'><ele>1708</ele><time>2025-06-25T08:36:43Z</time></trkpt><trkpt lat='42.763749999999995' lon='0.04108'><ele>1707</ele><time>2025-06-25T08:58:39Z</time></trkpt><trkpt lat='42.76397' lon='0.04084'><ele>1705</ele><time>2025-06-25T09:09:36Z</time></trkpt><trkpt lat='42.76403' lon='0.040709999999999996'><ele>1705</ele><time>2025-06-25T09:15:05Z</time></trkpt><trkpt lat='42.76406' lon='0.04059'><ele>1705</ele><time>2025-06-25T09:20:34Z</time></trkpt><trkpt lat='42.764089999999996' lon='0.040549999999999996'><ele>1705</ele><time>2025-06-25T09:20:34Z</time></trkpt><trkpt lat='42.764469999999996' lon='0.04049'><ele>1703</ele><time>2025-06-25T09:37:00Z</time></trkpt><trkpt lat='42.764579999999995' lon='0.04043'><ele>1704</ele><time>2025-06-25T09:42:29Z</time></trkpt><trkpt lat='42.76491' lon='0.04006'><ele>1704</ele><time>2025-06-25T09:58:56Z</time></trkpt><trkpt lat='42.765049999999995' lon='0.039869999999999996'><ele>1705</ele><time>2025-06-25T10:07:09Z</time></trkpt><trkpt lat='42.76511' lon='0.03973'><ele>1706</ele><time>2025-06-25T10:12:38Z</time></trkpt><trkpt lat='42.76517' lon='0.03968'><ele>1707</ele><time>2025-06-25T10:15:22Z</time></trkpt><trkpt lat='42.7654' lon='0.039549999999999995'><ele>1709</ele><time>2025-06-25T10:26:20Z</time></trkpt><trkpt lat='42.765609999999995' lon='0.039529999999999996'><ele>1709</ele><time>2025-06-25T10:34:33Z</time></trkpt><trkpt lat='42.765699999999995' lon='0.0395'><ele>1709</ele><time>2025-06-25T10:37:18Z</time></trkpt><trkpt lat='42.76578' lon='0.03943'><ele>1710</ele><time>2025-06-25T10:42:47Z</time></trkpt><trkpt lat='42.76585' lon='0.039279999999999995'><ele>1711</ele><time>2025-06-25T10:48:15Z</time></trkpt><trkpt lat='42.766239999999996' lon='0.03891'><ele>1708</ele><time>2025-06-25T11:07:26Z</time></trkpt><trkpt lat='42.76631' lon='0.03889'><ele>1708</ele><time>2025-06-25T11:10:11Z</time></trkpt><trkpt lat='42.766459999999995' lon='0.03874'><ele>1708</ele><time>2025-06-25T11:18:24Z</time></trkpt><trkpt lat='42.76663' lon='0.03846'><ele>1708</ele><time>2025-06-25T11:29:22Z</time></trkpt><trkpt lat='42.76696' lon='0.038079999999999996'><ele>1706</ele><time>2025-06-25T11:45:48Z</time></trkpt><trkpt lat='42.76744' lon='0.0376'><ele>1702</ele><time>2025-06-25T12:10:28Z</time></trkpt><trkpt lat='42.76763' lon='0.03748'><ele>1702</ele><time>2025-06-25T12:18:41Z</time></trkpt><trkpt lat='42.76807' lon='0.03696'><ele>1704</ele><time>2025-06-25T12:43:21Z</time></trkpt><trkpt lat='42.76822' lon='0.03685'><ele>1704</ele><time>2025-06-25T12:51:34Z</time></trkpt><trkpt lat='42.768319999999996' lon='0.036699999999999997'><ele>1704</ele><time>2025-06-25T12:57:03Z</time></trkpt><trkpt lat='42.76851' lon='0.03624'><ele>1703</ele><time>2025-06-25T13:13:30Z</time></trkpt><trkpt lat='42.76862' lon='0.03608'><ele>1702</ele><time>2025-06-25T13:18:59Z</time></trkpt><trkpt lat='42.76867' lon='0.03576'><ele>1700</ele><time>2025-06-25T13:29:56Z</time></trkpt><trkpt lat='42.76865' lon='0.03562'><ele>1702</ele><time>2025-06-25T13:32:41Z</time></trkpt><trkpt lat='42.76874' lon='0.03544'><ele>1701</ele><time>2025-06-25T13:40:54Z</time></trkpt><trkpt lat='42.76909' lon='0.03492'><ele>1702</ele><time>2025-06-25T14:00:05Z</time></trkpt><trkpt lat='42.769259999999996' lon='0.034769999999999995'><ele>1701</ele><time>2025-06-25T14:11:03Z</time></trkpt><trkpt lat='42.769709999999996' lon='0.03406'><ele>1704</ele><time>2025-06-25T14:38:27Z</time></trkpt><trkpt lat='42.76978' lon='0.03392'><ele>1705</ele><time>2025-06-25T14:43:56Z</time></trkpt><trkpt lat='42.76996' lon='0.03374'><ele>1705</ele><time>2025-06-25T14:52:09Z</time></trkpt><trkpt lat='42.77006' lon='0.0336'><ele>1706</ele><time>2025-06-25T14:57:38Z</time></trkpt><trkpt lat='42.770179999999996' lon='0.03329'><ele>1709</ele><time>2025-06-25T15:08:36Z</time></trkpt><trkpt lat='42.77039' lon='0.032979999999999995'><ele>1708</ele><time>2025-06-25T15:22:18Z</time></trkpt><trkpt lat='42.77093' lon='0.032529999999999996'><ele>1702</ele><time>2025-06-25T15:46:57Z</time></trkpt><trkpt lat='42.77149' lon='0.03214'><ele>1701</ele><time>2025-06-25T16:14:22Z</time></trkpt><trkpt lat='42.772099999999995' lon='0.03168'><ele>1691</ele><time>2025-06-25T16:41:46Z</time></trkpt><trkpt lat='42.77222' lon='0.031529999999999996'><ele>1688</ele><time>2025-06-25T16:47:15Z</time></trkpt><trkpt lat='42.77233' lon='0.0313'><ele>1684</ele><time>2025-06-25T16:52:44Z</time></trkpt><trkpt lat='42.772639999999996' lon='0.030809999999999997'><ele>1677</ele><time>2025-06-25T17:06:26Z</time></trkpt><trkpt lat='42.773179999999996' lon='0.03007'><ele>1666</ele><time>2025-06-25T17:28:21Z</time></trkpt><trkpt lat='42.77335' lon='0.029789999999999997'><ele>1662</ele><time>2025-06-25T17:36:34Z</time></trkpt><trkpt lat='42.773509999999995' lon='0.02946'><ele>1657</ele><time>2025-06-25T17:44:48Z</time></trkpt><trkpt lat='42.773669999999996' lon='0.0292'><ele>1654</ele><time>2025-06-25T17:50:16Z</time></trkpt><trkpt lat='42.77381' lon='0.029079999999999998'><ele>1649</ele><time>2025-06-25T18:01:14Z</time></trkpt><trkpt lat='42.77388' lon='0.02904'><ele>1647</ele><time>2025-06-25T18:03:59Z</time></trkpt><trkpt lat='42.77404' lon='0.02904'><ele>1643</ele><time>2025-06-25T18:12:12Z</time></trkpt><trkpt lat='42.774229999999996' lon='0.028999999999999998'><ele>1638</ele><time>2025-06-25T18:20:25Z</time></trkpt><trkpt lat='42.774499999999996' lon='0.028839999999999998'><ele>1631</ele><time>2025-06-25T18:34:07Z</time></trkpt><trkpt lat='42.774629999999995' lon='0.0287'><ele>1628</ele><time>2025-06-25T18:42:20Z</time></trkpt><trkpt lat='42.77513' lon='0.028329999999999998'><ele>1611</ele><time>2025-06-25T19:12:29Z</time></trkpt><trkpt lat='42.77558' lon='0.027999999999999997'><ele>1596</ele><time>2025-06-25T19:42:38Z</time></trkpt><trkpt lat='42.776019999999995' lon='0.027719999999999998'><ele>1580</ele><time>2025-06-25T20:21:00Z</time></trkpt><trkpt lat='42.77637' lon='0.02727'><ele>1573</ele><time>2025-06-25T20:42:55Z</time></trkpt><trkpt lat='42.77646' lon='0.02719'><ele>1570</ele><time>2025-06-25T20:48:24Z</time></trkpt><trkpt lat='42.77675' lon='0.02708'><ele>1557</ele><time>2025-06-25T21:02:06Z</time></trkpt><trkpt lat='42.77686' lon='0.026969999999999997'><ele>1552</ele><time>2025-06-25T21:13:04Z</time></trkpt><trkpt lat='42.77724' lon='0.026459999999999997'><ele>1535</ele><time>2025-06-25T21:54:10Z</time></trkpt><trkpt lat='42.77726' lon='0.026369999999999998'><ele>1534</ele><time>2025-06-25T21:59:39Z</time></trkpt><trkpt lat='42.777229999999996' lon='0.026119999999999997'><ele>1533</ele><time>2025-06-25T22:10:37Z</time></trkpt><trkpt lat='42.77742' lon='0.02608'><ele>1521</ele><time>2025-06-25T22:24:19Z</time></trkpt><trkpt lat='42.77735' lon='0.025779999999999997'><ele>1518</ele><time>2025-06-25T22:38:01Z</time></trkpt><trkpt lat='42.777229999999996' lon='0.02554'><ele>1515</ele><time>2025-06-25T22:51:43Z</time></trkpt><trkpt lat='42.777249999999995' lon='0.02547'><ele>1511</ele><time>2025-06-25T22:54:27Z</time></trkpt><trkpt lat='42.77773' lon='0.025609999999999997'><ele>1491</ele><time>2025-06-25T23:24:36Z</time></trkpt><trkpt lat='42.777699999999996' lon='0.025419999999999998'><ele>1486</ele><time>2025-06-25T23:32:49Z</time></trkpt><trkpt lat='42.7776' lon='0.02524'><ele>1484</ele><time>2025-06-25T23:41:02Z</time></trkpt><trkpt lat='42.77755' lon='0.02503'><ele>1478</ele><time>2025-06-25T23:49:16Z</time></trkpt><trkpt lat='42.77784' lon='0.025079999999999998'><ele>1466</ele><time>2025-06-26T00:30:22Z</time></trkpt><trkpt lat='42.77783' lon='0.02494'><ele>1462</ele><time>2025-06-26T00:46:49Z</time></trkpt><trkpt lat='42.77804' lon='0.02494'><ele>1451</ele><time>2025-06-26T01:14:13Z</time></trkpt><trkpt lat='42.77795' lon='0.02471'><ele>1446</ele><time>2025-06-26T01:41:37Z</time></trkpt><trkpt lat='42.778009999999995' lon='0.024669999999999997'><ele>1441</ele><time>2025-06-26T01:49:50Z</time></trkpt><trkpt lat='42.778428999999996' lon='0.024717'><ele>1421</ele><time>2025-06-26T02:47:23Z</time></trkpt><trkpt lat='42.779174' lon='0.025002'><ele>1387</ele><time>2025-06-26T04:34:16Z</time></trkpt><trkpt lat='42.779219999999995' lon='0.02522'><ele>1389</ele><time>2025-06-26T04:42:29Z</time></trkpt><trkpt lat='42.779329999999995' lon='0.025339999999999998'><ele>1383</ele><time>2025-06-26T04:47:58Z</time></trkpt><trkpt lat='42.77941' lon='0.02546'><ele>1379</ele><time>2025-06-26T04:50:42Z</time></trkpt><trkpt lat='42.77948' lon='0.025509999999999998'><ele>1376</ele><time>2025-06-26T04:53:27Z</time></trkpt><trkpt lat='42.779489999999996' lon='0.02541'><ele>1374</ele><time>2025-06-26T05:01:40Z</time></trkpt><trkpt lat='42.77957' lon='0.02538'><ele>1369</ele><time>2025-06-26T05:09:53Z</time></trkpt><trkpt lat='42.77957' lon='0.02524'><ele>1369</ele><time>2025-06-26T05:18:06Z</time></trkpt><trkpt lat='42.77965' lon='0.02522'><ele>1364</ele><time>2025-06-26T05:23:35Z</time></trkpt><trkpt lat='42.779669999999996' lon='0.02506'><ele>1362</ele><time>2025-06-26T05:31:48Z</time></trkpt><trkpt lat='42.77965' lon='0.02495'><ele>1361</ele><time>2025-06-26T05:34:33Z</time></trkpt><trkpt lat='42.77973' lon='0.02494'><ele>1358</ele><time>2025-06-26T05:37:17Z</time></trkpt><trkpt lat='42.77981' lon='0.024999999999999998'><ele>1355</ele><time>2025-06-26T05:42:46Z</time></trkpt><trkpt lat='42.77984' lon='0.02497'><ele>1353</ele><time>2025-06-26T05:45:31Z</time></trkpt><trkpt lat='42.77984' lon='0.02478'><ele>1351</ele><time>2025-06-26T05:50:59Z</time></trkpt><trkpt lat='42.78001' lon='0.02486'><ele>1345</ele><time>2025-06-26T05:59:13Z</time></trkpt><trkpt lat='42.780069999999995' lon='0.02497'><ele>1343</ele><time>2025-06-26T06:01:57Z</time></trkpt><trkpt lat='42.7801' lon='0.0249'><ele>1342</ele><time>2025-06-26T06:04:42Z</time></trkpt><trkpt lat='42.7801' lon='0.02472'><ele>1340</ele><time>2025-06-26T06:10:10Z</time></trkpt><trkpt lat='42.78015' lon='0.024659999999999998'><ele>1338</ele><time>2025-06-26T06:12:55Z</time></trkpt><trkpt lat='42.780249999999995' lon='0.02472'><ele>1335</ele><time>2025-06-26T06:18:24Z</time></trkpt><trkpt lat='42.780339999999995' lon='0.0248'><ele>1333</ele><time>2025-06-26T06:21:08Z</time></trkpt><trkpt lat='42.7804' lon='0.02488'><ele>1331</ele><time>2025-06-26T06:23:53Z</time></trkpt><trkpt lat='42.78055' lon='0.0249'><ele>1325</ele><time>2025-06-26T06:37:35Z</time></trkpt><trkpt lat='42.78071' lon='0.024589999999999997'><ele>1317</ele><time>2025-06-26T06:56:46Z</time></trkpt><trkpt lat='42.780699999999996' lon='0.02445'><ele>1315</ele><time>2025-06-26T06:59:30Z</time></trkpt><trkpt lat='42.78067' lon='0.024329999999999997'><ele>1314</ele><time>2025-06-26T07:02:14Z</time></trkpt><trkpt lat='42.780603' lon='0.024092'><ele>1310</ele><time>2025-06-26T07:07:43Z</time></trkpt><trkpt lat='42.780477' lon='0.024003999999999998'><ele>1312</ele><time>2025-06-26T07:13:12Z</time></trkpt><trkpt lat='42.78046' lon='0.02383'><ele>1308</ele><time>2025-06-26T07:15:57Z</time></trkpt><trkpt lat='42.780339999999995' lon='0.023729999999999998'><ele>1310</ele><time>2025-06-26T07:18:41Z</time></trkpt><trkpt lat='42.780319999999996' lon='0.02359'><ele>1307</ele><time>2025-06-26T07:21:25Z</time></trkpt><trkpt lat='42.7804' lon='0.02353'><ele>1303</ele><time>2025-06-26T07:24:10Z</time></trkpt><trkpt lat='42.780539999999995' lon='0.023549999999999998'><ele>1298</ele><time>2025-06-26T07:43:21Z</time></trkpt><trkpt lat='42.78067' lon='0.02354'><ele>1293</ele><time>2025-06-26T08:02:32Z</time></trkpt><trkpt lat='42.78112' lon='0.02337'><ele>1270</ele><time>2025-06-26T09:05:33Z</time></trkpt><trkpt lat='42.781259999999996' lon='0.02345'><ele>1267</ele><time>2025-06-26T09:13:47Z</time></trkpt><trkpt lat='42.78125' lon='0.023309999999999997'><ele>1263</ele><time>2025-06-26T09:19:16Z</time></trkpt><trkpt lat='42.78133' lon='0.02334'><ele>1260</ele><time>2025-06-26T09:22:00Z</time></trkpt><trkpt lat='42.78141' lon='0.02344'><ele>1260</ele><time>2025-06-26T09:27:29Z</time></trkpt><trkpt lat='42.78169' lon='0.023559999999999998'><ele>1250</ele><time>2025-06-26T09:43:55Z</time></trkpt><trkpt lat='42.781859999999995' lon='0.023642'><ele>1243</ele><time>2025-06-26T09:52:09Z</time></trkpt><trkpt lat='42.78206' lon='0.02401'><ele>1237</ele><time>2025-06-26T10:08:35Z</time></trkpt><trkpt lat='42.78207' lon='0.02401'><ele>1236</ele><time>2025-06-26T10:11:20Z</time></trkpt><trkpt lat='42.78208' lon='0.02401'><ele>1236</ele><time>2025-06-26T10:11:20Z</time></trkpt><trkpt lat='42.78218' lon='0.02448'><ele>1230</ele><time>2025-06-26T10:22:17Z</time></trkpt><trkpt lat='42.78219' lon='0.024839999999999997'><ele>1225</ele><time>2025-06-26T10:30:31Z</time></trkpt><trkpt lat='42.782379999999996' lon='0.02497'><ele>1210</ele><time>2025-06-26T11:03:24Z</time></trkpt><trkpt lat='42.78228' lon='0.0254'><ele>1206</ele><time>2025-06-26T11:17:06Z</time></trkpt><trkpt lat='42.7821' lon='0.02584'><ele>1207</ele><time>2025-06-26T11:33:32Z</time></trkpt><trkpt lat='42.78244' lon='0.02606'><ele>1183</ele><time>2025-06-26T11:49:59Z</time></trkpt><trkpt lat='42.782309999999995' lon='0.026609999999999998'><ele>1179</ele><time>2025-06-26T12:09:10Z</time></trkpt><trkpt lat='42.78208' lon='0.02717'><ele>1175</ele><time>2025-06-26T12:28:21Z</time></trkpt><trkpt lat='42.78178' lon='0.027649999999999997'><ele>1176</ele><time>2025-06-26T12:47:32Z</time></trkpt><trkpt lat='42.78156' lon='0.02804'><ele>1176</ele><time>2025-06-26T13:01:14Z</time></trkpt><trkpt lat='42.781369999999995' lon='0.028399999999999998'><ele>1176</ele><time>2025-06-26T13:14:56Z</time></trkpt><trkpt lat='42.78122' lon='0.02879'><ele>1172</ele><time>2025-06-26T13:28:38Z</time></trkpt><trkpt lat='42.781189999999995' lon='0.02889'><ele>1171</ele><time>2025-06-26T13:34:07Z</time></trkpt><trkpt lat='42.7815' lon='0.02838'><ele>1169</ele><time>2025-06-26T13:50:33Z</time></trkpt><trkpt lat='42.78163' lon='0.028229999999999998'><ele>1167</ele><time>2025-06-26T13:56:02Z</time></trkpt><trkpt lat='42.78181' lon='0.02805'><ele>1163</ele><time>2025-06-26T14:04:15Z</time></trkpt><trkpt lat='42.78199' lon='0.027829999999999997'><ele>1160</ele><time>2025-06-26T14:12:29Z</time></trkpt><trkpt lat='42.78228' lon='0.02759'><ele>1155</ele><time>2025-06-26T14:28:55Z</time></trkpt><trkpt lat='42.78266' lon='0.02737'><ele>1152</ele><time>2025-06-26T14:45:22Z</time></trkpt><trkpt lat='42.78277' lon='0.02735'><ele>1151</ele><time>2025-06-26T14:50:51Z</time></trkpt><trkpt lat='42.783159999999995' lon='0.0275'><ele>1149</ele><time>2025-06-26T15:07:17Z</time></trkpt><trkpt lat='42.78326' lon='0.02752'><ele>1148</ele><time>2025-06-26T15:12:46Z</time></trkpt><trkpt lat='42.783429999999996' lon='0.027389999999999998'><ele>1148</ele><time>2025-06-26T15:20:59Z</time></trkpt><trkpt lat='42.7835' lon='0.02729'><ele>1148</ele><time>2025-06-26T15:23:44Z</time></trkpt><trkpt lat='42.783539999999995' lon='0.02716'><ele>1148</ele><time>2025-06-26T15:29:13Z</time></trkpt><trkpt lat='42.7835' lon='0.02632'><ele>1141</ele><time>2025-06-26T15:53:52Z</time></trkpt><trkpt lat='42.7835' lon='0.02633'><ele>1141</ele><time>2025-06-26T15:56:37Z</time></trkpt><trkpt lat='42.78353' lon='0.02598'><ele>1139</ele><time>2025-06-26T16:04:50Z</time></trkpt><trkpt lat='42.78367' lon='0.02554'><ele>1136</ele><time>2025-06-26T16:21:17Z</time></trkpt><trkpt lat='42.78369' lon='0.0253'><ele>1135</ele><time>2025-06-26T16:29:30Z</time></trkpt><trkpt lat='42.78371' lon='0.025249999999999998'><ele>1134</ele><time>2025-06-26T16:29:30Z</time></trkpt><trkpt lat='42.78375' lon='0.02522'><ele>1132</ele><time>2025-06-26T16:32:14Z</time></trkpt><trkpt lat='42.78384' lon='0.02522'><ele>1129</ele><time>2025-06-26T16:34:59Z</time></trkpt><trkpt lat='42.783899999999996' lon='0.0253'><ele>1127</ele><time>2025-06-26T16:37:43Z</time></trkpt><trkpt lat='42.78387' lon='0.025519999999999998'><ele>1129</ele><time>2025-06-26T16:43:12Z</time></trkpt><trkpt lat='42.78391' lon='0.02579'><ele>1129</ele><time>2025-06-26T16:51:25Z</time></trkpt><trkpt lat='42.784009999999995' lon='0.02601'><ele>1126</ele><time>2025-06-26T16:56:54Z</time></trkpt><trkpt lat='42.784079999999996' lon='0.02608'><ele>1125</ele><time>2025-06-26T16:59:38Z</time></trkpt><trkpt lat='42.78438' lon='0.02614'><ele>1120</ele><time>2025-06-26T17:07:52Z</time></trkpt><trkpt lat='42.78444' lon='0.026199999999999998'><ele>1120</ele><time>2025-06-26T17:10:36Z</time></trkpt><trkpt lat='42.78458' lon='0.02648'><ele>1118</ele><time>2025-06-26T17:18:49Z</time></trkpt><trkpt lat='42.78467' lon='0.0265'><ele>1116</ele><time>2025-06-26T17:21:34Z</time></trkpt><trkpt lat='42.784749999999995' lon='0.02642'><ele>1113</ele><time>2025-06-26T17:24:18Z</time></trkpt><trkpt lat='42.784729999999996' lon='0.02626'><ele>1113</ele><time>2025-06-26T17:29:47Z</time></trkpt><trkpt lat='42.78456' lon='0.02565'><ele>1110</ele><time>2025-06-26T17:51:42Z</time></trkpt><trkpt lat='42.78447' lon='0.02523'><ele>1108</ele><time>2025-06-26T18:02:40Z</time></trkpt><trkpt lat='42.784479999999995' lon='0.02506'><ele>1108</ele><time>2025-06-26T18:08:09Z</time></trkpt><trkpt lat='42.78468' lon='0.02462'><ele>1102</ele><time>2025-06-26T18:24:36Z</time></trkpt><trkpt lat='42.78488' lon='0.024329999999999997'><ele>1096</ele><time>2025-06-26T18:35:33Z</time></trkpt><trkpt lat='42.78492' lon='0.02396'><ele>1092</ele><time>2025-06-26T18:43:46Z</time></trkpt><trkpt lat='42.784859999999995' lon='0.02358'><ele>1087</ele><time>2025-06-26T18:52:00Z</time></trkpt><trkpt lat='42.78492' lon='0.02328'><ele>1079</ele><time>2025-06-26T19:13:55Z</time></trkpt><trkpt lat='42.78512' lon='0.023039999999999998'><ele>1070</ele><time>2025-06-26T19:35:50Z</time></trkpt><trkpt lat='42.785309999999996' lon='0.02281'><ele>1063</ele><time>2025-06-26T19:49:33Z</time></trkpt><trkpt lat='42.78553' lon='0.022629999999999997'><ele>1056</ele><time>2025-06-26T20:03:15Z</time></trkpt><trkpt lat='42.78573' lon='0.02251'><ele>1050</ele><time>2025-06-26T20:14:12Z</time></trkpt><trkpt lat='42.7857' lon='0.02248'><ele>1051</ele><time>2025-06-26T20:16:57Z</time></trkpt><trkpt lat='42.78597' lon='0.0219'><ele>1037</ele><time>2025-06-26T20:36:08Z</time></trkpt><trkpt lat='42.78628' lon='0.02192'><ele>1028</ele><time>2025-06-26T20:58:03Z</time></trkpt><trkpt lat='42.78646' lon='0.02163'><ele>1018</ele><time>2025-06-26T21:19:59Z</time></trkpt><trkpt lat='42.78649' lon='0.02148'><ele>1015</ele><time>2025-06-26T21:25:27Z</time></trkpt><trkpt lat='42.78649' lon='0.020999999999999998'><ele>1008</ele><time>2025-06-26T21:41:54Z</time></trkpt><trkpt lat='42.786649999999995' lon='0.021169999999999998'><ele>1008</ele><time>2025-06-26T21:50:07Z</time></trkpt><trkpt lat='42.78667' lon='0.021159999999999998'><ele>1008</ele><time>2025-06-26T21:50:07Z</time></trkpt><trkpt lat='42.78687' lon='0.021259999999999998'><ele>1010</ele><time>2025-06-26T21:58:20Z</time></trkpt><trkpt lat='42.78697' lon='0.02127'><ele>1012</ele><time>2025-06-26T22:03:49Z</time></trkpt><trkpt lat='42.787009999999995' lon='0.02124'><ele>1012</ele><time>2025-06-26T22:06:34Z</time></trkpt><trkpt lat='42.78713' lon='0.02107'><ele>1010</ele><time>2025-06-26T22:12:03Z</time></trkpt><trkpt lat='42.78724' lon='0.020829999999999998'><ele>1007</ele><time>2025-06-26T22:20:16Z</time></trkpt><trkpt lat='42.78733' lon='0.02034'><ele>1003</ele><time>2025-06-26T22:36:42Z</time></trkpt><trkpt lat='42.787479999999995' lon='0.01995'><ele>1003</ele><time>2025-06-26T22:50:24Z</time></trkpt><trkpt lat='42.787549999999996' lon='0.01984'><ele>1003</ele><time>2025-06-26T22:55:53Z</time></trkpt><trkpt lat='42.787569999999995' lon='0.01986'><ele>1003</ele><time>2025-06-26T22:55:53Z</time></trkpt><trkpt lat='42.78761' lon='0.01986'><ele>1003</ele><time>2025-06-26T22:58:38Z</time></trkpt><trkpt lat='42.78801' lon='0.01971'><ele>1002</ele><time>2025-06-26T23:15:04Z</time></trkpt><trkpt lat='42.78806' lon='0.01971'><ele>1002</ele><time>2025-06-26T23:17:49Z</time></trkpt><trkpt lat='42.78807' lon='0.01996'><ele>1003</ele><time>2025-06-26T23:23:18Z</time></trkpt><trkpt lat='42.788329999999995' lon='0.01994'><ele>1002</ele><time>2025-06-26T23:34:15Z</time></trkpt><trkpt lat='42.788329999999995' lon='0.01993'><ele>1002</ele><time>2025-06-26T23:34:15Z</time></trkpt><trkpt lat='42.788419999999995' lon='0.01993'><ele>1002</ele><time>2025-06-26T23:39:44Z</time></trkpt><trkpt lat='42.78853' lon='0.01985'><ele>1002</ele><time>2025-06-26T23:45:13Z</time></trkpt><trkpt lat='42.788599999999995' lon='0.01971'><ele>1002</ele><time>2025-06-26T23:50:42Z</time></trkpt><trkpt lat='42.78863' lon='0.01954'><ele>1001</ele><time>2025-06-26T23:56:11Z</time></trkpt><trkpt lat='42.78821' lon='0.019389999999999998'><ele>1001</ele><time>2025-06-27T00:12:37Z</time></trkpt><trkpt lat='42.78837' lon='0.01898'><ele>999</ele><time>2025-06-27T00:26:19Z</time></trkpt><trkpt lat='42.78859' lon='0.01826'><ele>994</ele><time>2025-06-27T00:50:59Z</time></trkpt><trkpt lat='42.78864' lon='0.01817'><ele>993</ele><time>2025-06-27T00:56:28Z</time></trkpt><trkpt lat='42.788669999999996' lon='0.01815'><ele>993</ele><time>2025-06-27T00:56:28Z</time></trkpt><trkpt lat='42.78875' lon='0.0177'><ele>991</ele><time>2025-06-27T01:10:10Z</time></trkpt><trkpt lat='42.78879' lon='0.01761'><ele>990</ele><time>2025-06-27T01:15:39Z</time></trkpt><trkpt lat='42.78884' lon='0.01758'><ele>990</ele><time>2025-06-27T01:15:39Z</time></trkpt><trkpt lat='42.78894' lon='0.01757'><ele>990</ele><time>2025-06-27T01:21:08Z</time></trkpt><trkpt lat='42.78894' lon='0.01756'><ele>990</ele><time>2025-06-27T01:21:08Z</time></trkpt><trkpt lat='42.78912' lon='0.01748'><ele>988</ele><time>2025-06-27T01:29:21Z</time></trkpt><trkpt lat='42.78939' lon='0.01762'><ele>988</ele><time>2025-06-27T01:40:19Z</time></trkpt><trkpt lat='42.78969' lon='0.01765'><ele>987</ele><time>2025-06-27T01:54:01Z</time></trkpt><trkpt lat='42.78995' lon='0.017679999999999998'><ele>989</ele><time>2025-06-27T02:04:58Z</time></trkpt><trkpt lat='42.79025' lon='0.01773'><ele>994</ele><time>2025-06-27T02:15:56Z</time></trkpt><trkpt lat='42.79053' lon='0.01764'><ele>995</ele><time>2025-06-27T02:29:38Z</time></trkpt><trkpt lat='42.7908' lon='0.01752'><ele>993</ele><time>2025-06-27T02:40:36Z</time></trkpt><trkpt lat='42.79108' lon='0.01739'><ele>984</ele><time>2025-06-27T02:54:18Z</time></trkpt><trkpt lat='42.79125' lon='0.01745'><ele>985</ele><time>2025-06-27T02:59:47Z</time></trkpt><trkpt lat='42.79136' lon='0.01718'><ele>986</ele><time>2025-06-27T03:10:45Z</time></trkpt><trkpt lat='42.79134' lon='0.01715'><ele>987</ele><time>2025-06-27T03:10:45Z</time></trkpt><trkpt lat='42.79156' lon='0.01728'><ele>984</ele><time>2025-06-27T03:21:42Z</time></trkpt><trkpt lat='42.791779999999996' lon='0.01722'><ele>986</ele><time>2025-06-27T03:29:56Z</time></trkpt><trkpt lat='42.79193' lon='0.01721'><ele>986</ele><time>2025-06-27T03:38:09Z</time></trkpt><trkpt lat='42.791979999999995' lon='0.01722'><ele>986</ele><time>2025-06-27T03:38:09Z</time></trkpt><trkpt lat='42.792049999999996' lon='0.0172'><ele>986</ele><time>2025-06-27T03:40:53Z</time></trkpt><trkpt lat='42.792449999999995' lon='0.017169999999999998'><ele>986</ele><time>2025-06-27T04:00:04Z</time></trkpt><trkpt lat='42.79273' lon='0.01714'><ele>984</ele><time>2025-06-27T04:11:02Z</time></trkpt><trkpt lat='42.792829999999995' lon='0.01711'><ele>984</ele><time>2025-06-27T04:13:46Z</time></trkpt><trkpt lat='42.79298' lon='0.01696'><ele>984</ele><time>2025-06-27T04:22:00Z</time></trkpt><trkpt lat='42.793209999999995' lon='0.01669'><ele>984</ele><time>2025-06-27T04:35:42Z</time></trkpt><trkpt lat='42.793389999999995' lon='0.01661'><ele>985</ele><time>2025-06-27T04:43:55Z</time></trkpt><trkpt lat='42.7939' lon='0.01679'><ele>985</ele><time>2025-06-27T05:05:50Z</time></trkpt><trkpt lat='42.79444' lon='0.016829999999999998'><ele>986</ele><time>2025-06-27T05:27:46Z</time></trkpt><trkpt lat='42.79465' lon='0.016989999999999998'><ele>978</ele><time>2025-06-27T05:38:43Z</time></trkpt><trkpt lat='42.79474' lon='0.016989999999999998'><ele>977</ele><time>2025-06-27T05:44:12Z</time></trkpt><trkpt lat='42.79486' lon='0.01695'><ele>977</ele><time>2025-06-27T05:49:41Z</time></trkpt><trkpt lat='42.79497' lon='0.01688'><ele>976</ele><time>2025-06-27T05:55:10Z</time></trkpt><trkpt lat='42.79513' lon='0.01669'><ele>976</ele><time>2025-06-27T06:03:23Z</time></trkpt><trkpt lat='42.795249999999996' lon='0.01646'><ele>975</ele><time>2025-06-27T06:11:36Z</time></trkpt><trkpt lat='42.79542' lon='0.01582'><ele>976</ele><time>2025-06-27T06:33:32Z</time></trkpt><trkpt lat='42.795629999999996' lon='0.01546'><ele>969</ele><time>2025-06-27T06:47:14Z</time></trkpt><trkpt lat='42.7958' lon='0.015'><ele>968</ele><time>2025-06-27T07:00:56Z</time></trkpt><trkpt lat='42.79597' lon='0.01466'><ele>975</ele><time>2025-06-27T07:14:38Z</time></trkpt><trkpt lat='42.79614' lon='0.014469999999999998'><ele>977</ele><time>2025-06-27T07:22:51Z</time></trkpt><trkpt lat='42.79635' lon='0.014329999999999999'><ele>975</ele><time>2025-06-27T07:33:49Z</time></trkpt><trkpt lat='42.79661' lon='0.013689999999999999'><ele>986</ele><time>2025-06-27T07:55:44Z</time></trkpt><trkpt lat='42.79688' lon='0.013219999999999999'><ele>994</ele><time>2025-06-27T08:14:55Z</time></trkpt><trkpt lat='42.79721' lon='0.012969999999999999'><ele>993</ele><time>2025-06-27T08:31:22Z</time></trkpt><trkpt lat='42.797709999999995' lon='0.01277'><ele>989</ele><time>2025-06-27T08:53:17Z</time></trkpt><trkpt lat='42.798069999999996' lon='0.012679999999999999'><ele>986</ele><time>2025-06-27T09:09:44Z</time></trkpt><trkpt lat='42.7982' lon='0.012669999999999999'><ele>984</ele><time>2025-06-27T09:15:13Z</time></trkpt><trkpt lat='42.79829' lon='0.012539999999999999'><ele>989</ele><time>2025-06-27T09:20:42Z</time></trkpt><trkpt lat='42.7984' lon='0.01243'><ele>992</ele><time>2025-06-27T09:26:10Z</time></trkpt><trkpt lat='42.79879' lon='0.01224'><ele>994</ele><time>2025-06-27T09:42:37Z</time></trkpt><trkpt lat='42.79889' lon='0.01209'><ele>1000</ele><time>2025-06-27T09:50:50Z</time></trkpt><trkpt lat='42.79945' lon='0.012069999999999999'><ele>992</ele><time>2025-06-27T10:12:46Z</time></trkpt><trkpt lat='42.80001' lon='0.01205'><ele>986</ele><time>2025-06-27T10:37:25Z</time></trkpt><trkpt lat='42.80064' lon='0.01206'><ele>979</ele><time>2025-06-27T11:02:05Z</time></trkpt><trkpt lat='42.80126' lon='0.012079999999999999'><ele>972</ele><time>2025-06-27T11:21:16Z</time></trkpt><trkpt lat='42.801539999999996' lon='0.012039999999999999'><ele>975</ele><time>2025-06-27T11:29:29Z</time></trkpt><trkpt lat='42.80155' lon='0.012159999999999999'><ele>967</ele><time>2025-06-27T11:32:14Z</time></trkpt><trkpt lat='42.801899999999996' lon='0.01227'><ele>961</ele><time>2025-06-27T11:48:40Z</time></trkpt><trkpt lat='42.80209' lon='0.01227'><ele>964</ele><time>2025-06-27T11:56:54Z</time></trkpt><trkpt lat='42.80222' lon='0.012289999999999999'><ele>964</ele><time>2025-06-27T12:02:22Z</time></trkpt><trkpt lat='42.802369999999996' lon='0.01241'><ele>960</ele><time>2025-06-27T12:10:36Z</time></trkpt><trkpt lat='42.80285' lon='0.01249'><ele>960</ele><time>2025-06-27T12:29:47Z</time></trkpt><trkpt lat='42.80318' lon='0.0126'><ele>955</ele><time>2025-06-27T12:43:29Z</time></trkpt><trkpt lat='42.80347' lon='0.012629999999999999'><ele>951</ele><time>2025-06-27T12:57:11Z</time></trkpt><trkpt lat='42.80379' lon='0.012459999999999999'><ele>956</ele><time>2025-06-27T13:10:53Z</time></trkpt><trkpt lat='42.80393' lon='0.01236'><ele>957</ele><time>2025-06-27T13:19:06Z</time></trkpt><trkpt lat='42.804269999999995' lon='0.012069999999999999'><ele>962</ele><time>2025-06-27T13:35:33Z</time></trkpt><trkpt lat='42.804559999999995' lon='0.01163'><ele>969</ele><time>2025-06-27T13:51:59Z</time></trkpt><trkpt lat='42.805189999999996' lon='0.01086'><ele>978</ele><time>2025-06-27T14:27:37Z</time></trkpt><trkpt lat='42.805499999999995' lon='0.01055'><ele>977</ele><time>2025-06-27T14:44:03Z</time></trkpt><trkpt lat='42.80574' lon='0.01035'><ele>970</ele><time>2025-06-27T14:57:45Z</time></trkpt><trkpt lat='42.80585' lon='0.010199999999999999'><ele>966</ele><time>2025-06-27T15:03:14Z</time></trkpt><trkpt lat='42.8059' lon='0.00997'><ele>962</ele><time>2025-06-27T15:11:28Z</time></trkpt><trkpt lat='42.805879999999995' lon='0.00981'><ele>962</ele><time>2025-06-27T15:16:56Z</time></trkpt><trkpt lat='42.80572' lon='0.009609999999999999'><ele>970</ele><time>2025-06-27T15:25:10Z</time></trkpt><trkpt lat='42.80499' lon='0.00929'><ele>995</ele><time>2025-06-27T15:58:03Z</time></trkpt><trkpt lat='42.80491' lon='0.009219999999999999'><ele>995</ele><time>2025-06-27T16:03:32Z</time></trkpt><trkpt lat='42.804829999999995' lon='0.00912'><ele>994</ele><time>2025-06-27T16:09:00Z</time></trkpt><trkpt lat='42.80478' lon='0.00893'><ele>995</ele><time>2025-06-27T16:14:29Z</time></trkpt><trkpt lat='42.80482' lon='0.00859'><ele>997</ele><time>2025-06-27T16:25:27Z</time></trkpt><trkpt lat='42.805279999999996' lon='0.00789'><ele>1001</ele><time>2025-06-27T16:55:36Z</time></trkpt><trkpt lat='42.80531' lon='0.007699999999999999'><ele>1004</ele><time>2025-06-27T17:03:49Z</time></trkpt><trkpt lat='42.80522' lon='0.0073999999999999995'><ele>1013</ele><time>2025-06-27T17:14:47Z</time></trkpt><trkpt lat='42.805229999999995' lon='0.00718'><ele>1016</ele><time>2025-06-27T17:23:00Z</time></trkpt><trkpt lat='42.80533' lon='0.00694'><ele>1013</ele><time>2025-06-27T17:31:13Z</time></trkpt><trkpt lat='42.80534' lon='0.00678'><ele>1014</ele><time>2025-06-27T17:36:42Z</time></trkpt><trkpt lat='42.80529' lon='0.00652'><ele>1018</ele><time>2025-06-27T17:44:55Z</time></trkpt><trkpt lat='42.80555' lon='0.00616'><ele>1009</ele><time>2025-06-27T18:01:22Z</time></trkpt><trkpt lat='42.80556' lon='0.00598'><ele>1011</ele><time>2025-06-27T18:06:51Z</time></trkpt><trkpt lat='42.80599' lon='0.0051199999999999996'><ele>1011</ele><time>2025-06-27T18:36:59Z</time></trkpt><trkpt lat='42.8061' lon='0.00499'><ele>1010</ele><time>2025-06-27T18:45:12Z</time></trkpt><trkpt lat='42.80618' lon='0.00496'><ele>1009</ele><time>2025-06-27T18:47:57Z</time></trkpt><trkpt lat='42.806219999999996' lon='0.00497'><ele>1008</ele><time>2025-06-27T18:47:57Z</time></trkpt><trkpt lat='42.80623' lon='0.00487'><ele>1008</ele><time>2025-06-27T18:53:26Z</time></trkpt><trkpt lat='42.806259999999995' lon='0.00479'><ele>1008</ele><time>2025-06-27T18:56:10Z</time></trkpt><trkpt lat='42.80632' lon='0.004739999999999999'><ele>1008</ele><time>2025-06-27T18:58:55Z</time></trkpt><trkpt lat='42.80646' lon='0.0047'><ele>1006</ele><time>2025-06-27T19:04:23Z</time></trkpt><trkpt lat='42.80647' lon='0.00441'><ele>1014</ele><time>2025-06-27T19:12:37Z</time></trkpt><trkpt lat='42.806529999999995' lon='0.004229999999999999'><ele>1020</ele><time>2025-06-27T19:20:50Z</time></trkpt><trkpt lat='42.80652' lon='0.00414'><ele>1023</ele><time>2025-06-27T19:23:34Z</time></trkpt><trkpt lat='42.80643' lon='0.00392'><ele>1029</ele><time>2025-06-27T19:31:48Z</time></trkpt><trkpt lat='42.8063' lon='0.0036699999999999997'><ele>1036</ele><time>2025-06-27T19:56:27Z</time></trkpt><trkpt lat='42.80612' lon='0.0032099999999999997'><ele>1047</ele><time>2025-06-27T20:37:34Z</time></trkpt><trkpt lat='42.80594' lon='0.00283'><ele>1054</ele><time>2025-06-27T21:07:42Z</time></trkpt><trkpt lat='42.805969999999995' lon='0.00274'><ele>1058</ele><time>2025-06-27T21:15:56Z</time></trkpt><trkpt lat='42.80602' lon='0.00274'><ele>1060</ele><time>2025-06-27T21:21:25Z</time></trkpt><trkpt lat='42.80612' lon='0.0028'><ele>1061</ele><time>2025-06-27T21:32:22Z</time></trkpt><trkpt lat='42.806819999999995' lon='0.00298'><ele>1081</ele><time>2025-06-27T22:32:40Z</time></trkpt><trkpt lat='42.80731' lon='0.00297'><ele>1097</ele><time>2025-06-27T23:38:26Z</time></trkpt><trkpt lat='42.80771' lon='0.00306'><ele>1097</ele><time>2025-06-28T00:03:05Z</time></trkpt><trkpt lat='42.80808' lon='0.00282'><ele>1113</ele><time>2025-06-28T00:30:30Z</time></trkpt><trkpt lat='42.80865' lon='0.0024'><ele>1135</ele><time>2025-06-28T01:58:11Z</time></trkpt><trkpt lat='42.80889' lon='0.00243'><ele>1131</ele><time>2025-06-28T02:09:09Z</time></trkpt><trkpt lat='42.80927' lon='0.00231'><ele>1134</ele><time>2025-06-28T02:25:35Z</time></trkpt><trkpt lat='42.80938' lon='0.00219'><ele>1138</ele><time>2025-06-28T02:31:04Z</time></trkpt><trkpt lat='42.80959' lon='0.00189'><ele>1142</ele><time>2025-06-28T02:44:46Z</time></trkpt><trkpt lat='42.81001' lon='0.0010999999999999998'><ele>1143</ele><time>2025-06-28T03:14:55Z</time></trkpt><trkpt lat='42.80999' lon='0.0010199999999999999'><ele>1147</ele><time>2025-06-28T03:17:39Z</time></trkpt><trkpt lat='42.80993' lon='0.00094'><ele>1153</ele><time>2025-06-28T03:31:22Z</time></trkpt><trkpt lat='42.8099' lon='0.00086'><ele>1158</ele><time>2025-06-28T03:42:19Z</time></trkpt><trkpt lat='42.81023' lon='-0.00025'><ele>1172</ele><time>2025-06-28T04:31:39Z</time></trkpt><trkpt lat='42.81044' lon='-0.00043999999999999996'><ele>1169</ele><time>2025-06-28T04:50:50Z</time></trkpt><trkpt lat='42.81078' lon='-0.00079'><ele>1182</ele><time>2025-06-28T05:20:58Z</time></trkpt><trkpt lat='42.81089' lon='-0.0008399999999999999'><ele>1190</ele><time>2025-06-28T05:29:12Z</time></trkpt><trkpt lat='42.811099999999996' lon='-0.0009699999999999999'><ele>1202</ele><time>2025-06-28T06:02:05Z</time></trkpt><trkpt lat='42.81131' lon='-0.00115'><ele>1213</ele><time>2025-06-28T06:37:42Z</time></trkpt><trkpt lat='42.81167' lon='-0.00124'><ele>1219</ele><time>2025-06-28T07:10:35Z</time></trkpt><trkpt lat='42.81202' lon='-0.00141'><ele>1233</ele><time>2025-06-28T07:46:13Z</time></trkpt><trkpt lat='42.81238' lon='-0.00148'><ele>1241</ele><time>2025-06-28T08:16:21Z</time></trkpt><trkpt lat='42.81274' lon='-0.0016899999999999999'><ele>1251</ele><time>2025-06-28T08:43:46Z</time></trkpt><trkpt lat='42.813089999999995' lon='-0.0018399999999999998'><ele>1253</ele><time>2025-06-28T09:08:25Z</time></trkpt><trkpt lat='42.81333' lon='-0.00187'><ele>1254</ele><time>2025-06-28T09:22:08Z</time></trkpt><trkpt lat='42.813469999999995' lon='-0.00208'><ele>1267</ele><time>2025-06-28T09:35:50Z</time></trkpt><trkpt lat='42.81359' lon='-0.00211'><ele>1268</ele><time>2025-06-28T09:49:32Z</time></trkpt><trkpt lat='42.81379' lon='-0.00201'><ele>1257</ele><time>2025-06-28T10:11:27Z</time></trkpt><trkpt lat='42.813939999999995' lon='-0.0019299999999999999'><ele>1249</ele><time>2025-06-28T10:27:54Z</time></trkpt><trkpt lat='42.814049999999995' lon='-0.0019099999999999998'><ele>1249</ele><time>2025-06-28T10:33:23Z</time></trkpt><trkpt lat='42.814119999999996' lon='-0.0019299999999999999'><ele>1252</ele><time>2025-06-28T10:38:51Z</time></trkpt><trkpt lat='42.81417' lon='-0.0019199999999999998'><ele>1253</ele><time>2025-06-28T10:41:36Z</time></trkpt><trkpt lat='42.81415' lon='-0.00165'><ele>1242</ele><time>2025-06-28T10:52:33Z</time></trkpt><trkpt lat='42.81426' lon='-0.00148'><ele>1244</ele><time>2025-06-28T11:00:47Z</time></trkpt><trkpt lat='42.81438' lon='-0.00141'><ele>1248</ele><time>2025-06-28T11:06:16Z</time></trkpt><trkpt lat='42.814659999999996' lon='-0.00158'><ele>1264</ele><time>2025-06-28T11:22:42Z</time></trkpt><trkpt lat='42.81476' lon='-0.00157'><ele>1266</ele><time>2025-06-28T11:28:11Z</time></trkpt><trkpt lat='42.81519' lon='-0.00116'><ele>1269</ele><time>2025-06-28T11:58:20Z</time></trkpt><trkpt lat='42.815439999999995' lon='-0.001'><ele>1274</ele><time>2025-06-28T12:12:02Z</time></trkpt><trkpt lat='42.81565' lon='-0.0009599999999999999'><ele>1282</ele><time>2025-06-28T12:22:59Z</time></trkpt><trkpt lat='42.81586' lon='-0.00099'><ele>1286</ele><time>2025-06-28T12:42:10Z</time></trkpt><trkpt lat='42.81614' lon='-0.00116'><ele>1295</ele><time>2025-06-28T13:06:50Z</time></trkpt><trkpt lat='42.81641' lon='-0.00123'><ele>1303</ele><time>2025-06-28T13:20:32Z</time></trkpt><trkpt lat='42.816579999999995' lon='-0.00101'><ele>1302</ele><time>2025-06-28T13:31:30Z</time></trkpt><trkpt lat='42.81677' lon='-0.0008399999999999999'><ele>1305</ele><time>2025-06-28T13:39:43Z</time></trkpt><trkpt lat='42.8172' lon='-0.00087'><ele>1303</ele><time>2025-06-28T13:58:54Z</time></trkpt><trkpt lat='42.81744' lon='-0.00099'><ele>1309</ele><time>2025-06-28T14:09:52Z</time></trkpt><trkpt lat='42.81758' lon='-0.0009599999999999999'><ele>1318</ele><time>2025-06-28T14:31:47Z</time></trkpt><trkpt lat='42.81767' lon='-0.0007999999999999999'><ele>1319</ele><time>2025-06-28T14:50:58Z</time></trkpt><trkpt lat='42.817789999999995' lon='-0.0007199999999999999'><ele>1324</ele><time>2025-06-28T15:10:09Z</time></trkpt><trkpt lat='42.817949999999996' lon='-0.00071'><ele>1335</ele><time>2025-06-28T15:34:49Z</time></trkpt><trkpt lat='42.818079999999995' lon='-0.00053'><ele>1344</ele><time>2025-06-28T16:02:13Z</time></trkpt><trkpt lat='42.81816' lon='-0.00025'><ele>1350</ele><time>2025-06-28T16:32:22Z</time></trkpt><trkpt lat='42.81825' lon='-0.00014'><ele>1358</ele><time>2025-06-28T16:51:33Z</time></trkpt><trkpt lat='42.81841' lon='-0.000039999999999999996'><ele>1369</ele><time>2025-06-28T17:18:57Z</time></trkpt><trkpt lat='42.81858' lon='-0.000039999999999999996'><ele>1377</ele><time>2025-06-28T17:32:39Z</time></trkpt><trkpt lat='42.818929999999995' lon='-0.00025'><ele>1381</ele><time>2025-06-28T17:57:19Z</time></trkpt><trkpt lat='42.81935' lon='-0.00025'><ele>1382</ele><time>2025-06-28T18:16:30Z</time></trkpt><trkpt lat='42.81971' lon='-0.00007999999999999999'><ele>1380</ele><time>2025-06-28T18:32:56Z</time></trkpt><trkpt lat='42.82029' lon='0.000009999999999999999'><ele>1389</ele><time>2025-06-28T18:57:36Z</time></trkpt><trkpt lat='42.82049' lon='0.00007'><ele>1395</ele><time>2025-06-28T19:05:49Z</time></trkpt><trkpt lat='42.820789999999995' lon='0.00022999999999999998'><ele>1403</ele><time>2025-06-28T19:22:16Z</time></trkpt><trkpt lat='42.821' lon='0.00039999999999999996'><ele>1404</ele><time>2025-06-28T19:30:29Z</time></trkpt><trkpt lat='42.82105' lon='0.00041999999999999996'><ele>1404</ele><time>2025-06-28T19:33:14Z</time></trkpt><trkpt lat='42.82116' lon='0.00041'><ele>1404</ele><time>2025-06-28T19:38:43Z</time></trkpt><trkpt lat='42.82157' lon='0.00021999999999999998'><ele>1405</ele><time>2025-06-28T19:55:09Z</time></trkpt><trkpt lat='42.82163' lon='0.00023999999999999998'><ele>1404</ele><time>2025-06-28T19:57:53Z</time></trkpt><trkpt lat='42.82176' lon='0.00035999999999999997'><ele>1402</ele><time>2025-06-28T20:06:07Z</time></trkpt><trkpt lat='42.82185' lon='0.00049'><ele>1398</ele><time>2025-06-28T20:11:36Z</time></trkpt><trkpt lat='42.82186' lon='0.00065'><ele>1396</ele><time>2025-06-28T20:17:04Z</time></trkpt><trkpt lat='42.82175' lon='0.0009199999999999999'><ele>1395</ele><time>2025-06-28T20:25:18Z</time></trkpt><trkpt lat='42.82176' lon='0.0009'><ele>1395</ele><time>2025-06-28T20:25:18Z</time></trkpt><trkpt lat='42.821639999999995' lon='0.00121'><ele>1391</ele><time>2025-06-28T20:36:15Z</time></trkpt><trkpt lat='42.82163' lon='0.00131'><ele>1389</ele><time>2025-06-28T20:39:00Z</time></trkpt><trkpt lat='42.82166' lon='0.00145'><ele>1384</ele><time>2025-06-28T20:44:29Z</time></trkpt><trkpt lat='42.82179' lon='0.0015899999999999998'><ele>1377</ele><time>2025-06-28T21:09:08Z</time></trkpt><trkpt lat='42.82196' lon='0.0016899999999999999'><ele>1370</ele><time>2025-06-28T21:33:48Z</time></trkpt><trkpt lat='42.82222' lon='0.00208'><ele>1355</ele><time>2025-06-28T22:28:37Z</time></trkpt><trkpt lat='42.82228' lon='0.00214'><ele>1353</ele><time>2025-06-28T22:34:06Z</time></trkpt><trkpt lat='42.82246' lon='0.00216'><ele>1349</ele><time>2025-06-28T22:39:34Z</time></trkpt><trkpt lat='42.82268' lon='0.00215'><ele>1344</ele><time>2025-06-28T22:47:48Z</time></trkpt><trkpt lat='42.82277' lon='0.0022199999999999998'><ele>1339</ele><time>2025-06-28T23:04:14Z</time></trkpt><trkpt lat='42.82282' lon='0.0023899999999999998'><ele>1332</ele><time>2025-06-28T23:23:25Z</time></trkpt><trkpt lat='42.82304' lon='0.00243'><ele>1324</ele><time>2025-06-28T23:42:36Z</time></trkpt><trkpt lat='42.82338' lon='0.0023899999999999998'><ele>1313</ele><time>2025-06-29T00:10:00Z</time></trkpt><trkpt lat='42.824059999999996' lon='0.00207'><ele>1296</ele><time>2025-06-29T00:40:09Z</time></trkpt><trkpt lat='42.82421' lon='0.00209'><ele>1287</ele><time>2025-06-29T01:04:49Z</time></trkpt><trkpt lat='42.824259999999995' lon='0.00214'><ele>1284</ele><time>2025-06-29T01:13:02Z</time></trkpt><trkpt lat='42.82431' lon='0.00215'><ele>1281</ele><time>2025-06-29T01:15:46Z</time></trkpt><trkpt lat='42.82434' lon='0.00208'><ele>1281</ele><time>2025-06-29T01:18:31Z</time></trkpt><trkpt lat='42.82434' lon='0.00197'><ele>1282</ele><time>2025-06-29T01:21:15Z</time></trkpt><trkpt lat='42.824459999999995' lon='0.0018'><ele>1279</ele><time>2025-06-29T01:26:44Z</time></trkpt><trkpt lat='42.824889999999996' lon='0.00139'><ele>1266</ele><time>2025-06-29T01:45:55Z</time></trkpt><trkpt lat='42.82505' lon='0.0013499999999999999'><ele>1258</ele><time>2025-06-29T02:10:35Z</time></trkpt><trkpt lat='42.8253' lon='0.00124'><ele>1244</ele><time>2025-06-29T02:48:57Z</time></trkpt><trkpt lat='42.82537' lon='0.0011099999999999999'><ele>1241</ele><time>2025-06-29T03:05:23Z</time></trkpt><trkpt lat='42.825469999999996' lon='0.00106'><ele>1236</ele><time>2025-06-29T03:21:50Z</time></trkpt><trkpt lat='42.8258' lon='0.00077'><ele>1220</ele><time>2025-06-29T04:13:54Z</time></trkpt><trkpt lat='42.826409999999996' lon='0.00035'><ele>1201</ele><time>2025-06-29T04:49:31Z</time></trkpt><trkpt lat='42.82701' lon='-0.00007999999999999999'><ele>1183</ele><time>2025-06-29T05:22:24Z</time></trkpt><trkpt lat='42.82714' lon='-0.00025'><ele>1178</ele><time>2025-06-29T05:44:20Z</time></trkpt><trkpt lat='42.82751' lon='-0.0005'><ele>1161</ele><time>2025-06-29T06:33:39Z</time></trkpt><trkpt lat='42.82777' lon='-0.0008799999999999999'><ele>1154</ele><time>2025-06-29T06:50:06Z</time></trkpt><trkpt lat='42.828219999999995' lon='-0.00123'><ele>1140</ele><time>2025-06-29T07:12:01Z</time></trkpt><trkpt lat='42.82855' lon='-0.0013499999999999999'><ele>1129</ele><time>2025-06-29T07:36:41Z</time></trkpt><trkpt lat='42.828829999999996' lon='-0.00141'><ele>1118</ele><time>2025-06-29T08:17:47Z</time></trkpt><trkpt lat='42.82909' lon='-0.00158'><ele>1110</ele><time>2025-06-29T08:34:14Z</time></trkpt><trkpt lat='42.82953' lon='-0.00197'><ele>1095</ele><time>2025-06-29T09:01:38Z</time></trkpt><trkpt lat='42.82989' lon='-0.00225'><ele>1080</ele><time>2025-06-29T09:48:13Z</time></trkpt><trkpt lat='42.83009' lon='-0.00227'><ele>1072</ele><time>2025-06-29T10:04:40Z</time></trkpt><trkpt lat='42.83025' lon='-0.00232'><ele>1068</ele><time>2025-06-29T10:18:22Z</time></trkpt><trkpt lat='42.83076' lon='-0.0028'><ele>1064</ele><time>2025-06-29T10:37:33Z</time></trkpt><trkpt lat='42.830929999999995' lon='-0.00306'><ele>1060</ele><time>2025-06-29T10:45:46Z</time></trkpt><trkpt lat='42.83095' lon='-0.0031999999999999997'><ele>1059</ele><time>2025-06-29T10:48:31Z</time></trkpt><trkpt lat='42.830999999999996' lon='-0.00331'><ele>1055</ele><time>2025-06-29T10:51:15Z</time></trkpt><trkpt lat='42.83112' lon='-0.00323'><ele>1047</ele><time>2025-06-29T11:07:42Z</time></trkpt><trkpt lat='42.83124' lon='-0.0030099999999999997'><ele>1043</ele><time>2025-06-29T11:26:53Z</time></trkpt><trkpt lat='42.8313' lon='-0.00298'><ele>1039</ele><time>2025-06-29T11:37:50Z</time></trkpt><trkpt lat='42.83134' lon='-0.00299'><ele>1037</ele><time>2025-06-29T11:43:19Z</time></trkpt><trkpt lat='42.83137' lon='-0.00313'><ele>1032</ele><time>2025-06-29T11:59:46Z</time></trkpt><trkpt lat='42.831399999999995' lon='-0.00314'><ele>1030</ele><time>2025-06-29T12:05:14Z</time></trkpt><trkpt lat='42.83148' lon='-0.00306'><ele>1026</ele><time>2025-06-29T12:18:57Z</time></trkpt><trkpt lat='42.831579999999995' lon='-0.00316'><ele>1016</ele><time>2025-06-29T12:38:08Z</time></trkpt><trkpt lat='42.83163' lon='-0.00313'><ele>1013</ele><time>2025-06-29T12:43:36Z</time></trkpt><trkpt lat='42.831649999999996' lon='-0.0030399999999999997'><ele>1014</ele><time>2025-06-29T12:49:05Z</time></trkpt><trkpt lat='42.831759999999996' lon='-0.00291'><ele>1008</ele><time>2025-06-29T13:00:03Z</time></trkpt><trkpt lat='42.83189' lon='-0.0026999999999999997'><ele>1000</ele><time>2025-06-29T13:16:29Z</time></trkpt><trkpt lat='42.83195' lon='-0.0027199999999999998'><ele>995</ele><time>2025-06-29T13:21:58Z</time></trkpt><trkpt lat='42.831959999999995' lon='-0.00284'><ele>994</ele><time>2025-06-29T13:27:27Z</time></trkpt><trkpt lat='42.83199' lon='-0.00291'><ele>991</ele><time>2025-06-29T13:32:56Z</time></trkpt><trkpt lat='42.83202' lon='-0.00313'><ele>988</ele><time>2025-06-29T13:43:54Z</time></trkpt><trkpt lat='42.83208' lon='-0.0032199999999999998'><ele>985</ele><time>2025-06-29T13:57:36Z</time></trkpt><trkpt lat='42.83222' lon='-0.00333'><ele>980</ele><time>2025-06-29T14:19:31Z</time></trkpt><trkpt lat='42.83254' lon='-0.00333'><ele>966</ele><time>2025-06-29T15:03:22Z</time></trkpt><trkpt lat='42.832792999999995' lon='-0.003292'><ele>956</ele><time>2025-06-29T15:22:33Z</time></trkpt><trkpt lat='42.83307' lon='-0.0033599999999999997'><ele>949</ele><time>2025-06-29T15:41:44Z</time></trkpt><trkpt lat='42.83343' lon='-0.00349'><ele>940</ele><time>2025-06-29T15:55:26Z</time></trkpt><trkpt lat='42.833659999999995' lon='-0.0036699999999999997'><ele>937</ele><time>2025-06-29T16:03:39Z</time></trkpt><trkpt lat='42.83392' lon='-0.00381'><ele>932</ele><time>2025-06-29T16:17:21Z</time></trkpt><trkpt lat='42.83423' lon='-0.0038699999999999997'><ele>923</ele><time>2025-06-29T16:28:19Z</time></trkpt><trkpt lat='42.83443' lon='-0.0038599999999999997'><ele>917</ele><time>2025-06-29T16:52:59Z</time></trkpt><trkpt lat='42.8345' lon='-0.0038299999999999996'><ele>914</ele><time>2025-06-29T17:03:56Z</time></trkpt><trkpt lat='42.83466' lon='-0.0034999999999999996'><ele>902</ele><time>2025-06-29T17:39:34Z</time></trkpt><trkpt lat='42.834849999999996' lon='-0.0035499999999999998'><ele>895</ele><time>2025-06-29T17:58:45Z</time></trkpt><trkpt lat='42.83536' lon='-0.00363'><ele>877</ele><time>2025-06-29T18:50:49Z</time></trkpt><trkpt lat='42.835519999999995' lon='-0.00379'><ele>876</ele><time>2025-06-29T19:01:47Z</time></trkpt><trkpt lat='42.835699999999996' lon='-0.00377'><ele>870</ele><time>2025-06-29T19:10:00Z</time></trkpt><trkpt lat='42.83586' lon='-0.0036699999999999997'><ele>863</ele><time>2025-06-29T19:15:29Z</time></trkpt><trkpt lat='42.83609' lon='-0.0036699999999999997'><ele>857</ele><time>2025-06-29T19:31:55Z</time></trkpt><trkpt lat='42.83638' lon='-0.00356'><ele>847</ele><time>2025-06-29T19:48:22Z</time></trkpt><trkpt lat='42.83652' lon='-0.0036699999999999997'><ele>845</ele><time>2025-06-29T19:53:51Z</time></trkpt><trkpt lat='42.836749999999995' lon='-0.00401'><ele>843</ele><time>2025-06-29T20:02:04Z</time></trkpt><trkpt lat='42.83687' lon='-0.0041199999999999995'><ele>840</ele><time>2025-06-29T20:07:33Z</time></trkpt><trkpt lat='42.8371' lon='-0.00432'><ele>834</ele><time>2025-06-29T20:15:46Z</time></trkpt><trkpt lat='42.837095999999995' lon='-0.004422'><ele>836</ele><time>2025-06-29T20:21:15Z</time></trkpt><trkpt lat='42.837095999999995' lon='-0.004487'><ele>837</ele><time>2025-06-29T20:23:59Z</time></trkpt><trkpt lat='42.83715' lon='-0.0045969999999999995'><ele>836</ele><time>2025-06-29T20:29:28Z</time></trkpt><trkpt lat='42.837159' lon='-0.004706999999999999'><ele>838</ele><time>2025-06-29T20:32:13Z</time></trkpt><trkpt lat='42.837168' lon='-0.004827'><ele>840</ele><time>2025-06-29T20:37:41Z</time></trkpt><trkpt lat='42.837222' lon='-0.0049369999999999995'><ele>840</ele><time>2025-06-29T20:40:26Z</time></trkpt><trkpt lat='42.83724' lon='-0.005036'><ele>842</ele><time>2025-06-29T20:45:55Z</time></trkpt><trkpt lat='42.83733' lon='-0.00513'><ele>840</ele><time>2025-06-29T20:51:23Z</time></trkpt><trkpt lat='42.837309999999995' lon='-0.005229999999999999'><ele>844</ele><time>2025-06-29T20:54:08Z</time></trkpt><trkpt lat='42.83739' lon='-0.0054199999999999995'><ele>847</ele><time>2025-06-29T21:02:21Z</time></trkpt><trkpt lat='42.83748' lon='-0.00552'><ele>847</ele><time>2025-06-29T21:07:50Z</time></trkpt><trkpt lat='42.83793' lon='-0.00585'><ele>850</ele><time>2025-06-29T21:29:45Z</time></trkpt><trkpt lat='42.8381' lon='-0.0059499999999999996'><ele>852</ele><time>2025-06-29T21:37:59Z</time></trkpt><trkpt lat='42.838539999999995' lon='-0.006019999999999999'><ele>846</ele><time>2025-06-29T21:57:10Z</time></trkpt><trkpt lat='42.83868' lon='-0.00612'><ele>846</ele><time>2025-06-29T22:02:38Z</time></trkpt><trkpt lat='42.83898' lon='-0.0065899999999999995'><ele>847</ele><time>2025-06-29T22:21:49Z</time></trkpt><trkpt lat='42.83903' lon='-0.006719999999999999'><ele>846</ele><time>2025-06-29T22:27:18Z</time></trkpt><trkpt lat='42.83905' lon='-0.006889999999999999'><ele>847</ele><time>2025-06-29T22:32:47Z</time></trkpt><trkpt lat='42.839099999999995' lon='-0.007019999999999999'><ele>847</ele><time>2025-06-29T22:35:32Z</time></trkpt><trkpt lat='42.839169999999996' lon='-0.00712'><ele>847</ele><time>2025-06-29T22:41:00Z</time></trkpt><trkpt lat='42.83923' lon='-0.00715'><ele>845</ele><time>2025-06-29T22:43:45Z</time></trkpt><trkpt lat='42.839659999999995' lon='-0.007509999999999999'><ele>845</ele><time>2025-06-29T23:05:40Z</time></trkpt><trkpt lat='42.83998' lon='-0.00765'><ele>841</ele><time>2025-06-29T23:19:22Z</time></trkpt><trkpt lat='42.840039999999995' lon='-0.00775'><ele>843</ele><time>2025-06-29T23:22:07Z</time></trkpt><trkpt lat='42.840109999999996' lon='-0.0078'><ele>844</ele><time>2025-06-29T23:27:36Z</time></trkpt><trkpt lat='42.84021' lon='-0.0078'><ele>843</ele><time>2025-06-29T23:30:20Z</time></trkpt><trkpt lat='42.8403' lon='-0.007819999999999999'><ele>843</ele><time>2025-06-29T23:35:49Z</time></trkpt><trkpt lat='42.84063' lon='-0.00813'><ele>853</ele><time>2025-06-29T23:52:15Z</time></trkpt><trkpt lat='42.84083' lon='-0.00839'><ele>859</ele><time>2025-06-30T00:03:13Z</time></trkpt><trkpt lat='42.84086' lon='-0.008459999999999999'><ele>861</ele><time>2025-06-30T00:05:57Z</time></trkpt><trkpt lat='42.84086' lon='-0.008539999999999999'><ele>863</ele><time>2025-06-30T00:08:42Z</time></trkpt><trkpt lat='42.8408' lon='-0.00869'><ele>867</ele><time>2025-06-30T00:14:11Z</time></trkpt><trkpt lat='42.84082' lon='-0.00876'><ele>868</ele><time>2025-06-30T00:16:55Z</time></trkpt><trkpt lat='42.84091' lon='-0.00893'><ele>868</ele><time>2025-06-30T00:25:08Z</time></trkpt><trkpt lat='42.841029999999996' lon='-0.0091'><ele>866</ele><time>2025-06-30T00:30:37Z</time></trkpt><trkpt lat='42.84119' lon='-0.00923'><ele>862</ele><time>2025-06-30T00:38:51Z</time></trkpt><trkpt lat='42.84121' lon='-0.00928'><ele>863</ele><time>2025-06-30T00:41:35Z</time></trkpt><trkpt lat='42.8412' lon='-0.009389999999999999'><ele>865</ele><time>2025-06-30T00:44:19Z</time></trkpt><trkpt lat='42.84122' lon='-0.00949'><ele>867</ele><time>2025-06-30T00:49:48Z</time></trkpt><trkpt lat='42.84131' lon='-0.009649999999999999'><ele>870</ele><time>2025-06-30T00:55:17Z</time></trkpt><trkpt lat='42.84135' lon='-0.00979'><ele>873</ele><time>2025-06-30T01:08:59Z</time></trkpt><trkpt lat='42.841319999999996' lon='-0.009899999999999999'><ele>877</ele><time>2025-06-30T01:19:57Z</time></trkpt><trkpt lat='42.841249999999995' lon='-0.009949999999999999'><ele>878</ele><time>2025-06-30T01:30:55Z</time></trkpt><trkpt lat='42.84122' lon='-0.01'><ele>880</ele><time>2025-06-30T01:36:23Z</time></trkpt><trkpt lat='42.841249999999995' lon='-0.010119999999999999'><ele>883</ele><time>2025-06-30T01:47:21Z</time></trkpt><trkpt lat='42.84135' lon='-0.01017'><ele>885</ele><time>2025-06-30T01:55:34Z</time></trkpt><trkpt lat='42.84193' lon='-0.010289999999999999'><ele>893</ele><time>2025-06-30T02:25:43Z</time></trkpt><trkpt lat='42.84251' lon='-0.010409999999999999'><ele>902</ele><time>2025-06-30T02:55:52Z</time></trkpt><trkpt lat='42.84256' lon='-0.01044'><ele>903</ele><time>2025-06-30T02:58:36Z</time></trkpt><trkpt lat='42.84254' lon='-0.01043'><ele>903</ele><time>2025-06-30T03:01:20Z</time></trkpt><trkpt lat='42.8427' lon='-0.01049'><ele>906</ele><time>2025-06-30T03:06:49Z</time></trkpt><trkpt lat='42.8431' lon='-0.010539999999999999'><ele>909</ele><time>2025-06-30T03:23:16Z</time></trkpt><trkpt lat='42.84353' lon='-0.010499999999999999'><ele>907</ele><time>2025-06-30T03:42:27Z</time></trkpt><trkpt lat='42.84372' lon='-0.010459999999999999'><ele>905</ele><time>2025-06-30T03:50:40Z</time></trkpt><trkpt lat='42.843979999999995' lon='-0.010539999999999999'><ele>909</ele><time>2025-06-30T04:01:38Z</time></trkpt><trkpt lat='42.84411' lon='-0.010539999999999999'><ele>910</ele><time>2025-06-30T04:07:07Z</time></trkpt><trkpt lat='42.84429' lon='-0.01047'><ele>906</ele><time>2025-06-30T04:15:20Z</time></trkpt><trkpt lat='42.84446' lon='-0.01062'><ele>915</ele><time>2025-06-30T04:23:33Z</time></trkpt><trkpt lat='42.844609999999996' lon='-0.010799999999999999'><ele>925</ele><time>2025-06-30T04:45:28Z</time></trkpt><trkpt lat='42.84513' lon='-0.011'><ele>936</ele><time>2025-06-30T05:37:33Z</time></trkpt><trkpt lat='42.845389999999995' lon='-0.011009999999999999'><ele>943</ele><time>2025-06-30T05:59:28Z</time></trkpt><trkpt lat='42.84563' lon='-0.010879999999999999'><ele>944</ele><time>2025-06-30T06:15:54Z</time></trkpt><trkpt lat='42.84592' lon='-0.01089'><ele>955</ele><time>2025-06-30T06:40:34Z</time></trkpt><trkpt lat='42.846129999999995' lon='-0.010839999999999999'><ele>959</ele><time>2025-06-30T06:51:32Z</time></trkpt><trkpt lat='42.84635' lon='-0.010629999999999999'><ele>956</ele><time>2025-06-30T07:02:30Z</time></trkpt><trkpt lat='42.84656' lon='-0.010579999999999999'><ele>961</ele><time>2025-06-30T07:10:43Z</time></trkpt><trkpt lat='42.846689999999995' lon='-0.010499999999999999'><ele>962</ele><time>2025-06-30T07:16:12Z</time></trkpt><trkpt lat='42.84691' lon='-0.010249999999999999'><ele>958</ele><time>2025-06-30T07:29:54Z</time></trkpt><trkpt lat='42.84701' lon='-0.010239999999999999'><ele>960</ele><time>2025-06-30T07:32:38Z</time></trkpt><trkpt lat='42.847339999999996' lon='-0.010239999999999999'><ele>963</ele><time>2025-06-30T07:49:05Z</time></trkpt><trkpt lat='42.84751' lon='-0.01026'><ele>962</ele><time>2025-06-30T07:54:34Z</time></trkpt><trkpt lat='42.84773' lon='-0.01045'><ele>966</ele><time>2025-06-30T08:05:31Z</time></trkpt><trkpt lat='42.84843' lon='-0.01066'><ele>960</ele><time>2025-06-30T08:41:09Z</time></trkpt><trkpt lat='42.84861' lon='-0.01081'><ele>966</ele><time>2025-06-30T08:52:06Z</time></trkpt><trkpt lat='42.84948' lon='-0.01109'><ele>990</ele><time>2025-06-30T09:35:57Z</time></trkpt><trkpt lat='42.849709999999995' lon='-0.011'><ele>985</ele><time>2025-06-30T09:46:55Z</time></trkpt><trkpt lat='42.84981' lon='-0.011'><ele>985</ele><time>2025-06-30T09:52:24Z</time></trkpt><trkpt lat='42.850049999999996' lon='-0.011049999999999999'><ele>989</ele><time>2025-06-30T10:03:21Z</time></trkpt><trkpt lat='42.85057' lon='-0.01109'><ele>987</ele><time>2025-06-30T10:25:17Z</time></trkpt><trkpt lat='42.850789999999996' lon='-0.01113'><ele>988</ele><time>2025-06-30T10:33:30Z</time></trkpt><trkpt lat='42.851639999999996' lon='-0.01126'><ele>1007</ele><time>2025-06-30T11:09:08Z</time></trkpt><trkpt lat='42.85174' lon='-0.01117'><ele>1004</ele><time>2025-06-30T11:17:21Z</time></trkpt><trkpt lat='42.85185' lon='-0.01113'><ele>1004</ele><time>2025-06-30T11:22:50Z</time></trkpt><trkpt lat='42.85239' lon='-0.011049999999999999'><ele>1010</ele><time>2025-06-30T11:50:14Z</time></trkpt><trkpt lat='42.852669999999996' lon='-0.011219999999999999'><ele>1022</ele><time>2025-06-30T12:03:56Z</time></trkpt><trkpt lat='42.85284' lon='-0.011179999999999999'><ele>1021</ele><time>2025-06-30T12:12:09Z</time></trkpt><trkpt lat='42.852889999999995' lon='-0.01115'><ele>1020</ele><time>2025-06-30T12:14:54Z</time></trkpt><trkpt lat='42.85304' lon='-0.011219999999999999'><ele>1021</ele><time>2025-06-30T12:20:23Z</time></trkpt><trkpt lat='42.85341' lon='-0.011559999999999999'><ele>1027</ele><time>2025-06-30T12:36:49Z</time></trkpt><trkpt lat='42.85346' lon='-0.011559999999999999'><ele>1027</ele><time>2025-06-30T12:39:34Z</time></trkpt><trkpt lat='42.85348' lon='-0.01149'><ele>1025</ele><time>2025-06-30T12:42:18Z</time></trkpt><trkpt lat='42.85373' lon='-0.011349999999999999'><ele>1020</ele><time>2025-06-30T12:50:31Z</time></trkpt><trkpt lat='42.853919999999995' lon='-0.01147'><ele>1018</ele><time>2025-06-30T12:58:44Z</time></trkpt><trkpt lat='42.85426' lon='-0.01143'><ele>1005</ele><time>2025-06-30T13:12:27Z</time></trkpt><trkpt lat='42.85442' lon='-0.01147'><ele>997</ele><time>2025-06-30T13:37:06Z</time></trkpt><trkpt lat='42.85445' lon='-0.011559999999999999'><ele>997</ele><time>2025-06-30T13:45:20Z</time></trkpt><trkpt lat='42.85449' lon='-0.0116'><ele>996</ele><time>2025-06-30T13:53:33Z</time></trkpt><trkpt lat='42.85463' lon='-0.01153'><ele>988</ele><time>2025-06-30T14:15:28Z</time></trkpt><trkpt lat='42.85472' lon='-0.011559999999999999'><ele>985</ele><time>2025-06-30T14:20:57Z</time></trkpt><trkpt lat='42.854769999999995' lon='-0.0116'><ele>983</ele><time>2025-06-30T14:20:57Z</time></trkpt><trkpt lat='42.855' lon='-0.011859999999999999'><ele>982</ele><time>2025-06-30T14:31:55Z</time></trkpt><trkpt lat='42.85536' lon='-0.01183'><ele>973</ele><time>2025-06-30T14:42:53Z</time></trkpt><trkpt lat='42.85557' lon='-0.011899999999999999'><ele>972</ele><time>2025-06-30T14:51:06Z</time></trkpt><trkpt lat='42.85574' lon='-0.01188'><ele>970</ele><time>2025-06-30T14:56:35Z</time></trkpt><trkpt lat='42.85604' lon='-0.011989999999999999'><ele>966</ele><time>2025-06-30T15:04:48Z</time></trkpt><trkpt lat='42.85628' lon='-0.012119999999999999'><ele>962</ele><time>2025-06-30T15:13:01Z</time></trkpt><trkpt lat='42.8564' lon='-0.01222'><ele>960</ele><time>2025-06-30T15:18:30Z</time></trkpt><trkpt lat='42.856519999999996' lon='-0.0123'><ele>959</ele><time>2025-06-30T15:23:59Z</time></trkpt><trkpt lat='42.856829999999995' lon='-0.01241'><ele>953</ele><time>2025-06-30T15:32:12Z</time></trkpt><trkpt lat='42.85695' lon='-0.01235'><ele>949</ele><time>2025-06-30T15:37:41Z</time></trkpt><trkpt lat='42.857169999999996' lon='-0.01194'><ele>935</ele><time>2025-06-30T16:27:01Z</time></trkpt><trkpt lat='42.85724' lon='-0.0121'><ele>933</ele><time>2025-06-30T16:32:29Z</time></trkpt><trkpt lat='42.85736' lon='-0.01215'><ele>929</ele><time>2025-06-30T16:35:14Z</time></trkpt><trkpt lat='42.85749' lon='-0.01228'><ele>929</ele><time>2025-06-30T16:40:43Z</time></trkpt><trkpt lat='42.85763' lon='-0.012369999999999999'><ele>931</ele><time>2025-06-30T16:43:27Z</time></trkpt><trkpt lat='42.85772' lon='-0.012369999999999999'><ele>930</ele><time>2025-06-30T16:46:11Z</time></trkpt><trkpt lat='42.85787' lon='-0.012329999999999999'><ele>927</ele><time>2025-06-30T16:51:40Z</time></trkpt><trkpt lat='42.858039999999995' lon='-0.01224'><ele>921</ele><time>2025-06-30T16:54:25Z</time></trkpt><trkpt lat='42.85837' lon='-0.01211'><ele>915</ele><time>2025-06-30T17:10:51Z</time></trkpt><trkpt lat='42.85866' lon='-0.01194'><ele>905</ele><time>2025-06-30T17:24:33Z</time></trkpt><trkpt lat='42.858909999999995' lon='-0.01198'><ele>905</ele><time>2025-06-30T17:32:47Z</time></trkpt><trkpt lat='42.85919' lon='-0.01194'><ele>897</ele><time>2025-06-30T17:41:00Z</time></trkpt><trkpt lat='42.859449999999995' lon='-0.01198'><ele>894</ele><time>2025-06-30T17:46:29Z</time></trkpt><trkpt lat='42.85982' lon='-0.01211'><ele>890</ele><time>2025-06-30T18:02:55Z</time></trkpt><trkpt lat='42.86013' lon='-0.01241'><ele>892</ele><time>2025-06-30T18:19:22Z</time></trkpt><trkpt lat='42.860479999999995' lon='-0.012759999999999999'><ele>892</ele><time>2025-06-30T18:38:33Z</time></trkpt><trkpt lat='42.86081' lon='-0.012879999999999999'><ele>887</ele><time>2025-06-30T18:52:15Z</time></trkpt><trkpt lat='42.86087' lon='-0.01283'><ele>885</ele><time>2025-06-30T18:54:59Z</time></trkpt><trkpt lat='42.860879999999995' lon='-0.01279'><ele>884</ele><time>2025-06-30T18:57:44Z</time></trkpt><trkpt lat='42.860859999999995' lon='-0.012679999999999999'><ele>881</ele><time>2025-06-30T19:00:28Z</time></trkpt><trkpt lat='42.860769999999995' lon='-0.012539999999999999'><ele>878</ele><time>2025-06-30T19:05:57Z</time></trkpt><trkpt lat='42.860589999999995' lon='-0.01241'><ele>877</ele><time>2025-06-30T19:11:26Z</time></trkpt><trkpt lat='42.8602' lon='-0.012029999999999999'><ele>871</ele><time>2025-06-30T19:25:08Z</time></trkpt><trkpt lat='42.86005' lon='-0.01181'><ele>866</ele><time>2025-06-30T19:30:37Z</time></trkpt><trkpt lat='42.86042' lon='-0.01166'><ele>857</ele><time>2025-06-30T19:44:19Z</time></trkpt><trkpt lat='42.860569999999996' lon='-0.011729999999999999'><ele>858</ele><time>2025-06-30T19:49:48Z</time></trkpt><trkpt lat='42.86064' lon='-0.011739999999999999'><ele>859</ele><time>2025-06-30T19:52:32Z</time></trkpt><trkpt lat='42.860879999999995' lon='-0.01164'><ele>857</ele><time>2025-06-30T20:00:45Z</time></trkpt><trkpt lat='42.861039999999996' lon='-0.011609999999999999'><ele>855</ele><time>2025-06-30T20:06:14Z</time></trkpt><trkpt lat='42.86128' lon='-0.011689999999999999'><ele>854</ele><time>2025-06-30T20:14:28Z</time></trkpt><trkpt lat='42.86145' lon='-0.011869999999999999'><ele>854</ele><time>2025-06-30T20:19:56Z</time></trkpt><trkpt lat='42.861489999999996' lon='-0.011779999999999999'><ele>852</ele><time>2025-06-30T20:22:41Z</time></trkpt><trkpt lat='42.86143' lon='-0.011559999999999999'><ele>849</ele><time>2025-06-30T20:25:25Z</time></trkpt><trkpt lat='42.861439999999995' lon='-0.011519999999999999'><ele>848</ele><time>2025-06-30T20:28:10Z</time></trkpt><trkpt lat='42.86158' lon='-0.01164'><ele>847</ele><time>2025-06-30T20:30:54Z</time></trkpt><trkpt lat='42.8617' lon='-0.01162'><ele>841</ele><time>2025-06-30T20:36:23Z</time></trkpt><trkpt lat='42.86177' lon='-0.0116'><ele>838</ele><time>2025-06-30T20:47:21Z</time></trkpt><trkpt lat='42.86179' lon='-0.0113'><ele>827</ele><time>2025-06-30T21:20:14Z</time></trkpt><trkpt lat='42.86201' lon='-0.0117'><ele>827</ele><time>2025-06-30T21:33:56Z</time></trkpt><trkpt lat='42.86204' lon='-0.0117'><ele>824</ele><time>2025-06-30T21:36:40Z</time></trkpt><trkpt lat='42.862049999999996' lon='-0.011559999999999999'><ele>818</ele><time>2025-06-30T21:39:25Z</time></trkpt><trkpt lat='42.86208' lon='-0.011559999999999999'><ele>816</ele><time>2025-06-30T21:39:25Z</time></trkpt><trkpt lat='42.8621' lon='-0.01177'><ele>822</ele><time>2025-06-30T21:47:38Z</time></trkpt><trkpt lat='42.86219' lon='-0.011689999999999999'><ele>813</ele><time>2025-06-30T21:53:07Z</time></trkpt><trkpt lat='42.86249' lon='-0.01194'><ele>800</ele><time>2025-06-30T22:09:33Z</time></trkpt><trkpt lat='42.86246' lon='-0.01177'><ele>795</ele><time>2025-06-30T22:20:31Z</time></trkpt><trkpt lat='42.862359999999995' lon='-0.0116'><ele>795</ele><time>2025-06-30T22:28:44Z</time></trkpt><trkpt lat='42.86251' lon='-0.01166'><ele>786</ele><time>2025-06-30T22:39:42Z</time></trkpt><trkpt lat='42.86251' lon='-0.011609999999999999'><ele>784</ele><time>2025-06-30T22:42:26Z</time></trkpt><trkpt lat='42.862379999999995' lon='-0.011269999999999999'><ele>781</ele><time>2025-06-30T22:53:24Z</time></trkpt><trkpt lat='42.862269999999995' lon='-0.01068'><ele>768</ele><time>2025-06-30T23:12:35Z</time></trkpt><trkpt lat='42.86182' lon='-0.009779999999999999'><ele>761</ele><time>2025-06-30T23:48:12Z</time></trkpt><trkpt lat='42.86185' lon='-0.00974'><ele>758</ele><time>2025-06-30T23:50:57Z</time></trkpt><trkpt lat='42.86176' lon='-0.009611999999999999'><ele>773</ele><time>2025-06-30T23:59:10Z</time></trkpt><trkpt lat='42.861778' lon='-0.009604999999999999'><ele>772</ele><time>2025-06-30T23:59:10Z</time></trkpt><trkpt lat='42.861802999999995' lon='-0.009627'><ele>771</ele><time>2025-06-30T23:59:10Z</time></trkpt><trkpt lat='42.86182' lon='-0.009644999999999999'><ele>771</ele><time>2025-07-01T00:01:55Z</time></trkpt><trkpt lat='42.861841999999996' lon='-0.00966'><ele>770</ele><time>2025-07-01T00:01:55Z</time></trkpt><trkpt lat='42.861868' lon='-0.009673'><ele>770</ele><time>2025-07-01T00:01:55Z</time></trkpt><trkpt lat='42.861889999999995' lon='-0.009689999999999999'><ele>769</ele><time>2025-07-01T00:04:39Z</time></trkpt><trkpt lat='42.861909999999995' lon='-0.0097'><ele>769</ele><time>2025-07-01T00:04:39Z</time></trkpt><trkpt lat='42.861934999999995' lon='-0.009715'><ele>769</ele><time>2025-07-01T00:07:23Z</time></trkpt><trkpt lat='42.861954999999995' lon='-0.009725'><ele>769</ele><time>2025-07-01T00:07:23Z</time></trkpt><trkpt lat='42.861976999999996' lon='-0.009734999999999999'><ele>768</ele><time>2025-07-01T00:07:23Z</time></trkpt><trkpt lat='42.86199' lon='-0.009762'><ele>767</ele><time>2025-07-01T00:10:08Z</time></trkpt><trkpt lat='42.862018' lon='-0.009779999999999999'><ele>767</ele><time>2025-07-01T00:10:08Z</time></trkpt><trkpt lat='42.862038' lon='-0.0098'><ele>766</ele><time>2025-07-01T00:12:52Z</time></trkpt><trkpt lat='42.862052999999996' lon='-0.009814999999999999'><ele>766</ele><time>2025-07-01T00:12:52Z</time></trkpt><trkpt lat='42.862066999999996' lon='-0.009837'><ele>765</ele><time>2025-07-01T00:12:52Z</time></trkpt><trkpt lat='42.862082' lon='-0.009852999999999999'><ele>765</ele><time>2025-07-01T00:15:37Z</time></trkpt><trkpt lat='42.862108' lon='-0.009847'><ele>764</ele><time>2025-07-01T00:15:37Z</time></trkpt><trkpt lat='42.862133' lon='-0.009835'><ele>764</ele><time>2025-07-01T00:15:37Z</time></trkpt><trkpt lat='42.862153' lon='-0.00983'><ele>763</ele><time>2025-07-01T00:18:21Z</time></trkpt><trkpt lat='42.862178' lon='-0.009835'><ele>762</ele><time>2025-07-01T00:18:21Z</time></trkpt><trkpt lat='42.862195' lon='-0.00985'><ele>762</ele><time>2025-07-01T00:18:21Z</time></trkpt><trkpt lat='42.862207' lon='-0.009871999999999999'><ele>761</ele><time>2025-07-01T00:21:06Z</time></trkpt><trkpt lat='42.862223' lon='-0.009899999999999999'><ele>761</ele><time>2025-07-01T00:21:06Z</time></trkpt><trkpt lat='42.86224' lon='-0.009932'><ele>760</ele><time>2025-07-01T00:23:50Z</time></trkpt><trkpt lat='42.862252' lon='-0.009951999999999999'><ele>760</ele><time>2025-07-01T00:23:50Z</time></trkpt><trkpt lat='42.862265' lon='-0.009984999999999999'><ele>759</ele><time>2025-07-01T00:23:50Z</time></trkpt><trkpt lat='42.862286999999995' lon='-0.009989999999999999'><ele>759</ele><time>2025-07-01T00:26:34Z</time></trkpt><trkpt lat='42.862303' lon='-0.009977'><ele>758</ele><time>2025-07-01T00:26:34Z</time></trkpt><trkpt lat='42.862313' lon='-0.009949999999999999'><ele>758</ele><time>2025-07-01T00:26:34Z</time></trkpt><trkpt lat='42.862317' lon='-0.009925'><ele>757</ele><time>2025-07-01T00:29:19Z</time></trkpt><trkpt lat='42.862313' lon='-0.009899999999999999'><ele>757</ele><time>2025-07-01T00:32:03Z</time></trkpt><trkpt lat='42.862307' lon='-0.009866999999999999'><ele>757</ele><time>2025-07-01T00:32:03Z</time></trkpt><trkpt lat='42.862307' lon='-0.00984'><ele>756</ele><time>2025-07-01T00:34:48Z</time></trkpt><trkpt lat='42.862313' lon='-0.009802'><ele>755</ele><time>2025-07-01T00:34:48Z</time></trkpt><trkpt lat='42.862317' lon='-0.009779999999999999'><ele>755</ele><time>2025-07-01T00:34:48Z</time></trkpt><trkpt lat='42.862307' lon='-0.009752'><ele>754</ele><time>2025-07-01T00:37:32Z</time></trkpt><trkpt lat='42.86232' lon='-0.009729999999999999'><ele>753</ele><time>2025-07-01T00:37:32Z</time></trkpt><trkpt lat='42.862334999999995' lon='-0.009717'><ele>753</ele><time>2025-07-01T00:37:32Z</time></trkpt><trkpt lat='42.862352' lon='-0.009705'><ele>752</ele><time>2025-07-01T00:40:17Z</time></trkpt><trkpt lat='42.862373' lon='-0.009694999999999999'><ele>752</ele><time>2025-07-01T00:40:17Z</time></trkpt><trkpt lat='42.8624' lon='-0.009672'><ele>751</ele><time>2025-07-01T00:40:17Z</time></trkpt><trkpt lat='42.862421999999995' lon='-0.009656999999999999'><ele>750</ele><time>2025-07-01T00:43:01Z</time></trkpt><trkpt lat='42.862435' lon='-0.009637'><ele>750</ele><time>2025-07-01T00:43:01Z</time></trkpt><trkpt lat='42.862443' lon='-0.0096'><ele>749</ele><time>2025-07-01T00:45:45Z</time></trkpt><trkpt lat='42.862438' lon='-0.009571999999999999'><ele>749</ele><time>2025-07-01T00:45:45Z</time></trkpt><trkpt lat='42.862424999999995' lon='-0.00953'><ele>749</ele><time>2025-07-01T00:45:45Z</time></trkpt><trkpt lat='42.862415' lon='-0.00949'><ele>749</ele><time>2025-07-01T00:48:30Z</time></trkpt><trkpt lat='42.862404999999995' lon='-0.009467'><ele>749</ele><time>2025-07-01T00:48:30Z</time></trkpt><trkpt lat='42.862387' lon='-0.009432'><ele>749</ele><time>2025-07-01T00:51:14Z</time></trkpt><trkpt lat='42.862373' lon='-0.009396999999999999'><ele>749</ele><time>2025-07-01T00:51:14Z</time></trkpt><trkpt lat='42.862352' lon='-0.009365'><ele>749</ele><time>2025-07-01T00:53:59Z</time></trkpt><trkpt lat='42.862334999999995' lon='-0.009337'><ele>749</ele><time>2025-07-01T00:53:59Z</time></trkpt><trkpt lat='42.86232' lon='-0.009304999999999999'><ele>749</ele><time>2025-07-01T00:53:59Z</time></trkpt><trkpt lat='42.8623' lon='-0.009275'><ele>749</ele><time>2025-07-01T00:56:43Z</time></trkpt><trkpt lat='42.862265' lon='-0.009262'><ele>749</ele><time>2025-07-01T00:56:43Z</time></trkpt><trkpt lat='42.86224' lon='-0.009252'><ele>749</ele><time>2025-07-01T00:59:27Z</time></trkpt><trkpt lat='42.862213' lon='-0.00924'><ele>749</ele><time>2025-07-01T00:59:27Z</time></trkpt><trkpt lat='42.862182' lon='-0.00923'><ele>749</ele><time>2025-07-01T01:02:12Z</time></trkpt><trkpt lat='42.862156999999996' lon='-0.009212'><ele>749</ele><time>2025-07-01T01:02:12Z</time></trkpt><trkpt lat='42.862133' lon='-0.00919'><ele>749</ele><time>2025-07-01T01:04:56Z</time></trkpt><trkpt lat='42.862105' lon='-0.009167999999999999'><ele>749</ele><time>2025-07-01T01:04:56Z</time></trkpt><trkpt lat='42.86208' lon='-0.00915'><ele>749</ele><time>2025-07-01T01:07:41Z</time></trkpt><trkpt lat='42.862052999999996' lon='-0.009134999999999999'><ele>749</ele><time>2025-07-01T01:07:41Z</time></trkpt><trkpt lat='42.862024999999996' lon='-0.00912'><ele>750</ele><time>2025-07-01T01:10:25Z</time></trkpt><trkpt lat='42.861996999999995' lon='-0.009106999999999999'><ele>750</ele><time>2025-07-01T01:10:25Z</time></trkpt><trkpt lat='42.861973' lon='-0.009094999999999999'><ele>749</ele><time>2025-07-01T01:10:25Z</time></trkpt><trkpt lat='42.861942' lon='-0.009082'><ele>750</ele><time>2025-07-01T01:13:10Z</time></trkpt><trkpt lat='42.861909999999995' lon='-0.00907'><ele>749</ele><time>2025-07-01T01:15:54Z</time></trkpt><trkpt lat='42.861883' lon='-0.009049999999999999'><ele>750</ele><time>2025-07-01T01:15:54Z</time></trkpt><trkpt lat='42.861861999999995' lon='-0.009021999999999999'><ele>750</ele><time>2025-07-01T01:15:54Z</time></trkpt><trkpt lat='42.86184' lon='-0.008997999999999999'><ele>750</ele><time>2025-07-01T01:18:38Z</time></trkpt><trkpt lat='42.861816999999995' lon='-0.008976999999999999'><ele>750</ele><time>2025-07-01T01:18:38Z</time></trkpt><trkpt lat='42.861788' lon='-0.008967'><ele>750</ele><time>2025-07-01T01:21:23Z</time></trkpt><trkpt lat='42.861762' lon='-0.00895'><ele>750</ele><time>2025-07-01T01:21:23Z</time></trkpt><trkpt lat='42.861737' lon='-0.008936999999999999'><ele>750</ele><time>2025-07-01T01:24:07Z</time></trkpt><trkpt lat='42.861708' lon='-0.008922'><ele>750</ele><time>2025-07-01T01:24:07Z</time></trkpt><trkpt lat='42.861681999999995' lon='-0.0089'><ele>750</ele><time>2025-07-01T01:26:52Z</time></trkpt><trkpt lat='42.86166' lon='-0.008884999999999999'><ele>750</ele><time>2025-07-01T01:26:52Z</time></trkpt><trkpt lat='42.861632' lon='-0.008862'><ele>750</ele><time>2025-07-01T01:26:52Z</time></trkpt><trkpt lat='42.861605' lon='-0.008845'><ele>750</ele><time>2025-07-01T01:29:36Z</time></trkpt><trkpt lat='42.86158' lon='-0.00883'><ele>750</ele><time>2025-07-01T01:29:36Z</time></trkpt><trkpt lat='42.86156' lon='-0.00882'><ele>750</ele><time>2025-07-01T01:32:21Z</time></trkpt><trkpt lat='42.861537999999996' lon='-0.008801999999999999'><ele>750</ele><time>2025-07-01T01:32:21Z</time></trkpt><trkpt lat='42.861512999999995' lon='-0.008775'><ele>751</ele><time>2025-07-01T01:35:05Z</time></trkpt><trkpt lat='42.8615' lon='-0.008742'><ele>751</ele><time>2025-07-01T01:35:05Z</time></trkpt><trkpt lat='42.861472' lon='-0.00872'><ele>751</ele><time>2025-07-01T01:37:49Z</time></trkpt><trkpt lat='42.861447999999996' lon='-0.008697'><ele>751</ele><time>2025-07-01T01:37:49Z</time></trkpt><trkpt lat='42.86143' lon='-0.008675'><ele>751</ele><time>2025-07-01T01:37:49Z</time></trkpt><trkpt lat='42.861413' lon='-0.008655'><ele>751</ele><time>2025-07-01T01:40:34Z</time></trkpt><trkpt lat='42.861399999999996' lon='-0.008631999999999999'><ele>751</ele><time>2025-07-01T01:40:34Z</time></trkpt><trkpt lat='42.861382' lon='-0.00861'><ele>751</ele><time>2025-07-01T01:40:34Z</time></trkpt><trkpt lat='42.86136' lon='-0.00859'><ele>751</ele><time>2025-07-01T01:43:18Z</time></trkpt><trkpt lat='42.861343' lon='-0.008568'><ele>751</ele><time>2025-07-01T01:43:18Z</time></trkpt><trkpt lat='42.861323' lon='-0.008551999999999999'><ele>751</ele><time>2025-07-01T01:46:03Z</time></trkpt><trkpt lat='42.861301999999995' lon='-0.008537'><ele>751</ele><time>2025-07-01T01:46:03Z</time></trkpt><trkpt lat='42.86128' lon='-0.00852'><ele>752</ele><time>2025-07-01T01:46:03Z</time></trkpt><trkpt lat='42.86126' lon='-0.008499999999999999'><ele>752</ele><time>2025-07-01T01:48:47Z</time></trkpt><trkpt lat='42.861235' lon='-0.00848'><ele>752</ele><time>2025-07-01T01:48:47Z</time></trkpt><trkpt lat='42.861215' lon='-0.008465'><ele>752</ele><time>2025-07-01T01:48:47Z</time></trkpt><trkpt lat='42.861193' lon='-0.008447'><ele>752</ele><time>2025-07-01T01:51:31Z</time></trkpt><trkpt lat='42.86117' lon='-0.008427'><ele>752</ele><time>2025-07-01T01:51:31Z</time></trkpt><trkpt lat='42.861148' lon='-0.008407'><ele>752</ele><time>2025-07-01T01:54:16Z</time></trkpt><trkpt lat='42.861128' lon='-0.008388'><ele>752</ele><time>2025-07-01T01:54:16Z</time></trkpt><trkpt lat='42.861107' lon='-0.008372'><ele>752</ele><time>2025-07-01T01:54:16Z</time></trkpt><trkpt lat='42.86109' lon='-0.00835'><ele>752</ele><time>2025-07-01T01:57:00Z</time></trkpt><trkpt lat='42.86108' lon='-0.00832'><ele>752</ele><time>2025-07-01T01:57:00Z</time></trkpt><trkpt lat='42.861064999999996' lon='-0.008291999999999999'><ele>752</ele><time>2025-07-01T01:59:45Z</time></trkpt><trkpt lat='42.861045' lon='-0.008268'><ele>752</ele><time>2025-07-01T01:59:45Z</time></trkpt><trkpt lat='42.861022999999996' lon='-0.008246999999999999'><ele>753</ele><time>2025-07-01T01:59:45Z</time></trkpt><trkpt lat='42.860994999999996' lon='-0.008235'><ele>753</ele><time>2025-07-01T02:02:29Z</time></trkpt><trkpt lat='42.860968' lon='-0.00822'><ele>753</ele><time>2025-07-01T02:02:29Z</time></trkpt><trkpt lat='42.860937' lon='-0.008205'><ele>753</ele><time>2025-07-01T02:05:14Z</time></trkpt><trkpt lat='42.860912' lon='-0.00819'><ele>753</ele><time>2025-07-01T02:05:14Z</time></trkpt><trkpt lat='42.860884999999996' lon='-0.008177'><ele>753</ele><time>2025-07-01T02:07:58Z</time></trkpt><trkpt lat='42.860853' lon='-0.00817'><ele>753</ele><time>2025-07-01T02:07:58Z</time></trkpt><trkpt lat='42.860828' lon='-0.008165'><ele>753</ele><time>2025-07-01T02:10:42Z</time></trkpt><trkpt lat='42.860802' lon='-0.008166999999999999'><ele>753</ele><time>2025-07-01T02:10:42Z</time></trkpt><trkpt lat='42.860777' lon='-0.008159999999999999'><ele>753</ele><time>2025-07-01T02:10:42Z</time></trkpt><trkpt lat='42.860755' lon='-0.008147999999999999'><ele>753</ele><time>2025-07-01T02:13:27Z</time></trkpt><trkpt lat='42.860738' lon='-0.00813'><ele>753</ele><time>2025-07-01T02:13:27Z</time></trkpt><trkpt lat='42.86072' lon='-0.00812'><ele>753</ele><time>2025-07-01T02:13:27Z</time></trkpt><trkpt lat='42.860696999999995' lon='-0.00811'><ele>753</ele><time>2025-07-01T02:16:11Z</time></trkpt><trkpt lat='42.860675' lon='-0.00809'><ele>753</ele><time>2025-07-01T02:16:11Z</time></trkpt><trkpt lat='42.860645' lon='-0.00808'><ele>753</ele><time>2025-07-01T02:18:56Z</time></trkpt><trkpt lat='42.86061' lon='-0.008067'><ele>753</ele><time>2025-07-01T02:18:56Z</time></trkpt><trkpt lat='42.860575' lon='-0.00805'><ele>754</ele><time>2025-07-01T02:21:40Z</time></trkpt><trkpt lat='42.860549999999996' lon='-0.008035'><ele>754</ele><time>2025-07-01T02:21:40Z</time></trkpt><trkpt lat='42.860523' lon='-0.008017'><ele>754</ele><time>2025-07-01T02:24:25Z</time></trkpt><trkpt lat='42.860495' lon='-0.007996999999999999'><ele>754</ele><time>2025-07-01T02:24:25Z</time></trkpt><trkpt lat='42.86047' lon='-0.007977'><ele>754</ele><time>2025-07-01T02:27:09Z</time></trkpt><trkpt lat='42.860447' lon='-0.00796'><ele>754</ele><time>2025-07-01T02:27:09Z</time></trkpt><trkpt lat='42.860425' lon='-0.007942'><ele>754</ele><time>2025-07-01T02:27:09Z</time></trkpt><trkpt lat='42.860397999999996' lon='-0.00792'><ele>754</ele><time>2025-07-01T02:29:53Z</time></trkpt><trkpt lat='42.860377' lon='-0.007897'><ele>754</ele><time>2025-07-01T02:29:53Z</time></trkpt><trkpt lat='42.860355' lon='-0.007871999999999999'><ele>754</ele><time>2025-07-01T02:32:38Z</time></trkpt><trkpt lat='42.860327999999996' lon='-0.00785'><ele>754</ele><time>2025-07-01T02:32:38Z</time></trkpt><trkpt lat='42.860299999999995' lon='-0.00783'><ele>754</ele><time>2025-07-01T02:35:22Z</time></trkpt><trkpt lat='42.860279999999996' lon='-0.007809999999999999'><ele>754</ele><time>2025-07-01T02:35:22Z</time></trkpt><trkpt lat='42.860262' lon='-0.0077919999999999994'><ele>755</ele><time>2025-07-01T02:35:22Z</time></trkpt><trkpt lat='42.86024' lon='-0.00777'><ele>755</ele><time>2025-07-01T02:38:07Z</time></trkpt><trkpt lat='42.860217' lon='-0.0077469999999999995'><ele>755</ele><time>2025-07-01T02:38:07Z</time></trkpt><trkpt lat='42.860192' lon='-0.007724999999999999'><ele>755</ele><time>2025-07-01T02:40:51Z</time></trkpt><trkpt lat='42.860168' lon='-0.00771'><ele>755</ele><time>2025-07-01T02:40:51Z</time></trkpt><trkpt lat='42.86015' lon='-0.007695'><ele>755</ele><time>2025-07-01T02:43:36Z</time></trkpt><trkpt lat='42.860136999999995' lon='-0.0076749999999999995'><ele>755</ele><time>2025-07-01T02:43:36Z</time></trkpt><trkpt lat='42.860118' lon='-0.00765'><ele>755</ele><time>2025-07-01T02:43:36Z</time></trkpt><trkpt lat='42.860098' lon='-0.007626999999999999'><ele>755</ele><time>2025-07-01T02:46:20Z</time></trkpt><trkpt lat='42.860077' lon='-0.007605'><ele>755</ele><time>2025-07-01T02:46:20Z</time></trkpt><trkpt lat='42.86006' lon='-0.007585'><ele>755</ele><time>2025-07-01T02:46:20Z</time></trkpt><trkpt lat='42.860043' lon='-0.007574999999999999'><ele>756</ele><time>2025-07-01T02:49:04Z</time></trkpt><trkpt lat='42.860022' lon='-0.007555'><ele>756</ele><time>2025-07-01T02:49:04Z</time></trkpt><trkpt lat='42.859997' lon='-0.0075379999999999996'><ele>756</ele><time>2025-07-01T02:51:49Z</time></trkpt><trkpt lat='42.859973' lon='-0.007516999999999999'><ele>756</ele><time>2025-07-01T02:51:49Z</time></trkpt><trkpt lat='42.859955' lon='-0.007495'><ele>756</ele><time>2025-07-01T02:51:49Z</time></trkpt><trkpt lat='42.859928' lon='-0.007475'><ele>756</ele><time>2025-07-01T02:54:33Z</time></trkpt><trkpt lat='42.859913' lon='-0.007455'><ele>756</ele><time>2025-07-01T02:54:33Z</time></trkpt><trkpt lat='42.85989' lon='-0.0074399999999999996'><ele>756</ele><time>2025-07-01T02:57:18Z</time></trkpt><trkpt lat='42.859865' lon='-0.0074199999999999995'><ele>756</ele><time>2025-07-01T02:57:18Z</time></trkpt><trkpt lat='42.859842' lon='-0.0073999999999999995'><ele>756</ele><time>2025-07-01T02:57:18Z</time></trkpt><trkpt lat='42.85982' lon='-0.007377'><ele>756</ele><time>2025-07-01T03:00:02Z</time></trkpt><trkpt lat='42.859798' lon='-0.007359999999999999'><ele>756</ele><time>2025-07-01T03:00:02Z</time></trkpt><trkpt lat='42.859775' lon='-0.007343'><ele>756</ele><time>2025-07-01T03:02:46Z</time></trkpt><trkpt lat='42.85975' lon='-0.007326999999999999'><ele>756</ele><time>2025-07-01T03:02:46Z</time></trkpt><trkpt lat='42.859722999999995' lon='-0.007307999999999999'><ele>756</ele><time>2025-07-01T03:05:31Z</time></trkpt><trkpt lat='42.859697999999995' lon='-0.00729'><ele>756</ele><time>2025-07-01T03:05:31Z</time></trkpt><trkpt lat='42.85968' lon='-0.007272'><ele>756</ele><time>2025-07-01T03:05:31Z</time></trkpt><trkpt lat='42.859653' lon='-0.007254999999999999'><ele>756</ele><time>2025-07-01T03:08:15Z</time></trkpt><trkpt lat='42.859625' lon='-0.007234999999999999'><ele>756</ele><time>2025-07-01T03:08:15Z</time></trkpt><trkpt lat='42.859601999999995' lon='-0.0072169999999999995'><ele>756</ele><time>2025-07-01T03:11:00Z</time></trkpt><trkpt lat='42.859583' lon='-0.0072'><ele>756</ele><time>2025-07-01T03:11:00Z</time></trkpt><trkpt lat='42.859558' lon='-0.0071849999999999995'><ele>757</ele><time>2025-07-01T03:11:00Z</time></trkpt><trkpt lat='42.859538' lon='-0.007167'><ele>757</ele><time>2025-07-01T03:13:44Z</time></trkpt><trkpt lat='42.859519999999996' lon='-0.007147'><ele>757</ele><time>2025-07-01T03:13:44Z</time></trkpt><trkpt lat='42.859503' lon='-0.007135'><ele>757</ele><time>2025-07-01T03:16:29Z</time></trkpt><trkpt lat='42.85948' lon='-0.007115'><ele>757</ele><time>2025-07-01T03:16:29Z</time></trkpt><trkpt lat='42.859462' lon='-0.007091999999999999'><ele>757</ele><time>2025-07-01T03:16:29Z</time></trkpt><trkpt lat='42.85944' lon='-0.007071999999999999'><ele>757</ele><time>2025-07-01T03:19:13Z</time></trkpt><trkpt lat='42.859417' lon='-0.0070599999999999994'><ele>757</ele><time>2025-07-01T03:19:13Z</time></trkpt><trkpt lat='42.859387999999996' lon='-0.007039999999999999'><ele>757</ele><time>2025-07-01T03:21:57Z</time></trkpt><trkpt lat='42.859365' lon='-0.007019999999999999'><ele>757</ele><time>2025-07-01T03:21:57Z</time></trkpt><trkpt lat='42.859342999999996' lon='-0.006999999999999999'><ele>757</ele><time>2025-07-01T03:21:57Z</time></trkpt><trkpt lat='42.85932' lon='-0.006983'><ele>757</ele><time>2025-07-01T03:24:42Z</time></trkpt><trkpt lat='42.859305' lon='-0.00697'><ele>757</ele><time>2025-07-01T03:24:42Z</time></trkpt><trkpt lat='42.859288' lon='-0.006941999999999999'><ele>757</ele><time>2025-07-01T03:27:26Z</time></trkpt><trkpt lat='42.859263' lon='-0.006918'><ele>757</ele><time>2025-07-01T03:27:26Z</time></trkpt><trkpt lat='42.85924' lon='-0.006895'><ele>757</ele><time>2025-07-01T03:27:26Z</time></trkpt><trkpt lat='42.859215' lon='-0.006865'><ele>757</ele><time>2025-07-01T03:30:11Z</time></trkpt><trkpt lat='42.859196999999995' lon='-0.0068449999999999995'><ele>757</ele><time>2025-07-01T03:30:11Z</time></trkpt><trkpt lat='42.859176999999995' lon='-0.006817999999999999'><ele>757</ele><time>2025-07-01T03:32:55Z</time></trkpt><trkpt lat='42.859155' lon='-0.006797'><ele>758</ele><time>2025-07-01T03:32:55Z</time></trkpt><trkpt lat='42.859128' lon='-0.00677'><ele>758</ele><time>2025-07-01T03:35:40Z</time></trkpt><trkpt lat='42.85911' lon='-0.006745'><ele>758</ele><time>2025-07-01T03:35:40Z</time></trkpt><trkpt lat='42.859083' lon='-0.00673'><ele>758</ele><time>2025-07-01T03:38:24Z</time></trkpt><trkpt lat='42.859068' lon='-0.006717'><ele>758</ele><time>2025-07-01T03:38:24Z</time></trkpt><trkpt lat='42.859048' lon='-0.006692'><ele>758</ele><time>2025-07-01T03:38:24Z</time></trkpt><trkpt lat='42.859027' lon='-0.006665'><ele>758</ele><time>2025-07-01T03:41:08Z</time></trkpt><trkpt lat='42.859007' lon='-0.006634999999999999'><ele>758</ele><time>2025-07-01T03:41:08Z</time></trkpt><trkpt lat='42.858982' lon='-0.0066099999999999996'><ele>758</ele><time>2025-07-01T03:43:53Z</time></trkpt><trkpt lat='42.858965' lon='-0.006587'><ele>759</ele><time>2025-07-01T03:43:53Z</time></trkpt><trkpt lat='42.85895' lon='-0.006562'><ele>759</ele><time>2025-07-01T03:43:53Z</time></trkpt><trkpt lat='42.858927' lon='-0.006542999999999999'><ele>759</ele><time>2025-07-01T03:46:37Z</time></trkpt><trkpt lat='42.858908' lon='-0.00652'><ele>759</ele><time>2025-07-01T03:46:37Z</time></trkpt><trkpt lat='42.858888' lon='-0.006496999999999999'><ele>759</ele><time>2025-07-01T03:49:22Z</time></trkpt><trkpt lat='42.858869999999996' lon='-0.006473'><ele>759</ele><time>2025-07-01T03:49:22Z</time></trkpt><trkpt lat='42.858847' lon='-0.006451999999999999'><ele>759</ele><time>2025-07-01T03:49:22Z</time></trkpt><trkpt lat='42.858832' lon='-0.0064399999999999995'><ele>759</ele><time>2025-07-01T03:52:06Z</time></trkpt><trkpt lat='42.858821999999996' lon='-0.006417'><ele>759</ele><time>2025-07-01T03:52:06Z</time></trkpt><trkpt lat='42.858805' lon='-0.006405'><ele>759</ele><time>2025-07-01T03:52:06Z</time></trkpt><trkpt lat='42.858779999999996' lon='-0.006385'><ele>759</ele><time>2025-07-01T03:54:50Z</time></trkpt><trkpt lat='42.858762999999996' lon='-0.006357'><ele>759</ele><time>2025-07-01T03:54:50Z</time></trkpt><trkpt lat='42.858745' lon='-0.006327999999999999'><ele>759</ele><time>2025-07-01T03:57:35Z</time></trkpt><trkpt lat='42.858725' lon='-0.006297'><ele>759</ele><time>2025-07-01T03:57:35Z</time></trkpt><trkpt lat='42.858706999999995' lon='-0.0062699999999999995'><ele>759</ele><time>2025-07-01T03:57:35Z</time></trkpt><trkpt lat='42.858692999999995' lon='-0.006252'><ele>759</ele><time>2025-07-01T04:00:19Z</time></trkpt><trkpt lat='42.858683' lon='-0.006222999999999999'><ele>759</ele><time>2025-07-01T04:00:19Z</time></trkpt><trkpt lat='42.85868' lon='-0.0061849999999999995'><ele>759</ele><time>2025-07-01T04:03:04Z</time></trkpt><trkpt lat='42.858678' lon='-0.00614'><ele>759</ele><time>2025-07-01T04:03:04Z</time></trkpt><trkpt lat='42.858668' lon='-0.006097'><ele>759</ele><time>2025-07-01T04:05:48Z</time></trkpt><trkpt lat='42.858661999999995' lon='-0.006057'><ele>759</ele><time>2025-07-01T04:05:48Z</time></trkpt><trkpt lat='42.858647999999995' lon='-0.006039999999999999'><ele>759</ele><time>2025-07-01T04:05:48Z</time></trkpt><trkpt lat='42.85864' lon='-0.006'><ele>759</ele><time>2025-07-01T04:08:33Z</time></trkpt><trkpt lat='42.858623' lon='-0.005967'><ele>759</ele><time>2025-07-01T04:08:33Z</time></trkpt><trkpt lat='42.858607' lon='-0.005934999999999999'><ele>759</ele><time>2025-07-01T04:11:17Z</time></trkpt><trkpt lat='42.858592' lon='-0.005902'><ele>759</ele><time>2025-07-01T04:11:17Z</time></trkpt><trkpt lat='42.858582' lon='-0.005869999999999999'><ele>759</ele><time>2025-07-01T04:14:01Z</time></trkpt><trkpt lat='42.858568' lon='-0.0058379999999999994'><ele>760</ele><time>2025-07-01T04:14:01Z</time></trkpt><trkpt lat='42.85855' lon='-0.005804999999999999'><ele>760</ele><time>2025-07-01T04:14:01Z</time></trkpt><trkpt lat='42.858529999999995' lon='-0.00577'><ele>760</ele><time>2025-07-01T04:16:46Z</time></trkpt><trkpt lat='42.858515' lon='-0.0057399999999999994'><ele>760</ele><time>2025-07-01T04:16:46Z</time></trkpt><trkpt lat='42.858505' lon='-0.005705'><ele>760</ele><time>2025-07-01T04:19:30Z</time></trkpt><trkpt lat='42.858488' lon='-0.005672'><ele>760</ele><time>2025-07-01T04:19:30Z</time></trkpt><trkpt lat='42.858473' lon='-0.00564'><ele>760</ele><time>2025-07-01T04:22:15Z</time></trkpt><trkpt lat='42.858463' lon='-0.0056029999999999995'><ele>760</ele><time>2025-07-01T04:22:15Z</time></trkpt><trkpt lat='42.858447' lon='-0.005572'><ele>760</ele><time>2025-07-01T04:24:59Z</time></trkpt><trkpt lat='42.858435' lon='-0.005555'><ele>760</ele><time>2025-07-01T04:24:59Z</time></trkpt><trkpt lat='42.858425' lon='-0.00552'><ele>760</ele><time>2025-07-01T04:24:59Z</time></trkpt><trkpt lat='42.858408' lon='-0.005484999999999999'><ele>759</ele><time>2025-07-01T04:27:44Z</time></trkpt><trkpt lat='42.858393' lon='-0.00545'><ele>759</ele><time>2025-07-01T04:27:44Z</time></trkpt><trkpt lat='42.85838' lon='-0.005417'><ele>759</ele><time>2025-07-01T04:30:28Z</time></trkpt><trkpt lat='42.858363' lon='-0.005385'><ele>759</ele><time>2025-07-01T04:30:28Z</time></trkpt><trkpt lat='42.858348' lon='-0.0053549999999999995'><ele>759</ele><time>2025-07-01T04:30:28Z</time></trkpt><trkpt lat='42.858332' lon='-0.00532'><ele>759</ele><time>2025-07-01T04:33:12Z</time></trkpt><trkpt lat='42.858322' lon='-0.005287'><ele>759</ele><time>2025-07-01T04:33:12Z</time></trkpt><trkpt lat='42.858309999999996' lon='-0.005255'><ele>759</ele><time>2025-07-01T04:35:57Z</time></trkpt><trkpt lat='42.858292999999996' lon='-0.005222'><ele>759</ele><time>2025-07-01T04:35:57Z</time></trkpt><trkpt lat='42.85828' lon='-0.005187'><ele>759</ele><time>2025-07-01T04:38:41Z</time></trkpt><trkpt lat='42.858272' lon='-0.00515'><ele>759</ele><time>2025-07-01T04:38:41Z</time></trkpt><trkpt lat='42.858272' lon='-0.005108'><ele>759</ele><time>2025-07-01T04:41:26Z</time></trkpt><trkpt lat='42.85828' lon='-0.005075'><ele>759</ele><time>2025-07-01T04:41:26Z</time></trkpt><trkpt lat='42.85829' lon='-0.005039999999999999'><ele>759</ele><time>2025-07-01T04:41:26Z</time></trkpt><trkpt lat='42.858309999999996' lon='-0.005007999999999999'><ele>759</ele><time>2025-07-01T04:44:10Z</time></trkpt><trkpt lat='42.858328' lon='-0.0049819999999999994'><ele>759</ele><time>2025-07-01T04:44:10Z</time></trkpt><trkpt lat='42.858342' lon='-0.00494'><ele>759</ele><time>2025-07-01T04:46:55Z</time></trkpt><trkpt lat='42.858354999999996' lon='-0.0049099999999999994'><ele>759</ele><time>2025-07-01T04:46:55Z</time></trkpt><trkpt lat='42.85837' lon='-0.004893'><ele>759</ele><time>2025-07-01T04:46:55Z</time></trkpt><trkpt lat='42.858399999999996' lon='-0.004875'><ele>759</ele><time>2025-07-01T04:49:39Z</time></trkpt><trkpt lat='42.858425' lon='-0.00485'><ele>759</ele><time>2025-07-01T04:49:39Z</time></trkpt><trkpt lat='42.858447' lon='-0.004827'><ele>759</ele><time>2025-07-01T04:52:23Z</time></trkpt><trkpt lat='42.85847' lon='-0.004807'><ele>758</ele><time>2025-07-01T04:52:23Z</time></trkpt><trkpt lat='42.858492' lon='-0.004795'><ele>758</ele><time>2025-07-01T04:55:08Z</time></trkpt><trkpt lat='42.858515' lon='-0.004787'><ele>758</ele><time>2025-07-01T04:55:08Z</time></trkpt><trkpt lat='42.858533' lon='-0.004782'><ele>759</ele><time>2025-07-01T04:55:08Z</time></trkpt><trkpt lat='42.858553' lon='-0.004775'><ele>759</ele><time>2025-07-01T04:57:52Z</time></trkpt><trkpt lat='42.858571999999995' lon='-0.00477'><ele>759</ele><time>2025-07-01T04:57:52Z</time></trkpt><trkpt lat='42.858598' lon='-0.004765'><ele>759</ele><time>2025-07-01T04:57:52Z</time></trkpt><trkpt lat='42.858623' lon='-0.004757'><ele>760</ele><time>2025-07-01T05:00:37Z</time></trkpt><trkpt lat='42.858647999999995' lon='-0.0047469999999999995'><ele>760</ele><time>2025-07-01T05:00:37Z</time></trkpt><trkpt lat='42.858672' lon='-0.004745'><ele>761</ele><time>2025-07-01T05:03:21Z</time></trkpt><trkpt lat='42.858692999999995' lon='-0.004735'><ele>761</ele><time>2025-07-01T05:03:21Z</time></trkpt><trkpt lat='42.858712999999995' lon='-0.004725'><ele>761</ele><time>2025-07-01T05:03:21Z</time></trkpt><trkpt lat='42.858731999999996' lon='-0.00471'><ele>761</ele><time>2025-07-01T05:06:05Z</time></trkpt><trkpt lat='42.858751999999996' lon='-0.0046949999999999995'><ele>762</ele><time>2025-07-01T05:06:05Z</time></trkpt><trkpt lat='42.85877' lon='-0.004683'><ele>762</ele><time>2025-07-01T05:06:05Z</time></trkpt><trkpt lat='42.858799999999995' lon='-0.0046749999999999995'><ele>763</ele><time>2025-07-01T05:08:50Z</time></trkpt><trkpt lat='42.858821999999996' lon='-0.00467'><ele>763</ele><time>2025-07-01T05:08:50Z</time></trkpt><trkpt lat='42.858847' lon='-0.004654999999999999'><ele>764</ele><time>2025-07-01T05:11:34Z</time></trkpt><trkpt lat='42.858867' lon='-0.004645'><ele>764</ele><time>2025-07-01T05:11:34Z</time></trkpt><trkpt lat='42.858885' lon='-0.004634999999999999'><ele>764</ele><time>2025-07-01T05:11:34Z</time></trkpt><trkpt lat='42.858902' lon='-0.004627'><ele>765</ele><time>2025-07-01T05:14:19Z</time></trkpt><trkpt lat='42.85892' lon='-0.004617'><ele>766</ele><time>2025-07-01T05:14:19Z</time></trkpt><trkpt lat='42.85894' lon='-0.0046099999999999995'><ele>766</ele><time>2025-07-01T05:14:19Z</time></trkpt><trkpt lat='42.858962' lon='-0.0046099999999999995'><ele>767</ele><time>2025-07-01T05:17:03Z</time></trkpt><trkpt lat='42.858978' lon='-0.0045969999999999995'><ele>767</ele><time>2025-07-01T05:17:03Z</time></trkpt><trkpt lat='42.858998' lon='-0.004587'><ele>768</ele><time>2025-07-01T05:17:03Z</time></trkpt><trkpt lat='42.859017' lon='-0.00458'><ele>768</ele><time>2025-07-01T05:19:48Z</time></trkpt><trkpt lat='42.85904' lon='-0.004569999999999999'><ele>769</ele><time>2025-07-01T05:22:32Z</time></trkpt><trkpt lat='42.859058' lon='-0.004562'><ele>769</ele><time>2025-07-01T05:22:32Z</time></trkpt><trkpt lat='42.859083' lon='-0.00455'><ele>770</ele><time>2025-07-01T05:25:16Z</time></trkpt><trkpt lat='42.859103' lon='-0.0045449999999999996'><ele>770</ele><time>2025-07-01T05:25:16Z</time></trkpt><trkpt lat='42.859122' lon='-0.00454'><ele>770</ele><time>2025-07-01T05:28:01Z</time></trkpt><trkpt lat='42.859148' lon='-0.004535'><ele>771</ele><time>2025-07-01T05:28:01Z</time></trkpt><trkpt lat='42.859167' lon='-0.00453'><ele>772</ele><time>2025-07-01T05:30:45Z</time></trkpt><trkpt lat='42.85919' lon='-0.004535'><ele>772</ele><time>2025-07-01T05:30:45Z</time></trkpt><trkpt lat='42.859204999999996' lon='-0.004535'><ele>773</ele><time>2025-07-01T05:33:30Z</time></trkpt><trkpt lat='42.859224999999995' lon='-0.00453'><ele>773</ele><time>2025-07-01T05:33:30Z</time></trkpt><trkpt lat='42.859243' lon='-0.00453'><ele>774</ele><time>2025-07-01T05:36:14Z</time></trkpt><trkpt lat='42.859263' lon='-0.004527'><ele>774</ele><time>2025-07-01T05:36:14Z</time></trkpt><trkpt lat='42.859282' lon='-0.004522'><ele>774</ele><time>2025-07-01T05:38:59Z</time></trkpt><trkpt lat='42.859302' lon='-0.004517'><ele>774</ele><time>2025-07-01T05:38:59Z</time></trkpt><trkpt lat='42.85932' lon='-0.00451'><ele>775</ele><time>2025-07-01T05:38:59Z</time></trkpt><trkpt lat='42.859339999999996' lon='-0.004497'><ele>775</ele><time>2025-07-01T05:41:43Z</time></trkpt><trkpt lat='42.859359999999995' lon='-0.004493'><ele>776</ele><time>2025-07-01T05:41:43Z</time></trkpt><trkpt lat='42.859378' lon='-0.00449'><ele>776</ele><time>2025-07-01T05:44:27Z</time></trkpt><trkpt lat='42.8594' lon='-0.004484999999999999'><ele>776</ele><time>2025-07-01T05:44:27Z</time></trkpt><trkpt lat='42.859423' lon='-0.004475'><ele>777</ele><time>2025-07-01T05:47:12Z</time></trkpt><trkpt lat='42.859442' lon='-0.004455'><ele>777</ele><time>2025-07-01T05:49:56Z</time></trkpt><trkpt lat='42.859458' lon='-0.004428'><ele>778</ele><time>2025-07-01T05:49:56Z</time></trkpt><trkpt lat='42.859477999999996' lon='-0.004402'><ele>778</ele><time>2025-07-01T05:52:41Z</time></trkpt><trkpt lat='42.859493' lon='-0.004385'><ele>779</ele><time>2025-07-01T05:52:41Z</time></trkpt><trkpt lat='42.859507' lon='-0.004367'><ele>779</ele><time>2025-07-01T05:55:25Z</time></trkpt><trkpt lat='42.859522' lon='-0.00435'><ele>780</ele><time>2025-07-01T05:55:25Z</time></trkpt><trkpt lat='42.859538' lon='-0.004337'><ele>780</ele><time>2025-07-01T05:55:25Z</time></trkpt><trkpt lat='42.859558' lon='-0.004323'><ele>781</ele><time>2025-07-01T05:58:09Z</time></trkpt><trkpt lat='42.859573' lon='-0.004308'><ele>781</ele><time>2025-07-01T05:58:09Z</time></trkpt><trkpt lat='42.859593' lon='-0.0042829999999999995'><ele>782</ele><time>2025-07-01T06:00:54Z</time></trkpt><trkpt lat='42.859601999999995' lon='-0.004258'><ele>782</ele><time>2025-07-01T06:00:54Z</time></trkpt><trkpt lat='42.859621999999995' lon='-0.004245'><ele>783</ele><time>2025-07-01T06:00:54Z</time></trkpt><trkpt lat='42.859638' lon='-0.004225'><ele>783</ele><time>2025-07-01T06:03:38Z</time></trkpt><trkpt lat='42.859653' lon='-0.00421'><ele>784</ele><time>2025-07-01T06:03:38Z</time></trkpt><trkpt lat='42.859673' lon='-0.00419'><ele>784</ele><time>2025-07-01T06:06:23Z</time></trkpt><trkpt lat='42.859691999999995' lon='-0.00418'><ele>785</ele><time>2025-07-01T06:06:23Z</time></trkpt><trkpt lat='42.859711999999995' lon='-0.004164999999999999'><ele>785</ele><time>2025-07-01T06:06:23Z</time></trkpt><trkpt lat='42.859719999999996' lon='-0.004144999999999999'><ele>785</ele><time>2025-07-01T06:09:07Z</time></trkpt><trkpt lat='42.859736999999996' lon='-0.004125'><ele>786</ele><time>2025-07-01T06:09:07Z</time></trkpt><trkpt lat='42.85975' lon='-0.0041069999999999995'><ele>786</ele><time>2025-07-01T06:09:07Z</time></trkpt><trkpt lat='42.859753' lon='-0.004077'><ele>787</ele><time>2025-07-01T06:11:52Z</time></trkpt><trkpt lat='42.859772' lon='-0.00407'><ele>787</ele><time>2025-07-01T06:11:52Z</time></trkpt><trkpt lat='42.859792' lon='-0.004068'><ele>787</ele><time>2025-07-01T06:11:52Z</time></trkpt><trkpt lat='42.859809999999996' lon='-0.00407'><ele>787</ele><time>2025-07-01T06:14:36Z</time></trkpt><trkpt lat='42.859832999999995' lon='-0.004075'><ele>787</ele><time>2025-07-01T06:14:36Z</time></trkpt><trkpt lat='42.859857999999996' lon='-0.004073'><ele>787</ele><time>2025-07-01T06:17:20Z</time></trkpt><trkpt lat='42.85988' lon='-0.004072'><ele>787</ele><time>2025-07-01T06:17:20Z</time></trkpt><trkpt lat='42.859902999999996' lon='-0.00407'><ele>787</ele><time>2025-07-01T06:17:20Z</time></trkpt><trkpt lat='42.859928' lon='-0.004075'><ele>788</ele><time>2025-07-01T06:20:05Z</time></trkpt><trkpt lat='42.859952' lon='-0.004079999999999999'><ele>788</ele><time>2025-07-01T06:20:05Z</time></trkpt><trkpt lat='42.859973' lon='-0.004085'><ele>788</ele><time>2025-07-01T06:20:05Z</time></trkpt><trkpt lat='42.86' lon='-0.00409'><ele>788</ele><time>2025-07-01T06:22:49Z</time></trkpt><trkpt lat='42.860022' lon='-0.004092'><ele>787</ele><time>2025-07-01T06:22:49Z</time></trkpt><trkpt lat='42.86005' lon='-0.004097'><ele>788</ele><time>2025-07-01T06:25:34Z</time></trkpt><trkpt lat='42.86007' lon='-0.004097'><ele>788</ele><time>2025-07-01T06:25:34Z</time></trkpt><trkpt lat='42.860098' lon='-0.0040999999999999995'><ele>788</ele><time>2025-07-01T06:28:18Z</time></trkpt><trkpt lat='42.860127' lon='-0.00411'><ele>788</ele><time>2025-07-01T06:28:18Z</time></trkpt><trkpt lat='42.86015' lon='-0.004115'><ele>788</ele><time>2025-07-01T06:31:03Z</time></trkpt><trkpt lat='42.860172' lon='-0.004112'><ele>789</ele><time>2025-07-01T06:31:03Z</time></trkpt><trkpt lat='42.860192' lon='-0.004115'><ele>788</ele><time>2025-07-01T06:31:03Z</time></trkpt><trkpt lat='42.860212999999995' lon='-0.004127'><ele>789</ele><time>2025-07-01T06:33:47Z</time></trkpt><trkpt lat='42.860233' lon='-0.004144999999999999'><ele>789</ele><time>2025-07-01T06:33:47Z</time></trkpt><trkpt lat='42.860254999999995' lon='-0.004158'><ele>789</ele><time>2025-07-01T06:36:31Z</time></trkpt><trkpt lat='42.860275' lon='-0.004158'><ele>789</ele><time>2025-07-01T06:36:31Z</time></trkpt><trkpt lat='42.860296999999996' lon='-0.004157'><ele>789</ele><time>2025-07-01T06:36:31Z</time></trkpt><trkpt lat='42.860316999999995' lon='-0.00416'><ele>790</ele><time>2025-07-01T06:39:16Z</time></trkpt><trkpt lat='42.860338' lon='-0.00417'><ele>790</ele><time>2025-07-01T06:42:00Z</time></trkpt><trkpt lat='42.860355' lon='-0.00418'><ele>791</ele><time>2025-07-01T06:42:00Z</time></trkpt><trkpt lat='42.860377' lon='-0.004188'><ele>791</ele><time>2025-07-01T06:44:45Z</time></trkpt><trkpt lat='42.860392999999995' lon='-0.0041979999999999995'><ele>791</ele><time>2025-07-01T06:44:45Z</time></trkpt><trkpt lat='42.860408' lon='-0.00421'><ele>792</ele><time>2025-07-01T06:47:29Z</time></trkpt><trkpt lat='42.860431999999996' lon='-0.004215'><ele>792</ele><time>2025-07-01T06:47:29Z</time></trkpt><trkpt lat='42.860453' lon='-0.00422'><ele>792</ele><time>2025-07-01T06:47:29Z</time></trkpt><trkpt lat='42.86047' lon='-0.004229999999999999'><ele>792</ele><time>2025-07-01T06:50:13Z</time></trkpt><trkpt lat='42.860485' lon='-0.004247'><ele>793</ele><time>2025-07-01T06:50:13Z</time></trkpt><trkpt lat='42.860515' lon='-0.004255'><ele>793</ele><time>2025-07-01T06:52:58Z</time></trkpt><trkpt lat='42.860537' lon='-0.004272'><ele>793</ele><time>2025-07-01T06:52:58Z</time></trkpt><trkpt lat='42.860557' lon='-0.0042829999999999995'><ele>793</ele><time>2025-07-01T06:55:42Z</time></trkpt><trkpt lat='42.860575' lon='-0.004295'><ele>793</ele><time>2025-07-01T06:55:42Z</time></trkpt><trkpt lat='42.860594999999996' lon='-0.004301999999999999'><ele>793</ele><time>2025-07-01T06:58:27Z</time></trkpt><trkpt lat='42.860617' lon='-0.004314999999999999'><ele>793</ele><time>2025-07-01T06:58:27Z</time></trkpt><trkpt lat='42.860638' lon='-0.00432'><ele>794</ele><time>2025-07-01T06:58:27Z</time></trkpt><trkpt lat='42.860665' lon='-0.004325'><ele>794</ele><time>2025-07-01T07:01:11Z</time></trkpt><trkpt lat='42.860682999999995' lon='-0.00432'><ele>794</ele><time>2025-07-01T07:01:11Z</time></trkpt><trkpt lat='42.86071' lon='-0.004325'><ele>794</ele><time>2025-07-01T07:03:56Z</time></trkpt><trkpt lat='42.860724999999995' lon='-0.004312'><ele>795</ele><time>2025-07-01T07:03:56Z</time></trkpt><trkpt lat='42.860748' lon='-0.00431'><ele>795</ele><time>2025-07-01T07:06:40Z</time></trkpt><trkpt lat='42.860769999999995' lon='-0.004307'><ele>796</ele><time>2025-07-01T07:06:40Z</time></trkpt><trkpt lat='42.860793' lon='-0.004297'><ele>797</ele><time>2025-07-01T07:09:24Z</time></trkpt><trkpt lat='42.860811999999996' lon='-0.004282'><ele>797</ele><time>2025-07-01T07:09:24Z</time></trkpt><trkpt lat='42.860831999999995' lon='-0.004272'><ele>797</ele><time>2025-07-01T07:12:09Z</time></trkpt><trkpt lat='42.86085' lon='-0.004262'><ele>798</ele><time>2025-07-01T07:12:09Z</time></trkpt><trkpt lat='42.860867' lon='-0.004245'><ele>799</ele><time>2025-07-01T07:12:09Z</time></trkpt><trkpt lat='42.860882' lon='-0.004235'><ele>799</ele><time>2025-07-01T07:14:53Z</time></trkpt><trkpt lat='42.860901999999996' lon='-0.004232'><ele>799</ele><time>2025-07-01T07:14:53Z</time></trkpt><trkpt lat='42.860918' lon='-0.004242'><ele>800</ele><time>2025-07-01T07:17:38Z</time></trkpt><trkpt lat='42.860946999999996' lon='-0.00424'><ele>801</ele><time>2025-07-01T07:17:38Z</time></trkpt><trkpt lat='42.860965' lon='-0.00424'><ele>801</ele><time>2025-07-01T07:20:22Z</time></trkpt><trkpt lat='42.860988' lon='-0.004242'><ele>801</ele><time>2025-07-01T07:20:22Z</time></trkpt><trkpt lat='42.861013' lon='-0.004255'><ele>801</ele><time>2025-07-01T07:20:22Z</time></trkpt><trkpt lat='42.86103' lon='-0.0042699999999999995'><ele>801</ele><time>2025-07-01T07:23:07Z</time></trkpt><trkpt lat='42.861048' lon='-0.004285'><ele>800</ele><time>2025-07-01T07:23:07Z</time></trkpt><trkpt lat='42.861072' lon='-0.004297'><ele>800</ele><time>2025-07-01T07:23:07Z</time></trkpt><trkpt lat='42.861093' lon='-0.004307'><ele>800</ele><time>2025-07-01T07:23:07Z</time></trkpt><trkpt lat='42.861121999999995' lon='-0.004312'><ele>800</ele><time>2025-07-01T07:25:51Z</time></trkpt><trkpt lat='42.861148' lon='-0.00432'><ele>800</ele><time>2025-07-01T07:25:51Z</time></trkpt><trkpt lat='42.861173' lon='-0.004332'><ele>799</ele><time>2025-07-01T07:28:35Z</time></trkpt><trkpt lat='42.861202' lon='-0.00434'><ele>799</ele><time>2025-07-01T07:28:35Z</time></trkpt><trkpt lat='42.861222' lon='-0.00435'><ele>799</ele><time>2025-07-01T07:28:35Z</time></trkpt><trkpt lat='42.861239999999995' lon='-0.00436'><ele>799</ele><time>2025-07-01T07:28:35Z</time></trkpt><trkpt lat='42.86126' lon='-0.0043619999999999996'><ele>799</ele><time>2025-07-01T07:31:20Z</time></trkpt><trkpt lat='42.861281999999996' lon='-0.00436'><ele>799</ele><time>2025-07-01T07:31:20Z</time></trkpt><trkpt lat='42.861312' lon='-0.004357'><ele>799</ele><time>2025-07-01T07:31:20Z</time></trkpt><trkpt lat='42.861332999999995' lon='-0.0043549999999999995'><ele>799</ele><time>2025-07-01T07:34:04Z</time></trkpt><trkpt lat='42.86136' lon='-0.004357'><ele>799</ele><time>2025-07-01T07:34:04Z</time></trkpt><trkpt lat='42.861377999999995' lon='-0.004357'><ele>798</ele><time>2025-07-01T07:34:04Z</time></trkpt><trkpt lat='42.861407' lon='-0.0043619999999999996'><ele>798</ele><time>2025-07-01T07:36:49Z</time></trkpt><trkpt lat='42.861427' lon='-0.00436'><ele>798</ele><time>2025-07-01T07:36:49Z</time></trkpt><trkpt lat='42.861444999999996' lon='-0.0043679999999999995'><ele>798</ele><time>2025-07-01T07:36:49Z</time></trkpt><trkpt lat='42.861464999999995' lon='-0.004386999999999999'><ele>798</ele><time>2025-07-01T07:36:49Z</time></trkpt><trkpt lat='42.861483' lon='-0.004403'><ele>797</ele><time>2025-07-01T07:39:33Z</time></trkpt><trkpt lat='42.861509999999996' lon='-0.0044269999999999995'><ele>797</ele><time>2025-07-01T07:39:33Z</time></trkpt><trkpt lat='42.861532' lon='-0.004435'><ele>796</ele><time>2025-07-01T07:39:33Z</time></trkpt><trkpt lat='42.861557999999995' lon='-0.004437'><ele>796</ele><time>2025-07-01T07:42:18Z</time></trkpt><trkpt lat='42.86158' lon='-0.0044469999999999996'><ele>796</ele><time>2025-07-01T07:42:18Z</time></trkpt><trkpt lat='42.861593' lon='-0.00447'><ele>796</ele><time>2025-07-01T07:42:18Z</time></trkpt><trkpt lat='42.861605' lon='-0.004487'><ele>796</ele><time>2025-07-01T07:42:18Z</time></trkpt><trkpt lat='42.861625' lon='-0.0045'><ele>796</ele><time>2025-07-01T07:45:02Z</time></trkpt><trkpt lat='42.861643' lon='-0.004515'><ele>795</ele><time>2025-07-01T07:45:02Z</time></trkpt><trkpt lat='42.861663' lon='-0.00453'><ele>795</ele><time>2025-07-01T07:45:02Z</time></trkpt><trkpt lat='42.861685' lon='-0.004547'><ele>795</ele><time>2025-07-01T07:47:46Z</time></trkpt><trkpt lat='42.861712' lon='-0.004567'><ele>794</ele><time>2025-07-01T07:47:46Z</time></trkpt><trkpt lat='42.861737' lon='-0.004575'><ele>793</ele><time>2025-07-01T07:47:46Z</time></trkpt><trkpt lat='42.86176' lon='-0.00458'><ele>793</ele><time>2025-07-01T07:50:31Z</time></trkpt><trkpt lat='42.861778' lon='-0.004592'><ele>793</ele><time>2025-07-01T07:50:31Z</time></trkpt><trkpt lat='42.861798' lon='-0.004607'><ele>793</ele><time>2025-07-01T07:50:31Z</time></trkpt><trkpt lat='42.861816999999995' lon='-0.004612'><ele>793</ele><time>2025-07-01T07:50:31Z</time></trkpt><trkpt lat='42.861837' lon='-0.004627'><ele>792</ele><time>2025-07-01T07:53:15Z</time></trkpt><trkpt lat='42.861855' lon='-0.004645'><ele>791</ele><time>2025-07-01T07:53:15Z</time></trkpt><trkpt lat='42.861861999999995' lon='-0.004678'><ele>791</ele><time>2025-07-01T07:53:15Z</time></trkpt><trkpt lat='42.861883' lon='-0.00471'><ele>790</ele><time>2025-07-01T07:56:00Z</time></trkpt><trkpt lat='42.861909999999995' lon='-0.004725'><ele>789</ele><time>2025-07-01T07:58:44Z</time></trkpt><trkpt lat='42.861934999999995' lon='-0.004737'><ele>788</ele><time>2025-07-01T07:58:44Z</time></trkpt><trkpt lat='42.861958' lon='-0.004757'><ele>788</ele><time>2025-07-01T07:58:44Z</time></trkpt><trkpt lat='42.861979999999996' lon='-0.004775'><ele>788</ele><time>2025-07-01T08:01:28Z</time></trkpt><trkpt lat='42.862004999999996' lon='-0.00479'><ele>787</ele><time>2025-07-01T08:01:28Z</time></trkpt><trkpt lat='42.862038' lon='-0.0048119999999999994'><ele>787</ele><time>2025-07-01T08:01:28Z</time></trkpt><trkpt lat='42.862063' lon='-0.004824999999999999'><ele>787</ele><time>2025-07-01T08:04:13Z</time></trkpt><trkpt lat='42.862095' lon='-0.004833'><ele>786</ele><time>2025-07-01T08:04:13Z</time></trkpt><trkpt lat='42.86212' lon='-0.004842'><ele>786</ele><time>2025-07-01T08:04:13Z</time></trkpt><trkpt lat='42.862147' lon='-0.004855'><ele>786</ele><time>2025-07-01T08:06:57Z</time></trkpt><trkpt lat='42.862175' lon='-0.004867'><ele>786</ele><time>2025-07-01T08:06:57Z</time></trkpt><trkpt lat='42.8622' lon='-0.004875'><ele>786</ele><time>2025-07-01T08:06:57Z</time></trkpt><trkpt lat='42.862227' lon='-0.004885'><ele>786</ele><time>2025-07-01T08:06:57Z</time></trkpt><trkpt lat='42.862252' lon='-0.0048969999999999994'><ele>786</ele><time>2025-07-01T08:09:42Z</time></trkpt><trkpt lat='42.862275' lon='-0.004907'><ele>786</ele><time>2025-07-01T08:09:42Z</time></trkpt><trkpt lat='42.862293' lon='-0.004927'><ele>786</ele><time>2025-07-01T08:09:42Z</time></trkpt><trkpt lat='42.862313' lon='-0.004941999999999999'><ele>786</ele><time>2025-07-01T08:09:42Z</time></trkpt><trkpt lat='42.862322' lon='-0.004967'><ele>785</ele><time>2025-07-01T08:12:26Z</time></trkpt><trkpt lat='42.862338' lon='-0.00499'><ele>784</ele><time>2025-07-01T08:12:26Z</time></trkpt><trkpt lat='42.862358' lon='-0.00501'><ele>784</ele><time>2025-07-01T08:12:26Z</time></trkpt><trkpt lat='42.862373' lon='-0.00502'><ele>783</ele><time>2025-07-01T08:12:26Z</time></trkpt><trkpt lat='42.862393' lon='-0.00503'><ele>782</ele><time>2025-07-01T08:15:11Z</time></trkpt><trkpt lat='42.862404999999995' lon='-0.005046999999999999'><ele>782</ele><time>2025-07-01T08:15:11Z</time></trkpt><trkpt lat='42.862421999999995' lon='-0.005059999999999999'><ele>781</ele><time>2025-07-01T08:15:11Z</time></trkpt><trkpt lat='42.86244' lon='-0.0050799999999999994'><ele>780</ele><time>2025-07-01T08:15:11Z</time></trkpt><trkpt lat='42.86246' lon='-0.005097'><ele>780</ele><time>2025-07-01T08:17:55Z</time></trkpt><trkpt lat='42.86248' lon='-0.005111999999999999'><ele>779</ele><time>2025-07-01T08:17:55Z</time></trkpt><trkpt lat='42.862497999999995' lon='-0.0051199999999999996'><ele>779</ele><time>2025-07-01T08:20:39Z</time></trkpt><trkpt lat='42.862518' lon='-0.005131999999999999'><ele>778</ele><time>2025-07-01T08:20:39Z</time></trkpt><trkpt lat='42.86255' lon='-0.005147'><ele>778</ele><time>2025-07-01T08:23:24Z</time></trkpt><trkpt lat='42.862578' lon='-0.00515'><ele>778</ele><time>2025-07-01T08:23:24Z</time></trkpt><trkpt lat='42.86261' lon='-0.005147'><ele>778</ele><time>2025-07-01T08:26:08Z</time></trkpt><trkpt lat='42.862629999999996' lon='-0.00514'><ele>777</ele><time>2025-07-01T08:26:08Z</time></trkpt><trkpt lat='42.862655' lon='-0.00513'><ele>777</ele><time>2025-07-01T08:26:08Z</time></trkpt><trkpt lat='42.862677999999995' lon='-0.005124999999999999'><ele>778</ele><time>2025-07-01T08:28:53Z</time></trkpt><trkpt lat='42.862693' lon='-0.005137'><ele>778</ele><time>2025-07-01T08:28:53Z</time></trkpt><trkpt lat='42.862713' lon='-0.00516'><ele>778</ele><time>2025-07-01T08:28:53Z</time></trkpt><trkpt lat='42.862732' lon='-0.0051849999999999995'><ele>778</ele><time>2025-07-01T08:31:37Z</time></trkpt><trkpt lat='42.862752' lon='-0.005212'><ele>778</ele><time>2025-07-01T08:31:37Z</time></trkpt><trkpt lat='42.862777' lon='-0.005227'><ele>778</ele><time>2025-07-01T08:34:22Z</time></trkpt><trkpt lat='42.8628' lon='-0.005242999999999999'><ele>778</ele><time>2025-07-01T08:34:22Z</time></trkpt><trkpt lat='42.862818' lon='-0.0052569999999999995'><ele>778</ele><time>2025-07-01T08:34:22Z</time></trkpt><trkpt lat='42.862835' lon='-0.005275'><ele>778</ele><time>2025-07-01T08:37:06Z</time></trkpt><trkpt lat='42.86286' lon='-0.00528'><ele>778</ele><time>2025-07-01T08:37:06Z</time></trkpt><trkpt lat='42.86288' lon='-0.005292'><ele>778</ele><time>2025-07-01T08:37:06Z</time></trkpt><trkpt lat='42.862898' lon='-0.0053'><ele>778</ele><time>2025-07-01T08:39:50Z</time></trkpt><trkpt lat='42.862915' lon='-0.005314999999999999'><ele>778</ele><time>2025-07-01T08:39:50Z</time></trkpt><trkpt lat='42.862933' lon='-0.005332'><ele>779</ele><time>2025-07-01T08:39:50Z</time></trkpt><trkpt lat='42.86295' lon='-0.0053549999999999995'><ele>779</ele><time>2025-07-01T08:42:35Z</time></trkpt><trkpt lat='42.862967999999995' lon='-0.005372'><ele>779</ele><time>2025-07-01T08:42:35Z</time></trkpt><trkpt lat='42.862988' lon='-0.0054069999999999995'><ele>780</ele><time>2025-07-01T08:45:19Z</time></trkpt><trkpt lat='42.863' lon='-0.005437'><ele>780</ele><time>2025-07-01T08:45:19Z</time></trkpt><trkpt lat='42.863012999999995' lon='-0.005464999999999999'><ele>780</ele><time>2025-07-01T08:45:19Z</time></trkpt><trkpt lat='42.86302' lon='-0.005495'><ele>780</ele><time>2025-07-01T08:48:04Z</time></trkpt><trkpt lat='42.863033' lon='-0.005529999999999999'><ele>780</ele><time>2025-07-01T08:48:04Z</time></trkpt><trkpt lat='42.863033' lon='-0.00558'><ele>780</ele><time>2025-07-01T08:50:48Z</time></trkpt><trkpt lat='42.863017' lon='-0.005617'><ele>780</ele><time>2025-07-01T08:50:48Z</time></trkpt><trkpt lat='42.863029999999995' lon='-0.00565'><ele>780</ele><time>2025-07-01T08:53:32Z</time></trkpt><trkpt lat='42.86304' lon='-0.00568'><ele>780</ele><time>2025-07-01T08:53:32Z</time></trkpt><trkpt lat='42.863048' lon='-0.005712999999999999'><ele>780</ele><time>2025-07-01T08:53:32Z</time></trkpt><trkpt lat='42.863051999999996' lon='-0.005752'><ele>780</ele><time>2025-07-01T08:56:17Z</time></trkpt><trkpt lat='42.863051999999996' lon='-0.005787'><ele>780</ele><time>2025-07-01T08:56:17Z</time></trkpt><trkpt lat='42.863048' lon='-0.005822'><ele>780</ele><time>2025-07-01T08:59:01Z</time></trkpt><trkpt lat='42.863042' lon='-0.005855'><ele>780</ele><time>2025-07-01T08:59:01Z</time></trkpt><trkpt lat='42.863042' lon='-0.005882999999999999'><ele>780</ele><time>2025-07-01T08:59:01Z</time></trkpt><trkpt lat='42.863054999999996' lon='-0.005915'><ele>780</ele><time>2025-07-01T09:01:46Z</time></trkpt><trkpt lat='42.863062' lon='-0.0059499999999999996'><ele>780</ele><time>2025-07-01T09:01:46Z</time></trkpt><trkpt lat='42.863068' lon='-0.005985'><ele>780</ele><time>2025-07-01T09:04:30Z</time></trkpt><trkpt lat='42.863074999999995' lon='-0.006019999999999999'><ele>779</ele><time>2025-07-01T09:04:30Z</time></trkpt><trkpt lat='42.86308' lon='-0.006055'><ele>779</ele><time>2025-07-01T09:07:15Z</time></trkpt><trkpt lat='42.863093' lon='-0.0060869999999999995'><ele>779</ele><time>2025-07-01T09:07:15Z</time></trkpt><trkpt lat='42.86311' lon='-0.006115'><ele>779</ele><time>2025-07-01T09:07:15Z</time></trkpt><trkpt lat='42.863116999999995' lon='-0.00614'><ele>779</ele><time>2025-07-01T09:09:59Z</time></trkpt><trkpt lat='42.863127999999996' lon='-0.006167'><ele>779</ele><time>2025-07-01T09:09:59Z</time></trkpt><trkpt lat='42.863135' lon='-0.006205'><ele>780</ele><time>2025-07-01T09:09:59Z</time></trkpt><trkpt lat='42.863138' lon='-0.006235'><ele>780</ele><time>2025-07-01T09:12:43Z</time></trkpt><trkpt lat='42.863152' lon='-0.006268'><ele>780</ele><time>2025-07-01T09:12:43Z</time></trkpt><trkpt lat='42.86316' lon='-0.006297'><ele>779</ele><time>2025-07-01T09:15:28Z</time></trkpt><trkpt lat='42.86317' lon='-0.006325'><ele>779</ele><time>2025-07-01T09:15:28Z</time></trkpt><trkpt lat='42.863172999999996' lon='-0.006352'><ele>779</ele><time>2025-07-01T09:15:28Z</time></trkpt><trkpt lat='42.863177' lon='-0.006379999999999999'><ele>779</ele><time>2025-07-01T09:18:12Z</time></trkpt><trkpt lat='42.863192999999995' lon='-0.006411999999999999'><ele>778</ele><time>2025-07-01T09:18:12Z</time></trkpt><trkpt lat='42.863212' lon='-0.006437'><ele>778</ele><time>2025-07-01T09:18:12Z</time></trkpt><trkpt lat='42.863231999999996' lon='-0.006457999999999999'><ele>778</ele><time>2025-07-01T09:20:57Z</time></trkpt><trkpt lat='42.863253' lon='-0.006477999999999999'><ele>778</ele><time>2025-07-01T09:20:57Z</time></trkpt><trkpt lat='42.86327' lon='-0.006507'><ele>777</ele><time>2025-07-01T09:23:41Z</time></trkpt><trkpt lat='42.863285' lon='-0.006532'><ele>777</ele><time>2025-07-01T09:23:41Z</time></trkpt><trkpt lat='42.863295' lon='-0.00656'><ele>777</ele><time>2025-07-01T09:23:41Z</time></trkpt><trkpt lat='42.863315' lon='-0.0065899999999999995'><ele>776</ele><time>2025-07-01T09:26:26Z</time></trkpt><trkpt lat='42.863337' lon='-0.006612'><ele>776</ele><time>2025-07-01T09:26:26Z</time></trkpt><trkpt lat='42.863357' lon='-0.006634999999999999'><ele>776</ele><time>2025-07-01T09:29:10Z</time></trkpt><trkpt lat='42.863375' lon='-0.00666'><ele>776</ele><time>2025-07-01T09:29:10Z</time></trkpt><trkpt lat='42.863398' lon='-0.006677'><ele>776</ele><time>2025-07-01T09:31:54Z</time></trkpt><trkpt lat='42.863427' lon='-0.006686999999999999'><ele>776</ele><time>2025-07-01T09:31:54Z</time></trkpt><trkpt lat='42.863451999999995' lon='-0.006685'><ele>775</ele><time>2025-07-01T09:31:54Z</time></trkpt><trkpt lat='42.863478' lon='-0.0066879999999999995'><ele>775</ele><time>2025-07-01T09:34:39Z</time></trkpt><trkpt lat='42.863503' lon='-0.006697'><ele>775</ele><time>2025-07-01T09:34:39Z</time></trkpt><trkpt lat='42.863527999999995' lon='-0.006706999999999999'><ele>775</ele><time>2025-07-01T09:37:23Z</time></trkpt><trkpt lat='42.863548' lon='-0.006719999999999999'><ele>775</ele><time>2025-07-01T09:37:23Z</time></trkpt><trkpt lat='42.863577' lon='-0.00673'><ele>776</ele><time>2025-07-01T09:37:23Z</time></trkpt><trkpt lat='42.863605' lon='-0.006737'><ele>776</ele><time>2025-07-01T09:40:08Z</time></trkpt><trkpt lat='42.863625' lon='-0.006757'><ele>775</ele><time>2025-07-01T09:40:08Z</time></trkpt><trkpt lat='42.863637999999995' lon='-0.006775'><ele>775</ele><time>2025-07-01T09:42:52Z</time></trkpt><trkpt lat='42.863653' lon='-0.006795'><ele>775</ele><time>2025-07-01T09:42:52Z</time></trkpt><trkpt lat='42.863676999999996' lon='-0.006813'><ele>775</ele><time>2025-07-01T09:42:52Z</time></trkpt><trkpt lat='42.863695' lon='-0.006827'><ele>776</ele><time>2025-07-01T09:45:37Z</time></trkpt><trkpt lat='42.863715' lon='-0.006849999999999999'><ele>776</ele><time>2025-07-01T09:45:37Z</time></trkpt><trkpt lat='42.863732999999996' lon='-0.006875'><ele>776</ele><time>2025-07-01T09:45:37Z</time></trkpt><trkpt lat='42.863749999999996' lon='-0.0069'><ele>776</ele><time>2025-07-01T09:48:21Z</time></trkpt><trkpt lat='42.863772' lon='-0.00692'><ele>776</ele><time>2025-07-01T09:48:21Z</time></trkpt><trkpt lat='42.863794999999996' lon='-0.006945'><ele>776</ele><time>2025-07-01T09:51:05Z</time></trkpt><trkpt lat='42.863813' lon='-0.00697'><ele>776</ele><time>2025-07-01T09:51:05Z</time></trkpt><trkpt lat='42.863833' lon='-0.0069949999999999995'><ele>776</ele><time>2025-07-01T09:53:50Z</time></trkpt><trkpt lat='42.863852' lon='-0.0070149999999999995'><ele>775</ele><time>2025-07-01T09:53:50Z</time></trkpt><trkpt lat='42.863872' lon='-0.007042'><ele>775</ele><time>2025-07-01T09:53:50Z</time></trkpt><trkpt lat='42.86389' lon='-0.00707'><ele>775</ele><time>2025-07-01T09:56:34Z</time></trkpt><trkpt lat='42.863917' lon='-0.007084999999999999'><ele>775</ele><time>2025-07-01T09:56:34Z</time></trkpt><trkpt lat='42.863942' lon='-0.007104999999999999'><ele>775</ele><time>2025-07-01T09:59:19Z</time></trkpt><trkpt lat='42.863963' lon='-0.007124999999999999'><ele>774</ele><time>2025-07-01T09:59:19Z</time></trkpt><trkpt lat='42.863986999999995' lon='-0.00714'><ele>774</ele><time>2025-07-01T10:02:03Z</time></trkpt><trkpt lat='42.864005' lon='-0.00716'><ele>774</ele><time>2025-07-01T10:02:03Z</time></trkpt><trkpt lat='42.864031999999995' lon='-0.007169999999999999'><ele>774</ele><time>2025-07-01T10:02:03Z</time></trkpt><trkpt lat='42.864053' lon='-0.0071779999999999995'><ele>774</ele><time>2025-07-01T10:04:47Z</time></trkpt><trkpt lat='42.86408' lon='-0.007189999999999999'><ele>774</ele><time>2025-07-01T10:04:47Z</time></trkpt><trkpt lat='42.864101999999995' lon='-0.0072'><ele>774</ele><time>2025-07-01T10:04:47Z</time></trkpt><trkpt lat='42.864129999999996' lon='-0.007207'><ele>774</ele><time>2025-07-01T10:07:32Z</time></trkpt><trkpt lat='42.864152999999995' lon='-0.00722'><ele>774</ele><time>2025-07-01T10:07:32Z</time></trkpt><trkpt lat='42.864177999999995' lon='-0.0072299999999999994'><ele>773</ele><time>2025-07-01T10:10:16Z</time></trkpt><trkpt lat='42.8642' lon='-0.007234999999999999'><ele>773</ele><time>2025-07-01T10:10:16Z</time></trkpt><trkpt lat='42.864222999999996' lon='-0.0072499999999999995'><ele>772</ele><time>2025-07-01T10:10:16Z</time></trkpt><trkpt lat='42.864239999999995' lon='-0.0072699999999999996'><ele>772</ele><time>2025-07-01T10:13:01Z</time></trkpt><trkpt lat='42.864262' lon='-0.007281999999999999'><ele>772</ele><time>2025-07-01T10:13:01Z</time></trkpt><trkpt lat='42.864287' lon='-0.007294999999999999'><ele>771</ele><time>2025-07-01T10:15:45Z</time></trkpt><trkpt lat='42.864309999999996' lon='-0.007306999999999999'><ele>771</ele><time>2025-07-01T10:15:45Z</time></trkpt><trkpt lat='42.864332' lon='-0.00731'><ele>770</ele><time>2025-07-01T10:15:45Z</time></trkpt><trkpt lat='42.864352' lon='-0.007307999999999999'><ele>770</ele><time>2025-07-01T10:18:30Z</time></trkpt><trkpt lat='42.86438' lon='-0.0073149999999999995'><ele>769</ele><time>2025-07-01T10:18:30Z</time></trkpt><trkpt lat='42.864408' lon='-0.007319999999999999'><ele>769</ele><time>2025-07-01T10:21:14Z</time></trkpt><trkpt lat='42.864438' lon='-0.007325'><ele>769</ele><time>2025-07-01T10:21:14Z</time></trkpt><trkpt lat='42.864467' lon='-0.007332'><ele>769</ele><time>2025-07-01T10:21:14Z</time></trkpt><trkpt lat='42.864484999999995' lon='-0.00733'><ele>769</ele><time>2025-07-01T10:23:58Z</time></trkpt><trkpt lat='42.864518' lon='-0.00733'><ele>769</ele><time>2025-07-01T10:23:58Z</time></trkpt><trkpt lat='42.86454' lon='-0.007325'><ele>769</ele><time>2025-07-01T10:26:43Z</time></trkpt><trkpt lat='42.86456' lon='-0.00733'><ele>770</ele><time>2025-07-01T10:26:43Z</time></trkpt><trkpt lat='42.864585' lon='-0.007343'><ele>770</ele><time>2025-07-01T10:26:43Z</time></trkpt><trkpt lat='42.864607' lon='-0.0073549999999999996'><ele>771</ele><time>2025-07-01T10:29:27Z</time></trkpt><trkpt lat='42.864627' lon='-0.007372999999999999'><ele>771</ele><time>2025-07-01T10:29:27Z</time></trkpt><trkpt lat='42.864644999999996' lon='-0.007397'><ele>771</ele><time>2025-07-01T10:32:12Z</time></trkpt><trkpt lat='42.864664999999995' lon='-0.0074199999999999995'><ele>771</ele><time>2025-07-01T10:32:12Z</time></trkpt><trkpt lat='42.864686999999996' lon='-0.0074399999999999996'><ele>770</ele><time>2025-07-01T10:32:12Z</time></trkpt><trkpt lat='42.864709999999995' lon='-0.007451999999999999'><ele>770</ele><time>2025-07-01T10:34:56Z</time></trkpt><trkpt lat='42.864742' lon='-0.007464999999999999'><ele>769</ele><time>2025-07-01T10:34:56Z</time></trkpt><trkpt lat='42.864767' lon='-0.007473'><ele>769</ele><time>2025-07-01T10:37:41Z</time></trkpt><trkpt lat='42.86479' lon='-0.007476999999999999'><ele>769</ele><time>2025-07-01T10:37:41Z</time></trkpt><trkpt lat='42.864815' lon='-0.0074849999999999995'><ele>769</ele><time>2025-07-01T10:37:41Z</time></trkpt><trkpt lat='42.864838' lon='-0.0074919999999999995'><ele>769</ele><time>2025-07-01T10:40:25Z</time></trkpt><trkpt lat='42.864857' lon='-0.007489999999999999'><ele>769</ele><time>2025-07-01T10:40:25Z</time></trkpt><trkpt lat='42.86488' lon='-0.007496999999999999'><ele>768</ele><time>2025-07-01T10:40:25Z</time></trkpt><trkpt lat='42.864905' lon='-0.0075'><ele>768</ele><time>2025-07-01T10:43:09Z</time></trkpt><trkpt lat='42.864933' lon='-0.007502'><ele>767</ele><time>2025-07-01T10:43:09Z</time></trkpt><trkpt lat='42.864962' lon='-0.0075'><ele>767</ele><time>2025-07-01T10:45:54Z</time></trkpt><trkpt lat='42.864988' lon='-0.007502'><ele>766</ele><time>2025-07-01T10:45:54Z</time></trkpt><trkpt lat='42.865016999999995' lon='-0.007507'><ele>766</ele><time>2025-07-01T10:45:54Z</time></trkpt><trkpt lat='42.865041999999995' lon='-0.0075179999999999995'><ele>765</ele><time>2025-07-01T10:48:38Z</time></trkpt><trkpt lat='42.865068' lon='-0.007535'><ele>765</ele><time>2025-07-01T10:48:38Z</time></trkpt><trkpt lat='42.865086999999995' lon='-0.0075379999999999996'><ele>764</ele><time>2025-07-01T10:48:38Z</time></trkpt><trkpt lat='42.865117' lon='-0.007547'><ele>764</ele><time>2025-07-01T10:51:23Z</time></trkpt><trkpt lat='42.865145' lon='-0.007549999999999999'><ele>764</ele><time>2025-07-01T10:51:23Z</time></trkpt><trkpt lat='42.865173' lon='-0.007545'><ele>763</ele><time>2025-07-01T10:54:07Z</time></trkpt><trkpt lat='42.8652' lon='-0.007535'><ele>762</ele><time>2025-07-01T10:54:07Z</time></trkpt><trkpt lat='42.865221999999996' lon='-0.007529999999999999'><ele>762</ele><time>2025-07-01T10:54:07Z</time></trkpt><trkpt lat='42.865243' lon='-0.007536999999999999'><ele>762</ele><time>2025-07-01T10:54:07Z</time></trkpt><trkpt lat='42.865277' lon='-0.007532'><ele>763</ele><time>2025-07-01T10:56:51Z</time></trkpt><trkpt lat='42.865305' lon='-0.007535'><ele>763</ele><time>2025-07-01T10:56:51Z</time></trkpt><trkpt lat='42.865323' lon='-0.007535'><ele>762</ele><time>2025-07-01T10:59:36Z</time></trkpt><trkpt lat='42.86535' lon='-0.007535'><ele>762</ele><time>2025-07-01T10:59:36Z</time></trkpt><trkpt lat='42.865375' lon='-0.0075379999999999996'><ele>762</ele><time>2025-07-01T10:59:36Z</time></trkpt><trkpt lat='42.8654' lon='-0.007547'><ele>762</ele><time>2025-07-01T11:02:20Z</time></trkpt><trkpt lat='42.865429999999996' lon='-0.00756'><ele>762</ele><time>2025-07-01T11:02:20Z</time></trkpt><trkpt lat='42.865462' lon='-0.0075699999999999995'><ele>762</ele><time>2025-07-01T11:02:20Z</time></trkpt><trkpt lat='42.86549' lon='-0.0075699999999999995'><ele>762</ele><time>2025-07-01T11:05:05Z</time></trkpt><trkpt lat='42.865517' lon='-0.007574999999999999'><ele>762</ele><time>2025-07-01T11:05:05Z</time></trkpt><trkpt lat='42.865542' lon='-0.0075769999999999995'><ele>762</ele><time>2025-07-01T11:07:49Z</time></trkpt><trkpt lat='42.86557' lon='-0.007574999999999999'><ele>762</ele><time>2025-07-01T11:07:49Z</time></trkpt><trkpt lat='42.865597' lon='-0.00758'><ele>762</ele><time>2025-07-01T11:07:49Z</time></trkpt><trkpt lat='42.865628' lon='-0.0075829999999999995'><ele>762</ele><time>2025-07-01T11:10:34Z</time></trkpt><trkpt lat='42.865649999999995' lon='-0.007585'><ele>761</ele><time>2025-07-01T11:10:34Z</time></trkpt><trkpt lat='42.86568' lon='-0.007585'><ele>760</ele><time>2025-07-01T11:10:34Z</time></trkpt><trkpt lat='42.865708' lon='-0.007585'><ele>760</ele><time>2025-07-01T11:13:18Z</time></trkpt><trkpt lat='42.865736999999996' lon='-0.0075899999999999995'><ele>760</ele><time>2025-07-01T11:13:18Z</time></trkpt><trkpt lat='42.865762' lon='-0.007592'><ele>760</ele><time>2025-07-01T11:13:18Z</time></trkpt><trkpt lat='42.865795' lon='-0.007594999999999999'><ele>759</ele><time>2025-07-01T11:16:02Z</time></trkpt><trkpt lat='42.86582' lon='-0.0076'><ele>759</ele><time>2025-07-01T11:16:02Z</time></trkpt><trkpt lat='42.865842' lon='-0.007601999999999999'><ele>759</ele><time>2025-07-01T11:18:47Z</time></trkpt><trkpt lat='42.865868' lon='-0.00761'><ele>759</ele><time>2025-07-01T11:18:47Z</time></trkpt><trkpt lat='42.86589' lon='-0.007626999999999999'><ele>758</ele><time>2025-07-01T11:18:47Z</time></trkpt><trkpt lat='42.865916999999996' lon='-0.007638'><ele>758</ele><time>2025-07-01T11:21:31Z</time></trkpt><trkpt lat='42.865942' lon='-0.0076419999999999995'><ele>757</ele><time>2025-07-01T11:21:31Z</time></trkpt><trkpt lat='42.865973' lon='-0.0076419999999999995'><ele>757</ele><time>2025-07-01T11:24:16Z</time></trkpt><trkpt lat='42.866005' lon='-0.007645'><ele>757</ele><time>2025-07-01T11:24:16Z</time></trkpt><trkpt lat='42.866032' lon='-0.007638'><ele>757</ele><time>2025-07-01T11:27:00Z</time></trkpt><trkpt lat='42.86606' lon='-0.00763'><ele>757</ele><time>2025-07-01T11:27:00Z</time></trkpt><trkpt lat='42.866091999999995' lon='-0.0076219999999999994'><ele>757</ele><time>2025-07-01T11:29:45Z</time></trkpt><trkpt lat='42.866118' lon='-0.007617'><ele>757</ele><time>2025-07-01T11:29:45Z</time></trkpt><trkpt lat='42.86615' lon='-0.007617'><ele>758</ele><time>2025-07-01T11:32:29Z</time></trkpt><trkpt lat='42.866175' lon='-0.007617'><ele>757</ele><time>2025-07-01T11:32:29Z</time></trkpt><trkpt lat='42.866203' lon='-0.00761'><ele>757</ele><time>2025-07-01T11:35:13Z</time></trkpt><trkpt lat='42.86623' lon='-0.007594999999999999'><ele>758</ele><time>2025-07-01T11:35:13Z</time></trkpt><trkpt lat='42.866254999999995' lon='-0.00758'><ele>758</ele><time>2025-07-01T11:37:58Z</time></trkpt><trkpt lat='42.866287' lon='-0.007565'><ele>758</ele><time>2025-07-01T11:37:58Z</time></trkpt><trkpt lat='42.866316999999995' lon='-0.007565'><ele>758</ele><time>2025-07-01T11:40:42Z</time></trkpt><trkpt lat='42.866344999999995' lon='-0.007565'><ele>758</ele><time>2025-07-01T11:40:42Z</time></trkpt><trkpt lat='42.866369999999996' lon='-0.007565'><ele>758</ele><time>2025-07-01T11:40:42Z</time></trkpt><trkpt lat='42.866392999999995' lon='-0.0075699999999999995'><ele>758</ele><time>2025-07-01T11:43:27Z</time></trkpt><trkpt lat='42.866412' lon='-0.007572'><ele>758</ele><time>2025-07-01T11:43:27Z</time></trkpt><trkpt lat='42.866437999999995' lon='-0.007565'><ele>758</ele><time>2025-07-01T11:43:27Z</time></trkpt><trkpt lat='42.86647' lon='-0.0075569999999999995'><ele>758</ele><time>2025-07-01T11:46:11Z</time></trkpt><trkpt lat='42.866502' lon='-0.00756'><ele>758</ele><time>2025-07-01T11:46:11Z</time></trkpt><trkpt lat='42.866523' lon='-0.007567'><ele>759</ele><time>2025-07-01T11:48:55Z</time></trkpt><trkpt lat='42.866547' lon='-0.00758'><ele>759</ele><time>2025-07-01T11:48:55Z</time></trkpt><trkpt lat='42.866572' lon='-0.0075899999999999995'><ele>759</ele><time>2025-07-01T11:51:40Z</time></trkpt><trkpt lat='42.8666' lon='-0.0076'><ele>759</ele><time>2025-07-01T11:51:40Z</time></trkpt><trkpt lat='42.86663' lon='-0.007597'><ele>759</ele><time>2025-07-01T11:51:40Z</time></trkpt><trkpt lat='42.866655' lon='-0.0076'><ele>759</ele><time>2025-07-01T11:54:24Z</time></trkpt><trkpt lat='42.866687' lon='-0.0076'><ele>759</ele><time>2025-07-01T11:54:24Z</time></trkpt><trkpt lat='42.866713' lon='-0.0076029999999999995'><ele>759</ele><time>2025-07-01T11:57:09Z</time></trkpt><trkpt lat='42.866741999999995' lon='-0.007607'><ele>759</ele><time>2025-07-01T11:57:09Z</time></trkpt><trkpt lat='42.866766999999996' lon='-0.007614999999999999'><ele>759</ele><time>2025-07-01T11:59:53Z</time></trkpt><trkpt lat='42.866786999999995' lon='-0.00763'><ele>759</ele><time>2025-07-01T11:59:53Z</time></trkpt><trkpt lat='42.866808' lon='-0.007646999999999999'><ele>759</ele><time>2025-07-01T11:59:53Z</time></trkpt><trkpt lat='42.866831999999995' lon='-0.00767'><ele>759</ele><time>2025-07-01T12:02:38Z</time></trkpt><trkpt lat='42.866853' lon='-0.007685'><ele>759</ele><time>2025-07-01T12:02:38Z</time></trkpt><trkpt lat='42.866882' lon='-0.007697'><ele>759</ele><time>2025-07-01T12:05:22Z</time></trkpt><trkpt lat='42.866907999999995' lon='-0.00771'><ele>760</ele><time>2025-07-01T12:05:22Z</time></trkpt><trkpt lat='42.866932999999996' lon='-0.007724999999999999'><ele>760</ele><time>2025-07-01T12:05:22Z</time></trkpt><trkpt lat='42.866962' lon='-0.00773'><ele>760</ele><time>2025-07-01T12:08:06Z</time></trkpt><trkpt lat='42.866991999999996' lon='-0.0077269999999999995'><ele>760</ele><time>2025-07-01T12:08:06Z</time></trkpt><trkpt lat='42.86702' lon='-0.00773'><ele>760</ele><time>2025-07-01T12:10:51Z</time></trkpt><trkpt lat='42.867045' lon='-0.007731999999999999'><ele>760</ele><time>2025-07-01T12:10:51Z</time></trkpt><trkpt lat='42.867067999999996' lon='-0.007735'><ele>760</ele><time>2025-07-01T12:13:35Z</time></trkpt><trkpt lat='42.867093' lon='-0.007742'><ele>760</ele><time>2025-07-01T12:13:35Z</time></trkpt><trkpt lat='42.86712' lon='-0.00775'><ele>760</ele><time>2025-07-01T12:13:35Z</time></trkpt><trkpt lat='42.867142' lon='-0.007755'><ele>760</ele><time>2025-07-01T12:16:20Z</time></trkpt><trkpt lat='42.867166999999995' lon='-0.007762'><ele>760</ele><time>2025-07-01T12:16:20Z</time></trkpt><trkpt lat='42.867193' lon='-0.007768'><ele>760</ele><time>2025-07-01T12:19:04Z</time></trkpt><trkpt lat='42.867225' lon='-0.007775'><ele>760</ele><time>2025-07-01T12:19:04Z</time></trkpt><trkpt lat='42.86725' lon='-0.0077919999999999994'><ele>760</ele><time>2025-07-01T12:19:04Z</time></trkpt><trkpt lat='42.867277' lon='-0.0078'><ele>760</ele><time>2025-07-01T12:21:49Z</time></trkpt><trkpt lat='42.867301999999995' lon='-0.007807'><ele>761</ele><time>2025-07-01T12:21:49Z</time></trkpt><trkpt lat='42.867329999999995' lon='-0.007809999999999999'><ele>761</ele><time>2025-07-01T12:24:33Z</time></trkpt><trkpt lat='42.867362' lon='-0.007821999999999999'><ele>761</ele><time>2025-07-01T12:24:33Z</time></trkpt><trkpt lat='42.867391999999995' lon='-0.007832'><ele>761</ele><time>2025-07-01T12:27:17Z</time></trkpt><trkpt lat='42.867419999999996' lon='-0.007835'><ele>761</ele><time>2025-07-01T12:27:17Z</time></trkpt><trkpt lat='42.867445' lon='-0.007835'><ele>761</ele><time>2025-07-01T12:30:02Z</time></trkpt><trkpt lat='42.867467999999995' lon='-0.007852999999999999'><ele>761</ele><time>2025-07-01T12:30:02Z</time></trkpt><trkpt lat='42.867497' lon='-0.007859999999999999'><ele>761</ele><time>2025-07-01T12:30:02Z</time></trkpt><trkpt lat='42.867522' lon='-0.007859999999999999'><ele>761</ele><time>2025-07-01T12:32:46Z</time></trkpt><trkpt lat='42.867554999999996' lon='-0.007863'><ele>762</ele><time>2025-07-01T12:32:46Z</time></trkpt><trkpt lat='42.867577' lon='-0.007866999999999999'><ele>762</ele><time>2025-07-01T12:35:31Z</time></trkpt><trkpt lat='42.867602' lon='-0.007871999999999999'><ele>762</ele><time>2025-07-01T12:35:31Z</time></trkpt><trkpt lat='42.867635' lon='-0.007882'><ele>762</ele><time>2025-07-01T12:38:15Z</time></trkpt><trkpt lat='42.86766' lon='-0.007887'><ele>762</ele><time>2025-07-01T12:38:15Z</time></trkpt><trkpt lat='42.867685' lon='-0.007899999999999999'><ele>762</ele><time>2025-07-01T12:38:15Z</time></trkpt><trkpt lat='42.867715' lon='-0.007915'><ele>762</ele><time>2025-07-01T12:41:00Z</time></trkpt><trkpt lat='42.867737' lon='-0.007928'><ele>762</ele><time>2025-07-01T12:41:00Z</time></trkpt><trkpt lat='42.867757999999995' lon='-0.007947'><ele>762</ele><time>2025-07-01T12:43:44Z</time></trkpt><trkpt lat='42.867782' lon='-0.007963'><ele>762</ele><time>2025-07-01T12:43:44Z</time></trkpt><trkpt lat='42.867807' lon='-0.007982'><ele>763</ele><time>2025-07-01T12:46:28Z</time></trkpt><trkpt lat='42.867837' lon='-0.008'><ele>763</ele><time>2025-07-01T12:46:28Z</time></trkpt><trkpt lat='42.867861999999995' lon='-0.008015'><ele>763</ele><time>2025-07-01T12:49:13Z</time></trkpt><trkpt lat='42.86788' lon='-0.008017'><ele>763</ele><time>2025-07-01T12:49:13Z</time></trkpt><trkpt lat='42.867903' lon='-0.008017'><ele>763</ele><time>2025-07-01T12:49:13Z</time></trkpt><trkpt lat='42.867934999999996' lon='-0.008012'><ele>763</ele><time>2025-07-01T12:51:57Z</time></trkpt><trkpt lat='42.86796' lon='-0.008008'><ele>763</ele><time>2025-07-01T12:51:57Z</time></trkpt><trkpt lat='42.867996999999995' lon='-0.008007'><ele>763</ele><time>2025-07-01T12:54:42Z</time></trkpt><trkpt lat='42.868021999999996' lon='-0.008015'><ele>763</ele><time>2025-07-01T12:54:42Z</time></trkpt><trkpt lat='42.868043' lon='-0.008032'><ele>763</ele><time>2025-07-01T12:54:42Z</time></trkpt><trkpt lat='42.868063' lon='-0.008062'><ele>764</ele><time>2025-07-01T12:57:26Z</time></trkpt><trkpt lat='42.86808' lon='-0.0081'><ele>764</ele><time>2025-07-01T12:57:26Z</time></trkpt><trkpt lat='42.868102' lon='-0.008132'><ele>764</ele><time>2025-07-01T13:00:10Z</time></trkpt><trkpt lat='42.868123' lon='-0.008159999999999999'><ele>764</ele><time>2025-07-01T13:00:10Z</time></trkpt><trkpt lat='42.868153' lon='-0.008185'><ele>763</ele><time>2025-07-01T13:02:55Z</time></trkpt><trkpt lat='42.868172' lon='-0.008192'><ele>763</ele><time>2025-07-01T13:02:55Z</time></trkpt><trkpt lat='42.868198' lon='-0.008202'><ele>763</ele><time>2025-07-01T13:05:39Z</time></trkpt><trkpt lat='42.86823' lon='-0.00821'><ele>763</ele><time>2025-07-01T13:05:39Z</time></trkpt><trkpt lat='42.868258' lon='-0.008211999999999999'><ele>763</ele><time>2025-07-01T13:08:24Z</time></trkpt><trkpt lat='42.868289999999995' lon='-0.008217'><ele>763</ele><time>2025-07-01T13:08:24Z</time></trkpt><trkpt lat='42.86832' lon='-0.008223'><ele>762</ele><time>2025-07-01T13:11:08Z</time></trkpt><trkpt lat='42.868345' lon='-0.008237'><ele>762</ele><time>2025-07-01T13:11:08Z</time></trkpt><trkpt lat='42.868373' lon='-0.00825'><ele>762</ele><time>2025-07-01T13:11:08Z</time></trkpt><trkpt lat='42.868401999999996' lon='-0.008262'><ele>762</ele><time>2025-07-01T13:13:53Z</time></trkpt><trkpt lat='42.868432' lon='-0.008268'><ele>762</ele><time>2025-07-01T13:13:53Z</time></trkpt><trkpt lat='42.868457' lon='-0.008282'><ele>762</ele><time>2025-07-01T13:16:37Z</time></trkpt><trkpt lat='42.868482' lon='-0.0083'><ele>762</ele><time>2025-07-01T13:16:37Z</time></trkpt><trkpt lat='42.868511999999996' lon='-0.00831'><ele>761</ele><time>2025-07-01T13:19:21Z</time></trkpt><trkpt lat='42.868536999999996' lon='-0.008322'><ele>761</ele><time>2025-07-01T13:19:21Z</time></trkpt><trkpt lat='42.868567999999996' lon='-0.008336999999999999'><ele>761</ele><time>2025-07-01T13:22:06Z</time></trkpt><trkpt lat='42.868592' lon='-0.008355'><ele>761</ele><time>2025-07-01T13:22:06Z</time></trkpt><trkpt lat='42.868612999999996' lon='-0.008376999999999999'><ele>761</ele><time>2025-07-01T13:22:06Z</time></trkpt><trkpt lat='42.868642' lon='-0.00839'><ele>760</ele><time>2025-07-01T13:24:50Z</time></trkpt><trkpt lat='42.868672' lon='-0.008397'><ele>760</ele><time>2025-07-01T13:24:50Z</time></trkpt><trkpt lat='42.8687' lon='-0.008388'><ele>760</ele><time>2025-07-01T13:27:35Z</time></trkpt><trkpt lat='42.868725' lon='-0.008372'><ele>760</ele><time>2025-07-01T13:27:35Z</time></trkpt><trkpt lat='42.868752' lon='-0.00835'><ele>760</ele><time>2025-07-01T13:30:19Z</time></trkpt><trkpt lat='42.868767' lon='-0.008324999999999999'><ele>760</ele><time>2025-07-01T13:30:19Z</time></trkpt><trkpt lat='42.86878' lon='-0.008289999999999999'><ele>759</ele><time>2025-07-01T13:33:04Z</time></trkpt><trkpt lat='42.86878' lon='-0.008251999999999999'><ele>759</ele><time>2025-07-01T13:33:04Z</time></trkpt><trkpt lat='42.86879' lon='-0.00823'><ele>759</ele><time>2025-07-01T13:33:04Z</time></trkpt><trkpt lat='42.868804999999995' lon='-0.00825'><ele>759</ele><time>2025-07-01T13:35:48Z</time></trkpt><trkpt lat='42.868818' lon='-0.008275'><ele>759</ele><time>2025-07-01T13:35:48Z</time></trkpt><trkpt lat='42.868828' lon='-0.008296999999999999'><ele>758</ele><time>2025-07-01T13:35:48Z</time></trkpt><trkpt lat='42.868838' lon='-0.008331999999999999'><ele>758</ele><time>2025-07-01T13:38:32Z</time></trkpt><trkpt lat='42.86884' lon='-0.008355'><ele>757</ele><time>2025-07-01T13:38:32Z</time></trkpt><trkpt lat='42.86884' lon='-0.008392'><ele>757</ele><time>2025-07-01T13:38:32Z</time></trkpt><trkpt lat='42.86884' lon='-0.00843'><ele>756</ele><time>2025-07-01T13:41:17Z</time></trkpt><trkpt lat='42.868846999999995' lon='-0.008459999999999999'><ele>756</ele><time>2025-07-01T13:41:17Z</time></trkpt><trkpt lat='42.868849999999995' lon='-0.00849'><ele>756</ele><time>2025-07-01T13:44:01Z</time></trkpt><trkpt lat='42.86884' lon='-0.008512'><ele>755</ele><time>2025-07-01T13:44:01Z</time></trkpt><trkpt lat='42.868853' lon='-0.008532'><ele>754</ele><time>2025-07-01T13:44:01Z</time></trkpt><trkpt lat='42.868873' lon='-0.008535'><ele>753</ele><time>2025-07-01T13:46:46Z</time></trkpt><trkpt lat='42.868891999999995' lon='-0.008544999999999999'><ele>752</ele><time>2025-07-01T13:46:46Z</time></trkpt><trkpt lat='42.868911999999995' lon='-0.00856'><ele>752</ele><time>2025-07-01T13:46:46Z</time></trkpt><trkpt lat='42.868919999999996' lon='-0.008595'><ele>751</ele><time>2025-07-01T13:49:30Z</time></trkpt><trkpt lat='42.868927' lon='-0.008622'><ele>750</ele><time>2025-07-01T13:49:30Z</time></trkpt><trkpt lat='42.868936999999995' lon='-0.008652'><ele>749</ele><time>2025-07-01T13:52:14Z</time></trkpt><trkpt lat='42.868956999999995' lon='-0.008675'><ele>749</ele><time>2025-07-01T13:52:14Z</time></trkpt><trkpt lat='42.868984999999995' lon='-0.00868'><ele>748</ele><time>2025-07-01T13:52:14Z</time></trkpt><trkpt lat='42.869006999999996' lon='-0.008683'><ele>748</ele><time>2025-07-01T13:54:59Z</time></trkpt><trkpt lat='42.869029999999995' lon='-0.00868'><ele>748</ele><time>2025-07-01T13:54:59Z</time></trkpt><trkpt lat='42.869051999999996' lon='-0.008676999999999999'><ele>747</ele><time>2025-07-01T13:54:59Z</time></trkpt><trkpt lat='42.869071999999996' lon='-0.008675'><ele>747</ele><time>2025-07-01T13:57:43Z</time></trkpt><trkpt lat='42.869093' lon='-0.008667'><ele>746</ele><time>2025-07-01T13:57:43Z</time></trkpt><trkpt lat='42.86911' lon='-0.00868'><ele>746</ele><time>2025-07-01T14:00:28Z</time></trkpt><trkpt lat='42.869113' lon='-0.008707'><ele>745</ele><time>2025-07-01T14:00:28Z</time></trkpt><trkpt lat='42.869127999999996' lon='-0.00873'><ele>744</ele><time>2025-07-01T14:03:12Z</time></trkpt><trkpt lat='42.869147999999996' lon='-0.008735'><ele>743</ele><time>2025-07-01T14:03:12Z</time></trkpt><trkpt lat='42.86917' lon='-0.008735'><ele>743</ele><time>2025-07-01T14:05:57Z</time></trkpt><trkpt lat='42.869187' lon='-0.008716999999999999'><ele>742</ele><time>2025-07-01T14:05:57Z</time></trkpt><trkpt lat='42.869197' lon='-0.008695'><ele>741</ele><time>2025-07-01T14:08:41Z</time></trkpt><trkpt lat='42.869208' lon='-0.008672'><ele>741</ele><time>2025-07-01T14:08:41Z</time></trkpt><trkpt lat='42.869218' lon='-0.008647'><ele>741</ele><time>2025-07-01T14:08:41Z</time></trkpt><trkpt lat='42.869232' lon='-0.008617999999999999'><ele>740</ele><time>2025-07-01T14:11:25Z</time></trkpt><trkpt lat='42.869232' lon='-0.00859'><ele>740</ele><time>2025-07-01T14:11:25Z</time></trkpt><trkpt lat='42.869232' lon='-0.008563'><ele>739</ele><time>2025-07-01T14:14:10Z</time></trkpt><trkpt lat='42.869232' lon='-0.008532999999999999'><ele>738</ele><time>2025-07-01T14:14:10Z</time></trkpt><trkpt lat='42.869234999999996' lon='-0.00851'><ele>738</ele><time>2025-07-01T14:16:54Z</time></trkpt><trkpt lat='42.869253' lon='-0.00851'><ele>737</ele><time>2025-07-01T14:16:54Z</time></trkpt><trkpt lat='42.869267' lon='-0.00853'><ele>736</ele><time>2025-07-01T14:16:54Z</time></trkpt><trkpt lat='42.86927' lon='-0.008555'><ele>736</ele><time>2025-07-01T14:19:39Z</time></trkpt><trkpt lat='42.86927' lon='-0.008587'><ele>735</ele><time>2025-07-01T14:19:39Z</time></trkpt><trkpt lat='42.869273' lon='-0.008615'><ele>735</ele><time>2025-07-01T14:22:23Z</time></trkpt><trkpt lat='42.869267' lon='-0.008645'><ele>735</ele><time>2025-07-01T14:25:08Z</time></trkpt><trkpt lat='42.869267' lon='-0.008669999999999999'><ele>734</ele><time>2025-07-01T14:25:08Z</time></trkpt><trkpt lat='42.869273' lon='-0.0087'><ele>734</ele><time>2025-07-01T14:27:52Z</time></trkpt><trkpt lat='42.869292' lon='-0.00872'><ele>733</ele><time>2025-07-01T14:27:52Z</time></trkpt><trkpt lat='42.869308' lon='-0.008707'><ele>733</ele><time>2025-07-01T14:30:36Z</time></trkpt><trkpt lat='42.869318' lon='-0.00868'><ele>731</ele><time>2025-07-01T14:33:21Z</time></trkpt><trkpt lat='42.869327' lon='-0.00866'><ele>731</ele><time>2025-07-01T14:33:21Z</time></trkpt><trkpt lat='42.869337' lon='-0.008635'><ele>730</ele><time>2025-07-01T14:36:05Z</time></trkpt><trkpt lat='42.86935' lon='-0.008617'><ele>729</ele><time>2025-07-01T14:36:05Z</time></trkpt><trkpt lat='42.869361999999995' lon='-0.0086'><ele>728</ele><time>2025-07-01T14:38:50Z</time></trkpt><trkpt lat='42.869375' lon='-0.008572999999999999'><ele>727</ele><time>2025-07-01T14:38:50Z</time></trkpt><trkpt lat='42.869392' lon='-0.008562'><ele>726</ele><time>2025-07-01T14:41:34Z</time></trkpt><trkpt lat='42.869403' lon='-0.008544999999999999'><ele>726</ele><time>2025-07-01T14:41:34Z</time></trkpt><trkpt lat='42.869426999999995' lon='-0.008522'><ele>725</ele><time>2025-07-01T14:44:19Z</time></trkpt><trkpt lat='42.869437' lon='-0.008502'><ele>724</ele><time>2025-07-01T14:47:03Z</time></trkpt><trkpt lat='42.869442' lon='-0.00848'><ele>723</ele><time>2025-07-01T14:49:47Z</time></trkpt><trkpt lat='42.869445' lon='-0.008477'><ele>719</ele><time>2025-07-01T14:55:16Z</time></trkpt><trkpt lat='42.86943' lon='-0.008499999999999999'><ele>718</ele><time>2025-07-01T14:58:01Z</time></trkpt><trkpt lat='42.869426999999995' lon='-0.008527999999999999'><ele>717</ele><time>2025-07-01T15:00:45Z</time></trkpt><trkpt lat='42.869448' lon='-0.008525'><ele>713</ele><time>2025-07-01T15:06:14Z</time></trkpt><trkpt lat='42.869468' lon='-0.008522'><ele>713</ele><time>2025-07-01T15:08:58Z</time></trkpt><trkpt lat='42.869487' lon='-0.008532'><ele>712</ele><time>2025-07-01T15:11:43Z</time></trkpt><trkpt lat='42.869507' lon='-0.00855'><ele>712</ele><time>2025-07-01T15:14:27Z</time></trkpt><trkpt lat='42.869513' lon='-0.008572999999999999'><ele>711</ele><time>2025-07-01T15:14:27Z</time></trkpt><trkpt lat='42.869524999999996' lon='-0.00859'><ele>710</ele><time>2025-07-01T15:17:12Z</time></trkpt><trkpt lat='42.869532' lon='-0.008612'><ele>709</ele><time>2025-07-01T15:19:56Z</time></trkpt><trkpt lat='42.869535' lon='-0.008635'><ele>708</ele><time>2025-07-01T15:19:56Z</time></trkpt><trkpt lat='42.869563' lon='-0.008629999999999999'><ele>707</ele><time>2025-07-01T15:22:40Z</time></trkpt><trkpt lat='42.869569999999996' lon='-0.008605'><ele>707</ele><time>2025-07-01T15:25:25Z</time></trkpt><trkpt lat='42.869586999999996' lon='-0.008584999999999999'><ele>706</ele><time>2025-07-01T15:28:09Z</time></trkpt><trkpt lat='42.869602' lon='-0.008565'><ele>705</ele><time>2025-07-01T15:30:54Z</time></trkpt><trkpt lat='42.869608' lon='-0.008539999999999999'><ele>705</ele><time>2025-07-01T15:30:54Z</time></trkpt><trkpt lat='42.869622' lon='-0.008518'><ele>704</ele><time>2025-07-01T15:33:38Z</time></trkpt><trkpt lat='42.869631999999996' lon='-0.00849'><ele>703</ele><time>2025-07-01T15:36:23Z</time></trkpt><trkpt lat='42.86965' lon='-0.008483'><ele>702</ele><time>2025-07-01T15:36:23Z</time></trkpt><trkpt lat='42.869662999999996' lon='-0.008452'><ele>701</ele><time>2025-07-01T15:39:07Z</time></trkpt><trkpt lat='42.86965' lon='-0.008421999999999999'><ele>701</ele><time>2025-07-01T15:39:07Z</time></trkpt><trkpt lat='42.86965' lon='-0.008397'><ele>700</ele><time>2025-07-01T15:41:51Z</time></trkpt><trkpt lat='42.86967' lon='-0.008387'><ele>699</ele><time>2025-07-01T15:41:51Z</time></trkpt><trkpt lat='42.869688' lon='-0.008387'><ele>698</ele><time>2025-07-01T15:41:51Z</time></trkpt><trkpt lat='42.869712' lon='-0.0084'><ele>698</ele><time>2025-07-01T15:44:36Z</time></trkpt><trkpt lat='42.86974' lon='-0.008398'><ele>698</ele><time>2025-07-01T15:44:36Z</time></trkpt><trkpt lat='42.869762' lon='-0.008369999999999999'><ele>698</ele><time>2025-07-01T15:47:20Z</time></trkpt><trkpt lat='42.869778' lon='-0.008335'><ele>698</ele><time>2025-07-01T15:47:20Z</time></trkpt><trkpt lat='42.8698' lon='-0.008296999999999999'><ele>698</ele><time>2025-07-01T15:50:05Z</time></trkpt><trkpt lat='42.869813' lon='-0.008258'><ele>698</ele><time>2025-07-01T15:50:05Z</time></trkpt><trkpt lat='42.86983' lon='-0.008222'><ele>698</ele><time>2025-07-01T15:52:49Z</time></trkpt><trkpt lat='42.869848' lon='-0.008187'><ele>698</ele><time>2025-07-01T15:52:49Z</time></trkpt><trkpt lat='42.869858' lon='-0.008165'><ele>698</ele><time>2025-07-01T15:52:49Z</time></trkpt><trkpt lat='42.869862' lon='-0.00814'><ele>698</ele><time>2025-07-01T15:55:33Z</time></trkpt><trkpt lat='42.869878' lon='-0.0081'><ele>698</ele><time>2025-07-01T15:55:33Z</time></trkpt><trkpt lat='42.86989' lon='-0.008058'><ele>698</ele><time>2025-07-01T15:58:18Z</time></trkpt><trkpt lat='42.869903' lon='-0.008015'><ele>698</ele><time>2025-07-01T15:58:18Z</time></trkpt><trkpt lat='42.869913' lon='-0.007975'><ele>699</ele><time>2025-07-01T16:01:02Z</time></trkpt><trkpt lat='42.869928' lon='-0.00794'><ele>699</ele><time>2025-07-01T16:01:02Z</time></trkpt><trkpt lat='42.869948' lon='-0.00791'><ele>699</ele><time>2025-07-01T16:03:47Z</time></trkpt><trkpt lat='42.869958' lon='-0.00787'><ele>699</ele><time>2025-07-01T16:03:47Z</time></trkpt><trkpt lat='42.869963' lon='-0.007826999999999999'><ele>699</ele><time>2025-07-01T16:06:31Z</time></trkpt><trkpt lat='42.869977' lon='-0.00779'><ele>699</ele><time>2025-07-01T16:06:31Z</time></trkpt><trkpt lat='42.86998' lon='-0.0077469999999999995'><ele>699</ele><time>2025-07-01T16:09:16Z</time></trkpt><trkpt lat='42.869993' lon='-0.007703'><ele>699</ele><time>2025-07-01T16:09:16Z</time></trkpt><trkpt lat='42.870005' lon='-0.007665'><ele>700</ele><time>2025-07-01T16:12:00Z</time></trkpt><trkpt lat='42.870011999999996' lon='-0.007625'><ele>700</ele><time>2025-07-01T16:12:00Z</time></trkpt><trkpt lat='42.870025' lon='-0.007585'><ele>700</ele><time>2025-07-01T16:14:44Z</time></trkpt><trkpt lat='42.870039999999996' lon='-0.007545'><ele>700</ele><time>2025-07-01T16:14:44Z</time></trkpt><trkpt lat='42.870056999999996' lon='-0.007509999999999999'><ele>701</ele><time>2025-07-01T16:17:29Z</time></trkpt><trkpt lat='42.87007' lon='-0.00747'><ele>701</ele><time>2025-07-01T16:17:29Z</time></trkpt><trkpt lat='42.870084999999996' lon='-0.00743'><ele>701</ele><time>2025-07-01T16:20:13Z</time></trkpt><trkpt lat='42.870098' lon='-0.007391999999999999'><ele>701</ele><time>2025-07-01T16:20:13Z</time></trkpt><trkpt lat='42.870112' lon='-0.007359999999999999'><ele>701</ele><time>2025-07-01T16:22:58Z</time></trkpt><trkpt lat='42.87014' lon='-0.007342'><ele>701</ele><time>2025-07-01T16:22:58Z</time></trkpt><trkpt lat='42.870152999999995' lon='-0.007344'><ele>695.32</ele><time>2025-07-01T16:25:42Z</time></trkpt><trkpt lat='42.870307' lon='-0.007585'><ele>693.45</ele><time>2025-07-01T16:33:55Z</time></trkpt><trkpt lat='42.870441' lon='-0.007692999999999999'><ele>693.07</ele><time>2025-07-01T16:42:09Z</time></trkpt><trkpt lat='42.870487999999995' lon='-0.007594999999999999'><ele>693.68</ele><time>2025-07-01T16:44:53Z</time></trkpt><trkpt lat='42.870495' lon='-0.007594999999999999'><ele>700</ele><time>2025-07-01T16:47:38Z</time></trkpt><trkpt lat='42.870523' lon='-0.00758'><ele>700</ele><time>2025-07-01T16:50:22Z</time></trkpt><trkpt lat='42.870543' lon='-0.00756'><ele>700</ele><time>2025-07-01T16:50:22Z</time></trkpt><trkpt lat='42.870562' lon='-0.007535'><ele>700</ele><time>2025-07-01T16:50:22Z</time></trkpt><trkpt lat='42.870574999999995' lon='-0.0075049999999999995'><ele>700</ele><time>2025-07-01T16:53:06Z</time></trkpt><trkpt lat='42.870574999999995' lon='-0.007467'><ele>700</ele><time>2025-07-01T16:53:06Z</time></trkpt><trkpt lat='42.870562' lon='-0.007444999999999999'><ele>700</ele><time>2025-07-01T16:55:51Z</time></trkpt><trkpt lat='42.870546999999995' lon='-0.007424999999999999'><ele>701</ele><time>2025-07-01T16:55:51Z</time></trkpt><trkpt lat='42.870532999999995' lon='-0.0074069999999999995'><ele>702</ele><time>2025-07-01T16:55:51Z</time></trkpt><trkpt lat='42.870508' lon='-0.007385'><ele>702</ele><time>2025-07-01T16:58:35Z</time></trkpt><trkpt lat='42.87046' lon='-0.007499'><ele>695</ele><time>2025-07-01T17:01:20Z</time></trkpt><trkpt lat='42.870388999999996' lon='-0.007607'><ele>695</ele><time>2025-07-01T17:06:48Z</time></trkpt><trkpt lat='42.870270999999995' lon='-0.007489'><ele>694.05</ele><time>2025-07-01T17:12:17Z</time></trkpt><trkpt lat='42.870121999999995' lon='-0.007188'><ele>697</ele><time>2025-07-01T17:25:59Z</time></trkpt><trkpt lat='42.870329999999996' lon='-0.00629'><ele>699</ele><time>2025-07-01T17:53:24Z</time></trkpt><trkpt lat='42.870329999999996' lon='-0.0063'><ele>701</ele><time>2025-07-01T17:56:08Z</time></trkpt><trkpt lat='42.87058' lon='-0.0052699999999999995'><ele>704</ele><time>2025-07-01T18:29:01Z</time></trkpt><trkpt lat='42.87058' lon='-0.00481'><ele>706</ele><time>2025-07-01T18:42:43Z</time></trkpt><trkpt lat='42.870529999999995' lon='-0.00453'><ele>708</ele><time>2025-07-01T18:50:56Z</time></trkpt><trkpt lat='42.87041' lon='-0.00436'><ele>711</ele><time>2025-07-01T18:59:10Z</time></trkpt><trkpt lat='42.87023' lon='-0.00399'><ele>713</ele><time>2025-07-01T19:12:52Z</time></trkpt><trkpt lat='42.8701' lon='-0.00365'><ele>715</ele><time>2025-07-01T19:26:34Z</time></trkpt><trkpt lat='42.86996' lon='-0.0033699999999999997'><ele>717</ele><time>2025-07-01T19:37:32Z</time></trkpt><trkpt lat='42.8698' lon='-0.0031999999999999997'><ele>719</ele><time>2025-07-01T19:45:45Z</time></trkpt><trkpt lat='42.869229999999995' lon='-0.00331'><ele>722</ele><time>2025-07-01T20:10:25Z</time></trkpt><trkpt lat='42.8692' lon='-0.00329'><ele>725</ele><time>2025-07-01T20:13:09Z</time></trkpt><trkpt lat='42.869099999999996' lon='-0.00308'><ele>728</ele><time>2025-07-01T20:24:07Z</time></trkpt><trkpt lat='42.86902' lon='-0.00284'><ele>733</ele><time>2025-07-01T20:35:05Z</time></trkpt><trkpt lat='42.86898' lon='-0.0025'><ele>736</ele><time>2025-07-01T20:51:31Z</time></trkpt><trkpt lat='42.86904' lon='-0.00132'><ele>742</ele><time>2025-07-01T21:32:37Z</time></trkpt><trkpt lat='42.86909' lon='-0.00109'><ele>744</ele><time>2025-07-01T21:38:06Z</time></trkpt><trkpt lat='42.86908' lon='-0.00104'><ele>747</ele><time>2025-07-01T21:40:51Z</time></trkpt><trkpt lat='42.86913' lon='-0.0009699999999999999'><ele>750</ele><time>2025-07-01T21:46:20Z</time></trkpt><trkpt lat='42.869209999999995' lon='-0.0007599999999999999'><ele>752</ele><time>2025-07-01T21:54:33Z</time></trkpt><trkpt lat='42.869319999999995' lon='0.00007999999999999999'><ele>756</ele><time>2025-07-01T22:24:41Z</time></trkpt><trkpt lat='42.86926' lon='0.00027'><ele>760</ele><time>2025-07-01T22:32:55Z</time></trkpt><trkpt lat='42.86929' lon='0.00054'><ele>764</ele><time>2025-07-01T22:46:37Z</time></trkpt><trkpt lat='42.86922' lon='0.0009299999999999999'><ele>769</ele><time>2025-07-01T23:05:48Z</time></trkpt><trkpt lat='42.869189999999996' lon='0.0011799999999999998'><ele>773</ele><time>2025-07-01T23:16:45Z</time></trkpt><trkpt lat='42.869229999999995' lon='0.0015199999999999999'><ele>778</ele><time>2025-07-01T23:33:12Z</time></trkpt><trkpt lat='42.86929' lon='0.0015899999999999998'><ele>780</ele><time>2025-07-01T23:35:56Z</time></trkpt><trkpt lat='42.86926' lon='0.0021'><ele>785</ele><time>2025-07-01T23:57:52Z</time></trkpt><trkpt lat='42.86929' lon='0.00263'><ele>787</ele><time>2025-07-02T00:17:03Z</time></trkpt><trkpt lat='42.869229999999995' lon='0.00307'><ele>792</ele><time>2025-07-02T00:33:29Z</time></trkpt><trkpt lat='42.86931' lon='0.00306'><ele>793</ele><time>2025-07-02T00:38:58Z</time></trkpt><trkpt lat='42.86931' lon='0.00332'><ele>798</ele><time>2025-07-02T00:47:11Z</time></trkpt><trkpt lat='42.869409999999995' lon='0.00343'><ele>800</ele><time>2025-07-02T01:00:53Z</time></trkpt><trkpt lat='42.869369999999996' lon='0.0035399999999999997'><ele>805</ele><time>2025-07-02T01:11:51Z</time></trkpt><trkpt lat='42.86951' lon='0.00363'><ele>809</ele><time>2025-07-02T01:28:18Z</time></trkpt><trkpt lat='42.87' lon='0.00416'><ele>816</ele><time>2025-07-02T02:06:40Z</time></trkpt><trkpt lat='42.87003' lon='0.00435'><ele>823</ele><time>2025-07-02T02:14:53Z</time></trkpt><trkpt lat='42.87' lon='0.00458'><ele>831</ele><time>2025-07-02T02:39:33Z</time></trkpt><trkpt lat='42.86989' lon='0.00488'><ele>839</ele><time>2025-07-02T03:15:10Z</time></trkpt><trkpt lat='42.86989' lon='0.00509'><ele>847</ele><time>2025-07-02T03:39:50Z</time></trkpt><trkpt lat='42.87002' lon='0.00546'><ele>856</ele><time>2025-07-02T04:20:56Z</time></trkpt><trkpt lat='42.870419999999996' lon='0.0062'><ele>865</ele><time>2025-07-02T04:59:18Z</time></trkpt><trkpt lat='42.87047' lon='0.0067399999999999995'><ele>873</ele><time>2025-07-02T05:21:14Z</time></trkpt><trkpt lat='42.870439999999995' lon='0.006869999999999999'><ele>880</ele><time>2025-07-02T05:37:40Z</time></trkpt><trkpt lat='42.8703' lon='0.00699'><ele>887</ele><time>2025-07-02T06:02:20Z</time></trkpt><trkpt lat='42.86991' lon='0.0070599999999999994'><ele>891</ele><time>2025-07-02T06:32:29Z</time></trkpt><trkpt lat='42.869789999999995' lon='0.00715'><ele>897</ele><time>2025-07-02T06:43:26Z</time></trkpt><trkpt lat='42.869749999999996' lon='0.00722'><ele>901</ele><time>2025-07-02T06:48:55Z</time></trkpt><trkpt lat='42.86976' lon='0.007509999999999999'><ele>907</ele><time>2025-07-02T07:16:19Z</time></trkpt><trkpt lat='42.869859999999996' lon='0.007639999999999999'><ele>912</ele><time>2025-07-02T07:32:46Z</time></trkpt><trkpt lat='42.87018' lon='0.00785'><ele>918</ele><time>2025-07-02T07:57:26Z</time></trkpt><trkpt lat='42.870329999999996' lon='0.00801'><ele>923</ele><time>2025-07-02T08:08:23Z</time></trkpt><trkpt lat='42.87034' lon='0.00805'><ele>929</ele><time>2025-07-02T08:16:37Z</time></trkpt><trkpt lat='42.870329999999996' lon='0.0081'><ele>937</ele><time>2025-07-02T08:27:34Z</time></trkpt><trkpt lat='42.87027' lon='0.00817'><ele>945</ele><time>2025-07-02T08:44:01Z</time></trkpt><trkpt lat='42.869879999999995' lon='0.00851'><ele>957</ele><time>2025-07-02T09:44:18Z</time></trkpt><trkpt lat='42.869571' lon='0.009032'><ele>970</ele><time>2025-07-02T10:30:53Z</time></trkpt><trkpt lat='42.869164999999995' lon='0.009705'><ele>985</ele><time>2025-07-02T11:20:13Z</time></trkpt><trkpt lat='42.868829999999996' lon='0.010409999999999999'><ele>999</ele><time>2025-07-02T12:06:48Z</time></trkpt><trkpt lat='42.86837' lon='0.01085'><ele>1010</ele><time>2025-07-02T12:42:26Z</time></trkpt><trkpt lat='42.86826' lon='0.01103'><ele>1020</ele><time>2025-07-02T13:09:50Z</time></trkpt><trkpt lat='42.86813' lon='0.011'><ele>1027</ele><time>2025-07-02T13:29:01Z</time></trkpt><trkpt lat='42.86797' lon='0.011049999999999999'><ele>1034</ele><time>2025-07-02T13:53:40Z</time></trkpt><trkpt lat='42.86788' lon='0.01119'><ele>1042</ele><time>2025-07-02T14:12:51Z</time></trkpt><trkpt lat='42.86765' lon='0.011269999999999999'><ele>1049</ele><time>2025-07-02T14:34:47Z</time></trkpt><trkpt lat='42.8673' lon='0.01168'><ele>1060</ele><time>2025-07-02T15:13:09Z</time></trkpt><trkpt lat='42.866839999999996' lon='0.012039999999999999'><ele>1066</ele><time>2025-07-02T15:51:31Z</time></trkpt><trkpt lat='42.86651' lon='0.012209999999999999'><ele>1079</ele><time>2025-07-02T16:16:10Z</time></trkpt><trkpt lat='42.866409999999995' lon='0.01223'><ele>1084</ele><time>2025-07-02T16:32:37Z</time></trkpt><trkpt lat='42.86629' lon='0.01269'><ele>1098</ele><time>2025-07-02T17:21:57Z</time></trkpt><trkpt lat='42.86613' lon='0.012903999999999999'><ele>1103</ele><time>2025-07-02T17:52:05Z</time></trkpt><trkpt lat='42.866031' lon='0.013352999999999999'><ele>1117</ele><time>2025-07-02T18:41:25Z</time></trkpt><trkpt lat='42.86613' lon='0.01343'><ele>1123</ele><time>2025-07-02T19:00:36Z</time></trkpt><trkpt lat='42.8664' lon='0.01347'><ele>1133</ele><time>2025-07-02T19:36:13Z</time></trkpt><trkpt lat='42.86635' lon='0.01359'><ele>1139</ele><time>2025-07-02T19:52:40Z</time></trkpt><trkpt lat='42.8664' lon='0.01368'><ele>1145</ele><time>2025-07-02T20:06:22Z</time></trkpt><trkpt lat='42.86635' lon='0.01376'><ele>1151</ele><time>2025-07-02T20:20:04Z</time></trkpt><trkpt lat='42.8664' lon='0.013829999999999999'><ele>1155</ele><time>2025-07-02T20:31:02Z</time></trkpt><trkpt lat='42.86647' lon='0.014029999999999999'><ele>1162</ele><time>2025-07-02T20:52:57Z</time></trkpt><trkpt lat='42.866389999999996' lon='0.01414'><ele>1167</ele><time>2025-07-02T21:09:24Z</time></trkpt><trkpt lat='42.86647' lon='0.01424'><ele>1175</ele><time>2025-07-02T21:28:35Z</time></trkpt><trkpt lat='42.8667' lon='0.014329999999999999'><ele>1181</ele><time>2025-07-02T21:50:30Z</time></trkpt><trkpt lat='42.86692' lon='0.01458'><ele>1189</ele><time>2025-07-02T22:17:54Z</time></trkpt><trkpt lat='42.866749999999996' lon='0.014719999999999999'><ele>1198</ele><time>2025-07-02T22:48:03Z</time></trkpt><trkpt lat='42.86674' lon='0.014799999999999999'><ele>1206</ele><time>2025-07-02T22:59:00Z</time></trkpt><trkpt lat='42.86712' lon='0.015099999999999999'><ele>1216</ele><time>2025-07-02T23:29:09Z</time></trkpt><trkpt lat='42.866789999999995' lon='0.01537'><ele>1223</ele><time>2025-07-02T23:53:49Z</time></trkpt><trkpt lat='42.866679999999995' lon='0.01558'><ele>1233</ele><time>2025-07-03T00:23:58Z</time></trkpt><trkpt lat='42.86651' lon='0.01567'><ele>1238</ele><time>2025-07-03T00:48:37Z</time></trkpt><trkpt lat='42.8662' lon='0.01595'><ele>1246</ele><time>2025-07-03T01:32:28Z</time></trkpt><trkpt lat='42.8662' lon='0.01601'><ele>1251</ele><time>2025-07-03T01:40:41Z</time></trkpt><trkpt lat='42.86629' lon='0.01605'><ele>1258</ele><time>2025-07-03T01:57:08Z</time></trkpt><trkpt lat='42.866189999999996' lon='0.016229999999999998'><ele>1265</ele><time>2025-07-03T02:19:03Z</time></trkpt><trkpt lat='42.86638' lon='0.01634'><ele>1274</ele><time>2025-07-03T02:49:12Z</time></trkpt><trkpt lat='42.866659999999996' lon='0.01661'><ele>1283</ele><time>2025-07-03T03:35:47Z</time></trkpt><trkpt lat='42.86719' lon='0.016829999999999998'><ele>1293</ele><time>2025-07-03T04:19:38Z</time></trkpt><trkpt lat='42.867309999999996' lon='0.01703'><ele>1301</ele><time>2025-07-03T04:36:04Z</time></trkpt><trkpt lat='42.86755' lon='0.01712'><ele>1310</ele><time>2025-07-03T05:11:42Z</time></trkpt><trkpt lat='42.86759' lon='0.01721'><ele>1315</ele><time>2025-07-03T05:22:40Z</time></trkpt><trkpt lat='42.867819999999995' lon='0.01731'><ele>1320</ele><time>2025-07-03T05:33:37Z</time></trkpt><trkpt lat='42.868379999999995' lon='0.017335'><ele>1323</ele><time>2025-07-03T05:58:17Z</time></trkpt><trkpt lat='42.868939999999995' lon='0.01736'><ele>1324</ele><time>2025-07-03T06:22:57Z</time></trkpt><trkpt lat='42.86916' lon='0.01753'><ele>1324</ele><time>2025-07-03T06:33:55Z</time></trkpt><trkpt lat='42.86927' lon='0.01786'><ele>1325</ele><time>2025-07-03T06:44:52Z</time></trkpt><trkpt lat='42.869279999999996' lon='0.01806'><ele>1323</ele><time>2025-07-03T06:50:21Z</time></trkpt><trkpt lat='42.8692' lon='0.01824'><ele>1323</ele><time>2025-07-03T06:58:34Z</time></trkpt><trkpt lat='42.86927' lon='0.018369999999999997'><ele>1318</ele><time>2025-07-03T07:04:03Z</time></trkpt><trkpt lat='42.869229999999995' lon='0.01848'><ele>1316</ele><time>2025-07-03T07:06:48Z</time></trkpt><trkpt lat='42.86925' lon='0.01858'><ele>1310</ele><time>2025-07-03T07:09:32Z</time></trkpt><trkpt lat='42.869319999999995' lon='0.018619999999999998'><ele>1307</ele><time>2025-07-03T07:15:01Z</time></trkpt><trkpt lat='42.86944' lon='0.01859'><ele>1301</ele><time>2025-07-03T07:20:30Z</time></trkpt><trkpt lat='42.869499999999995' lon='0.01867'><ele>1299</ele><time>2025-07-03T07:25:59Z</time></trkpt><trkpt lat='42.869499999999995' lon='0.01885'><ele>1295</ele><time>2025-07-03T07:31:27Z</time></trkpt><trkpt lat='42.86947' lon='0.019'><ele>1297</ele><time>2025-07-03T07:36:56Z</time></trkpt><trkpt lat='42.86926' lon='0.01954'><ele>1296</ele><time>2025-07-03T07:56:07Z</time></trkpt><trkpt lat='42.86915' lon='0.020669999999999997'><ele>1301</ele><time>2025-07-03T08:31:45Z</time></trkpt><trkpt lat='42.8692' lon='0.02141'><ele>1305</ele><time>2025-07-03T08:53:40Z</time></trkpt><trkpt lat='42.86925' lon='0.02175'><ele>1310</ele><time>2025-07-03T09:04:38Z</time></trkpt><trkpt lat='42.869099999999996' lon='0.02231'><ele>1318</ele><time>2025-07-03T09:23:49Z</time></trkpt><trkpt lat='42.869099999999996' lon='0.02277'><ele>1322</ele><time>2025-07-03T09:48:29Z</time></trkpt><trkpt lat='42.86904' lon='0.02307'><ele>1330</ele><time>2025-07-03T10:04:55Z</time></trkpt><trkpt lat='42.86908' lon='0.023129999999999998'><ele>1333</ele><time>2025-07-03T10:10:24Z</time></trkpt><trkpt lat='42.869679999999995' lon='0.02317'><ele>1338</ele><time>2025-07-03T10:43:17Z</time></trkpt><trkpt lat='42.86976' lon='0.023219999999999998'><ele>1343</ele><time>2025-07-03T10:48:46Z</time></trkpt><trkpt lat='42.86987' lon='0.023379999999999998'><ele>1346</ele><time>2025-07-03T10:56:59Z</time></trkpt><trkpt lat='42.870059999999995' lon='0.02395'><ele>1353</ele><time>2025-07-03T11:21:39Z</time></trkpt><trkpt lat='42.870039999999996' lon='0.024399999999999998'><ele>1356</ele><time>2025-07-03T11:38:05Z</time></trkpt><trkpt lat='42.870129999999996' lon='0.02496'><ele>1363</ele><time>2025-07-03T12:08:14Z</time></trkpt><trkpt lat='42.87019' lon='0.025089999999999998'><ele>1367</ele><time>2025-07-03T12:13:43Z</time></trkpt><trkpt lat='42.87023' lon='0.02557'><ele>1372</ele><time>2025-07-03T12:30:09Z</time></trkpt><trkpt lat='42.87021' lon='0.02656'><ele>1376</ele><time>2025-07-03T13:03:02Z</time></trkpt><trkpt lat='42.870239999999995' lon='0.026699999999999998'><ele>1378</ele><time>2025-07-03T13:05:47Z</time></trkpt><trkpt lat='42.87036' lon='0.02685'><ele>1381</ele><time>2025-07-03T13:14:00Z</time></trkpt><trkpt lat='42.87047' lon='0.02712'><ele>1381</ele><time>2025-07-03T13:24:58Z</time></trkpt><trkpt lat='42.87043' lon='0.02727'><ele>1385</ele><time>2025-07-03T13:30:27Z</time></trkpt><trkpt lat='42.87047' lon='0.02769'><ele>1386</ele><time>2025-07-03T13:46:53Z</time></trkpt><trkpt lat='42.870342' lon='0.02792'><ele>1390</ele><time>2025-07-03T13:55:07Z</time></trkpt><trkpt lat='42.87036' lon='0.028204999999999997'><ele>1392</ele><time>2025-07-03T14:06:04Z</time></trkpt><trkpt lat='42.87045' lon='0.028357999999999998'><ele>1396</ele><time>2025-07-03T14:14:17Z</time></trkpt><trkpt lat='42.870908' lon='0.028808'><ele>1399</ele><time>2025-07-03T14:41:42Z</time></trkpt><trkpt lat='42.870971' lon='0.028929'><ele>1403</ele><time>2025-07-03T14:47:11Z</time></trkpt><trkpt lat='42.871089999999995' lon='0.029269999999999997'><ele>1407</ele><time>2025-07-03T15:22:48Z</time></trkpt><trkpt lat='42.870999999999995' lon='0.029279999999999997'><ele>1412</ele><time>2025-07-03T15:36:30Z</time></trkpt><trkpt lat='42.87088' lon='0.02924'><ele>1419</ele><time>2025-07-03T15:55:41Z</time></trkpt><trkpt lat='42.870819999999995' lon='0.02965'><ele>1426</ele><time>2025-07-03T16:20:21Z</time></trkpt><trkpt lat='42.87067' lon='0.030119999999999997'><ele>1435</ele><time>2025-07-03T16:47:45Z</time></trkpt><trkpt lat='42.87056' lon='0.03031'><ele>1440</ele><time>2025-07-03T17:12:25Z</time></trkpt><trkpt lat='42.87045' lon='0.03058'><ele>1449</ele><time>2025-07-03T17:45:18Z</time></trkpt><trkpt lat='42.87045' lon='0.03057'><ele>1449</ele><time>2025-07-03T17:48:02Z</time></trkpt><trkpt lat='42.87025' lon='0.031349999999999996'><ele>1454</ele><time>2025-07-03T18:12:42Z</time></trkpt><trkpt lat='42.87043' lon='0.03175'><ele>1451</ele><time>2025-07-03T18:29:09Z</time></trkpt><trkpt lat='42.870612' lon='0.03223'><ele>1450</ele><time>2025-07-03T18:45:35Z</time></trkpt><trkpt lat='42.87061' lon='0.03258'><ele>1446</ele><time>2025-07-03T18:56:33Z</time></trkpt><trkpt lat='42.87072' lon='0.03297'><ele>1442</ele><time>2025-07-03T19:10:15Z</time></trkpt><trkpt lat='42.870779999999996' lon='0.033839999999999995'><ele>1439</ele><time>2025-07-03T19:37:39Z</time></trkpt><trkpt lat='42.87088' lon='0.03451'><ele>1437</ele><time>2025-07-03T19:56:50Z</time></trkpt><trkpt lat='42.87104' lon='0.03481'><ele>1434</ele><time>2025-07-03T20:10:32Z</time></trkpt><trkpt lat='42.87113' lon='0.03515'><ele>1434</ele><time>2025-07-03T20:21:30Z</time></trkpt><trkpt lat='42.87114' lon='0.03539'><ele>1430</ele><time>2025-07-03T20:29:43Z</time></trkpt><trkpt lat='42.871069999999996' lon='0.035789999999999995'><ele>1432</ele><time>2025-07-03T20:43:25Z</time></trkpt><trkpt lat='42.87119' lon='0.03608'><ele>1429</ele><time>2025-07-03T20:51:39Z</time></trkpt><trkpt lat='42.871199999999995' lon='0.0365'><ele>1431</ele><time>2025-07-03T21:05:21Z</time></trkpt><trkpt lat='42.87128' lon='0.03682'><ele>1428</ele><time>2025-07-03T21:16:18Z</time></trkpt><trkpt lat='42.87128' lon='0.03711'><ele>1430</ele><time>2025-07-03T21:27:16Z</time></trkpt><trkpt lat='42.87124' lon='0.037329999999999995'><ele>1430</ele><time>2025-07-03T21:32:45Z</time></trkpt><trkpt lat='42.87113' lon='0.03761'><ele>1430</ele><time>2025-07-03T21:43:43Z</time></trkpt><trkpt lat='42.87114' lon='0.03775'><ele>1432</ele><time>2025-07-03T21:46:27Z</time></trkpt><trkpt lat='42.87139' lon='0.03796'><ele>1431</ele><time>2025-07-03T22:00:09Z</time></trkpt><trkpt lat='42.87153' lon='0.038329999999999996'><ele>1432</ele><time>2025-07-03T22:13:51Z</time></trkpt><trkpt lat='42.871719999999996' lon='0.038509999999999996'><ele>1431</ele><time>2025-07-03T22:22:05Z</time></trkpt><trkpt lat='42.872139999999995' lon='0.03933'><ele>1432</ele><time>2025-07-03T22:54:58Z</time></trkpt><trkpt lat='42.87245' lon='0.04024'><ele>1432</ele><time>2025-07-03T23:27:51Z</time></trkpt><trkpt lat='42.87265' lon='0.041159999999999995'><ele>1433</ele><time>2025-07-03T23:57:59Z</time></trkpt><trkpt lat='42.872679999999995' lon='0.04145'><ele>1434</ele><time>2025-07-04T00:06:13Z</time></trkpt><trkpt lat='42.87265' lon='0.04186'><ele>1435</ele><time>2025-07-04T00:19:55Z</time></trkpt><trkpt lat='42.87237' lon='0.043'><ele>1437</ele><time>2025-07-04T00:58:17Z</time></trkpt><trkpt lat='42.87236' lon='0.04323'><ele>1436</ele><time>2025-07-04T01:03:45Z</time></trkpt><trkpt lat='42.87244' lon='0.04368'><ele>1435</ele><time>2025-07-04T01:20:12Z</time></trkpt><trkpt lat='42.87227' lon='0.044289999999999996'><ele>1436</ele><time>2025-07-04T01:39:23Z</time></trkpt><trkpt lat='42.87216' lon='0.044489999999999995'><ele>1433</ele><time>2025-07-04T01:47:36Z</time></trkpt><trkpt lat='42.87186' lon='0.044719999999999996'><ele>1435</ele><time>2025-07-04T02:01:18Z</time></trkpt><trkpt lat='42.871649999999995' lon='0.045309999999999996'><ele>1433</ele><time>2025-07-04T02:23:14Z</time></trkpt><trkpt lat='42.871469999999995' lon='0.04547'><ele>1434</ele><time>2025-07-04T02:31:27Z</time></trkpt><trkpt lat='42.87126' lon='0.04561'><ele>1434</ele><time>2025-07-04T02:42:25Z</time></trkpt><trkpt lat='42.870909999999995' lon='0.046369999999999995'><ele>1433</ele><time>2025-07-04T03:09:49Z</time></trkpt><trkpt lat='42.8707' lon='0.04665'><ele>1435</ele><time>2025-07-04T03:23:31Z</time></trkpt><trkpt lat='42.87058' lon='0.046759999999999996'><ele>1431</ele><time>2025-07-04T03:29:00Z</time></trkpt><trkpt lat='42.870219999999996' lon='0.04698'><ele>1434</ele><time>2025-07-04T03:45:26Z</time></trkpt><trkpt lat='42.87012' lon='0.04743'><ele>1431</ele><time>2025-07-04T04:01:53Z</time></trkpt><trkpt lat='42.870039999999996' lon='0.04765'><ele>1433</ele><time>2025-07-04T04:10:06Z</time></trkpt><trkpt lat='42.86982' lon='0.04811'><ele>1432</ele><time>2025-07-04T04:26:33Z</time></trkpt><trkpt lat='42.8696' lon='0.048409999999999995'><ele>1433</ele><time>2025-07-04T04:40:15Z</time></trkpt><trkpt lat='42.86952' lon='0.048479999999999995'><ele>1434</ele><time>2025-07-04T04:42:59Z</time></trkpt><trkpt lat='42.86951' lon='0.04849'><ele>1434</ele><time>2025-07-04T04:45:44Z</time></trkpt><trkpt lat='42.86949' lon='0.04852'><ele>1435</ele><time>2025-07-04T04:45:44Z</time></trkpt><trkpt lat='42.869409999999995' lon='0.04868'><ele>1434</ele><time>2025-07-04T04:51:13Z</time></trkpt><trkpt lat='42.869119999999995' lon='0.048889999999999996'><ele>1435</ele><time>2025-07-04T05:07:39Z</time></trkpt><trkpt lat='42.86907' lon='0.04897'><ele>1434</ele><time>2025-07-04T05:10:23Z</time></trkpt><trkpt lat='42.86906' lon='0.04906'><ele>1435</ele><time>2025-07-04T05:13:08Z</time></trkpt><trkpt lat='42.869' lon='0.04919'><ele>1435</ele><time>2025-07-04T05:18:37Z</time></trkpt><trkpt lat='42.86893' lon='0.04928'><ele>1434</ele><time>2025-07-04T05:21:21Z</time></trkpt><trkpt lat='42.868739999999995' lon='0.04938'><ele>1436</ele><time>2025-07-04T05:29:34Z</time></trkpt><trkpt lat='42.86851' lon='0.04987'><ele>1435</ele><time>2025-07-04T05:48:45Z</time></trkpt><trkpt lat='42.86835' lon='0.050069999999999996'><ele>1438</ele><time>2025-07-04T05:56:59Z</time></trkpt><trkpt lat='42.86802' lon='0.050609999999999995'><ele>1438</ele><time>2025-07-04T06:21:38Z</time></trkpt><trkpt lat='42.867619999999995' lon='0.050949999999999995'><ele>1440</ele><time>2025-07-04T06:40:49Z</time></trkpt><trkpt lat='42.867399999999996' lon='0.051039999999999995'><ele>1441</ele><time>2025-07-04T06:51:47Z</time></trkpt><trkpt lat='42.86727' lon='0.05146'><ele>1442</ele><time>2025-07-04T07:05:29Z</time></trkpt><trkpt lat='42.86711' lon='0.0518'><ele>1442</ele><time>2025-07-04T07:16:27Z</time></trkpt><trkpt lat='42.866631999999996' lon='0.052531999999999995'><ele>1442</ele><time>2025-07-04T07:49:20Z</time></trkpt><trkpt lat='42.866209999999995' lon='0.053508'><ele>1442</ele><time>2025-07-04T08:24:57Z</time></trkpt><trkpt lat='42.865994' lon='0.054077999999999994'><ele>1441</ele><time>2025-07-04T08:44:08Z</time></trkpt><trkpt lat='42.86588' lon='0.05424'><ele>1442</ele><time>2025-07-04T08:52:22Z</time></trkpt><trkpt lat='42.8658' lon='0.054529999999999995'><ele>1439</ele><time>2025-07-04T09:00:35Z</time></trkpt><trkpt lat='42.86566' lon='0.05474'><ele>1440</ele><time>2025-07-04T09:11:33Z</time></trkpt><trkpt lat='42.86557' lon='0.05515'><ele>1438</ele><time>2025-07-04T09:25:15Z</time></trkpt><trkpt lat='42.865276' lon='0.055712'><ele>1438</ele><time>2025-07-04T09:44:26Z</time></trkpt><trkpt lat='42.86485' lon='0.056249999999999994'><ele>1438</ele><time>2025-07-04T10:11:50Z</time></trkpt><trkpt lat='42.86481' lon='0.05638'><ele>1439</ele><time>2025-07-04T10:14:34Z</time></trkpt><trkpt lat='42.86475' lon='0.056459999999999996'><ele>1438</ele><time>2025-07-04T10:20:03Z</time></trkpt><trkpt lat='42.86463' lon='0.05647'><ele>1442</ele><time>2025-07-04T10:25:32Z</time></trkpt><trkpt lat='42.864619999999995' lon='0.0567'><ele>1439</ele><time>2025-07-04T10:31:01Z</time></trkpt><trkpt lat='42.8645' lon='0.057139999999999996'><ele>1443</ele><time>2025-07-04T10:47:27Z</time></trkpt><trkpt lat='42.86439' lon='0.05767'><ele>1442</ele><time>2025-07-04T11:03:54Z</time></trkpt><trkpt lat='42.86429' lon='0.057789999999999994'><ele>1444</ele><time>2025-07-04T11:09:23Z</time></trkpt><trkpt lat='42.86421' lon='0.05783'><ele>1445</ele><time>2025-07-04T11:12:07Z</time></trkpt><trkpt lat='42.8642' lon='0.05801'><ele>1446</ele><time>2025-07-04T11:20:20Z</time></trkpt><trkpt lat='42.86414' lon='0.05833'><ele>1448</ele><time>2025-07-04T11:28:34Z</time></trkpt><trkpt lat='42.863969999999995' lon='0.05865'><ele>1449</ele><time>2025-07-04T11:45:00Z</time></trkpt><trkpt lat='42.863929999999996' lon='0.05876'><ele>1451</ele><time>2025-07-04T11:47:45Z</time></trkpt><trkpt lat='42.863929999999996' lon='0.05898'><ele>1453</ele><time>2025-07-04T11:55:58Z</time></trkpt><trkpt lat='42.86387' lon='0.059109999999999996'><ele>1456</ele><time>2025-07-04T12:01:27Z</time></trkpt><trkpt lat='42.86382' lon='0.059329999999999994'><ele>1457</ele><time>2025-07-04T12:09:40Z</time></trkpt><trkpt lat='42.86373' lon='0.05944'><ele>1460</ele><time>2025-07-04T12:15:09Z</time></trkpt><trkpt lat='42.86364' lon='0.0595'><ele>1463</ele><time>2025-07-04T12:23:22Z</time></trkpt><trkpt lat='42.863479999999996' lon='0.059669999999999994'><ele>1466</ele><time>2025-07-04T12:39:49Z</time></trkpt><trkpt lat='42.86334' lon='0.05976'><ele>1470</ele><time>2025-07-04T12:53:31Z</time></trkpt><trkpt lat='42.86318' lon='0.05993'><ele>1476</ele><time>2025-07-04T13:09:57Z</time></trkpt><trkpt lat='42.863009999999996' lon='0.0602'><ele>1480</ele><time>2025-07-04T13:23:39Z</time></trkpt><trkpt lat='42.862429999999996' lon='0.06091'><ele>1487</ele><time>2025-07-04T13:59:17Z</time></trkpt><trkpt lat='42.8623' lon='0.06125'><ele>1492</ele><time>2025-07-04T14:29:26Z</time></trkpt><trkpt lat='42.86223' lon='0.06132'><ele>1498</ele><time>2025-07-04T14:40:23Z</time></trkpt><trkpt lat='42.861999999999995' lon='0.06175'><ele>1505</ele><time>2025-07-04T15:07:47Z</time></trkpt><trkpt lat='42.861979999999996' lon='0.062099999999999995'><ele>1511</ele><time>2025-07-04T15:24:14Z</time></trkpt><trkpt lat='42.861951999999995' lon='0.062325'><ele>1522</ele><time>2025-07-04T15:51:38Z</time></trkpt><trkpt lat='42.862024' lon='0.062567'><ele>1530</ele><time>2025-07-04T16:16:18Z</time></trkpt><trkpt lat='42.86206' lon='0.06326'><ele>1543</ele><time>2025-07-04T17:11:06Z</time></trkpt><trkpt lat='42.862069999999996' lon='0.06389'><ele>1553</ele><time>2025-07-04T18:14:08Z</time></trkpt><trkpt lat='42.86202' lon='0.06397'><ele>1562</ele><time>2025-07-04T18:30:35Z</time></trkpt><trkpt lat='42.86202' lon='0.06409'><ele>1568</ele><time>2025-07-04T18:44:17Z</time></trkpt><trkpt lat='42.861979999999996' lon='0.06422'><ele>1572</ele><time>2025-07-04T19:00:43Z</time></trkpt><trkpt lat='42.861979999999996' lon='0.06428'><ele>1575</ele><time>2025-07-04T19:06:12Z</time></trkpt><trkpt lat='42.86193' lon='0.06437999999999999'><ele>1577</ele><time>2025-07-04T19:14:25Z</time></trkpt><trkpt lat='42.861909999999995' lon='0.06446'><ele>1579</ele><time>2025-07-04T19:19:54Z</time></trkpt><trkpt lat='42.86183' lon='0.06459999999999999'><ele>1582</ele><time>2025-07-04T19:28:08Z</time></trkpt><trkpt lat='42.86177' lon='0.0648'><ele>1584</ele><time>2025-07-04T19:39:05Z</time></trkpt><trkpt lat='42.86177' lon='0.06497'><ele>1588</ele><time>2025-07-04T19:50:03Z</time></trkpt><trkpt lat='42.86166' lon='0.06516999999999999'><ele>1591</ele><time>2025-07-04T20:01:01Z</time></trkpt><trkpt lat='42.861419999999995' lon='0.06552999999999999'><ele>1594</ele><time>2025-07-04T20:20:12Z</time></trkpt><trkpt lat='42.86125' lon='0.06570999999999999'><ele>1597</ele><time>2025-07-04T20:31:09Z</time></trkpt><trkpt lat='42.86116' lon='0.06573999999999999'><ele>1600</ele><time>2025-07-04T20:33:54Z</time></trkpt><trkpt lat='42.861019999999996' lon='0.06584999999999999'><ele>1601</ele><time>2025-07-04T20:44:51Z</time></trkpt><trkpt lat='42.860949999999995' lon='0.06588'><ele>1605</ele><time>2025-07-04T20:47:36Z</time></trkpt><trkpt lat='42.86091' lon='0.06595'><ele>1606</ele><time>2025-07-04T20:53:05Z</time></trkpt><trkpt lat='42.86063' lon='0.06619'><ele>1610</ele><time>2025-07-04T21:09:31Z</time></trkpt><trkpt lat='42.86049' lon='0.06627'><ele>1612</ele><time>2025-07-04T21:17:44Z</time></trkpt><trkpt lat='42.86038' lon='0.06631'><ele>1615</ele><time>2025-07-04T21:25:58Z</time></trkpt><trkpt lat='42.86026' lon='0.06627'><ele>1617</ele><time>2025-07-04T21:34:11Z</time></trkpt><trkpt lat='42.86006' lon='0.06631'><ele>1619</ele><time>2025-07-04T21:45:09Z</time></trkpt><trkpt lat='42.85998' lon='0.0663'><ele>1621</ele><time>2025-07-04T21:50:38Z</time></trkpt><trkpt lat='42.859899999999996' lon='0.06622'><ele>1623</ele><time>2025-07-04T21:56:06Z</time></trkpt><trkpt lat='42.859750999999996' lon='0.066066'><ele>1625</ele><time>2025-07-04T22:07:04Z</time></trkpt><trkpt lat='42.859625' lon='0.06619699999999999'><ele>1627</ele><time>2025-07-04T22:18:02Z</time></trkpt><trkpt lat='42.859609999999996' lon='0.06634'><ele>1630</ele><time>2025-07-04T22:23:31Z</time></trkpt><trkpt lat='42.85959' lon='0.06638999999999999'><ele>1632</ele><time>2025-07-04T22:26:15Z</time></trkpt><trkpt lat='42.859539999999996' lon='0.06670999999999999'><ele>1636</ele><time>2025-07-04T22:39:57Z</time></trkpt><trkpt lat='42.859469999999995' lon='0.06681999999999999'><ele>1638</ele><time>2025-07-04T22:48:10Z</time></trkpt><trkpt lat='42.85946' lon='0.06687'><ele>1641</ele><time>2025-07-04T22:53:39Z</time></trkpt><trkpt lat='42.85948' lon='0.06694'><ele>1643</ele><time>2025-07-04T22:56:24Z</time></trkpt><trkpt lat='42.85938' lon='0.06709999999999999'><ele>1645</ele><time>2025-07-04T23:07:21Z</time></trkpt><trkpt lat='42.85931' lon='0.06724999999999999'><ele>1647</ele><time>2025-07-04T23:18:19Z</time></trkpt><trkpt lat='42.85924' lon='0.06729'><ele>1649</ele><time>2025-07-04T23:23:48Z</time></trkpt><trkpt lat='42.8592' lon='0.0674'><ele>1651</ele><time>2025-07-04T23:26:32Z</time></trkpt><trkpt lat='42.8591' lon='0.06749'><ele>1652</ele><time>2025-07-04T23:34:46Z</time></trkpt><trkpt lat='42.858999999999995' lon='0.06752999999999999'><ele>1654</ele><time>2025-07-04T23:37:30Z</time></trkpt><trkpt lat='42.8589' lon='0.06751'><ele>1655</ele><time>2025-07-04T23:42:59Z</time></trkpt><trkpt lat='42.85874' lon='0.06762'><ele>1657</ele><time>2025-07-04T23:51:12Z</time></trkpt><trkpt lat='42.85863' lon='0.06788'><ele>1658</ele><time>2025-07-05T00:02:10Z</time></trkpt><trkpt lat='42.858509999999995' lon='0.06824'><ele>1660</ele><time>2025-07-05T00:18:36Z</time></trkpt><trkpt lat='42.8585' lon='0.06841'><ele>1662</ele><time>2025-07-05T00:24:05Z</time></trkpt><trkpt lat='42.85852' lon='0.06860999999999999'><ele>1664</ele><time>2025-07-05T00:32:18Z</time></trkpt><trkpt lat='42.858619999999995' lon='0.06881999999999999'><ele>1667</ele><time>2025-07-05T00:40:32Z</time></trkpt><trkpt lat='42.85863' lon='0.06901'><ele>1670</ele><time>2025-07-05T00:48:45Z</time></trkpt><trkpt lat='42.858509999999995' lon='0.0693'><ele>1675</ele><time>2025-07-05T01:02:27Z</time></trkpt><trkpt lat='42.858365' lon='0.06989'><ele>1679</ele><time>2025-07-05T01:24:22Z</time></trkpt><trkpt lat='42.858219999999996' lon='0.07048'><ele>1684</ele><time>2025-07-05T01:46:18Z</time></trkpt><trkpt lat='42.85821' lon='0.07064'><ele>1688</ele><time>2025-07-05T01:51:47Z</time></trkpt><trkpt lat='42.858239999999995' lon='0.07094'><ele>1691</ele><time>2025-07-05T02:02:44Z</time></trkpt><trkpt lat='42.85832' lon='0.07116'><ele>1692</ele><time>2025-07-05T02:10:58Z</time></trkpt><trkpt lat='42.85832' lon='0.07144'><ele>1693</ele><time>2025-07-05T02:19:11Z</time></trkpt><trkpt lat='42.85823' lon='0.07162'><ele>1694</ele><time>2025-07-05T02:27:24Z</time></trkpt><trkpt lat='42.858239999999995' lon='0.07211'><ele>1694</ele><time>2025-07-05T02:41:06Z</time></trkpt><trkpt lat='42.85828' lon='0.0722'><ele>1694</ele><time>2025-07-05T02:43:51Z</time></trkpt><trkpt lat='42.85828' lon='0.07236'><ele>1695</ele><time>2025-07-05T02:49:20Z</time></trkpt><trkpt lat='42.858239999999995' lon='0.0727'><ele>1696</ele><time>2025-07-05T03:00:17Z</time></trkpt><trkpt lat='42.85827' lon='0.07298'><ele>1698</ele><time>2025-07-05T03:11:15Z</time></trkpt><trkpt lat='42.85847' lon='0.07336999999999999'><ele>1699</ele><time>2025-07-05T03:24:57Z</time></trkpt><trkpt lat='42.85852' lon='0.07353'><ele>1702</ele><time>2025-07-05T03:30:26Z</time></trkpt><trkpt lat='42.85855' lon='0.07375999999999999'><ele>1703</ele><time>2025-07-05T03:38:39Z</time></trkpt><trkpt lat='42.85876' lon='0.07393999999999999'><ele>1706</ele><time>2025-07-05T03:49:37Z</time></trkpt><trkpt lat='42.85885' lon='0.07404'><ele>1709</ele><time>2025-07-05T04:03:19Z</time></trkpt><trkpt lat='42.85885' lon='0.07422'><ele>1712</ele><time>2025-07-05T04:14:17Z</time></trkpt><trkpt lat='42.8589' lon='0.07438'><ele>1715</ele><time>2025-07-05T04:27:59Z</time></trkpt><trkpt lat='42.85888' lon='0.07446'><ele>1718</ele><time>2025-07-05T04:33:28Z</time></trkpt><trkpt lat='42.85892' lon='0.07457'><ele>1721</ele><time>2025-07-05T04:47:10Z</time></trkpt><trkpt lat='42.858889999999995' lon='0.07467'><ele>1725</ele><time>2025-07-05T04:58:07Z</time></trkpt><trkpt lat='42.85881' lon='0.0747'><ele>1728</ele><time>2025-07-05T05:11:49Z</time></trkpt><trkpt lat='42.85873' lon='0.07488'><ele>1733</ele><time>2025-07-05T05:31:00Z</time></trkpt><trkpt lat='42.85884' lon='0.07511'><ele>1737</ele><time>2025-07-05T05:47:27Z</time></trkpt><trkpt lat='42.85892' lon='0.07536'><ele>1742</ele><time>2025-07-05T06:03:53Z</time></trkpt><trkpt lat='42.85892' lon='0.07551'><ele>1745</ele><time>2025-07-05T06:12:07Z</time></trkpt><trkpt lat='42.858889999999995' lon='0.07564'><ele>1750</ele><time>2025-07-05T06:20:20Z</time></trkpt><trkpt lat='42.85892' lon='0.07576999999999999'><ele>1753</ele><time>2025-07-05T06:28:33Z</time></trkpt><trkpt lat='42.858979999999995' lon='0.07625'><ele>1757</ele><time>2025-07-05T06:53:13Z</time></trkpt><trkpt lat='42.85897' lon='0.07649'><ele>1760</ele><time>2025-07-05T07:09:40Z</time></trkpt><trkpt lat='42.85902' lon='0.07675'><ele>1765</ele><time>2025-07-05T07:26:06Z</time></trkpt><trkpt lat='42.85902' lon='0.07694999999999999'><ele>1770</ele><time>2025-07-05T07:37:04Z</time></trkpt><trkpt lat='42.858779999999996' lon='0.07696'><ele>1775</ele><time>2025-07-05T07:58:59Z</time></trkpt><trkpt lat='42.85859' lon='0.07715999999999999'><ele>1782</ele><time>2025-07-05T08:18:10Z</time></trkpt><trkpt lat='42.858579999999996' lon='0.07729'><ele>1786</ele><time>2025-07-05T08:31:52Z</time></trkpt><trkpt lat='42.858509999999995' lon='0.07757'><ele>1792</ele><time>2025-07-05T09:02:01Z</time></trkpt><trkpt lat='42.85852' lon='0.07761'><ele>1796</ele><time>2025-07-05T09:10:14Z</time></trkpt><trkpt lat='42.85848' lon='0.07764'><ele>1802</ele><time>2025-07-05T09:21:12Z</time></trkpt><trkpt lat='42.85836' lon='0.07783'><ele>1807</ele><time>2025-07-05T09:45:52Z</time></trkpt><trkpt lat='42.85827' lon='0.0783'><ele>1813</ele><time>2025-07-05T10:05:03Z</time></trkpt><trkpt lat='42.8583' lon='0.07915'><ele>1819</ele><time>2025-07-05T10:35:11Z</time></trkpt><trkpt lat='42.858239999999995' lon='0.07951'><ele>1825</ele><time>2025-07-05T10:57:07Z</time></trkpt><trkpt lat='42.85823' lon='0.07977999999999999'><ele>1829</ele><time>2025-07-05T11:13:33Z</time></trkpt><trkpt lat='42.85818' lon='0.07997'><ele>1834</ele><time>2025-07-05T11:27:15Z</time></trkpt><trkpt lat='42.85818' lon='0.08057'><ele>1836</ele><time>2025-07-05T11:49:11Z</time></trkpt><trkpt lat='42.858109999999996' lon='0.0808'><ele>1840</ele><time>2025-07-05T11:57:24Z</time></trkpt><trkpt lat='42.8581' lon='0.08097'><ele>1842</ele><time>2025-07-05T12:05:37Z</time></trkpt><trkpt lat='42.858019999999996' lon='0.08127'><ele>1846</ele><time>2025-07-05T12:16:35Z</time></trkpt><trkpt lat='42.858019999999996' lon='0.08134'><ele>1848</ele><time>2025-07-05T12:22:04Z</time></trkpt><trkpt lat='42.85788' lon='0.08148999999999999'><ele>1850</ele><time>2025-07-05T12:33:01Z</time></trkpt><trkpt lat='42.85776' lon='0.08156'><ele>1852</ele><time>2025-07-05T12:38:30Z</time></trkpt><trkpt lat='42.857749999999996' lon='0.08175'><ele>1854</ele><time>2025-07-05T12:46:44Z</time></trkpt><trkpt lat='42.85772' lon='0.08184999999999999'><ele>1856</ele><time>2025-07-05T12:52:12Z</time></trkpt><trkpt lat='42.857639999999996' lon='0.08191'><ele>1858</ele><time>2025-07-05T12:57:41Z</time></trkpt><trkpt lat='42.85763' lon='0.08211'><ele>1859</ele><time>2025-07-05T13:05:54Z</time></trkpt><trkpt lat='42.85756' lon='0.08231'><ele>1862</ele><time>2025-07-05T13:11:23Z</time></trkpt><trkpt lat='42.857479999999995' lon='0.08245'><ele>1863</ele><time>2025-07-05T13:16:52Z</time></trkpt><trkpt lat='42.857479999999995' lon='0.08256'><ele>1865</ele><time>2025-07-05T13:22:21Z</time></trkpt><trkpt lat='42.857369999999996' lon='0.08284'><ele>1867</ele><time>2025-07-05T13:30:34Z</time></trkpt><trkpt lat='42.85723' lon='0.08308'><ele>1868</ele><time>2025-07-05T13:41:32Z</time></trkpt><trkpt lat='42.85707' lon='0.08377'><ele>1870</ele><time>2025-07-05T14:03:27Z</time></trkpt><trkpt lat='42.85704' lon='0.08413999999999999'><ele>1871</ele><time>2025-07-05T14:17:09Z</time></trkpt><trkpt lat='42.85693' lon='0.08431'><ele>1872</ele><time>2025-07-05T14:22:38Z</time></trkpt><trkpt lat='42.85686' lon='0.08449999999999999'><ele>1873</ele><time>2025-07-05T14:30:52Z</time></trkpt><trkpt lat='42.856829999999995' lon='0.08467999999999999'><ele>1874</ele><time>2025-07-05T14:36:20Z</time></trkpt><trkpt lat='42.85688' lon='0.08492'><ele>1875</ele><time>2025-07-05T14:44:34Z</time></trkpt><trkpt lat='42.85694' lon='0.08495'><ele>1876</ele><time>2025-07-05T14:47:18Z</time></trkpt><trkpt lat='42.856989999999996' lon='0.08498'><ele>1877</ele><time>2025-07-05T14:50:03Z</time></trkpt><trkpt lat='42.857099999999996' lon='0.0851'><ele>1877</ele><time>2025-07-05T14:55:31Z</time></trkpt><trkpt lat='42.85718' lon='0.08514999999999999'><ele>1878</ele><time>2025-07-05T14:58:16Z</time></trkpt><trkpt lat='42.85723' lon='0.08532'><ele>1879</ele><time>2025-07-05T15:06:29Z</time></trkpt><trkpt lat='42.85724' lon='0.08542999999999999'><ele>1881</ele><time>2025-07-05T15:09:13Z</time></trkpt><trkpt lat='42.85722' lon='0.08560999999999999'><ele>1883</ele><time>2025-07-05T15:22:56Z</time></trkpt><trkpt lat='42.85724' lon='0.08574'><ele>1887</ele><time>2025-07-05T15:31:09Z</time></trkpt><trkpt lat='42.85732' lon='0.08585999999999999'><ele>1891</ele><time>2025-07-05T15:42:07Z</time></trkpt><trkpt lat='42.857369999999996' lon='0.08623'><ele>1897</ele><time>2025-07-05T16:04:02Z</time></trkpt><trkpt lat='42.85738' lon='0.08645'><ele>1902</ele><time>2025-07-05T16:28:42Z</time></trkpt><trkpt lat='42.85732' lon='0.08668999999999999'><ele>1909</ele><time>2025-07-05T16:53:22Z</time></trkpt><trkpt lat='42.857209999999995' lon='0.08685999999999999'><ele>1914</ele><time>2025-07-05T17:18:01Z</time></trkpt><trkpt lat='42.85725' lon='0.08692'><ele>1920</ele><time>2025-07-05T17:28:59Z</time></trkpt><trkpt lat='42.857299999999995' lon='0.08691'><ele>1922</ele><time>2025-07-05T17:37:12Z</time></trkpt><trkpt lat='42.857209999999995' lon='0.08705'><ele>1928</ele><time>2025-07-05T17:56:23Z</time></trkpt><trkpt lat='42.857119999999995' lon='0.08706'><ele>1931</ele><time>2025-07-05T18:10:05Z</time></trkpt><trkpt lat='42.85694' lon='0.0872'><ele>1937</ele><time>2025-07-05T18:32:01Z</time></trkpt><trkpt lat='42.856719999999996' lon='0.08725'><ele>1941</ele><time>2025-07-05T18:51:12Z</time></trkpt><trkpt lat='42.85662' lon='0.08732999999999999'><ele>1946</ele><time>2025-07-05T19:04:54Z</time></trkpt><trkpt lat='42.856559999999995' lon='0.08728'><ele>1950</ele><time>2025-07-05T19:13:07Z</time></trkpt><trkpt lat='42.85648' lon='0.08725'><ele>1954</ele><time>2025-07-05T19:24:05Z</time></trkpt><trkpt lat='42.85631' lon='0.08746'><ele>1957</ele><time>2025-07-05T19:46:00Z</time></trkpt><trkpt lat='42.85622' lon='0.08753999999999999'><ele>1960</ele><time>2025-07-05T19:54:13Z</time></trkpt><trkpt lat='42.856179999999995' lon='0.08753'><ele>1963</ele><time>2025-07-05T19:56:58Z</time></trkpt><trkpt lat='42.85604' lon='0.08743'><ele>1965</ele><time>2025-07-05T20:07:55Z</time></trkpt><trkpt lat='42.85595' lon='0.08743999999999999'><ele>1967</ele><time>2025-07-05T20:13:24Z</time></trkpt><trkpt lat='42.85574' lon='0.08755'><ele>1970</ele><time>2025-07-05T20:29:51Z</time></trkpt><trkpt lat='42.85561' lon='0.08756'><ele>1971</ele><time>2025-07-05T20:38:04Z</time></trkpt><trkpt lat='42.85547' lon='0.08761999999999999'><ele>1974</ele><time>2025-07-05T20:43:33Z</time></trkpt><trkpt lat='42.85543' lon='0.08766'><ele>1974</ele><time>2025-07-05T20:46:17Z</time></trkpt><trkpt lat='42.85528' lon='0.08799'><ele>1977</ele><time>2025-07-05T21:00:00Z</time></trkpt><trkpt lat='42.8551' lon='0.088'><ele>1977</ele><time>2025-07-05T21:08:13Z</time></trkpt><trkpt lat='42.855019999999996' lon='0.08811'><ele>1979</ele><time>2025-07-05T21:10:57Z</time></trkpt><trkpt lat='42.8549' lon='0.08821'><ele>1980</ele><time>2025-07-05T21:19:10Z</time></trkpt><trkpt lat='42.85476' lon='0.08824'><ele>1982</ele><time>2025-07-05T21:24:39Z</time></trkpt><trkpt lat='42.854639999999996' lon='0.08829999999999999'><ele>1983</ele><time>2025-07-05T21:32:53Z</time></trkpt><trkpt lat='42.85433' lon='0.08836'><ele>1987</ele><time>2025-07-05T21:52:04Z</time></trkpt><trkpt lat='42.85418' lon='0.08845'><ele>1989</ele><time>2025-07-05T22:00:17Z</time></trkpt><trkpt lat='42.854099999999995' lon='0.0886'><ele>1992</ele><time>2025-07-05T22:08:30Z</time></trkpt><trkpt lat='42.854029999999995' lon='0.08863'><ele>1996</ele><time>2025-07-05T22:13:59Z</time></trkpt><trkpt lat='42.853919999999995' lon='0.08863'><ele>1999</ele><time>2025-07-05T22:24:57Z</time></trkpt><trkpt lat='42.85364' lon='0.08884'><ele>2003</ele><time>2025-07-05T22:49:36Z</time></trkpt><trkpt lat='42.85357' lon='0.08884'><ele>2006</ele><time>2025-07-05T22:55:05Z</time></trkpt><trkpt lat='42.853449999999995' lon='0.08875999999999999'><ele>2011</ele><time>2025-07-05T23:06:03Z</time></trkpt><trkpt lat='42.85329' lon='0.08872999999999999'><ele>2014</ele><time>2025-07-05T23:17:01Z</time></trkpt><trkpt lat='42.85303' lon='0.08875'><ele>2018</ele><time>2025-07-05T23:33:27Z</time></trkpt><trkpt lat='42.8529' lon='0.08886999999999999'><ele>2021</ele><time>2025-07-05T23:44:25Z</time></trkpt><trkpt lat='42.85281' lon='0.08906'><ele>2025</ele><time>2025-07-05T23:52:38Z</time></trkpt><trkpt lat='42.85277' lon='0.08907999999999999'><ele>2027</ele><time>2025-07-06T00:00:51Z</time></trkpt><trkpt lat='42.852709999999995' lon='0.08907'><ele>2030</ele><time>2025-07-06T00:09:05Z</time></trkpt><trkpt lat='42.85263' lon='0.08900999999999999'><ele>2032</ele><time>2025-07-06T00:20:02Z</time></trkpt><trkpt lat='42.852599999999995' lon='0.08904999999999999'><ele>2035</ele><time>2025-07-06T00:25:31Z</time></trkpt><trkpt lat='42.852399999999996' lon='0.0891'><ele>2039</ele><time>2025-07-06T00:50:11Z</time></trkpt><trkpt lat='42.85223' lon='0.08922'><ele>2042</ele><time>2025-07-06T01:01:09Z</time></trkpt><trkpt lat='42.85199' lon='0.08953'><ele>2047</ele><time>2025-07-06T01:20:20Z</time></trkpt><trkpt lat='42.85188' lon='0.08965'><ele>2050</ele><time>2025-07-06T01:28:33Z</time></trkpt><trkpt lat='42.85165' lon='0.0896'><ele>2053</ele><time>2025-07-06T01:39:31Z</time></trkpt><trkpt lat='42.85135' lon='0.08949'><ele>2055</ele><time>2025-07-06T01:55:57Z</time></trkpt><trkpt lat='42.8512' lon='0.08938'><ele>2057</ele><time>2025-07-06T02:01:26Z</time></trkpt><trkpt lat='42.850899999999996' lon='0.08947'><ele>2060</ele><time>2025-07-06T02:15:08Z</time></trkpt><trkpt lat='42.85076' lon='0.08947'><ele>2062</ele><time>2025-07-06T02:23:21Z</time></trkpt><trkpt lat='42.850649999999995' lon='0.0895'><ele>2064</ele><time>2025-07-06T02:31:35Z</time></trkpt><trkpt lat='42.85056' lon='0.08964'><ele>2066</ele><time>2025-07-06T02:39:48Z</time></trkpt><trkpt lat='42.850269999999995' lon='0.08979999999999999'><ele>2069</ele><time>2025-07-06T02:56:14Z</time></trkpt><trkpt lat='42.85022' lon='0.08979999999999999'><ele>2071</ele><time>2025-07-06T02:58:59Z</time></trkpt><trkpt lat='42.8502' lon='0.08977'><ele>2073</ele><time>2025-07-06T03:01:43Z</time></trkpt><trkpt lat='42.850159999999995' lon='0.08985'><ele>2075</ele><time>2025-07-06T03:09:56Z</time></trkpt><trkpt lat='42.85012' lon='0.08985'><ele>2077</ele><time>2025-07-06T03:12:41Z</time></trkpt><trkpt lat='42.85002' lon='0.08975999999999999'><ele>2080</ele><time>2025-07-06T03:23:39Z</time></trkpt><trkpt lat='42.84997' lon='0.08979'><ele>2082</ele><time>2025-07-06T03:29:07Z</time></trkpt><trkpt lat='42.84984' lon='0.08972'><ele>2084</ele><time>2025-07-06T03:40:05Z</time></trkpt><trkpt lat='42.84966' lon='0.08967'><ele>2086</ele><time>2025-07-06T03:51:03Z</time></trkpt><trkpt lat='42.84962' lon='0.08975999999999999'><ele>2088</ele><time>2025-07-06T03:53:47Z</time></trkpt><trkpt lat='42.84973' lon='0.08992'><ele>2089</ele><time>2025-07-06T04:02:01Z</time></trkpt><trkpt lat='42.84975' lon='0.09003'><ele>2091</ele><time>2025-07-06T04:07:29Z</time></trkpt><trkpt lat='42.849709999999995' lon='0.09011999999999999'><ele>2092</ele><time>2025-07-06T04:10:14Z</time></trkpt><trkpt lat='42.84963' lon='0.09018'><ele>2094</ele><time>2025-07-06T04:15:43Z</time></trkpt><trkpt lat='42.84937' lon='0.09026999999999999'><ele>2096</ele><time>2025-07-06T04:26:40Z</time></trkpt><trkpt lat='42.84909' lon='0.09042'><ele>2099</ele><time>2025-07-06T04:43:07Z</time></trkpt><trkpt lat='42.84898' lon='0.0904'><ele>2100</ele><time>2025-07-06T04:48:36Z</time></trkpt><trkpt lat='42.84879' lon='0.09042'><ele>2102</ele><time>2025-07-06T04:56:49Z</time></trkpt><trkpt lat='42.848769999999995' lon='0.09035'><ele>2103</ele><time>2025-07-06T04:59:33Z</time></trkpt><trkpt lat='42.84879' lon='0.0902'><ele>2105</ele><time>2025-07-06T05:05:02Z</time></trkpt><trkpt lat='42.848749999999995' lon='0.09'><ele>2106</ele><time>2025-07-06T05:10:31Z</time></trkpt><trkpt lat='42.84871' lon='0.08997'><ele>2107</ele><time>2025-07-06T05:13:15Z</time></trkpt><trkpt lat='42.848639999999996' lon='0.08995'><ele>2108</ele><time>2025-07-06T05:18:44Z</time></trkpt><trkpt lat='42.84858' lon='0.09'><ele>2110</ele><time>2025-07-06T05:21:29Z</time></trkpt><trkpt lat='42.84858' lon='0.0902'><ele>2111</ele><time>2025-07-06T05:29:42Z</time></trkpt><trkpt lat='42.84844' lon='0.09029999999999999'><ele>2112</ele><time>2025-07-06T05:37:55Z</time></trkpt><trkpt lat='42.848389999999995' lon='0.09029'><ele>2114</ele><time>2025-07-06T05:40:40Z</time></trkpt><trkpt lat='42.84832' lon='0.09014'><ele>2116</ele><time>2025-07-06T05:46:09Z</time></trkpt><trkpt lat='42.84825' lon='0.0901'><ele>2117</ele><time>2025-07-06T05:51:37Z</time></trkpt><trkpt lat='42.84815' lon='0.09025'><ele>2119</ele><time>2025-07-06T05:59:51Z</time></trkpt><trkpt lat='42.848099999999995' lon='0.09014'><ele>2121</ele><time>2025-07-06T06:05:20Z</time></trkpt><trkpt lat='42.84806' lon='0.09014'><ele>2124</ele><time>2025-07-06T06:08:04Z</time></trkpt><trkpt lat='42.847989999999996' lon='0.0902'><ele>2125</ele><time>2025-07-06T06:13:33Z</time></trkpt><trkpt lat='42.84798' lon='0.09067'><ele>2129</ele><time>2025-07-06T06:32:44Z</time></trkpt><trkpt lat='42.84803' lon='0.09089'><ele>2130</ele><time>2025-07-06T06:40:57Z</time></trkpt><trkpt lat='42.84811' lon='0.09104999999999999'><ele>2134</ele><time>2025-07-06T06:51:55Z</time></trkpt><trkpt lat='42.84823' lon='0.09108999999999999'><ele>2135</ele><time>2025-07-06T07:00:08Z</time></trkpt><trkpt lat='42.84854' lon='0.09136'><ele>2139</ele><time>2025-07-06T07:22:03Z</time></trkpt><trkpt lat='42.848549999999996' lon='0.09142'><ele>2143</ele><time>2025-07-06T07:24:48Z</time></trkpt><trkpt lat='42.84869' lon='0.09156'><ele>2146</ele><time>2025-07-06T07:35:45Z</time></trkpt><trkpt lat='42.849329999999995' lon='0.09183999999999999'><ele>2153</ele><time>2025-07-06T08:08:38Z</time></trkpt><trkpt lat='42.84952' lon='0.09182'><ele>2156</ele><time>2025-07-06T08:16:52Z</time></trkpt><trkpt lat='42.849849999999996' lon='0.09204'><ele>2164</ele><time>2025-07-06T08:36:03Z</time></trkpt><trkpt lat='42.85013' lon='0.09215999999999999'><ele>2166</ele><time>2025-07-06T08:52:29Z</time></trkpt><trkpt lat='42.85078' lon='0.09251'><ele>2175</ele><time>2025-07-06T09:28:07Z</time></trkpt><trkpt lat='42.85091' lon='0.09246'><ele>2176</ele><time>2025-07-06T09:39:04Z</time></trkpt><trkpt lat='42.85107' lon='0.09272'><ele>2182</ele><time>2025-07-06T10:01:00Z</time></trkpt><trkpt lat='42.85111' lon='0.09273999999999999'><ele>2183</ele><time>2025-07-06T10:03:44Z</time></trkpt><trkpt lat='42.85109' lon='0.09272999999999999'><ele>2186</ele><time>2025-07-06T10:06:29Z</time></trkpt><trkpt lat='42.85125' lon='0.09283'><ele>2189</ele><time>2025-07-06T10:17:26Z</time></trkpt><trkpt lat='42.85131' lon='0.0929'><ele>2191</ele><time>2025-07-06T10:20:11Z</time></trkpt><trkpt lat='42.85153' lon='0.09304'><ele>2195</ele><time>2025-07-06T10:33:53Z</time></trkpt><trkpt lat='42.851949999999995' lon='0.09315999999999999'><ele>2198</ele><time>2025-07-06T10:53:04Z</time></trkpt><trkpt lat='42.85227' lon='0.09336'><ele>2201</ele><time>2025-07-06T11:12:15Z</time></trkpt><trkpt lat='42.85243' lon='0.09332'><ele>2205</ele><time>2025-07-06T11:23:12Z</time></trkpt><trkpt lat='42.85252' lon='0.09319'><ele>2207</ele><time>2025-07-06T11:28:41Z</time></trkpt><trkpt lat='42.85265' lon='0.09322'><ele>2210</ele><time>2025-07-06T11:36:55Z</time></trkpt><trkpt lat='42.852779999999996' lon='0.09319999999999999'><ele>2213</ele><time>2025-07-06T11:45:08Z</time></trkpt><trkpt lat='42.85293' lon='0.09307'><ele>2215</ele><time>2025-07-06T11:56:06Z</time></trkpt><trkpt lat='42.85319' lon='0.0928'><ele>2220</ele><time>2025-07-06T12:12:32Z</time></trkpt><trkpt lat='42.85328' lon='0.09265'><ele>2222</ele><time>2025-07-06T12:20:45Z</time></trkpt><trkpt lat='42.85338' lon='0.09258999999999999'><ele>2226</ele><time>2025-07-06T12:28:59Z</time></trkpt><trkpt lat='42.85351' lon='0.09262'><ele>2228</ele><time>2025-07-06T12:34:27Z</time></trkpt><trkpt lat='42.8536' lon='0.09269'><ele>2231</ele><time>2025-07-06T12:39:56Z</time></trkpt><trkpt lat='42.85367' lon='0.09278'><ele>2232</ele><time>2025-07-06T12:45:25Z</time></trkpt><trkpt lat='42.85379' lon='0.09328'><ele>2234</ele><time>2025-07-06T13:04:36Z</time></trkpt><trkpt lat='42.85385' lon='0.09335'><ele>2234</ele><time>2025-07-06T13:07:20Z</time></trkpt><trkpt lat='42.85396' lon='0.09337999999999999'><ele>2233</ele><time>2025-07-06T13:12:49Z</time></trkpt><trkpt lat='42.85423' lon='0.09335'><ele>2231</ele><time>2025-07-06T13:18:18Z</time></trkpt><trkpt lat='42.854369999999996' lon='0.09321'><ele>2226</ele><time>2025-07-06T13:23:47Z</time></trkpt><trkpt lat='42.85444' lon='0.09307'><ele>2224</ele><time>2025-07-06T13:29:16Z</time></trkpt><trkpt lat='42.85481' lon='0.09255999999999999'><ele>2218</ele><time>2025-07-06T13:42:58Z</time></trkpt><trkpt lat='42.85503' lon='0.09239'><ele>2216</ele><time>2025-07-06T13:51:11Z</time></trkpt><trkpt lat='42.85525' lon='0.09226'><ele>2211</ele><time>2025-07-06T13:59:25Z</time></trkpt><trkpt lat='42.85535' lon='0.09226999999999999'><ele>2209</ele><time>2025-07-06T14:02:09Z</time></trkpt><trkpt lat='42.85539' lon='0.09222'><ele>2207</ele><time>2025-07-06T14:04:53Z</time></trkpt><trkpt lat='42.85547' lon='0.09222'><ele>2206</ele><time>2025-07-06T14:07:38Z</time></trkpt><trkpt lat='42.85559' lon='0.09232'><ele>2204</ele><time>2025-07-06T14:13:07Z</time></trkpt><trkpt lat='42.855669999999996' lon='0.09229'><ele>2203</ele><time>2025-07-06T14:15:51Z</time></trkpt><trkpt lat='42.8557' lon='0.09236'><ele>2202</ele><time>2025-07-06T14:15:51Z</time></trkpt><trkpt lat='42.855869999999996' lon='0.0924'><ele>2200</ele><time>2025-07-06T14:21:20Z</time></trkpt><trkpt lat='42.85604' lon='0.09236'><ele>2199</ele><time>2025-07-06T14:26:49Z</time></trkpt><trkpt lat='42.8561' lon='0.09233'><ele>2198</ele><time>2025-07-06T14:26:49Z</time></trkpt><trkpt lat='42.856159999999996' lon='0.09222999999999999'><ele>2196</ele><time>2025-07-06T14:29:33Z</time></trkpt><trkpt lat='42.85617' lon='0.09212'><ele>2195</ele><time>2025-07-06T14:35:02Z</time></trkpt><trkpt lat='42.85623' lon='0.09201'><ele>2194</ele><time>2025-07-06T14:37:46Z</time></trkpt><trkpt lat='42.85638' lon='0.09179999999999999'><ele>2193</ele><time>2025-07-06T14:46:00Z</time></trkpt><trkpt lat='42.85644' lon='0.09162'><ele>2192</ele><time>2025-07-06T14:51:29Z</time></trkpt><trkpt lat='42.85651' lon='0.09147999999999999'><ele>2191</ele><time>2025-07-06T14:54:13Z</time></trkpt><trkpt lat='42.856519999999996' lon='0.09139'><ele>2191</ele><time>2025-07-06T14:56:57Z</time></trkpt><trkpt lat='42.85658' lon='0.09129'><ele>2190</ele><time>2025-07-06T14:59:42Z</time></trkpt><trkpt lat='42.856609999999996' lon='0.09119999999999999'><ele>2189</ele><time>2025-07-06T15:02:26Z</time></trkpt><trkpt lat='42.85667' lon='0.09113'><ele>2187</ele><time>2025-07-06T15:05:11Z</time></trkpt><trkpt lat='42.85676' lon='0.09108999999999999'><ele>2185</ele><time>2025-07-06T15:10:39Z</time></trkpt><trkpt lat='42.85707' lon='0.09104999999999999'><ele>2183</ele><time>2025-07-06T15:21:37Z</time></trkpt><trkpt lat='42.85714' lon='0.09094'><ele>2180</ele><time>2025-07-06T15:24:22Z</time></trkpt><trkpt lat='42.85732' lon='0.09090999999999999'><ele>2178</ele><time>2025-07-06T15:29:50Z</time></trkpt><trkpt lat='42.857499999999995' lon='0.09096'><ele>2176</ele><time>2025-07-06T15:35:19Z</time></trkpt><trkpt lat='42.85763' lon='0.09081'><ele>2173</ele><time>2025-07-06T15:38:04Z</time></trkpt><trkpt lat='42.8577' lon='0.09083'><ele>2173</ele><time>2025-07-06T15:40:48Z</time></trkpt><trkpt lat='42.85778' lon='0.09079999999999999'><ele>2170</ele><time>2025-07-06T15:46:17Z</time></trkpt><trkpt lat='42.857839999999996' lon='0.09081'><ele>2169</ele><time>2025-07-06T15:46:17Z</time></trkpt><trkpt lat='42.85782' lon='0.09064'><ele>2166</ele><time>2025-07-06T15:51:46Z</time></trkpt><trkpt lat='42.8579' lon='0.09047999999999999'><ele>2164</ele><time>2025-07-06T15:57:15Z</time></trkpt><trkpt lat='42.85794' lon='0.09047999999999999'><ele>2162</ele><time>2025-07-06T15:59:59Z</time></trkpt><trkpt lat='42.85808' lon='0.09075'><ele>2158</ele><time>2025-07-06T16:08:12Z</time></trkpt><trkpt lat='42.85814' lon='0.09072999999999999'><ele>2156</ele><time>2025-07-06T16:10:57Z</time></trkpt><trkpt lat='42.85828' lon='0.09045'><ele>2152</ele><time>2025-07-06T16:19:10Z</time></trkpt><trkpt lat='42.85829' lon='0.09028'><ele>2150</ele><time>2025-07-06T16:21:54Z</time></trkpt><trkpt lat='42.85852' lon='0.09028'><ele>2148</ele><time>2025-07-06T16:32:52Z</time></trkpt><trkpt lat='42.858579999999996' lon='0.09031'><ele>2148</ele><time>2025-07-06T16:35:37Z</time></trkpt><trkpt lat='42.85857' lon='0.09042'><ele>2148</ele><time>2025-07-06T16:38:21Z</time></trkpt><trkpt lat='42.85863' lon='0.09071'><ele>2149</ele><time>2025-07-06T16:49:19Z</time></trkpt><trkpt lat='42.85866' lon='0.09078'><ele>2151</ele><time>2025-07-06T16:52:03Z</time></trkpt><trkpt lat='42.85875' lon='0.09088'><ele>2151</ele><time>2025-07-06T16:57:32Z</time></trkpt><trkpt lat='42.85883' lon='0.09068'><ele>2152</ele><time>2025-07-06T17:03:01Z</time></trkpt><trkpt lat='42.85882' lon='0.09054'><ele>2152</ele><time>2025-07-06T17:08:30Z</time></trkpt><trkpt lat='42.85892' lon='0.09038'><ele>2152</ele><time>2025-07-06T17:16:43Z</time></trkpt><trkpt lat='42.85895' lon='0.0902'><ele>2152</ele><time>2025-07-06T17:22:12Z</time></trkpt><trkpt lat='42.85904' lon='0.09007'><ele>2150</ele><time>2025-07-06T17:27:41Z</time></trkpt><trkpt lat='42.85914' lon='0.09007'><ele>2151</ele><time>2025-07-06T17:30:25Z</time></trkpt><trkpt lat='42.8592' lon='0.08997999999999999'><ele>2150</ele><time>2025-07-06T17:35:54Z</time></trkpt><trkpt lat='42.859269999999995' lon='0.08997'><ele>2151</ele><time>2025-07-06T17:38:38Z</time></trkpt><trkpt lat='42.859339999999996' lon='0.08988'><ele>2150</ele><time>2025-07-06T17:41:23Z</time></trkpt><trkpt lat='42.85939' lon='0.08986999999999999'><ele>2150</ele><time>2025-07-06T17:44:07Z</time></trkpt><trkpt lat='42.85949' lon='0.09003'><ele>2150</ele><time>2025-07-06T17:52:20Z</time></trkpt><trkpt lat='42.85951' lon='0.09033'><ele>2150</ele><time>2025-07-06T18:00:34Z</time></trkpt><trkpt lat='42.85962' lon='0.09049'><ele>2150</ele><time>2025-07-06T18:08:47Z</time></trkpt><trkpt lat='42.859649999999995' lon='0.09051'><ele>2150</ele><time>2025-07-06T18:08:47Z</time></trkpt><trkpt lat='42.85969' lon='0.09051'><ele>2150</ele><time>2025-07-06T18:11:31Z</time></trkpt><trkpt lat='42.85976' lon='0.09046'><ele>2150</ele><time>2025-07-06T18:14:16Z</time></trkpt><trkpt lat='42.8598' lon='0.09046'><ele>2150</ele><time>2025-07-06T18:17:00Z</time></trkpt><trkpt lat='42.86009' lon='0.09022999999999999'><ele>2150</ele><time>2025-07-06T18:30:42Z</time></trkpt><trkpt lat='42.86031' lon='0.09013'><ele>2150</ele><time>2025-07-06T18:41:40Z</time></trkpt><trkpt lat='42.86032' lon='0.09013'><ele>2150</ele><time>2025-07-06T18:41:40Z</time></trkpt><trkpt lat='42.86038' lon='0.09013'><ele>2150</ele><time>2025-07-06T18:44:24Z</time></trkpt><trkpt lat='42.86045' lon='0.09018'><ele>2149</ele><time>2025-07-06T18:47:09Z</time></trkpt><trkpt lat='42.86072' lon='0.09029999999999999'><ele>2149</ele><time>2025-07-06T19:00:51Z</time></trkpt><trkpt lat='42.860769999999995' lon='0.0904'><ele>2147</ele><time>2025-07-06T19:03:35Z</time></trkpt><trkpt lat='42.86079' lon='0.09049'><ele>2146</ele><time>2025-07-06T19:06:20Z</time></trkpt><trkpt lat='42.860949999999995' lon='0.09074'><ele>2143</ele><time>2025-07-06T19:17:17Z</time></trkpt><trkpt lat='42.861059999999995' lon='0.09072'><ele>2141</ele><time>2025-07-06T19:22:46Z</time></trkpt><trkpt lat='42.86132' lon='0.09054'><ele>2138</ele><time>2025-07-06T19:36:28Z</time></trkpt><trkpt lat='42.86138' lon='0.09042'><ele>2136</ele><time>2025-07-06T19:41:57Z</time></trkpt><trkpt lat='42.86148' lon='0.09004999999999999'><ele>2135</ele><time>2025-07-06T19:50:11Z</time></trkpt><trkpt lat='42.861619999999995' lon='0.08982'><ele>2130</ele><time>2025-07-06T19:55:39Z</time></trkpt><trkpt lat='42.86167' lon='0.08961'><ele>2130</ele><time>2025-07-06T20:01:08Z</time></trkpt><trkpt lat='42.86183' lon='0.08936'><ele>2125</ele><time>2025-07-06T20:06:37Z</time></trkpt><trkpt lat='42.86186' lon='0.08915'><ele>2124</ele><time>2025-07-06T20:14:50Z</time></trkpt><trkpt lat='42.861909999999995' lon='0.08914'><ele>2120</ele><time>2025-07-06T20:17:35Z</time></trkpt><trkpt lat='42.86193' lon='0.08918'><ele>2120</ele><time>2025-07-06T20:20:19Z</time></trkpt><trkpt lat='42.86194' lon='0.08927'><ele>2118</ele><time>2025-07-06T20:23:04Z</time></trkpt><trkpt lat='42.861869999999996' lon='0.08967'><ele>2117</ele><time>2025-07-06T20:34:01Z</time></trkpt><trkpt lat='42.861889999999995' lon='0.08985'><ele>2116</ele><time>2025-07-06T20:42:15Z</time></trkpt><trkpt lat='42.86182' lon='0.09026999999999999'><ele>2115</ele><time>2025-07-06T20:55:57Z</time></trkpt><trkpt lat='42.86182' lon='0.09053'><ele>2114</ele><time>2025-07-06T21:04:10Z</time></trkpt><trkpt lat='42.86184' lon='0.09054999999999999'><ele>2113</ele><time>2025-07-06T21:06:54Z</time></trkpt><trkpt lat='42.86188' lon='0.09054'><ele>2112</ele><time>2025-07-06T21:06:54Z</time></trkpt><trkpt lat='42.86193' lon='0.09047999999999999'><ele>2111</ele><time>2025-07-06T21:09:39Z</time></trkpt><trkpt lat='42.861909999999995' lon='0.0902'><ele>2110</ele><time>2025-07-06T21:17:52Z</time></trkpt><trkpt lat='42.861964' lon='0.09007899999999999'><ele>2109</ele><time>2025-07-06T21:23:21Z</time></trkpt><trkpt lat='42.862093' lon='0.089892'><ele>2107</ele><time>2025-07-06T21:31:34Z</time></trkpt><trkpt lat='42.862105' lon='0.08971499999999999'><ele>2107</ele><time>2025-07-06T21:34:19Z</time></trkpt><trkpt lat='42.862243' lon='0.08946799999999999'><ele>2105</ele><time>2025-07-06T21:45:16Z</time></trkpt><trkpt lat='42.862396' lon='0.089296'><ele>2104</ele><time>2025-07-06T21:50:45Z</time></trkpt><trkpt lat='42.862443' lon='0.089253'><ele>2102</ele><time>2025-07-06T21:53:30Z</time></trkpt><trkpt lat='42.862471' lon='0.089167'><ele>2101</ele><time>2025-07-06T21:58:58Z</time></trkpt><trkpt lat='42.862561' lon='0.089082'><ele>2100</ele><time>2025-07-06T22:01:43Z</time></trkpt><trkpt lat='42.862615999999996' lon='0.089173'><ele>2099</ele><time>2025-07-06T22:04:27Z</time></trkpt><trkpt lat='42.862549' lon='0.08928499999999999'><ele>2098</ele><time>2025-07-06T22:09:56Z</time></trkpt><trkpt lat='42.862333' lon='0.08966099999999999'><ele>2098</ele><time>2025-07-06T22:23:38Z</time></trkpt><trkpt lat='42.862321' lon='0.089736'><ele>2096</ele><time>2025-07-06T22:26:23Z</time></trkpt><trkpt lat='42.862345' lon='0.089833'><ele>2095</ele><time>2025-07-06T22:29:07Z</time></trkpt><trkpt lat='42.862538' lon='0.08992399999999999'><ele>2093</ele><time>2025-07-06T22:37:20Z</time></trkpt><trkpt lat='42.862569' lon='0.09007899999999999'><ele>2091</ele><time>2025-07-06T22:42:49Z</time></trkpt><trkpt lat='42.862694999999995' lon='0.09025599999999999'><ele>2088</ele><time>2025-07-06T22:51:02Z</time></trkpt><trkpt lat='42.862863999999995' lon='0.090224'><ele>2086</ele><time>2025-07-06T22:53:47Z</time></trkpt><trkpt lat='42.862961999999996' lon='0.090154'><ele>2083</ele><time>2025-07-06T22:59:16Z</time></trkpt><trkpt lat='42.863104' lon='0.089988'><ele>2081</ele><time>2025-07-06T23:04:45Z</time></trkpt><trkpt lat='42.863171' lon='0.08982699999999999'><ele>2078</ele><time>2025-07-06T23:07:29Z</time></trkpt><trkpt lat='42.863189999999996' lon='0.089672'><ele>2076</ele><time>2025-07-06T23:12:58Z</time></trkpt><trkpt lat='42.863122999999995' lon='0.089055'><ele>2073</ele><time>2025-07-06T23:23:55Z</time></trkpt><trkpt lat='42.863139' lon='0.088845'><ele>2071</ele><time>2025-07-06T23:29:24Z</time></trkpt><trkpt lat='42.863139' lon='0.088615'><ele>2068</ele><time>2025-07-06T23:34:53Z</time></trkpt><trkpt lat='42.863155' lon='0.088465'><ele>2065</ele><time>2025-07-06T23:37:38Z</time></trkpt><trkpt lat='42.863237999999996' lon='0.088223'><ele>2062</ele><time>2025-07-06T23:43:06Z</time></trkpt><trkpt lat='42.863288999999995' lon='0.087864'><ele>2056</ele><time>2025-07-06T23:51:20Z</time></trkpt><trkpt lat='42.863312' lon='0.08766'><ele>2055</ele><time>2025-07-06T23:56:49Z</time></trkpt><trkpt lat='42.863882' lon='0.086807'><ele>2046</ele><time>2025-07-07T00:18:44Z</time></trkpt><trkpt lat='42.864047' lon='0.086517'><ele>2044</ele><time>2025-07-07T00:26:57Z</time></trkpt><trkpt lat='42.864377999999995' lon='0.086174'><ele>2035</ele><time>2025-07-07T00:40:39Z</time></trkpt><trkpt lat='42.86448' lon='0.086104'><ele>2032</ele><time>2025-07-07T00:46:08Z</time></trkpt><trkpt lat='42.864872999999996' lon='0.086115'><ele>2026</ele><time>2025-07-07T00:59:50Z</time></trkpt><trkpt lat='42.864995' lon='0.086077'><ele>2023</ele><time>2025-07-07T01:02:35Z</time></trkpt><trkpt lat='42.865136' lon='0.085938'><ele>2019</ele><time>2025-07-07T01:08:04Z</time></trkpt><trkpt lat='42.865294' lon='0.085782'><ele>2016</ele><time>2025-07-07T01:13:32Z</time></trkpt><trkpt lat='42.865471' lon='0.085562'><ele>2013</ele><time>2025-07-07T01:21:46Z</time></trkpt><trkpt lat='42.865666999999995' lon='0.0853'><ele>2011</ele><time>2025-07-07T01:27:14Z</time></trkpt><trkpt lat='42.865702999999996' lon='0.085326'><ele>2007</ele><time>2025-07-07T01:29:59Z</time></trkpt><trkpt lat='42.865711' lon='0.08538'><ele>2005</ele><time>2025-07-07T01:32:43Z</time></trkpt><trkpt lat='42.865505999999996' lon='0.08585799999999999'><ele>2000</ele><time>2025-07-07T01:49:10Z</time></trkpt><trkpt lat='42.865415999999996' lon='0.08620599999999999'><ele>1997</ele><time>2025-07-07T02:00:08Z</time></trkpt><trkpt lat='42.865384' lon='0.08687099999999999'><ele>1992</ele><time>2025-07-07T02:16:34Z</time></trkpt><trkpt lat='42.865321' lon='0.087279'><ele>1988</ele><time>2025-07-07T02:24:47Z</time></trkpt><trkpt lat='42.865269999999995' lon='0.08759'><ele>1984</ele><time>2025-07-07T02:33:01Z</time></trkpt><trkpt lat='42.865144' lon='0.088111'><ele>1979</ele><time>2025-07-07T02:43:58Z</time></trkpt><trkpt lat='42.865141' lon='0.08831399999999999'><ele>1976</ele><time>2025-07-07T02:49:27Z</time></trkpt><trkpt lat='42.865269999999995' lon='0.088615'><ele>1971</ele><time>2025-07-07T03:00:25Z</time></trkpt><trkpt lat='42.865431' lon='0.088894'><ele>1968</ele><time>2025-07-07T03:08:38Z</time></trkpt><trkpt lat='42.865553' lon='0.089055'><ele>1963</ele><time>2025-07-07T03:14:07Z</time></trkpt><trkpt lat='42.865628' lon='0.089237'><ele>1959</ele><time>2025-07-07T03:19:36Z</time></trkpt><trkpt lat='42.865679' lon='0.08963399999999999'><ele>1955</ele><time>2025-07-07T03:27:49Z</time></trkpt><trkpt lat='42.865817' lon='0.09014899999999999'><ele>1951</ele><time>2025-07-07T03:38:47Z</time></trkpt><trkpt lat='42.865856' lon='0.090364'><ele>1948</ele><time>2025-07-07T03:44:16Z</time></trkpt><trkpt lat='42.86588' lon='0.090471'><ele>1946</ele><time>2025-07-07T03:47:00Z</time></trkpt><trkpt lat='42.865884' lon='0.090761'><ele>1944</ele><time>2025-07-07T03:52:29Z</time></trkpt><trkpt lat='42.865966' lon='0.090959'><ele>1942</ele><time>2025-07-07T03:57:58Z</time></trkpt><trkpt lat='42.866020999999996' lon='0.091018'><ele>1940</ele><time>2025-07-07T04:00:42Z</time></trkpt><trkpt lat='42.866108' lon='0.090991'><ele>1938</ele><time>2025-07-07T04:03:27Z</time></trkpt><trkpt lat='42.866181999999995' lon='0.090889'><ele>1936</ele><time>2025-07-07T04:08:55Z</time></trkpt><trkpt lat='42.866265' lon='0.09048199999999999'><ele>1933</ele><time>2025-07-07T04:17:09Z</time></trkpt><trkpt lat='42.86629' lon='0.09011999999999999'><ele>1929</ele><time>2025-07-07T04:22:37Z</time></trkpt><trkpt lat='42.866319999999995' lon='0.08968'><ele>1925</ele><time>2025-07-07T04:36:20Z</time></trkpt><trkpt lat='42.86642' lon='0.08956'><ele>1919</ele><time>2025-07-07T04:41:48Z</time></trkpt><trkpt lat='42.86647' lon='0.0894'><ele>1916</ele><time>2025-07-07T04:47:17Z</time></trkpt><trkpt lat='42.8666' lon='0.08863'><ele>1910</ele><time>2025-07-07T05:03:44Z</time></trkpt><trkpt lat='42.86654' lon='0.08852399999999999'><ele>1908</ele><time>2025-07-07T05:06:28Z</time></trkpt><trkpt lat='42.866383' lon='0.088416'><ele>1905</ele><time>2025-07-07T05:11:57Z</time></trkpt><trkpt lat='42.86634' lon='0.08825'><ele>1903</ele><time>2025-07-07T05:17:26Z</time></trkpt><trkpt lat='42.866301' lon='0.088116'><ele>1901</ele><time>2025-07-07T05:20:10Z</time></trkpt><trkpt lat='42.866344' lon='0.087869'><ele>1898</ele><time>2025-07-07T05:25:39Z</time></trkpt><trkpt lat='42.866445999999996' lon='0.08764899999999999'><ele>1895</ele><time>2025-07-07T05:31:08Z</time></trkpt><trkpt lat='42.866614999999996' lon='0.087547'><ele>1892</ele><time>2025-07-07T05:36:37Z</time></trkpt><trkpt lat='42.866823' lon='0.08746699999999999'><ele>1889</ele><time>2025-07-07T05:47:35Z</time></trkpt><trkpt lat='42.866914' lon='0.087424'><ele>1884</ele><time>2025-07-07T05:53:03Z</time></trkpt><trkpt lat='42.867024' lon='0.087311'><ele>1881</ele><time>2025-07-07T05:58:32Z</time></trkpt><trkpt lat='42.867382' lon='0.08695699999999999'><ele>1875</ele><time>2025-07-07T06:12:14Z</time></trkpt><trkpt lat='42.867605999999995' lon='0.086786'><ele>1871</ele><time>2025-07-07T06:20:28Z</time></trkpt><trkpt lat='42.867987' lon='0.086378'><ele>1864</ele><time>2025-07-07T06:34:10Z</time></trkpt><trkpt lat='42.868231' lon='0.086035'><ele>1860</ele><time>2025-07-07T06:45:07Z</time></trkpt><trkpt lat='42.868648' lon='0.085493'><ele>1854</ele><time>2025-07-07T07:04:18Z</time></trkpt><trkpt lat='42.86888' lon='0.085316'><ele>1850</ele><time>2025-07-07T07:12:32Z</time></trkpt><trkpt lat='42.868919' lon='0.08528899999999999'><ele>1847</ele><time>2025-07-07T07:15:16Z</time></trkpt><trkpt lat='42.868935' lon='0.085326'><ele>1844</ele><time>2025-07-07T07:18:00Z</time></trkpt><trkpt lat='42.868922999999995' lon='0.085391'><ele>1842</ele><time>2025-07-07T07:18:00Z</time></trkpt><trkpt lat='42.868707' lon='0.085723'><ele>1840</ele><time>2025-07-07T07:28:58Z</time></trkpt><trkpt lat='42.868643999999996' lon='0.08598599999999999'><ele>1837</ele><time>2025-07-07T07:37:11Z</time></trkpt><trkpt lat='42.86864' lon='0.086174'><ele>1835</ele><time>2025-07-07T07:42:40Z</time></trkpt><trkpt lat='42.868742' lon='0.086598'><ele>1830</ele><time>2025-07-07T07:53:38Z</time></trkpt><trkpt lat='42.868699' lon='0.086753'><ele>1828</ele><time>2025-07-07T07:56:22Z</time></trkpt><trkpt lat='42.8684' lon='0.08748299999999999'><ele>1823</ele><time>2025-07-07T08:15:33Z</time></trkpt><trkpt lat='42.868297999999996' lon='0.088127'><ele>1820</ele><time>2025-07-07T08:29:15Z</time></trkpt><trkpt lat='42.868314' lon='0.08826099999999999'><ele>1817</ele><time>2025-07-07T08:32:00Z</time></trkpt><trkpt lat='42.868387999999996' lon='0.08826099999999999'><ele>1814</ele><time>2025-07-07T08:34:44Z</time></trkpt><trkpt lat='42.868446999999996' lon='0.08814799999999999'><ele>1813</ele><time>2025-07-07T08:37:29Z</time></trkpt><trkpt lat='42.868534' lon='0.08774599999999999'><ele>1809</ele><time>2025-07-07T08:45:42Z</time></trkpt><trkpt lat='42.86857' lon='0.08766'><ele>1808</ele><time>2025-07-07T08:48:26Z</time></trkpt><trkpt lat='42.868784999999995' lon='0.087408'><ele>1803</ele><time>2025-07-07T08:56:40Z</time></trkpt><trkpt lat='42.869045' lon='0.08708099999999999'><ele>1801</ele><time>2025-07-07T09:07:37Z</time></trkpt><trkpt lat='42.869281' lon='0.086936'><ele>1795</ele><time>2025-07-07T09:15:51Z</time></trkpt><trkpt lat='42.869406' lon='0.086759'><ele>1792</ele><time>2025-07-07T09:24:04Z</time></trkpt><trkpt lat='42.869568' lon='0.08627599999999999'><ele>1787</ele><time>2025-07-07T09:35:02Z</time></trkpt><trkpt lat='42.869662' lon='0.086265'><ele>1783</ele><time>2025-07-07T09:37:46Z</time></trkpt><trkpt lat='42.869724999999995' lon='0.086238'><ele>1779</ele><time>2025-07-07T09:48:44Z</time></trkpt><trkpt lat='42.869772' lon='0.08623299999999999'><ele>1776</ele><time>2025-07-07T09:56:57Z</time></trkpt><trkpt lat='42.869811' lon='0.086228'><ele>1773</ele><time>2025-07-07T10:02:26Z</time></trkpt><trkpt lat='42.869842999999996' lon='0.086244'><ele>1771</ele><time>2025-07-07T10:07:55Z</time></trkpt><trkpt lat='42.86987' lon='0.086185'><ele>1768</ele><time>2025-07-07T10:16:08Z</time></trkpt><trkpt lat='42.869906' lon='0.086212'><ele>1766</ele><time>2025-07-07T10:24:21Z</time></trkpt><trkpt lat='42.869991999999996' lon='0.086212'><ele>1763</ele><time>2025-07-07T10:35:19Z</time></trkpt><trkpt lat='42.870067' lon='0.086201'><ele>1761</ele><time>2025-07-07T10:46:17Z</time></trkpt><trkpt lat='42.870101999999996' lon='0.08617899999999999'><ele>1758</ele><time>2025-07-07T10:51:45Z</time></trkpt><trkpt lat='42.870126' lon='0.086126'><ele>1757</ele><time>2025-07-07T10:59:59Z</time></trkpt><trkpt lat='42.870177' lon='0.086153'><ele>1754</ele><time>2025-07-07T11:08:12Z</time></trkpt><trkpt lat='42.870236' lon='0.086104'><ele>1753</ele><time>2025-07-07T11:16:25Z</time></trkpt><trkpt lat='42.870267999999996' lon='0.086195'><ele>1750</ele><time>2025-07-07T11:27:23Z</time></trkpt><trkpt lat='42.870315' lon='0.086185'><ele>1748</ele><time>2025-07-07T11:35:36Z</time></trkpt><trkpt lat='42.870354' lon='0.08619'><ele>1745</ele><time>2025-07-07T11:41:05Z</time></trkpt><trkpt lat='42.870382' lon='0.08624899999999999'><ele>1741</ele><time>2025-07-07T11:43:49Z</time></trkpt><trkpt lat='42.87049' lon='0.08617'><ele>1737</ele><time>2025-07-07T11:49:18Z</time></trkpt><trkpt lat='42.87087' lon='0.08595'><ele>1732</ele><time>2025-07-07T12:05:45Z</time></trkpt><trkpt lat='42.87102' lon='0.08589999999999999'><ele>1727</ele><time>2025-07-07T12:19:27Z</time></trkpt><trkpt lat='42.87114' lon='0.08596999999999999'><ele>1722</ele><time>2025-07-07T12:27:40Z</time></trkpt><trkpt lat='42.87132' lon='0.08592999999999999'><ele>1717</ele><time>2025-07-07T12:41:22Z</time></trkpt><trkpt lat='42.87141' lon='0.08596999999999999'><ele>1713</ele><time>2025-07-07T12:46:51Z</time></trkpt><trkpt lat='42.87159' lon='0.08591'><ele>1709</ele><time>2025-07-07T12:55:04Z</time></trkpt><trkpt lat='42.871759999999995' lon='0.08582'><ele>1705</ele><time>2025-07-07T13:06:02Z</time></trkpt><trkpt lat='42.87186' lon='0.08573'><ele>1701</ele><time>2025-07-07T13:14:15Z</time></trkpt><trkpt lat='42.87199' lon='0.08578999999999999'><ele>1698</ele><time>2025-07-07T13:22:29Z</time></trkpt><trkpt lat='42.872099999999996' lon='0.08576'><ele>1694</ele><time>2025-07-07T13:30:42Z</time></trkpt><trkpt lat='42.87209' lon='0.08576'><ele>1691</ele><time>2025-07-07T13:33:26Z</time></trkpt><trkpt lat='42.87224' lon='0.08577'><ele>1688</ele><time>2025-07-07T13:38:55Z</time></trkpt><trkpt lat='42.87243' lon='0.08585999999999999'><ele>1685</ele><time>2025-07-07T13:47:08Z</time></trkpt><trkpt lat='42.87255' lon='0.08581'><ele>1682</ele><time>2025-07-07T13:52:37Z</time></trkpt><trkpt lat='42.87272' lon='0.08582999999999999'><ele>1680</ele><time>2025-07-07T13:58:06Z</time></trkpt><trkpt lat='42.87276' lon='0.08591'><ele>1677</ele><time>2025-07-07T14:00:51Z</time></trkpt><trkpt lat='42.87285' lon='0.086'><ele>1676</ele><time>2025-07-07T14:03:35Z</time></trkpt><trkpt lat='42.873129999999996' lon='0.08616'><ele>1672</ele><time>2025-07-07T14:11:48Z</time></trkpt><trkpt lat='42.873219999999996' lon='0.08612'><ele>1671</ele><time>2025-07-07T14:14:33Z</time></trkpt><trkpt lat='42.873529999999995' lon='0.08585999999999999'><ele>1667</ele><time>2025-07-07T14:25:30Z</time></trkpt><trkpt lat='42.87357' lon='0.08585999999999999'><ele>1665</ele><time>2025-07-07T14:28:15Z</time></trkpt><trkpt lat='42.87372' lon='0.08578999999999999'><ele>1661</ele><time>2025-07-07T14:30:59Z</time></trkpt><trkpt lat='42.87394' lon='0.08563'><ele>1659</ele><time>2025-07-07T14:39:12Z</time></trkpt><trkpt lat='42.87433' lon='0.08562'><ele>1656</ele><time>2025-07-07T14:50:10Z</time></trkpt><trkpt lat='42.87434' lon='0.08562'><ele>1654</ele><time>2025-07-07T14:52:55Z</time></trkpt><trkpt lat='42.87443' lon='0.08555'><ele>1652</ele><time>2025-07-07T14:55:39Z</time></trkpt><trkpt lat='42.8746' lon='0.08548'><ele>1650</ele><time>2025-07-07T14:58:23Z</time></trkpt><trkpt lat='42.87473' lon='0.08551'><ele>1648</ele><time>2025-07-07T15:03:52Z</time></trkpt><trkpt lat='42.8748' lon='0.08549999999999999'><ele>1648</ele><time>2025-07-07T15:09:21Z</time></trkpt><trkpt lat='42.875099999999996' lon='0.08528999999999999'><ele>1646</ele><time>2025-07-07T15:23:03Z</time></trkpt><trkpt lat='42.87516' lon='0.08517'><ele>1645</ele><time>2025-07-07T15:28:32Z</time></trkpt><trkpt lat='42.875209999999996' lon='0.08481999999999999'><ele>1643</ele><time>2025-07-07T15:39:30Z</time></trkpt><trkpt lat='42.8754' lon='0.08459'><ele>1642</ele><time>2025-07-07T15:50:27Z</time></trkpt><trkpt lat='42.87553' lon='0.0844'><ele>1641</ele><time>2025-07-07T15:58:41Z</time></trkpt><trkpt lat='42.8758' lon='0.08433'><ele>1640</ele><time>2025-07-07T16:09:38Z</time></trkpt><trkpt lat='42.87607' lon='0.0843'><ele>1639</ele><time>2025-07-07T16:23:20Z</time></trkpt><trkpt lat='42.87631' lon='0.08423'><ele>1636</ele><time>2025-07-07T16:34:18Z</time></trkpt><trkpt lat='42.87665' lon='0.08403999999999999'><ele>1635</ele><time>2025-07-07T16:50:45Z</time></trkpt><trkpt lat='42.87725' lon='0.08399999999999999'><ele>1632</ele><time>2025-07-07T17:18:09Z</time></trkpt><trkpt lat='42.87751' lon='0.08391'><ele>1632</ele><time>2025-07-07T17:29:07Z</time></trkpt><trkpt lat='42.87775' lon='0.08378999999999999'><ele>1629</ele><time>2025-07-07T17:40:04Z</time></trkpt><trkpt lat='42.877939999999995' lon='0.08372'><ele>1629</ele><time>2025-07-07T17:51:02Z</time></trkpt><trkpt lat='42.87817' lon='0.08359'><ele>1627</ele><time>2025-07-07T18:02:00Z</time></trkpt><trkpt lat='42.8784' lon='0.08342'><ele>1627</ele><time>2025-07-07T18:12:57Z</time></trkpt><trkpt lat='42.878659999999996' lon='0.08313999999999999'><ele>1625</ele><time>2025-07-07T18:26:39Z</time></trkpt><trkpt lat='42.87889' lon='0.08302999999999999'><ele>1625</ele><time>2025-07-07T18:37:37Z</time></trkpt><trkpt lat='42.87914' lon='0.08286'><ele>1623</ele><time>2025-07-07T18:51:19Z</time></trkpt><trkpt lat='42.87936' lon='0.08279'><ele>1623</ele><time>2025-07-07T18:59:33Z</time></trkpt><trkpt lat='42.879619999999996' lon='0.08295'><ele>1620</ele><time>2025-07-07T19:13:15Z</time></trkpt><trkpt lat='42.87975' lon='0.08297'><ele>1619</ele><time>2025-07-07T19:18:43Z</time></trkpt><trkpt lat='42.88006' lon='0.08281999999999999'><ele>1615</ele><time>2025-07-07T19:32:26Z</time></trkpt><trkpt lat='42.880449999999996' lon='0.08259'><ele>1613</ele><time>2025-07-07T19:51:37Z</time></trkpt><trkpt lat='42.88078' lon='0.08245'><ele>1609</ele><time>2025-07-07T20:05:19Z</time></trkpt><trkpt lat='42.88117' lon='0.08218'><ele>1606</ele><time>2025-07-07T20:21:45Z</time></trkpt><trkpt lat='42.88145' lon='0.08226'><ele>1603</ele><time>2025-07-07T20:29:58Z</time></trkpt><trkpt lat='42.88153' lon='0.08224'><ele>1601</ele><time>2025-07-07T20:35:27Z</time></trkpt><trkpt lat='42.88166' lon='0.08212'><ele>1599</ele><time>2025-07-07T20:43:41Z</time></trkpt><trkpt lat='42.8818' lon='0.08209999999999999'><ele>1597</ele><time>2025-07-07T20:49:09Z</time></trkpt><trkpt lat='42.88222' lon='0.08224'><ele>1596</ele><time>2025-07-07T21:08:20Z</time></trkpt><trkpt lat='42.88234' lon='0.08224'><ele>1593</ele><time>2025-07-07T21:13:49Z</time></trkpt><trkpt lat='42.88258' lon='0.08218'><ele>1592</ele><time>2025-07-07T21:22:02Z</time></trkpt><trkpt lat='42.882909999999995' lon='0.08218'><ele>1588</ele><time>2025-07-07T21:35:45Z</time></trkpt><trkpt lat='42.883449999999996' lon='0.08213'><ele>1586</ele><time>2025-07-07T22:00:24Z</time></trkpt><trkpt lat='42.884339999999995' lon='0.08215'><ele>1581</ele><time>2025-07-07T22:38:46Z</time></trkpt><trkpt lat='42.88462' lon='0.0822'><ele>1579</ele><time>2025-07-07T22:52:28Z</time></trkpt><trkpt lat='42.884969999999996' lon='0.08238'><ele>1575</ele><time>2025-07-07T23:08:55Z</time></trkpt><trkpt lat='42.88532' lon='0.08262'><ele>1573</ele><time>2025-07-07T23:28:06Z</time></trkpt><trkpt lat='42.886089999999996' lon='0.08286'><ele>1571</ele><time>2025-07-08T00:00:59Z</time></trkpt><trkpt lat='42.886309999999995' lon='0.08288'><ele>1569</ele><time>2025-07-08T00:11:57Z</time></trkpt><trkpt lat='42.88652' lon='0.08295'><ele>1568</ele><time>2025-07-08T00:20:10Z</time></trkpt><trkpt lat='42.886649999999996' lon='0.08308'><ele>1567</ele><time>2025-07-08T00:28:23Z</time></trkpt><trkpt lat='42.886779999999995' lon='0.08327'><ele>1567</ele><time>2025-07-08T00:36:36Z</time></trkpt><trkpt lat='42.88697' lon='0.08338999999999999'><ele>1566</ele><time>2025-07-08T00:44:50Z</time></trkpt><trkpt lat='42.88707' lon='0.08341'><ele>1566</ele><time>2025-07-08T00:50:19Z</time></trkpt><trkpt lat='42.88707' lon='0.0834'><ele>1565</ele><time>2025-07-08T00:50:19Z</time></trkpt><trkpt lat='42.88724' lon='0.08344'><ele>1565</ele><time>2025-07-08T00:58:32Z</time></trkpt><trkpt lat='42.88744' lon='0.08354'><ele>1564</ele><time>2025-07-08T01:06:45Z</time></trkpt><trkpt lat='42.887589999999996' lon='0.08348'><ele>1565</ele><time>2025-07-08T01:14:58Z</time></trkpt><trkpt lat='42.88775' lon='0.08347'><ele>1564</ele><time>2025-07-08T01:23:12Z</time></trkpt><trkpt lat='42.887969999999996' lon='0.0834'><ele>1564</ele><time>2025-07-08T01:31:25Z</time></trkpt><trkpt lat='42.88811' lon='0.08342'><ele>1564</ele><time>2025-07-08T01:36:54Z</time></trkpt><trkpt lat='42.888349999999996' lon='0.08342'><ele>1565</ele><time>2025-07-08T01:47:51Z</time></trkpt><trkpt lat='42.888619999999996' lon='0.0832'><ele>1564</ele><time>2025-07-08T02:01:34Z</time></trkpt><trkpt lat='42.888749999999995' lon='0.08313'><ele>1565</ele><time>2025-07-08T02:09:47Z</time></trkpt><trkpt lat='42.8891' lon='0.0832'><ele>1564</ele><time>2025-07-08T02:23:29Z</time></trkpt><trkpt lat='42.88932' lon='0.08310999999999999'><ele>1565</ele><time>2025-07-08T02:34:27Z</time></trkpt><trkpt lat='42.88948' lon='0.08315'><ele>1563</ele><time>2025-07-08T02:42:40Z</time></trkpt><trkpt lat='42.88963' lon='0.08313'><ele>1564</ele><time>2025-07-08T02:48:09Z</time></trkpt><trkpt lat='42.8902' lon='0.0829'><ele>1563</ele><time>2025-07-08T03:15:33Z</time></trkpt><trkpt lat='42.8904' lon='0.0828'><ele>1563</ele><time>2025-07-08T03:23:46Z</time></trkpt><trkpt lat='42.8908' lon='0.08252999999999999'><ele>1561</ele><time>2025-07-08T03:42:57Z</time></trkpt><trkpt lat='42.89103' lon='0.08242'><ele>1560</ele><time>2025-07-08T03:53:55Z</time></trkpt><trkpt lat='42.891189999999995' lon='0.08227999999999999'><ele>1556</ele><time>2025-07-08T04:02:08Z</time></trkpt><trkpt lat='42.8913' lon='0.08213999999999999'><ele>1553</ele><time>2025-07-08T04:10:21Z</time></trkpt><trkpt lat='42.89203' lon='0.08186'><ele>1547</ele><time>2025-07-08T04:40:30Z</time></trkpt><trkpt lat='42.8925' lon='0.08156999999999999'><ele>1543</ele><time>2025-07-08T04:59:41Z</time></trkpt><trkpt lat='42.89262' lon='0.08152'><ele>1539</ele><time>2025-07-08T05:05:10Z</time></trkpt><trkpt lat='42.89275' lon='0.08156999999999999'><ele>1536</ele><time>2025-07-08T05:13:23Z</time></trkpt><trkpt lat='42.89282' lon='0.08156'><ele>1533</ele><time>2025-07-08T05:16:07Z</time></trkpt><trkpt lat='42.89283' lon='0.08155'><ele>1530</ele><time>2025-07-08T05:16:07Z</time></trkpt><trkpt lat='42.89319' lon='0.08138999999999999'><ele>1525</ele><time>2025-07-08T05:32:34Z</time></trkpt><trkpt lat='42.893519999999995' lon='0.08108'><ele>1522</ele><time>2025-07-08T05:46:16Z</time></trkpt><trkpt lat='42.89386' lon='0.08097'><ele>1517</ele><time>2025-07-08T05:57:14Z</time></trkpt><trkpt lat='42.89414' lon='0.08097'><ele>1513</ele><time>2025-07-08T06:05:27Z</time></trkpt><trkpt lat='42.89443' lon='0.08098'><ele>1510</ele><time>2025-07-08T06:19:09Z</time></trkpt><trkpt lat='42.89442' lon='0.08097'><ele>1508</ele><time>2025-07-08T06:21:54Z</time></trkpt><trkpt lat='42.894369999999995' lon='0.08127999999999999'><ele>1508</ele><time>2025-07-08T06:30:07Z</time></trkpt><trkpt lat='42.89423' lon='0.08165'><ele>1508</ele><time>2025-07-08T06:43:49Z</time></trkpt><trkpt lat='42.89411' lon='0.08204'><ele>1508</ele><time>2025-07-08T06:57:31Z</time></trkpt><trkpt lat='42.89395' lon='0.08223'><ele>1509</ele><time>2025-07-08T07:08:29Z</time></trkpt><trkpt lat='42.89386' lon='0.08238'><ele>1510</ele><time>2025-07-08T07:13:58Z</time></trkpt><trkpt lat='42.89386' lon='0.08249999999999999'><ele>1511</ele><time>2025-07-08T07:16:42Z</time></trkpt><trkpt lat='42.89391' lon='0.08261'><ele>1512</ele><time>2025-07-08T07:22:11Z</time></trkpt><trkpt lat='42.89398' lon='0.08266'><ele>1513</ele><time>2025-07-08T07:24:55Z</time></trkpt><trkpt lat='42.894349999999996' lon='0.08274'><ele>1514</ele><time>2025-07-08T07:41:22Z</time></trkpt><trkpt lat='42.8945' lon='0.0828'><ele>1515</ele><time>2025-07-08T07:49:35Z</time></trkpt><trkpt lat='42.8946' lon='0.0829'><ele>1518</ele><time>2025-07-08T07:55:04Z</time></trkpt><trkpt lat='42.89465' lon='0.08301'><ele>1519</ele><time>2025-07-08T07:57:48Z</time></trkpt><trkpt lat='42.89474' lon='0.08331'><ele>1522</ele><time>2025-07-08T08:08:46Z</time></trkpt><trkpt lat='42.8948' lon='0.08335'><ele>1524</ele><time>2025-07-08T08:11:31Z</time></trkpt><trkpt lat='42.89496' lon='0.08327'><ele>1525</ele><time>2025-07-08T08:19:44Z</time></trkpt><trkpt lat='42.89535' lon='0.08301'><ele>1525</ele><time>2025-07-08T08:38:55Z</time></trkpt><trkpt lat='42.895739999999996' lon='0.08267999999999999'><ele>1525</ele><time>2025-07-08T09:00:50Z</time></trkpt><trkpt lat='42.89598' lon='0.08247'><ele>1525</ele><time>2025-07-08T09:11:48Z</time></trkpt><trkpt lat='42.89606' lon='0.08242'><ele>1524</ele><time>2025-07-08T09:17:17Z</time></trkpt><trkpt lat='42.89627' lon='0.08238'><ele>1523</ele><time>2025-07-08T09:25:30Z</time></trkpt><trkpt lat='42.896429999999995' lon='0.08223'><ele>1522</ele><time>2025-07-08T09:33:43Z</time></trkpt><trkpt lat='42.89653' lon='0.08209'><ele>1520</ele><time>2025-07-08T09:39:12Z</time></trkpt><trkpt lat='42.89664' lon='0.08199999999999999'><ele>1518</ele><time>2025-07-08T09:47:25Z</time></trkpt><trkpt lat='42.89671' lon='0.08197'><ele>1517</ele><time>2025-07-08T09:50:10Z</time></trkpt><trkpt lat='42.8968' lon='0.08199'><ele>1513</ele><time>2025-07-08T09:52:54Z</time></trkpt><trkpt lat='42.89712' lon='0.08213999999999999'><ele>1512</ele><time>2025-07-08T10:09:21Z</time></trkpt><trkpt lat='42.8979' lon='0.08245'><ele>1506</ele><time>2025-07-08T10:44:58Z</time></trkpt><trkpt lat='42.898309999999995' lon='0.08258'><ele>1505</ele><time>2025-07-08T11:04:09Z</time></trkpt><trkpt lat='42.8988' lon='0.08277'><ele>1498</ele><time>2025-07-08T11:26:04Z</time></trkpt><trkpt lat='42.898779999999995' lon='0.08276'><ele>1497</ele><time>2025-07-08T11:28:49Z</time></trkpt><trkpt lat='42.89884' lon='0.08279'><ele>1493</ele><time>2025-07-08T11:31:33Z</time></trkpt><trkpt lat='42.898979999999995' lon='0.0829'><ele>1491</ele><time>2025-07-08T11:37:02Z</time></trkpt><trkpt lat='42.899229999999996' lon='0.08316'><ele>1487</ele><time>2025-07-08T11:48:00Z</time></trkpt><trkpt lat='42.89931' lon='0.0833'><ele>1485</ele><time>2025-07-08T11:56:13Z</time></trkpt><trkpt lat='42.899594' lon='0.08385999999999999'><ele>1481</ele><time>2025-07-08T12:18:08Z</time></trkpt><trkpt lat='42.899845' lon='0.084408'><ele>1479</ele><time>2025-07-08T12:37:19Z</time></trkpt><trkpt lat='42.90007' lon='0.08519'><ele>1475</ele><time>2025-07-08T13:04:44Z</time></trkpt><trkpt lat='42.90022' lon='0.08578'><ele>1473</ele><time>2025-07-08T13:26:39Z</time></trkpt><trkpt lat='42.900583' lon='0.086487'><ele>1466</ele><time>2025-07-08T13:54:03Z</time></trkpt><trkpt lat='42.900946999999995' lon='0.08719299999999999'><ele>1464</ele><time>2025-07-08T14:21:27Z</time></trkpt><trkpt lat='42.901309999999995' lon='0.08789999999999999'><ele>1457</ele><time>2025-07-08T14:40:38Z</time></trkpt><trkpt lat='42.90148' lon='0.08814'><ele>1455</ele><time>2025-07-08T14:48:52Z</time></trkpt><trkpt lat='42.90153' lon='0.08828'><ele>1449</ele><time>2025-07-08T14:51:36Z</time></trkpt><trkpt lat='42.90166' lon='0.0891'><ele>1447</ele><time>2025-07-08T15:19:00Z</time></trkpt><trkpt lat='42.901824999999995' lon='0.089835'><ele>1442</ele><time>2025-07-08T15:46:25Z</time></trkpt><trkpt lat='42.90199' lon='0.09057'><ele>1439</ele><time>2025-07-08T16:11:04Z</time></trkpt><trkpt lat='42.902049999999996' lon='0.09129'><ele>1433</ele><time>2025-07-08T16:33:00Z</time></trkpt><trkpt lat='42.90213' lon='0.09165'><ele>1429</ele><time>2025-07-08T16:46:42Z</time></trkpt><trkpt lat='42.90242' lon='0.09225'><ele>1424</ele><time>2025-07-08T17:08:37Z</time></trkpt><trkpt lat='42.90258' lon='0.09271'><ele>1423</ele><time>2025-07-08T17:25:04Z</time></trkpt><trkpt lat='42.90284' lon='0.09315'><ele>1419</ele><time>2025-07-08T17:44:15Z</time></trkpt><trkpt lat='42.902989999999996' lon='0.09355'><ele>1419</ele><time>2025-07-08T18:00:41Z</time></trkpt><trkpt lat='42.90315' lon='0.09415'><ele>1417</ele><time>2025-07-08T18:19:52Z</time></trkpt><trkpt lat='42.9032' lon='0.09421'><ele>1417</ele><time>2025-07-08T18:22:37Z</time></trkpt><trkpt lat='42.90325' lon='0.09423'><ele>1417</ele><time>2025-07-08T18:25:21Z</time></trkpt><trkpt lat='42.903279999999995' lon='0.09498999999999999'><ele>1418</ele><time>2025-07-08T18:50:01Z</time></trkpt><trkpt lat='42.90324' lon='0.095'><ele>1420</ele><time>2025-07-08T18:52:45Z</time></trkpt><trkpt lat='42.90321' lon='0.09505'><ele>1422</ele><time>2025-07-08T18:55:30Z</time></trkpt><trkpt lat='42.9032' lon='0.09516'><ele>1426</ele><time>2025-07-08T18:58:14Z</time></trkpt><trkpt lat='42.90318' lon='0.095885'><ele>1428</ele><time>2025-07-08T19:22:54Z</time></trkpt><trkpt lat='42.90316' lon='0.09661'><ele>1433</ele><time>2025-07-08T19:44:49Z</time></trkpt><trkpt lat='42.903185' lon='0.09727'><ele>1435</ele><time>2025-07-08T20:06:45Z</time></trkpt><trkpt lat='42.90321' lon='0.09792999999999999'><ele>1438</ele><time>2025-07-08T20:28:40Z</time></trkpt><trkpt lat='42.90324' lon='0.09834999999999999'><ele>1441</ele><time>2025-07-08T20:42:22Z</time></trkpt><trkpt lat='42.90323' lon='0.09833'><ele>1442</ele><time>2025-07-08T20:42:22Z</time></trkpt><trkpt lat='42.903279999999995' lon='0.09895999999999999'><ele>1444</ele><time>2025-07-08T21:04:18Z</time></trkpt><trkpt lat='42.90333' lon='0.09959'><ele>1446</ele><time>2025-07-08T21:26:13Z</time></trkpt><trkpt lat='42.90333' lon='0.09977'><ele>1446</ele><time>2025-07-08T21:31:42Z</time></trkpt><trkpt lat='42.903279999999995' lon='0.09995'><ele>1449</ele><time>2025-07-08T21:37:11Z</time></trkpt><trkpt lat='42.90334' lon='0.09999'><ele>1448</ele><time>2025-07-08T21:42:39Z</time></trkpt><trkpt lat='42.90336' lon='0.10006'><ele>1450</ele><time>2025-07-08T21:42:39Z</time></trkpt><trkpt lat='42.90333' lon='0.10021'><ele>1449</ele><time>2025-07-08T21:48:08Z</time></trkpt><trkpt lat='42.90313' lon='0.10064999999999999'><ele>1450</ele><time>2025-07-08T22:04:35Z</time></trkpt><trkpt lat='42.90311' lon='0.10081'><ele>1450</ele><time>2025-07-08T22:10:04Z</time></trkpt><trkpt lat='42.90314' lon='0.10085'><ele>1450</ele><time>2025-07-08T22:12:48Z</time></trkpt><trkpt lat='42.903189999999995' lon='0.10085999999999999'><ele>1450</ele><time>2025-07-08T22:15:32Z</time></trkpt><trkpt lat='42.903279999999995' lon='0.10142999999999999'><ele>1450</ele><time>2025-07-08T22:34:43Z</time></trkpt><trkpt lat='42.903279999999995' lon='0.10142'><ele>1451</ele><time>2025-07-08T22:34:43Z</time></trkpt><trkpt lat='42.903279999999995' lon='0.10142'><ele>1451</ele><time>2025-07-08T22:34:43Z</time></trkpt><trkpt lat='42.90313' lon='0.10167999999999999'><ele>1453</ele><time>2025-07-08T22:45:41Z</time></trkpt><trkpt lat='42.903303' lon='0.102257'><ele>1453</ele><time>2025-07-08T23:04:52Z</time></trkpt><trkpt lat='42.903020999999995' lon='0.10231'><ele>1455</ele><time>2025-07-08T23:18:34Z</time></trkpt><trkpt lat='42.90315' lon='0.10336'><ele>1463</ele><time>2025-07-08T23:54:12Z</time></trkpt><trkpt lat='42.90291' lon='0.10343'><ele>1465</ele><time>2025-07-09T00:05:09Z</time></trkpt><trkpt lat='42.90219' lon='0.10354'><ele>1469</ele><time>2025-07-09T00:38:02Z</time></trkpt><trkpt lat='42.901939999999996' lon='0.10361'><ele>1471</ele><time>2025-07-09T00:51:45Z</time></trkpt><trkpt lat='42.90128' lon='0.10418'><ele>1480</ele><time>2025-07-09T01:27:22Z</time></trkpt><trkpt lat='42.90119' lon='0.10429'><ele>1482</ele><time>2025-07-09T01:35:35Z</time></trkpt><trkpt lat='42.9011' lon='0.10435'><ele>1484</ele><time>2025-07-09T01:41:04Z</time></trkpt><trkpt lat='42.90096' lon='0.10439'><ele>1487</ele><time>2025-07-09T01:49:17Z</time></trkpt><trkpt lat='42.90085' lon='0.10438'><ele>1487</ele><time>2025-07-09T01:54:46Z</time></trkpt><trkpt lat='42.90079' lon='0.10440999999999999'><ele>1489</ele><time>2025-07-09T01:57:31Z</time></trkpt><trkpt lat='42.90069' lon='0.10443'><ele>1489</ele><time>2025-07-09T02:03:00Z</time></trkpt><trkpt lat='42.9006' lon='0.10447999999999999'><ele>1491</ele><time>2025-07-09T02:08:28Z</time></trkpt><trkpt lat='42.9005' lon='0.10447'><ele>1491</ele><time>2025-07-09T02:13:57Z</time></trkpt><trkpt lat='42.9003' lon='0.10449'><ele>1495</ele><time>2025-07-09T02:24:55Z</time></trkpt><trkpt lat='42.89964' lon='0.10472999999999999'><ele>1504</ele><time>2025-07-09T03:00:32Z</time></trkpt><trkpt lat='42.89929' lon='0.10489'><ele>1506</ele><time>2025-07-09T03:16:59Z</time></trkpt><trkpt lat='42.89921' lon='0.10493999999999999'><ele>1507</ele><time>2025-07-09T03:22:28Z</time></trkpt><trkpt lat='42.89895' lon='0.1052'><ele>1509</ele><time>2025-07-09T03:36:10Z</time></trkpt><trkpt lat='42.89888' lon='0.10529999999999999'><ele>1509</ele><time>2025-07-09T03:41:39Z</time></trkpt><trkpt lat='42.89853' lon='0.10564'><ele>1510</ele><time>2025-07-09T04:00:50Z</time></trkpt><trkpt lat='42.89815' lon='0.10586'><ele>1513</ele><time>2025-07-09T04:17:16Z</time></trkpt><trkpt lat='42.8979' lon='0.10593'><ele>1517</ele><time>2025-07-09T04:30:58Z</time></trkpt><trkpt lat='42.89765' lon='0.10618'><ele>1520</ele><time>2025-07-09T04:47:25Z</time></trkpt><trkpt lat='42.897439999999996' lon='0.10629999999999999'><ele>1524</ele><time>2025-07-09T04:58:23Z</time></trkpt><trkpt lat='42.89702' lon='0.10628'><ele>1528</ele><time>2025-07-09T05:17:33Z</time></trkpt><trkpt lat='42.89685' lon='0.10633'><ele>1528</ele><time>2025-07-09T05:28:31Z</time></trkpt><trkpt lat='42.89676' lon='0.1064'><ele>1531</ele><time>2025-07-09T05:31:16Z</time></trkpt><trkpt lat='42.89656' lon='0.10647'><ele>1532</ele><time>2025-07-09T05:42:13Z</time></trkpt><trkpt lat='42.896409999999996' lon='0.10644999999999999'><ele>1535</ele><time>2025-07-09T05:50:27Z</time></trkpt><trkpt lat='42.89617' lon='0.1065'><ele>1538</ele><time>2025-07-09T06:01:24Z</time></trkpt><trkpt lat='42.89604' lon='0.1065'><ele>1540</ele><time>2025-07-09T06:09:38Z</time></trkpt><trkpt lat='42.89583' lon='0.10658'><ele>1542</ele><time>2025-07-09T06:23:20Z</time></trkpt><trkpt lat='42.895759999999996' lon='0.10657'><ele>1546</ele><time>2025-07-09T06:28:48Z</time></trkpt><trkpt lat='42.8957' lon='0.10654'><ele>1546</ele><time>2025-07-09T06:31:33Z</time></trkpt><trkpt lat='42.895649999999996' lon='0.10656'><ele>1546</ele><time>2025-07-09T06:37:02Z</time></trkpt><trkpt lat='42.895599999999995' lon='0.10664'><ele>1548</ele><time>2025-07-09T06:39:46Z</time></trkpt><trkpt lat='42.89553' lon='0.10668'><ele>1548</ele><time>2025-07-09T06:45:15Z</time></trkpt><trkpt lat='42.895309999999995' lon='0.10669999999999999'><ele>1554</ele><time>2025-07-09T06:58:57Z</time></trkpt><trkpt lat='42.89525' lon='0.10672999999999999'><ele>1554</ele><time>2025-07-09T07:04:26Z</time></trkpt><trkpt lat='42.89515' lon='0.10671'><ele>1556</ele><time>2025-07-09T07:09:55Z</time></trkpt><trkpt lat='42.8948' lon='0.10676999999999999'><ele>1560</ele><time>2025-07-09T07:34:35Z</time></trkpt><trkpt lat='42.8946' lon='0.10675'><ele>1568</ele><time>2025-07-09T07:48:17Z</time></trkpt><trkpt lat='42.89427' lon='0.10676999999999999'><ele>1574</ele><time>2025-07-09T08:15:41Z</time></trkpt><trkpt lat='42.894' lon='0.10665'><ele>1578</ele><time>2025-07-09T08:37:36Z</time></trkpt><trkpt lat='42.89393' lon='0.10665'><ele>1578</ele><time>2025-07-09T08:43:05Z</time></trkpt><trkpt lat='42.893879999999996' lon='0.10661'><ele>1586</ele><time>2025-07-09T08:51:18Z</time></trkpt><trkpt lat='42.893809999999995' lon='0.1066'><ele>1586</ele><time>2025-07-09T08:56:47Z</time></trkpt><trkpt lat='42.89374' lon='0.10662999999999999'><ele>1586</ele><time>2025-07-09T09:02:16Z</time></trkpt><trkpt lat='42.8934' lon='0.1066'><ele>1593</ele><time>2025-07-09T09:21:27Z</time></trkpt><trkpt lat='42.89331' lon='0.10661'><ele>1595</ele><time>2025-07-09T09:26:56Z</time></trkpt><trkpt lat='42.893249999999995' lon='0.10668'><ele>1597</ele><time>2025-07-09T09:32:25Z</time></trkpt><trkpt lat='42.89319' lon='0.10669999999999999'><ele>1597</ele><time>2025-07-09T09:37:54Z</time></trkpt><trkpt lat='42.8931' lon='0.10668'><ele>1601</ele><time>2025-07-09T09:46:07Z</time></trkpt><trkpt lat='42.89304' lon='0.10674'><ele>1601</ele><time>2025-07-09T09:51:36Z</time></trkpt><trkpt lat='42.89297' lon='0.10672999999999999'><ele>1602</ele><time>2025-07-09T09:57:05Z</time></trkpt><trkpt lat='42.89286' lon='0.10679'><ele>1606</ele><time>2025-07-09T10:08:02Z</time></trkpt><trkpt lat='42.89273' lon='0.10678'><ele>1610</ele><time>2025-07-09T10:16:16Z</time></trkpt><trkpt lat='42.89271' lon='0.10675'><ele>1610</ele><time>2025-07-09T10:19:00Z</time></trkpt><trkpt lat='42.89264' lon='0.10675'><ele>1611</ele><time>2025-07-09T10:24:29Z</time></trkpt><trkpt lat='42.892489999999995' lon='0.10683'><ele>1613</ele><time>2025-07-09T10:38:11Z</time></trkpt><trkpt lat='42.89239' lon='0.10685'><ele>1613</ele><time>2025-07-09T10:46:24Z</time></trkpt><trkpt lat='42.89234' lon='0.1069'><ele>1621</ele><time>2025-07-09T10:54:37Z</time></trkpt><trkpt lat='42.892199999999995' lon='0.10694'><ele>1621</ele><time>2025-07-09T11:05:35Z</time></trkpt><trkpt lat='42.891909999999996' lon='0.10694999999999999'><ele>1626</ele><time>2025-07-09T11:22:02Z</time></trkpt><trkpt lat='42.89176' lon='0.10692'><ele>1632</ele><time>2025-07-09T11:32:59Z</time></trkpt><trkpt lat='42.89159' lon='0.10696'><ele>1633</ele><time>2025-07-09T11:43:57Z</time></trkpt><trkpt lat='42.89125' lon='0.10711'><ele>1639</ele><time>2025-07-09T12:03:08Z</time></trkpt><trkpt lat='42.89118' lon='0.10717'><ele>1640</ele><time>2025-07-09T12:08:37Z</time></trkpt><trkpt lat='42.89113' lon='0.10726'><ele>1642</ele><time>2025-07-09T12:11:21Z</time></trkpt><trkpt lat='42.8908' lon='0.10721'><ele>1647</ele><time>2025-07-09T12:30:32Z</time></trkpt><trkpt lat='42.890719999999995' lon='0.10724'><ele>1649</ele><time>2025-07-09T12:36:01Z</time></trkpt><trkpt lat='42.89046' lon='0.10744999999999999'><ele>1652</ele><time>2025-07-09T12:49:43Z</time></trkpt><trkpt lat='42.89028' lon='0.10748999999999999'><ele>1653</ele><time>2025-07-09T13:00:41Z</time></trkpt><trkpt lat='42.89006' lon='0.1075'><ele>1656</ele><time>2025-07-09T13:11:39Z</time></trkpt><trkpt lat='42.88989' lon='0.10746'><ele>1657</ele><time>2025-07-09T13:19:52Z</time></trkpt><trkpt lat='42.889669999999995' lon='0.10744'><ele>1661</ele><time>2025-07-09T13:30:49Z</time></trkpt><trkpt lat='42.88941' lon='0.10747'><ele>1663</ele><time>2025-07-09T13:44:32Z</time></trkpt><trkpt lat='42.88919' lon='0.10761'><ele>1664</ele><time>2025-07-09T13:55:29Z</time></trkpt><trkpt lat='42.88897' lon='0.10783'><ele>1667</ele><time>2025-07-09T14:06:27Z</time></trkpt><trkpt lat='42.888799999999996' lon='0.10790999999999999'><ele>1670</ele><time>2025-07-09T14:14:40Z</time></trkpt><trkpt lat='42.888245' lon='0.10811499999999999'><ele>1675</ele><time>2025-07-09T14:42:04Z</time></trkpt><trkpt lat='42.88769' lon='0.10832'><ele>1684</ele><time>2025-07-09T15:12:13Z</time></trkpt><trkpt lat='42.88716' lon='0.10835'><ele>1689</ele><time>2025-07-09T15:39:37Z</time></trkpt><trkpt lat='42.88671' lon='0.10840999999999999'><ele>1695</ele><time>2025-07-09T16:04:17Z</time></trkpt><trkpt lat='42.88639' lon='0.10833'><ele>1700</ele><time>2025-07-09T16:23:28Z</time></trkpt><trkpt lat='42.88633' lon='0.10826999999999999'><ele>1700</ele><time>2025-07-09T16:28:57Z</time></trkpt><trkpt lat='42.88625' lon='0.10815'><ele>1700</ele><time>2025-07-09T16:34:26Z</time></trkpt><trkpt lat='42.88621' lon='0.10815'><ele>1703</ele><time>2025-07-09T16:37:10Z</time></trkpt><trkpt lat='42.88619' lon='0.10818'><ele>1703</ele><time>2025-07-09T16:39:55Z</time></trkpt><trkpt lat='42.886179999999996' lon='0.10826'><ele>1703</ele><time>2025-07-09T16:42:39Z</time></trkpt><trkpt lat='42.88634' lon='0.10887'><ele>1712</ele><time>2025-07-09T17:10:03Z</time></trkpt><trkpt lat='42.88633' lon='0.10890999999999999'><ele>1712</ele><time>2025-07-09T17:12:48Z</time></trkpt><trkpt lat='42.88628' lon='0.10894999999999999'><ele>1713</ele><time>2025-07-09T17:15:32Z</time></trkpt><trkpt lat='42.8861' lon='0.10897'><ele>1715</ele><time>2025-07-09T17:26:30Z</time></trkpt><trkpt lat='42.885839999999995' lon='0.10912999999999999'><ele>1719</ele><time>2025-07-09T17:40:12Z</time></trkpt><trkpt lat='42.8855' lon='0.10943'><ele>1725</ele><time>2025-07-09T18:02:07Z</time></trkpt><trkpt lat='42.8853' lon='0.10968'><ele>1727</ele><time>2025-07-09T18:15:49Z</time></trkpt><trkpt lat='42.884899999999995' lon='0.11011'><ele>1733</ele><time>2025-07-09T18:37:45Z</time></trkpt><trkpt lat='42.88472' lon='0.11025'><ele>1734</ele><time>2025-07-09T18:48:42Z</time></trkpt><trkpt lat='42.88453' lon='0.11047'><ele>1736</ele><time>2025-07-09T18:59:40Z</time></trkpt><trkpt lat='42.88437' lon='0.11070999999999999'><ele>1738</ele><time>2025-07-09T19:10:38Z</time></trkpt><trkpt lat='42.884339999999995' lon='0.11079'><ele>1738</ele><time>2025-07-09T19:13:22Z</time></trkpt><trkpt lat='42.88406' lon='0.11111'><ele>1740</ele><time>2025-07-09T19:29:49Z</time></trkpt><trkpt lat='42.883759999999995' lon='0.11159'><ele>1743</ele><time>2025-07-09T19:51:44Z</time></trkpt><trkpt lat='42.8837' lon='0.11159999999999999'><ele>1743</ele><time>2025-07-09T19:54:29Z</time></trkpt><trkpt lat='42.88359' lon='0.11154'><ele>1744</ele><time>2025-07-09T19:59:57Z</time></trkpt><trkpt lat='42.883489999999995' lon='0.11154'><ele>1744</ele><time>2025-07-09T20:02:42Z</time></trkpt><trkpt lat='42.88342' lon='0.11156999999999999'><ele>1745</ele><time>2025-07-09T20:08:11Z</time></trkpt><trkpt lat='42.88324' lon='0.11177'><ele>1748</ele><time>2025-07-09T20:16:24Z</time></trkpt><trkpt lat='42.883199999999995' lon='0.11184'><ele>1750</ele><time>2025-07-09T20:21:53Z</time></trkpt><trkpt lat='42.88322' lon='0.11197'><ele>1750</ele><time>2025-07-09T20:24:37Z</time></trkpt><trkpt lat='42.88316' lon='0.11204'><ele>1751</ele><time>2025-07-09T20:30:06Z</time></trkpt><trkpt lat='42.88315' lon='0.11219'><ele>1751</ele><time>2025-07-09T20:35:35Z</time></trkpt><trkpt lat='42.88307' lon='0.11242999999999999'><ele>1753</ele><time>2025-07-09T20:43:48Z</time></trkpt><trkpt lat='42.88307' lon='0.11267999999999999'><ele>1755</ele><time>2025-07-09T20:54:46Z</time></trkpt><trkpt lat='42.88305' lon='0.11272'><ele>1755</ele><time>2025-07-09T20:54:46Z</time></trkpt><trkpt lat='42.88297' lon='0.11276'><ele>1756</ele><time>2025-07-09T21:00:15Z</time></trkpt><trkpt lat='42.88296' lon='0.11288'><ele>1757</ele><time>2025-07-09T21:02:59Z</time></trkpt><trkpt lat='42.882909999999995' lon='0.11295999999999999'><ele>1760</ele><time>2025-07-09T21:08:28Z</time></trkpt><trkpt lat='42.8829' lon='0.11313'><ele>1761</ele><time>2025-07-09T21:16:41Z</time></trkpt><trkpt lat='42.882929999999995' lon='0.11319'><ele>1763</ele><time>2025-07-09T21:19:26Z</time></trkpt><trkpt lat='42.8829' lon='0.1133'><ele>1764</ele><time>2025-07-09T21:24:54Z</time></trkpt><trkpt lat='42.88292' lon='0.11334999999999999'><ele>1765</ele><time>2025-07-09T21:24:54Z</time></trkpt><trkpt lat='42.882909999999995' lon='0.11338999999999999'><ele>1765</ele><time>2025-07-09T21:27:39Z</time></trkpt><trkpt lat='42.88276' lon='0.11359'><ele>1767</ele><time>2025-07-09T21:38:37Z</time></trkpt><trkpt lat='42.882819999999995' lon='0.11387'><ele>1770</ele><time>2025-07-09T21:49:34Z</time></trkpt><trkpt lat='42.882819999999995' lon='0.11395999999999999'><ele>1771</ele><time>2025-07-09T21:52:19Z</time></trkpt><trkpt lat='42.88268' lon='0.11442'><ele>1780</ele><time>2025-07-09T22:22:27Z</time></trkpt><trkpt lat='42.88267' lon='0.11456'><ele>1782</ele><time>2025-07-09T22:30:41Z</time></trkpt><trkpt lat='42.88261' lon='0.11478'><ele>1784</ele><time>2025-07-09T22:41:38Z</time></trkpt><trkpt lat='42.88258' lon='0.11481'><ele>1786</ele><time>2025-07-09T22:44:23Z</time></trkpt><trkpt lat='42.88261' lon='0.11502'><ele>1787</ele><time>2025-07-09T22:52:36Z</time></trkpt><trkpt lat='42.88268' lon='0.11517'><ele>1792</ele><time>2025-07-09T23:00:49Z</time></trkpt><trkpt lat='42.88259' lon='0.11574'><ele>1796</ele><time>2025-07-09T23:22:45Z</time></trkpt><trkpt lat='42.88261' lon='0.11578999999999999'><ele>1796</ele><time>2025-07-09T23:25:29Z</time></trkpt><trkpt lat='42.88265' lon='0.1158'><ele>1797</ele><time>2025-07-09T23:28:13Z</time></trkpt><trkpt lat='42.88268' lon='0.11591'><ele>1798</ele><time>2025-07-09T23:33:42Z</time></trkpt><trkpt lat='42.88266' lon='0.11594'><ele>1798</ele><time>2025-07-09T23:36:27Z</time></trkpt><trkpt lat='42.882639999999995' lon='0.11594'><ele>1798</ele><time>2025-07-09T23:39:11Z</time></trkpt><trkpt lat='42.882619999999996' lon='0.11602'><ele>1800</ele><time>2025-07-09T23:41:56Z</time></trkpt><trkpt lat='42.882619999999996' lon='0.11625999999999999'><ele>1804</ele><time>2025-07-09T23:52:53Z</time></trkpt><trkpt lat='42.88258' lon='0.11641'><ele>1806</ele><time>2025-07-10T00:01:07Z</time></trkpt><trkpt lat='42.88256' lon='0.11664'><ele>1810</ele><time>2025-07-10T00:12:04Z</time></trkpt><trkpt lat='42.88258' lon='0.11667999999999999'><ele>1810</ele><time>2025-07-10T00:17:33Z</time></trkpt><trkpt lat='42.88261' lon='0.11667999999999999'><ele>1810</ele><time>2025-07-10T00:20:17Z</time></trkpt><trkpt lat='42.882619999999996' lon='0.11682999999999999'><ele>1816</ele><time>2025-07-10T00:34:00Z</time></trkpt><trkpt lat='42.88259' lon='0.11692999999999999'><ele>1818</ele><time>2025-07-10T00:42:13Z</time></trkpt><trkpt lat='42.882549999999995' lon='0.11725999999999999'><ele>1825</ele><time>2025-07-10T01:12:22Z</time></trkpt><trkpt lat='42.88256' lon='0.11735999999999999'><ele>1825</ele><time>2025-07-10T01:17:50Z</time></trkpt><trkpt lat='42.882529999999996' lon='0.11746999999999999'><ele>1826</ele><time>2025-07-10T01:23:19Z</time></trkpt><trkpt lat='42.88247' lon='0.11757'><ele>1827</ele><time>2025-07-10T01:31:32Z</time></trkpt><trkpt lat='42.88239' lon='0.11766'><ele>1830</ele><time>2025-07-10T01:37:01Z</time></trkpt><trkpt lat='42.88231' lon='0.11784'><ele>1833</ele><time>2025-07-10T01:47:59Z</time></trkpt><trkpt lat='42.8823' lon='0.11789999999999999'><ele>1835</ele><time>2025-07-10T01:50:43Z</time></trkpt><trkpt lat='42.882329999999996' lon='0.11793999999999999'><ele>1835</ele><time>2025-07-10T01:53:28Z</time></trkpt><trkpt lat='42.88232' lon='0.11806'><ele>1839</ele><time>2025-07-10T02:01:41Z</time></trkpt><trkpt lat='42.882259999999995' lon='0.11821999999999999'><ele>1841</ele><time>2025-07-10T02:15:23Z</time></trkpt><trkpt lat='42.88223' lon='0.11836999999999999'><ele>1845</ele><time>2025-07-10T02:26:21Z</time></trkpt><trkpt lat='42.882239999999996' lon='0.11852'><ele>1845</ele><time>2025-07-10T02:37:19Z</time></trkpt><trkpt lat='42.88222' lon='0.11889999999999999'><ele>1856</ele><time>2025-07-10T03:01:58Z</time></trkpt><trkpt lat='42.882239999999996' lon='0.11893'><ele>1856</ele><time>2025-07-10T03:04:43Z</time></trkpt><trkpt lat='42.88223' lon='0.11897999999999999'><ele>1856</ele><time>2025-07-10T03:10:12Z</time></trkpt><trkpt lat='42.88225' lon='0.11900999999999999'><ele>1857</ele><time>2025-07-10T03:12:56Z</time></trkpt><trkpt lat='42.882239999999996' lon='0.1191'><ele>1858</ele><time>2025-07-10T03:18:25Z</time></trkpt><trkpt lat='42.8822' lon='0.11918999999999999'><ele>1861</ele><time>2025-07-10T03:23:54Z</time></trkpt><trkpt lat='42.882149999999996' lon='0.11922999999999999'><ele>1861</ele><time>2025-07-10T03:29:23Z</time></trkpt><trkpt lat='42.88214' lon='0.11936999999999999'><ele>1863</ele><time>2025-07-10T03:37:36Z</time></trkpt><trkpt lat='42.88212' lon='0.11939'><ele>1864</ele><time>2025-07-10T03:40:20Z</time></trkpt><trkpt lat='42.882059999999996' lon='0.11936999999999999'><ele>1865</ele><time>2025-07-10T03:45:49Z</time></trkpt><trkpt lat='42.88205' lon='0.11946999999999999'><ele>1865</ele><time>2025-07-10T03:54:02Z</time></trkpt><trkpt lat='42.88202' lon='0.11947999999999999'><ele>1872</ele><time>2025-07-10T03:59:31Z</time></trkpt><trkpt lat='42.881989999999995' lon='0.11940999999999999'><ele>1872</ele><time>2025-07-10T04:05:00Z</time></trkpt><trkpt lat='42.881969999999995' lon='0.11939999999999999'><ele>1872</ele><time>2025-07-10T04:05:00Z</time></trkpt><trkpt lat='42.88184' lon='0.11981'><ele>1880</ele><time>2025-07-10T04:24:11Z</time></trkpt><trkpt lat='42.8818' lon='0.11985'><ele>1880</ele><time>2025-07-10T04:26:55Z</time></trkpt><trkpt lat='42.88178' lon='0.11992'><ele>1880</ele><time>2025-07-10T04:32:24Z</time></trkpt><trkpt lat='42.881769999999996' lon='0.12011'><ele>1883</ele><time>2025-07-10T04:40:38Z</time></trkpt><trkpt lat='42.881879999999995' lon='0.12040999999999999'><ele>1887</ele><time>2025-07-10T04:54:20Z</time></trkpt><trkpt lat='42.882039999999996' lon='0.12063'><ele>1889</ele><time>2025-07-10T05:05:17Z</time></trkpt><trkpt lat='42.88214' lon='0.12071'><ele>1889</ele><time>2025-07-10T05:10:46Z</time></trkpt><trkpt lat='42.88225' lon='0.12092'><ele>1891</ele><time>2025-07-10T05:19:00Z</time></trkpt><trkpt lat='42.8824' lon='0.12111'><ele>1894</ele><time>2025-07-10T05:29:57Z</time></trkpt><trkpt lat='42.882419999999996' lon='0.12131'><ele>1896</ele><time>2025-07-10T05:38:10Z</time></trkpt><trkpt lat='42.882459999999995' lon='0.12136999999999999'><ele>1897</ele><time>2025-07-10T05:40:55Z</time></trkpt><trkpt lat='42.88238' lon='0.12203'><ele>1900</ele><time>2025-07-10T06:02:50Z</time></trkpt><trkpt lat='42.88238' lon='0.12247999999999999'><ele>1897</ele><time>2025-07-10T06:16:32Z</time></trkpt><trkpt lat='42.882419999999996' lon='0.12272999999999999'><ele>1896</ele><time>2025-07-10T06:24:46Z</time></trkpt><trkpt lat='42.88241' lon='0.12291999999999999'><ele>1897</ele><time>2025-07-10T06:32:59Z</time></trkpt><trkpt lat='42.88243' lon='0.12318'><ele>1897</ele><time>2025-07-10T06:41:12Z</time></trkpt><trkpt lat='42.882419999999996' lon='0.12332'><ele>1898</ele><time>2025-07-10T06:43:57Z</time></trkpt><trkpt lat='42.88243' lon='0.12372'><ele>1899</ele><time>2025-07-10T06:57:39Z</time></trkpt><trkpt lat='42.8825' lon='0.12423'><ele>1899</ele><time>2025-07-10T07:14:05Z</time></trkpt><trkpt lat='42.882639999999995' lon='0.12466999999999999'><ele>1897</ele><time>2025-07-10T07:30:32Z</time></trkpt><trkpt lat='42.88263' lon='0.12476'><ele>1897</ele><time>2025-07-10T07:33:16Z</time></trkpt><trkpt lat='42.88263' lon='0.12480999999999999'><ele>1897</ele><time>2025-07-10T07:36:01Z</time></trkpt><trkpt lat='42.88257' lon='0.12489'><ele>1896</ele><time>2025-07-10T07:38:45Z</time></trkpt><trkpt lat='42.882509999999996' lon='0.12487999999999999'><ele>1896</ele><time>2025-07-10T07:41:29Z</time></trkpt><trkpt lat='42.88249' lon='0.12489'><ele>1896</ele><time>2025-07-10T07:41:29Z</time></trkpt><trkpt lat='42.88239' lon='0.12517999999999999'><ele>1896</ele><time>2025-07-10T07:52:27Z</time></trkpt><trkpt lat='42.882349999999995' lon='0.12523'><ele>1896</ele><time>2025-07-10T07:55:12Z</time></trkpt><trkpt lat='42.88231' lon='0.12535'><ele>1896</ele><time>2025-07-10T08:00:40Z</time></trkpt><trkpt lat='42.882259999999995' lon='0.12559'><ele>1897</ele><time>2025-07-10T08:08:54Z</time></trkpt><trkpt lat='42.8822' lon='0.1256'><ele>1897</ele><time>2025-07-10T08:11:38Z</time></trkpt><trkpt lat='42.88211' lon='0.12546'><ele>1898</ele><time>2025-07-10T08:17:07Z</time></trkpt><trkpt lat='42.88207' lon='0.12546'><ele>1898</ele><time>2025-07-10T08:19:51Z</time></trkpt><trkpt lat='42.88202' lon='0.12553'><ele>1899</ele><time>2025-07-10T08:22:36Z</time></trkpt><trkpt lat='42.882' lon='0.12563'><ele>1902</ele><time>2025-07-10T08:25:20Z</time></trkpt><trkpt lat='42.881989999999995' lon='0.12591'><ele>1902</ele><time>2025-07-10T08:33:33Z</time></trkpt><trkpt lat='42.88202' lon='0.12611'><ele>1907</ele><time>2025-07-10T08:41:47Z</time></trkpt><trkpt lat='42.881989999999995' lon='0.12621'><ele>1908</ele><time>2025-07-10T08:47:16Z</time></trkpt><trkpt lat='42.88201' lon='0.12647'><ele>1911</ele><time>2025-07-10T08:58:13Z</time></trkpt><trkpt lat='42.882' lon='0.1266'><ele>1913</ele><time>2025-07-10T09:03:42Z</time></trkpt><trkpt lat='42.88203' lon='0.12683'><ele>1916</ele><time>2025-07-10T09:11:55Z</time></trkpt><trkpt lat='42.881969999999995' lon='0.12717'><ele>1919</ele><time>2025-07-10T09:28:22Z</time></trkpt><trkpt lat='42.88201' lon='0.12736'><ele>1920</ele><time>2025-07-10T09:36:35Z</time></trkpt><trkpt lat='42.882' lon='0.12750999999999998'><ele>1920</ele><time>2025-07-10T09:42:04Z</time></trkpt><trkpt lat='42.88196' lon='0.12767'><ele>1921</ele><time>2025-07-10T09:47:33Z</time></trkpt><trkpt lat='42.882' lon='0.12775'><ele>1921</ele><time>2025-07-10T09:50:17Z</time></trkpt><trkpt lat='42.88236' lon='0.12797999999999998'><ele>1921</ele><time>2025-07-10T10:06:44Z</time></trkpt><trkpt lat='42.882369999999995' lon='0.128'><ele>1921</ele><time>2025-07-10T10:09:28Z</time></trkpt><trkpt lat='42.88229' lon='0.12831'><ele>1925</ele><time>2025-07-10T10:20:26Z</time></trkpt><trkpt lat='42.882259999999995' lon='0.12836999999999998'><ele>1925</ele><time>2025-07-10T10:20:26Z</time></trkpt><trkpt lat='42.882239999999996' lon='0.12867'><ele>1928</ele><time>2025-07-10T10:31:24Z</time></trkpt><trkpt lat='42.88214' lon='0.12894999999999998'><ele>1932</ele><time>2025-07-10T10:42:21Z</time></trkpt><trkpt lat='42.882149999999996' lon='0.12902'><ele>1933</ele><time>2025-07-10T10:47:50Z</time></trkpt><trkpt lat='42.88222' lon='0.12905'><ele>1934</ele><time>2025-07-10T10:56:03Z</time></trkpt><trkpt lat='42.88228' lon='0.12904'><ele>1939</ele><time>2025-07-10T11:01:32Z</time></trkpt><trkpt lat='42.88229' lon='0.1291'><ele>1939</ele><time>2025-07-10T11:07:01Z</time></trkpt><trkpt lat='42.882169999999995' lon='0.12935'><ele>1944</ele><time>2025-07-10T11:26:12Z</time></trkpt><trkpt lat='42.88213' lon='0.12951'><ele>1946</ele><time>2025-07-10T11:34:25Z</time></trkpt><trkpt lat='42.88201' lon='0.13033999999999998'><ele>1951</ele><time>2025-07-10T12:01:50Z</time></trkpt><trkpt lat='42.88183' lon='0.13088'><ele>1950</ele><time>2025-07-10T12:21:00Z</time></trkpt><trkpt lat='42.88178' lon='0.13118'><ele>1951</ele><time>2025-07-10T12:29:14Z</time></trkpt><trkpt lat='42.881769999999996' lon='0.13133999999999998'><ele>1952</ele><time>2025-07-10T12:34:43Z</time></trkpt><trkpt lat='42.881609999999995' lon='0.13187'><ele>1957</ele><time>2025-07-10T12:53:54Z</time></trkpt><trkpt lat='42.88155' lon='0.13213'><ele>1959</ele><time>2025-07-10T13:04:51Z</time></trkpt><trkpt lat='42.88156' lon='0.13233'><ele>1959</ele><time>2025-07-10T13:10:20Z</time></trkpt><trkpt lat='42.881499999999996' lon='0.13272'><ele>1960</ele><time>2025-07-10T13:24:02Z</time></trkpt><trkpt lat='42.881429999999995' lon='0.13291'><ele>1959</ele><time>2025-07-10T13:29:31Z</time></trkpt><trkpt lat='42.881429999999995' lon='0.13319'><ele>1958</ele><time>2025-07-10T13:40:29Z</time></trkpt><trkpt lat='42.881389999999996' lon='0.13343'><ele>1955</ele><time>2025-07-10T13:48:42Z</time></trkpt><trkpt lat='42.881389999999996' lon='0.13354'><ele>1954</ele><time>2025-07-10T13:51:26Z</time></trkpt><trkpt lat='42.88145' lon='0.13371'><ele>1953</ele><time>2025-07-10T13:56:55Z</time></trkpt><trkpt lat='42.88153' lon='0.13383'><ele>1953</ele><time>2025-07-10T14:02:24Z</time></trkpt><trkpt lat='42.88162' lon='0.13409'><ele>1955</ele><time>2025-07-10T14:13:22Z</time></trkpt><trkpt lat='42.88165' lon='0.13409'><ele>1955</ele><time>2025-07-10T14:13:22Z</time></trkpt><trkpt lat='42.88166' lon='0.13416999999999998'><ele>1955</ele><time>2025-07-10T14:16:06Z</time></trkpt><trkpt lat='42.881479999999996' lon='0.13495'><ele>1959</ele><time>2025-07-10T14:43:30Z</time></trkpt><trkpt lat='42.8814' lon='0.13507'><ele>1960</ele><time>2025-07-10T14:48:59Z</time></trkpt><trkpt lat='42.88119' lon='0.13521'><ele>1961</ele><time>2025-07-10T14:59:57Z</time></trkpt><trkpt lat='42.88115' lon='0.13527999999999998'><ele>1961</ele><time>2025-07-10T15:02:41Z</time></trkpt><trkpt lat='42.88107' lon='0.13549999999999998'><ele>1962</ele><time>2025-07-10T15:10:55Z</time></trkpt><trkpt lat='42.881' lon='0.13560999999999998'><ele>1965</ele><time>2025-07-10T15:16:24Z</time></trkpt><trkpt lat='42.88097' lon='0.13573'><ele>1965</ele><time>2025-07-10T15:19:08Z</time></trkpt><trkpt lat='42.880939999999995' lon='0.13576'><ele>1965</ele><time>2025-07-10T15:21:52Z</time></trkpt><trkpt lat='42.880919999999996' lon='0.13587'><ele>1966</ele><time>2025-07-10T15:24:37Z</time></trkpt><trkpt lat='42.880939999999995' lon='0.13591'><ele>1967</ele><time>2025-07-10T15:27:21Z</time></trkpt><trkpt lat='42.881' lon='0.13587'><ele>1970</ele><time>2025-07-10T15:30:06Z</time></trkpt><trkpt lat='42.88102' lon='0.13587'><ele>1970</ele><time>2025-07-10T15:35:34Z</time></trkpt><trkpt lat='42.88104' lon='0.13591'><ele>1971</ele><time>2025-07-10T15:38:19Z</time></trkpt><trkpt lat='42.881029999999996' lon='0.13618'><ele>1978</ele><time>2025-07-10T16:08:28Z</time></trkpt><trkpt lat='42.88098' lon='0.13638'><ele>1985</ele><time>2025-07-10T16:30:23Z</time></trkpt><trkpt lat='42.88097' lon='0.13659'><ele>1988</ele><time>2025-07-10T16:52:18Z</time></trkpt><trkpt lat='42.88098' lon='0.13660999999999998'><ele>1992</ele><time>2025-07-10T16:55:03Z</time></trkpt><trkpt lat='42.881049999999995' lon='0.13663999999999998'><ele>1992</ele><time>2025-07-10T17:06:00Z</time></trkpt><trkpt lat='42.88104' lon='0.13676'><ele>1996</ele><time>2025-07-10T17:16:58Z</time></trkpt><trkpt lat='42.88106' lon='0.1368'><ele>1996</ele><time>2025-07-10T17:19:43Z</time></trkpt><trkpt lat='42.881049999999995' lon='0.13702'><ele>2001</ele><time>2025-07-10T17:33:25Z</time></trkpt><trkpt lat='42.881009999999996' lon='0.13712'><ele>2002</ele><time>2025-07-10T17:38:53Z</time></trkpt><trkpt lat='42.881' lon='0.13738'><ele>2006</ele><time>2025-07-10T17:49:51Z</time></trkpt><trkpt lat='42.88097' lon='0.13746'><ele>2007</ele><time>2025-07-10T17:55:20Z</time></trkpt><trkpt lat='42.88088' lon='0.1379'><ele>2010</ele><time>2025-07-10T18:11:47Z</time></trkpt><trkpt lat='42.88086' lon='0.13807'><ele>2011</ele><time>2025-07-10T18:17:15Z</time></trkpt><trkpt lat='42.88082' lon='0.13810999999999998'><ele>2012</ele><time>2025-07-10T18:20:00Z</time></trkpt><trkpt lat='42.88075' lon='0.13812'><ele>2014</ele><time>2025-07-10T18:25:29Z</time></trkpt><trkpt lat='42.8806' lon='0.13804'><ele>2015</ele><time>2025-07-10T18:30:57Z</time></trkpt><trkpt lat='42.880469999999995' lon='0.13791'><ele>2016</ele><time>2025-07-10T18:39:11Z</time></trkpt><trkpt lat='42.880379999999995' lon='0.13785'><ele>2017</ele><time>2025-07-10T18:44:40Z</time></trkpt><trkpt lat='42.88023' lon='0.13785'><ele>2019</ele><time>2025-07-10T18:50:08Z</time></trkpt><trkpt lat='42.88016' lon='0.13792'><ele>2020</ele><time>2025-07-10T18:55:37Z</time></trkpt><trkpt lat='42.87999' lon='0.13799999999999998'><ele>2022</ele><time>2025-07-10T19:03:51Z</time></trkpt><trkpt lat='42.87988' lon='0.13817'><ele>2024</ele><time>2025-07-10T19:12:04Z</time></trkpt><trkpt lat='42.87981' lon='0.13832'><ele>2025</ele><time>2025-07-10T19:20:17Z</time></trkpt><trkpt lat='42.879729999999995' lon='0.13893999999999998'><ele>2031</ele><time>2025-07-10T19:42:12Z</time></trkpt><trkpt lat='42.87957' lon='0.1392'><ele>2034</ele><time>2025-07-10T20:04:08Z</time></trkpt><trkpt lat='42.879549999999995' lon='0.13942'><ele>2041</ele><time>2025-07-10T20:17:50Z</time></trkpt><trkpt lat='42.879439999999995' lon='0.13981'><ele>2048</ele><time>2025-07-10T20:42:30Z</time></trkpt><trkpt lat='42.879459999999995' lon='0.13989'><ele>2049</ele><time>2025-07-10T20:47:59Z</time></trkpt><trkpt lat='42.879459999999995' lon='0.14035999999999998'><ele>2050</ele><time>2025-07-10T21:04:25Z</time></trkpt><trkpt lat='42.87936' lon='0.14087'><ele>2056</ele><time>2025-07-10T21:26:20Z</time></trkpt><trkpt lat='42.87929' lon='0.14104'><ele>2061</ele><time>2025-07-10T21:34:34Z</time></trkpt><trkpt lat='42.87925' lon='0.14106'><ele>2062</ele><time>2025-07-10T21:37:18Z</time></trkpt><trkpt lat='42.879149999999996' lon='0.14139'><ele>2066</ele><time>2025-07-10T21:51:00Z</time></trkpt><trkpt lat='42.879039999999996' lon='0.14151'><ele>2065</ele><time>2025-07-10T21:56:29Z</time></trkpt><trkpt lat='42.879' lon='0.14159'><ele>2065</ele><time>2025-07-10T21:59:14Z</time></trkpt><trkpt lat='42.879' lon='0.14195'><ele>2068</ele><time>2025-07-10T22:10:11Z</time></trkpt><trkpt lat='42.87889' lon='0.14253'><ele>2069</ele><time>2025-07-10T22:29:22Z</time></trkpt><trkpt lat='42.878859999999996' lon='0.14257999999999998'><ele>2069</ele><time>2025-07-10T22:32:07Z</time></trkpt><trkpt lat='42.878769999999996' lon='0.14285'><ele>2069</ele><time>2025-07-10T22:43:04Z</time></trkpt><trkpt lat='42.87872' lon='0.14288'><ele>2069</ele><time>2025-07-10T22:45:49Z</time></trkpt><trkpt lat='42.87867' lon='0.14298'><ele>2070</ele><time>2025-07-10T22:48:33Z</time></trkpt><trkpt lat='42.87854' lon='0.1431'><ele>2071</ele><time>2025-07-10T22:56:46Z</time></trkpt><trkpt lat='42.878479999999996' lon='0.14329999999999998'><ele>2072</ele><time>2025-07-10T23:02:15Z</time></trkpt><trkpt lat='42.87835' lon='0.14357'><ele>2072</ele><time>2025-07-10T23:15:57Z</time></trkpt><trkpt lat='42.87829' lon='0.14382'><ele>2073</ele><time>2025-07-10T23:24:11Z</time></trkpt><trkpt lat='42.878139999999995' lon='0.14426'><ele>2078</ele><time>2025-07-10T23:40:37Z</time></trkpt><trkpt lat='42.87817' lon='0.14473'><ele>2085</ele><time>2025-07-10T23:59:48Z</time></trkpt><trkpt lat='42.878139999999995' lon='0.14495'><ele>2087</ele><time>2025-07-11T00:08:01Z</time></trkpt><trkpt lat='42.87811' lon='0.14498999999999998'><ele>2087</ele><time>2025-07-11T00:10:46Z</time></trkpt><trkpt lat='42.878099999999996' lon='0.14537'><ele>2090</ele><time>2025-07-11T00:24:28Z</time></trkpt><trkpt lat='42.878029999999995' lon='0.14571'><ele>2092</ele><time>2025-07-11T00:38:10Z</time></trkpt><trkpt lat='42.87793' lon='0.14590999999999998'><ele>2095</ele><time>2025-07-11T00:46:23Z</time></trkpt><trkpt lat='42.87787' lon='0.14596'><ele>2096</ele><time>2025-07-11T00:49:08Z</time></trkpt><trkpt lat='42.87769' lon='0.14597'><ele>2097</ele><time>2025-07-11T01:00:05Z</time></trkpt><trkpt lat='42.877289999999995' lon='0.1459'><ele>2101</ele><time>2025-07-11T01:22:01Z</time></trkpt><trkpt lat='42.877089999999995' lon='0.14598999999999998'><ele>2108</ele><time>2025-07-11T01:35:43Z</time></trkpt><trkpt lat='42.87706' lon='0.14598999999999998'><ele>2109</ele><time>2025-07-11T01:38:27Z</time></trkpt><trkpt lat='42.87697' lon='0.14609999999999998'><ele>2112</ele><time>2025-07-11T01:43:56Z</time></trkpt><trkpt lat='42.876889999999996' lon='0.14612'><ele>2113</ele><time>2025-07-11T01:46:41Z</time></trkpt><trkpt lat='42.87683' lon='0.14618'><ele>2115</ele><time>2025-07-11T01:52:09Z</time></trkpt><trkpt lat='42.876819999999995' lon='0.14623'><ele>2115</ele><time>2025-07-11T01:52:09Z</time></trkpt><trkpt lat='42.876709999999996' lon='0.14633'><ele>2116</ele><time>2025-07-11T01:57:38Z</time></trkpt><trkpt lat='42.87658' lon='0.14669'><ele>2116</ele><time>2025-07-11T02:11:20Z</time></trkpt><trkpt lat='42.87654' lon='0.14673'><ele>2116</ele><time>2025-07-11T02:14:05Z</time></trkpt><trkpt lat='42.87654' lon='0.14678'><ele>2116</ele><time>2025-07-11T02:16:49Z</time></trkpt><trkpt lat='42.87643' lon='0.14698999999999998'><ele>2117</ele><time>2025-07-11T02:25:02Z</time></trkpt><trkpt lat='42.87639' lon='0.14715'><ele>2118</ele><time>2025-07-11T02:30:31Z</time></trkpt><trkpt lat='42.87628' lon='0.14733'><ele>2119</ele><time>2025-07-11T02:38:45Z</time></trkpt><trkpt lat='42.876219999999996' lon='0.14747'><ele>2119</ele><time>2025-07-11T02:44:13Z</time></trkpt><trkpt lat='42.87619' lon='0.14764'><ele>2120</ele><time>2025-07-11T02:52:27Z</time></trkpt><trkpt lat='42.87609' lon='0.14782'><ele>2121</ele><time>2025-07-11T02:57:56Z</time></trkpt><trkpt lat='42.875969999999995' lon='0.14794'><ele>2122</ele><time>2025-07-11T03:06:09Z</time></trkpt><trkpt lat='42.875949999999996' lon='0.14808'><ele>2123</ele><time>2025-07-11T03:08:53Z</time></trkpt><trkpt lat='42.8759' lon='0.14819'><ele>2123</ele><time>2025-07-11T03:14:22Z</time></trkpt><trkpt lat='42.87576' lon='0.14837'><ele>2125</ele><time>2025-07-11T03:22:35Z</time></trkpt><trkpt lat='42.875699999999995' lon='0.14841'><ele>2125</ele><time>2025-07-11T03:25:20Z</time></trkpt><trkpt lat='42.87564' lon='0.14851'><ele>2125</ele><time>2025-07-11T03:30:49Z</time></trkpt><trkpt lat='42.87562' lon='0.14864'><ele>2126</ele><time>2025-07-11T03:33:33Z</time></trkpt><trkpt lat='42.87549' lon='0.14889'><ele>2130</ele><time>2025-07-11T03:44:31Z</time></trkpt><trkpt lat='42.87546' lon='0.14892'><ele>2130</ele><time>2025-07-11T03:47:15Z</time></trkpt><trkpt lat='42.8754' lon='0.14906'><ele>2132</ele><time>2025-07-11T03:55:28Z</time></trkpt><trkpt lat='42.87533' lon='0.14941'><ele>2135</ele><time>2025-07-11T04:11:55Z</time></trkpt><trkpt lat='42.875299999999996' lon='0.14969'><ele>2137</ele><time>2025-07-11T04:25:37Z</time></trkpt><trkpt lat='42.875299999999996' lon='0.14967999999999998'><ele>2142</ele><time>2025-07-11T04:28:21Z</time></trkpt><trkpt lat='42.87535' lon='0.14992'><ele>2144</ele><time>2025-07-11T04:39:19Z</time></trkpt><trkpt lat='42.875499999999995' lon='0.15022'><ele>2145</ele><time>2025-07-11T04:50:17Z</time></trkpt><trkpt lat='42.875569999999996' lon='0.15026'><ele>2145</ele><time>2025-07-11T04:53:01Z</time></trkpt><trkpt lat='42.87567' lon='0.15056'><ele>2146</ele><time>2025-07-11T05:03:59Z</time></trkpt><trkpt lat='42.87567' lon='0.15092999999999998'><ele>2148</ele><time>2025-07-11T05:14:57Z</time></trkpt><trkpt lat='42.875789999999995' lon='0.15137'><ele>2151</ele><time>2025-07-11T05:31:23Z</time></trkpt><trkpt lat='42.87591' lon='0.15208'><ele>2156</ele><time>2025-07-11T05:56:03Z</time></trkpt><trkpt lat='42.875879999999995' lon='0.15212'><ele>2153</ele><time>2025-07-11T05:58:47Z</time></trkpt><trkpt lat='42.87598' lon='0.15217999999999998'><ele>2153</ele><time>2025-07-11T06:04:16Z</time></trkpt><trkpt lat='42.87598' lon='0.15237'><ele>2153</ele><time>2025-07-11T06:09:45Z</time></trkpt><trkpt lat='42.87601' lon='0.15247'><ele>2154</ele><time>2025-07-11T06:15:14Z</time></trkpt><trkpt lat='42.876' lon='0.15259999999999999'><ele>2154</ele><time>2025-07-11T06:17:58Z</time></trkpt><trkpt lat='42.875949999999996' lon='0.15278'><ele>2155</ele><time>2025-07-11T06:26:12Z</time></trkpt><trkpt lat='42.87593' lon='0.1528'><ele>2155</ele><time>2025-07-11T06:26:12Z</time></trkpt><trkpt lat='42.875879999999995' lon='0.15302'><ele>2154</ele><time>2025-07-11T06:34:25Z</time></trkpt><trkpt lat='42.87589' lon='0.15313'><ele>2154</ele><time>2025-07-11T06:37:09Z</time></trkpt><trkpt lat='42.876' lon='0.15349'><ele>2158</ele><time>2025-07-11T06:50:51Z</time></trkpt><trkpt lat='42.876079999999995' lon='0.15367999999999998'><ele>2162</ele><time>2025-07-11T06:56:20Z</time></trkpt><trkpt lat='42.876129999999996' lon='0.15374'><ele>2163</ele><time>2025-07-11T07:01:49Z</time></trkpt><trkpt lat='42.87618' lon='0.15406'><ele>2165</ele><time>2025-07-11T07:10:02Z</time></trkpt><trkpt lat='42.876169999999995' lon='0.15416'><ele>2166</ele><time>2025-07-11T07:15:31Z</time></trkpt><trkpt lat='42.8762' lon='0.15428999999999998'><ele>2167</ele><time>2025-07-11T07:18:16Z</time></trkpt><trkpt lat='42.876169999999995' lon='0.15438'><ele>2167</ele><time>2025-07-11T07:23:44Z</time></trkpt><trkpt lat='42.87612' lon='0.15469'><ele>2169</ele><time>2025-07-11T07:37:27Z</time></trkpt><trkpt lat='42.876149999999996' lon='0.15483'><ele>2170</ele><time>2025-07-11T07:42:55Z</time></trkpt><trkpt lat='42.876129999999996' lon='0.15506'><ele>2176</ele><time>2025-07-11T07:51:09Z</time></trkpt><trkpt lat='42.87618' lon='0.15535'><ele>2179</ele><time>2025-07-11T08:04:51Z</time></trkpt><trkpt lat='42.87623' lon='0.15553999999999998'><ele>2180</ele><time>2025-07-11T08:13:04Z</time></trkpt><trkpt lat='42.876259999999995' lon='0.15559'><ele>2181</ele><time>2025-07-11T08:15:49Z</time></trkpt><trkpt lat='42.8764' lon='0.15572'><ele>2182</ele><time>2025-07-11T08:26:46Z</time></trkpt><trkpt lat='42.876549999999995' lon='0.15602'><ele>2187</ele><time>2025-07-11T08:40:28Z</time></trkpt><trkpt lat='42.876599999999996' lon='0.15616'><ele>2190</ele><time>2025-07-11T08:45:57Z</time></trkpt><trkpt lat='42.87667' lon='0.15621'><ele>2194</ele><time>2025-07-11T08:51:26Z</time></trkpt><trkpt lat='42.87686' lon='0.15642999999999999'><ele>2199</ele><time>2025-07-11T09:05:08Z</time></trkpt><trkpt lat='42.876889999999996' lon='0.1565'><ele>2200</ele><time>2025-07-11T09:07:53Z</time></trkpt><trkpt lat='42.877019999999995' lon='0.15717'><ele>2201</ele><time>2025-07-11T09:32:32Z</time></trkpt><trkpt lat='42.877109999999995' lon='0.15755'><ele>2201</ele><time>2025-07-11T09:46:14Z</time></trkpt><trkpt lat='42.87721' lon='0.15788'><ele>2201</ele><time>2025-07-11T09:59:57Z</time></trkpt><trkpt lat='42.8773' lon='0.15796'><ele>2202</ele><time>2025-07-11T10:02:41Z</time></trkpt><trkpt lat='42.87742' lon='0.15819'><ele>2205</ele><time>2025-07-11T10:13:39Z</time></trkpt><trkpt lat='42.877469999999995' lon='0.15839999999999999'><ele>2205</ele><time>2025-07-11T10:19:08Z</time></trkpt><trkpt lat='42.877489999999995' lon='0.15892'><ele>2209</ele><time>2025-07-11T10:38:18Z</time></trkpt><trkpt lat='42.877669999999995' lon='0.15938'><ele>2212</ele><time>2025-07-11T10:54:45Z</time></trkpt><trkpt lat='42.877669999999995' lon='0.15944'><ele>2213</ele><time>2025-07-11T11:00:14Z</time></trkpt><trkpt lat='42.87772' lon='0.15965'><ele>2215</ele><time>2025-07-11T11:08:27Z</time></trkpt><trkpt lat='42.8777' lon='0.15974'><ele>2218</ele><time>2025-07-11T11:13:56Z</time></trkpt><trkpt lat='42.87769' lon='0.15997999999999998'><ele>2220</ele><time>2025-07-11T11:24:54Z</time></trkpt><trkpt lat='42.87771' lon='0.16025'><ele>2224</ele><time>2025-07-11T11:38:36Z</time></trkpt><trkpt lat='42.8777' lon='0.16058'><ele>2226</ele><time>2025-07-11T11:49:33Z</time></trkpt><trkpt lat='42.87777' lon='0.16077'><ele>2227</ele><time>2025-07-11T11:57:47Z</time></trkpt><trkpt lat='42.87777' lon='0.16083'><ele>2227</ele><time>2025-07-11T12:00:31Z</time></trkpt><trkpt lat='42.87784' lon='0.161'><ele>2227</ele><time>2025-07-11T12:06:00Z</time></trkpt><trkpt lat='42.87784' lon='0.16099'><ele>2227</ele><time>2025-07-11T12:06:00Z</time></trkpt><trkpt lat='42.877849999999995' lon='0.16102'><ele>2227</ele><time>2025-07-11T12:08:44Z</time></trkpt><trkpt lat='42.877759999999995' lon='0.16119999999999998'><ele>2228</ele><time>2025-07-11T12:14:13Z</time></trkpt><trkpt lat='42.877649999999996' lon='0.16158'><ele>2232</ele><time>2025-07-11T12:27:55Z</time></trkpt><trkpt lat='42.8776' lon='0.16201'><ele>2233</ele><time>2025-07-11T12:41:37Z</time></trkpt><trkpt lat='42.87744' lon='0.16218'><ele>2235</ele><time>2025-07-11T12:52:35Z</time></trkpt><trkpt lat='42.87737' lon='0.16233'><ele>2238</ele><time>2025-07-11T13:06:17Z</time></trkpt><trkpt lat='42.87732' lon='0.16251'><ele>2241</ele><time>2025-07-11T13:17:15Z</time></trkpt><trkpt lat='42.87734' lon='0.16258'><ele>2242</ele><time>2025-07-11T13:22:44Z</time></trkpt><trkpt lat='42.87732' lon='0.16265'><ele>2244</ele><time>2025-07-11T13:25:28Z</time></trkpt><trkpt lat='42.87732' lon='0.16279'><ele>2247</ele><time>2025-07-11T13:36:26Z</time></trkpt><trkpt lat='42.87726' lon='0.163'><ele>2254</ele><time>2025-07-11T13:50:08Z</time></trkpt><trkpt lat='42.87721' lon='0.16305'><ele>2255</ele><time>2025-07-11T13:55:37Z</time></trkpt><trkpt lat='42.877199999999995' lon='0.16313999999999998'><ele>2256</ele><time>2025-07-11T14:01:06Z</time></trkpt><trkpt lat='42.87724' lon='0.16358999999999999'><ele>2261</ele><time>2025-07-11T14:25:45Z</time></trkpt><trkpt lat='42.87723' lon='0.1639'><ele>2262</ele><time>2025-07-11T14:36:43Z</time></trkpt><trkpt lat='42.87713' lon='0.16473'><ele>2267</ele><time>2025-07-11T15:04:07Z</time></trkpt><trkpt lat='42.87701' lon='0.16491999999999998'><ele>2267</ele><time>2025-07-11T15:12:21Z</time></trkpt><trkpt lat='42.87696' lon='0.16510999999999998'><ele>2267</ele><time>2025-07-11T15:20:34Z</time></trkpt><trkpt lat='42.87685' lon='0.16534'><ele>2268</ele><time>2025-07-11T15:28:47Z</time></trkpt><trkpt lat='42.87678' lon='0.16554'><ele>2269</ele><time>2025-07-11T15:37:00Z</time></trkpt><trkpt lat='42.876729999999995' lon='0.16572'><ele>2272</ele><time>2025-07-11T15:42:29Z</time></trkpt><trkpt lat='42.876729999999995' lon='0.16594'><ele>2274</ele><time>2025-07-11T15:53:27Z</time></trkpt><trkpt lat='42.87666' lon='0.16621'><ele>2279</ele><time>2025-07-11T16:07:09Z</time></trkpt><trkpt lat='42.87639' lon='0.16677'><ele>2288</ele><time>2025-07-11T16:40:02Z</time></trkpt><trkpt lat='42.87607' lon='0.16765'><ele>2299</ele><time>2025-07-11T17:21:09Z</time></trkpt><trkpt lat='42.875969999999995' lon='0.16784'><ele>2304</ele><time>2025-07-11T17:37:35Z</time></trkpt><trkpt lat='42.87591' lon='0.16816'><ele>2308</ele><time>2025-07-11T17:56:46Z</time></trkpt><trkpt lat='42.87591' lon='0.16843'><ele>2314</ele><time>2025-07-11T18:13:13Z</time></trkpt><trkpt lat='42.87582' lon='0.16854'><ele>2317</ele><time>2025-07-11T18:32:23Z</time></trkpt><trkpt lat='42.8758' lon='0.1686'><ele>2322</ele><time>2025-07-11T18:40:37Z</time></trkpt><trkpt lat='42.87578' lon='0.16860999999999998'><ele>2322</ele><time>2025-07-11T18:43:21Z</time></trkpt><trkpt lat='42.875679999999996' lon='0.16857'><ele>2325</ele><time>2025-07-11T18:59:48Z</time></trkpt><trkpt lat='42.87562' lon='0.16865'><ele>2327</ele><time>2025-07-11T19:10:45Z</time></trkpt><trkpt lat='42.875609999999995' lon='0.16868'><ele>2327</ele><time>2025-07-11T19:13:30Z</time></trkpt><trkpt lat='42.87563' lon='0.16871'><ele>2327</ele><time>2025-07-11T19:16:14Z</time></trkpt><trkpt lat='42.8756' lon='0.16877'><ele>2334</ele><time>2025-07-11T19:27:12Z</time></trkpt><trkpt lat='42.875589999999995' lon='0.16888'><ele>2334</ele><time>2025-07-11T19:35:25Z</time></trkpt><trkpt lat='42.87545' lon='0.16926'><ele>2343</ele><time>2025-07-11T20:11:03Z</time></trkpt><trkpt lat='42.87546' lon='0.16952'><ele>2346</ele><time>2025-07-11T20:30:14Z</time></trkpt><trkpt lat='42.875389999999996' lon='0.16957999999999998'><ele>2348</ele><time>2025-07-11T20:38:27Z</time></trkpt><trkpt lat='42.875319999999995' lon='0.16985'><ele>2356</ele><time>2025-07-11T21:00:22Z</time></trkpt><trkpt lat='42.87525' lon='0.16995'><ele>2360</ele><time>2025-07-11T21:14:04Z</time></trkpt><trkpt lat='42.875209999999996' lon='0.16996999999999998'><ele>2360</ele><time>2025-07-11T21:19:33Z</time></trkpt><trkpt lat='42.87517' lon='0.17004999999999998'><ele>2363</ele><time>2025-07-11T21:27:46Z</time></trkpt><trkpt lat='42.875119999999995' lon='0.17028'><ele>2368</ele><time>2025-07-11T21:49:42Z</time></trkpt><trkpt lat='42.87506' lon='0.17037'><ele>2370</ele><time>2025-07-11T21:57:55Z</time></trkpt><trkpt lat='42.875029999999995' lon='0.17054999999999998'><ele>2372</ele><time>2025-07-11T22:08:53Z</time></trkpt><trkpt lat='42.87493' lon='0.17082999999999998'><ele>2379</ele><time>2025-07-11T22:28:04Z</time></trkpt><trkpt lat='42.87491' lon='0.17085'><ele>2379</ele><time>2025-07-11T22:33:33Z</time></trkpt><trkpt lat='42.87488' lon='0.17082999999999998'><ele>2382</ele><time>2025-07-11T22:39:01Z</time></trkpt><trkpt lat='42.87486' lon='0.17085'><ele>2382</ele><time>2025-07-11T22:41:46Z</time></trkpt><trkpt lat='42.87487' lon='0.17093999999999998'><ele>2385</ele><time>2025-07-11T22:52:44Z</time></trkpt><trkpt lat='42.874849999999995' lon='0.17095'><ele>2385</ele><time>2025-07-11T22:55:28Z</time></trkpt><trkpt lat='42.87484' lon='0.17103'><ele>2388</ele><time>2025-07-11T23:03:41Z</time></trkpt><trkpt lat='42.87479' lon='0.17101'><ele>2388</ele><time>2025-07-11T23:11:55Z</time></trkpt><trkpt lat='42.87478' lon='0.17102'><ele>2388</ele><time>2025-07-11T23:11:55Z</time></trkpt><trkpt lat='42.874759999999995' lon='0.17124'><ele>2397</ele><time>2025-07-11T23:39:19Z</time></trkpt><trkpt lat='42.87459' lon='0.17118999999999998'><ele>2401</ele><time>2025-07-12T00:03:59Z</time></trkpt><trkpt lat='42.874579999999995' lon='0.1712'><ele>2401</ele><time>2025-07-12T00:06:43Z</time></trkpt><trkpt lat='42.87459' lon='0.17129'><ele>2401</ele><time>2025-07-12T00:14:56Z</time></trkpt><trkpt lat='42.874579999999995' lon='0.17131'><ele>2411</ele><time>2025-07-12T00:28:38Z</time></trkpt><trkpt lat='42.87455' lon='0.17129999999999998'><ele>2411</ele><time>2025-07-12T00:34:07Z</time></trkpt><trkpt lat='42.874539999999996' lon='0.17131'><ele>2411</ele><time>2025-07-12T00:36:52Z</time></trkpt><trkpt lat='42.87457' lon='0.17140999999999998'><ele>2411</ele><time>2025-07-12T00:47:49Z</time></trkpt><trkpt lat='42.87449' lon='0.17142'><ele>2416</ele><time>2025-07-12T00:58:47Z</time></trkpt><trkpt lat='42.87446' lon='0.1714'><ele>2416</ele><time>2025-07-12T01:04:16Z</time></trkpt><trkpt lat='42.874449999999996' lon='0.17142'><ele>2416</ele><time>2025-07-12T01:07:00Z</time></trkpt><trkpt lat='42.874379999999995' lon='0.17143999999999998'><ele>2419</ele><time>2025-07-12T01:17:58Z</time></trkpt><trkpt lat='42.874359999999996' lon='0.17146'><ele>2419</ele><time>2025-07-12T01:20:42Z</time></trkpt><trkpt lat='42.8744' lon='0.17156'><ele>2421</ele><time>2025-07-12T01:31:40Z</time></trkpt><trkpt lat='42.87439' lon='0.17174'><ele>2435</ele><time>2025-07-12T01:59:04Z</time></trkpt><trkpt lat='42.874359999999996' lon='0.17179999999999998'><ele>2438</ele><time>2025-07-12T02:04:33Z</time></trkpt><trkpt lat='42.8743' lon='0.17184'><ele>2443</ele><time>2025-07-12T02:12:46Z</time></trkpt><trkpt lat='42.874289999999995' lon='0.17192'><ele>2438</ele><time>2025-07-12T02:18:15Z</time></trkpt><trkpt lat='42.874199999999995' lon='0.17204'><ele>2438</ele><time>2025-07-12T02:29:13Z</time></trkpt><trkpt lat='42.874069999999996' lon='0.17204999999999998'><ele>2445</ele><time>2025-07-12T02:40:11Z</time></trkpt><trkpt lat='42.87402' lon='0.17203'><ele>2448</ele><time>2025-07-12T02:45:39Z</time></trkpt><trkpt lat='42.87396' lon='0.17203'><ele>2450</ele><time>2025-07-12T02:56:37Z</time></trkpt><trkpt lat='42.87387' lon='0.17207'><ele>2455</ele><time>2025-07-12T03:10:19Z</time></trkpt><trkpt lat='42.87387' lon='0.17207999999999998'><ele>2455</ele><time>2025-07-12T03:10:19Z</time></trkpt><trkpt lat='42.87374' lon='0.17210999999999999'><ele>2459</ele><time>2025-07-12T03:29:30Z</time></trkpt><trkpt lat='42.87361' lon='0.17209'><ele>2455</ele><time>2025-07-12T03:40:28Z</time></trkpt><trkpt lat='42.87356' lon='0.1721'><ele>2454</ele><time>2025-07-12T03:43:12Z</time></trkpt><trkpt lat='42.87345' lon='0.17245'><ele>2445</ele><time>2025-07-12T04:02:23Z</time></trkpt><trkpt lat='42.873509999999996' lon='0.17279999999999998'><ele>2438</ele><time>2025-07-12T04:16:05Z</time></trkpt><trkpt lat='42.87358' lon='0.17293999999999998'><ele>2436</ele><time>2025-07-12T04:18:50Z</time></trkpt><trkpt lat='42.87367' lon='0.17303'><ele>2435</ele><time>2025-07-12T04:24:19Z</time></trkpt><trkpt lat='42.87377' lon='0.17332999999999998'><ele>2428</ele><time>2025-07-12T04:35:16Z</time></trkpt><trkpt lat='42.8739' lon='0.17361'><ele>2424</ele><time>2025-07-12T04:46:14Z</time></trkpt><trkpt lat='42.87394' lon='0.17378'><ele>2421</ele><time>2025-07-12T04:51:43Z</time></trkpt><trkpt lat='42.87395' lon='0.17464'><ele>2404</ele><time>2025-07-12T05:21:52Z</time></trkpt><trkpt lat='42.87402' lon='0.17495'><ele>2403</ele><time>2025-07-12T05:30:05Z</time></trkpt><trkpt lat='42.874159999999996' lon='0.17526999999999998'><ele>2404</ele><time>2025-07-12T05:38:18Z</time></trkpt><trkpt lat='42.87413' lon='0.17543'><ele>2401</ele><time>2025-07-12T05:43:47Z</time></trkpt><trkpt lat='42.87401' lon='0.1757'><ele>2394</ele><time>2025-07-12T05:52:00Z</time></trkpt><trkpt lat='42.87406' lon='0.17587999999999998'><ele>2392</ele><time>2025-07-12T05:54:45Z</time></trkpt><trkpt lat='42.874069999999996' lon='0.1762'><ele>2387</ele><time>2025-07-12T06:08:27Z</time></trkpt><trkpt lat='42.873999999999995' lon='0.1765'><ele>2380</ele><time>2025-07-12T06:19:24Z</time></trkpt><trkpt lat='42.87394' lon='0.17654999999999998'><ele>2377</ele><time>2025-07-12T06:24:53Z</time></trkpt><trkpt lat='42.873709999999996' lon='0.17690999999999998'><ele>2367</ele><time>2025-07-12T06:49:33Z</time></trkpt><trkpt lat='42.873599999999996' lon='0.17718'><ele>2361</ele><time>2025-07-12T07:00:31Z</time></trkpt><trkpt lat='42.87339' lon='0.17754'><ele>2353</ele><time>2025-07-12T07:16:57Z</time></trkpt><trkpt lat='42.87327' lon='0.17769'><ele>2348</ele><time>2025-07-12T07:25:11Z</time></trkpt><trkpt lat='42.873169999999995' lon='0.17787'><ele>2344</ele><time>2025-07-12T07:33:24Z</time></trkpt><trkpt lat='42.87307' lon='0.17798999999999998'><ele>2341</ele><time>2025-07-12T07:41:37Z</time></trkpt><trkpt lat='42.87289' lon='0.17826'><ele>2337</ele><time>2025-07-12T07:52:35Z</time></trkpt><trkpt lat='42.87284' lon='0.1784'><ele>2333</ele><time>2025-07-12T07:55:19Z</time></trkpt><trkpt lat='42.87281' lon='0.17843'><ele>2333</ele><time>2025-07-12T07:58:04Z</time></trkpt><trkpt lat='42.87278' lon='0.17854'><ele>2331</ele><time>2025-07-12T08:00:48Z</time></trkpt><trkpt lat='42.872749999999996' lon='0.17858'><ele>2331</ele><time>2025-07-12T08:00:48Z</time></trkpt><trkpt lat='42.872679999999995' lon='0.17861'><ele>2330</ele><time>2025-07-12T08:03:32Z</time></trkpt><trkpt lat='42.87252' lon='0.17876999999999998'><ele>2327</ele><time>2025-07-12T08:14:30Z</time></trkpt><trkpt lat='42.87246' lon='0.17887999999999998'><ele>2326</ele><time>2025-07-12T08:17:15Z</time></trkpt><trkpt lat='42.87213' lon='0.17925'><ele>2325</ele><time>2025-07-12T08:36:25Z</time></trkpt><trkpt lat='42.87209' lon='0.17937'><ele>2325</ele><time>2025-07-12T08:41:54Z</time></trkpt><trkpt lat='42.87208' lon='0.17976'><ele>2325</ele><time>2025-07-12T08:55:36Z</time></trkpt><trkpt lat='42.87209' lon='0.17981999999999998'><ele>2325</ele><time>2025-07-12T08:55:36Z</time></trkpt><trkpt lat='42.872139999999995' lon='0.17989'><ele>2324</ele><time>2025-07-12T09:01:05Z</time></trkpt><trkpt lat='42.87215' lon='0.18017999999999998'><ele>2321</ele><time>2025-07-12T09:09:19Z</time></trkpt><trkpt lat='42.872209999999995' lon='0.18031'><ele>2321</ele><time>2025-07-12T09:14:47Z</time></trkpt><trkpt lat='42.872229999999995' lon='0.18078999999999998'><ele>2324</ele><time>2025-07-12T09:31:14Z</time></trkpt><trkpt lat='42.87226' lon='0.18112999999999999'><ele>2325</ele><time>2025-07-12T09:42:12Z</time></trkpt><trkpt lat='42.87226' lon='0.18112'><ele>2325</ele><time>2025-07-12T09:42:12Z</time></trkpt><trkpt lat='42.87227' lon='0.18115'><ele>2325</ele><time>2025-07-12T09:44:56Z</time></trkpt><trkpt lat='42.87217' lon='0.18133'><ele>2325</ele><time>2025-07-12T09:50:25Z</time></trkpt><trkpt lat='42.87215' lon='0.18142'><ele>2324</ele><time>2025-07-12T09:53:09Z</time></trkpt><trkpt lat='42.87222' lon='0.18159'><ele>2323</ele><time>2025-07-12T10:01:23Z</time></trkpt><trkpt lat='42.87236' lon='0.18170999999999998'><ele>2320</ele><time>2025-07-12T10:06:51Z</time></trkpt><trkpt lat='42.87238' lon='0.18178999999999998'><ele>2320</ele><time>2025-07-12T10:09:36Z</time></trkpt><trkpt lat='42.87236' lon='0.18203999999999998'><ele>2313</ele><time>2025-07-12T10:20:34Z</time></trkpt><trkpt lat='42.872299999999996' lon='0.18220999999999998'><ele>2312</ele><time>2025-07-12T10:28:47Z</time></trkpt><trkpt lat='42.872119999999995' lon='0.18247'><ele>2307</ele><time>2025-07-12T10:42:29Z</time></trkpt><trkpt lat='42.87206' lon='0.1825'><ele>2305</ele><time>2025-07-12T10:45:13Z</time></trkpt><trkpt lat='42.87204' lon='0.18256999999999998'><ele>2303</ele><time>2025-07-12T10:47:58Z</time></trkpt><trkpt lat='42.871849999999995' lon='0.18286'><ele>2292</ele><time>2025-07-12T11:01:40Z</time></trkpt><trkpt lat='42.87187' lon='0.18292'><ele>2291</ele><time>2025-07-12T11:04:24Z</time></trkpt><trkpt lat='42.87178' lon='0.18334'><ele>2289</ele><time>2025-07-12T11:20:51Z</time></trkpt><trkpt lat='42.87179' lon='0.1835'><ele>2289</ele><time>2025-07-12T11:26:20Z</time></trkpt><trkpt lat='42.87175' lon='0.18402'><ele>2293</ele><time>2025-07-12T11:42:46Z</time></trkpt><trkpt lat='42.871669999999995' lon='0.18414'><ele>2293</ele><time>2025-07-12T11:48:15Z</time></trkpt><trkpt lat='42.87153' lon='0.18486999999999998'><ele>2297</ele><time>2025-07-12T12:12:55Z</time></trkpt><trkpt lat='42.87146' lon='0.18505'><ele>2297</ele><time>2025-07-12T12:18:24Z</time></trkpt><trkpt lat='42.871449999999996' lon='0.18514'><ele>2296</ele><time>2025-07-12T12:23:53Z</time></trkpt><trkpt lat='42.87149' lon='0.18527'><ele>2294</ele><time>2025-07-12T12:26:37Z</time></trkpt><trkpt lat='42.8715' lon='0.18536999999999998'><ele>2293</ele><time>2025-07-12T12:29:21Z</time></trkpt><trkpt lat='42.87148' lon='0.18553'><ele>2292</ele><time>2025-07-12T12:34:50Z</time></trkpt><trkpt lat='42.87144' lon='0.18566'><ele>2291</ele><time>2025-07-12T12:40:19Z</time></trkpt><trkpt lat='42.8714' lon='0.18572'><ele>2291</ele><time>2025-07-12T12:43:03Z</time></trkpt><trkpt lat='42.87134' lon='0.18592'><ele>2291</ele><time>2025-07-12T12:51:17Z</time></trkpt><trkpt lat='42.87121' lon='0.18614999999999998'><ele>2290</ele><time>2025-07-12T12:59:30Z</time></trkpt><trkpt lat='42.87111' lon='0.18622999999999998'><ele>2288</ele><time>2025-07-12T13:04:59Z</time></trkpt><trkpt lat='42.87108' lon='0.18639'><ele>2286</ele><time>2025-07-12T13:10:28Z</time></trkpt><trkpt lat='42.87102' lon='0.18625'><ele>2285</ele><time>2025-07-12T13:15:57Z</time></trkpt><trkpt lat='42.870779999999996' lon='0.18606999999999999'><ele>2282</ele><time>2025-07-12T13:29:39Z</time></trkpt><trkpt lat='42.87057' lon='0.18583'><ele>2277</ele><time>2025-07-12T13:40:36Z</time></trkpt><trkpt lat='42.870509999999996' lon='0.18578999999999998'><ele>2276</ele><time>2025-07-12T13:43:21Z</time></trkpt><trkpt lat='42.87049' lon='0.18574'><ele>2276</ele><time>2025-07-12T13:46:05Z</time></trkpt><trkpt lat='42.870259999999995' lon='0.18563'><ele>2270</ele><time>2025-07-12T13:51:34Z</time></trkpt><trkpt lat='42.87' lon='0.18578999999999998'><ele>2268</ele><time>2025-07-12T13:59:47Z</time></trkpt><trkpt lat='42.86989' lon='0.18577'><ele>2268</ele><time>2025-07-12T14:02:32Z</time></trkpt><trkpt lat='42.869499999999995' lon='0.18594'><ele>2262</ele><time>2025-07-12T14:16:14Z</time></trkpt><trkpt lat='42.86936' lon='0.18603999999999998'><ele>2259</ele><time>2025-07-12T14:24:27Z</time></trkpt><trkpt lat='42.869319999999995' lon='0.18603999999999998'><ele>2258</ele><time>2025-07-12T14:24:27Z</time></trkpt><trkpt lat='42.86887' lon='0.18641'><ele>2248</ele><time>2025-07-12T14:43:38Z</time></trkpt><trkpt lat='42.86878' lon='0.18645'><ele>2247</ele><time>2025-07-12T14:49:07Z</time></trkpt><trkpt lat='42.86869' lon='0.18645'><ele>2245</ele><time>2025-07-12T14:51:51Z</time></trkpt><trkpt lat='42.8684' lon='0.18652'><ele>2240</ele><time>2025-07-12T15:02:49Z</time></trkpt><trkpt lat='42.868269999999995' lon='0.18656999999999999'><ele>2235</ele><time>2025-07-12T15:08:18Z</time></trkpt><trkpt lat='42.86815' lon='0.18656'><ele>2232</ele><time>2025-07-12T15:13:47Z</time></trkpt><trkpt lat='42.86812' lon='0.18658'><ele>2232</ele><time>2025-07-12T15:16:31Z</time></trkpt><trkpt lat='42.867979999999996' lon='0.18656999999999999'><ele>2229</ele><time>2025-07-12T15:22:00Z</time></trkpt><trkpt lat='42.867799999999995' lon='0.18669'><ele>2223</ele><time>2025-07-12T15:32:58Z</time></trkpt><trkpt lat='42.86774' lon='0.18669'><ele>2221</ele><time>2025-07-12T15:35:42Z</time></trkpt><trkpt lat='42.8677' lon='0.18674'><ele>2221</ele><time>2025-07-12T15:38:26Z</time></trkpt><trkpt lat='42.867419999999996' lon='0.18695'><ele>2213</ele><time>2025-07-12T15:52:09Z</time></trkpt><trkpt lat='42.86737' lon='0.18696'><ele>2213</ele><time>2025-07-12T15:54:53Z</time></trkpt><trkpt lat='42.86734' lon='0.18700999999999998'><ele>2211</ele><time>2025-07-12T15:57:37Z</time></trkpt><trkpt lat='42.86712' lon='0.1871'><ele>2208</ele><time>2025-07-12T16:08:35Z</time></trkpt><trkpt lat='42.86707' lon='0.1871'><ele>2207</ele><time>2025-07-12T16:11:20Z</time></trkpt><trkpt lat='42.866769999999995' lon='0.18724'><ele>2204</ele><time>2025-07-12T16:25:02Z</time></trkpt><trkpt lat='42.866659999999996' lon='0.18722'><ele>2203</ele><time>2025-07-12T16:30:30Z</time></trkpt><trkpt lat='42.86654' lon='0.18722'><ele>2203</ele><time>2025-07-12T16:35:59Z</time></trkpt><trkpt lat='42.86651' lon='0.18722999999999998'><ele>2203</ele><time>2025-07-12T16:38:44Z</time></trkpt><trkpt lat='42.866409999999995' lon='0.18722'><ele>2203</ele><time>2025-07-12T16:41:28Z</time></trkpt><trkpt lat='42.86629' lon='0.18722999999999998'><ele>2202</ele><time>2025-07-12T16:46:57Z</time></trkpt><trkpt lat='42.86615' lon='0.1872'><ele>2202</ele><time>2025-07-12T16:55:10Z</time></trkpt><trkpt lat='42.86607' lon='0.18722999999999998'><ele>2201</ele><time>2025-07-12T16:57:55Z</time></trkpt><trkpt lat='42.86597' lon='0.18724'><ele>2199</ele><time>2025-07-12T17:03:24Z</time></trkpt><trkpt lat='42.86588' lon='0.18728'><ele>2199</ele><time>2025-07-12T17:08:52Z</time></trkpt><trkpt lat='42.8658' lon='0.18725'><ele>2195</ele><time>2025-07-12T17:11:37Z</time></trkpt><trkpt lat='42.86568' lon='0.18725'><ele>2193</ele><time>2025-07-12T17:17:06Z</time></trkpt><trkpt lat='42.865629999999996' lon='0.18722'><ele>2193</ele><time>2025-07-12T17:17:06Z</time></trkpt><trkpt lat='42.86555' lon='0.18722999999999998'><ele>2191</ele><time>2025-07-12T17:22:35Z</time></trkpt><trkpt lat='42.865469999999995' lon='0.1872'><ele>2188</ele><time>2025-07-12T17:25:19Z</time></trkpt><trkpt lat='42.86542' lon='0.1872'><ele>2186</ele><time>2025-07-12T17:30:48Z</time></trkpt><trkpt lat='42.86539' lon='0.18722'><ele>2186</ele><time>2025-07-12T17:30:48Z</time></trkpt><trkpt lat='42.865359999999995' lon='0.18721'><ele>2185</ele><time>2025-07-12T17:33:32Z</time></trkpt><trkpt lat='42.8653' lon='0.18711999999999998'><ele>2183</ele><time>2025-07-12T17:39:01Z</time></trkpt><trkpt lat='42.86524' lon='0.18708999999999998'><ele>2180</ele><time>2025-07-12T17:44:30Z</time></trkpt><trkpt lat='42.865159999999996' lon='0.18700999999999998'><ele>2177</ele><time>2025-07-12T17:49:59Z</time></trkpt><trkpt lat='42.865069999999996' lon='0.18688'><ele>2173</ele><time>2025-07-12T18:00:56Z</time></trkpt><trkpt lat='42.86499' lon='0.18689999999999998'><ele>2172</ele><time>2025-07-12T18:06:25Z</time></trkpt><trkpt lat='42.864959999999996' lon='0.18692999999999999'><ele>2170</ele><time>2025-07-12T18:09:10Z</time></trkpt><trkpt lat='42.864869999999996' lon='0.18692'><ele>2169</ele><time>2025-07-12T18:17:23Z</time></trkpt><trkpt lat='42.86484' lon='0.18689'><ele>2169</ele><time>2025-07-12T18:20:07Z</time></trkpt><trkpt lat='42.86473' lon='0.18695'><ele>2161</ele><time>2025-07-12T18:28:21Z</time></trkpt><trkpt lat='42.86467' lon='0.18696'><ele>2160</ele><time>2025-07-12T18:31:05Z</time></trkpt><trkpt lat='42.86463' lon='0.18692999999999999'><ele>2158</ele><time>2025-07-12T18:33:49Z</time></trkpt><trkpt lat='42.86452' lon='0.18699'><ele>2156</ele><time>2025-07-12T18:36:34Z</time></trkpt><trkpt lat='42.86434' lon='0.18697'><ele>2155</ele><time>2025-07-12T18:42:03Z</time></trkpt><trkpt lat='42.86427' lon='0.18691'><ele>2154</ele><time>2025-07-12T18:44:47Z</time></trkpt><trkpt lat='42.864219999999996' lon='0.18691'><ele>2154</ele><time>2025-07-12T18:44:47Z</time></trkpt><trkpt lat='42.86418' lon='0.18694'><ele>2154</ele><time>2025-07-12T18:47:32Z</time></trkpt><trkpt lat='42.86412' lon='0.18692999999999999'><ele>2153</ele><time>2025-07-12T18:47:32Z</time></trkpt><trkpt lat='42.864039999999996' lon='0.18694'><ele>2152</ele><time>2025-07-12T18:50:16Z</time></trkpt><trkpt lat='42.86392' lon='0.187'><ele>2150</ele><time>2025-07-12T18:53:00Z</time></trkpt><trkpt lat='42.86385' lon='0.18695'><ele>2149</ele><time>2025-07-12T18:58:29Z</time></trkpt><trkpt lat='42.8638' lon='0.18694'><ele>2149</ele><time>2025-07-12T18:58:29Z</time></trkpt><trkpt lat='42.86364' lon='0.18705'><ele>2145</ele><time>2025-07-12T19:06:43Z</time></trkpt><trkpt lat='42.863499999999995' lon='0.18703999999999998'><ele>2141</ele><time>2025-07-12T19:12:11Z</time></trkpt><trkpt lat='42.86334' lon='0.18716'><ele>2137</ele><time>2025-07-12T19:17:40Z</time></trkpt><trkpt lat='42.863279999999996' lon='0.18722'><ele>2137</ele><time>2025-07-12T19:20:25Z</time></trkpt><trkpt lat='42.86326' lon='0.18728'><ele>2136</ele><time>2025-07-12T19:23:09Z</time></trkpt><trkpt lat='42.8632' lon='0.18732'><ele>2134</ele><time>2025-07-12T19:25:54Z</time></trkpt><trkpt lat='42.86314' lon='0.18728999999999998'><ele>2134</ele><time>2025-07-12T19:25:54Z</time></trkpt><trkpt lat='42.86289' lon='0.18733'><ele>2130</ele><time>2025-07-12T19:34:07Z</time></trkpt><trkpt lat='42.86266' lon='0.18732'><ele>2126</ele><time>2025-07-12T19:42:20Z</time></trkpt><trkpt lat='42.862539999999996' lon='0.18728999999999998'><ele>2125</ele><time>2025-07-12T19:47:49Z</time></trkpt><trkpt lat='42.86239' lon='0.18728'><ele>2122</ele><time>2025-07-12T19:53:18Z</time></trkpt><trkpt lat='42.86226' lon='0.18731'><ele>2121</ele><time>2025-07-12T19:58:47Z</time></trkpt><trkpt lat='42.8622' lon='0.18728'><ele>2120</ele><time>2025-07-12T19:58:47Z</time></trkpt><trkpt lat='42.86183' lon='0.18724'><ele>2116</ele><time>2025-07-12T20:12:29Z</time></trkpt><trkpt lat='42.86159' lon='0.18725'><ele>2114</ele><time>2025-07-12T20:20:42Z</time></trkpt><trkpt lat='42.86147' lon='0.18732'><ele>2114</ele><time>2025-07-12T20:26:11Z</time></trkpt><trkpt lat='42.86143' lon='0.18732'><ele>2114</ele><time>2025-07-12T20:26:11Z</time></trkpt><trkpt lat='42.861349999999995' lon='0.18728999999999998'><ele>2113</ele><time>2025-07-12T20:28:55Z</time></trkpt><trkpt lat='42.86132' lon='0.18725999999999998'><ele>2112</ele><time>2025-07-12T20:31:40Z</time></trkpt><trkpt lat='42.86119' lon='0.18727'><ele>2109</ele><time>2025-07-12T20:34:24Z</time></trkpt><trkpt lat='42.86112' lon='0.18722999999999998'><ele>2108</ele><time>2025-07-12T20:37:08Z</time></trkpt><trkpt lat='42.86096' lon='0.18717999999999999'><ele>2107</ele><time>2025-07-12T20:39:53Z</time></trkpt><trkpt lat='42.86091' lon='0.18719'><ele>2106</ele><time>2025-07-12T20:42:37Z</time></trkpt><trkpt lat='42.860879999999995' lon='0.18722'><ele>2106</ele><time>2025-07-12T20:42:37Z</time></trkpt><trkpt lat='42.86079' lon='0.18721'><ele>2104</ele><time>2025-07-12T20:45:22Z</time></trkpt><trkpt lat='42.86065' lon='0.1873'><ele>2101</ele><time>2025-07-12T20:50:51Z</time></trkpt><trkpt lat='42.86063' lon='0.18728999999999998'><ele>2101</ele><time>2025-07-12T20:53:35Z</time></trkpt><trkpt lat='42.860569999999996' lon='0.18733'><ele>2100</ele><time>2025-07-12T20:53:35Z</time></trkpt><trkpt lat='42.860549999999996' lon='0.18741'><ele>2099</ele><time>2025-07-12T20:56:19Z</time></trkpt><trkpt lat='42.86042' lon='0.18757'><ele>2095</ele><time>2025-07-12T21:01:48Z</time></trkpt><trkpt lat='42.86031' lon='0.1876'><ele>2095</ele><time>2025-07-12T21:04:33Z</time></trkpt><trkpt lat='42.86026' lon='0.18764999999999998'><ele>2094</ele><time>2025-07-12T21:07:17Z</time></trkpt><trkpt lat='42.86017' lon='0.18764999999999998'><ele>2092</ele><time>2025-07-12T21:10:02Z</time></trkpt><trkpt lat='42.860029999999995' lon='0.18775'><ele>2089</ele><time>2025-07-12T21:15:30Z</time></trkpt><trkpt lat='42.86' lon='0.18786'><ele>2086</ele><time>2025-07-12T21:29:12Z</time></trkpt><trkpt lat='42.85995' lon='0.18792'><ele>2086</ele><time>2025-07-12T21:37:26Z</time></trkpt><trkpt lat='42.85986' lon='0.18789999999999998'><ele>2077</ele><time>2025-07-12T21:56:37Z</time></trkpt><trkpt lat='42.8598' lon='0.18808999999999998'><ele>2077</ele><time>2025-07-12T22:07:34Z</time></trkpt><trkpt lat='42.85976' lon='0.18808999999999998'><ele>2073</ele><time>2025-07-12T22:10:19Z</time></trkpt><trkpt lat='42.8597' lon='0.18816'><ele>2073</ele><time>2025-07-12T22:13:03Z</time></trkpt><trkpt lat='42.859649999999995' lon='0.18818'><ele>2070</ele><time>2025-07-12T22:15:48Z</time></trkpt><trkpt lat='42.85962' lon='0.1883'><ele>2067</ele><time>2025-07-12T22:21:17Z</time></trkpt><trkpt lat='42.85958' lon='0.18836999999999998'><ele>2063</ele><time>2025-07-12T22:26:45Z</time></trkpt><trkpt lat='42.859469999999995' lon='0.18843'><ele>2060</ele><time>2025-07-12T22:40:27Z</time></trkpt><trkpt lat='42.859449999999995' lon='0.18842'><ele>2060</ele><time>2025-07-12T22:43:12Z</time></trkpt><trkpt lat='42.859429999999996' lon='0.18846'><ele>2058</ele><time>2025-07-12T22:48:41Z</time></trkpt><trkpt lat='42.859339999999996' lon='0.18850999999999998'><ele>2055</ele><time>2025-07-12T22:59:38Z</time></trkpt><trkpt lat='42.85928' lon='0.18847999999999998'><ele>2055</ele><time>2025-07-12T23:05:07Z</time></trkpt><trkpt lat='42.859249999999996' lon='0.18849'><ele>2049</ele><time>2025-07-12T23:10:36Z</time></trkpt><trkpt lat='42.85922' lon='0.18861999999999998'><ele>2047</ele><time>2025-07-12T23:16:05Z</time></trkpt><trkpt lat='42.859159999999996' lon='0.18866'><ele>2044</ele><time>2025-07-12T23:21:34Z</time></trkpt><trkpt lat='42.8591' lon='0.18866'><ele>2042</ele><time>2025-07-12T23:24:18Z</time></trkpt><trkpt lat='42.859069999999996' lon='0.18878999999999999'><ele>2039</ele><time>2025-07-12T23:29:47Z</time></trkpt><trkpt lat='42.85899' lon='0.18896'><ele>2036</ele><time>2025-07-12T23:38:00Z</time></trkpt><trkpt lat='42.85897' lon='0.18905'><ele>2034</ele><time>2025-07-12T23:40:45Z</time></trkpt><trkpt lat='42.858909999999995' lon='0.18911'><ele>2033</ele><time>2025-07-12T23:43:29Z</time></trkpt><trkpt lat='42.85882' lon='0.18925'><ele>2031</ele><time>2025-07-12T23:48:58Z</time></trkpt><trkpt lat='42.85873' lon='0.18954'><ele>2027</ele><time>2025-07-12T23:54:27Z</time></trkpt><trkpt lat='42.858599999999996' lon='0.18968'><ele>2025</ele><time>2025-07-12T23:59:56Z</time></trkpt><trkpt lat='42.858489999999996' lon='0.18975'><ele>2024</ele><time>2025-07-13T00:05:25Z</time></trkpt><trkpt lat='42.85843' lon='0.18986'><ele>2023</ele><time>2025-07-13T00:08:09Z</time></trkpt><trkpt lat='42.85841' lon='0.19004'><ele>2021</ele><time>2025-07-13T00:13:38Z</time></trkpt><trkpt lat='42.858439999999995' lon='0.19021'><ele>2019</ele><time>2025-07-13T00:16:22Z</time></trkpt><trkpt lat='42.85841' lon='0.19036999999999998'><ele>2019</ele><time>2025-07-13T00:21:51Z</time></trkpt><trkpt lat='42.85839' lon='0.19039999999999999'><ele>2019</ele><time>2025-07-13T00:21:51Z</time></trkpt><trkpt lat='42.85834' lon='0.19041'><ele>2016</ele><time>2025-07-13T00:24:36Z</time></trkpt><trkpt lat='42.85829' lon='0.19046'><ele>2016</ele><time>2025-07-13T00:27:20Z</time></trkpt><trkpt lat='42.85826' lon='0.19053'><ele>2016</ele><time>2025-07-13T00:27:20Z</time></trkpt><trkpt lat='42.85818' lon='0.19057'><ele>2015</ele><time>2025-07-13T00:30:04Z</time></trkpt><trkpt lat='42.858149999999995' lon='0.19063'><ele>2015</ele><time>2025-07-13T00:32:49Z</time></trkpt><trkpt lat='42.85808' lon='0.19066'><ele>2015</ele><time>2025-07-13T00:35:33Z</time></trkpt><trkpt lat='42.858059999999995' lon='0.19069999999999998'><ele>2013</ele><time>2025-07-13T00:38:18Z</time></trkpt><trkpt lat='42.858039999999995' lon='0.19111999999999998'><ele>2011</ele><time>2025-07-13T00:54:44Z</time></trkpt><trkpt lat='42.85794' lon='0.1913'><ele>2011</ele><time>2025-07-13T01:00:13Z</time></trkpt><trkpt lat='42.8577' lon='0.19147'><ele>2010</ele><time>2025-07-13T01:13:55Z</time></trkpt><trkpt lat='42.857589999999995' lon='0.19158999999999998'><ele>2009</ele><time>2025-07-13T01:19:24Z</time></trkpt><trkpt lat='42.85756' lon='0.19158'><ele>2009</ele><time>2025-07-13T01:22:08Z</time></trkpt><trkpt lat='42.85751' lon='0.1916'><ele>2009</ele><time>2025-07-13T01:22:08Z</time></trkpt><trkpt lat='42.85725' lon='0.19179'><ele>2008</ele><time>2025-07-13T01:35:50Z</time></trkpt><trkpt lat='42.857099999999996' lon='0.19186999999999999'><ele>2007</ele><time>2025-07-13T01:44:04Z</time></trkpt><trkpt lat='42.85704' lon='0.19188'><ele>2007</ele><time>2025-07-13T01:46:48Z</time></trkpt><trkpt lat='42.856919999999995' lon='0.19194999999999998'><ele>2006</ele><time>2025-07-13T01:52:17Z</time></trkpt><trkpt lat='42.85668' lon='0.19194999999999998'><ele>2004</ele><time>2025-07-13T02:03:15Z</time></trkpt><trkpt lat='42.85655' lon='0.19205'><ele>2000</ele><time>2025-07-13T02:11:28Z</time></trkpt><trkpt lat='42.856469999999995' lon='0.19207'><ele>1998</ele><time>2025-07-13T02:16:57Z</time></trkpt><trkpt lat='42.85642' lon='0.19215'><ele>1997</ele><time>2025-07-13T02:16:57Z</time></trkpt><trkpt lat='42.856339999999996' lon='0.19241999999999998'><ele>1994</ele><time>2025-07-13T02:25:10Z</time></trkpt><trkpt lat='42.85623' lon='0.19247999999999998'><ele>1994</ele><time>2025-07-13T02:30:39Z</time></trkpt><trkpt lat='42.8561' lon='0.19263999999999998'><ele>1993</ele><time>2025-07-13T02:36:08Z</time></trkpt><trkpt lat='42.85592' lon='0.19280999999999998'><ele>1990</ele><time>2025-07-13T02:41:37Z</time></trkpt><trkpt lat='42.85584' lon='0.19285'><ele>1989</ele><time>2025-07-13T02:44:21Z</time></trkpt><trkpt lat='42.85574' lon='0.19286999999999999'><ele>1988</ele><time>2025-07-13T02:49:50Z</time></trkpt><trkpt lat='42.85572' lon='0.19288999999999998'><ele>1988</ele><time>2025-07-13T02:52:34Z</time></trkpt><trkpt lat='42.85556' lon='0.19291'><ele>1987</ele><time>2025-07-13T02:58:03Z</time></trkpt><trkpt lat='42.85547' lon='0.19294999999999998'><ele>1987</ele><time>2025-07-13T03:03:32Z</time></trkpt><trkpt lat='42.85543' lon='0.19304'><ele>1986</ele><time>2025-07-13T03:06:16Z</time></trkpt><trkpt lat='42.85539' lon='0.19305999999999998'><ele>1986</ele><time>2025-07-13T03:09:01Z</time></trkpt><trkpt lat='42.85534' lon='0.19305'><ele>1986</ele><time>2025-07-13T03:11:45Z</time></trkpt><trkpt lat='42.85526' lon='0.19308999999999998'><ele>1985</ele><time>2025-07-13T03:14:30Z</time></trkpt><trkpt lat='42.85523' lon='0.19305999999999998'><ele>1985</ele><time>2025-07-13T03:17:14Z</time></trkpt><trkpt lat='42.855149999999995' lon='0.19305999999999998'><ele>1983</ele><time>2025-07-13T03:19:59Z</time></trkpt><trkpt lat='42.855129999999996' lon='0.19302999999999998'><ele>1983</ele><time>2025-07-13T03:19:59Z</time></trkpt><trkpt lat='42.85505' lon='0.19302999999999998'><ele>1982</ele><time>2025-07-13T03:25:27Z</time></trkpt><trkpt lat='42.85491' lon='0.19307'><ele>1981</ele><time>2025-07-13T03:30:56Z</time></trkpt><trkpt lat='42.85488' lon='0.19313999999999998'><ele>1980</ele><time>2025-07-13T03:33:41Z</time></trkpt><trkpt lat='42.85487' lon='0.19330999999999998'><ele>1979</ele><time>2025-07-13T03:39:09Z</time></trkpt><trkpt lat='42.854769999999995' lon='0.19344'><ele>1978</ele><time>2025-07-13T03:47:23Z</time></trkpt><trkpt lat='42.85474' lon='0.19351'><ele>1978</ele><time>2025-07-13T03:50:07Z</time></trkpt><trkpt lat='42.85474' lon='0.19363'><ele>1977</ele><time>2025-07-13T03:55:36Z</time></trkpt><trkpt lat='42.85465' lon='0.19376'><ele>1977</ele><time>2025-07-13T04:01:05Z</time></trkpt><trkpt lat='42.85449' lon='0.19388'><ele>1977</ele><time>2025-07-13T04:09:18Z</time></trkpt><trkpt lat='42.85432' lon='0.19404'><ele>1977</ele><time>2025-07-13T04:20:16Z</time></trkpt><trkpt lat='42.854079999999996' lon='0.19416999999999998'><ele>1978</ele><time>2025-07-13T04:31:13Z</time></trkpt><trkpt lat='42.85396' lon='0.19426'><ele>1979</ele><time>2025-07-13T04:36:42Z</time></trkpt><trkpt lat='42.85386' lon='0.19429'><ele>1980</ele><time>2025-07-13T04:42:11Z</time></trkpt><trkpt lat='42.85358' lon='0.1943'><ele>1982</ele><time>2025-07-13T04:53:09Z</time></trkpt><trkpt lat='42.85351' lon='0.19435'><ele>1982</ele><time>2025-07-13T04:58:38Z</time></trkpt><trkpt lat='42.85342' lon='0.19437'><ele>1981</ele><time>2025-07-13T05:01:22Z</time></trkpt><trkpt lat='42.85339' lon='0.1944'><ele>1981</ele><time>2025-07-13T05:04:07Z</time></trkpt><trkpt lat='42.85335' lon='0.19441'><ele>1981</ele><time>2025-07-13T05:06:51Z</time></trkpt><trkpt lat='42.853069999999995' lon='0.19466999999999998'><ele>1980</ele><time>2025-07-13T05:20:33Z</time></trkpt><trkpt lat='42.85288' lon='0.19474999999999998'><ele>1979</ele><time>2025-07-13T05:28:46Z</time></trkpt><trkpt lat='42.85275' lon='0.19483999999999999'><ele>1978</ele><time>2025-07-13T05:37:00Z</time></trkpt><trkpt lat='42.85265' lon='0.19485'><ele>1977</ele><time>2025-07-13T05:39:44Z</time></trkpt><trkpt lat='42.852619999999995' lon='0.1949'><ele>1976</ele><time>2025-07-13T05:42:28Z</time></trkpt><trkpt lat='42.85257' lon='0.19491999999999998'><ele>1976</ele><time>2025-07-13T05:45:13Z</time></trkpt><trkpt lat='42.85253' lon='0.19491'><ele>1976</ele><time>2025-07-13T05:47:57Z</time></trkpt><trkpt lat='42.85241' lon='0.19494'><ele>1975</ele><time>2025-07-13T05:53:26Z</time></trkpt><trkpt lat='42.852289999999996' lon='0.19491999999999998'><ele>1975</ele><time>2025-07-13T05:58:55Z</time></trkpt><trkpt lat='42.852109999999996' lon='0.19485999999999998'><ele>1974</ele><time>2025-07-13T06:07:08Z</time></trkpt><trkpt lat='42.85197' lon='0.19479'><ele>1974</ele><time>2025-07-13T06:12:37Z</time></trkpt><trkpt lat='42.85191' lon='0.19474'><ele>1973</ele><time>2025-07-13T06:15:22Z</time></trkpt><trkpt lat='42.85187' lon='0.19476'><ele>1973</ele><time>2025-07-13T06:18:06Z</time></trkpt><trkpt lat='42.85183' lon='0.19471'><ele>1972</ele><time>2025-07-13T06:20:50Z</time></trkpt><trkpt lat='42.85174' lon='0.19469999999999998'><ele>1971</ele><time>2025-07-13T06:26:19Z</time></trkpt><trkpt lat='42.85169' lon='0.19455'><ele>1969</ele><time>2025-07-13T06:31:48Z</time></trkpt><trkpt lat='42.85158' lon='0.19452999999999998'><ele>1965</ele><time>2025-07-13T06:37:17Z</time></trkpt><trkpt lat='42.85144' lon='0.19441999999999998'><ele>1962</ele><time>2025-07-13T06:45:30Z</time></trkpt><trkpt lat='42.851369999999996' lon='0.19429'><ele>1961</ele><time>2025-07-13T06:50:59Z</time></trkpt><trkpt lat='42.851279999999996' lon='0.19419'><ele>1960</ele><time>2025-07-13T06:56:28Z</time></trkpt><trkpt lat='42.851209999999995' lon='0.19397'><ele>1958</ele><time>2025-07-13T07:04:41Z</time></trkpt><trkpt lat='42.85125' lon='0.19374'><ele>1958</ele><time>2025-07-13T07:12:54Z</time></trkpt><trkpt lat='42.851209999999995' lon='0.19363999999999998'><ele>1958</ele><time>2025-07-13T07:15:39Z</time></trkpt><trkpt lat='42.851119999999995' lon='0.19361'><ele>1959</ele><time>2025-07-13T07:18:23Z</time></trkpt><trkpt lat='42.85106' lon='0.19361'><ele>1959</ele><time>2025-07-13T07:21:08Z</time></trkpt><trkpt lat='42.85103' lon='0.19363'><ele>1959</ele><time>2025-07-13T07:23:52Z</time></trkpt><trkpt lat='42.851' lon='0.19361'><ele>1959</ele><time>2025-07-13T07:26:37Z</time></trkpt><trkpt lat='42.85093' lon='0.19343'><ele>1958</ele><time>2025-07-13T07:32:05Z</time></trkpt><trkpt lat='42.85084' lon='0.1933'><ele>1955</ele><time>2025-07-13T07:37:34Z</time></trkpt><trkpt lat='42.850809999999996' lon='0.19329'><ele>1955</ele><time>2025-07-13T07:40:19Z</time></trkpt><trkpt lat='42.85073' lon='0.19333999999999998'><ele>1952</ele><time>2025-07-13T07:43:03Z</time></trkpt><trkpt lat='42.850719999999995' lon='0.19338'><ele>1952</ele><time>2025-07-13T07:45:47Z</time></trkpt><trkpt lat='42.850629999999995' lon='0.19347999999999999'><ele>1949</ele><time>2025-07-13T07:51:16Z</time></trkpt><trkpt lat='42.85062' lon='0.19351'><ele>1949</ele><time>2025-07-13T07:51:16Z</time></trkpt><trkpt lat='42.85058' lon='0.19352'><ele>1949</ele><time>2025-07-13T07:54:01Z</time></trkpt><trkpt lat='42.85048' lon='0.19366999999999998'><ele>1947</ele><time>2025-07-13T08:02:14Z</time></trkpt><trkpt lat='42.85037' lon='0.19372999999999999'><ele>1945</ele><time>2025-07-13T08:07:43Z</time></trkpt><trkpt lat='42.85021' lon='0.19399'><ele>1944</ele><time>2025-07-13T08:18:41Z</time></trkpt><trkpt lat='42.85015' lon='0.19401'><ele>1944</ele><time>2025-07-13T08:21:25Z</time></trkpt><trkpt lat='42.85004' lon='0.19397'><ele>1943</ele><time>2025-07-13T08:26:54Z</time></trkpt><trkpt lat='42.84992' lon='0.19394999999999998'><ele>1943</ele><time>2025-07-13T08:32:23Z</time></trkpt><trkpt lat='42.849849999999996' lon='0.19391'><ele>1943</ele><time>2025-07-13T08:35:07Z</time></trkpt><trkpt lat='42.84983' lon='0.19388'><ele>1943</ele><time>2025-07-13T08:35:07Z</time></trkpt><trkpt lat='42.849669999999996' lon='0.19380999999999998'><ele>1943</ele><time>2025-07-13T08:43:20Z</time></trkpt><trkpt lat='42.84962' lon='0.19380999999999998'><ele>1943</ele><time>2025-07-13T08:46:05Z</time></trkpt><trkpt lat='42.84948' lon='0.19388'><ele>1942</ele><time>2025-07-13T08:51:34Z</time></trkpt><trkpt lat='42.849399999999996' lon='0.19394999999999998'><ele>1942</ele><time>2025-07-13T08:57:02Z</time></trkpt><trkpt lat='42.849329999999995' lon='0.19413999999999998'><ele>1942</ele><time>2025-07-13T09:02:31Z</time></trkpt><trkpt lat='42.84919' lon='0.19433'><ele>1945</ele><time>2025-07-13T09:13:29Z</time></trkpt><trkpt lat='42.84908' lon='0.19435'><ele>1946</ele><time>2025-07-13T09:18:58Z</time></trkpt><trkpt lat='42.849019999999996' lon='0.19432'><ele>1946</ele><time>2025-07-13T09:21:42Z</time></trkpt><trkpt lat='42.84898' lon='0.19438'><ele>1945</ele><time>2025-07-13T09:24:27Z</time></trkpt><trkpt lat='42.84869' lon='0.1946'><ele>1942</ele><time>2025-07-13T09:38:09Z</time></trkpt><trkpt lat='42.84859' lon='0.19473'><ele>1942</ele><time>2025-07-13T09:43:38Z</time></trkpt><trkpt lat='42.84854' lon='0.19474999999999998'><ele>1941</ele><time>2025-07-13T09:46:22Z</time></trkpt><trkpt lat='42.84814' lon='0.19479'><ele>1939</ele><time>2025-07-13T10:05:33Z</time></trkpt><trkpt lat='42.848' lon='0.19474999999999998'><ele>1939</ele><time>2025-07-13T10:11:02Z</time></trkpt><trkpt lat='42.84796' lon='0.19477'><ele>1938</ele><time>2025-07-13T10:13:46Z</time></trkpt><trkpt lat='42.847899999999996' lon='0.19469999999999998'><ele>1938</ele><time>2025-07-13T10:19:15Z</time></trkpt><trkpt lat='42.84787' lon='0.19471'><ele>1938</ele><time>2025-07-13T10:19:15Z</time></trkpt><trkpt lat='42.84767' lon='0.19466999999999998'><ele>1937</ele><time>2025-07-13T10:27:28Z</time></trkpt><trkpt lat='42.84764' lon='0.19468'><ele>1937</ele><time>2025-07-13T10:30:13Z</time></trkpt><trkpt lat='42.84762' lon='0.19462'><ele>1937</ele><time>2025-07-13T10:32:57Z</time></trkpt><trkpt lat='42.84758' lon='0.19458999999999999'><ele>1937</ele><time>2025-07-13T10:32:57Z</time></trkpt><trkpt lat='42.84757' lon='0.19454'><ele>1937</ele><time>2025-07-13T10:35:42Z</time></trkpt><trkpt lat='42.8475' lon='0.19451'><ele>1936</ele><time>2025-07-13T10:38:26Z</time></trkpt><trkpt lat='42.84748' lon='0.19444999999999998'><ele>1933</ele><time>2025-07-13T10:41:10Z</time></trkpt><trkpt lat='42.8474' lon='0.19444999999999998'><ele>1933</ele><time>2025-07-13T10:46:39Z</time></trkpt><trkpt lat='42.84726' lon='0.19441'><ele>1931</ele><time>2025-07-13T10:52:08Z</time></trkpt><trkpt lat='42.84721' lon='0.19444'><ele>1931</ele><time>2025-07-13T10:54:53Z</time></trkpt><trkpt lat='42.84718' lon='0.19441999999999998'><ele>1930</ele><time>2025-07-13T10:54:53Z</time></trkpt><trkpt lat='42.84715' lon='0.19443'><ele>1930</ele><time>2025-07-13T10:57:37Z</time></trkpt><trkpt lat='42.84711' lon='0.19447'><ele>1929</ele><time>2025-07-13T11:00:21Z</time></trkpt><trkpt lat='42.84702' lon='0.19446'><ele>1927</ele><time>2025-07-13T11:03:06Z</time></trkpt><trkpt lat='42.847' lon='0.19448'><ele>1927</ele><time>2025-07-13T11:03:06Z</time></trkpt><trkpt lat='42.846979999999995' lon='0.19446'><ele>1927</ele><time>2025-07-13T11:05:50Z</time></trkpt><trkpt lat='42.84694' lon='0.19447'><ele>1925</ele><time>2025-07-13T11:05:50Z</time></trkpt><trkpt lat='42.84693' lon='0.19449'><ele>1925</ele><time>2025-07-13T11:08:35Z</time></trkpt><trkpt lat='42.84694' lon='0.19454'><ele>1925</ele><time>2025-07-13T11:08:35Z</time></trkpt><trkpt lat='42.84683' lon='0.19466'><ele>1920</ele><time>2025-07-13T11:14:04Z</time></trkpt><trkpt lat='42.84675' lon='0.19468'><ele>1918</ele><time>2025-07-13T11:19:32Z</time></trkpt><trkpt lat='42.84668' lon='0.19466'><ele>1917</ele><time>2025-07-13T11:22:17Z</time></trkpt><trkpt lat='42.84663' lon='0.19466999999999998'><ele>1916</ele><time>2025-07-13T11:25:01Z</time></trkpt><trkpt lat='42.84657' lon='0.19473'><ele>1916</ele><time>2025-07-13T11:27:46Z</time></trkpt><trkpt lat='42.846509999999995' lon='0.19473'><ele>1915</ele><time>2025-07-13T11:30:30Z</time></trkpt><trkpt lat='42.84645' lon='0.19477'><ele>1914</ele><time>2025-07-13T11:33:14Z</time></trkpt><trkpt lat='42.84632' lon='0.19471'><ele>1911</ele><time>2025-07-13T11:35:59Z</time></trkpt><trkpt lat='42.846289999999996' lon='0.19466999999999998'><ele>1911</ele><time>2025-07-13T11:38:43Z</time></trkpt><trkpt lat='42.846239999999995' lon='0.19466999999999998'><ele>1911</ele><time>2025-07-13T11:38:43Z</time></trkpt><trkpt lat='42.84619' lon='0.19471'><ele>1910</ele><time>2025-07-13T11:41:28Z</time></trkpt><trkpt lat='42.846109999999996' lon='0.19473'><ele>1909</ele><time>2025-07-13T11:44:12Z</time></trkpt><trkpt lat='42.84581' lon='0.19472'><ele>1907</ele><time>2025-07-13T11:55:10Z</time></trkpt><trkpt lat='42.84576' lon='0.19469'><ele>1907</ele><time>2025-07-13T11:57:54Z</time></trkpt><trkpt lat='42.84572' lon='0.19469999999999998'><ele>1907</ele><time>2025-07-13T12:00:39Z</time></trkpt><trkpt lat='42.8456' lon='0.19485'><ele>1907</ele><time>2025-07-13T12:08:52Z</time></trkpt><trkpt lat='42.84553' lon='0.19504'><ele>1906</ele><time>2025-07-13T12:14:21Z</time></trkpt><trkpt lat='42.84545' lon='0.19505'><ele>1905</ele><time>2025-07-13T12:19:50Z</time></trkpt><trkpt lat='42.84542' lon='0.1951'><ele>1905</ele><time>2025-07-13T12:19:50Z</time></trkpt><trkpt lat='42.84536' lon='0.19512'><ele>1904</ele><time>2025-07-13T12:25:19Z</time></trkpt><trkpt lat='42.84523' lon='0.19535999999999998'><ele>1899</ele><time>2025-07-13T12:33:32Z</time></trkpt><trkpt lat='42.84515' lon='0.19541'><ele>1898</ele><time>2025-07-13T12:39:01Z</time></trkpt><trkpt lat='42.84512' lon='0.19546'><ele>1898</ele><time>2025-07-13T12:39:01Z</time></trkpt><trkpt lat='42.845099999999995' lon='0.19555999999999998'><ele>1898</ele><time>2025-07-13T12:44:29Z</time></trkpt><trkpt lat='42.84498' lon='0.1956'><ele>1897</ele><time>2025-07-13T12:49:58Z</time></trkpt><trkpt lat='42.84491' lon='0.19558999999999999'><ele>1897</ele><time>2025-07-13T12:52:43Z</time></trkpt><trkpt lat='42.84482' lon='0.19566999999999998'><ele>1896</ele><time>2025-07-13T12:58:12Z</time></trkpt><trkpt lat='42.84478' lon='0.19566999999999998'><ele>1896</ele><time>2025-07-13T13:00:56Z</time></trkpt><trkpt lat='42.84474' lon='0.19563'><ele>1896</ele><time>2025-07-13T13:00:56Z</time></trkpt><trkpt lat='42.84469' lon='0.19563'><ele>1895</ele><time>2025-07-13T13:03:40Z</time></trkpt><trkpt lat='42.84453' lon='0.19573'><ele>1893</ele><time>2025-07-13T13:09:09Z</time></trkpt><trkpt lat='42.844409999999996' lon='0.19585'><ele>1891</ele><time>2025-07-13T13:14:38Z</time></trkpt><trkpt lat='42.84438' lon='0.19585999999999998'><ele>1889</ele><time>2025-07-13T13:14:38Z</time></trkpt><trkpt lat='42.84429' lon='0.19580999999999998'><ele>1888</ele><time>2025-07-13T13:17:23Z</time></trkpt><trkpt lat='42.844229999999996' lon='0.19580999999999998'><ele>1886</ele><time>2025-07-13T13:20:07Z</time></trkpt><trkpt lat='42.84421' lon='0.19585999999999998'><ele>1885</ele><time>2025-07-13T13:20:07Z</time></trkpt><trkpt lat='42.844049999999996' lon='0.19593'><ele>1879</ele><time>2025-07-13T13:28:20Z</time></trkpt><trkpt lat='42.84399' lon='0.19598'><ele>1879</ele><time>2025-07-13T13:31:05Z</time></trkpt><trkpt lat='42.84393' lon='0.19599'><ele>1878</ele><time>2025-07-13T13:33:49Z</time></trkpt><trkpt lat='42.84391' lon='0.19596999999999998'><ele>1877</ele><time>2025-07-13T13:36:33Z</time></trkpt><trkpt lat='42.84388' lon='0.19598'><ele>1877</ele><time>2025-07-13T13:36:33Z</time></trkpt><trkpt lat='42.84383' lon='0.1961'><ele>1874</ele><time>2025-07-13T13:42:02Z</time></trkpt><trkpt lat='42.84381' lon='0.19612'><ele>1874</ele><time>2025-07-13T13:44:47Z</time></trkpt><trkpt lat='42.84377' lon='0.19610999999999998'><ele>1873</ele><time>2025-07-13T13:47:31Z</time></trkpt><trkpt lat='42.8437' lon='0.19619999999999999'><ele>1871</ele><time>2025-07-13T13:50:16Z</time></trkpt><trkpt lat='42.84364' lon='0.19619'><ele>1871</ele><time>2025-07-13T13:53:00Z</time></trkpt><trkpt lat='42.843599999999995' lon='0.19615'><ele>1869</ele><time>2025-07-13T13:55:44Z</time></trkpt><trkpt lat='42.84353' lon='0.19618'><ele>1868</ele><time>2025-07-13T13:58:29Z</time></trkpt><trkpt lat='42.84343' lon='0.19616999999999998'><ele>1865</ele><time>2025-07-13T14:03:58Z</time></trkpt><trkpt lat='42.84339' lon='0.19624'><ele>1865</ele><time>2025-07-13T14:06:42Z</time></trkpt><trkpt lat='42.84336' lon='0.19626'><ele>1861</ele><time>2025-07-13T14:06:42Z</time></trkpt><trkpt lat='42.843329999999995' lon='0.19633'><ele>1861</ele><time>2025-07-13T14:09:27Z</time></trkpt><trkpt lat='42.843289999999996' lon='0.19649999999999998'><ele>1858</ele><time>2025-07-13T14:14:55Z</time></trkpt><trkpt lat='42.84316' lon='0.19669999999999999'><ele>1855</ele><time>2025-07-13T14:23:09Z</time></trkpt><trkpt lat='42.84296' lon='0.19693'><ele>1854</ele><time>2025-07-13T14:34:06Z</time></trkpt><trkpt lat='42.842929999999996' lon='0.19705999999999999'><ele>1852</ele><time>2025-07-13T14:39:35Z</time></trkpt><trkpt lat='42.8429' lon='0.19707'><ele>1852</ele><time>2025-07-13T14:39:35Z</time></trkpt><trkpt lat='42.84287' lon='0.19704'><ele>1852</ele><time>2025-07-13T14:42:20Z</time></trkpt><trkpt lat='42.84283' lon='0.19705'><ele>1852</ele><time>2025-07-13T14:45:04Z</time></trkpt><trkpt lat='42.842729999999996' lon='0.1972'><ele>1852</ele><time>2025-07-13T14:50:33Z</time></trkpt><trkpt lat='42.84271' lon='0.19727999999999998'><ele>1851</ele><time>2025-07-13T14:53:17Z</time></trkpt><trkpt lat='42.84262' lon='0.19734'><ele>1850</ele><time>2025-07-13T14:56:02Z</time></trkpt><trkpt lat='42.8425' lon='0.1976'><ele>1849</ele><time>2025-07-13T15:06:59Z</time></trkpt><trkpt lat='42.84241' lon='0.19766999999999998'><ele>1849</ele><time>2025-07-13T15:12:28Z</time></trkpt><trkpt lat='42.842389999999995' lon='0.19774'><ele>1850</ele><time>2025-07-13T15:15:13Z</time></trkpt><trkpt lat='42.84234' lon='0.19774999999999998'><ele>1850</ele><time>2025-07-13T15:17:57Z</time></trkpt><trkpt lat='42.8422' lon='0.19785'><ele>1850</ele><time>2025-07-13T15:23:26Z</time></trkpt><trkpt lat='42.842079999999996' lon='0.19787'><ele>1850</ele><time>2025-07-13T15:28:55Z</time></trkpt><trkpt lat='42.842079999999996' lon='0.19791'><ele>1851</ele><time>2025-07-13T15:31:39Z</time></trkpt><trkpt lat='42.84211' lon='0.19795'><ele>1851</ele><time>2025-07-13T15:34:24Z</time></trkpt><trkpt lat='42.842099999999995' lon='0.19801'><ele>1851</ele><time>2025-07-13T15:34:24Z</time></trkpt><trkpt lat='42.84203' lon='0.19809'><ele>1851</ele><time>2025-07-13T15:39:52Z</time></trkpt><trkpt lat='42.841969999999996' lon='0.19812'><ele>1852</ele><time>2025-07-13T15:42:37Z</time></trkpt><trkpt lat='42.84189' lon='0.19821999999999998'><ele>1852</ele><time>2025-07-13T15:48:06Z</time></trkpt><trkpt lat='42.841719999999995' lon='0.19823'><ele>1852</ele><time>2025-07-13T15:53:35Z</time></trkpt><trkpt lat='42.84155' lon='0.19816999999999999'><ele>1852</ele><time>2025-07-13T16:01:48Z</time></trkpt><trkpt lat='42.84147' lon='0.19824999999999998'><ele>1851</ele><time>2025-07-13T16:07:17Z</time></trkpt><trkpt lat='42.84109' lon='0.19846'><ele>1844</ele><time>2025-07-13T16:26:28Z</time></trkpt><trkpt lat='42.841029999999996' lon='0.19843999999999998'><ele>1844</ele><time>2025-07-13T16:29:12Z</time></trkpt><trkpt lat='42.841' lon='0.1984'><ele>1844</ele><time>2025-07-13T16:31:56Z</time></trkpt><trkpt lat='42.8407' lon='0.19832'><ele>1841</ele><time>2025-07-13T16:45:39Z</time></trkpt><trkpt lat='42.84045' lon='0.19845'><ele>1843</ele><time>2025-07-13T16:56:36Z</time></trkpt><trkpt lat='42.84023' lon='0.19868999999999998'><ele>1844</ele><time>2025-07-13T17:10:18Z</time></trkpt><trkpt lat='42.840199999999996' lon='0.1987'><ele>1844</ele><time>2025-07-13T17:10:18Z</time></trkpt><trkpt lat='42.84014' lon='0.19868'><ele>1844</ele><time>2025-07-13T17:13:03Z</time></trkpt><trkpt lat='42.840109999999996' lon='0.1987'><ele>1844</ele><time>2025-07-13T17:15:47Z</time></trkpt><trkpt lat='42.84003' lon='0.19891'><ele>1844</ele><time>2025-07-13T17:24:01Z</time></trkpt><trkpt lat='42.840019999999996' lon='0.19902999999999998'><ele>1844</ele><time>2025-07-13T17:26:45Z</time></trkpt><trkpt lat='42.84005' lon='0.19909'><ele>1845</ele><time>2025-07-13T17:29:29Z</time></trkpt><trkpt lat='42.84015' lon='0.19921'><ele>1847</ele><time>2025-07-13T17:34:58Z</time></trkpt><trkpt lat='42.84021' lon='0.19924999999999998'><ele>1848</ele><time>2025-07-13T17:40:27Z</time></trkpt><trkpt lat='42.84025' lon='0.19932'><ele>1850</ele><time>2025-07-13T17:43:11Z</time></trkpt><trkpt lat='42.840309999999995' lon='0.19957'><ele>1855</ele><time>2025-07-13T17:51:25Z</time></trkpt><trkpt lat='42.84061' lon='0.19988999999999998'><ele>1863</ele><time>2025-07-13T18:07:51Z</time></trkpt><trkpt lat='42.84061' lon='0.19995'><ele>1866</ele><time>2025-07-13T18:16:05Z</time></trkpt><trkpt lat='42.840559999999996' lon='0.19995'><ele>1866</ele><time>2025-07-13T18:24:18Z</time></trkpt><trkpt lat='42.84055' lon='0.19999999999999998'><ele>1869</ele><time>2025-07-13T18:29:47Z</time></trkpt><trkpt lat='42.84046' lon='0.20015'><ele>1874</ele><time>2025-07-13T18:51:42Z</time></trkpt><trkpt lat='42.84043' lon='0.20032999999999998'><ele>1877</ele><time>2025-07-13T19:02:40Z</time></trkpt><trkpt lat='42.84041' lon='0.2004'><ele>1877</ele><time>2025-07-13T19:05:24Z</time></trkpt><trkpt lat='42.84028' lon='0.20054999999999998'><ele>1880</ele><time>2025-07-13T19:19:06Z</time></trkpt><trkpt lat='42.84027' lon='0.20065'><ele>1882</ele><time>2025-07-13T19:24:35Z</time></trkpt><trkpt lat='42.84021' lon='0.20071'><ele>1882</ele><time>2025-07-13T19:30:04Z</time></trkpt><trkpt lat='42.84019' lon='0.20079'><ele>1886</ele><time>2025-07-13T19:32:48Z</time></trkpt><trkpt lat='42.84001' lon='0.20085'><ele>1888</ele><time>2025-07-13T19:43:46Z</time></trkpt><trkpt lat='42.83996' lon='0.20090999999999998'><ele>1889</ele><time>2025-07-13T19:49:15Z</time></trkpt><trkpt lat='42.83986' lon='0.20098'><ele>1893</ele><time>2025-07-13T19:54:44Z</time></trkpt><trkpt lat='42.83971' lon='0.20117'><ele>1894</ele><time>2025-07-13T20:05:41Z</time></trkpt><trkpt lat='42.839549999999996' lon='0.20132999999999998'><ele>1897</ele><time>2025-07-13T20:16:39Z</time></trkpt><trkpt lat='42.83941' lon='0.20140999999999998'><ele>1900</ele><time>2025-07-13T20:27:37Z</time></trkpt><trkpt lat='42.83927' lon='0.20159'><ele>1901</ele><time>2025-07-13T20:38:34Z</time></trkpt><trkpt lat='42.83923' lon='0.20165'><ele>1902</ele><time>2025-07-13T20:41:19Z</time></trkpt><trkpt lat='42.83922' lon='0.2017'><ele>1902</ele><time>2025-07-13T20:44:03Z</time></trkpt><trkpt lat='42.83918' lon='0.20174999999999998'><ele>1906</ele><time>2025-07-13T20:46:48Z</time></trkpt><trkpt lat='42.83913' lon='0.20174'><ele>1906</ele><time>2025-07-13T20:49:32Z</time></trkpt><trkpt lat='42.83909' lon='0.20176'><ele>1906</ele><time>2025-07-13T20:52:17Z</time></trkpt><trkpt lat='42.83904' lon='0.20182'><ele>1907</ele><time>2025-07-13T20:55:01Z</time></trkpt><trkpt lat='42.83886' lon='0.20213'><ele>1912</ele><time>2025-07-13T21:14:12Z</time></trkpt><trkpt lat='42.838809999999995' lon='0.20217'><ele>1912</ele><time>2025-07-13T21:19:41Z</time></trkpt><trkpt lat='42.83855' lon='0.20224'><ele>1916</ele><time>2025-07-13T21:36:07Z</time></trkpt><trkpt lat='42.838499999999996' lon='0.20234'><ele>1918</ele><time>2025-07-13T21:41:36Z</time></trkpt><trkpt lat='42.838339999999995' lon='0.20235'><ele>1920</ele><time>2025-07-13T21:49:49Z</time></trkpt><trkpt lat='42.83828' lon='0.20243999999999998'><ele>1922</ele><time>2025-07-13T21:55:18Z</time></trkpt><trkpt lat='42.838249999999995' lon='0.20256'><ele>1925</ele><time>2025-07-13T22:00:47Z</time></trkpt><trkpt lat='42.83821' lon='0.20263'><ele>1925</ele><time>2025-07-13T22:06:16Z</time></trkpt><trkpt lat='42.83817' lon='0.20264'><ele>1925</ele><time>2025-07-13T22:09:00Z</time></trkpt><trkpt lat='42.838119999999996' lon='0.20271999999999998'><ele>1927</ele><time>2025-07-13T22:11:45Z</time></trkpt><trkpt lat='42.838029999999996' lon='0.20271999999999998'><ele>1928</ele><time>2025-07-13T22:17:14Z</time></trkpt><trkpt lat='42.83792' lon='0.20285'><ele>1930</ele><time>2025-07-13T22:25:27Z</time></trkpt><trkpt lat='42.83786' lon='0.20285'><ele>1930</ele><time>2025-07-13T22:28:11Z</time></trkpt><trkpt lat='42.837849999999996' lon='0.20287999999999998'><ele>1931</ele><time>2025-07-13T22:28:11Z</time></trkpt><trkpt lat='42.83782' lon='0.20287'><ele>1931</ele><time>2025-07-13T22:30:56Z</time></trkpt><trkpt lat='42.8378' lon='0.20290999999999998'><ele>1931</ele><time>2025-07-13T22:30:56Z</time></trkpt><trkpt lat='42.83775' lon='0.20292'><ele>1931</ele><time>2025-07-13T22:33:40Z</time></trkpt><trkpt lat='42.8377' lon='0.20290999999999998'><ele>1933</ele><time>2025-07-13T22:36:25Z</time></trkpt><trkpt lat='42.83762' lon='0.20295'><ele>1934</ele><time>2025-07-13T22:41:53Z</time></trkpt><trkpt lat='42.837579999999996' lon='0.20306'><ele>1934</ele><time>2025-07-13T22:47:22Z</time></trkpt><trkpt lat='42.83727' lon='0.20329'><ele>1941</ele><time>2025-07-13T23:06:33Z</time></trkpt><trkpt lat='42.837109999999996' lon='0.20349'><ele>1945</ele><time>2025-07-13T23:17:31Z</time></trkpt><trkpt lat='42.83701' lon='0.20357'><ele>1946</ele><time>2025-07-13T23:25:44Z</time></trkpt><trkpt lat='42.8367' lon='0.20393999999999998'><ele>1950</ele><time>2025-07-13T23:44:55Z</time></trkpt><trkpt lat='42.836639999999996' lon='0.20398'><ele>1951</ele><time>2025-07-13T23:47:40Z</time></trkpt><trkpt lat='42.83661' lon='0.20406'><ele>1951</ele><time>2025-07-13T23:50:24Z</time></trkpt><trkpt lat='42.836529999999996' lon='0.20410999999999999'><ele>1952</ele><time>2025-07-13T23:55:53Z</time></trkpt><trkpt lat='42.836479999999995' lon='0.20418'><ele>1953</ele><time>2025-07-14T00:01:22Z</time></trkpt><trkpt lat='42.8364' lon='0.20423'><ele>1956</ele><time>2025-07-14T00:06:51Z</time></trkpt><trkpt lat='42.836279999999995' lon='0.2044'><ele>1957</ele><time>2025-07-14T00:15:04Z</time></trkpt><trkpt lat='42.83609' lon='0.20456'><ele>1959</ele><time>2025-07-14T00:26:02Z</time></trkpt><trkpt lat='42.83594' lon='0.20473'><ele>1961</ele><time>2025-07-14T00:36:59Z</time></trkpt><trkpt lat='42.835879999999996' lon='0.20476999999999998'><ele>1962</ele><time>2025-07-14T00:39:44Z</time></trkpt><trkpt lat='42.8358' lon='0.20495'><ele>1964</ele><time>2025-07-14T00:47:57Z</time></trkpt><trkpt lat='42.835789999999996' lon='0.2051'><ele>1965</ele><time>2025-07-14T00:53:26Z</time></trkpt><trkpt lat='42.83573' lon='0.2054'><ele>1967</ele><time>2025-07-14T01:04:23Z</time></trkpt><trkpt lat='42.835629999999995' lon='0.2057'><ele>1968</ele><time>2025-07-14T01:15:21Z</time></trkpt><trkpt lat='42.83557' lon='0.20571'><ele>1968</ele><time>2025-07-14T01:18:06Z</time></trkpt><trkpt lat='42.835429999999995' lon='0.20565999999999998'><ele>1969</ele><time>2025-07-14T01:26:19Z</time></trkpt><trkpt lat='42.8352' lon='0.20567'><ele>1971</ele><time>2025-07-14T01:34:32Z</time></trkpt><trkpt lat='42.83511' lon='0.20562999999999998'><ele>1972</ele><time>2025-07-14T01:40:01Z</time></trkpt><trkpt lat='42.83504' lon='0.20562'><ele>1973</ele><time>2025-07-14T01:42:45Z</time></trkpt><trkpt lat='42.834959999999995' lon='0.20565'><ele>1975</ele><time>2025-07-14T01:48:14Z</time></trkpt><trkpt lat='42.83491' lon='0.20575'><ele>1976</ele><time>2025-07-14T01:53:43Z</time></trkpt><trkpt lat='42.83486' lon='0.20593'><ele>1977</ele><time>2025-07-14T01:59:12Z</time></trkpt><trkpt lat='42.83473' lon='0.20609'><ele>1978</ele><time>2025-07-14T02:07:25Z</time></trkpt><trkpt lat='42.834599999999995' lon='0.20621'><ele>1980</ele><time>2025-07-14T02:15:38Z</time></trkpt><trkpt lat='42.83446' lon='0.20629999999999998'><ele>1981</ele><time>2025-07-14T02:21:07Z</time></trkpt><trkpt lat='42.834309999999995' lon='0.20648'><ele>1982</ele><time>2025-07-14T02:32:05Z</time></trkpt><trkpt lat='42.83426' lon='0.2065'><ele>1982</ele><time>2025-07-14T02:34:49Z</time></trkpt><trkpt lat='42.834219999999995' lon='0.20656'><ele>1983</ele><time>2025-07-14T02:37:34Z</time></trkpt><trkpt lat='42.83405' lon='0.20667'><ele>1983</ele><time>2025-07-14T02:45:47Z</time></trkpt><trkpt lat='42.83395' lon='0.20676999999999998'><ele>1983</ele><time>2025-07-14T02:51:16Z</time></trkpt><trkpt lat='42.83386' lon='0.20682999999999999'><ele>1983</ele><time>2025-07-14T02:54:00Z</time></trkpt><trkpt lat='42.8338' lon='0.20692'><ele>1983</ele><time>2025-07-14T02:59:29Z</time></trkpt><trkpt lat='42.83356' lon='0.20698'><ele>1984</ele><time>2025-07-14T03:10:27Z</time></trkpt><trkpt lat='42.83333' lon='0.20715999999999998'><ele>1986</ele><time>2025-07-14T03:21:25Z</time></trkpt><trkpt lat='42.83327' lon='0.20712999999999998'><ele>1987</ele><time>2025-07-14T03:26:53Z</time></trkpt><trkpt lat='42.833239999999996' lon='0.20707'><ele>1987</ele><time>2025-07-14T03:26:53Z</time></trkpt><trkpt lat='42.83312' lon='0.20706'><ele>1988</ele><time>2025-07-14T03:35:07Z</time></trkpt><trkpt lat='42.832989999999995' lon='0.20708'><ele>1988</ele><time>2025-07-14T03:40:35Z</time></trkpt><trkpt lat='42.83289' lon='0.20711'><ele>1989</ele><time>2025-07-14T03:46:04Z</time></trkpt><trkpt lat='42.83273' lon='0.20723'><ele>1990</ele><time>2025-07-14T03:54:18Z</time></trkpt><trkpt lat='42.832609999999995' lon='0.20726999999999998'><ele>1993</ele><time>2025-07-14T03:59:46Z</time></trkpt><trkpt lat='42.832319999999996' lon='0.20733'><ele>1996</ele><time>2025-07-14T04:13:29Z</time></trkpt><trkpt lat='42.832139999999995' lon='0.20743'><ele>1998</ele><time>2025-07-14T04:21:42Z</time></trkpt><trkpt lat='42.8319' lon='0.20759999999999998'><ele>2000</ele><time>2025-07-14T04:35:24Z</time></trkpt><trkpt lat='42.83182' lon='0.20772'><ele>2000</ele><time>2025-07-14T04:40:53Z</time></trkpt><trkpt lat='42.83179' lon='0.2077'><ele>2000</ele><time>2025-07-14T04:43:37Z</time></trkpt><trkpt lat='42.83175' lon='0.20772'><ele>2000</ele><time>2025-07-14T04:43:37Z</time></trkpt><trkpt lat='42.83166' lon='0.20781'><ele>2000</ele><time>2025-07-14T04:49:06Z</time></trkpt><trkpt lat='42.83157' lon='0.20798'><ele>2001</ele><time>2025-07-14T04:57:19Z</time></trkpt><trkpt lat='42.83151' lon='0.20798999999999998'><ele>2001</ele><time>2025-07-14T05:00:04Z</time></trkpt><trkpt lat='42.831129999999995' lon='0.20834'><ele>2002</ele><time>2025-07-14T05:19:15Z</time></trkpt><trkpt lat='42.830909999999996' lon='0.20845999999999998'><ele>2003</ele><time>2025-07-14T05:30:12Z</time></trkpt><trkpt lat='42.83085' lon='0.20851'><ele>2003</ele><time>2025-07-14T05:32:57Z</time></trkpt><trkpt lat='42.83079' lon='0.20851999999999998'><ele>2003</ele><time>2025-07-14T05:35:41Z</time></trkpt><trkpt lat='42.83068' lon='0.20868'><ele>2005</ele><time>2025-07-14T05:43:54Z</time></trkpt><trkpt lat='42.83033' lon='0.20892999999999998'><ele>2005</ele><time>2025-07-14T06:03:05Z</time></trkpt><trkpt lat='42.83018' lon='0.20906'><ele>2006</ele><time>2025-07-14T06:11:19Z</time></trkpt><trkpt lat='42.829789999999996' lon='0.20948'><ele>2007</ele><time>2025-07-14T06:33:14Z</time></trkpt><trkpt lat='42.82955' lon='0.20967999999999998'><ele>2010</ele><time>2025-07-14T06:46:56Z</time></trkpt><trkpt lat='42.82946' lon='0.2098'><ele>2010</ele><time>2025-07-14T06:55:09Z</time></trkpt><trkpt lat='42.82906' lon='0.21031999999999998'><ele>2014</ele><time>2025-07-14T07:19:49Z</time></trkpt><trkpt lat='42.82901' lon='0.21045999999999998'><ele>2014</ele><time>2025-07-14T07:25:18Z</time></trkpt><trkpt lat='42.82898' lon='0.2107'><ele>2014</ele><time>2025-07-14T07:33:31Z</time></trkpt><trkpt lat='42.82889' lon='0.21086'><ele>2014</ele><time>2025-07-14T07:39:00Z</time></trkpt><trkpt lat='42.82884' lon='0.21092'><ele>2014</ele><time>2025-07-14T07:41:45Z</time></trkpt><trkpt lat='42.82873' lon='0.211'><ele>2014</ele><time>2025-07-14T07:47:13Z</time></trkpt><trkpt lat='42.82863' lon='0.21119'><ele>2015</ele><time>2025-07-14T07:55:27Z</time></trkpt><trkpt lat='42.828579999999995' lon='0.21125'><ele>2015</ele><time>2025-07-14T07:58:11Z</time></trkpt><trkpt lat='42.82853' lon='0.21139'><ele>2015</ele><time>2025-07-14T08:03:40Z</time></trkpt><trkpt lat='42.82843' lon='0.21153'><ele>2016</ele><time>2025-07-14T08:11:53Z</time></trkpt><trkpt lat='42.82837' lon='0.21156999999999998'><ele>2016</ele><time>2025-07-14T08:14:38Z</time></trkpt><trkpt lat='42.8283' lon='0.21166'><ele>2017</ele><time>2025-07-14T08:17:22Z</time></trkpt><trkpt lat='42.82823' lon='0.21217999999999998'><ele>2017</ele><time>2025-07-14T08:36:33Z</time></trkpt><trkpt lat='42.8281' lon='0.21253999999999998'><ele>2017</ele><time>2025-07-14T08:50:15Z</time></trkpt><trkpt lat='42.827999999999996' lon='0.21273'><ele>2019</ele><time>2025-07-14T08:58:28Z</time></trkpt><trkpt lat='42.82799' lon='0.2128'><ele>2019</ele><time>2025-07-14T08:58:28Z</time></trkpt><trkpt lat='42.82796' lon='0.21306999999999998'><ele>2017</ele><time>2025-07-14T09:09:26Z</time></trkpt><trkpt lat='42.82794' lon='0.21361'><ele>2016</ele><time>2025-07-14T09:25:53Z</time></trkpt><trkpt lat='42.82795' lon='0.21398'><ele>2014</ele><time>2025-07-14T09:39:35Z</time></trkpt><trkpt lat='42.82788' lon='0.21442'><ele>2013</ele><time>2025-07-14T09:53:17Z</time></trkpt><trkpt lat='42.82786' lon='0.21475'><ele>2014</ele><time>2025-07-14T10:04:15Z</time></trkpt><trkpt lat='42.82788' lon='0.21499'><ele>2015</ele><time>2025-07-14T10:12:28Z</time></trkpt><trkpt lat='42.827819999999996' lon='0.21545'><ele>2018</ele><time>2025-07-14T10:28:54Z</time></trkpt><trkpt lat='42.82781' lon='0.21638'><ele>2021</ele><time>2025-07-14T11:01:47Z</time></trkpt><trkpt lat='42.82776' lon='0.21672999999999998'><ele>2024</ele><time>2025-07-14T11:15:30Z</time></trkpt><trkpt lat='42.82768' lon='0.21700999999999998'><ele>2025</ele><time>2025-07-14T11:26:27Z</time></trkpt><trkpt lat='42.82765' lon='0.21746'><ele>2027</ele><time>2025-07-14T11:40:09Z</time></trkpt><trkpt lat='42.82759' lon='0.21778'><ele>2028</ele><time>2025-07-14T11:51:07Z</time></trkpt><trkpt lat='42.82752' lon='0.21792999999999998'><ele>2028</ele><time>2025-07-14T11:56:36Z</time></trkpt><trkpt lat='42.8275' lon='0.21805'><ele>2028</ele><time>2025-07-14T12:02:05Z</time></trkpt><trkpt lat='42.8275' lon='0.21821'><ele>2029</ele><time>2025-07-14T12:07:34Z</time></trkpt><trkpt lat='42.82778' lon='0.21919'><ele>2032</ele><time>2025-07-14T12:43:11Z</time></trkpt><trkpt lat='42.82787' lon='0.21974'><ele>2033</ele><time>2025-07-14T13:02:22Z</time></trkpt><trkpt lat='42.827929999999995' lon='0.21993'><ele>2034</ele><time>2025-07-14T13:10:35Z</time></trkpt><trkpt lat='42.827929999999995' lon='0.21991999999999998'><ele>2034</ele><time>2025-07-14T13:10:35Z</time></trkpt><trkpt lat='42.828109999999995' lon='0.22058'><ele>2035</ele><time>2025-07-14T13:35:15Z</time></trkpt><trkpt lat='42.82819' lon='0.22122'><ele>2036</ele><time>2025-07-14T13:57:10Z</time></trkpt><trkpt lat='42.82843' lon='0.22174'><ele>2039</ele><time>2025-07-14T14:16:21Z</time></trkpt><trkpt lat='42.828469999999996' lon='0.22188'><ele>2040</ele><time>2025-07-14T14:21:50Z</time></trkpt><trkpt lat='42.82848' lon='0.22197999999999998'><ele>2040</ele><time>2025-07-14T14:24:35Z</time></trkpt><trkpt lat='42.82833' lon='0.22236'><ele>2041</ele><time>2025-07-14T14:38:17Z</time></trkpt><trkpt lat='42.82833' lon='0.22255999999999998'><ele>2042</ele><time>2025-07-14T14:46:30Z</time></trkpt><trkpt lat='42.82843' lon='0.22291'><ele>2046</ele><time>2025-07-14T15:00:12Z</time></trkpt><trkpt lat='42.82848' lon='0.22322999999999998'><ele>2051</ele><time>2025-07-14T15:16:39Z</time></trkpt><trkpt lat='42.82852' lon='0.22383'><ele>2056</ele><time>2025-07-14T15:41:18Z</time></trkpt><trkpt lat='42.828489999999995' lon='0.22396'><ele>2059</ele><time>2025-07-14T15:49:32Z</time></trkpt><trkpt lat='42.82848' lon='0.22443'><ele>2065</ele><time>2025-07-14T16:14:12Z</time></trkpt><trkpt lat='42.82854' lon='0.225125'><ele>2075</ele><time>2025-07-14T16:47:05Z</time></trkpt><trkpt lat='42.8286' lon='0.22582'><ele>2087</ele><time>2025-07-14T17:30:55Z</time></trkpt><trkpt lat='42.8288' lon='0.22699999999999998'><ele>2100</ele><time>2025-07-14T18:22:59Z</time></trkpt><trkpt lat='42.829' lon='0.22818'><ele>2113</ele><time>2025-07-14T19:15:03Z</time></trkpt><trkpt lat='42.82917' lon='0.22885999999999998'><ele>2120</ele><time>2025-07-14T19:45:12Z</time></trkpt><trkpt lat='42.82944' lon='0.22951'><ele>2129</ele><time>2025-07-14T20:18:05Z</time></trkpt><trkpt lat='42.829834999999996' lon='0.23029'><ele>2139</ele><time>2025-07-14T20:59:11Z</time></trkpt><trkpt lat='42.83023' lon='0.23107'><ele>2149</ele><time>2025-07-14T21:37:33Z</time></trkpt><trkpt lat='42.83033' lon='0.23118999999999998'><ele>2152</ele><time>2025-07-14T21:48:31Z</time></trkpt><trkpt lat='42.830369999999995' lon='0.23138999999999998'><ele>2154</ele><time>2025-07-14T21:56:44Z</time></trkpt><trkpt lat='42.83063' lon='0.23207'><ele>2164</ele><time>2025-07-14T22:32:22Z</time></trkpt><trkpt lat='42.83072' lon='0.23242'><ele>2168</ele><time>2025-07-14T22:54:17Z</time></trkpt><trkpt lat='42.83081' lon='0.23268'><ele>2175</ele><time>2025-07-14T23:10:44Z</time></trkpt><trkpt lat='42.83105' lon='0.23309'><ele>2179</ele><time>2025-07-14T23:32:39Z</time></trkpt><trkpt lat='42.83125' lon='0.2336'><ele>2186</ele><time>2025-07-14T23:54:34Z</time></trkpt><trkpt lat='42.83136' lon='0.23395'><ele>2189</ele><time>2025-07-15T00:11:01Z</time></trkpt><trkpt lat='42.831689999999995' lon='0.23446'><ele>2196</ele><time>2025-07-15T00:35:41Z</time></trkpt><trkpt lat='42.83197' lon='0.23471999999999998'><ele>2200</ele><time>2025-07-15T00:54:52Z</time></trkpt><trkpt lat='42.83236' lon='0.23535999999999999'><ele>2205</ele><time>2025-07-15T01:25:00Z</time></trkpt><trkpt lat='42.832429999999995' lon='0.23540999999999998'><ele>2206</ele><time>2025-07-15T01:27:45Z</time></trkpt><trkpt lat='42.83284' lon='0.23606'><ele>2209</ele><time>2025-07-15T01:57:53Z</time></trkpt><trkpt lat='42.83311' lon='0.23626'><ele>2214</ele><time>2025-07-15T02:11:36Z</time></trkpt><trkpt lat='42.833349999999996' lon='0.23639'><ele>2210</ele><time>2025-07-15T02:22:33Z</time></trkpt><trkpt lat='42.833659999999995' lon='0.23657999999999998'><ele>2203</ele><time>2025-07-15T02:33:31Z</time></trkpt><trkpt lat='42.83363' lon='0.2367'><ele>2206</ele><time>2025-07-15T02:39:00Z</time></trkpt><trkpt lat='42.83419' lon='0.23687'><ele>2193</ele><time>2025-07-15T02:55:26Z</time></trkpt><trkpt lat='42.83442' lon='0.23692'><ele>2188</ele><time>2025-07-15T03:03:40Z</time></trkpt><trkpt lat='42.834579999999995' lon='0.237'><ele>2186</ele><time>2025-07-15T03:09:08Z</time></trkpt><trkpt lat='42.83473' lon='0.23712999999999998'><ele>2180</ele><time>2025-07-15T03:14:37Z</time></trkpt><trkpt lat='42.83484' lon='0.23715999999999998'><ele>2180</ele><time>2025-07-15T03:20:06Z</time></trkpt><trkpt lat='42.835159999999995' lon='0.23736'><ele>2176</ele><time>2025-07-15T03:28:19Z</time></trkpt><trkpt lat='42.83531' lon='0.23751'><ele>2173</ele><time>2025-07-15T03:36:33Z</time></trkpt><trkpt lat='42.8354' lon='0.23765999999999998'><ele>2172</ele><time>2025-07-15T03:39:17Z</time></trkpt><trkpt lat='42.83556' lon='0.23781'><ele>2169</ele><time>2025-07-15T03:44:46Z</time></trkpt><trkpt lat='42.83566' lon='0.23801'><ele>2167</ele><time>2025-07-15T03:50:15Z</time></trkpt><trkpt lat='42.835679999999996' lon='0.23817'><ele>2166</ele><time>2025-07-15T03:55:44Z</time></trkpt><trkpt lat='42.835719999999995' lon='0.23826999999999998'><ele>2165</ele><time>2025-07-15T03:58:28Z</time></trkpt><trkpt lat='42.83573' lon='0.23870999999999998'><ele>2163</ele><time>2025-07-15T04:09:26Z</time></trkpt><trkpt lat='42.835719999999995' lon='0.23881999999999998'><ele>2162</ele><time>2025-07-15T04:12:10Z</time></trkpt><trkpt lat='42.83569' lon='0.23887'><ele>2162</ele><time>2025-07-15T04:14:55Z</time></trkpt><trkpt lat='42.835679999999996' lon='0.23915999999999998'><ele>2157</ele><time>2025-07-15T04:20:23Z</time></trkpt><trkpt lat='42.83571' lon='0.23969'><ele>2148</ele><time>2025-07-15T04:34:06Z</time></trkpt><trkpt lat='42.835789999999996' lon='0.24028'><ele>2140</ele><time>2025-07-15T04:50:32Z</time></trkpt><trkpt lat='42.83576' lon='0.24045'><ele>2140</ele><time>2025-07-15T04:56:01Z</time></trkpt><trkpt lat='42.83576' lon='0.24117999999999998'><ele>2126</ele><time>2025-07-15T05:15:12Z</time></trkpt><trkpt lat='42.83573' lon='0.24128999999999998'><ele>2126</ele><time>2025-07-15T05:17:56Z</time></trkpt><trkpt lat='42.835719999999995' lon='0.24162999999999998'><ele>2123</ele><time>2025-07-15T05:26:10Z</time></trkpt><trkpt lat='42.83557' lon='0.24255'><ele>2110</ele><time>2025-07-15T05:48:05Z</time></trkpt><trkpt lat='42.83553' lon='0.24275999999999998'><ele>2105</ele><time>2025-07-15T05:53:34Z</time></trkpt><trkpt lat='42.83524' lon='0.24356'><ele>2096</ele><time>2025-07-15T06:15:29Z</time></trkpt><trkpt lat='42.83511' lon='0.24398999999999998'><ele>2090</ele><time>2025-07-15T06:29:11Z</time></trkpt><trkpt lat='42.835069999999995' lon='0.24406'><ele>2086</ele><time>2025-07-15T06:31:56Z</time></trkpt><trkpt lat='42.83488' lon='0.24459999999999998'><ele>2079</ele><time>2025-07-15T06:48:22Z</time></trkpt><trkpt lat='42.83474' lon='0.2455'><ele>2068</ele><time>2025-07-15T07:10:18Z</time></trkpt><trkpt lat='42.83472' lon='0.2458'><ele>2066</ele><time>2025-07-15T07:21:15Z</time></trkpt><trkpt lat='42.83477' lon='0.24617'><ele>2064</ele><time>2025-07-15T07:32:13Z</time></trkpt><trkpt lat='42.83475' lon='0.24649'><ele>2062</ele><time>2025-07-15T07:40:26Z</time></trkpt><trkpt lat='42.8347' lon='0.24678'><ele>2060</ele><time>2025-07-15T07:48:39Z</time></trkpt><trkpt lat='42.834689999999995' lon='0.24697'><ele>2058</ele><time>2025-07-15T07:54:08Z</time></trkpt><trkpt lat='42.83472' lon='0.24714'><ele>2056</ele><time>2025-07-15T07:59:37Z</time></trkpt><trkpt lat='42.834779999999995' lon='0.24724'><ele>2053</ele><time>2025-07-15T08:05:06Z</time></trkpt><trkpt lat='42.83497' lon='0.24731999999999998'><ele>2050</ele><time>2025-07-15T08:10:35Z</time></trkpt><trkpt lat='42.83502' lon='0.24744'><ele>2048</ele><time>2025-07-15T08:13:19Z</time></trkpt><trkpt lat='42.834959999999995' lon='0.24764999999999998'><ele>2047</ele><time>2025-07-15T08:18:48Z</time></trkpt><trkpt lat='42.83499' lon='0.24791'><ele>2044</ele><time>2025-07-15T08:24:17Z</time></trkpt><trkpt lat='42.834939999999996' lon='0.24828999999999998'><ele>2041</ele><time>2025-07-15T08:37:59Z</time></trkpt><trkpt lat='42.83489' lon='0.24847'><ele>2039</ele><time>2025-07-15T08:43:28Z</time></trkpt><trkpt lat='42.83486' lon='0.24852'><ele>2039</ele><time>2025-07-15T08:46:12Z</time></trkpt><trkpt lat='42.83482' lon='0.24883999999999998'><ele>2036</ele><time>2025-07-15T08:54:26Z</time></trkpt><trkpt lat='42.83475' lon='0.24908'><ele>2034</ele><time>2025-07-15T09:02:39Z</time></trkpt><trkpt lat='42.8347' lon='0.24939'><ele>2033</ele><time>2025-07-15T09:10:52Z</time></trkpt><trkpt lat='42.83466' lon='0.24983'><ele>2032</ele><time>2025-07-15T09:27:19Z</time></trkpt><trkpt lat='42.83462' lon='0.24999'><ele>2032</ele><time>2025-07-15T09:32:48Z</time></trkpt><trkpt lat='42.834489999999995' lon='0.25029999999999997'><ele>2031</ele><time>2025-07-15T09:43:45Z</time></trkpt><trkpt lat='42.83419' lon='0.25082'><ele>2029</ele><time>2025-07-15T10:08:25Z</time></trkpt><trkpt lat='42.83403' lon='0.25126'><ele>2028</ele><time>2025-07-15T10:24:52Z</time></trkpt><trkpt lat='42.83396' lon='0.25157'><ele>2026</ele><time>2025-07-15T10:35:49Z</time></trkpt><trkpt lat='42.83363' lon='0.25234999999999996'><ele>2023</ele><time>2025-07-15T11:05:58Z</time></trkpt><trkpt lat='42.83349' lon='0.25262999999999997'><ele>2022</ele><time>2025-07-15T11:16:56Z</time></trkpt><trkpt lat='42.83345' lon='0.25284'><ele>2022</ele><time>2025-07-15T11:25:09Z</time></trkpt><trkpt lat='42.8334' lon='0.25329999999999997'><ele>2022</ele><time>2025-07-15T11:41:35Z</time></trkpt><trkpt lat='42.833439999999996' lon='0.25351'><ele>2021</ele><time>2025-07-15T11:49:49Z</time></trkpt><trkpt lat='42.83342' lon='0.2537'><ele>2020</ele><time>2025-07-15T11:55:17Z</time></trkpt><trkpt lat='42.83341' lon='0.25418999999999997'><ele>2019</ele><time>2025-07-15T12:11:44Z</time></trkpt><trkpt lat='42.83332' lon='0.25478'><ele>2018</ele><time>2025-07-15T12:30:55Z</time></trkpt><trkpt lat='42.833259999999996' lon='0.2549'><ele>2018</ele><time>2025-07-15T12:36:24Z</time></trkpt><trkpt lat='42.833239999999996' lon='0.25501999999999997'><ele>2017</ele><time>2025-07-15T12:41:53Z</time></trkpt><trkpt lat='42.83311' lon='0.25604'><ele>2011</ele><time>2025-07-15T13:14:46Z</time></trkpt><trkpt lat='42.83311' lon='0.25628999999999996'><ele>2009</ele><time>2025-07-15T13:22:59Z</time></trkpt><trkpt lat='42.833149999999996' lon='0.25678'><ele>2006</ele><time>2025-07-15T13:36:41Z</time></trkpt><trkpt lat='42.8332' lon='0.25704'><ele>2004</ele><time>2025-07-15T13:44:54Z</time></trkpt><trkpt lat='42.83321' lon='0.25719'><ele>2002</ele><time>2025-07-15T13:50:23Z</time></trkpt><trkpt lat='42.83325' lon='0.2573'><ele>2001</ele><time>2025-07-15T13:53:08Z</time></trkpt><trkpt lat='42.83349' lon='0.25766'><ele>1998</ele><time>2025-07-15T14:06:50Z</time></trkpt><trkpt lat='42.833569999999995' lon='0.258'><ele>1996</ele><time>2025-07-15T14:20:32Z</time></trkpt><trkpt lat='42.8337' lon='0.25891'><ele>1991</ele><time>2025-07-15T14:50:40Z</time></trkpt><trkpt lat='42.83385' lon='0.259535'><ele>1988</ele><time>2025-07-15T15:12:36Z</time></trkpt><trkpt lat='42.833999999999996' lon='0.26016'><ele>1984</ele><time>2025-07-15T15:37:16Z</time></trkpt><trkpt lat='42.83414' lon='0.26087499999999997'><ele>1980</ele><time>2025-07-15T16:04:40Z</time></trkpt><trkpt lat='42.83428' lon='0.26159'><ele>1979</ele><time>2025-07-15T16:29:20Z</time></trkpt><trkpt lat='42.83437' lon='0.26264499999999996'><ele>1976</ele><time>2025-07-15T17:04:57Z</time></trkpt><trkpt lat='42.83446' lon='0.2637'><ele>1969</ele><time>2025-07-15T17:40:35Z</time></trkpt><trkpt lat='42.834514999999996' lon='0.26475'><ele>1962</ele><time>2025-07-15T18:18:57Z</time></trkpt><trkpt lat='42.83457' lon='0.2658'><ele>1958</ele><time>2025-07-15T18:54:34Z</time></trkpt><trkpt lat='42.834689999999995' lon='0.26687'><ele>1953</ele><time>2025-07-15T19:32:56Z</time></trkpt><trkpt lat='42.834689999999995' lon='0.267'><ele>1953</ele><time>2025-07-15T19:35:40Z</time></trkpt><trkpt lat='42.83457' lon='0.26771'><ele>1952</ele><time>2025-07-15T20:00:20Z</time></trkpt><trkpt lat='42.834559999999996' lon='0.26792'><ele>1952</ele><time>2025-07-15T20:08:33Z</time></trkpt><trkpt lat='42.83459' lon='0.26838'><ele>1948</ele><time>2025-07-15T20:25:00Z</time></trkpt><trkpt lat='42.834649999999996' lon='0.26853'><ele>1945</ele><time>2025-07-15T20:30:29Z</time></trkpt><trkpt lat='42.83471' lon='0.26903'><ele>1940</ele><time>2025-07-15T20:41:26Z</time></trkpt><trkpt lat='42.8347' lon='0.26913'><ele>1939</ele><time>2025-07-15T20:44:11Z</time></trkpt><trkpt lat='42.834599999999995' lon='0.26958'><ele>1934</ele><time>2025-07-15T20:55:09Z</time></trkpt><trkpt lat='42.83452' lon='0.2701'><ele>1934</ele><time>2025-07-15T21:14:20Z</time></trkpt><trkpt lat='42.83439' lon='0.27064'><ele>1930</ele><time>2025-07-15T21:33:31Z</time></trkpt><trkpt lat='42.83437' lon='0.27077999999999997'><ele>1929</ele><time>2025-07-15T21:38:59Z</time></trkpt><trkpt lat='42.834379999999996' lon='0.27098'><ele>1928</ele><time>2025-07-15T21:44:28Z</time></trkpt><trkpt lat='42.834489999999995' lon='0.27141'><ele>1924</ele><time>2025-07-15T22:00:55Z</time></trkpt><trkpt lat='42.83452' lon='0.27160999999999996'><ele>1922</ele><time>2025-07-15T22:09:08Z</time></trkpt><trkpt lat='42.83454' lon='0.27212'><ele>1921</ele><time>2025-07-15T22:28:19Z</time></trkpt><trkpt lat='42.834579999999995' lon='0.27232'><ele>1920</ele><time>2025-07-15T22:33:48Z</time></trkpt><trkpt lat='42.83455' lon='0.27251'><ele>1920</ele><time>2025-07-15T22:42:01Z</time></trkpt><trkpt lat='42.83433' lon='0.27288999999999997'><ele>1920</ele><time>2025-07-15T22:58:28Z</time></trkpt><trkpt lat='42.83419' lon='0.27319'><ele>1921</ele><time>2025-07-15T23:09:25Z</time></trkpt><trkpt lat='42.83406' lon='0.27366'><ele>1920</ele><time>2025-07-15T23:25:52Z</time></trkpt><trkpt lat='42.83405' lon='0.27379'><ele>1920</ele><time>2025-07-15T23:31:21Z</time></trkpt><trkpt lat='42.83416' lon='0.27429'><ele>1920</ele><time>2025-07-15T23:47:47Z</time></trkpt><trkpt lat='42.834289999999996' lon='0.27471999999999996'><ele>1919</ele><time>2025-07-16T00:04:14Z</time></trkpt><trkpt lat='42.83444' lon='0.27532'><ele>1918</ele><time>2025-07-16T00:26:09Z</time></trkpt><trkpt lat='42.834649999999996' lon='0.27592'><ele>1915</ele><time>2025-07-16T00:48:04Z</time></trkpt><trkpt lat='42.83473' lon='0.27634'><ele>1913</ele><time>2025-07-16T01:04:31Z</time></trkpt><trkpt lat='42.83483' lon='0.27709'><ele>1911</ele><time>2025-07-16T01:29:11Z</time></trkpt><trkpt lat='42.83493' lon='0.27784'><ele>1908</ele><time>2025-07-16T01:56:35Z</time></trkpt><trkpt lat='42.83508' lon='0.27865999999999996'><ele>1901</ele><time>2025-07-16T02:23:59Z</time></trkpt><trkpt lat='42.83519' lon='0.27958'><ele>1897</ele><time>2025-07-16T02:56:52Z</time></trkpt><trkpt lat='42.83538' lon='0.28076999999999996'><ele>1886</ele><time>2025-07-16T03:27:01Z</time></trkpt><trkpt lat='42.83546' lon='0.28109999999999996'><ele>1882</ele><time>2025-07-16T03:35:14Z</time></trkpt><trkpt lat='42.83577' lon='0.28187999999999996'><ele>1873</ele><time>2025-07-16T03:54:25Z</time></trkpt><trkpt lat='42.83609' lon='0.282585'><ele>1856</ele><time>2025-07-16T04:30:03Z</time></trkpt><trkpt lat='42.83641' lon='0.28329'><ele>1842</ele><time>2025-07-16T04:57:27Z</time></trkpt><trkpt lat='42.836729999999996' lon='0.28420999999999996'><ele>1823</ele><time>2025-07-16T05:35:49Z</time></trkpt><trkpt lat='42.83703' lon='0.28472'><ele>1813</ele><time>2025-07-16T06:00:29Z</time></trkpt><trkpt lat='42.83727' lon='0.28539'><ele>1796</ele><time>2025-07-16T06:30:37Z</time></trkpt><trkpt lat='42.837509999999995' lon='0.28606'><ele>1784</ele><time>2025-07-16T06:55:17Z</time></trkpt><trkpt lat='42.83765' lon='0.2863'><ele>1777</ele><time>2025-07-16T07:06:15Z</time></trkpt><trkpt lat='42.83782' lon='0.28675999999999996'><ele>1769</ele><time>2025-07-16T07:25:26Z</time></trkpt><trkpt lat='42.83784' lon='0.28698999999999997'><ele>1766</ele><time>2025-07-16T07:33:39Z</time></trkpt><trkpt lat='42.83795' lon='0.28748999999999997'><ele>1757</ele><time>2025-07-16T07:50:05Z</time></trkpt><trkpt lat='42.838029999999996' lon='0.2883'><ele>1742</ele><time>2025-07-16T08:20:14Z</time></trkpt><trkpt lat='42.838049999999996' lon='0.28834'><ele>1735</ele><time>2025-07-16T08:31:12Z</time></trkpt><trkpt lat='42.83808' lon='0.28891'><ele>1724</ele><time>2025-07-16T09:31:29Z</time></trkpt><trkpt lat='42.83806' lon='0.28909'><ele>1717</ele><time>2025-07-16T09:39:42Z</time></trkpt><trkpt lat='42.83809' lon='0.28945'><ele>1713</ele><time>2025-07-16T09:56:09Z</time></trkpt><trkpt lat='42.83795' lon='0.28995'><ele>1701</ele><time>2025-07-16T10:23:33Z</time></trkpt><trkpt lat='42.83793' lon='0.28997'><ele>1697</ele><time>2025-07-16T10:29:02Z</time></trkpt><trkpt lat='42.83793' lon='0.29003'><ele>1697</ele><time>2025-07-16T10:34:31Z</time></trkpt><trkpt lat='42.83782' lon='0.29046'><ele>1686</ele><time>2025-07-16T11:12:53Z</time></trkpt><trkpt lat='42.837779999999995' lon='0.29070999999999997'><ele>1682</ele><time>2025-07-16T11:21:06Z</time></trkpt><trkpt lat='42.83777' lon='0.29111'><ele>1675</ele><time>2025-07-16T11:34:48Z</time></trkpt><trkpt lat='42.8378' lon='0.29157'><ele>1667</ele><time>2025-07-16T11:48:30Z</time></trkpt><trkpt lat='42.83779' lon='0.2919'><ele>1664</ele><time>2025-07-16T11:56:43Z</time></trkpt><trkpt lat='42.83784' lon='0.29217'><ele>1661</ele><time>2025-07-16T12:04:57Z</time></trkpt><trkpt lat='42.83804' lon='0.29278'><ele>1656</ele><time>2025-07-16T12:18:39Z</time></trkpt><trkpt lat='42.83811' lon='0.29316'><ele>1651</ele><time>2025-07-16T12:26:52Z</time></trkpt><trkpt lat='42.83813' lon='0.29341'><ele>1649</ele><time>2025-07-16T12:32:21Z</time></trkpt><trkpt lat='42.838249999999995' lon='0.29379'><ele>1645</ele><time>2025-07-16T12:43:19Z</time></trkpt><trkpt lat='42.8383' lon='0.29419999999999996'><ele>1641</ele><time>2025-07-16T12:51:32Z</time></trkpt><trkpt lat='42.838339999999995' lon='0.29436999999999997'><ele>1639</ele><time>2025-07-16T12:54:16Z</time></trkpt><trkpt lat='42.83839' lon='0.29451'><ele>1637</ele><time>2025-07-16T12:59:45Z</time></trkpt><trkpt lat='42.83837' lon='0.2948'><ele>1634</ele><time>2025-07-16T13:05:14Z</time></trkpt><trkpt lat='42.8384' lon='0.29502'><ele>1633</ele><time>2025-07-16T13:10:43Z</time></trkpt><trkpt lat='42.83855' lon='0.2956'><ele>1626</ele><time>2025-07-16T13:24:25Z</time></trkpt><trkpt lat='42.83877' lon='0.29612'><ele>1623</ele><time>2025-07-16T13:40:52Z</time></trkpt><trkpt lat='42.838789999999996' lon='0.29647999999999997'><ele>1621</ele><time>2025-07-16T13:51:49Z</time></trkpt><trkpt lat='42.83877' lon='0.29682'><ele>1618</ele><time>2025-07-16T14:00:02Z</time></trkpt><trkpt lat='42.838719999999995' lon='0.29705'><ele>1614</ele><time>2025-07-16T14:08:16Z</time></trkpt><trkpt lat='42.838499999999996' lon='0.29764999999999997'><ele>1610</ele><time>2025-07-16T14:32:56Z</time></trkpt><trkpt lat='42.83838' lon='0.29789'><ele>1609</ele><time>2025-07-16T14:41:09Z</time></trkpt><trkpt lat='42.8383' lon='0.29802999999999996'><ele>1608</ele><time>2025-07-16T14:49:22Z</time></trkpt><trkpt lat='42.838229999999996' lon='0.29841'><ele>1607</ele><time>2025-07-16T15:00:20Z</time></trkpt><trkpt lat='42.838249999999995' lon='0.29863'><ele>1606</ele><time>2025-07-16T15:08:33Z</time></trkpt><trkpt lat='42.838229999999996' lon='0.29874999999999996'><ele>1607</ele><time>2025-07-16T15:14:02Z</time></trkpt><trkpt lat='42.838119999999996' lon='0.29894'><ele>1606</ele><time>2025-07-16T15:22:15Z</time></trkpt><trkpt lat='42.837939999999996' lon='0.2991'><ele>1603</ele><time>2025-07-16T15:30:28Z</time></trkpt><trkpt lat='42.837849999999996' lon='0.29908999999999997'><ele>1600</ele><time>2025-07-16T15:38:42Z</time></trkpt><trkpt lat='42.83779' lon='0.29911'><ele>1599</ele><time>2025-07-16T15:41:26Z</time></trkpt><trkpt lat='42.83775' lon='0.29908999999999997'><ele>1599</ele><time>2025-07-16T15:44:10Z</time></trkpt><trkpt lat='42.83773' lon='0.2991'><ele>1599</ele><time>2025-07-16T15:46:55Z</time></trkpt><trkpt lat='42.83765' lon='0.29925999999999997'><ele>1592</ele><time>2025-07-16T15:57:53Z</time></trkpt><trkpt lat='42.83763' lon='0.2995'><ele>1588</ele><time>2025-07-16T16:06:06Z</time></trkpt><trkpt lat='42.83765' lon='0.29963999999999996'><ele>1585</ele><time>2025-07-16T16:08:50Z</time></trkpt><trkpt lat='42.837599999999995' lon='0.2998'><ele>1583</ele><time>2025-07-16T16:14:19Z</time></trkpt><trkpt lat='42.837579999999996' lon='0.30019'><ele>1578</ele><time>2025-07-16T16:25:17Z</time></trkpt><trkpt lat='42.837509999999995' lon='0.30045'><ele>1575</ele><time>2025-07-16T16:33:30Z</time></trkpt><trkpt lat='42.83743' lon='0.30085999999999996'><ele>1571</ele><time>2025-07-16T16:44:28Z</time></trkpt><trkpt lat='42.83732' lon='0.30082'><ele>1566</ele><time>2025-07-16T16:49:57Z</time></trkpt><trkpt lat='42.8371' lon='0.30068'><ele>1560</ele><time>2025-07-16T17:25:34Z</time></trkpt><trkpt lat='42.83708' lon='0.30069'><ele>1552</ele><time>2025-07-16T17:36:32Z</time></trkpt><trkpt lat='42.837019999999995' lon='0.30067'><ele>1552</ele><time>2025-07-16T17:47:29Z</time></trkpt><trkpt lat='42.83696' lon='0.30057'><ele>1548</ele><time>2025-07-16T18:01:12Z</time></trkpt><trkpt lat='42.83689' lon='0.30054'><ele>1544</ele><time>2025-07-16T18:12:09Z</time></trkpt><trkpt lat='42.83678' lon='0.30032'><ele>1535</ele><time>2025-07-16T18:42:18Z</time></trkpt><trkpt lat='42.836749999999995' lon='0.30032'><ele>1535</ele><time>2025-07-16T18:45:02Z</time></trkpt><trkpt lat='42.83671' lon='0.3004'><ele>1535</ele><time>2025-07-16T18:47:47Z</time></trkpt><trkpt lat='42.836619999999996' lon='0.3005'><ele>1530</ele><time>2025-07-16T18:53:16Z</time></trkpt><trkpt lat='42.836549999999995' lon='0.30063999999999996'><ele>1528</ele><time>2025-07-16T18:58:44Z</time></trkpt><trkpt lat='42.83651' lon='0.30065'><ele>1525</ele><time>2025-07-16T19:01:29Z</time></trkpt><trkpt lat='42.83645' lon='0.30058999999999997'><ele>1525</ele><time>2025-07-16T19:04:13Z</time></trkpt><trkpt lat='42.83627' lon='0.30008'><ele>1515</ele><time>2025-07-16T19:20:40Z</time></trkpt><trkpt lat='42.8362' lon='0.29995'><ele>1509</ele><time>2025-07-16T19:28:53Z</time></trkpt><trkpt lat='42.835809999999995' lon='0.29943'><ele>1498</ele><time>2025-07-16T19:56:17Z</time></trkpt><trkpt lat='42.83575' lon='0.29919999999999997'><ele>1489</ele><time>2025-07-16T20:07:15Z</time></trkpt><trkpt lat='42.83571' lon='0.29891999999999996'><ele>1487</ele><time>2025-07-16T20:20:57Z</time></trkpt><trkpt lat='42.83556' lon='0.2984'><ele>1477</ele><time>2025-07-16T20:42:52Z</time></trkpt><trkpt lat='42.83555' lon='0.29824999999999996'><ele>1474</ele><time>2025-07-16T20:48:21Z</time></trkpt><trkpt lat='42.83549' lon='0.2983'><ele>1473</ele><time>2025-07-16T20:51:06Z</time></trkpt><trkpt lat='42.835049999999995' lon='0.298165'><ele>1466</ele><time>2025-07-16T21:04:48Z</time></trkpt><trkpt lat='42.83461' lon='0.29802999999999996'><ele>1461</ele><time>2025-07-16T21:18:30Z</time></trkpt><trkpt lat='42.83434' lon='0.29785'><ele>1453</ele><time>2025-07-16T21:37:41Z</time></trkpt><trkpt lat='42.834089999999996' lon='0.29767'><ele>1445</ele><time>2025-07-16T21:51:23Z</time></trkpt><trkpt lat='42.83392' lon='0.29763999999999996'><ele>1440</ele><time>2025-07-16T22:05:05Z</time></trkpt><trkpt lat='42.833709999999996' lon='0.29763'><ele>1437</ele><time>2025-07-16T22:16:03Z</time></trkpt><trkpt lat='42.8335' lon='0.29753999999999997'><ele>1427</ele><time>2025-07-16T22:32:29Z</time></trkpt><trkpt lat='42.83342' lon='0.29747'><ele>1427</ele><time>2025-07-16T22:40:43Z</time></trkpt><trkpt lat='42.833349999999996' lon='0.29745'><ele>1425</ele><time>2025-07-16T22:46:11Z</time></trkpt><trkpt lat='42.83329' lon='0.29741'><ele>1422</ele><time>2025-07-16T22:51:40Z</time></trkpt><trkpt lat='42.83282' lon='0.29689'><ele>1401</ele><time>2025-07-16T23:32:47Z</time></trkpt><trkpt lat='42.83276' lon='0.29678'><ele>1395</ele><time>2025-07-16T23:41:00Z</time></trkpt><trkpt lat='42.83262' lon='0.29612'><ele>1382</ele><time>2025-07-17T00:19:22Z</time></trkpt><trkpt lat='42.832519999999995' lon='0.29571'><ele>1375</ele><time>2025-07-17T00:33:04Z</time></trkpt><trkpt lat='42.832409999999996' lon='0.29541999999999996'><ele>1371</ele><time>2025-07-17T00:41:17Z</time></trkpt><trkpt lat='42.83231' lon='0.29466'><ele>1363</ele><time>2025-07-17T01:00:28Z</time></trkpt><trkpt lat='42.83231' lon='0.29444'><ele>1359</ele><time>2025-07-17T01:05:57Z</time></trkpt><trkpt lat='42.83226' lon='0.29434'><ele>1359</ele><time>2025-07-17T01:11:26Z</time></trkpt><trkpt lat='42.831579999999995' lon='0.29419'><ele>1345</ele><time>2025-07-17T01:33:21Z</time></trkpt><trkpt lat='42.83123' lon='0.29417'><ele>1336</ele><time>2025-07-17T01:49:48Z</time></trkpt><trkpt lat='42.83112' lon='0.29419'><ele>1335</ele><time>2025-07-17T01:55:17Z</time></trkpt><trkpt lat='42.831019999999995' lon='0.29425'><ele>1332</ele><time>2025-07-17T01:58:01Z</time></trkpt><trkpt lat='42.83068' lon='0.29419'><ele>1326</ele><time>2025-07-17T02:14:28Z</time></trkpt><trkpt lat='42.83063' lon='0.29420999999999997'><ele>1326</ele><time>2025-07-17T02:14:28Z</time></trkpt><trkpt lat='42.8306' lon='0.29425'><ele>1323</ele><time>2025-07-17T02:17:12Z</time></trkpt><trkpt lat='42.83045' lon='0.29425'><ele>1319</ele><time>2025-07-17T02:22:41Z</time></trkpt><trkpt lat='42.830439999999996' lon='0.29429'><ele>1319</ele><time>2025-07-17T02:25:25Z</time></trkpt><trkpt lat='42.83057' lon='0.29441'><ele>1315</ele><time>2025-07-17T02:33:39Z</time></trkpt><trkpt lat='42.83065' lon='0.29453999999999997'><ele>1313</ele><time>2025-07-17T02:41:52Z</time></trkpt><trkpt lat='42.83079' lon='0.29468'><ele>1309</ele><time>2025-07-17T02:50:05Z</time></trkpt><trkpt lat='42.83089' lon='0.29489'><ele>1301</ele><time>2025-07-17T03:01:03Z</time></trkpt><trkpt lat='42.83094' lon='0.2951'><ele>1300</ele><time>2025-07-17T03:06:32Z</time></trkpt><trkpt lat='42.8309' lon='0.29536'><ele>1297</ele><time>2025-07-17T03:12:00Z</time></trkpt><trkpt lat='42.830935' lon='0.29602'><ele>1290</ele><time>2025-07-17T03:25:43Z</time></trkpt><trkpt lat='42.83097' lon='0.29668'><ele>1286</ele><time>2025-07-17T03:47:38Z</time></trkpt><trkpt lat='42.83095' lon='0.29678'><ele>1286</ele><time>2025-07-17T03:50:22Z</time></trkpt><trkpt lat='42.83087' lon='0.29692999999999997'><ele>1284</ele><time>2025-07-17T03:55:51Z</time></trkpt><trkpt lat='42.83085' lon='0.29703999999999997'><ele>1284</ele><time>2025-07-17T03:58:36Z</time></trkpt><trkpt lat='42.830799999999996' lon='0.29777'><ele>1277</ele><time>2025-07-17T04:20:31Z</time></trkpt><trkpt lat='42.83079' lon='0.29895'><ele>1267</ele><time>2025-07-17T04:47:55Z</time></trkpt><trkpt lat='42.83087' lon='0.29968'><ele>1258</ele><time>2025-07-17T05:01:37Z</time></trkpt><trkpt lat='42.83095' lon='0.30041'><ele>1254</ele><time>2025-07-17T05:23:33Z</time></trkpt><trkpt lat='42.83099' lon='0.30096999999999996'><ele>1248</ele><time>2025-07-17T05:39:59Z</time></trkpt><trkpt lat='42.831089999999996' lon='0.30119'><ele>1246</ele><time>2025-07-17T05:45:28Z</time></trkpt><trkpt lat='42.83119' lon='0.30156'><ele>1243</ele><time>2025-07-17T05:59:10Z</time></trkpt><trkpt lat='42.83114' lon='0.30157'><ele>1242</ele><time>2025-07-17T06:01:55Z</time></trkpt><trkpt lat='42.831019999999995' lon='0.30126'><ele>1240</ele><time>2025-07-17T06:15:37Z</time></trkpt><trkpt lat='42.83086' lon='0.30106'><ele>1239</ele><time>2025-07-17T06:23:50Z</time></trkpt><trkpt lat='42.83072' lon='0.30085'><ele>1237</ele><time>2025-07-17T06:34:48Z</time></trkpt><trkpt lat='42.8305' lon='0.30016'><ele>1232</ele><time>2025-07-17T06:59:27Z</time></trkpt><trkpt lat='42.830259999999996' lon='0.29952999999999996'><ele>1227</ele><time>2025-07-17T07:15:54Z</time></trkpt><trkpt lat='42.8301' lon='0.29919999999999997'><ele>1223</ele><time>2025-07-17T07:26:52Z</time></trkpt><trkpt lat='42.82993' lon='0.29846'><ele>1215</ele><time>2025-07-17T07:43:18Z</time></trkpt><trkpt lat='42.82984' lon='0.29791'><ele>1211</ele><time>2025-07-17T07:59:45Z</time></trkpt><trkpt lat='42.829809999999995' lon='0.29788'><ele>1211</ele><time>2025-07-17T07:59:45Z</time></trkpt><trkpt lat='42.829789999999996' lon='0.29793'><ele>1211</ele><time>2025-07-17T08:02:29Z</time></trkpt><trkpt lat='42.829789999999996' lon='0.29816'><ele>1208</ele><time>2025-07-17T08:07:58Z</time></trkpt><trkpt lat='42.829699999999995' lon='0.29914999999999997'><ele>1199</ele><time>2025-07-17T08:32:38Z</time></trkpt><trkpt lat='42.82973' lon='0.29935'><ele>1199</ele><time>2025-07-17T08:38:07Z</time></trkpt><trkpt lat='42.82983' lon='0.29969999999999997'><ele>1195</ele><time>2025-07-17T08:49:04Z</time></trkpt><trkpt lat='42.82984' lon='0.29991'><ele>1194</ele><time>2025-07-17T08:54:33Z</time></trkpt><trkpt lat='42.82991' lon='0.30034'><ele>1190</ele><time>2025-07-17T09:08:15Z</time></trkpt><trkpt lat='42.82993' lon='0.30100499999999997'><ele>1184</ele><time>2025-07-17T09:24:42Z</time></trkpt><trkpt lat='42.82995' lon='0.30167'><ele>1178</ele><time>2025-07-17T09:41:08Z</time></trkpt><trkpt lat='42.829989999999995' lon='0.30195'><ele>1174</ele><time>2025-07-17T09:46:37Z</time></trkpt><trkpt lat='42.829969999999996' lon='0.30199'><ele>1173</ele><time>2025-07-17T09:49:22Z</time></trkpt><trkpt lat='42.82994' lon='0.30197999999999997'><ele>1173</ele><time>2025-07-17T09:52:06Z</time></trkpt><trkpt lat='42.829879999999996' lon='0.30185999999999996'><ele>1170</ele><time>2025-07-17T09:54:50Z</time></trkpt><trkpt lat='42.829679999999996' lon='0.3013'><ele>1165</ele><time>2025-07-17T10:08:33Z</time></trkpt><trkpt lat='42.82949' lon='0.30055'><ele>1158</ele><time>2025-07-17T10:24:59Z</time></trkpt><trkpt lat='42.82913' lon='0.29972'><ele>1146</ele><time>2025-07-17T10:49:39Z</time></trkpt><trkpt lat='42.82909' lon='0.29967'><ele>1146</ele><time>2025-07-17T10:52:23Z</time></trkpt><trkpt lat='42.82906' lon='0.29973'><ele>1145</ele><time>2025-07-17T10:55:08Z</time></trkpt><trkpt lat='42.82915' lon='0.30021'><ele>1139</ele><time>2025-07-17T11:06:05Z</time></trkpt><trkpt lat='42.82918' lon='0.30067'><ele>1135</ele><time>2025-07-17T11:14:19Z</time></trkpt><trkpt lat='42.82913' lon='0.30132'><ele>1126</ele><time>2025-07-17T11:30:45Z</time></trkpt><trkpt lat='42.829049999999995' lon='0.3018'><ele>1121</ele><time>2025-07-17T11:44:27Z</time></trkpt><trkpt lat='42.82902' lon='0.30211'><ele>1119</ele><time>2025-07-17T11:52:41Z</time></trkpt><trkpt lat='42.829029999999996' lon='0.30217'><ele>1114</ele><time>2025-07-17T11:55:25Z</time></trkpt><trkpt lat='42.82913' lon='0.3023'><ele>1114</ele><time>2025-07-17T11:58:09Z</time></trkpt><trkpt lat='42.82915' lon='0.30243'><ele>1113</ele><time>2025-07-17T12:03:38Z</time></trkpt><trkpt lat='42.82913' lon='0.30251'><ele>1113</ele><time>2025-07-17T12:03:38Z</time></trkpt><trkpt lat='42.829049999999995' lon='0.30262'><ele>1111</ele><time>2025-07-17T12:09:07Z</time></trkpt><trkpt lat='42.82899' lon='0.30278'><ele>1108</ele><time>2025-07-17T12:11:52Z</time></trkpt><trkpt lat='42.828939999999996' lon='0.30302'><ele>1103</ele><time>2025-07-17T12:20:05Z</time></trkpt><trkpt lat='42.82886' lon='0.30323'><ele>1100</ele><time>2025-07-17T12:25:34Z</time></trkpt><trkpt lat='42.82884' lon='0.30333'><ele>1099</ele><time>2025-07-17T12:28:18Z</time></trkpt><trkpt lat='42.82886' lon='0.30344'><ele>1098</ele><time>2025-07-17T12:31:03Z</time></trkpt><trkpt lat='42.828959999999995' lon='0.30356'><ele>1096</ele><time>2025-07-17T12:36:31Z</time></trkpt><trkpt lat='42.82898' lon='0.30365'><ele>1095</ele><time>2025-07-17T12:39:16Z</time></trkpt><trkpt lat='42.828939999999996' lon='0.30373'><ele>1095</ele><time>2025-07-17T12:42:00Z</time></trkpt><trkpt lat='42.828869999999995' lon='0.30379'><ele>1092</ele><time>2025-07-17T12:44:45Z</time></trkpt><trkpt lat='42.828779999999995' lon='0.30378'><ele>1091</ele><time>2025-07-17T12:47:29Z</time></trkpt><trkpt lat='42.82872' lon='0.30369999999999997'><ele>1091</ele><time>2025-07-17T12:50:13Z</time></trkpt><trkpt lat='42.82863' lon='0.30329999999999996'><ele>1085</ele><time>2025-07-17T13:01:11Z</time></trkpt><trkpt lat='42.82862' lon='0.30313'><ele>1084</ele><time>2025-07-17T13:06:40Z</time></trkpt><trkpt lat='42.82857' lon='0.30305'><ele>1084</ele><time>2025-07-17T13:09:24Z</time></trkpt><trkpt lat='42.82851' lon='0.30307999999999996'><ele>1082</ele><time>2025-07-17T13:09:24Z</time></trkpt><trkpt lat='42.828469999999996' lon='0.30318999999999996'><ele>1082</ele><time>2025-07-17T13:12:09Z</time></trkpt><trkpt lat='42.82844' lon='0.30341'><ele>1080</ele><time>2025-07-17T13:17:38Z</time></trkpt><trkpt lat='42.82841' lon='0.30351'><ele>1078</ele><time>2025-07-17T13:20:22Z</time></trkpt><trkpt lat='42.8281' lon='0.30401'><ele>1070</ele><time>2025-07-17T13:34:04Z</time></trkpt><trkpt lat='42.82803' lon='0.30441999999999997'><ele>1066</ele><time>2025-07-17T13:45:02Z</time></trkpt><trkpt lat='42.82803' lon='0.30469999999999997'><ele>1065</ele><time>2025-07-17T13:53:15Z</time></trkpt><trkpt lat='42.828089999999996' lon='0.30474999999999997'><ele>1065</ele><time>2025-07-17T13:53:15Z</time></trkpt><trkpt lat='42.82814' lon='0.30484'><ele>1063</ele><time>2025-07-17T13:56:00Z</time></trkpt><trkpt lat='42.82817' lon='0.3054'><ele>1060</ele><time>2025-07-17T14:09:42Z</time></trkpt><trkpt lat='42.828089999999996' lon='0.30646999999999996'><ele>1039</ele><time>2025-07-17T14:37:06Z</time></trkpt><trkpt lat='42.828089999999996' lon='0.30679999999999996'><ele>1032</ele><time>2025-07-17T14:53:32Z</time></trkpt><trkpt lat='42.82799' lon='0.307515'><ele>1017</ele><time>2025-07-17T15:23:41Z</time></trkpt><trkpt lat='42.82789' lon='0.30823'><ele>1003</ele><time>2025-07-17T15:53:50Z</time></trkpt><trkpt lat='42.82777' lon='0.30885'><ele>991</ele><time>2025-07-17T16:18:30Z</time></trkpt><trkpt lat='42.82777' lon='0.30932'><ele>981</ele><time>2025-07-17T16:37:41Z</time></trkpt><trkpt lat='42.82772' lon='0.30977'><ele>973</ele><time>2025-07-17T16:56:51Z</time></trkpt><trkpt lat='42.82758' lon='0.31045999999999996'><ele>961</ele><time>2025-07-17T17:21:31Z</time></trkpt><trkpt lat='42.82749' lon='0.31111'><ele>951</ele><time>2025-07-17T17:43:27Z</time></trkpt><trkpt lat='42.82749' lon='0.31134'><ele>946</ele><time>2025-07-17T17:51:40Z</time></trkpt><trkpt lat='42.82749' lon='0.31133'><ele>946</ele><time>2025-07-17T17:54:24Z</time></trkpt><trkpt lat='42.82745' lon='0.31176'><ele>938</ele><time>2025-07-17T18:02:38Z</time></trkpt><trkpt lat='42.827439999999996' lon='0.31182'><ele>937</ele><time>2025-07-17T18:05:22Z</time></trkpt><trkpt lat='42.82739' lon='0.31188'><ele>937</ele><time>2025-07-17T18:08:06Z</time></trkpt><trkpt lat='42.82689' lon='0.31218999999999997'><ele>930</ele><time>2025-07-17T18:24:33Z</time></trkpt><trkpt lat='42.826429999999995' lon='0.31244'><ele>923</ele><time>2025-07-17T18:43:44Z</time></trkpt><trkpt lat='42.826229999999995' lon='0.31251'><ele>920</ele><time>2025-07-17T18:51:57Z</time></trkpt><trkpt lat='42.82609' lon='0.31279'><ele>911</ele><time>2025-07-17T19:02:55Z</time></trkpt><trkpt lat='42.82589' lon='0.313'><ele>903</ele><time>2025-07-17T19:16:37Z</time></trkpt><trkpt lat='42.825649999999996' lon='0.31317999999999996'><ele>897</ele><time>2025-07-17T19:33:04Z</time></trkpt><trkpt lat='42.825559999999996' lon='0.31322'><ele>890</ele><time>2025-07-17T19:41:17Z</time></trkpt><trkpt lat='42.82519' lon='0.31355'><ele>880</ele><time>2025-07-17T20:14:10Z</time></trkpt><trkpt lat='42.82488' lon='0.31377'><ele>870</ele><time>2025-07-17T20:30:36Z</time></trkpt><trkpt lat='42.82476' lon='0.31389'><ele>869</ele><time>2025-07-17T20:36:05Z</time></trkpt><trkpt lat='42.824419999999996' lon='0.31390999999999997'><ele>865</ele><time>2025-07-17T20:58:01Z</time></trkpt><trkpt lat='42.824419999999996' lon='0.31392'><ele>858</ele><time>2025-07-17T21:00:45Z</time></trkpt><trkpt lat='42.82422' lon='0.31398'><ele>854</ele><time>2025-07-17T21:08:58Z</time></trkpt><trkpt lat='42.824079999999995' lon='0.31393'><ele>852</ele><time>2025-07-17T21:11:43Z</time></trkpt><trkpt lat='42.82394' lon='0.31392'><ele>851</ele><time>2025-07-17T21:17:12Z</time></trkpt><trkpt lat='42.8238' lon='0.31395'><ele>849</ele><time>2025-07-17T21:22:40Z</time></trkpt><trkpt lat='42.823699999999995' lon='0.31399'><ele>847</ele><time>2025-07-17T21:25:25Z</time></trkpt><trkpt lat='42.82365' lon='0.31403'><ele>847</ele><time>2025-07-17T21:28:09Z</time></trkpt><trkpt lat='42.82344' lon='0.31462999999999997'><ele>836</ele><time>2025-07-17T21:47:20Z</time></trkpt><trkpt lat='42.82342' lon='0.31499'><ele>833</ele><time>2025-07-17T21:58:18Z</time></trkpt><trkpt lat='42.82344' lon='0.31551'><ele>829</ele><time>2025-07-17T22:14:44Z</time></trkpt><trkpt lat='42.82353' lon='0.31582'><ele>827</ele><time>2025-07-17T22:25:42Z</time></trkpt><trkpt lat='42.82357' lon='0.31612'><ele>825</ele><time>2025-07-17T22:33:55Z</time></trkpt><trkpt lat='42.82374' lon='0.31625'><ele>824</ele><time>2025-07-17T22:44:53Z</time></trkpt><trkpt lat='42.82421' lon='0.31649'><ele>823</ele><time>2025-07-17T23:06:48Z</time></trkpt><trkpt lat='42.8242' lon='0.31649'><ele>823</ele><time>2025-07-17T23:09:33Z</time></trkpt><trkpt lat='42.82447' lon='0.31675'><ele>823</ele><time>2025-07-17T23:23:15Z</time></trkpt><trkpt lat='42.82485' lon='0.31723999999999997'><ele>823</ele><time>2025-07-17T23:47:55Z</time></trkpt><trkpt lat='42.825109999999995' lon='0.31747'><ele>823</ele><time>2025-07-18T00:01:37Z</time></trkpt><trkpt lat='42.825219999999995' lon='0.31754'><ele>823</ele><time>2025-07-18T00:07:06Z</time></trkpt><trkpt lat='42.825489999999995' lon='0.31766'><ele>823</ele><time>2025-07-18T00:20:48Z</time></trkpt><trkpt lat='42.82563' lon='0.31776'><ele>824</ele><time>2025-07-18T00:29:01Z</time></trkpt><trkpt lat='42.825669999999995' lon='0.31782'><ele>824</ele><time>2025-07-18T00:31:46Z</time></trkpt><trkpt lat='42.8257' lon='0.31794'><ele>824</ele><time>2025-07-18T00:37:14Z</time></trkpt><trkpt lat='42.82569' lon='0.31801999999999997'><ele>824</ele><time>2025-07-18T00:39:59Z</time></trkpt><trkpt lat='42.82554' lon='0.31861999999999996'><ele>820</ele><time>2025-07-18T01:01:54Z</time></trkpt><trkpt lat='42.825255' lon='0.31942'><ele>818</ele><time>2025-07-18T01:32:03Z</time></trkpt><trkpt lat='42.82497' lon='0.32022'><ele>814</ele><time>2025-07-18T02:02:11Z</time></trkpt><trkpt lat='42.824605' lon='0.32093'><ele>811</ele><time>2025-07-18T02:32:20Z</time></trkpt><trkpt lat='42.824239999999996' lon='0.32164'><ele>809</ele><time>2025-07-18T03:02:29Z</time></trkpt><trkpt lat='42.823904999999996' lon='0.32237'><ele>809</ele><time>2025-07-18T03:32:37Z</time></trkpt><trkpt lat='42.82357' lon='0.3231'><ele>808</ele><time>2025-07-18T04:02:46Z</time></trkpt><trkpt lat='42.82362' lon='0.32309'><ele>808</ele><time>2025-07-18T04:05:30Z</time></trkpt><trkpt lat='42.82357' lon='0.3231'><ele>808</ele><time>2025-07-18T04:08:15Z</time></trkpt><trkpt lat='42.82367' lon='0.32308'><ele>807</ele><time>2025-07-18T04:10:59Z</time></trkpt><trkpt lat='42.824085' lon='0.32344999999999996'><ele>806</ele><time>2025-07-18T04:35:39Z</time></trkpt><trkpt lat='42.8245' lon='0.32382'><ele>805</ele><time>2025-07-18T04:57:34Z</time></trkpt><trkpt lat='42.82476' lon='0.32400999999999996'><ele>804</ele><time>2025-07-18T05:11:17Z</time></trkpt><trkpt lat='42.824929999999995' lon='0.32417999999999997'><ele>804</ele><time>2025-07-18T05:22:14Z</time></trkpt><trkpt lat='42.825199999999995' lon='0.32454'><ele>803</ele><time>2025-07-18T05:38:41Z</time></trkpt><trkpt lat='42.82525' lon='0.32461999999999996'><ele>803</ele><time>2025-07-18T05:44:10Z</time></trkpt><trkpt lat='42.82528' lon='0.32491'><ele>802</ele><time>2025-07-18T05:52:23Z</time></trkpt><trkpt lat='42.82533' lon='0.32505'><ele>802</ele><time>2025-07-18T05:57:52Z</time></trkpt><trkpt lat='42.82543' lon='0.32516'><ele>801</ele><time>2025-07-18T06:06:05Z</time></trkpt><trkpt lat='42.82553' lon='0.32542'><ele>801</ele><time>2025-07-18T06:14:18Z</time></trkpt><trkpt lat='42.82563' lon='0.32594'><ele>801</ele><time>2025-07-18T06:33:29Z</time></trkpt><trkpt lat='42.82582' lon='0.32603'><ele>800</ele><time>2025-07-18T06:44:27Z</time></trkpt><trkpt lat='42.82602' lon='0.32647'><ele>800</ele><time>2025-07-18T07:00:53Z</time></trkpt><trkpt lat='42.82645' lon='0.32688'><ele>799</ele><time>2025-07-18T07:25:33Z</time></trkpt><trkpt lat='42.8271' lon='0.32713'><ele>798</ele><time>2025-07-18T07:58:26Z</time></trkpt><trkpt lat='42.82731' lon='0.32722999999999997'><ele>798</ele><time>2025-07-18T08:06:40Z</time></trkpt><trkpt lat='42.82788' lon='0.32744'><ele>797</ele><time>2025-07-18T08:34:04Z</time></trkpt><trkpt lat='42.82794' lon='0.32759'><ele>797</ele><time>2025-07-18T08:42:17Z</time></trkpt><trkpt lat='42.828199999999995' lon='0.32767999999999997'><ele>796</ele><time>2025-07-18T08:53:15Z</time></trkpt><trkpt lat='42.8287' lon='0.32799'><ele>796</ele><time>2025-07-18T09:20:39Z</time></trkpt><trkpt lat='42.82895' lon='0.32811'><ele>795</ele><time>2025-07-18T09:31:37Z</time></trkpt><trkpt lat='42.82949' lon='0.32844999999999996'><ele>796</ele><time>2025-07-18T09:59:01Z</time></trkpt><trkpt lat='42.82955' lon='0.32844999999999996'><ele>793</ele><time>2025-07-18T10:01:45Z</time></trkpt><trkpt lat='42.829699999999995' lon='0.32807'><ele>792</ele><time>2025-07-18T10:18:12Z</time></trkpt><trkpt lat='42.82971' lon='0.32778999999999997'><ele>792</ele><time>2025-07-18T10:29:10Z</time></trkpt><trkpt lat='42.82978' lon='0.32722999999999997'><ele>793</ele><time>2025-07-18T10:48:21Z</time></trkpt></trkseg></trk></gpx>