<?xml version="1.0" encoding="UTF-8" ?>
<gpx version="1.1" xmlns:xsi="http://www.w3.org/2001/XMLSchema-instance" 
    xmlns="http://www.topografix.com/GPX/1/1" 
    xsi:schemaLocation="http://www.topografix.com/GPX/1/1 http://www.topografix.com/GPX/1/1/gpx.xsd" 
    creator="Openrunner - https://www.openrunner.com" >
				<wpt lat="41.924450" lon="8.700018">
				 	<ele>0</ele>
				 	<name><![CDATA[Ravitaillement]]></name>
				 	<desc><![CDATA[]]></desc>
					<sym>3</sym>
				</wpt>
			
				<wpt lat="41.917590" lon="8.707365">
				 	<ele>0</ele>
				 	<name><![CDATA[Secours]]></name>
				 	<desc><![CDATA[]]></desc>
					<sym>2</sym>
				</wpt>
			
				<wpt lat="41.917706" lon="8.707388">
				 	<ele>0</ele>
				 	<name><![CDATA[Ravitaillement]]></name>
				 	<desc><![CDATA[]]></desc>
					<sym>3</sym>
				</wpt>
			
				<wpt lat="41.914567" lon="8.649299">
				 	<ele>0</ele>
				 	<name><![CDATA[Secours]]></name>
				 	<desc><![CDATA[]]></desc>
					<sym>2</sym>
				</wpt>
			
				<wpt lat="41.914666" lon="8.649296">
				 	<ele>0</ele>
				 	<name><![CDATA[Ravitaillement]]></name>
				 	<desc><![CDATA[]]></desc>
					<sym>3</sym>
				</wpt>
			
				<wpt lat="41.914550" lon="8.649311">
				 	<ele>0</ele>
				 	<name><![CDATA[Barrière horaire 3h00 de course]]></name>
				 	<desc><![CDATA[]]></desc>
					<sym>53</sym>
				</wpt>
				<trk>
						<name>Trail Napoléon Classic 4 mai 2025-20924496</name>
						<trkseg>
					<trkpt lat="41.916610" lon="8.724630">
						<ele>45</ele>
						<time>2025-03-20T11:26:56Z</time>
					</trkpt>
					<trkpt lat="41.916840" lon="8.725910">
						<ele>40</ele>
						<time>2025-03-20T11:27:45Z</time>
					</trkpt>
					<trkpt lat="41.916880" lon="8.726110">
						<ele>41</ele>
						<time>2025-03-20T11:27:53Z</time>
					</trkpt>
					<trkpt lat="41.916920" lon="8.726180">
						<ele>41</ele>
						<time>2025-03-20T11:27:56Z</time>
					</trkpt>
					<trkpt lat="41.916950" lon="8.726160">
						<ele>42</ele>
						<time>2025-03-20T11:27:58Z</time>
					</trkpt>
					<trkpt lat="41.917100" lon="8.725570">
						<ele>48</ele>
						<time>2025-03-20T11:28:21Z</time>
					</trkpt>
					<trkpt lat="41.917140" lon="8.725280">
						<ele>50</ele>
						<time>2025-03-20T11:28:32Z</time>
					</trkpt>
					<trkpt lat="41.916930" lon="8.723850">
						<ele>56</ele>
						<time>2025-03-20T11:29:26Z</time>
					</trkpt>
					<trkpt lat="41.916870" lon="8.723720">
						<ele>56</ele>
						<time>2025-03-20T11:29:32Z</time>
					</trkpt>
					<trkpt lat="41.916610" lon="8.723460">
						<ele>53</ele>
						<time>2025-03-20T11:29:48Z</time>
					</trkpt>
					<trkpt lat="41.916480" lon="8.723210">
						<ele>52</ele>
						<time>2025-03-20T11:29:59Z</time>
					</trkpt>
					<trkpt lat="41.916410" lon="8.723130">
						<ele>51</ele>
						<time>2025-03-20T11:30:04Z</time>
					</trkpt>
					<trkpt lat="41.916290" lon="8.723140">
						<ele>49</ele>
						<time>2025-03-20T11:30:10Z</time>
					</trkpt>
					<trkpt lat="41.916210" lon="8.723210">
						<ele>48</ele>
						<time>2025-03-20T11:30:15Z</time>
					</trkpt>
					<trkpt lat="41.916110" lon="8.723360">
						<ele>47</ele>
						<time>2025-03-20T11:30:22Z</time>
					</trkpt>
					<trkpt lat="41.915860" lon="8.723870">
						<ele>40</ele>
						<time>2025-03-20T11:30:45Z</time>
					</trkpt>
					<trkpt lat="41.915650" lon="8.724060">
						<ele>37</ele>
						<time>2025-03-20T11:30:58Z</time>
					</trkpt>
					<trkpt lat="41.913810" lon="8.725200">
						<ele>16</ele>
						<time>2025-03-20T11:32:39Z</time>
					</trkpt>
					<trkpt lat="41.913680" lon="8.725230">
						<ele>15</ele>
						<time>2025-03-20T11:32:46Z</time>
					</trkpt>
					<trkpt lat="41.913590" lon="8.725220">
						<ele>14</ele>
						<time>2025-03-20T11:32:50Z</time>
					</trkpt>
					<trkpt lat="41.913520" lon="8.725120">
						<ele>14</ele>
						<time>2025-03-20T11:32:55Z</time>
					</trkpt>
					<trkpt lat="41.913500" lon="8.725050">
						<ele>14</ele>
						<time>2025-03-20T11:32:58Z</time>
					</trkpt>
					<trkpt lat="41.913470" lon="8.724720">
						<ele>12</ele>
						<time>2025-03-20T11:33:11Z</time>
					</trkpt>
					<trkpt lat="41.913500" lon="8.723240">
						<ele>12</ele>
						<time>2025-03-20T11:34:06Z</time>
					</trkpt>
					<trkpt lat="41.913430" lon="8.723100">
						<ele>13</ele>
						<time>2025-03-20T11:34:12Z</time>
					</trkpt>
					<trkpt lat="41.913370" lon="8.723100">
						<ele>12</ele>
						<time>2025-03-20T11:34:15Z</time>
					</trkpt>
					<trkpt lat="41.913270" lon="8.723040">
						<ele>12</ele>
						<time>2025-03-20T11:34:20Z</time>
					</trkpt>
					<trkpt lat="41.913260" lon="8.723010">
						<ele>12</ele>
						<time>2025-03-20T11:34:22Z</time>
					</trkpt>
					<trkpt lat="41.913310" lon="8.722940">
						<ele>14</ele>
						<time>2025-03-20T11:34:25Z</time>
					</trkpt>
					<trkpt lat="41.913470" lon="8.722850">
						<ele>16</ele>
						<time>2025-03-20T11:34:34Z</time>
					</trkpt>
					<trkpt lat="41.913520" lon="8.722760">
						<ele>17</ele>
						<time>2025-03-20T11:34:38Z</time>
					</trkpt>
					<trkpt lat="41.913680" lon="8.722190">
						<ele>25</ele>
						<time>2025-03-20T11:35:01Z</time>
					</trkpt>
					<trkpt lat="41.914050" lon="8.721070">
						<ele>45</ele>
						<time>2025-03-20T11:35:46Z</time>
					</trkpt>
					<trkpt lat="41.914440" lon="8.719980">
						<ele>58</ele>
						<time>2025-03-20T11:36:32Z</time>
					</trkpt>
					<trkpt lat="41.914430" lon="8.719810">
						<ele>60</ele>
						<time>2025-03-20T11:36:38Z</time>
					</trkpt>
					<trkpt lat="41.914330" lon="8.719510">
						<ele>66</ele>
						<time>2025-03-20T11:36:50Z</time>
					</trkpt>
					<trkpt lat="41.914240" lon="8.719040">
						<ele>75</ele>
						<time>2025-03-20T11:37:08Z</time>
					</trkpt>
					<trkpt lat="41.914030" lon="8.718600">
						<ele>82</ele>
						<time>2025-03-20T11:37:28Z</time>
					</trkpt>
					<trkpt lat="41.914020" lon="8.718530">
						<ele>83</ele>
						<time>2025-03-20T11:37:30Z</time>
					</trkpt>
					<trkpt lat="41.914040" lon="8.718350">
						<ele>87</ele>
						<time>2025-03-20T11:37:37Z</time>
					</trkpt>
					<trkpt lat="41.914120" lon="8.718160">
						<ele>91</ele>
						<time>2025-03-20T11:37:45Z</time>
					</trkpt>
					<trkpt lat="41.914290" lon="8.717960">
						<ele>91</ele>
						<time>2025-03-20T11:37:57Z</time>
					</trkpt>
					<trkpt lat="41.914280" lon="8.717850">
						<ele>92</ele>
						<time>2025-03-20T11:38:01Z</time>
					</trkpt>
					<trkpt lat="41.914140" lon="8.717520">
						<ele>99</ele>
						<time>2025-03-20T11:38:15Z</time>
					</trkpt>
					<trkpt lat="41.914060" lon="8.717260">
						<ele>103</ele>
						<time>2025-03-20T11:38:25Z</time>
					</trkpt>
					<trkpt lat="41.914060" lon="8.717050">
						<ele>108</ele>
						<time>2025-03-20T11:38:33Z</time>
					</trkpt>
					<trkpt lat="41.914100" lon="8.716970">
						<ele>109</ele>
						<time>2025-03-20T11:38:37Z</time>
					</trkpt>
					<trkpt lat="41.914140" lon="8.716540">
						<ele>119</ele>
						<time>2025-03-20T11:38:53Z</time>
					</trkpt>
					<trkpt lat="41.914110" lon="8.716480">
						<ele>121</ele>
						<time>2025-03-20T11:38:55Z</time>
					</trkpt>
					<trkpt lat="41.914100" lon="8.716350">
						<ele>125</ele>
						<time>2025-03-20T11:39:00Z</time>
					</trkpt>
					<trkpt lat="41.914160" lon="8.716230">
						<ele>129</ele>
						<time>2025-03-20T11:39:06Z</time>
					</trkpt>
					<trkpt lat="41.914370" lon="8.715560">
						<ele>139</ele>
						<time>2025-03-20T11:39:33Z</time>
					</trkpt>
					<trkpt lat="41.914550" lon="8.715160">
						<ele>141</ele>
						<time>2025-03-20T11:39:50Z</time>
					</trkpt>
					<trkpt lat="41.914580" lon="8.715040">
						<ele>142</ele>
						<time>2025-03-20T11:39:55Z</time>
					</trkpt>
					<trkpt lat="41.914550" lon="8.714860">
						<ele>147</ele>
						<time>2025-03-20T11:40:02Z</time>
					</trkpt>
					<trkpt lat="41.914580" lon="8.714750">
						<ele>148</ele>
						<time>2025-03-20T11:40:06Z</time>
					</trkpt>
					<trkpt lat="41.914580" lon="8.714530">
						<ele>152</ele>
						<time>2025-03-20T11:40:14Z</time>
					</trkpt>
					<trkpt lat="41.914670" lon="8.713730">
						<ele>160</ele>
						<time>2025-03-20T11:40:44Z</time>
					</trkpt>
					<trkpt lat="41.914620" lon="8.713290">
						<ele>165</ele>
						<time>2025-03-20T11:41:01Z</time>
					</trkpt>
					<trkpt lat="41.914550" lon="8.712970">
						<ele>166</ele>
						<time>2025-03-20T11:41:13Z</time>
					</trkpt>
					<trkpt lat="41.914600" lon="8.712870">
						<ele>166</ele>
						<time>2025-03-20T11:41:18Z</time>
					</trkpt>
					<trkpt lat="41.914670" lon="8.712820">
						<ele>167</ele>
						<time>2025-03-20T11:41:22Z</time>
					</trkpt>
					<trkpt lat="41.914930" lon="8.712750">
						<ele>170</ele>
						<time>2025-03-20T11:41:35Z</time>
					</trkpt>
					<trkpt lat="41.915090" lon="8.712740">
						<ele>171</ele>
						<time>2025-03-20T11:41:43Z</time>
					</trkpt>
					<trkpt lat="41.915170" lon="8.712770">
						<ele>170</ele>
						<time>2025-03-20T11:41:47Z</time>
					</trkpt>
					<trkpt lat="41.915220" lon="8.712740">
						<ele>170</ele>
						<time>2025-03-20T11:41:50Z</time>
					</trkpt>
					<trkpt lat="41.915230" lon="8.712630">
						<ele>173</ele>
						<time>2025-03-20T11:41:54Z</time>
					</trkpt>
					<trkpt lat="41.915320" lon="8.712520">
						<ele>176</ele>
						<time>2025-03-20T11:42:00Z</time>
					</trkpt>
					<trkpt lat="41.915310" lon="8.712450">
						<ele>177</ele>
						<time>2025-03-20T11:42:03Z</time>
					</trkpt>
					<trkpt lat="41.915250" lon="8.712340">
						<ele>178</ele>
						<time>2025-03-20T11:42:08Z</time>
					</trkpt>
					<trkpt lat="41.915250" lon="8.712240">
						<ele>180</ele>
						<time>2025-03-20T11:42:12Z</time>
					</trkpt>
					<trkpt lat="41.915220" lon="8.712170">
						<ele>181</ele>
						<time>2025-03-20T11:42:15Z</time>
					</trkpt>
					<trkpt lat="41.915260" lon="8.712060">
						<ele>182</ele>
						<time>2025-03-20T11:42:19Z</time>
					</trkpt>
					<trkpt lat="41.915220" lon="8.711860">
						<ele>185</ele>
						<time>2025-03-20T11:42:27Z</time>
					</trkpt>
					<trkpt lat="41.915300" lon="8.711590">
						<ele>189</ele>
						<time>2025-03-20T11:42:38Z</time>
					</trkpt>
					<trkpt lat="41.915500" lon="8.711240">
						<ele>194</ele>
						<time>2025-03-20T11:42:54Z</time>
					</trkpt>
					<trkpt lat="41.915570" lon="8.711070">
						<ele>198</ele>
						<time>2025-03-20T11:43:02Z</time>
					</trkpt>
					<trkpt lat="41.915680" lon="8.710950">
						<ele>202</ele>
						<time>2025-03-20T11:43:09Z</time>
					</trkpt>
					<trkpt lat="41.915790" lon="8.710710">
						<ele>207</ele>
						<time>2025-03-20T11:43:19Z</time>
					</trkpt>
					<trkpt lat="41.915880" lon="8.710600">
						<ele>209</ele>
						<time>2025-03-20T11:43:25Z</time>
					</trkpt>
					<trkpt lat="41.915970" lon="8.710550">
						<ele>211</ele>
						<time>2025-03-20T11:43:30Z</time>
					</trkpt>
					<trkpt lat="41.916070" lon="8.710320">
						<ele>215</ele>
						<time>2025-03-20T11:43:40Z</time>
					</trkpt>
					<trkpt lat="41.916220" lon="8.710300">
						<ele>220</ele>
						<time>2025-03-20T11:43:48Z</time>
					</trkpt>
					<trkpt lat="41.916270" lon="8.710260">
						<ele>222</ele>
						<time>2025-03-20T11:43:50Z</time>
					</trkpt>
					<trkpt lat="41.916390" lon="8.710080">
						<ele>229</ele>
						<time>2025-03-20T11:43:59Z</time>
					</trkpt>
					<trkpt lat="41.916390" lon="8.709980">
						<ele>230</ele>
						<time>2025-03-20T11:44:03Z</time>
					</trkpt>
					<trkpt lat="41.916410" lon="8.709950">
						<ele>231</ele>
						<time>2025-03-20T11:44:05Z</time>
					</trkpt>
					<trkpt lat="41.916490" lon="8.709970">
						<ele>234</ele>
						<time>2025-03-20T11:44:09Z</time>
					</trkpt>
					<trkpt lat="41.916730" lon="8.709830">
						<ele>244</ele>
						<time>2025-03-20T11:44:22Z</time>
					</trkpt>
					<trkpt lat="41.916750" lon="8.709610">
						<ele>248</ele>
						<time>2025-03-20T11:44:30Z</time>
					</trkpt>
					<trkpt lat="41.916820" lon="8.709480">
						<ele>252</ele>
						<time>2025-03-20T11:44:36Z</time>
					</trkpt>
					<trkpt lat="41.916860" lon="8.709450">
						<ele>254</ele>
						<time>2025-03-20T11:44:38Z</time>
					</trkpt>
					<trkpt lat="41.916910" lon="8.709450">
						<ele>255</ele>
						<time>2025-03-20T11:44:41Z</time>
					</trkpt>
					<trkpt lat="41.916980" lon="8.709490">
						<ele>256</ele>
						<time>2025-03-20T11:44:45Z</time>
					</trkpt>
					<trkpt lat="41.917040" lon="8.709420">
						<ele>259</ele>
						<time>2025-03-20T11:44:49Z</time>
					</trkpt>
					<trkpt lat="41.917040" lon="8.709330">
						<ele>260</ele>
						<time>2025-03-20T11:44:52Z</time>
					</trkpt>
					<trkpt lat="41.917090" lon="8.709170">
						<ele>265</ele>
						<time>2025-03-20T11:44:58Z</time>
					</trkpt>
					<trkpt lat="41.917030" lon="8.709100">
						<ele>264</ele>
						<time>2025-03-20T11:45:02Z</time>
					</trkpt>
					<trkpt lat="41.917030" lon="8.709060">
						<ele>265</ele>
						<time>2025-03-20T11:45:04Z</time>
					</trkpt>
					<trkpt lat="41.917120" lon="8.708990">
						<ele>269</ele>
						<time>2025-03-20T11:45:09Z</time>
					</trkpt>
					<trkpt lat="41.917100" lon="8.708800">
						<ele>271</ele>
						<time>2025-03-20T11:45:16Z</time>
					</trkpt>
					<trkpt lat="41.917230" lon="8.708420">
						<ele>281</ele>
						<time>2025-03-20T11:45:32Z</time>
					</trkpt>
					<trkpt lat="41.917260" lon="8.708390">
						<ele>283</ele>
						<time>2025-03-20T11:45:34Z</time>
					</trkpt>
					<trkpt lat="41.917310" lon="8.708400">
						<ele>284</ele>
						<time>2025-03-20T11:45:36Z</time>
					</trkpt>
					<trkpt lat="41.917340" lon="8.708270">
						<ele>288</ele>
						<time>2025-03-20T11:45:41Z</time>
					</trkpt>
					<trkpt lat="41.917420" lon="8.708230">
						<ele>291</ele>
						<time>2025-03-20T11:45:46Z</time>
					</trkpt>
					<trkpt lat="41.917360" lon="8.708100">
						<ele>293</ele>
						<time>2025-03-20T11:45:51Z</time>
					</trkpt>
					<trkpt lat="41.917430" lon="8.707940">
						<ele>300</ele>
						<time>2025-03-20T11:45:58Z</time>
					</trkpt>
					<trkpt lat="41.917370" lon="8.707890">
						<ele>300</ele>
						<time>2025-03-20T11:46:02Z</time>
					</trkpt>
					<trkpt lat="41.917360" lon="8.707830">
						<ele>301</ele>
						<time>2025-03-20T11:46:04Z</time>
					</trkpt>
					<trkpt lat="41.917450" lon="8.707710">
						<ele>307</ele>
						<time>2025-03-20T11:46:10Z</time>
					</trkpt>
					<trkpt lat="41.917480" lon="8.707600">
						<ele>311</ele>
						<time>2025-03-20T11:46:15Z</time>
					</trkpt>
					<trkpt lat="41.917390" lon="8.707250">
						<ele>317</ele>
						<time>2025-03-20T11:46:29Z</time>
					</trkpt>
					<trkpt lat="41.917130" lon="8.706970">
						<ele>314</ele>
						<time>2025-03-20T11:46:45Z</time>
					</trkpt>
					<trkpt lat="41.917050" lon="8.706850">
						<ele>313</ele>
						<time>2025-03-20T11:46:51Z</time>
					</trkpt>
					<trkpt lat="41.916940" lon="8.706480">
						<ele>311</ele>
						<time>2025-03-20T11:47:06Z</time>
					</trkpt>
					<trkpt lat="41.916920" lon="8.706240">
						<ele>310</ele>
						<time>2025-03-20T11:47:15Z</time>
					</trkpt>
					<trkpt lat="41.917020" lon="8.705900">
						<ele>312</ele>
						<time>2025-03-20T11:47:29Z</time>
					</trkpt>
					<trkpt lat="41.917060" lon="8.705620">
						<ele>311</ele>
						<time>2025-03-20T11:47:39Z</time>
					</trkpt>
					<trkpt lat="41.917190" lon="8.705170">
						<ele>310</ele>
						<time>2025-03-20T11:47:57Z</time>
					</trkpt>
					<trkpt lat="41.917290" lon="8.704400">
						<ele>300</ele>
						<time>2025-03-20T11:48:26Z</time>
					</trkpt>
					<trkpt lat="41.917480" lon="8.704240">
						<ele>306</ele>
						<time>2025-03-20T11:48:38Z</time>
					</trkpt>
					<trkpt lat="41.917700" lon="8.703750">
						<ele>305</ele>
						<time>2025-03-20T11:48:59Z</time>
					</trkpt>
					<trkpt lat="41.917940" lon="8.703420">
						<ele>306</ele>
						<time>2025-03-20T11:49:16Z</time>
					</trkpt>
					<trkpt lat="41.918020" lon="8.703110">
						<ele>307</ele>
						<time>2025-03-20T11:49:28Z</time>
					</trkpt>
					<trkpt lat="41.918150" lon="8.702880">
						<ele>311</ele>
						<time>2025-03-20T11:49:39Z</time>
					</trkpt>
					<trkpt lat="41.918140" lon="8.702760">
						<ele>311</ele>
						<time>2025-03-20T11:49:44Z</time>
					</trkpt>
					<trkpt lat="41.918070" lon="8.702700">
						<ele>309</ele>
						<time>2025-03-20T11:49:48Z</time>
					</trkpt>
					<trkpt lat="41.917810" lon="8.702670">
						<ele>301</ele>
						<time>2025-03-20T11:50:01Z</time>
					</trkpt>
					<trkpt lat="41.917740" lon="8.702620">
						<ele>298</ele>
						<time>2025-03-20T11:50:05Z</time>
					</trkpt>
					<trkpt lat="41.917700" lon="8.702520">
						<ele>297</ele>
						<time>2025-03-20T11:50:09Z</time>
					</trkpt>
					<trkpt lat="41.917660" lon="8.702240">
						<ele>296</ele>
						<time>2025-03-20T11:50:20Z</time>
					</trkpt>
					<trkpt lat="41.917530" lon="8.702020">
						<ele>292</ele>
						<time>2025-03-20T11:50:30Z</time>
					</trkpt>
					<trkpt lat="41.917500" lon="8.701920">
						<ele>291</ele>
						<time>2025-03-20T11:50:34Z</time>
					</trkpt>
					<trkpt lat="41.917510" lon="8.701630">
						<ele>292</ele>
						<time>2025-03-20T11:50:45Z</time>
					</trkpt>
					<trkpt lat="41.917540" lon="8.701510">
						<ele>293</ele>
						<time>2025-03-20T11:50:50Z</time>
					</trkpt>
					<trkpt lat="41.917630" lon="8.701360">
						<ele>297</ele>
						<time>2025-03-20T11:50:57Z</time>
					</trkpt>
					<trkpt lat="41.917650" lon="8.701260">
						<ele>298</ele>
						<time>2025-03-20T11:51:01Z</time>
					</trkpt>
					<trkpt lat="41.917510" lon="8.700700">
						<ele>291</ele>
						<time>2025-03-20T11:51:23Z</time>
					</trkpt>
					<trkpt lat="41.917500" lon="8.700330">
						<ele>293</ele>
						<time>2025-03-20T11:51:36Z</time>
					</trkpt>
					<trkpt lat="41.917360" lon="8.699760">
						<ele>291</ele>
						<time>2025-03-20T11:51:59Z</time>
					</trkpt>
					<trkpt lat="41.917340" lon="8.699560">
						<ele>292</ele>
						<time>2025-03-20T11:52:06Z</time>
					</trkpt>
					<trkpt lat="41.917290" lon="8.699410">
						<ele>291</ele>
						<time>2025-03-20T11:52:12Z</time>
					</trkpt>
					<trkpt lat="41.916860" lon="8.698660">
						<ele>283</ele>
						<time>2025-03-20T11:52:48Z</time>
					</trkpt>
					<trkpt lat="41.916800" lon="8.698590">
						<ele>282</ele>
						<time>2025-03-20T11:52:52Z</time>
					</trkpt>
					<trkpt lat="41.916680" lon="8.698510">
						<ele>278</ele>
						<time>2025-03-20T11:52:58Z</time>
					</trkpt>
					<trkpt lat="41.916490" lon="8.698250">
						<ele>275</ele>
						<time>2025-03-20T11:53:12Z</time>
					</trkpt>
					<trkpt lat="41.916400" lon="8.697990">
						<ele>276</ele>
						<time>2025-03-20T11:53:23Z</time>
					</trkpt>
					<trkpt lat="41.916380" lon="8.697760">
						<ele>280</ele>
						<time>2025-03-20T11:53:31Z</time>
					</trkpt>
					<trkpt lat="41.916270" lon="8.697480">
						<ele>279</ele>
						<time>2025-03-20T11:53:43Z</time>
					</trkpt>
					<trkpt lat="41.916160" lon="8.697370">
						<ele>276</ele>
						<time>2025-03-20T11:53:50Z</time>
					</trkpt>
					<trkpt lat="41.915940" lon="8.697250">
						<ele>268</ele>
						<time>2025-03-20T11:54:02Z</time>
					</trkpt>
					<trkpt lat="41.915810" lon="8.697120">
						<ele>265</ele>
						<time>2025-03-20T11:54:10Z</time>
					</trkpt>
					<trkpt lat="41.915300" lon="8.696080">
						<ele>259</ele>
						<time>2025-03-20T11:54:56Z</time>
					</trkpt>
					<trkpt lat="41.915290" lon="8.695920">
						<ele>260</ele>
						<time>2025-03-20T11:55:02Z</time>
					</trkpt>
					<trkpt lat="41.915410" lon="8.695730">
						<ele>263</ele>
						<time>2025-03-20T11:55:11Z</time>
					</trkpt>
					<trkpt lat="41.915470" lon="8.695580">
						<ele>263</ele>
						<time>2025-03-20T11:55:18Z</time>
					</trkpt>
					<trkpt lat="41.915610" lon="8.695100">
						<ele>263</ele>
						<time>2025-03-20T11:55:37Z</time>
					</trkpt>
					<trkpt lat="41.915640" lon="8.695070">
						<ele>264</ele>
						<time>2025-03-20T11:55:39Z</time>
					</trkpt>
					<trkpt lat="41.915770" lon="8.695080">
						<ele>269</ele>
						<time>2025-03-20T11:55:45Z</time>
					</trkpt>
					<trkpt lat="41.915860" lon="8.694980">
						<ele>270</ele>
						<time>2025-03-20T11:55:51Z</time>
					</trkpt>
					<trkpt lat="41.915970" lon="8.694950">
						<ele>273</ele>
						<time>2025-03-20T11:55:57Z</time>
					</trkpt>
					<trkpt lat="41.916090" lon="8.694780">
						<ele>273</ele>
						<time>2025-03-20T11:56:06Z</time>
					</trkpt>
					<trkpt lat="41.916150" lon="8.694760">
						<ele>275</ele>
						<time>2025-03-20T11:56:09Z</time>
					</trkpt>
					<trkpt lat="41.916240" lon="8.694860">
						<ele>279</ele>
						<time>2025-03-20T11:56:15Z</time>
					</trkpt>
					<trkpt lat="41.916370" lon="8.694850">
						<ele>282</ele>
						<time>2025-03-20T11:56:21Z</time>
					</trkpt>
					<trkpt lat="41.916510" lon="8.694940">
						<ele>288</ele>
						<time>2025-03-20T11:56:29Z</time>
					</trkpt>
					<trkpt lat="41.916700" lon="8.694890">
						<ele>292</ele>
						<time>2025-03-20T11:56:38Z</time>
					</trkpt>
					<trkpt lat="41.916800" lon="8.694830">
						<ele>293</ele>
						<time>2025-03-20T11:56:44Z</time>
					</trkpt>
					<trkpt lat="41.917050" lon="8.694890">
						<ele>302</ele>
						<time>2025-03-20T11:56:57Z</time>
					</trkpt>
					<trkpt lat="41.917140" lon="8.694880">
						<ele>304</ele>
						<time>2025-03-20T11:57:01Z</time>
					</trkpt>
					<trkpt lat="41.917400" lon="8.694670">
						<ele>307</ele>
						<time>2025-03-20T11:57:16Z</time>
					</trkpt>
					<trkpt lat="41.917600" lon="8.694470">
						<ele>308</ele>
						<time>2025-03-20T11:57:29Z</time>
					</trkpt>
					<trkpt lat="41.917740" lon="8.694390">
						<ele>311</ele>
						<time>2025-03-20T11:57:36Z</time>
					</trkpt>
					<trkpt lat="41.917820" lon="8.694380">
						<ele>314</ele>
						<time>2025-03-20T11:57:40Z</time>
					</trkpt>
					<trkpt lat="41.917870" lon="8.694340">
						<ele>314</ele>
						<time>2025-03-20T11:57:43Z</time>
					</trkpt>
					<trkpt lat="41.918180" lon="8.694230">
						<ele>322</ele>
						<time>2025-03-20T11:57:59Z</time>
					</trkpt>
					<trkpt lat="41.918330" lon="8.694080">
						<ele>322</ele>
						<time>2025-03-20T11:58:09Z</time>
					</trkpt>
					<trkpt lat="41.918390" lon="8.694080">
						<ele>324</ele>
						<time>2025-03-20T11:58:12Z</time>
					</trkpt>
					<trkpt lat="41.918460" lon="8.694160">
						<ele>329</ele>
						<time>2025-03-20T11:58:16Z</time>
					</trkpt>
					<trkpt lat="41.918600" lon="8.694210">
						<ele>335</ele>
						<time>2025-03-20T11:58:24Z</time>
					</trkpt>
					<trkpt lat="41.918630" lon="8.694280">
						<ele>338</ele>
						<time>2025-03-20T11:58:27Z</time>
					</trkpt>
					<trkpt lat="41.918690" lon="8.694300">
						<ele>340</ele>
						<time>2025-03-20T11:58:30Z</time>
					</trkpt>
					<trkpt lat="41.918780" lon="8.694460">
						<ele>347</ele>
						<time>2025-03-20T11:58:37Z</time>
					</trkpt>
					<trkpt lat="41.918880" lon="8.694440">
						<ele>350</ele>
						<time>2025-03-20T11:58:42Z</time>
					</trkpt>
					<trkpt lat="41.918960" lon="8.694460">
						<ele>353</ele>
						<time>2025-03-20T11:58:46Z</time>
					</trkpt>
					<trkpt lat="41.919020" lon="8.694430">
						<ele>355</ele>
						<time>2025-03-20T11:58:50Z</time>
					</trkpt>
					<trkpt lat="41.919130" lon="8.694310">
						<ele>355</ele>
						<time>2025-03-20T11:58:57Z</time>
					</trkpt>
					<trkpt lat="41.919360" lon="8.694270">
						<ele>361</ele>
						<time>2025-03-20T11:59:08Z</time>
					</trkpt>
					<trkpt lat="41.919410" lon="8.694280">
						<ele>362</ele>
						<time>2025-03-20T11:59:11Z</time>
					</trkpt>
					<trkpt lat="41.919450" lon="8.694330">
						<ele>364</ele>
						<time>2025-03-20T11:59:14Z</time>
					</trkpt>
					<trkpt lat="41.919540" lon="8.694340">
						<ele>367</ele>
						<time>2025-03-20T11:59:18Z</time>
					</trkpt>
					<trkpt lat="41.919670" lon="8.694330">
						<ele>370</ele>
						<time>2025-03-20T11:59:25Z</time>
					</trkpt>
					<trkpt lat="41.919790" lon="8.694250">
						<ele>371</ele>
						<time>2025-03-20T11:59:31Z</time>
					</trkpt>
					<trkpt lat="41.919840" lon="8.694250">
						<ele>373</ele>
						<time>2025-03-20T11:59:34Z</time>
					</trkpt>
					<trkpt lat="41.920010" lon="8.694350">
						<ele>379</ele>
						<time>2025-03-20T11:59:43Z</time>
					</trkpt>
					<trkpt lat="41.920090" lon="8.694530">
						<ele>384</ele>
						<time>2025-03-20T11:59:51Z</time>
					</trkpt>
					<trkpt lat="41.920020" lon="8.694650">
						<ele>386</ele>
						<time>2025-03-20T11:59:57Z</time>
					</trkpt>
					<trkpt lat="41.920030" lon="8.694690">
						<ele>387</ele>
						<time>2025-03-20T11:59:58Z</time>
					</trkpt>
					<trkpt lat="41.920140" lon="8.694810">
						<ele>390</ele>
						<time>2025-03-20T12:00:05Z</time>
					</trkpt>
					<trkpt lat="41.920270" lon="8.694800">
						<ele>391</ele>
						<time>2025-03-20T12:00:12Z</time>
					</trkpt>
					<trkpt lat="41.920320" lon="8.694830">
						<ele>391</ele>
						<time>2025-03-20T12:00:14Z</time>
					</trkpt>
					<trkpt lat="41.920320" lon="8.694900">
						<ele>393</ele>
						<time>2025-03-20T12:00:17Z</time>
					</trkpt>
					<trkpt lat="41.920260" lon="8.694990">
						<ele>394</ele>
						<time>2025-03-20T12:00:22Z</time>
					</trkpt>
					<trkpt lat="41.920280" lon="8.695120">
						<ele>396</ele>
						<time>2025-03-20T12:00:26Z</time>
					</trkpt>
					<trkpt lat="41.920260" lon="8.695210">
						<ele>398</ele>
						<time>2025-03-20T12:00:30Z</time>
					</trkpt>
					<trkpt lat="41.920280" lon="8.695300">
						<ele>399</ele>
						<time>2025-03-20T12:00:33Z</time>
					</trkpt>
					<trkpt lat="41.920270" lon="8.695430">
						<ele>401</ele>
						<time>2025-03-20T12:00:38Z</time>
					</trkpt>
					<trkpt lat="41.920320" lon="8.695470">
						<ele>402</ele>
						<time>2025-03-20T12:00:41Z</time>
					</trkpt>
					<trkpt lat="41.920330" lon="8.695520">
						<ele>403</ele>
						<time>2025-03-20T12:00:43Z</time>
					</trkpt>
					<trkpt lat="41.920290" lon="8.695630">
						<ele>404</ele>
						<time>2025-03-20T12:00:48Z</time>
					</trkpt>
					<trkpt lat="41.920210" lon="8.695730">
						<ele>406</ele>
						<time>2025-03-20T12:00:53Z</time>
					</trkpt>
					<trkpt lat="41.920130" lon="8.696050">
						<ele>410</ele>
						<time>2025-03-20T12:01:06Z</time>
					</trkpt>
					<trkpt lat="41.920000" lon="8.696400">
						<ele>412</ele>
						<time>2025-03-20T12:01:20Z</time>
					</trkpt>
					<trkpt lat="41.920060" lon="8.696420">
						<ele>413</ele>
						<time>2025-03-20T12:01:23Z</time>
					</trkpt>
					<trkpt lat="41.920120" lon="8.696490">
						<ele>413</ele>
						<time>2025-03-20T12:01:27Z</time>
					</trkpt>
					<trkpt lat="41.920170" lon="8.696500">
						<ele>413</ele>
						<time>2025-03-20T12:01:30Z</time>
					</trkpt>
					<trkpt lat="41.920230" lon="8.696580">
						<ele>414</ele>
						<time>2025-03-20T12:01:34Z</time>
					</trkpt>
					<trkpt lat="41.920320" lon="8.697000">
						<ele>413</ele>
						<time>2025-03-20T12:01:50Z</time>
					</trkpt>
					<trkpt lat="41.920330" lon="8.697150">
						<ele>413</ele>
						<time>2025-03-20T12:01:56Z</time>
					</trkpt>
					<trkpt lat="41.920420" lon="8.697200">
						<ele>413</ele>
						<time>2025-03-20T12:02:01Z</time>
					</trkpt>
					<trkpt lat="41.920520" lon="8.697390">
						<ele>412</ele>
						<time>2025-03-20T12:02:10Z</time>
					</trkpt>
					<trkpt lat="41.920570" lon="8.697720">
						<ele>411</ele>
						<time>2025-03-20T12:02:22Z</time>
					</trkpt>
					<trkpt lat="41.920610" lon="8.697790">
						<ele>410</ele>
						<time>2025-03-20T12:02:25Z</time>
					</trkpt>
					<trkpt lat="41.920600" lon="8.698250">
						<ele>408</ele>
						<time>2025-03-20T12:02:43Z</time>
					</trkpt>
					<trkpt lat="41.920620" lon="8.698380">
						<ele>408</ele>
						<time>2025-03-20T12:02:48Z</time>
					</trkpt>
					<trkpt lat="41.920680" lon="8.698540">
						<ele>410</ele>
						<time>2025-03-20T12:02:54Z</time>
					</trkpt>
					<trkpt lat="41.920690" lon="8.698810">
						<ele>411</ele>
						<time>2025-03-20T12:03:04Z</time>
					</trkpt>
					<trkpt lat="41.920750" lon="8.698870">
						<ele>413</ele>
						<time>2025-03-20T12:03:08Z</time>
					</trkpt>
					<trkpt lat="41.920890" lon="8.698930">
						<ele>413</ele>
						<time>2025-03-20T12:03:15Z</time>
					</trkpt>
					<trkpt lat="41.920940" lon="8.699160">
						<ele>414</ele>
						<time>2025-03-20T12:03:24Z</time>
					</trkpt>
					<trkpt lat="41.920980" lon="8.699230">
						<ele>413</ele>
						<time>2025-03-20T12:03:28Z</time>
					</trkpt>
					<trkpt lat="41.921070" lon="8.699310">
						<ele>412</ele>
						<time>2025-03-20T12:03:33Z</time>
					</trkpt>
					<trkpt lat="41.921090" lon="8.699470">
						<ele>411</ele>
						<time>2025-03-20T12:03:39Z</time>
					</trkpt>
					<trkpt lat="41.921190" lon="8.699550">
						<ele>409</ele>
						<time>2025-03-20T12:03:45Z</time>
					</trkpt>
					<trkpt lat="41.921270" lon="8.699890">
						<ele>408</ele>
						<time>2025-03-20T12:03:58Z</time>
					</trkpt>
					<trkpt lat="41.921320" lon="8.699940">
						<ele>408</ele>
						<time>2025-03-20T12:04:01Z</time>
					</trkpt>
					<trkpt lat="41.921420" lon="8.699980">
						<ele>407</ele>
						<time>2025-03-20T12:04:06Z</time>
					</trkpt>
					<trkpt lat="41.921550" lon="8.699880">
						<ele>405</ele>
						<time>2025-03-20T12:04:14Z</time>
					</trkpt>
					<trkpt lat="41.921590" lon="8.699950">
						<ele>405</ele>
						<time>2025-03-20T12:04:17Z</time>
					</trkpt>
					<trkpt lat="41.921600" lon="8.700120">
						<ele>403</ele>
						<time>2025-03-20T12:04:24Z</time>
					</trkpt>
					<trkpt lat="41.921700" lon="8.700140">
						<ele>401</ele>
						<time>2025-03-20T12:04:29Z</time>
					</trkpt>
					<trkpt lat="41.921730" lon="8.700140">
						<ele>400</ele>
						<time>2025-03-20T12:04:30Z</time>
					</trkpt>
					<trkpt lat="41.921750" lon="8.700070">
						<ele>400</ele>
						<time>2025-03-20T12:04:33Z</time>
					</trkpt>
					<trkpt lat="41.921770" lon="8.699630">
						<ele>399</ele>
						<time>2025-03-20T12:04:49Z</time>
					</trkpt>
					<trkpt lat="41.921730" lon="8.699430">
						<ele>399</ele>
						<time>2025-03-20T12:04:57Z</time>
					</trkpt>
					<trkpt lat="41.921710" lon="8.699120">
						<ele>399</ele>
						<time>2025-03-20T12:05:09Z</time>
					</trkpt>
					<trkpt lat="41.921540" lon="8.698630">
						<ele>397</ele>
						<time>2025-03-20T12:05:29Z</time>
					</trkpt>
					<trkpt lat="41.921520" lon="8.698280">
						<ele>393</ele>
						<time>2025-03-20T12:05:42Z</time>
					</trkpt>
					<trkpt lat="41.921450" lon="8.697850">
						<ele>394</ele>
						<time>2025-03-20T12:05:58Z</time>
					</trkpt>
					<trkpt lat="41.921530" lon="8.697470">
						<ele>390</ele>
						<time>2025-03-20T12:06:13Z</time>
					</trkpt>
					<trkpt lat="41.921510" lon="8.696840">
						<ele>392</ele>
						<time>2025-03-20T12:06:36Z</time>
					</trkpt>
					<trkpt lat="41.921540" lon="8.696470">
						<ele>389</ele>
						<time>2025-03-20T12:06:50Z</time>
					</trkpt>
					<trkpt lat="41.921430" lon="8.696050">
						<ele>390</ele>
						<time>2025-03-20T12:07:07Z</time>
					</trkpt>
					<trkpt lat="41.921360" lon="8.695590">
						<ele>389</ele>
						<time>2025-03-20T12:07:24Z</time>
					</trkpt>
					<trkpt lat="41.921400" lon="8.695260">
						<ele>386</ele>
						<time>2025-03-20T12:07:37Z</time>
					</trkpt>
					<trkpt lat="41.921420" lon="8.694790">
						<ele>384</ele>
						<time>2025-03-20T12:07:54Z</time>
					</trkpt>
					<trkpt lat="41.921490" lon="8.694590">
						<ele>382</ele>
						<time>2025-03-20T12:08:03Z</time>
					</trkpt>
					<trkpt lat="41.921520" lon="8.694190">
						<ele>380</ele>
						<time>2025-03-20T12:08:17Z</time>
					</trkpt>
					<trkpt lat="41.921510" lon="8.693920">
						<ele>380</ele>
						<time>2025-03-20T12:08:28Z</time>
					</trkpt>
					<trkpt lat="41.921630" lon="8.693690">
						<ele>380</ele>
						<time>2025-03-20T12:08:38Z</time>
					</trkpt>
					<trkpt lat="41.921700" lon="8.693490">
						<ele>379</ele>
						<time>2025-03-20T12:08:46Z</time>
					</trkpt>
					<trkpt lat="41.921840" lon="8.692940">
						<ele>378</ele>
						<time>2025-03-20T12:09:08Z</time>
					</trkpt>
					<trkpt lat="41.921840" lon="8.692660">
						<ele>378</ele>
						<time>2025-03-20T12:09:18Z</time>
					</trkpt>
					<trkpt lat="41.921880" lon="8.692570">
						<ele>378</ele>
						<time>2025-03-20T12:09:22Z</time>
					</trkpt>
					<trkpt lat="41.921910" lon="8.692580">
						<ele>378</ele>
						<time>2025-03-20T12:09:24Z</time>
					</trkpt>
					<trkpt lat="41.921990" lon="8.692720">
						<ele>377</ele>
						<time>2025-03-20T12:09:30Z</time>
					</trkpt>
					<trkpt lat="41.922030" lon="8.693190">
						<ele>375</ele>
						<time>2025-03-20T12:09:48Z</time>
					</trkpt>
					<trkpt lat="41.922120" lon="8.693320">
						<ele>373</ele>
						<time>2025-03-20T12:09:55Z</time>
					</trkpt>
					<trkpt lat="41.922150" lon="8.693420">
						<ele>372</ele>
						<time>2025-03-20T12:09:59Z</time>
					</trkpt>
					<trkpt lat="41.922080" lon="8.693940">
						<ele>370</ele>
						<time>2025-03-20T12:10:18Z</time>
					</trkpt>
					<trkpt lat="41.922130" lon="8.693960">
						<ele>369</ele>
						<time>2025-03-20T12:10:21Z</time>
					</trkpt>
					<trkpt lat="41.922200" lon="8.693940">
						<ele>368</ele>
						<time>2025-03-20T12:10:24Z</time>
					</trkpt>
					<trkpt lat="41.922510" lon="8.693770">
						<ele>362</ele>
						<time>2025-03-20T12:10:41Z</time>
					</trkpt>
					<trkpt lat="41.922460" lon="8.694020">
						<ele>361</ele>
						<time>2025-03-20T12:10:51Z</time>
					</trkpt>
					<trkpt lat="41.922510" lon="8.694120">
						<ele>359</ele>
						<time>2025-03-20T12:10:55Z</time>
					</trkpt>
					<trkpt lat="41.922890" lon="8.694280">
						<ele>346</ele>
						<time>2025-03-20T12:11:15Z</time>
					</trkpt>
					<trkpt lat="41.923030" lon="8.694370">
						<ele>341</ele>
						<time>2025-03-20T12:11:23Z</time>
					</trkpt>
					<trkpt lat="41.923160" lon="8.694490">
						<ele>337</ele>
						<time>2025-03-20T12:11:31Z</time>
					</trkpt>
					<trkpt lat="41.923230" lon="8.694640">
						<ele>335</ele>
						<time>2025-03-20T12:11:38Z</time>
					</trkpt>
					<trkpt lat="41.923350" lon="8.695050">
						<ele>332</ele>
						<time>2025-03-20T12:11:54Z</time>
					</trkpt>
					<trkpt lat="41.923450" lon="8.695290">
						<ele>327</ele>
						<time>2025-03-20T12:12:04Z</time>
					</trkpt>
					<trkpt lat="41.923470" lon="8.695450">
						<ele>325</ele>
						<time>2025-03-20T12:12:10Z</time>
					</trkpt>
					<trkpt lat="41.923430" lon="8.695620">
						<ele>325</ele>
						<time>2025-03-20T12:12:17Z</time>
					</trkpt>
					<trkpt lat="41.923400" lon="8.695650">
						<ele>326</ele>
						<time>2025-03-20T12:12:19Z</time>
					</trkpt>
					<trkpt lat="41.923310" lon="8.695670">
						<ele>328</ele>
						<time>2025-03-20T12:12:23Z</time>
					</trkpt>
					<trkpt lat="41.923250" lon="8.695750">
						<ele>329</ele>
						<time>2025-03-20T12:12:28Z</time>
					</trkpt>
					<trkpt lat="41.923230" lon="8.695860">
						<ele>328</ele>
						<time>2025-03-20T12:12:32Z</time>
					</trkpt>
					<trkpt lat="41.923240" lon="8.696030">
						<ele>326</ele>
						<time>2025-03-20T12:12:38Z</time>
					</trkpt>
					<trkpt lat="41.923290" lon="8.696160">
						<ele>323</ele>
						<time>2025-03-20T12:12:44Z</time>
					</trkpt>
					<trkpt lat="41.923360" lon="8.696190">
						<ele>321</ele>
						<time>2025-03-20T12:12:47Z</time>
					</trkpt>
					<trkpt lat="41.923390" lon="8.696180">
						<ele>320</ele>
						<time>2025-03-20T12:12:49Z</time>
					</trkpt>
					<trkpt lat="41.923440" lon="8.696220">
						<ele>318</ele>
						<time>2025-03-20T12:12:52Z</time>
					</trkpt>
					<trkpt lat="41.923520" lon="8.696370">
						<ele>314</ele>
						<time>2025-03-20T12:12:59Z</time>
					</trkpt>
					<trkpt lat="41.923580" lon="8.696750">
						<ele>308</ele>
						<time>2025-03-20T12:13:13Z</time>
					</trkpt>
					<trkpt lat="41.923560" lon="8.697140">
						<ele>307</ele>
						<time>2025-03-20T12:13:28Z</time>
					</trkpt>
					<trkpt lat="41.923580" lon="8.697390">
						<ele>306</ele>
						<time>2025-03-20T12:13:37Z</time>
					</trkpt>
					<trkpt lat="41.923640" lon="8.697550">
						<ele>303</ele>
						<time>2025-03-20T12:13:44Z</time>
					</trkpt>
					<trkpt lat="41.923990" lon="8.698130">
						<ele>294</ele>
						<time>2025-03-20T12:14:11Z</time>
					</trkpt>
					<trkpt lat="41.924080" lon="8.698360">
						<ele>292</ele>
						<time>2025-03-20T12:14:21Z</time>
					</trkpt>
					<trkpt lat="41.924350" lon="8.699540">
						<ele>284</ele>
						<time>2025-03-20T12:15:07Z</time>
					</trkpt>
					<trkpt lat="41.924400" lon="8.699880">
						<ele>283</ele>
						<time>2025-03-20T12:15:20Z</time>
					</trkpt>
					<trkpt lat="41.924390" lon="8.699940">
						<ele>284</ele>
						<time>2025-03-20T12:15:22Z</time>
					</trkpt>
					<trkpt lat="41.924500" lon="8.700090">
						<ele>278</ele>
						<time>2025-03-20T12:15:30Z</time>
					</trkpt>
					<trkpt lat="41.924520" lon="8.700080">
						<ele>277</ele>
						<time>2025-03-20T12:15:31Z</time>
					</trkpt>
					<trkpt lat="41.924500" lon="8.699990">
						<ele>279</ele>
						<time>2025-03-20T12:15:35Z</time>
					</trkpt>
					<trkpt lat="41.924520" lon="8.699890">
						<ele>277</ele>
						<time>2025-03-20T12:15:38Z</time>
					</trkpt>
					<trkpt lat="41.924590" lon="8.699760">
						<ele>273</ele>
						<time>2025-03-20T12:15:44Z</time>
					</trkpt>
					<trkpt lat="41.924600" lon="8.699670">
						<ele>272</ele>
						<time>2025-03-20T12:15:48Z</time>
					</trkpt>
					<trkpt lat="41.924600" lon="8.699440">
						<ele>271</ele>
						<time>2025-03-20T12:15:56Z</time>
					</trkpt>
					<trkpt lat="41.924550" lon="8.699120">
						<ele>272</ele>
						<time>2025-03-20T12:16:09Z</time>
					</trkpt>
					<trkpt lat="41.924560" lon="8.698840">
						<ele>271</ele>
						<time>2025-03-20T12:16:19Z</time>
					</trkpt>
					<trkpt lat="41.924730" lon="8.698280">
						<ele>264</ele>
						<time>2025-03-20T12:16:42Z</time>
					</trkpt>
					<trkpt lat="41.924770" lon="8.697960">
						<ele>265</ele>
						<time>2025-03-20T12:16:54Z</time>
					</trkpt>
					<trkpt lat="41.924800" lon="8.697880">
						<ele>265</ele>
						<time>2025-03-20T12:16:57Z</time>
					</trkpt>
					<trkpt lat="41.924900" lon="8.697810">
						<ele>262</ele>
						<time>2025-03-20T12:17:03Z</time>
					</trkpt>
					<trkpt lat="41.925150" lon="8.697730">
						<ele>257</ele>
						<time>2025-03-20T12:17:15Z</time>
					</trkpt>
					<trkpt lat="41.925360" lon="8.697770">
						<ele>252</ele>
						<time>2025-03-20T12:17:26Z</time>
					</trkpt>
					<trkpt lat="41.925430" lon="8.697740">
						<ele>251</ele>
						<time>2025-03-20T12:17:30Z</time>
					</trkpt>
					<trkpt lat="41.925540" lon="8.697770">
						<ele>248</ele>
						<time>2025-03-20T12:17:35Z</time>
					</trkpt>
					<trkpt lat="41.925700" lon="8.697730">
						<ele>245</ele>
						<time>2025-03-20T12:17:44Z</time>
					</trkpt>
					<trkpt lat="41.925870" lon="8.697610">
						<ele>243</ele>
						<time>2025-03-20T12:17:53Z</time>
					</trkpt>
					<trkpt lat="41.926110" lon="8.697390">
						<ele>237</ele>
						<time>2025-03-20T12:18:08Z</time>
					</trkpt>
					<trkpt lat="41.926230" lon="8.697180">
						<ele>234</ele>
						<time>2025-03-20T12:18:18Z</time>
					</trkpt>
					<trkpt lat="41.926230" lon="8.696940">
						<ele>234</ele>
						<time>2025-03-20T12:18:26Z</time>
					</trkpt>
					<trkpt lat="41.926270" lon="8.696690">
						<ele>233</ele>
						<time>2025-03-20T12:18:36Z</time>
					</trkpt>
					<trkpt lat="41.926250" lon="8.696570">
						<ele>235</ele>
						<time>2025-03-20T12:18:41Z</time>
					</trkpt>
					<trkpt lat="41.926290" lon="8.696240">
						<ele>237</ele>
						<time>2025-03-20T12:18:53Z</time>
					</trkpt>
					<trkpt lat="41.926340" lon="8.696070">
						<ele>237</ele>
						<time>2025-03-20T12:19:00Z</time>
					</trkpt>
					<trkpt lat="41.926390" lon="8.696020">
						<ele>235</ele>
						<time>2025-03-20T12:19:03Z</time>
					</trkpt>
					<trkpt lat="41.926450" lon="8.696080">
						<ele>232</ele>
						<time>2025-03-20T12:19:07Z</time>
					</trkpt>
					<trkpt lat="41.926550" lon="8.696080">
						<ele>228</ele>
						<time>2025-03-20T12:19:12Z</time>
					</trkpt>
					<trkpt lat="41.926660" lon="8.696280">
						<ele>221</ele>
						<time>2025-03-20T12:19:21Z</time>
					</trkpt>
					<trkpt lat="41.926710" lon="8.696330">
						<ele>218</ele>
						<time>2025-03-20T12:19:24Z</time>
					</trkpt>
					<trkpt lat="41.926830" lon="8.696300">
						<ele>212</ele>
						<time>2025-03-20T12:19:30Z</time>
					</trkpt>
					<trkpt lat="41.927210" lon="8.695970">
						<ele>195</ele>
						<time>2025-03-20T12:19:53Z</time>
					</trkpt>
					<trkpt lat="41.927290" lon="8.696180">
						<ele>189</ele>
						<time>2025-03-20T12:20:02Z</time>
					</trkpt>
					<trkpt lat="41.927340" lon="8.696220">
						<ele>186</ele>
						<time>2025-03-20T12:20:04Z</time>
					</trkpt>
					<trkpt lat="41.927550" lon="8.696140">
						<ele>176</ele>
						<time>2025-03-20T12:20:15Z</time>
					</trkpt>
					<trkpt lat="41.927630" lon="8.696140">
						<ele>173</ele>
						<time>2025-03-20T12:20:19Z</time>
					</trkpt>
					<trkpt lat="41.927640" lon="8.696110">
						<ele>173</ele>
						<time>2025-03-20T12:20:21Z</time>
					</trkpt>
					<trkpt lat="41.927490" lon="8.695700">
						<ele>183</ele>
						<time>2025-03-20T12:20:38Z</time>
					</trkpt>
					<trkpt lat="41.927460" lon="8.695460">
						<ele>186</ele>
						<time>2025-03-20T12:20:47Z</time>
					</trkpt>
					<trkpt lat="41.927380" lon="8.695320">
						<ele>191</ele>
						<time>2025-03-20T12:20:53Z</time>
					</trkpt>
					<trkpt lat="41.927260" lon="8.694750">
						<ele>197</ele>
						<time>2025-03-20T12:21:15Z</time>
					</trkpt>
					<trkpt lat="41.927210" lon="8.694620">
						<ele>197</ele>
						<time>2025-03-20T12:21:21Z</time>
					</trkpt>
					<trkpt lat="41.926980" lon="8.694340">
						<ele>204</ele>
						<time>2025-03-20T12:21:36Z</time>
					</trkpt>
					<trkpt lat="41.926830" lon="8.694220">
						<ele>209</ele>
						<time>2025-03-20T12:21:45Z</time>
					</trkpt>
					<trkpt lat="41.926750" lon="8.694110">
						<ele>211</ele>
						<time>2025-03-20T12:21:51Z</time>
					</trkpt>
					<trkpt lat="41.926570" lon="8.694010">
						<ele>216</ele>
						<time>2025-03-20T12:22:01Z</time>
					</trkpt>
					<trkpt lat="41.926370" lon="8.693750">
						<ele>219</ele>
						<time>2025-03-20T12:22:14Z</time>
					</trkpt>
					<trkpt lat="41.926260" lon="8.693690">
						<ele>222</ele>
						<time>2025-03-20T12:22:20Z</time>
					</trkpt>
					<trkpt lat="41.926070" lon="8.693680">
						<ele>230</ele>
						<time>2025-03-20T12:22:30Z</time>
					</trkpt>
					<trkpt lat="41.925770" lon="8.693470">
						<ele>238</ele>
						<time>2025-03-20T12:22:47Z</time>
					</trkpt>
					<trkpt lat="41.925710" lon="8.693380">
						<ele>239</ele>
						<time>2025-03-20T12:22:51Z</time>
					</trkpt>
					<trkpt lat="41.925640" lon="8.693090">
						<ele>242</ele>
						<time>2025-03-20T12:23:03Z</time>
					</trkpt>
					<trkpt lat="41.925650" lon="8.692980">
						<ele>241</ele>
						<time>2025-03-20T12:23:07Z</time>
					</trkpt>
					<trkpt lat="41.925700" lon="8.692900">
						<ele>239</ele>
						<time>2025-03-20T12:23:11Z</time>
					</trkpt>
					<trkpt lat="41.925600" lon="8.692890">
						<ele>244</ele>
						<time>2025-03-20T12:23:16Z</time>
					</trkpt>
					<trkpt lat="41.925610" lon="8.692770">
						<ele>243</ele>
						<time>2025-03-20T12:23:20Z</time>
					</trkpt>
					<trkpt lat="41.925550" lon="8.692810">
						<ele>246</ele>
						<time>2025-03-20T12:23:24Z</time>
					</trkpt>
					<trkpt lat="41.925520" lon="8.692800">
						<ele>248</ele>
						<time>2025-03-20T12:23:25Z</time>
					</trkpt>
					<trkpt lat="41.925490" lon="8.692610">
						<ele>250</ele>
						<time>2025-03-20T12:23:32Z</time>
					</trkpt>
					<trkpt lat="41.925370" lon="8.692470">
						<ele>256</ele>
						<time>2025-03-20T12:23:40Z</time>
					</trkpt>
					<trkpt lat="41.925300" lon="8.691990">
						<ele>262</ele>
						<time>2025-03-20T12:23:59Z</time>
					</trkpt>
					<trkpt lat="41.925110" lon="8.691470">
						<ele>276</ele>
						<time>2025-03-20T12:24:20Z</time>
					</trkpt>
					<trkpt lat="41.925020" lon="8.691490">
						<ele>280</ele>
						<time>2025-03-20T12:24:25Z</time>
					</trkpt>
					<trkpt lat="41.924970" lon="8.691420">
						<ele>283</ele>
						<time>2025-03-20T12:24:28Z</time>
					</trkpt>
					<trkpt lat="41.925020" lon="8.691220">
						<ele>285</ele>
						<time>2025-03-20T12:24:36Z</time>
					</trkpt>
					<trkpt lat="41.924880" lon="8.691310">
						<ele>290</ele>
						<time>2025-03-20T12:24:44Z</time>
					</trkpt>
					<trkpt lat="41.924720" lon="8.691330">
						<ele>298</ele>
						<time>2025-03-20T12:24:52Z</time>
					</trkpt>
					<trkpt lat="41.924610" lon="8.691450">
						<ele>301</ele>
						<time>2025-03-20T12:24:59Z</time>
					</trkpt>
					<trkpt lat="41.924460" lon="8.691500">
						<ele>308</ele>
						<time>2025-03-20T12:25:07Z</time>
					</trkpt>
					<trkpt lat="41.924420" lon="8.691540">
						<ele>310</ele>
						<time>2025-03-20T12:25:09Z</time>
					</trkpt>
					<trkpt lat="41.924390" lon="8.691530">
						<ele>311</ele>
						<time>2025-03-20T12:25:11Z</time>
					</trkpt>
					<trkpt lat="41.924330" lon="8.691380">
						<ele>317</ele>
						<time>2025-03-20T12:25:17Z</time>
					</trkpt>
					<trkpt lat="41.924280" lon="8.691340">
						<ele>320</ele>
						<time>2025-03-20T12:25:20Z</time>
					</trkpt>
					<trkpt lat="41.924220" lon="8.691530">
						<ele>320</ele>
						<time>2025-03-20T12:25:28Z</time>
					</trkpt>
					<trkpt lat="41.924180" lon="8.691360">
						<ele>325</ele>
						<time>2025-03-20T12:25:34Z</time>
					</trkpt>
					<trkpt lat="41.924200" lon="8.691100">
						<ele>328</ele>
						<time>2025-03-20T12:25:44Z</time>
					</trkpt>
					<trkpt lat="41.924160" lon="8.691090">
						<ele>330</ele>
						<time>2025-03-20T12:25:46Z</time>
					</trkpt>
					<trkpt lat="41.924110" lon="8.691120">
						<ele>331</ele>
						<time>2025-03-20T12:25:49Z</time>
					</trkpt>
					<trkpt lat="41.924030" lon="8.691250">
						<ele>333</ele>
						<time>2025-03-20T12:25:55Z</time>
					</trkpt>
					<trkpt lat="41.923970" lon="8.691270">
						<ele>336</ele>
						<time>2025-03-20T12:25:58Z</time>
					</trkpt>
					<trkpt lat="41.923930" lon="8.691190">
						<ele>339</ele>
						<time>2025-03-20T12:26:02Z</time>
					</trkpt>
					<trkpt lat="41.923930" lon="8.691040">
						<ele>341</ele>
						<time>2025-03-20T12:26:07Z</time>
					</trkpt>
					<trkpt lat="41.923870" lon="8.691050">
						<ele>343</ele>
						<time>2025-03-20T12:26:10Z</time>
					</trkpt>
					<trkpt lat="41.923840" lon="8.691030">
						<ele>345</ele>
						<time>2025-03-20T12:26:12Z</time>
					</trkpt>
					<trkpt lat="41.923830" lon="8.690980">
						<ele>346</ele>
						<time>2025-03-20T12:26:14Z</time>
					</trkpt>
					<trkpt lat="41.923860" lon="8.690930">
						<ele>345</ele>
						<time>2025-03-20T12:26:16Z</time>
					</trkpt>
					<trkpt lat="41.924040" lon="8.690710">
						<ele>340</ele>
						<time>2025-03-20T12:26:29Z</time>
					</trkpt>
					<trkpt lat="41.924240" lon="8.690100">
						<ele>338</ele>
						<time>2025-03-20T12:26:53Z</time>
					</trkpt>
					<trkpt lat="41.924270" lon="8.689850">
						<ele>340</ele>
						<time>2025-03-20T12:27:03Z</time>
					</trkpt>
					<trkpt lat="41.924550" lon="8.689500">
						<ele>334</ele>
						<time>2025-03-20T12:27:22Z</time>
					</trkpt>
					<trkpt lat="41.924810" lon="8.689280">
						<ele>327</ele>
						<time>2025-03-20T12:27:37Z</time>
					</trkpt>
					<trkpt lat="41.925020" lon="8.689040">
						<ele>322</ele>
						<time>2025-03-20T12:27:51Z</time>
					</trkpt>
					<trkpt lat="41.925060" lon="8.688960">
						<ele>321</ele>
						<time>2025-03-20T12:27:55Z</time>
					</trkpt>
					<trkpt lat="41.925010" lon="8.688860">
						<ele>324</ele>
						<time>2025-03-20T12:27:59Z</time>
					</trkpt>
					<trkpt lat="41.924860" lon="8.688820">
						<ele>330</ele>
						<time>2025-03-20T12:28:07Z</time>
					</trkpt>
					<trkpt lat="41.924750" lon="8.688680">
						<ele>336</ele>
						<time>2025-03-20T12:28:14Z</time>
					</trkpt>
					<trkpt lat="41.924650" lon="8.688680">
						<ele>340</ele>
						<time>2025-03-20T12:28:19Z</time>
					</trkpt>
					<trkpt lat="41.924590" lon="8.688640">
						<ele>343</ele>
						<time>2025-03-20T12:28:23Z</time>
					</trkpt>
					<trkpt lat="41.924380" lon="8.688610">
						<ele>352</ele>
						<time>2025-03-20T12:28:33Z</time>
					</trkpt>
					<trkpt lat="41.924330" lon="8.688470">
						<ele>356</ele>
						<time>2025-03-20T12:28:39Z</time>
					</trkpt>
					<trkpt lat="41.924280" lon="8.688420">
						<ele>359</ele>
						<time>2025-03-20T12:28:42Z</time>
					</trkpt>
					<trkpt lat="41.924210" lon="8.688150">
						<ele>363</ele>
						<time>2025-03-20T12:28:53Z</time>
					</trkpt>
					<trkpt lat="41.924170" lon="8.688100">
						<ele>365</ele>
						<time>2025-03-20T12:28:56Z</time>
					</trkpt>
					<trkpt lat="41.924120" lon="8.688090">
						<ele>367</ele>
						<time>2025-03-20T12:28:58Z</time>
					</trkpt>
					<trkpt lat="41.923850" lon="8.688580">
						<ele>374</ele>
						<time>2025-03-20T12:29:21Z</time>
					</trkpt>
					<trkpt lat="41.923560" lon="8.688890">
						<ele>379</ele>
						<time>2025-03-20T12:29:39Z</time>
					</trkpt>
					<trkpt lat="41.923270" lon="8.689340">
						<ele>382</ele>
						<time>2025-03-20T12:30:02Z</time>
					</trkpt>
					<trkpt lat="41.923130" lon="8.689470">
						<ele>382</ele>
						<time>2025-03-20T12:30:10Z</time>
					</trkpt>
					<trkpt lat="41.922820" lon="8.689600">
						<ele>385</ele>
						<time>2025-03-20T12:30:26Z</time>
					</trkpt>
					<trkpt lat="41.922680" lon="8.689530">
						<ele>388</ele>
						<time>2025-03-20T12:30:34Z</time>
					</trkpt>
					<trkpt lat="41.922500" lon="8.689590">
						<ele>390</ele>
						<time>2025-03-20T12:30:43Z</time>
					</trkpt>
					<trkpt lat="41.922420" lon="8.689590">
						<ele>390</ele>
						<time>2025-03-20T12:30:47Z</time>
					</trkpt>
					<trkpt lat="41.922340" lon="8.689630">
						<ele>389</ele>
						<time>2025-03-20T12:30:51Z</time>
					</trkpt>
					<trkpt lat="41.922240" lon="8.689770">
						<ele>388</ele>
						<time>2025-03-20T12:30:59Z</time>
					</trkpt>
					<trkpt lat="41.922210" lon="8.689780">
						<ele>387</ele>
						<time>2025-03-20T12:31:00Z</time>
					</trkpt>
					<trkpt lat="41.922040" lon="8.689660">
						<ele>388</ele>
						<time>2025-03-20T12:31:10Z</time>
					</trkpt>
					<trkpt lat="41.921990" lon="8.689720">
						<ele>387</ele>
						<time>2025-03-20T12:31:13Z</time>
					</trkpt>
					<trkpt lat="41.921970" lon="8.689710">
						<ele>387</ele>
						<time>2025-03-20T12:31:14Z</time>
					</trkpt>
					<trkpt lat="41.921950" lon="8.689630">
						<ele>387</ele>
						<time>2025-03-20T12:31:17Z</time>
					</trkpt>
					<trkpt lat="41.921970" lon="8.689460">
						<ele>389</ele>
						<time>2025-03-20T12:31:24Z</time>
					</trkpt>
					<trkpt lat="41.921960" lon="8.689280">
						<ele>390</ele>
						<time>2025-03-20T12:31:30Z</time>
					</trkpt>
					<trkpt lat="41.921920" lon="8.689020">
						<ele>394</ele>
						<time>2025-03-20T12:31:40Z</time>
					</trkpt>
					<trkpt lat="41.921870" lon="8.688900">
						<ele>396</ele>
						<time>2025-03-20T12:31:46Z</time>
					</trkpt>
					<trkpt lat="41.921950" lon="8.688520">
						<ele>403</ele>
						<time>2025-03-20T12:32:00Z</time>
					</trkpt>
					<trkpt lat="41.921900" lon="8.687710">
						<ele>416</ele>
						<time>2025-03-20T12:32:30Z</time>
					</trkpt>
					<trkpt lat="41.921870" lon="8.687620">
						<ele>417</ele>
						<time>2025-03-20T12:32:34Z</time>
					</trkpt>
					<trkpt lat="41.921830" lon="8.686810">
						<ele>432</ele>
						<time>2025-03-20T12:33:04Z</time>
					</trkpt>
					<trkpt lat="41.921890" lon="8.686680">
						<ele>434</ele>
						<time>2025-03-20T12:33:10Z</time>
					</trkpt>
					<trkpt lat="41.921860" lon="8.686330">
						<ele>441</ele>
						<time>2025-03-20T12:33:23Z</time>
					</trkpt>
					<trkpt lat="41.921910" lon="8.686090">
						<ele>445</ele>
						<time>2025-03-20T12:33:32Z</time>
					</trkpt>
					<trkpt lat="41.921880" lon="8.686080">
						<ele>445</ele>
						<time>2025-03-20T12:33:34Z</time>
					</trkpt>
					<trkpt lat="41.921900" lon="8.685990">
						<ele>446</ele>
						<time>2025-03-20T12:33:38Z</time>
					</trkpt>
					<trkpt lat="41.921840" lon="8.685760">
						<ele>451</ele>
						<time>2025-03-20T12:33:47Z</time>
					</trkpt>
					<trkpt lat="41.921850" lon="8.685690">
						<ele>452</ele>
						<time>2025-03-20T12:33:49Z</time>
					</trkpt>
					<trkpt lat="41.921920" lon="8.685570">
						<ele>453</ele>
						<time>2025-03-20T12:33:55Z</time>
					</trkpt>
					<trkpt lat="41.921880" lon="8.685370">
						<ele>457</ele>
						<time>2025-03-20T12:34:03Z</time>
					</trkpt>
					<trkpt lat="41.921900" lon="8.685230">
						<ele>459</ele>
						<time>2025-03-20T12:34:08Z</time>
					</trkpt>
					<trkpt lat="41.921810" lon="8.685080">
						<ele>464</ele>
						<time>2025-03-20T12:34:15Z</time>
					</trkpt>
					<trkpt lat="41.921750" lon="8.685030">
						<ele>467</ele>
						<time>2025-03-20T12:34:19Z</time>
					</trkpt>
					<trkpt lat="41.921750" lon="8.684820">
						<ele>469</ele>
						<time>2025-03-20T12:34:26Z</time>
					</trkpt>
					<trkpt lat="41.921570" lon="8.684550">
						<ele>471</ele>
						<time>2025-03-20T12:34:40Z</time>
					</trkpt>
					<trkpt lat="41.921530" lon="8.684530">
						<ele>470</ele>
						<time>2025-03-20T12:34:42Z</time>
					</trkpt>
					<trkpt lat="41.921490" lon="8.684560">
						<ele>470</ele>
						<time>2025-03-20T12:34:44Z</time>
					</trkpt>
					<trkpt lat="41.921420" lon="8.684560">
						<ele>468</ele>
						<time>2025-03-20T12:34:48Z</time>
					</trkpt>
					<trkpt lat="41.921390" lon="8.684530">
						<ele>468</ele>
						<time>2025-03-20T12:34:50Z</time>
					</trkpt>
					<trkpt lat="41.921370" lon="8.684450">
						<ele>468</ele>
						<time>2025-03-20T12:34:53Z</time>
					</trkpt>
					<trkpt lat="41.921410" lon="8.683970">
						<ele>472</ele>
						<time>2025-03-20T12:35:11Z</time>
					</trkpt>
					<trkpt lat="41.921330" lon="8.683880">
						<ele>472</ele>
						<time>2025-03-20T12:35:16Z</time>
					</trkpt>
					<trkpt lat="41.921320" lon="8.683780">
						<ele>473</ele>
						<time>2025-03-20T12:35:20Z</time>
					</trkpt>
					<trkpt lat="41.921280" lon="8.683690">
						<ele>474</ele>
						<time>2025-03-20T12:35:24Z</time>
					</trkpt>
					<trkpt lat="41.921140" lon="8.683570">
						<ele>474</ele>
						<time>2025-03-20T12:35:32Z</time>
					</trkpt>
					<trkpt lat="41.921070" lon="8.683410">
						<ele>475</ele>
						<time>2025-03-20T12:35:39Z</time>
					</trkpt>
					<trkpt lat="41.921060" lon="8.683290">
						<ele>477</ele>
						<time>2025-03-20T12:35:43Z</time>
					</trkpt>
					<trkpt lat="41.920870" lon="8.682920">
						<ele>482</ele>
						<time>2025-03-20T12:36:00Z</time>
					</trkpt>
					<trkpt lat="41.920760" lon="8.682750">
						<ele>483</ele>
						<time>2025-03-20T12:36:09Z</time>
					</trkpt>
					<trkpt lat="41.920670" lon="8.682680">
						<ele>482</ele>
						<time>2025-03-20T12:36:14Z</time>
					</trkpt>
					<trkpt lat="41.920520" lon="8.682430">
						<ele>483</ele>
						<time>2025-03-20T12:36:26Z</time>
					</trkpt>
					<trkpt lat="41.920490" lon="8.682330">
						<ele>483</ele>
						<time>2025-03-20T12:36:30Z</time>
					</trkpt>
					<trkpt lat="41.920490" lon="8.682230">
						<ele>484</ele>
						<time>2025-03-20T12:36:34Z</time>
					</trkpt>
					<trkpt lat="41.920540" lon="8.682090">
						<ele>487</ele>
						<time>2025-03-20T12:36:39Z</time>
					</trkpt>
					<trkpt lat="41.920670" lon="8.681980">
						<ele>490</ele>
						<time>2025-03-20T12:36:47Z</time>
					</trkpt>
					<trkpt lat="41.920650" lon="8.681840">
						<ele>491</ele>
						<time>2025-03-20T12:36:52Z</time>
					</trkpt>
					<trkpt lat="41.920670" lon="8.681680">
						<ele>493</ele>
						<time>2025-03-20T12:36:58Z</time>
					</trkpt>
					<trkpt lat="41.920790" lon="8.681540">
						<ele>497</ele>
						<time>2025-03-20T12:37:06Z</time>
					</trkpt>
					<trkpt lat="41.920960" lon="8.681490">
						<ele>497</ele>
						<time>2025-03-20T12:37:15Z</time>
					</trkpt>
					<trkpt lat="41.921040" lon="8.681430">
						<ele>497</ele>
						<time>2025-03-20T12:37:20Z</time>
					</trkpt>
					<trkpt lat="41.921160" lon="8.681170">
						<ele>499</ele>
						<time>2025-03-20T12:37:31Z</time>
					</trkpt>
					<trkpt lat="41.921190" lon="8.680890">
						<ele>501</ele>
						<time>2025-03-20T12:37:42Z</time>
					</trkpt>
					<trkpt lat="41.921200" lon="8.680600">
						<ele>502</ele>
						<time>2025-03-20T12:37:52Z</time>
					</trkpt>
					<trkpt lat="41.921100" lon="8.680330">
						<ele>504</ele>
						<time>2025-03-20T12:38:04Z</time>
					</trkpt>
					<trkpt lat="41.921080" lon="8.680000">
						<ele>506</ele>
						<time>2025-03-20T12:38:16Z</time>
					</trkpt>
					<trkpt lat="41.920790" lon="8.679320">
						<ele>507</ele>
						<time>2025-03-20T12:38:45Z</time>
					</trkpt>
					<trkpt lat="41.920710" lon="8.678860">
						<ele>506</ele>
						<time>2025-03-20T12:39:03Z</time>
					</trkpt>
					<trkpt lat="41.920730" lon="8.678710">
						<ele>506</ele>
						<time>2025-03-20T12:39:08Z</time>
					</trkpt>
					<trkpt lat="41.920630" lon="8.678320">
						<ele>503</ele>
						<time>2025-03-20T12:39:24Z</time>
					</trkpt>
					<trkpt lat="41.920640" lon="8.678110">
						<ele>501</ele>
						<time>2025-03-20T12:39:32Z</time>
					</trkpt>
					<trkpt lat="41.920680" lon="8.677960">
						<ele>500</ele>
						<time>2025-03-20T12:39:37Z</time>
					</trkpt>
					<trkpt lat="41.920680" lon="8.677780">
						<ele>498</ele>
						<time>2025-03-20T12:39:44Z</time>
					</trkpt>
					<trkpt lat="41.920750" lon="8.677520">
						<ele>496</ele>
						<time>2025-03-20T12:39:54Z</time>
					</trkpt>
					<trkpt lat="41.920840" lon="8.677410">
						<ele>497</ele>
						<time>2025-03-20T12:40:01Z</time>
					</trkpt>
					<trkpt lat="41.920950" lon="8.676970">
						<ele>494</ele>
						<time>2025-03-20T12:40:18Z</time>
					</trkpt>
					<trkpt lat="41.920950" lon="8.676660">
						<ele>491</ele>
						<time>2025-03-20T12:40:29Z</time>
					</trkpt>
					<trkpt lat="41.921000" lon="8.676400">
						<ele>489</ele>
						<time>2025-03-20T12:40:39Z</time>
					</trkpt>
					<trkpt lat="41.920980" lon="8.676340">
						<ele>488</ele>
						<time>2025-03-20T12:40:42Z</time>
					</trkpt>
					<trkpt lat="41.920930" lon="8.676330">
						<ele>487</ele>
						<time>2025-03-20T12:40:44Z</time>
					</trkpt>
					<trkpt lat="41.920830" lon="8.676380">
						<ele>486</ele>
						<time>2025-03-20T12:40:50Z</time>
					</trkpt>
					<trkpt lat="41.920570" lon="8.676050">
						<ele>476</ele>
						<time>2025-03-20T12:41:08Z</time>
					</trkpt>
					<trkpt lat="41.920510" lon="8.676210">
						<ele>475</ele>
						<time>2025-03-20T12:41:14Z</time>
					</trkpt>
					<trkpt lat="41.920480" lon="8.676200">
						<ele>474</ele>
						<time>2025-03-20T12:41:16Z</time>
					</trkpt>
					<trkpt lat="41.920380" lon="8.676000">
						<ele>469</ele>
						<time>2025-03-20T12:41:25Z</time>
					</trkpt>
					<trkpt lat="41.920280" lon="8.675880">
						<ele>465</ele>
						<time>2025-03-20T12:41:31Z</time>
					</trkpt>
					<trkpt lat="41.920170" lon="8.675830">
						<ele>460</ele>
						<time>2025-03-20T12:41:37Z</time>
					</trkpt>
					<trkpt lat="41.920050" lon="8.675680">
						<ele>455</ele>
						<time>2025-03-20T12:41:45Z</time>
					</trkpt>
					<trkpt lat="41.920020" lon="8.675680">
						<ele>455</ele>
						<time>2025-03-20T12:41:47Z</time>
					</trkpt>
					<trkpt lat="41.919870" lon="8.675790">
						<ele>452</ele>
						<time>2025-03-20T12:41:56Z</time>
					</trkpt>
					<trkpt lat="41.919780" lon="8.675780">
						<ele>450</ele>
						<time>2025-03-20T12:42:00Z</time>
					</trkpt>
					<trkpt lat="41.919590" lon="8.675850">
						<ele>447</ele>
						<time>2025-03-20T12:42:10Z</time>
					</trkpt>
					<trkpt lat="41.919480" lon="8.675820">
						<ele>444</ele>
						<time>2025-03-20T12:42:16Z</time>
					</trkpt>
					<trkpt lat="41.919460" lon="8.675760">
						<ele>443</ele>
						<time>2025-03-20T12:42:18Z</time>
					</trkpt>
					<trkpt lat="41.919480" lon="8.675510">
						<ele>441</ele>
						<time>2025-03-20T12:42:27Z</time>
					</trkpt>
					<trkpt lat="41.919440" lon="8.675420">
						<ele>440</ele>
						<time>2025-03-20T12:42:31Z</time>
					</trkpt>
					<trkpt lat="41.919150" lon="8.675360">
						<ele>432</ele>
						<time>2025-03-20T12:42:46Z</time>
					</trkpt>
					<trkpt lat="41.919030" lon="8.675270">
						<ele>429</ele>
						<time>2025-03-20T12:42:53Z</time>
					</trkpt>
					<trkpt lat="41.918970" lon="8.675250">
						<ele>427</ele>
						<time>2025-03-20T12:42:56Z</time>
					</trkpt>
					<trkpt lat="41.918890" lon="8.675260">
						<ele>425</ele>
						<time>2025-03-20T12:43:00Z</time>
					</trkpt>
					<trkpt lat="41.918830" lon="8.675200">
						<ele>423</ele>
						<time>2025-03-20T12:43:04Z</time>
					</trkpt>
					<trkpt lat="41.918730" lon="8.675210">
						<ele>421</ele>
						<time>2025-03-20T12:43:09Z</time>
					</trkpt>
					<trkpt lat="41.918610" lon="8.675150">
						<ele>417</ele>
						<time>2025-03-20T12:43:15Z</time>
					</trkpt>
					<trkpt lat="41.918520" lon="8.675160">
						<ele>415</ele>
						<time>2025-03-20T12:43:20Z</time>
					</trkpt>
					<trkpt lat="41.918470" lon="8.675010">
						<ele>413</ele>
						<time>2025-03-20T12:43:26Z</time>
					</trkpt>
					<trkpt lat="41.918400" lon="8.674940">
						<ele>411</ele>
						<time>2025-03-20T12:43:30Z</time>
					</trkpt>
					<trkpt lat="41.918350" lon="8.674950">
						<ele>410</ele>
						<time>2025-03-20T12:43:33Z</time>
					</trkpt>
					<trkpt lat="41.918210" lon="8.675050">
						<ele>407</ele>
						<time>2025-03-20T12:43:41Z</time>
					</trkpt>
					<trkpt lat="41.918000" lon="8.675020">
						<ele>402</ele>
						<time>2025-03-20T12:43:51Z</time>
					</trkpt>
					<trkpt lat="41.917900" lon="8.675070">
						<ele>400</ele>
						<time>2025-03-20T12:43:56Z</time>
					</trkpt>
					<trkpt lat="41.917830" lon="8.675070">
						<ele>399</ele>
						<time>2025-03-20T12:44:00Z</time>
					</trkpt>
					<trkpt lat="41.917750" lon="8.674970">
						<ele>396</ele>
						<time>2025-03-20T12:44:05Z</time>
					</trkpt>
					<trkpt lat="41.917700" lon="8.674660">
						<ele>392</ele>
						<time>2025-03-20T12:44:17Z</time>
					</trkpt>
					<trkpt lat="41.917620" lon="8.674500">
						<ele>388</ele>
						<time>2025-03-20T12:44:24Z</time>
					</trkpt>
					<trkpt lat="41.917610" lon="8.674420">
						<ele>387</ele>
						<time>2025-03-20T12:44:27Z</time>
					</trkpt>
					<trkpt lat="41.917640" lon="8.674190">
						<ele>385</ele>
						<time>2025-03-20T12:44:36Z</time>
					</trkpt>
					<trkpt lat="41.917570" lon="8.674130">
						<ele>383</ele>
						<time>2025-03-20T12:44:40Z</time>
					</trkpt>
					<trkpt lat="41.917470" lon="8.674190">
						<ele>381</ele>
						<time>2025-03-20T12:44:46Z</time>
					</trkpt>
					<trkpt lat="41.917400" lon="8.674190">
						<ele>379</ele>
						<time>2025-03-20T12:44:49Z</time>
					</trkpt>
					<trkpt lat="41.917250" lon="8.674060">
						<ele>375</ele>
						<time>2025-03-20T12:44:58Z</time>
					</trkpt>
					<trkpt lat="41.917220" lon="8.673940">
						<ele>373</ele>
						<time>2025-03-20T12:45:03Z</time>
					</trkpt>
					<trkpt lat="41.917160" lon="8.673920">
						<ele>372</ele>
						<time>2025-03-20T12:45:06Z</time>
					</trkpt>
					<trkpt lat="41.917030" lon="8.673990">
						<ele>369</ele>
						<time>2025-03-20T12:45:13Z</time>
					</trkpt>
					<trkpt lat="41.916890" lon="8.673960">
						<ele>365</ele>
						<time>2025-03-20T12:45:20Z</time>
					</trkpt>
					<trkpt lat="41.916770" lon="8.674100">
						<ele>362</ele>
						<time>2025-03-20T12:45:28Z</time>
					</trkpt>
					<trkpt lat="41.916760" lon="8.674200">
						<ele>362</ele>
						<time>2025-03-20T12:45:32Z</time>
					</trkpt>
					<trkpt lat="41.916720" lon="8.674230">
						<ele>361</ele>
						<time>2025-03-20T12:45:34Z</time>
					</trkpt>
					<trkpt lat="41.916670" lon="8.674230">
						<ele>359</ele>
						<time>2025-03-20T12:45:37Z</time>
					</trkpt>
					<trkpt lat="41.916610" lon="8.674310">
						<ele>358</ele>
						<time>2025-03-20T12:45:41Z</time>
					</trkpt>
					<trkpt lat="41.916510" lon="8.674240">
						<ele>355</ele>
						<time>2025-03-20T12:45:46Z</time>
					</trkpt>
					<trkpt lat="41.916490" lon="8.674310">
						<ele>354</ele>
						<time>2025-03-20T12:45:49Z</time>
					</trkpt>
					<trkpt lat="41.916430" lon="8.674270">
						<ele>352</ele>
						<time>2025-03-20T12:45:53Z</time>
					</trkpt>
					<trkpt lat="41.916370" lon="8.674220">
						<ele>351</ele>
						<time>2025-03-20T12:45:56Z</time>
					</trkpt>
					<trkpt lat="41.916280" lon="8.674040">
						<ele>348</ele>
						<time>2025-03-20T12:46:04Z</time>
					</trkpt>
					<trkpt lat="41.916130" lon="8.674040">
						<ele>344</ele>
						<time>2025-03-20T12:46:12Z</time>
					</trkpt>
					<trkpt lat="41.916060" lon="8.673780">
						<ele>344</ele>
						<time>2025-03-20T12:46:22Z</time>
					</trkpt>
					<trkpt lat="41.915860" lon="8.673370">
						<ele>341</ele>
						<time>2025-03-20T12:46:40Z</time>
					</trkpt>
					<trkpt lat="41.915680" lon="8.672930">
						<ele>338</ele>
						<time>2025-03-20T12:46:59Z</time>
					</trkpt>
					<trkpt lat="41.915670" lon="8.672830">
						<ele>338</ele>
						<time>2025-03-20T12:47:03Z</time>
					</trkpt>
					<trkpt lat="41.915710" lon="8.672490">
						<ele>338</ele>
						<time>2025-03-20T12:47:16Z</time>
					</trkpt>
					<trkpt lat="41.915640" lon="8.672150">
						<ele>336</ele>
						<time>2025-03-20T12:47:29Z</time>
					</trkpt>
					<trkpt lat="41.915570" lon="8.672030">
						<ele>335</ele>
						<time>2025-03-20T12:47:34Z</time>
					</trkpt>
					<trkpt lat="41.915420" lon="8.671930">
						<ele>333</ele>
						<time>2025-03-20T12:47:43Z</time>
					</trkpt>
					<trkpt lat="41.915370" lon="8.671860">
						<ele>333</ele>
						<time>2025-03-20T12:47:46Z</time>
					</trkpt>
					<trkpt lat="41.915180" lon="8.671330">
						<ele>330</ele>
						<time>2025-03-20T12:48:08Z</time>
					</trkpt>
					<trkpt lat="41.915150" lon="8.671040">
						<ele>329</ele>
						<time>2025-03-20T12:48:19Z</time>
					</trkpt>
					<trkpt lat="41.915220" lon="8.670780">
						<ele>329</ele>
						<time>2025-03-20T12:48:29Z</time>
					</trkpt>
					<trkpt lat="41.915330" lon="8.670620">
						<ele>328</ele>
						<time>2025-03-20T12:48:38Z</time>
					</trkpt>
					<trkpt lat="41.915820" lon="8.670380">
						<ele>325</ele>
						<time>2025-03-20T12:49:04Z</time>
					</trkpt>
					<trkpt lat="41.915890" lon="8.670190">
						<ele>323</ele>
						<time>2025-03-20T12:49:12Z</time>
					</trkpt>
					<trkpt lat="41.915930" lon="8.670150">
						<ele>323</ele>
						<time>2025-03-20T12:49:14Z</time>
					</trkpt>
					<trkpt lat="41.915920" lon="8.669650">
						<ele>314</ele>
						<time>2025-03-20T12:49:33Z</time>
					</trkpt>
					<trkpt lat="41.915980" lon="8.669310">
						<ele>308</ele>
						<time>2025-03-20T12:49:46Z</time>
					</trkpt>
					<trkpt lat="41.916200" lon="8.668910">
						<ele>303</ele>
						<time>2025-03-20T12:50:04Z</time>
					</trkpt>
					<trkpt lat="41.916190" lon="8.668620">
						<ele>298</ele>
						<time>2025-03-20T12:50:15Z</time>
					</trkpt>
					<trkpt lat="41.916270" lon="8.668500">
						<ele>297</ele>
						<time>2025-03-20T12:50:21Z</time>
					</trkpt>
					<trkpt lat="41.916440" lon="8.668380">
						<ele>298</ele>
						<time>2025-03-20T12:50:31Z</time>
					</trkpt>
					<trkpt lat="41.916520" lon="8.668130">
						<ele>297</ele>
						<time>2025-03-20T12:50:41Z</time>
					</trkpt>
					<trkpt lat="41.916380" lon="8.667790">
						<ele>292</ele>
						<time>2025-03-20T12:50:55Z</time>
					</trkpt>
					<trkpt lat="41.916330" lon="8.667590">
						<ele>290</ele>
						<time>2025-03-20T12:51:03Z</time>
					</trkpt>
					<trkpt lat="41.916190" lon="8.667350">
						<ele>286</ele>
						<time>2025-03-20T12:51:14Z</time>
					</trkpt>
					<trkpt lat="41.916080" lon="8.667280">
						<ele>284</ele>
						<time>2025-03-20T12:51:21Z</time>
					</trkpt>
					<trkpt lat="41.916000" lon="8.667300">
						<ele>284</ele>
						<time>2025-03-20T12:51:25Z</time>
					</trkpt>
					<trkpt lat="41.915890" lon="8.667290">
						<ele>283</ele>
						<time>2025-03-20T12:51:30Z</time>
					</trkpt>
					<trkpt lat="41.915790" lon="8.667240">
						<ele>281</ele>
						<time>2025-03-20T12:51:36Z</time>
					</trkpt>
					<trkpt lat="41.915580" lon="8.666940">
						<ele>277</ele>
						<time>2025-03-20T12:51:51Z</time>
					</trkpt>
					<trkpt lat="41.915490" lon="8.666870">
						<ele>275</ele>
						<time>2025-03-20T12:51:56Z</time>
					</trkpt>
					<trkpt lat="41.915340" lon="8.666680">
						<ele>273</ele>
						<time>2025-03-20T12:52:06Z</time>
					</trkpt>
					<trkpt lat="41.915060" lon="8.666400">
						<ele>267</ele>
						<time>2025-03-20T12:52:24Z</time>
					</trkpt>
					<trkpt lat="41.914960" lon="8.666250">
						<ele>265</ele>
						<time>2025-03-20T12:52:31Z</time>
					</trkpt>
					<trkpt lat="41.914930" lon="8.666030">
						<ele>263</ele>
						<time>2025-03-20T12:52:40Z</time>
					</trkpt>
					<trkpt lat="41.914860" lon="8.665820">
						<ele>259</ele>
						<time>2025-03-20T12:52:48Z</time>
					</trkpt>
					<trkpt lat="41.914600" lon="8.665440">
						<ele>248</ele>
						<time>2025-03-20T12:53:07Z</time>
					</trkpt>
					<trkpt lat="41.914510" lon="8.665360">
						<ele>246</ele>
						<time>2025-03-20T12:53:13Z</time>
					</trkpt>
					<trkpt lat="41.914490" lon="8.665210">
						<ele>244</ele>
						<time>2025-03-20T12:53:19Z</time>
					</trkpt>
					<trkpt lat="41.914420" lon="8.665030">
						<ele>241</ele>
						<time>2025-03-20T12:53:26Z</time>
					</trkpt>
					<trkpt lat="41.914370" lon="8.664990">
						<ele>240</ele>
						<time>2025-03-20T12:53:29Z</time>
					</trkpt>
					<trkpt lat="41.914260" lon="8.664990">
						<ele>239</ele>
						<time>2025-03-20T12:53:35Z</time>
					</trkpt>
					<trkpt lat="41.914210" lon="8.664960">
						<ele>238</ele>
						<time>2025-03-20T12:53:37Z</time>
					</trkpt>
					<trkpt lat="41.914140" lon="8.664640">
						<ele>232</ele>
						<time>2025-03-20T12:53:50Z</time>
					</trkpt>
					<trkpt lat="41.914030" lon="8.664540">
						<ele>227</ele>
						<time>2025-03-20T12:53:56Z</time>
					</trkpt>
					<trkpt lat="41.913950" lon="8.664500">
						<ele>225</ele>
						<time>2025-03-20T12:54:01Z</time>
					</trkpt>
					<trkpt lat="41.913740" lon="8.664270">
						<ele>216</ele>
						<time>2025-03-20T12:54:14Z</time>
					</trkpt>
					<trkpt lat="41.913700" lon="8.664030">
						<ele>212</ele>
						<time>2025-03-20T12:54:23Z</time>
					</trkpt>
					<trkpt lat="41.913540" lon="8.663780">
						<ele>205</ele>
						<time>2025-03-20T12:54:36Z</time>
					</trkpt>
					<trkpt lat="41.913280" lon="8.663100">
						<ele>195</ele>
						<time>2025-03-20T12:55:04Z</time>
					</trkpt>
					<trkpt lat="41.913270" lon="8.662780">
						<ele>193</ele>
						<time>2025-03-20T12:55:16Z</time>
					</trkpt>
					<trkpt lat="41.913200" lon="8.662650">
						<ele>191</ele>
						<time>2025-03-20T12:55:22Z</time>
					</trkpt>
					<trkpt lat="41.913070" lon="8.662500">
						<ele>188</ele>
						<time>2025-03-20T12:55:31Z</time>
					</trkpt>
					<trkpt lat="41.913050" lon="8.662330">
						<ele>185</ele>
						<time>2025-03-20T12:55:37Z</time>
					</trkpt>
					<trkpt lat="41.913070" lon="8.661780">
						<ele>180</ele>
						<time>2025-03-20T12:55:57Z</time>
					</trkpt>
					<trkpt lat="41.913000" lon="8.661600">
						<ele>177</ele>
						<time>2025-03-20T12:56:05Z</time>
					</trkpt>
					<trkpt lat="41.912980" lon="8.661380">
						<ele>173</ele>
						<time>2025-03-20T12:56:13Z</time>
					</trkpt>
					<trkpt lat="41.912760" lon="8.660870">
						<ele>164</ele>
						<time>2025-03-20T12:56:35Z</time>
					</trkpt>
					<trkpt lat="41.912760" lon="8.660450">
						<ele>154</ele>
						<time>2025-03-20T12:56:51Z</time>
					</trkpt>
					<trkpt lat="41.912790" lon="8.660360">
						<ele>152</ele>
						<time>2025-03-20T12:56:55Z</time>
					</trkpt>
					<trkpt lat="41.912930" lon="8.660140">
						<ele>148</ele>
						<time>2025-03-20T12:57:05Z</time>
					</trkpt>
					<trkpt lat="41.912930" lon="8.659930">
						<ele>144</ele>
						<time>2025-03-20T12:57:13Z</time>
					</trkpt>
					<trkpt lat="41.913090" lon="8.658920">
						<ele>129</ele>
						<time>2025-03-20T12:57:52Z</time>
					</trkpt>
					<trkpt lat="41.913010" lon="8.658610">
						<ele>125</ele>
						<time>2025-03-20T12:58:04Z</time>
					</trkpt>
					<trkpt lat="41.912990" lon="8.658280">
						<ele>121</ele>
						<time>2025-03-20T12:58:16Z</time>
					</trkpt>
					<trkpt lat="41.912820" lon="8.657770">
						<ele>111</ele>
						<time>2025-03-20T12:58:37Z</time>
					</trkpt>
					<trkpt lat="41.912850" lon="8.657410">
						<ele>106</ele>
						<time>2025-03-20T12:58:50Z</time>
					</trkpt>
					<trkpt lat="41.912910" lon="8.657330">
						<ele>105</ele>
						<time>2025-03-20T12:58:55Z</time>
					</trkpt>
					<trkpt lat="41.913190" lon="8.657110">
						<ele>103</ele>
						<time>2025-03-20T12:59:11Z</time>
					</trkpt>
					<trkpt lat="41.913270" lon="8.657060">
						<ele>103</ele>
						<time>2025-03-20T12:59:15Z</time>
					</trkpt>
					<trkpt lat="41.913310" lon="8.657060">
						<ele>104</ele>
						<time>2025-03-20T12:59:17Z</time>
					</trkpt>
					<trkpt lat="41.913550" lon="8.657180">
						<ele>106</ele>
						<time>2025-03-20T12:59:30Z</time>
					</trkpt>
					<trkpt lat="41.913720" lon="8.657440">
						<ele>109</ele>
						<time>2025-03-20T12:59:43Z</time>
					</trkpt>
					<trkpt lat="41.914010" lon="8.657690">
						<ele>109</ele>
						<time>2025-03-20T13:00:00Z</time>
					</trkpt>
					<trkpt lat="41.914090" lon="8.657710">
						<ele>108</ele>
						<time>2025-03-20T13:00:04Z</time>
					</trkpt>
					<trkpt lat="41.914130" lon="8.657690">
						<ele>108</ele>
						<time>2025-03-20T13:00:06Z</time>
					</trkpt>
					<trkpt lat="41.914280" lon="8.657490">
						<ele>106</ele>
						<time>2025-03-20T13:00:17Z</time>
					</trkpt>
					<trkpt lat="41.914340" lon="8.657290">
						<ele>106</ele>
						<time>2025-03-20T13:00:25Z</time>
					</trkpt>
					<trkpt lat="41.914250" lon="8.656510">
						<ele>100</ele>
						<time>2025-03-20T13:00:54Z</time>
					</trkpt>
					<trkpt lat="41.914160" lon="8.656330">
						<ele>98</ele>
						<time>2025-03-20T13:01:03Z</time>
					</trkpt>
					<trkpt lat="41.914000" lon="8.656190">
						<ele>96</ele>
						<time>2025-03-20T13:01:12Z</time>
					</trkpt>
					<trkpt lat="41.913180" lon="8.655710">
						<ele>83</ele>
						<time>2025-03-20T13:01:57Z</time>
					</trkpt>
					<trkpt lat="41.912840" lon="8.655430">
						<ele>77</ele>
						<time>2025-03-20T13:02:17Z</time>
					</trkpt>
					<trkpt lat="41.912040" lon="8.654570">
						<ele>65</ele>
						<time>2025-03-20T13:03:08Z</time>
					</trkpt>
					<trkpt lat="41.911910" lon="8.654480">
						<ele>63</ele>
						<time>2025-03-20T13:03:15Z</time>
					</trkpt>
					<trkpt lat="41.911270" lon="8.654160">
						<ele>54</ele>
						<time>2025-03-20T13:03:50Z</time>
					</trkpt>
					<trkpt lat="41.911240" lon="8.654080">
						<ele>53</ele>
						<time>2025-03-20T13:03:53Z</time>
					</trkpt>
					<trkpt lat="41.911250" lon="8.653980">
						<ele>54</ele>
						<time>2025-03-20T13:03:57Z</time>
					</trkpt>
					<trkpt lat="41.911440" lon="8.653560">
						<ele>57</ele>
						<time>2025-03-20T13:04:15Z</time>
					</trkpt>
					<trkpt lat="41.911360" lon="8.653310">
						<ele>56</ele>
						<time>2025-03-20T13:04:25Z</time>
					</trkpt>
					<trkpt lat="41.911300" lon="8.653260">
						<ele>55</ele>
						<time>2025-03-20T13:04:29Z</time>
					</trkpt>
					<trkpt lat="41.911270" lon="8.653190">
						<ele>55</ele>
						<time>2025-03-20T13:04:32Z</time>
					</trkpt>
					<trkpt lat="41.911250" lon="8.653080">
						<ele>54</ele>
						<time>2025-03-20T13:04:36Z</time>
					</trkpt>
					<trkpt lat="41.911270" lon="8.652850">
						<ele>54</ele>
						<time>2025-03-20T13:04:44Z</time>
					</trkpt>
					<trkpt lat="41.911140" lon="8.652390">
						<ele>50</ele>
						<time>2025-03-20T13:05:03Z</time>
					</trkpt>
					<trkpt lat="41.911140" lon="8.652280">
						<ele>50</ele>
						<time>2025-03-20T13:05:07Z</time>
					</trkpt>
					<trkpt lat="41.911240" lon="8.651940">
						<ele>48</ele>
						<time>2025-03-20T13:05:21Z</time>
					</trkpt>
					<trkpt lat="41.911270" lon="8.651660">
						<ele>46</ele>
						<time>2025-03-20T13:05:31Z</time>
					</trkpt>
					<trkpt lat="41.911510" lon="8.651340">
						<ele>46</ele>
						<time>2025-03-20T13:05:48Z</time>
					</trkpt>
					<trkpt lat="41.911500" lon="8.651170">
						<ele>43</ele>
						<time>2025-03-20T13:05:54Z</time>
					</trkpt>
					<trkpt lat="41.911530" lon="8.651090">
						<ele>43</ele>
						<time>2025-03-20T13:05:58Z</time>
					</trkpt>
					<trkpt lat="41.911690" lon="8.650890">
						<ele>42</ele>
						<time>2025-03-20T13:06:09Z</time>
					</trkpt>
					<trkpt lat="41.911880" lon="8.650590">
						<ele>39</ele>
						<time>2025-03-20T13:06:23Z</time>
					</trkpt>
					<trkpt lat="41.912720" lon="8.649890">
						<ele>35</ele>
						<time>2025-03-20T13:07:13Z</time>
					</trkpt>
					<trkpt lat="41.912740" lon="8.649810">
						<ele>35</ele>
						<time>2025-03-20T13:07:16Z</time>
					</trkpt>
					<trkpt lat="41.912730" lon="8.649560">
						<ele>34</ele>
						<time>2025-03-20T13:07:25Z</time>
					</trkpt>
					<trkpt lat="41.912770" lon="8.649420">
						<ele>34</ele>
						<time>2025-03-20T13:07:31Z</time>
					</trkpt>
					<trkpt lat="41.912820" lon="8.649370">
						<ele>34</ele>
						<time>2025-03-20T13:07:34Z</time>
					</trkpt>
					<trkpt lat="41.912850" lon="8.649350">
						<ele>34</ele>
						<time>2025-03-20T13:07:36Z</time>
					</trkpt>
					<trkpt lat="41.912970" lon="8.649390">
						<ele>35</ele>
						<time>2025-03-20T13:07:42Z</time>
					</trkpt>
					<trkpt lat="41.913100" lon="8.649480">
						<ele>36</ele>
						<time>2025-03-20T13:07:49Z</time>
					</trkpt>
					<trkpt lat="41.913220" lon="8.649690">
						<ele>38</ele>
						<time>2025-03-20T13:07:59Z</time>
					</trkpt>
					<trkpt lat="41.913220" lon="8.649810">
						<ele>39</ele>
						<time>2025-03-20T13:08:03Z</time>
					</trkpt>
					<trkpt lat="41.913170" lon="8.649930">
						<ele>39</ele>
						<time>2025-03-20T13:08:09Z</time>
					</trkpt>
					<trkpt lat="41.913160" lon="8.650060">
						<ele>39</ele>
						<time>2025-03-20T13:08:13Z</time>
					</trkpt>
					<trkpt lat="41.913210" lon="8.650140">
						<ele>41</ele>
						<time>2025-03-20T13:08:17Z</time>
					</trkpt>
					<trkpt lat="41.913290" lon="8.650180">
						<ele>42</ele>
						<time>2025-03-20T13:08:22Z</time>
					</trkpt>
					<trkpt lat="41.913380" lon="8.650280">
						<ele>44</ele>
						<time>2025-03-20T13:08:27Z</time>
					</trkpt>
					<trkpt lat="41.913450" lon="8.650260">
						<ele>45</ele>
						<time>2025-03-20T13:08:31Z</time>
					</trkpt>
					<trkpt lat="41.913510" lon="8.650210">
						<ele>45</ele>
						<time>2025-03-20T13:08:35Z</time>
					</trkpt>
					<trkpt lat="41.913900" lon="8.649780">
						<ele>47</ele>
						<time>2025-03-20T13:09:00Z</time>
					</trkpt>
					<trkpt lat="41.914000" lon="8.649640">
						<ele>47</ele>
						<time>2025-03-20T13:09:07Z</time>
					</trkpt>
					<trkpt lat="41.914140" lon="8.649520">
						<ele>48</ele>
						<time>2025-03-20T13:09:15Z</time>
					</trkpt>
					<trkpt lat="41.914380" lon="8.649430">
						<ele>49</ele>
						<time>2025-03-20T13:09:28Z</time>
					</trkpt>
					<trkpt lat="41.914610" lon="8.649260">
						<ele>50</ele>
						<time>2025-03-20T13:09:41Z</time>
					</trkpt>
					<trkpt lat="41.914700" lon="8.649310">
						<ele>51</ele>
						<time>2025-03-20T13:09:46Z</time>
					</trkpt>
					<trkpt lat="41.914740" lon="8.649390">
						<ele>52</ele>
						<time>2025-03-20T13:09:49Z</time>
					</trkpt>
					<trkpt lat="41.914690" lon="8.649580">
						<ele>53</ele>
						<time>2025-03-20T13:09:57Z</time>
					</trkpt>
					<trkpt lat="41.914730" lon="8.649710">
						<ele>55</ele>
						<time>2025-03-20T13:10:02Z</time>
					</trkpt>
					<trkpt lat="41.914880" lon="8.649780">
						<ele>57</ele>
						<time>2025-03-20T13:10:10Z</time>
					</trkpt>
					<trkpt lat="41.915100" lon="8.649990">
						<ele>62</ele>
						<time>2025-03-20T13:10:24Z</time>
					</trkpt>
					<trkpt lat="41.915200" lon="8.650060">
						<ele>65</ele>
						<time>2025-03-20T13:10:29Z</time>
					</trkpt>
					<trkpt lat="41.915290" lon="8.650090">
						<ele>67</ele>
						<time>2025-03-20T13:10:34Z</time>
					</trkpt>
					<trkpt lat="41.915340" lon="8.650200">
						<ele>69</ele>
						<time>2025-03-20T13:10:39Z</time>
					</trkpt>
					<trkpt lat="41.915460" lon="8.650310">
						<ele>72</ele>
						<time>2025-03-20T13:10:46Z</time>
					</trkpt>
					<trkpt lat="41.915590" lon="8.650510">
						<ele>76</ele>
						<time>2025-03-20T13:10:56Z</time>
					</trkpt>
					<trkpt lat="41.915570" lon="8.650630">
						<ele>77</ele>
						<time>2025-03-20T13:11:00Z</time>
					</trkpt>
					<trkpt lat="41.915500" lon="8.650810">
						<ele>78</ele>
						<time>2025-03-20T13:11:08Z</time>
					</trkpt>
					<trkpt lat="41.915530" lon="8.651050">
						<ele>82</ele>
						<time>2025-03-20T13:11:17Z</time>
					</trkpt>
					<trkpt lat="41.915500" lon="8.651190">
						<ele>83</ele>
						<time>2025-03-20T13:11:22Z</time>
					</trkpt>
					<trkpt lat="41.915520" lon="8.651380">
						<ele>86</ele>
						<time>2025-03-20T13:11:30Z</time>
					</trkpt>
					<trkpt lat="41.915610" lon="8.651640">
						<ele>91</ele>
						<time>2025-03-20T13:11:40Z</time>
					</trkpt>
					<trkpt lat="41.915680" lon="8.651690">
						<ele>92</ele>
						<time>2025-03-20T13:11:44Z</time>
					</trkpt>
					<trkpt lat="41.915740" lon="8.651700">
						<ele>93</ele>
						<time>2025-03-20T13:11:47Z</time>
					</trkpt>
					<trkpt lat="41.915920" lon="8.651660">
						<ele>97</ele>
						<time>2025-03-20T13:11:56Z</time>
					</trkpt>
					<trkpt lat="41.915980" lon="8.651670">
						<ele>99</ele>
						<time>2025-03-20T13:11:59Z</time>
					</trkpt>
					<trkpt lat="41.916050" lon="8.651770">
						<ele>103</ele>
						<time>2025-03-20T13:12:05Z</time>
					</trkpt>
					<trkpt lat="41.916120" lon="8.651790">
						<ele>105</ele>
						<time>2025-03-20T13:12:08Z</time>
					</trkpt>
					<trkpt lat="41.916230" lon="8.651760">
						<ele>109</ele>
						<time>2025-03-20T13:12:14Z</time>
					</trkpt>
					<trkpt lat="41.916260" lon="8.651800">
						<ele>110</ele>
						<time>2025-03-20T13:12:16Z</time>
					</trkpt>
					<trkpt lat="41.916290" lon="8.651790">
						<ele>111</ele>
						<time>2025-03-20T13:12:17Z</time>
					</trkpt>
					<trkpt lat="41.916330" lon="8.651720">
						<ele>112</ele>
						<time>2025-03-20T13:12:21Z</time>
					</trkpt>
					<trkpt lat="41.916360" lon="8.651720">
						<ele>113</ele>
						<time>2025-03-20T13:12:22Z</time>
					</trkpt>
					<trkpt lat="41.916540" lon="8.651890">
						<ele>121</ele>
						<time>2025-03-20T13:12:33Z</time>
					</trkpt>
					<trkpt lat="41.916670" lon="8.651960">
						<ele>126</ele>
						<time>2025-03-20T13:12:40Z</time>
					</trkpt>
					<trkpt lat="41.916800" lon="8.651990">
						<ele>133</ele>
						<time>2025-03-20T13:12:47Z</time>
					</trkpt>
					<trkpt lat="41.916860" lon="8.652060">
						<ele>137</ele>
						<time>2025-03-20T13:12:51Z</time>
					</trkpt>
					<trkpt lat="41.916850" lon="8.652210">
						<ele>138</ele>
						<time>2025-03-20T13:12:56Z</time>
					</trkpt>
					<trkpt lat="41.916900" lon="8.652350">
						<ele>142</ele>
						<time>2025-03-20T13:13:02Z</time>
					</trkpt>
					<trkpt lat="41.916800" lon="8.652500">
						<ele>139</ele>
						<time>2025-03-20T13:13:10Z</time>
					</trkpt>
					<trkpt lat="41.916780" lon="8.652560">
						<ele>138</ele>
						<time>2025-03-20T13:13:12Z</time>
					</trkpt>
					<trkpt lat="41.916790" lon="8.652640">
						<ele>139</ele>
						<time>2025-03-20T13:13:15Z</time>
					</trkpt>
					<trkpt lat="41.916820" lon="8.652710">
						<ele>141</ele>
						<time>2025-03-20T13:13:18Z</time>
					</trkpt>
					<trkpt lat="41.916900" lon="8.652770">
						<ele>146</ele>
						<time>2025-03-20T13:13:23Z</time>
					</trkpt>
					<trkpt lat="41.917100" lon="8.653290">
						<ele>160</ele>
						<time>2025-03-20T13:13:44Z</time>
					</trkpt>
					<trkpt lat="41.917170" lon="8.653330">
						<ele>164</ele>
						<time>2025-03-20T13:13:48Z</time>
					</trkpt>
					<trkpt lat="41.917180" lon="8.653480">
						<ele>165</ele>
						<time>2025-03-20T13:13:54Z</time>
					</trkpt>
					<trkpt lat="41.917220" lon="8.653510">
						<ele>167</ele>
						<time>2025-03-20T13:13:56Z</time>
					</trkpt>
					<trkpt lat="41.917210" lon="8.653700">
						<ele>166</ele>
						<time>2025-03-20T13:14:03Z</time>
					</trkpt>
					<trkpt lat="41.917490" lon="8.653950">
						<ele>179</ele>
						<time>2025-03-20T13:14:20Z</time>
					</trkpt>
					<trkpt lat="41.917590" lon="8.654250">
						<ele>185</ele>
						<time>2025-03-20T13:14:32Z</time>
					</trkpt>
					<trkpt lat="41.917680" lon="8.654430">
						<ele>191</ele>
						<time>2025-03-20T13:14:40Z</time>
					</trkpt>
					<trkpt lat="41.917700" lon="8.654660">
						<ele>194</ele>
						<time>2025-03-20T13:14:49Z</time>
					</trkpt>
					<trkpt lat="41.917800" lon="8.654730">
						<ele>200</ele>
						<time>2025-03-20T13:14:55Z</time>
					</trkpt>
					<trkpt lat="41.917810" lon="8.654800">
						<ele>201</ele>
						<time>2025-03-20T13:14:57Z</time>
					</trkpt>
					<trkpt lat="41.917850" lon="8.654860">
						<ele>203</ele>
						<time>2025-03-20T13:15:00Z</time>
					</trkpt>
					<trkpt lat="41.917870" lon="8.655020">
						<ele>206</ele>
						<time>2025-03-20T13:15:06Z</time>
					</trkpt>
					<trkpt lat="41.917910" lon="8.655110">
						<ele>209</ele>
						<time>2025-03-20T13:15:10Z</time>
					</trkpt>
					<trkpt lat="41.917990" lon="8.655490">
						<ele>220</ele>
						<time>2025-03-20T13:15:25Z</time>
					</trkpt>
					<trkpt lat="41.917920" lon="8.655770">
						<ele>221</ele>
						<time>2025-03-20T13:15:36Z</time>
					</trkpt>
					<trkpt lat="41.918020" lon="8.655890">
						<ele>227</ele>
						<time>2025-03-20T13:15:43Z</time>
					</trkpt>
					<trkpt lat="41.918070" lon="8.656110">
						<ele>230</ele>
						<time>2025-03-20T13:15:51Z</time>
					</trkpt>
					<trkpt lat="41.918180" lon="8.656190">
						<ele>236</ele>
						<time>2025-03-20T13:15:58Z</time>
					</trkpt>
					<trkpt lat="41.918220" lon="8.656360">
						<ele>239</ele>
						<time>2025-03-20T13:16:04Z</time>
					</trkpt>
					<trkpt lat="41.918090" lon="8.656700">
						<ele>236</ele>
						<time>2025-03-20T13:16:18Z</time>
					</trkpt>
					<trkpt lat="41.918090" lon="8.656880">
						<ele>239</ele>
						<time>2025-03-20T13:16:25Z</time>
					</trkpt>
					<trkpt lat="41.918120" lon="8.657010">
						<ele>242</ele>
						<time>2025-03-20T13:16:30Z</time>
					</trkpt>
					<trkpt lat="41.918210" lon="8.657130">
						<ele>248</ele>
						<time>2025-03-20T13:16:37Z</time>
					</trkpt>
					<trkpt lat="41.918320" lon="8.657390">
						<ele>258</ele>
						<time>2025-03-20T13:16:48Z</time>
					</trkpt>
					<trkpt lat="41.918370" lon="8.657420">
						<ele>260</ele>
						<time>2025-03-20T13:16:50Z</time>
					</trkpt>
					<trkpt lat="41.918480" lon="8.657600">
						<ele>265</ele>
						<time>2025-03-20T13:16:59Z</time>
					</trkpt>
					<trkpt lat="41.918550" lon="8.657890">
						<ele>269</ele>
						<time>2025-03-20T13:17:10Z</time>
					</trkpt>
					<trkpt lat="41.918640" lon="8.657960">
						<ele>272</ele>
						<time>2025-03-20T13:17:16Z</time>
					</trkpt>
					<trkpt lat="41.918670" lon="8.658110">
						<ele>274</ele>
						<time>2025-03-20T13:17:21Z</time>
					</trkpt>
					<trkpt lat="41.918700" lon="8.658130">
						<ele>275</ele>
						<time>2025-03-20T13:17:23Z</time>
					</trkpt>
					<trkpt lat="41.918800" lon="8.658060">
						<ele>277</ele>
						<time>2025-03-20T13:17:29Z</time>
					</trkpt>
					<trkpt lat="41.918870" lon="8.658120">
						<ele>279</ele>
						<time>2025-03-20T13:17:33Z</time>
					</trkpt>
					<trkpt lat="41.918950" lon="8.658110">
						<ele>281</ele>
						<time>2025-03-20T13:17:37Z</time>
					</trkpt>
					<trkpt lat="41.919200" lon="8.657860">
						<ele>287</ele>
						<time>2025-03-20T13:17:52Z</time>
					</trkpt>
					<trkpt lat="41.919200" lon="8.657820">
						<ele>287</ele>
						<time>2025-03-20T13:17:54Z</time>
					</trkpt>
					<trkpt lat="41.919160" lon="8.657780">
						<ele>286</ele>
						<time>2025-03-20T13:17:56Z</time>
					</trkpt>
					<trkpt lat="41.919170" lon="8.657720">
						<ele>287</ele>
						<time>2025-03-20T13:17:59Z</time>
					</trkpt>
					<trkpt lat="41.919340" lon="8.657680">
						<ele>288</ele>
						<time>2025-03-20T13:18:07Z</time>
					</trkpt>
					<trkpt lat="41.919500" lon="8.657830">
						<ele>289</ele>
						<time>2025-03-20T13:18:17Z</time>
					</trkpt>
					<trkpt lat="41.919740" lon="8.657910">
						<ele>291</ele>
						<time>2025-03-20T13:18:30Z</time>
					</trkpt>
					<trkpt lat="41.919810" lon="8.658020">
						<ele>291</ele>
						<time>2025-03-20T13:18:35Z</time>
					</trkpt>
					<trkpt lat="41.919840" lon="8.658090">
						<ele>291</ele>
						<time>2025-03-20T13:18:38Z</time>
					</trkpt>
					<trkpt lat="41.919850" lon="8.658320">
						<ele>292</ele>
						<time>2025-03-20T13:18:47Z</time>
					</trkpt>
					<trkpt lat="41.919730" lon="8.658810">
						<ele>292</ele>
						<time>2025-03-20T13:19:06Z</time>
					</trkpt>
					<trkpt lat="41.919730" lon="8.659000">
						<ele>293</ele>
						<time>2025-03-20T13:19:13Z</time>
					</trkpt>
					<trkpt lat="41.919700" lon="8.659070">
						<ele>293</ele>
						<time>2025-03-20T13:19:16Z</time>
					</trkpt>
					<trkpt lat="41.919650" lon="8.659120">
						<ele>293</ele>
						<time>2025-03-20T13:19:19Z</time>
					</trkpt>
					<trkpt lat="41.919560" lon="8.659160">
						<ele>292</ele>
						<time>2025-03-20T13:19:24Z</time>
					</trkpt>
					<trkpt lat="41.919530" lon="8.659220">
						<ele>292</ele>
						<time>2025-03-20T13:19:26Z</time>
					</trkpt>
					<trkpt lat="41.919580" lon="8.659540">
						<ele>294</ele>
						<time>2025-03-20T13:19:39Z</time>
					</trkpt>
					<trkpt lat="41.919610" lon="8.659600">
						<ele>295</ele>
						<time>2025-03-20T13:19:41Z</time>
					</trkpt>
					<trkpt lat="41.919860" lon="8.659860">
						<ele>299</ele>
						<time>2025-03-20T13:19:57Z</time>
					</trkpt>
					<trkpt lat="41.919880" lon="8.659920">
						<ele>299</ele>
						<time>2025-03-20T13:20:00Z</time>
					</trkpt>
					<trkpt lat="41.919870" lon="8.660080">
						<ele>300</ele>
						<time>2025-03-20T13:20:05Z</time>
					</trkpt>
					<trkpt lat="41.919940" lon="8.660160">
						<ele>302</ele>
						<time>2025-03-20T13:20:10Z</time>
					</trkpt>
					<trkpt lat="41.919990" lon="8.660320">
						<ele>304</ele>
						<time>2025-03-20T13:20:17Z</time>
					</trkpt>
					<trkpt lat="41.919980" lon="8.660530">
						<ele>305</ele>
						<time>2025-03-20T13:20:24Z</time>
					</trkpt>
					<trkpt lat="41.920010" lon="8.660560">
						<ele>306</ele>
						<time>2025-03-20T13:20:26Z</time>
					</trkpt>
					<trkpt lat="41.920120" lon="8.660540">
						<ele>306</ele>
						<time>2025-03-20T13:20:32Z</time>
					</trkpt>
					<trkpt lat="41.920170" lon="8.660570">
						<ele>307</ele>
						<time>2025-03-20T13:20:35Z</time>
					</trkpt>
					<trkpt lat="41.920240" lon="8.660710">
						<ele>308</ele>
						<time>2025-03-20T13:20:41Z</time>
					</trkpt>
					<trkpt lat="41.920350" lon="8.660810">
						<ele>309</ele>
						<time>2025-03-20T13:20:47Z</time>
					</trkpt>
					<trkpt lat="41.920490" lon="8.661120">
						<ele>313</ele>
						<time>2025-03-20T13:21:01Z</time>
					</trkpt>
					<trkpt lat="41.920520" lon="8.661560">
						<ele>317</ele>
						<time>2025-03-20T13:21:17Z</time>
					</trkpt>
					<trkpt lat="41.920650" lon="8.661640">
						<ele>319</ele>
						<time>2025-03-20T13:21:25Z</time>
					</trkpt>
					<trkpt lat="41.920780" lon="8.661940">
						<ele>323</ele>
						<time>2025-03-20T13:21:38Z</time>
					</trkpt>
					<trkpt lat="41.920790" lon="8.662140">
						<ele>325</ele>
						<time>2025-03-20T13:21:45Z</time>
					</trkpt>
					<trkpt lat="41.920880" lon="8.662210">
						<ele>326</ele>
						<time>2025-03-20T13:21:50Z</time>
					</trkpt>
					<trkpt lat="41.920830" lon="8.662330">
						<ele>328</ele>
						<time>2025-03-20T13:21:55Z</time>
					</trkpt>
					<trkpt lat="41.920830" lon="8.662410">
						<ele>329</ele>
						<time>2025-03-20T13:21:58Z</time>
					</trkpt>
					<trkpt lat="41.921120" lon="8.663150">
						<ele>334</ele>
						<time>2025-03-20T13:22:29Z</time>
					</trkpt>
					<trkpt lat="41.921210" lon="8.663630">
						<ele>335</ele>
						<time>2025-03-20T13:22:48Z</time>
					</trkpt>
					<trkpt lat="41.921310" lon="8.663850">
						<ele>335</ele>
						<time>2025-03-20T13:22:57Z</time>
					</trkpt>
					<trkpt lat="41.921300" lon="8.663920">
						<ele>335</ele>
						<time>2025-03-20T13:23:00Z</time>
					</trkpt>
					<trkpt lat="41.921210" lon="8.664020">
						<ele>336</ele>
						<time>2025-03-20T13:23:06Z</time>
					</trkpt>
					<trkpt lat="41.921150" lon="8.664140">
						<ele>337</ele>
						<time>2025-03-20T13:23:11Z</time>
					</trkpt>
					<trkpt lat="41.921130" lon="8.664320">
						<ele>337</ele>
						<time>2025-03-20T13:23:18Z</time>
					</trkpt>
					<trkpt lat="41.921180" lon="8.664480">
						<ele>336</ele>
						<time>2025-03-20T13:23:25Z</time>
					</trkpt>
					<trkpt lat="41.921260" lon="8.664630">
						<ele>336</ele>
						<time>2025-03-20T13:23:31Z</time>
					</trkpt>
					<trkpt lat="41.921450" lon="8.664890">
						<ele>337</ele>
						<time>2025-03-20T13:23:45Z</time>
					</trkpt>
					<trkpt lat="41.921550" lon="8.664990">
						<ele>339</ele>
						<time>2025-03-20T13:23:51Z</time>
					</trkpt>
					<trkpt lat="41.921640" lon="8.665140">
						<ele>342</ele>
						<time>2025-03-20T13:23:58Z</time>
					</trkpt>
					<trkpt lat="41.921650" lon="8.665220">
						<ele>344</ele>
						<time>2025-03-20T13:24:01Z</time>
					</trkpt>
					<trkpt lat="41.921760" lon="8.665510">
						<ele>350</ele>
						<time>2025-03-20T13:24:14Z</time>
					</trkpt>
					<trkpt lat="41.921750" lon="8.665680">
						<ele>353</ele>
						<time>2025-03-20T13:24:20Z</time>
					</trkpt>
					<trkpt lat="41.921810" lon="8.665740">
						<ele>354</ele>
						<time>2025-03-20T13:24:24Z</time>
					</trkpt>
					<trkpt lat="41.921910" lon="8.666070">
						<ele>362</ele>
						<time>2025-03-20T13:24:37Z</time>
					</trkpt>
					<trkpt lat="41.921960" lon="8.666420">
						<ele>371</ele>
						<time>2025-03-20T13:24:50Z</time>
					</trkpt>
					<trkpt lat="41.922080" lon="8.666710">
						<ele>380</ele>
						<time>2025-03-20T13:25:03Z</time>
					</trkpt>
					<trkpt lat="41.922080" lon="8.666810">
						<ele>382</ele>
						<time>2025-03-20T13:25:06Z</time>
					</trkpt>
					<trkpt lat="41.922110" lon="8.666860">
						<ele>384</ele>
						<time>2025-03-20T13:25:09Z</time>
					</trkpt>
					<trkpt lat="41.922230" lon="8.666910">
						<ele>387</ele>
						<time>2025-03-20T13:25:15Z</time>
					</trkpt>
					<trkpt lat="41.922290" lon="8.667000">
						<ele>390</ele>
						<time>2025-03-20T13:25:19Z</time>
					</trkpt>
					<trkpt lat="41.922390" lon="8.667060">
						<ele>394</ele>
						<time>2025-03-20T13:25:25Z</time>
					</trkpt>
					<trkpt lat="41.922460" lon="8.667140">
						<ele>398</ele>
						<time>2025-03-20T13:25:30Z</time>
					</trkpt>
					<trkpt lat="41.922500" lon="8.667240">
						<ele>402</ele>
						<time>2025-03-20T13:25:34Z</time>
					</trkpt>
					<trkpt lat="41.922490" lon="8.667330">
						<ele>404</ele>
						<time>2025-03-20T13:25:37Z</time>
					</trkpt>
					<trkpt lat="41.922560" lon="8.667320">
						<ele>404</ele>
						<time>2025-03-20T13:25:41Z</time>
					</trkpt>
					<trkpt lat="41.922650" lon="8.667410">
						<ele>406</ele>
						<time>2025-03-20T13:25:46Z</time>
					</trkpt>
					<trkpt lat="41.922720" lon="8.667620">
						<ele>411</ele>
						<time>2025-03-20T13:25:55Z</time>
					</trkpt>
					<trkpt lat="41.922740" lon="8.667760">
						<ele>413</ele>
						<time>2025-03-20T13:26:00Z</time>
					</trkpt>
					<trkpt lat="41.922690" lon="8.667880">
						<ele>416</ele>
						<time>2025-03-20T13:26:05Z</time>
					</trkpt>
					<trkpt lat="41.922730" lon="8.667930">
						<ele>416</ele>
						<time>2025-03-20T13:26:08Z</time>
					</trkpt>
					<trkpt lat="41.922690" lon="8.668130">
						<ele>420</ele>
						<time>2025-03-20T13:26:16Z</time>
					</trkpt>
					<trkpt lat="41.922800" lon="8.668270">
						<ele>422</ele>
						<time>2025-03-20T13:26:23Z</time>
					</trkpt>
					<trkpt lat="41.922870" lon="8.668260">
						<ele>422</ele>
						<time>2025-03-20T13:26:27Z</time>
					</trkpt>
					<trkpt lat="41.922910" lon="8.668280">
						<ele>422</ele>
						<time>2025-03-20T13:26:29Z</time>
					</trkpt>
					<trkpt lat="41.922990" lon="8.668610">
						<ele>424</ele>
						<time>2025-03-20T13:26:42Z</time>
					</trkpt>
					<trkpt lat="41.922950" lon="8.668820">
						<ele>425</ele>
						<time>2025-03-20T13:26:50Z</time>
					</trkpt>
					<trkpt lat="41.922830" lon="8.668940">
						<ele>426</ele>
						<time>2025-03-20T13:26:57Z</time>
					</trkpt>
					<trkpt lat="41.922760" lon="8.668950">
						<ele>426</ele>
						<time>2025-03-20T13:27:01Z</time>
					</trkpt>
					<trkpt lat="41.922710" lon="8.668990">
						<ele>427</ele>
						<time>2025-03-20T13:27:04Z</time>
					</trkpt>
					<trkpt lat="41.922530" lon="8.669210">
						<ele>429</ele>
						<time>2025-03-20T13:27:16Z</time>
					</trkpt>
					<trkpt lat="41.922490" lon="8.669300">
						<ele>430</ele>
						<time>2025-03-20T13:27:20Z</time>
					</trkpt>
					<trkpt lat="41.922530" lon="8.669470">
						<ele>431</ele>
						<time>2025-03-20T13:27:27Z</time>
					</trkpt>
					<trkpt lat="41.922620" lon="8.669610">
						<ele>430</ele>
						<time>2025-03-20T13:27:33Z</time>
					</trkpt>
					<trkpt lat="41.922680" lon="8.669850">
						<ele>431</ele>
						<time>2025-03-20T13:27:43Z</time>
					</trkpt>
					<trkpt lat="41.922680" lon="8.670280">
						<ele>434</ele>
						<time>2025-03-20T13:27:59Z</time>
					</trkpt>
					<trkpt lat="41.922770" lon="8.670670">
						<ele>435</ele>
						<time>2025-03-20T13:28:14Z</time>
					</trkpt>
					<trkpt lat="41.922730" lon="8.670880">
						<ele>437</ele>
						<time>2025-03-20T13:28:22Z</time>
					</trkpt>
					<trkpt lat="41.922620" lon="8.670920">
						<ele>441</ele>
						<time>2025-03-20T13:28:28Z</time>
					</trkpt>
					<trkpt lat="41.922540" lon="8.671010">
						<ele>444</ele>
						<time>2025-03-20T13:28:33Z</time>
					</trkpt>
					<trkpt lat="41.922550" lon="8.671230">
						<ele>447</ele>
						<time>2025-03-20T13:28:41Z</time>
					</trkpt>
					<trkpt lat="41.922470" lon="8.671380">
						<ele>450</ele>
						<time>2025-03-20T13:28:48Z</time>
					</trkpt>
					<trkpt lat="41.922510" lon="8.672080">
						<ele>454</ele>
						<time>2025-03-20T13:29:14Z</time>
					</trkpt>
					<trkpt lat="41.922590" lon="8.672250">
						<ele>452</ele>
						<time>2025-03-20T13:29:22Z</time>
					</trkpt>
					<trkpt lat="41.922570" lon="8.672530">
						<ele>453</ele>
						<time>2025-03-20T13:29:32Z</time>
					</trkpt>
					<trkpt lat="41.922550" lon="8.672590">
						<ele>454</ele>
						<time>2025-03-20T13:29:35Z</time>
					</trkpt>
					<trkpt lat="41.922400" lon="8.672740">
						<ele>454</ele>
						<time>2025-03-20T13:29:44Z</time>
					</trkpt>
					<trkpt lat="41.922360" lon="8.672820">
						<ele>454</ele>
						<time>2025-03-20T13:29:48Z</time>
					</trkpt>
					<trkpt lat="41.922340" lon="8.673110">
						<ele>455</ele>
						<time>2025-03-20T13:29:59Z</time>
					</trkpt>
					<trkpt lat="41.922270" lon="8.673330">
						<ele>454</ele>
						<time>2025-03-20T13:30:07Z</time>
					</trkpt>
					<trkpt lat="41.922270" lon="8.673600">
						<ele>457</ele>
						<time>2025-03-20T13:30:17Z</time>
					</trkpt>
					<trkpt lat="41.922220" lon="8.673790">
						<ele>458</ele>
						<time>2025-03-20T13:30:25Z</time>
					</trkpt>
					<trkpt lat="41.922240" lon="8.674030">
						<ele>460</ele>
						<time>2025-03-20T13:30:34Z</time>
					</trkpt>
					<trkpt lat="41.922190" lon="8.674480">
						<ele>466</ele>
						<time>2025-03-20T13:30:51Z</time>
					</trkpt>
					<trkpt lat="41.922100" lon="8.674730">
						<ele>469</ele>
						<time>2025-03-20T13:31:01Z</time>
					</trkpt>
					<trkpt lat="41.922130" lon="8.674780">
						<ele>470</ele>
						<time>2025-03-20T13:31:04Z</time>
					</trkpt>
					<trkpt lat="41.922090" lon="8.674930">
						<ele>472</ele>
						<time>2025-03-20T13:31:10Z</time>
					</trkpt>
					<trkpt lat="41.922120" lon="8.675050">
						<ele>474</ele>
						<time>2025-03-20T13:31:14Z</time>
					</trkpt>
					<trkpt lat="41.922090" lon="8.675190">
						<ele>477</ele>
						<time>2025-03-20T13:31:20Z</time>
					</trkpt>
					<trkpt lat="41.922110" lon="8.675320">
						<ele>479</ele>
						<time>2025-03-20T13:31:25Z</time>
					</trkpt>
					<trkpt lat="41.921850" lon="8.675690">
						<ele>486</ele>
						<time>2025-03-20T13:31:44Z</time>
					</trkpt>
					<trkpt lat="41.921740" lon="8.675710">
						<ele>487</ele>
						<time>2025-03-20T13:31:49Z</time>
					</trkpt>
					<trkpt lat="41.921590" lon="8.675690">
						<ele>487</ele>
						<time>2025-03-20T13:31:57Z</time>
					</trkpt>
					<trkpt lat="41.921520" lon="8.675780">
						<ele>488</ele>
						<time>2025-03-20T13:32:02Z</time>
					</trkpt>
					<trkpt lat="41.921400" lon="8.675830">
						<ele>487</ele>
						<time>2025-03-20T13:32:08Z</time>
					</trkpt>
					<trkpt lat="41.921290" lon="8.676020">
						<ele>489</ele>
						<time>2025-03-20T13:32:17Z</time>
					</trkpt>
					<trkpt lat="41.921300" lon="8.676170">
						<ele>490</ele>
						<time>2025-03-20T13:32:22Z</time>
					</trkpt>
					<trkpt lat="41.921260" lon="8.676250">
						<ele>491</ele>
						<time>2025-03-20T13:32:26Z</time>
					</trkpt>
					<trkpt lat="41.921160" lon="8.676340">
						<ele>491</ele>
						<time>2025-03-20T13:32:32Z</time>
					</trkpt>
					<trkpt lat="41.921030" lon="8.676410">
						<ele>490</ele>
						<time>2025-03-20T13:32:39Z</time>
					</trkpt>
					<trkpt lat="41.920990" lon="8.676470">
						<ele>490</ele>
						<time>2025-03-20T13:32:42Z</time>
					</trkpt>
					<trkpt lat="41.920920" lon="8.676730">
						<ele>491</ele>
						<time>2025-03-20T13:32:52Z</time>
					</trkpt>
					<trkpt lat="41.920940" lon="8.677010">
						<ele>494</ele>
						<time>2025-03-20T13:33:03Z</time>
					</trkpt>
					<trkpt lat="41.920880" lon="8.677200">
						<ele>495</ele>
						<time>2025-03-20T13:33:11Z</time>
					</trkpt>
					<trkpt lat="41.920860" lon="8.677360">
						<ele>497</ele>
						<time>2025-03-20T13:33:17Z</time>
					</trkpt>
					<trkpt lat="41.920770" lon="8.677510">
						<ele>497</ele>
						<time>2025-03-20T13:33:24Z</time>
					</trkpt>
					<trkpt lat="41.920680" lon="8.677750">
						<ele>498</ele>
						<time>2025-03-20T13:33:34Z</time>
					</trkpt>
					<trkpt lat="41.920690" lon="8.677980">
						<ele>501</ele>
						<time>2025-03-20T13:33:42Z</time>
					</trkpt>
					<trkpt lat="41.920630" lon="8.678240">
						<ele>502</ele>
						<time>2025-03-20T13:33:52Z</time>
					</trkpt>
					<trkpt lat="41.920640" lon="8.678400">
						<ele>504</ele>
						<time>2025-03-20T13:33:58Z</time>
					</trkpt>
					<trkpt lat="41.920720" lon="8.678680">
						<ele>506</ele>
						<time>2025-03-20T13:34:10Z</time>
					</trkpt>
					<trkpt lat="41.920740" lon="8.679050">
						<ele>506</ele>
						<time>2025-03-20T13:34:23Z</time>
					</trkpt>
					<trkpt lat="41.920840" lon="8.679430">
						<ele>507</ele>
						<time>2025-03-20T13:34:38Z</time>
					</trkpt>
					<trkpt lat="41.920940" lon="8.679690">
						<ele>507</ele>
						<time>2025-03-20T13:34:49Z</time>
					</trkpt>
					<trkpt lat="41.921070" lon="8.679920">
						<ele>506</ele>
						<time>2025-03-20T13:35:00Z</time>
					</trkpt>
					<trkpt lat="41.921100" lon="8.680280">
						<ele>504</ele>
						<time>2025-03-20T13:35:14Z</time>
					</trkpt>
					<trkpt lat="41.921190" lon="8.680540">
						<ele>503</ele>
						<time>2025-03-20T13:35:24Z</time>
					</trkpt>
					<trkpt lat="41.921200" lon="8.680640">
						<ele>502</ele>
						<time>2025-03-20T13:35:28Z</time>
					</trkpt>
					<trkpt lat="41.921160" lon="8.681190">
						<ele>499</ele>
						<time>2025-03-20T13:35:49Z</time>
					</trkpt>
					<trkpt lat="41.921030" lon="8.681450">
						<ele>497</ele>
						<time>2025-03-20T13:36:00Z</time>
					</trkpt>
					<trkpt lat="41.920780" lon="8.681570">
						<ele>496</ele>
						<time>2025-03-20T13:36:14Z</time>
					</trkpt>
					<trkpt lat="41.920670" lon="8.681680">
						<ele>493</ele>
						<time>2025-03-20T13:36:20Z</time>
					</trkpt>
					<trkpt lat="41.920640" lon="8.681810">
						<ele>491</ele>
						<time>2025-03-20T13:36:25Z</time>
					</trkpt>
					<trkpt lat="41.920650" lon="8.682000">
						<ele>490</ele>
						<time>2025-03-20T13:36:33Z</time>
					</trkpt>
					<trkpt lat="41.920520" lon="8.682190">
						<ele>485</ele>
						<time>2025-03-20T13:36:42Z</time>
					</trkpt>
					<trkpt lat="41.920500" lon="8.682370">
						<ele>483</ele>
						<time>2025-03-20T13:36:49Z</time>
					</trkpt>
					<trkpt lat="41.920530" lon="8.682490">
						<ele>483</ele>
						<time>2025-03-20T13:36:54Z</time>
					</trkpt>
					<trkpt lat="41.920660" lon="8.682680">
						<ele>482</ele>
						<time>2025-03-20T13:37:03Z</time>
					</trkpt>
					<trkpt lat="41.920770" lon="8.682760">
						<ele>483</ele>
						<time>2025-03-20T13:37:10Z</time>
					</trkpt>
					<trkpt lat="41.920860" lon="8.682900">
						<ele>482</ele>
						<time>2025-03-20T13:37:16Z</time>
					</trkpt>
					<trkpt lat="41.921040" lon="8.683240">
						<ele>477</ele>
						<time>2025-03-20T13:37:32Z</time>
					</trkpt>
					<trkpt lat="41.921120" lon="8.683490">
						<ele>475</ele>
						<time>2025-03-20T13:37:42Z</time>
					</trkpt>
					<trkpt lat="41.921300" lon="8.683690">
						<ele>474</ele>
						<time>2025-03-20T13:37:54Z</time>
					</trkpt>
					<trkpt lat="41.921410" lon="8.684080">
						<ele>471</ele>
						<time>2025-03-20T13:38:09Z</time>
					</trkpt>
					<trkpt lat="41.921390" lon="8.684530">
						<ele>468</ele>
						<time>2025-03-20T13:38:26Z</time>
					</trkpt>
					<trkpt lat="41.921450" lon="8.684580">
						<ele>469</ele>
						<time>2025-03-20T13:38:30Z</time>
					</trkpt>
					<trkpt lat="41.921560" lon="8.684530">
						<ele>471</ele>
						<time>2025-03-20T13:38:35Z</time>
					</trkpt>
					<trkpt lat="41.921660" lon="8.684630">
						<ele>472</ele>
						<time>2025-03-20T13:38:42Z</time>
					</trkpt>
					<trkpt lat="41.921770" lon="8.684850">
						<ele>468</ele>
						<time>2025-03-20T13:38:52Z</time>
					</trkpt>
					<trkpt lat="41.921780" lon="8.685040">
						<ele>466</ele>
						<time>2025-03-20T13:38:59Z</time>
					</trkpt>
					<trkpt lat="41.921830" lon="8.685080">
						<ele>464</ele>
						<time>2025-03-20T13:39:02Z</time>
					</trkpt>
					<trkpt lat="41.921890" lon="8.685200">
						<ele>460</ele>
						<time>2025-03-20T13:39:07Z</time>
					</trkpt>
					<trkpt lat="41.921940" lon="8.685560">
						<ele>453</ele>
						<time>2025-03-20T13:39:21Z</time>
					</trkpt>
					<trkpt lat="41.921880" lon="8.685780">
						<ele>450</ele>
						<time>2025-03-20T13:39:29Z</time>
					</trkpt>
					<trkpt lat="41.921920" lon="8.686110">
						<ele>444</ele>
						<time>2025-03-20T13:39:42Z</time>
					</trkpt>
					<trkpt lat="41.921890" lon="8.686320">
						<ele>441</ele>
						<time>2025-03-20T13:39:50Z</time>
					</trkpt>
					<trkpt lat="41.921910" lon="8.686450">
						<ele>438</ele>
						<time>2025-03-20T13:39:55Z</time>
					</trkpt>
					<trkpt lat="41.921900" lon="8.686700">
						<ele>434</ele>
						<time>2025-03-20T13:40:04Z</time>
					</trkpt>
					<trkpt lat="41.921830" lon="8.686850">
						<ele>431</ele>
						<time>2025-03-20T13:40:11Z</time>
					</trkpt>
					<trkpt lat="41.921830" lon="8.686920">
						<ele>430</ele>
						<time>2025-03-20T13:40:13Z</time>
					</trkpt>
					<trkpt lat="41.921860" lon="8.687400">
						<ele>421</ele>
						<time>2025-03-20T13:40:31Z</time>
					</trkpt>
					<trkpt lat="41.921970" lon="8.688170">
						<ele>409</ele>
						<time>2025-03-20T13:41:00Z</time>
					</trkpt>
					<trkpt lat="41.921970" lon="8.688630">
						<ele>401</ele>
						<time>2025-03-20T13:41:17Z</time>
					</trkpt>
					<trkpt lat="41.921910" lon="8.688930">
						<ele>395</ele>
						<time>2025-03-20T13:41:29Z</time>
					</trkpt>
					<trkpt lat="41.921950" lon="8.689020">
						<ele>394</ele>
						<time>2025-03-20T13:41:33Z</time>
					</trkpt>
					<trkpt lat="41.922010" lon="8.689480">
						<ele>389</ele>
						<time>2025-03-20T13:41:50Z</time>
					</trkpt>
					<trkpt lat="41.921970" lon="8.689760">
						<ele>386</ele>
						<time>2025-03-20T13:42:01Z</time>
					</trkpt>
					<trkpt lat="41.921830" lon="8.690110">
						<ele>383</ele>
						<time>2025-03-20T13:42:16Z</time>
					</trkpt>
					<trkpt lat="41.921800" lon="8.690110">
						<ele>383</ele>
						<time>2025-03-20T13:42:17Z</time>
					</trkpt>
					<trkpt lat="41.921730" lon="8.690030">
						<ele>383</ele>
						<time>2025-03-20T13:42:22Z</time>
					</trkpt>
					<trkpt lat="41.921570" lon="8.689670">
						<ele>384</ele>
						<time>2025-03-20T13:42:37Z</time>
					</trkpt>
					<trkpt lat="41.921530" lon="8.689410">
						<ele>385</ele>
						<time>2025-03-20T13:42:47Z</time>
					</trkpt>
					<trkpt lat="41.921180" lon="8.688780">
						<ele>388</ele>
						<time>2025-03-20T13:43:17Z</time>
					</trkpt>
					<trkpt lat="41.921110" lon="8.688720">
						<ele>388</ele>
						<time>2025-03-20T13:43:21Z</time>
					</trkpt>
					<trkpt lat="41.920920" lon="8.688690">
						<ele>386</ele>
						<time>2025-03-20T13:43:30Z</time>
					</trkpt>
					<trkpt lat="41.920860" lon="8.688660">
						<ele>385</ele>
						<time>2025-03-20T13:43:33Z</time>
					</trkpt>
					<trkpt lat="41.920540" lon="8.688360">
						<ele>385</ele>
						<time>2025-03-20T13:43:53Z</time>
					</trkpt>
					<trkpt lat="41.920480" lon="8.688320">
						<ele>385</ele>
						<time>2025-03-20T13:43:56Z</time>
					</trkpt>
					<trkpt lat="41.920340" lon="8.688290">
						<ele>382</ele>
						<time>2025-03-20T13:44:03Z</time>
					</trkpt>
					<trkpt lat="41.920160" lon="8.688170">
						<ele>382</ele>
						<time>2025-03-20T13:44:14Z</time>
					</trkpt>
					<trkpt lat="41.919770" lon="8.687730">
						<ele>383</ele>
						<time>2025-03-20T13:44:39Z</time>
					</trkpt>
					<trkpt lat="41.919590" lon="8.687660">
						<ele>380</ele>
						<time>2025-03-20T13:44:48Z</time>
					</trkpt>
					<trkpt lat="41.919380" lon="8.687530">
						<ele>378</ele>
						<time>2025-03-20T13:45:00Z</time>
					</trkpt>
					<trkpt lat="41.919060" lon="8.687160">
						<ele>378</ele>
						<time>2025-03-20T13:45:21Z</time>
					</trkpt>
					<trkpt lat="41.918820" lon="8.687000">
						<ele>374</ele>
						<time>2025-03-20T13:45:34Z</time>
					</trkpt>
					<trkpt lat="41.918680" lon="8.686860">
						<ele>372</ele>
						<time>2025-03-20T13:45:43Z</time>
					</trkpt>
					<trkpt lat="41.918570" lon="8.686660">
						<ele>370</ele>
						<time>2025-03-20T13:45:52Z</time>
					</trkpt>
					<trkpt lat="41.918450" lon="8.686310">
						<ele>367</ele>
						<time>2025-03-20T13:46:07Z</time>
					</trkpt>
					<trkpt lat="41.918350" lon="8.686160">
						<ele>364</ele>
						<time>2025-03-20T13:46:14Z</time>
					</trkpt>
					<trkpt lat="41.918330" lon="8.686010">
						<ele>363</ele>
						<time>2025-03-20T13:46:20Z</time>
					</trkpt>
					<trkpt lat="41.918270" lon="8.685870">
						<ele>361</ele>
						<time>2025-03-20T13:46:26Z</time>
					</trkpt>
					<trkpt lat="41.918150" lon="8.685290">
						<ele>356</ele>
						<time>2025-03-20T13:46:48Z</time>
					</trkpt>
					<trkpt lat="41.918080" lon="8.685150">
						<ele>353</ele>
						<time>2025-03-20T13:46:55Z</time>
					</trkpt>
					<trkpt lat="41.918050" lon="8.684960">
						<ele>352</ele>
						<time>2025-03-20T13:47:02Z</time>
					</trkpt>
					<trkpt lat="41.917930" lon="8.684760">
						<ele>348</ele>
						<time>2025-03-20T13:47:11Z</time>
					</trkpt>
					<trkpt lat="41.917840" lon="8.684700">
						<ele>345</ele>
						<time>2025-03-20T13:47:17Z</time>
					</trkpt>
					<trkpt lat="41.917740" lon="8.684570">
						<ele>341</ele>
						<time>2025-03-20T13:47:23Z</time>
					</trkpt>
					<trkpt lat="41.917550" lon="8.684130">
						<ele>338</ele>
						<time>2025-03-20T13:47:42Z</time>
					</trkpt>
					<trkpt lat="41.917430" lon="8.684000">
						<ele>335</ele>
						<time>2025-03-20T13:47:50Z</time>
					</trkpt>
					<trkpt lat="41.917410" lon="8.684080">
						<ele>332</ele>
						<time>2025-03-20T13:47:53Z</time>
					</trkpt>
					<trkpt lat="41.917460" lon="8.684580">
						<ele>329</ele>
						<time>2025-03-20T13:48:12Z</time>
					</trkpt>
					<trkpt lat="41.917550" lon="8.684830">
						<ele>331</ele>
						<time>2025-03-20T13:48:22Z</time>
					</trkpt>
					<trkpt lat="41.917560" lon="8.684940">
						<ele>330</ele>
						<time>2025-03-20T13:48:27Z</time>
					</trkpt>
					<trkpt lat="41.917490" lon="8.685760">
						<ele>327</ele>
						<time>2025-03-20T13:48:57Z</time>
					</trkpt>
					<trkpt lat="41.917410" lon="8.685950">
						<ele>326</ele>
						<time>2025-03-20T13:49:05Z</time>
					</trkpt>
					<trkpt lat="41.917320" lon="8.685980">
						<ele>324</ele>
						<time>2025-03-20T13:49:10Z</time>
					</trkpt>
					<trkpt lat="41.917010" lon="8.685740">
						<ele>315</ele>
						<time>2025-03-20T13:49:28Z</time>
					</trkpt>
					<trkpt lat="41.916810" lon="8.685680">
						<ele>309</ele>
						<time>2025-03-20T13:49:38Z</time>
					</trkpt>
					<trkpt lat="41.916730" lon="8.685780">
						<ele>309</ele>
						<time>2025-03-20T13:49:44Z</time>
					</trkpt>
					<trkpt lat="41.916790" lon="8.685970">
						<ele>312</ele>
						<time>2025-03-20T13:49:51Z</time>
					</trkpt>
					<trkpt lat="41.916800" lon="8.686060">
						<ele>314</ele>
						<time>2025-03-20T13:49:55Z</time>
					</trkpt>
					<trkpt lat="41.916780" lon="8.686100">
						<ele>314</ele>
						<time>2025-03-20T13:49:57Z</time>
					</trkpt>
					<trkpt lat="41.916720" lon="8.686120">
						<ele>313</ele>
						<time>2025-03-20T13:50:00Z</time>
					</trkpt>
					<trkpt lat="41.916400" lon="8.686030">
						<ele>306</ele>
						<time>2025-03-20T13:50:16Z</time>
					</trkpt>
					<trkpt lat="41.916330" lon="8.686080">
						<ele>306</ele>
						<time>2025-03-20T13:50:20Z</time>
					</trkpt>
					<trkpt lat="41.916270" lon="8.686200">
						<ele>306</ele>
						<time>2025-03-20T13:50:25Z</time>
					</trkpt>
					<trkpt lat="41.916100" lon="8.686270">
						<ele>304</ele>
						<time>2025-03-20T13:50:34Z</time>
					</trkpt>
					<trkpt lat="41.916010" lon="8.686270">
						<ele>303</ele>
						<time>2025-03-20T13:50:39Z</time>
					</trkpt>
					<trkpt lat="41.915940" lon="8.686230">
						<ele>301</ele>
						<time>2025-03-20T13:50:43Z</time>
					</trkpt>
					<trkpt lat="41.915820" lon="8.686070">
						<ele>297</ele>
						<time>2025-03-20T13:50:51Z</time>
					</trkpt>
					<trkpt lat="41.915680" lon="8.686030">
						<ele>294</ele>
						<time>2025-03-20T13:50:58Z</time>
					</trkpt>
					<trkpt lat="41.915340" lon="8.686140">
						<ele>287</ele>
						<time>2025-03-20T13:51:16Z</time>
					</trkpt>
					<trkpt lat="41.915160" lon="8.686110">
						<ele>283</ele>
						<time>2025-03-20T13:51:25Z</time>
					</trkpt>
					<trkpt lat="41.915060" lon="8.686190">
						<ele>281</ele>
						<time>2025-03-20T13:51:31Z</time>
					</trkpt>
					<trkpt lat="41.915020" lon="8.686330">
						<ele>280</ele>
						<time>2025-03-20T13:51:36Z</time>
					</trkpt>
					<trkpt lat="41.915050" lon="8.686800">
						<ele>280</ele>
						<time>2025-03-20T13:51:54Z</time>
					</trkpt>
					<trkpt lat="41.915160" lon="8.687370">
						<ele>276</ele>
						<time>2025-03-20T13:52:16Z</time>
					</trkpt>
					<trkpt lat="41.915220" lon="8.687540">
						<ele>275</ele>
						<time>2025-03-20T13:52:23Z</time>
					</trkpt>
					<trkpt lat="41.915330" lon="8.687730">
						<ele>273</ele>
						<time>2025-03-20T13:52:32Z</time>
					</trkpt>
					<trkpt lat="41.915430" lon="8.687840">
						<ele>272</ele>
						<time>2025-03-20T13:52:38Z</time>
					</trkpt>
					<trkpt lat="41.915890" lon="8.688080">
						<ele>276</ele>
						<time>2025-03-20T13:53:03Z</time>
					</trkpt>
					<trkpt lat="41.915950" lon="8.688170">
						<ele>275</ele>
						<time>2025-03-20T13:53:07Z</time>
					</trkpt>
					<trkpt lat="41.916020" lon="8.688460">
						<ele>270</ele>
						<time>2025-03-20T13:53:19Z</time>
					</trkpt>
					<trkpt lat="41.916150" lon="8.688750">
						<ele>271</ele>
						<time>2025-03-20T13:53:31Z</time>
					</trkpt>
					<trkpt lat="41.916180" lon="8.688900">
						<ele>270</ele>
						<time>2025-03-20T13:53:37Z</time>
					</trkpt>
					<trkpt lat="41.916160" lon="8.689070">
						<ele>266</ele>
						<time>2025-03-20T13:53:43Z</time>
					</trkpt>
					<trkpt lat="41.916080" lon="8.689320">
						<ele>258</ele>
						<time>2025-03-20T13:53:54Z</time>
					</trkpt>
					<trkpt lat="41.916170" lon="8.689620">
						<ele>256</ele>
						<time>2025-03-20T13:54:06Z</time>
					</trkpt>
					<trkpt lat="41.916220" lon="8.690100">
						<ele>248</ele>
						<time>2025-03-20T13:54:24Z</time>
					</trkpt>
					<trkpt lat="41.916300" lon="8.690280">
						<ele>244</ele>
						<time>2025-03-20T13:54:31Z</time>
					</trkpt>
					<trkpt lat="41.916490" lon="8.690480">
						<ele>244</ele>
						<time>2025-03-20T13:54:44Z</time>
					</trkpt>
					<trkpt lat="41.916650" lon="8.690550">
						<ele>248</ele>
						<time>2025-03-20T13:54:52Z</time>
					</trkpt>
					<trkpt lat="41.916800" lon="8.690560">
						<ele>251</ele>
						<time>2025-03-20T13:54:59Z</time>
					</trkpt>
					<trkpt lat="41.917060" lon="8.690460">
						<ele>261</ele>
						<time>2025-03-20T13:55:13Z</time>
					</trkpt>
					<trkpt lat="41.917230" lon="8.690440">
						<ele>266</ele>
						<time>2025-03-20T13:55:22Z</time>
					</trkpt>
					<trkpt lat="41.917470" lon="8.690460">
						<ele>271</ele>
						<time>2025-03-20T13:55:34Z</time>
					</trkpt>
					<trkpt lat="41.917550" lon="8.690550">
						<ele>271</ele>
						<time>2025-03-20T13:55:39Z</time>
					</trkpt>
					<trkpt lat="41.917560" lon="8.690740">
						<ele>267</ele>
						<time>2025-03-20T13:55:46Z</time>
					</trkpt>
					<trkpt lat="41.917520" lon="8.691250">
						<ele>259</ele>
						<time>2025-03-20T13:56:05Z</time>
					</trkpt>
					<trkpt lat="41.917540" lon="8.691450">
						<ele>259</ele>
						<time>2025-03-20T13:56:13Z</time>
					</trkpt>
					<trkpt lat="41.917590" lon="8.691630">
						<ele>260</ele>
						<time>2025-03-20T13:56:20Z</time>
					</trkpt>
					<trkpt lat="41.917570" lon="8.691970">
						<ele>257</ele>
						<time>2025-03-20T13:56:32Z</time>
					</trkpt>
					<trkpt lat="41.917580" lon="8.692320">
						<ele>257</ele>
						<time>2025-03-20T13:56:45Z</time>
					</trkpt>
					<trkpt lat="41.917690" lon="8.692700">
						<ele>265</ele>
						<time>2025-03-20T13:57:01Z</time>
					</trkpt>
					<trkpt lat="41.917660" lon="8.692840">
						<ele>267</ele>
						<time>2025-03-20T13:57:06Z</time>
					</trkpt>
					<trkpt lat="41.917610" lon="8.692930">
						<ele>267</ele>
						<time>2025-03-20T13:57:10Z</time>
					</trkpt>
					<trkpt lat="41.917550" lon="8.693020">
						<ele>266</ele>
						<time>2025-03-20T13:57:15Z</time>
					</trkpt>
					<trkpt lat="41.917470" lon="8.693070">
						<ele>265</ele>
						<time>2025-03-20T13:57:19Z</time>
					</trkpt>
					<trkpt lat="41.917290" lon="8.693100">
						<ele>259</ele>
						<time>2025-03-20T13:57:28Z</time>
					</trkpt>
					<trkpt lat="41.917130" lon="8.693040">
						<ele>252</ele>
						<time>2025-03-20T13:57:37Z</time>
					</trkpt>
					<trkpt lat="41.916810" lon="8.693230">
						<ele>247</ele>
						<time>2025-03-20T13:57:54Z</time>
					</trkpt>
					<trkpt lat="41.916490" lon="8.693310">
						<ele>243</ele>
						<time>2025-03-20T13:58:10Z</time>
					</trkpt>
					<trkpt lat="41.916150" lon="8.693470">
						<ele>243</ele>
						<time>2025-03-20T13:58:28Z</time>
					</trkpt>
					<trkpt lat="41.915790" lon="8.693490">
						<ele>238</ele>
						<time>2025-03-20T13:58:46Z</time>
					</trkpt>
					<trkpt lat="41.915480" lon="8.693560">
						<ele>233</ele>
						<time>2025-03-20T13:59:02Z</time>
					</trkpt>
					<trkpt lat="41.915240" lon="8.693770">
						<ele>232</ele>
						<time>2025-03-20T13:59:16Z</time>
					</trkpt>
					<trkpt lat="41.914780" lon="8.693990">
						<ele>223</ele>
						<time>2025-03-20T13:59:41Z</time>
					</trkpt>
					<trkpt lat="41.914670" lon="8.694150">
						<ele>222</ele>
						<time>2025-03-20T13:59:49Z</time>
					</trkpt>
					<trkpt lat="41.914630" lon="8.694300">
						<ele>221</ele>
						<time>2025-03-20T13:59:55Z</time>
					</trkpt>
					<trkpt lat="41.914670" lon="8.694740">
						<ele>223</ele>
						<time>2025-03-20T14:00:11Z</time>
					</trkpt>
					<trkpt lat="41.914740" lon="8.694990">
						<ele>226</ele>
						<time>2025-03-20T14:00:21Z</time>
					</trkpt>
					<trkpt lat="41.914720" lon="8.695170">
						<ele>227</ele>
						<time>2025-03-20T14:00:28Z</time>
					</trkpt>
					<trkpt lat="41.914240" lon="8.695720">
						<ele>209</ele>
						<time>2025-03-20T14:01:00Z</time>
					</trkpt>
					<trkpt lat="41.914220" lon="8.695800">
						<ele>208</ele>
						<time>2025-03-20T14:01:03Z</time>
					</trkpt>
					<trkpt lat="41.914210" lon="8.695950">
						<ele>207</ele>
						<time>2025-03-20T14:01:08Z</time>
					</trkpt>
					<trkpt lat="41.914430" lon="8.696680">
						<ele>211</ele>
						<time>2025-03-20T14:01:38Z</time>
					</trkpt>
					<trkpt lat="41.914530" lon="8.696860">
						<ele>212</ele>
						<time>2025-03-20T14:01:46Z</time>
					</trkpt>
					<trkpt lat="41.914710" lon="8.697090">
						<ele>215</ele>
						<time>2025-03-20T14:01:59Z</time>
					</trkpt>
					<trkpt lat="41.914990" lon="8.697590">
						<ele>213</ele>
						<time>2025-03-20T14:02:22Z</time>
					</trkpt>
					<trkpt lat="41.915040" lon="8.697950">
						<ele>210</ele>
						<time>2025-03-20T14:02:36Z</time>
					</trkpt>
					<trkpt lat="41.915100" lon="8.698150">
						<ele>210</ele>
						<time>2025-03-20T14:02:44Z</time>
					</trkpt>
					<trkpt lat="41.915110" lon="8.698370">
						<ele>208</ele>
						<time>2025-03-20T14:02:52Z</time>
					</trkpt>
					<trkpt lat="41.915090" lon="8.698540">
						<ele>208</ele>
						<time>2025-03-20T14:02:58Z</time>
					</trkpt>
					<trkpt lat="41.915020" lon="8.698640">
						<ele>206</ele>
						<time>2025-03-20T14:03:03Z</time>
					</trkpt>
					<trkpt lat="41.914840" lon="8.698740">
						<ele>202</ele>
						<time>2025-03-20T14:03:13Z</time>
					</trkpt>
					<trkpt lat="41.914770" lon="8.698730">
						<ele>200</ele>
						<time>2025-03-20T14:03:17Z</time>
					</trkpt>
					<trkpt lat="41.914660" lon="8.698650">
						<ele>196</ele>
						<time>2025-03-20T14:03:23Z</time>
					</trkpt>
					<trkpt lat="41.914550" lon="8.698660">
						<ele>193</ele>
						<time>2025-03-20T14:03:28Z</time>
					</trkpt>
					<trkpt lat="41.914470" lon="8.698760">
						<ele>192</ele>
						<time>2025-03-20T14:03:34Z</time>
					</trkpt>
					<trkpt lat="41.914370" lon="8.698990">
						<ele>191</ele>
						<time>2025-03-20T14:03:44Z</time>
					</trkpt>
					<trkpt lat="41.914360" lon="8.699200">
						<ele>191</ele>
						<time>2025-03-20T14:03:52Z</time>
					</trkpt>
					<trkpt lat="41.914460" lon="8.699710">
						<ele>193</ele>
						<time>2025-03-20T14:04:11Z</time>
					</trkpt>
					<trkpt lat="41.914450" lon="8.699810">
						<ele>192</ele>
						<time>2025-03-20T14:04:15Z</time>
					</trkpt>
					<trkpt lat="41.914250" lon="8.700140">
						<ele>182</ele>
						<time>2025-03-20T14:04:31Z</time>
					</trkpt>
					<trkpt lat="41.914220" lon="8.700490">
						<ele>178</ele>
						<time>2025-03-20T14:04:44Z</time>
					</trkpt>
					<trkpt lat="41.914240" lon="8.700700">
						<ele>178</ele>
						<time>2025-03-20T14:04:52Z</time>
					</trkpt>
					<trkpt lat="41.914290" lon="8.701000">
						<ele>176</ele>
						<time>2025-03-20T14:05:03Z</time>
					</trkpt>
					<trkpt lat="41.914350" lon="8.701140">
						<ele>176</ele>
						<time>2025-03-20T14:05:09Z</time>
					</trkpt>
					<trkpt lat="41.914690" lon="8.701590">
						<ele>182</ele>
						<time>2025-03-20T14:05:33Z</time>
					</trkpt>
					<trkpt lat="41.914870" lon="8.701950">
						<ele>179</ele>
						<time>2025-03-20T14:05:49Z</time>
					</trkpt>
					<trkpt lat="41.915020" lon="8.702180">
						<ele>180</ele>
						<time>2025-03-20T14:06:01Z</time>
					</trkpt>
					<trkpt lat="41.915130" lon="8.702500">
						<ele>176</ele>
						<time>2025-03-20T14:06:14Z</time>
					</trkpt>
					<trkpt lat="41.915400" lon="8.702810">
						<ele>188</ele>
						<time>2025-03-20T14:06:32Z</time>
					</trkpt>
					<trkpt lat="41.915460" lon="8.703270">
						<ele>186</ele>
						<time>2025-03-20T14:06:49Z</time>
					</trkpt>
					<trkpt lat="41.915440" lon="8.703380">
						<ele>185</ele>
						<time>2025-03-20T14:06:53Z</time>
					</trkpt>
					<trkpt lat="41.915360" lon="8.703520">
						<ele>184</ele>
						<time>2025-03-20T14:07:00Z</time>
					</trkpt>
					<trkpt lat="41.915250" lon="8.703580">
						<ele>180</ele>
						<time>2025-03-20T14:07:06Z</time>
					</trkpt>
					<trkpt lat="41.915000" lon="8.703640">
						<ele>168</ele>
						<time>2025-03-20T14:07:18Z</time>
					</trkpt>
					<trkpt lat="41.914640" lon="8.703810">
						<ele>154</ele>
						<time>2025-03-20T14:07:37Z</time>
					</trkpt>
					<trkpt lat="41.914560" lon="8.703870">
						<ele>152</ele>
						<time>2025-03-20T14:07:42Z</time>
					</trkpt>
					<trkpt lat="41.914510" lon="8.704000">
						<ele>152</ele>
						<time>2025-03-20T14:07:48Z</time>
					</trkpt>
					<trkpt lat="41.914460" lon="8.704460">
						<ele>161</ele>
						<time>2025-03-20T14:08:05Z</time>
					</trkpt>
					<trkpt lat="41.914290" lon="8.704910">
						<ele>165</ele>
						<time>2025-03-20T14:08:24Z</time>
					</trkpt>
					<trkpt lat="41.913980" lon="8.705170">
						<ele>155</ele>
						<time>2025-03-20T14:08:42Z</time>
					</trkpt>
					<trkpt lat="41.913930" lon="8.705260">
						<ele>153</ele>
						<time>2025-03-20T14:08:46Z</time>
					</trkpt>
					<trkpt lat="41.914020" lon="8.705580">
						<ele>160</ele>
						<time>2025-03-20T14:08:59Z</time>
					</trkpt>
					<trkpt lat="41.914150" lon="8.705750">
						<ele>167</ele>
						<time>2025-03-20T14:09:08Z</time>
					</trkpt>
					<trkpt lat="41.914260" lon="8.706060">
						<ele>174</ele>
						<time>2025-03-20T14:09:21Z</time>
					</trkpt>
					<trkpt lat="41.914350" lon="8.706210">
						<ele>179</ele>
						<time>2025-03-20T14:09:28Z</time>
					</trkpt>
					<trkpt lat="41.914410" lon="8.706540">
						<ele>183</ele>
						<time>2025-03-20T14:09:41Z</time>
					</trkpt>
					<trkpt lat="41.914400" lon="8.706750">
						<ele>183</ele>
						<time>2025-03-20T14:09:48Z</time>
					</trkpt>
					<trkpt lat="41.914340" lon="8.706910">
						<ele>181</ele>
						<time>2025-03-20T14:09:55Z</time>
					</trkpt>
					<trkpt lat="41.913990" lon="8.707580">
						<ele>173</ele>
						<time>2025-03-20T14:10:26Z</time>
					</trkpt>
					<trkpt lat="41.913860" lon="8.707740">
						<ele>169</ele>
						<time>2025-03-20T14:10:34Z</time>
					</trkpt>
					<trkpt lat="41.913820" lon="8.707830">
						<ele>168</ele>
						<time>2025-03-20T14:10:38Z</time>
					</trkpt>
					<trkpt lat="41.913830" lon="8.707930">
						<ele>168</ele>
						<time>2025-03-20T14:10:42Z</time>
					</trkpt>
					<trkpt lat="41.913910" lon="8.708170">
						<ele>169</ele>
						<time>2025-03-20T14:10:52Z</time>
					</trkpt>
					<trkpt lat="41.913930" lon="8.708510">
						<ele>168</ele>
						<time>2025-03-20T14:11:05Z</time>
					</trkpt>
					<trkpt lat="41.914000" lon="8.708650">
						<ele>170</ele>
						<time>2025-03-20T14:11:11Z</time>
					</trkpt>
					<trkpt lat="41.914000" lon="8.708980">
						<ele>168</ele>
						<time>2025-03-20T14:11:23Z</time>
					</trkpt>
					<trkpt lat="41.914050" lon="8.709050">
						<ele>170</ele>
						<time>2025-03-20T14:11:27Z</time>
					</trkpt>
					<trkpt lat="41.914270" lon="8.709180">
						<ele>177</ele>
						<time>2025-03-20T14:11:39Z</time>
					</trkpt>
					<trkpt lat="41.914500" lon="8.709190">
						<ele>182</ele>
						<time>2025-03-20T14:11:50Z</time>
					</trkpt>
					<trkpt lat="41.914560" lon="8.709170">
						<ele>183</ele>
						<time>2025-03-20T14:11:53Z</time>
					</trkpt>
					<trkpt lat="41.914620" lon="8.709110">
						<ele>186</ele>
						<time>2025-03-20T14:11:57Z</time>
					</trkpt>
					<trkpt lat="41.914660" lon="8.709110">
						<ele>187</ele>
						<time>2025-03-20T14:11:59Z</time>
					</trkpt>
					<trkpt lat="41.914780" lon="8.709240">
						<ele>187</ele>
						<time>2025-03-20T14:12:07Z</time>
					</trkpt>
					<trkpt lat="41.914840" lon="8.709270">
						<ele>188</ele>
						<time>2025-03-20T14:12:10Z</time>
					</trkpt>
					<trkpt lat="41.915170" lon="8.709130">
						<ele>199</ele>
						<time>2025-03-20T14:12:27Z</time>
					</trkpt>
					<trkpt lat="41.915240" lon="8.708970">
						<ele>205</ele>
						<time>2025-03-20T14:12:34Z</time>
					</trkpt>
					<trkpt lat="41.915400" lon="8.708950">
						<ele>210</ele>
						<time>2025-03-20T14:12:42Z</time>
					</trkpt>
					<trkpt lat="41.915530" lon="8.708900">
						<ele>215</ele>
						<time>2025-03-20T14:12:49Z</time>
					</trkpt>
					<trkpt lat="41.915480" lon="8.708810">
						<ele>216</ele>
						<time>2025-03-20T14:12:53Z</time>
					</trkpt>
					<trkpt lat="41.915480" lon="8.708590">
						<ele>221</ele>
						<time>2025-03-20T14:13:01Z</time>
					</trkpt>
					<trkpt lat="41.915550" lon="8.708490">
						<ele>226</ele>
						<time>2025-03-20T14:13:07Z</time>
					</trkpt>
					<trkpt lat="41.915660" lon="8.708500">
						<ele>230</ele>
						<time>2025-03-20T14:13:12Z</time>
					</trkpt>
					<trkpt lat="41.915670" lon="8.708470">
						<ele>231</ele>
						<time>2025-03-20T14:13:13Z</time>
					</trkpt>
					<trkpt lat="41.915630" lon="8.708400">
						<ele>231</ele>
						<time>2025-03-20T14:13:17Z</time>
					</trkpt>
					<trkpt lat="41.915710" lon="8.708320">
						<ele>236</ele>
						<time>2025-03-20T14:13:22Z</time>
					</trkpt>
					<trkpt lat="41.915700" lon="8.708190">
						<ele>238</ele>
						<time>2025-03-20T14:13:26Z</time>
					</trkpt>
					<trkpt lat="41.915830" lon="8.708000">
						<ele>247</ele>
						<time>2025-03-20T14:13:36Z</time>
					</trkpt>
					<trkpt lat="41.915930" lon="8.707990">
						<ele>251</ele>
						<time>2025-03-20T14:13:41Z</time>
					</trkpt>
					<trkpt lat="41.915990" lon="8.707890">
						<ele>256</ele>
						<time>2025-03-20T14:13:46Z</time>
					</trkpt>
					<trkpt lat="41.916050" lon="8.707870">
						<ele>259</ele>
						<time>2025-03-20T14:13:49Z</time>
					</trkpt>
					<trkpt lat="41.916040" lon="8.707740">
						<ele>261</ele>
						<time>2025-03-20T14:13:54Z</time>
					</trkpt>
					<trkpt lat="41.915980" lon="8.707550">
						<ele>264</ele>
						<time>2025-03-20T14:14:01Z</time>
					</trkpt>
					<trkpt lat="41.916040" lon="8.707290">
						<ele>269</ele>
						<time>2025-03-20T14:14:12Z</time>
					</trkpt>
					<trkpt lat="41.916090" lon="8.707280">
						<ele>271</ele>
						<time>2025-03-20T14:14:14Z</time>
					</trkpt>
					<trkpt lat="41.916140" lon="8.707160">
						<ele>274</ele>
						<time>2025-03-20T14:14:19Z</time>
					</trkpt>
					<trkpt lat="41.916210" lon="8.707170">
						<ele>277</ele>
						<time>2025-03-20T14:14:23Z</time>
					</trkpt>
					<trkpt lat="41.916240" lon="8.707020">
						<ele>280</ele>
						<time>2025-03-20T14:14:29Z</time>
					</trkpt>
					<trkpt lat="41.916310" lon="8.706970">
						<ele>283</ele>
						<time>2025-03-20T14:14:33Z</time>
					</trkpt>
					<trkpt lat="41.916380" lon="8.706870">
						<ele>287</ele>
						<time>2025-03-20T14:14:38Z</time>
					</trkpt>
					<trkpt lat="41.916430" lon="8.706990">
						<ele>288</ele>
						<time>2025-03-20T14:14:43Z</time>
					</trkpt>
					<trkpt lat="41.916480" lon="8.707020">
						<ele>290</ele>
						<time>2025-03-20T14:14:45Z</time>
					</trkpt>
					<trkpt lat="41.916490" lon="8.706950">
						<ele>291</ele>
						<time>2025-03-20T14:14:48Z</time>
					</trkpt>
					<trkpt lat="41.916560" lon="8.706890">
						<ele>295</ele>
						<time>2025-03-20T14:14:52Z</time>
					</trkpt>
					<trkpt lat="41.916590" lon="8.706790">
						<ele>298</ele>
						<time>2025-03-20T14:14:56Z</time>
					</trkpt>
					<trkpt lat="41.916720" lon="8.706750">
						<ele>304</ele>
						<time>2025-03-20T14:15:03Z</time>
					</trkpt>
					<trkpt lat="41.916760" lon="8.706780">
						<ele>305</ele>
						<time>2025-03-20T14:15:05Z</time>
					</trkpt>
					<trkpt lat="41.916810" lon="8.706780">
						<ele>306</ele>
						<time>2025-03-20T14:15:08Z</time>
					</trkpt>
					<trkpt lat="41.916860" lon="8.706680">
						<ele>309</ele>
						<time>2025-03-20T14:15:12Z</time>
					</trkpt>
					<trkpt lat="41.916920" lon="8.706670">
						<ele>311</ele>
						<time>2025-03-20T14:15:15Z</time>
					</trkpt>
					<trkpt lat="41.917020" lon="8.706720">
						<ele>314</ele>
						<time>2025-03-20T14:15:21Z</time>
					</trkpt>
					<trkpt lat="41.917140" lon="8.706920">
						<ele>315</ele>
						<time>2025-03-20T14:15:30Z</time>
					</trkpt>
					<trkpt lat="41.917500" lon="8.707340">
						<ele>318</ele>
						<time>2025-03-20T14:15:54Z</time>
					</trkpt>
					<trkpt lat="41.917970" lon="8.707480">
						<ele>323</ele>
						<time>2025-03-20T14:16:18Z</time>
					</trkpt>
					<trkpt lat="41.918190" lon="8.707580">
						<ele>325</ele>
						<time>2025-03-20T14:16:30Z</time>
					</trkpt>
					<trkpt lat="41.918360" lon="8.707680">
						<ele>325</ele>
						<time>2025-03-20T14:16:39Z</time>
					</trkpt>
					<trkpt lat="41.918460" lon="8.707780">
						<ele>325</ele>
						<time>2025-03-20T14:16:45Z</time>
					</trkpt>
					<trkpt lat="41.918830" lon="8.708290">
						<ele>324</ele>
						<time>2025-03-20T14:17:12Z</time>
					</trkpt>
					<trkpt lat="41.918900" lon="8.708430">
						<ele>324</ele>
						<time>2025-03-20T14:17:18Z</time>
					</trkpt>
					<trkpt lat="41.919040" lon="8.708860">
						<ele>321</ele>
						<time>2025-03-20T14:17:36Z</time>
					</trkpt>
					<trkpt lat="41.919140" lon="8.708980">
						<ele>322</ele>
						<time>2025-03-20T14:17:42Z</time>
					</trkpt>
					<trkpt lat="41.919340" lon="8.709050">
						<ele>324</ele>
						<time>2025-03-20T14:17:53Z</time>
					</trkpt>
					<trkpt lat="41.919720" lon="8.709060">
						<ele>329</ele>
						<time>2025-03-20T14:18:12Z</time>
					</trkpt>
					<trkpt lat="41.920170" lon="8.709190">
						<ele>329</ele>
						<time>2025-03-20T14:18:35Z</time>
					</trkpt>
					<trkpt lat="41.920320" lon="8.709290">
						<ele>327</ele>
						<time>2025-03-20T14:18:43Z</time>
					</trkpt>
					<trkpt lat="41.920350" lon="8.709680">
						<ele>319</ele>
						<time>2025-03-20T14:18:58Z</time>
					</trkpt>
					<trkpt lat="41.920470" lon="8.709910">
						<ele>314</ele>
						<time>2025-03-20T14:19:08Z</time>
					</trkpt>
					<trkpt lat="41.920590" lon="8.710050">
						<ele>311</ele>
						<time>2025-03-20T14:19:16Z</time>
					</trkpt>
					<trkpt lat="41.920650" lon="8.710180">
						<ele>309</ele>
						<time>2025-03-20T14:19:22Z</time>
					</trkpt>
					<trkpt lat="41.920680" lon="8.710500">
						<ele>304</ele>
						<time>2025-03-20T14:19:34Z</time>
					</trkpt>
					<trkpt lat="41.920770" lon="8.710810">
						<ele>300</ele>
						<time>2025-03-20T14:19:46Z</time>
					</trkpt>
					<trkpt lat="41.920780" lon="8.710950">
						<ele>298</ele>
						<time>2025-03-20T14:19:51Z</time>
					</trkpt>
					<trkpt lat="41.920740" lon="8.711220">
						<ele>294</ele>
						<time>2025-03-20T14:20:02Z</time>
					</trkpt>
					<trkpt lat="41.920870" lon="8.711450">
						<ele>291</ele>
						<time>2025-03-20T14:20:12Z</time>
					</trkpt>
					<trkpt lat="41.920860" lon="8.711600">
						<ele>289</ele>
						<time>2025-03-20T14:20:18Z</time>
					</trkpt>
					<trkpt lat="41.920810" lon="8.711770">
						<ele>286</ele>
						<time>2025-03-20T14:20:25Z</time>
					</trkpt>
					<trkpt lat="41.920650" lon="8.712130">
						<ele>278</ele>
						<time>2025-03-20T14:20:40Z</time>
					</trkpt>
					<trkpt lat="41.920590" lon="8.712530">
						<ele>271</ele>
						<time>2025-03-20T14:20:56Z</time>
					</trkpt>
					<trkpt lat="41.920610" lon="8.712840">
						<ele>271</ele>
						<time>2025-03-20T14:21:07Z</time>
					</trkpt>
					<trkpt lat="41.920570" lon="8.713210">
						<ele>270</ele>
						<time>2025-03-20T14:21:21Z</time>
					</trkpt>
					<trkpt lat="41.920520" lon="8.713300">
						<ele>268</ele>
						<time>2025-03-20T14:21:25Z</time>
					</trkpt>
					<trkpt lat="41.920230" lon="8.713530">
						<ele>260</ele>
						<time>2025-03-20T14:21:42Z</time>
					</trkpt>
					<trkpt lat="41.920110" lon="8.713680">
						<ele>256</ele>
						<time>2025-03-20T14:21:50Z</time>
					</trkpt>
					<trkpt lat="41.920040" lon="8.713830">
						<ele>253</ele>
						<time>2025-03-20T14:21:57Z</time>
					</trkpt>
					<trkpt lat="41.920080" lon="8.714060">
						<ele>253</ele>
						<time>2025-03-20T14:22:06Z</time>
					</trkpt>
					<trkpt lat="41.920210" lon="8.714430">
						<ele>252</ele>
						<time>2025-03-20T14:22:21Z</time>
					</trkpt>
					<trkpt lat="41.920230" lon="8.714580">
						<ele>250</ele>
						<time>2025-03-20T14:22:27Z</time>
					</trkpt>
					<trkpt lat="41.920360" lon="8.714900">
						<ele>251</ele>
						<time>2025-03-20T14:22:40Z</time>
					</trkpt>
					<trkpt lat="41.920380" lon="8.715200">
						<ele>249</ele>
						<time>2025-03-20T14:22:51Z</time>
					</trkpt>
					<trkpt lat="41.920320" lon="8.715810">
						<ele>240</ele>
						<time>2025-03-20T14:23:14Z</time>
					</trkpt>
					<trkpt lat="41.920140" lon="8.716330">
						<ele>231</ele>
						<time>2025-03-20T14:23:36Z</time>
					</trkpt>
					<trkpt lat="41.919960" lon="8.716630">
						<ele>224</ele>
						<time>2025-03-20T14:23:50Z</time>
					</trkpt>
					<trkpt lat="41.919890" lon="8.716980">
						<ele>218</ele>
						<time>2025-03-20T14:24:04Z</time>
					</trkpt>
					<trkpt lat="41.919840" lon="8.717100">
						<ele>215</ele>
						<time>2025-03-20T14:24:09Z</time>
					</trkpt>
					<trkpt lat="41.919710" lon="8.717290">
						<ele>210</ele>
						<time>2025-03-20T14:24:18Z</time>
					</trkpt>
					<trkpt lat="41.919490" lon="8.717400">
						<ele>204</ele>
						<time>2025-03-20T14:24:30Z</time>
					</trkpt>
					<trkpt lat="41.919380" lon="8.717490">
						<ele>201</ele>
						<time>2025-03-20T14:24:37Z</time>
					</trkpt>
					<trkpt lat="41.919360" lon="8.717560">
						<ele>200</ele>
						<time>2025-03-20T14:24:39Z</time>
					</trkpt>
					<trkpt lat="41.919290" lon="8.717620">
						<ele>197</ele>
						<time>2025-03-20T14:24:43Z</time>
					</trkpt>
					<trkpt lat="41.919310" lon="8.717770">
						<ele>194</ele>
						<time>2025-03-20T14:24:49Z</time>
					</trkpt>
					<trkpt lat="41.919400" lon="8.717950">
						<ele>192</ele>
						<time>2025-03-20T14:24:57Z</time>
					</trkpt>
					<trkpt lat="41.919500" lon="8.718080">
						<ele>191</ele>
						<time>2025-03-20T14:25:04Z</time>
					</trkpt>
					<trkpt lat="41.919600" lon="8.718160">
						<ele>192</ele>
						<time>2025-03-20T14:25:10Z</time>
					</trkpt>
					<trkpt lat="41.919690" lon="8.718290">
						<ele>192</ele>
						<time>2025-03-20T14:25:17Z</time>
					</trkpt>
					<trkpt lat="41.919830" lon="8.718370">
						<ele>195</ele>
						<time>2025-03-20T14:25:24Z</time>
					</trkpt>
					<trkpt lat="41.919850" lon="8.718410">
						<ele>195</ele>
						<time>2025-03-20T14:25:26Z</time>
					</trkpt>
					<trkpt lat="41.919830" lon="8.718550">
						<ele>195</ele>
						<time>2025-03-20T14:25:31Z</time>
					</trkpt>
					<trkpt lat="41.919290" lon="8.719540">
						<ele>180</ele>
						<time>2025-03-20T14:26:17Z</time>
					</trkpt>
					<trkpt lat="41.919120" lon="8.719750">
						<ele>177</ele>
						<time>2025-03-20T14:26:29Z</time>
					</trkpt>
					<trkpt lat="41.919040" lon="8.719890">
						<ele>176</ele>
						<time>2025-03-20T14:26:35Z</time>
					</trkpt>
					<trkpt lat="41.918870" lon="8.720270">
						<ele>172</ele>
						<time>2025-03-20T14:26:52Z</time>
					</trkpt>
					<trkpt lat="41.918660" lon="8.720580">
						<ele>165</ele>
						<time>2025-03-20T14:27:07Z</time>
					</trkpt>
					<trkpt lat="41.918620" lon="8.720730">
						<ele>165</ele>
						<time>2025-03-20T14:27:13Z</time>
					</trkpt>
					<trkpt lat="41.918660" lon="8.720990">
						<ele>166</ele>
						<time>2025-03-20T14:27:23Z</time>
					</trkpt>
					<trkpt lat="41.918800" lon="8.721260">
						<ele>168</ele>
						<time>2025-03-20T14:27:35Z</time>
					</trkpt>
					<trkpt lat="41.918880" lon="8.721360">
						<ele>170</ele>
						<time>2025-03-20T14:27:41Z</time>
					</trkpt>
					<trkpt lat="41.919040" lon="8.721760">
						<ele>171</ele>
						<time>2025-03-20T14:27:58Z</time>
					</trkpt>
					<trkpt lat="41.919080" lon="8.722050">
						<ele>170</ele>
						<time>2025-03-20T14:28:09Z</time>
					</trkpt>
					<trkpt lat="41.919030" lon="8.722870">
						<ele>158</ele>
						<time>2025-03-20T14:28:39Z</time>
					</trkpt>
					<trkpt lat="41.919180" lon="8.723450">
						<ele>157</ele>
						<time>2025-03-20T14:29:02Z</time>
					</trkpt>
					<trkpt lat="41.919180" lon="8.723570">
						<ele>154</ele>
						<time>2025-03-20T14:29:07Z</time>
					</trkpt>
					<trkpt lat="41.919130" lon="8.723520">
						<ele>153</ele>
						<time>2025-03-20T14:29:10Z</time>
					</trkpt>
					<trkpt lat="41.918960" lon="8.723150">
						<ele>150</ele>
						<time>2025-03-20T14:29:26Z</time>
					</trkpt>
					<trkpt lat="41.918920" lon="8.723110">
						<ele>148</ele>
						<time>2025-03-20T14:29:28Z</time>
					</trkpt>
					<trkpt lat="41.918970" lon="8.723380">
						<ele>147</ele>
						<time>2025-03-20T14:29:39Z</time>
					</trkpt>
					<trkpt lat="41.919050" lon="8.723610">
						<ele>146</ele>
						<time>2025-03-20T14:29:48Z</time>
					</trkpt>
					<trkpt lat="41.919030" lon="8.723670">
						<ele>143</ele>
						<time>2025-03-20T14:29:51Z</time>
					</trkpt>
					<trkpt lat="41.918760" lon="8.723170">
						<ele>138</ele>
						<time>2025-03-20T14:30:14Z</time>
					</trkpt>
					<trkpt lat="41.918690" lon="8.722970">
						<ele>136</ele>
						<time>2025-03-20T14:30:22Z</time>
					</trkpt>
					<trkpt lat="41.918640" lon="8.722930">
						<ele>133</ele>
						<time>2025-03-20T14:30:25Z</time>
					</trkpt>
					<trkpt lat="41.918640" lon="8.722960">
						<ele>133</ele>
						<time>2025-03-20T14:30:26Z</time>
					</trkpt>
					<trkpt lat="41.918810" lon="8.723640">
						<ele>132</ele>
						<time>2025-03-20T14:30:53Z</time>
					</trkpt>
					<trkpt lat="41.919190" lon="8.724450">
						<ele>130</ele>
						<time>2025-03-20T14:31:28Z</time>
					</trkpt>
					<trkpt lat="41.919220" lon="8.724570">
						<ele>127</ele>
						<time>2025-03-20T14:31:33Z</time>
					</trkpt>
					<trkpt lat="41.919060" lon="8.724430">
						<ele>125</ele>
						<time>2025-03-20T14:31:43Z</time>
					</trkpt>
					<trkpt lat="41.918800" lon="8.724020">
						<ele>123</ele>
						<time>2025-03-20T14:32:03Z</time>
					</trkpt>
					<trkpt lat="41.918470" lon="8.723660">
						<ele>112</ele>
						<time>2025-03-20T14:32:24Z</time>
					</trkpt>
					<trkpt lat="41.918270" lon="8.723340">
						<ele>107</ele>
						<time>2025-03-20T14:32:40Z</time>
					</trkpt>
					<trkpt lat="41.918060" lon="8.722800">
						<ele>104</ele>
						<time>2025-03-20T14:33:02Z</time>
					</trkpt>
					<trkpt lat="41.918010" lon="8.722740">
						<ele>103</ele>
						<time>2025-03-20T14:33:06Z</time>
					</trkpt>
					<trkpt lat="41.917960" lon="8.722940">
						<ele>98</ele>
						<time>2025-03-20T14:33:13Z</time>
					</trkpt>
					<trkpt lat="41.917980" lon="8.723450">
						<ele>93</ele>
						<time>2025-03-20T14:33:32Z</time>
					</trkpt>
					<trkpt lat="41.917950" lon="8.723530">
						<ele>91</ele>
						<time>2025-03-20T14:33:36Z</time>
					</trkpt>
					<trkpt lat="41.917720" lon="8.723330">
						<ele>83</ele>
						<time>2025-03-20T14:33:49Z</time>
					</trkpt>
					<trkpt lat="41.917530" lon="8.722990">
						<ele>79</ele>
						<time>2025-03-20T14:34:05Z</time>
					</trkpt>
					<trkpt lat="41.917420" lon="8.722900">
						<ele>76</ele>
						<time>2025-03-20T14:34:12Z</time>
					</trkpt>
					<trkpt lat="41.916800" lon="8.722870">
						<ele>58</ele>
						<time>2025-03-20T14:34:43Z</time>
					</trkpt>
					<trkpt lat="41.916690" lon="8.722880">
						<ele>55</ele>
						<time>2025-03-20T14:34:48Z</time>
					</trkpt>
					<trkpt lat="41.916600" lon="8.722950">
						<ele>54</ele>
						<time>2025-03-20T14:34:54Z</time>
					</trkpt>
					<trkpt lat="41.916440" lon="8.723390">
						<ele>51</ele>
						<time>2025-03-20T14:35:12Z</time>
					</trkpt>
					<trkpt lat="41.916450" lon="8.723580">
						<ele>50</ele>
						<time>2025-03-20T14:35:19Z</time>
					</trkpt>
					<trkpt lat="41.916510" lon="8.723740">
						<ele>50</ele>
						<time>2025-03-20T14:35:26Z</time>
					</trkpt>
					<trkpt lat="41.916570" lon="8.723810">
						<ele>50</ele>
						<time>2025-03-20T14:35:30Z</time>
					</trkpt>
					<trkpt lat="41.916800" lon="8.723750">
						<ele>54</ele>
						<time>2025-03-20T14:35:41Z</time>
					</trkpt>
					<trkpt lat="41.916860" lon="8.723770">
						<ele>56</ele>
						<time>2025-03-20T14:35:44Z</time>
					</trkpt>
					<trkpt lat="41.916880" lon="8.723810">
						<ele>56</ele>
						<time>2025-03-20T14:35:46Z</time>
					</trkpt>
					<trkpt lat="41.916820" lon="8.723880">
						<ele>54</ele>
						<time>2025-03-20T14:35:50Z</time>
					</trkpt>
					<trkpt lat="41.916610" lon="8.723980">
						<ele>49</ele>
						<time>2025-03-20T14:36:01Z</time>
					</trkpt>
					<trkpt lat="41.916550" lon="8.724060">
						<ele>47</ele>
						<time>2025-03-20T14:36:05Z</time>
					</trkpt>
					<trkpt lat="41.916550" lon="8.724250">
						<ele>46</ele>
						<time>2025-03-20T14:36:13Z</time>
					</trkpt>
					<trkpt lat="41.916650" lon="8.724710">
						<ele>45</ele>
						<time>2025-03-20T14:36:30Z</time>
					</trkpt>
					<trkpt lat="41.916630" lon="8.724750">
						<ele>44</ele>
						<time>2025-03-20T14:36:32Z</time>
					</trkpt>
					</trkseg>
				</trk>
			</gpx>