<?xml version="1.0" encoding="UTF-8"?>
<gpx creator="StravaGPX" version="1.1" xmlns="http://www.topografix.com/GPX/1/1" xmlns:xsi="http://www.w3.org/2001/XMLSchema-instance" xsi:schemaLocation="http://www.topografix.com/GPX/1/1 http://www.topografix.com/GPX/1/1/gpx.xsd">
 <metadata>
  <name>Peak LR OOB</name>
  <author>
   <name>Tom Evans</name>
   <link href="https://www.strava.com/athletes/26891889"/>
  </author>
  <copyright author="OpenStreetMap contributors">
   <year>2020</year>
   <license>https://www.openstreetmap.org/copyright</license>
  </copyright>
  <link href="https://www.strava.com/routes/3369626143941345310"/>
 </metadata>
 <trk>
  <name>Peak LR OOB</name>
  <link href="https://www.strava.com/routes/3369626143941345310"/>
  <type>running</type>
  <trkseg>
   <trkpt lat="53.34919000000001" lon="-1.7425800000000002">
    <ele>169.23000000000002</ele>
   </trkpt>
   <trkpt lat="53.34984000000001" lon="-1.74269">
    <ele>170.16</ele>
   </trkpt>
   <trkpt lat="53.35005" lon="-1.74276">
    <ele>170.62</ele>
   </trkpt>
   <trkpt lat="53.35056" lon="-1.7430800000000002">
    <ele>170.89000000000001</ele>
   </trkpt>
   <trkpt lat="53.351130000000005" lon="-1.74337">
    <ele>170.85</ele>
   </trkpt>
   <trkpt lat="53.35139" lon="-1.74344">
    <ele>170.66</ele>
   </trkpt>
   <trkpt lat="53.35168" lon="-1.74357">
    <ele>170.06</ele>
   </trkpt>
   <trkpt lat="53.35179" lon="-1.7436800000000001">
    <ele>170.06</ele>
   </trkpt>
   <trkpt lat="53.351960000000005" lon="-1.74401">
    <ele>169.21000000000004</ele>
   </trkpt>
   <trkpt lat="53.352070000000005" lon="-1.7441900000000001">
    <ele>169.24</ele>
   </trkpt>
   <trkpt lat="53.35239000000001" lon="-1.74459">
    <ele>170.47</ele>
   </trkpt>
   <trkpt lat="53.35275000000001" lon="-1.74496">
    <ele>171.57</ele>
   </trkpt>
   <trkpt lat="53.35314" lon="-1.74513">
    <ele>171.94</ele>
   </trkpt>
   <trkpt lat="53.353350000000006" lon="-1.7453400000000001">
    <ele>171.8</ele>
   </trkpt>
   <trkpt lat="53.35372" lon="-1.74564">
    <ele>171.61</ele>
   </trkpt>
   <trkpt lat="53.353970000000004" lon="-1.74591">
    <ele>172.03</ele>
   </trkpt>
   <trkpt lat="53.35421" lon="-1.7463300000000002">
    <ele>173.48000000000002</ele>
   </trkpt>
   <trkpt lat="53.35441" lon="-1.7468700000000001">
    <ele>173.87000000000003</ele>
   </trkpt>
   <trkpt lat="53.354560000000006" lon="-1.7471500000000002">
    <ele>174.01000000000002</ele>
   </trkpt>
   <trkpt lat="53.35479" lon="-1.74737">
    <ele>174.34000000000003</ele>
   </trkpt>
   <trkpt lat="53.355090000000004" lon="-1.74754">
    <ele>174.38</ele>
   </trkpt>
   <trkpt lat="53.35551" lon="-1.7478300000000002">
    <ele>174.6</ele>
   </trkpt>
   <trkpt lat="53.35597500064716" lon="-1.7482749949722343">
    <ele>174.91</ele>
   </trkpt>
   <trkpt lat="53.356440000000006" lon="-1.74872">
    <ele>173.91</ele>
   </trkpt>
   <trkpt lat="53.356840000000005" lon="-1.74903">
    <ele>173.15000000000003</ele>
   </trkpt>
   <trkpt lat="53.356910000000006" lon="-1.7492400000000001">
    <ele>173.35</ele>
   </trkpt>
   <trkpt lat="53.357165001665265" lon="-1.7498649963408814">
    <ele>177.58</ele>
   </trkpt>
   <trkpt lat="53.357420000000005" lon="-1.75049">
    <ele>178.08</ele>
   </trkpt>
   <trkpt lat="53.357530000000004" lon="-1.75103">
    <ele>181.44000000000003</ele>
   </trkpt>
   <trkpt lat="53.357580000000006" lon="-1.7512">
    <ele>181.84</ele>
   </trkpt>
   <trkpt lat="53.35781000000001" lon="-1.75171">
    <ele>183.8</ele>
   </trkpt>
   <trkpt lat="53.357910000000004" lon="-1.75187">
    <ele>184.54</ele>
   </trkpt>
   <trkpt lat="53.35821000000001" lon="-1.75222">
    <ele>188.82000000000002</ele>
   </trkpt>
   <trkpt lat="53.35833" lon="-1.75283">
    <ele>194.69000000000003</ele>
   </trkpt>
   <trkpt lat="53.358340000000005" lon="-1.75309">
    <ele>198.55</ele>
   </trkpt>
   <trkpt lat="53.35831" lon="-1.75323">
    <ele>198.55</ele>
   </trkpt>
   <trkpt lat="53.35826" lon="-1.7533">
    <ele>198.55</ele>
   </trkpt>
   <trkpt lat="53.35813" lon="-1.7534200000000002">
    <ele>203.47</ele>
   </trkpt>
   <trkpt lat="53.35839000000001" lon="-1.75435">
    <ele>219.08</ele>
   </trkpt>
   <trkpt lat="53.35858" lon="-1.75486">
    <ele>226.32000000000002</ele>
   </trkpt>
   <trkpt lat="53.35875000000001" lon="-1.75513">
    <ele>229.47</ele>
   </trkpt>
   <trkpt lat="53.359" lon="-1.75533">
    <ele>232.95000000000002</ele>
   </trkpt>
   <trkpt lat="53.359350000000006" lon="-1.75543">
    <ele>236.94</ele>
   </trkpt>
   <trkpt lat="53.359440000000006" lon="-1.75557">
    <ele>237.94</ele>
   </trkpt>
   <trkpt lat="53.35961" lon="-1.75625">
    <ele>247.77</ele>
   </trkpt>
   <trkpt lat="53.35980000000001" lon="-1.75689">
    <ele>255.67000000000002</ele>
   </trkpt>
   <trkpt lat="53.35989000000001" lon="-1.75747">
    <ele>262.05</ele>
   </trkpt>
   <trkpt lat="53.35999" lon="-1.75872">
    <ele>277.37</ele>
   </trkpt>
   <trkpt lat="53.35999" lon="-1.75909">
    <ele>284.90999999999997</ele>
   </trkpt>
   <trkpt lat="53.36001" lon="-1.7591500000000002">
    <ele>284.90999999999997</ele>
   </trkpt>
   <trkpt lat="53.35989000000001" lon="-1.75954">
    <ele>292.55</ele>
   </trkpt>
   <trkpt lat="53.35992" lon="-1.76018">
    <ele>299.63</ele>
   </trkpt>
   <trkpt lat="53.35999" lon="-1.7609500000000002">
    <ele>312.61</ele>
   </trkpt>
   <trkpt lat="53.360040000000005" lon="-1.76167">
    <ele>324.18</ele>
   </trkpt>
   <trkpt lat="53.36016500314943" lon="-1.7625399973538258">
    <ele>339.14000000000004</ele>
   </trkpt>
   <trkpt lat="53.360290000000006" lon="-1.7634100000000001">
    <ele>351.61</ele>
   </trkpt>
   <trkpt lat="53.36048000217967" lon="-1.7641199971075516">
    <ele>359.86</ele>
   </trkpt>
   <trkpt lat="53.360670000000006" lon="-1.7648300000000001">
    <ele>366.26000000000005</ele>
   </trkpt>
   <trkpt lat="53.360890000000005" lon="-1.76547">
    <ele>370.76000000000005</ele>
   </trkpt>
   <trkpt lat="53.361255003286836" lon="-1.7663499925845505">
    <ele>376.6</ele>
   </trkpt>
   <trkpt lat="53.36162" lon="-1.76723">
    <ele>385.69</ele>
   </trkpt>
   <trkpt lat="53.36209500248908" lon="-1.7680149911071141">
    <ele>395.40000000000003</ele>
   </trkpt>
   <trkpt lat="53.362570000000005" lon="-1.7688000000000001">
    <ele>402.79</ele>
   </trkpt>
   <trkpt lat="53.362660000000005" lon="-1.76889">
    <ele>404.56</ele>
   </trkpt>
   <trkpt lat="53.363060000000004" lon="-1.7691000000000001">
    <ele>409.96000000000004</ele>
   </trkpt>
   <trkpt lat="53.36323" lon="-1.76913">
    <ele>415.7</ele>
   </trkpt>
   <trkpt lat="53.363530000000004" lon="-1.76916">
    <ele>425.75</ele>
   </trkpt>
   <trkpt lat="53.36363000000001" lon="-1.76919">
    <ele>428.64</ele>
   </trkpt>
   <trkpt lat="53.364050000000006" lon="-1.76974">
    <ele>445.36</ele>
   </trkpt>
   <trkpt lat="53.364180000000005" lon="-1.76984">
    <ele>451.49000000000007</ele>
   </trkpt>
   <trkpt lat="53.36442" lon="-1.77014">
    <ele>457.8</ele>
   </trkpt>
   <trkpt lat="53.36484" lon="-1.7713500000000002">
    <ele>471.97</ele>
   </trkpt>
   <trkpt lat="53.36484" lon="-1.7713700000000001">
    <ele>471.97</ele>
   </trkpt>
   <trkpt lat="53.364740000000005" lon="-1.77241">
    <ele>467.89000000000004</ele>
   </trkpt>
   <trkpt lat="53.36466000000001" lon="-1.77272">
    <ele>464.49</ele>
   </trkpt>
   <trkpt lat="53.364380000000004" lon="-1.77357">
    <ele>454.19000000000005</ele>
   </trkpt>
   <trkpt lat="53.364320000000006" lon="-1.77381">
    <ele>451.53000000000003</ele>
   </trkpt>
   <trkpt lat="53.36410000000001" lon="-1.7743900000000001">
    <ele>444.45</ele>
   </trkpt>
   <trkpt lat="53.363980000000005" lon="-1.77465">
    <ele>437.20000000000005</ele>
   </trkpt>
   <trkpt lat="53.36388" lon="-1.77496">
    <ele>433.3</ele>
   </trkpt>
   <trkpt lat="53.36363000000001" lon="-1.77553">
    <ele>426.3500000000001</ele>
   </trkpt>
   <trkpt lat="53.36328" lon="-1.77655">
    <ele>419.76</ele>
   </trkpt>
   <trkpt lat="53.36312" lon="-1.77716">
    <ele>416.81</ele>
   </trkpt>
   <trkpt lat="53.362840000000006" lon="-1.7780200000000002">
    <ele>413.79</ele>
   </trkpt>
   <trkpt lat="53.36285" lon="-1.77811">
    <ele>413.79</ele>
   </trkpt>
   <trkpt lat="53.36249" lon="-1.7791700000000001">
    <ele>416.80000000000007</ele>
   </trkpt>
   <trkpt lat="53.36244000000001" lon="-1.77923">
    <ele>418.45000000000005</ele>
   </trkpt>
   <trkpt lat="53.36225" lon="-1.7801500000000001">
    <ele>425.78000000000003</ele>
   </trkpt>
   <trkpt lat="53.36225" lon="-1.78024">
    <ele>426.81</ele>
   </trkpt>
   <trkpt lat="53.362170000000006" lon="-1.78048">
    <ele>428.07000000000005</ele>
   </trkpt>
   <trkpt lat="53.362010000000005" lon="-1.78133">
    <ele>430.11</ele>
   </trkpt>
   <trkpt lat="53.36202" lon="-1.78143">
    <ele>430.19</ele>
   </trkpt>
   <trkpt lat="53.36196" lon="-1.7816">
    <ele>430.48</ele>
   </trkpt>
   <trkpt lat="53.36184" lon="-1.78218">
    <ele>431.45000000000005</ele>
   </trkpt>
   <trkpt lat="53.36177000000001" lon="-1.7824200000000001">
    <ele>431.03000000000003</ele>
   </trkpt>
   <trkpt lat="53.36169" lon="-1.78262">
    <ele>430.00000000000006</ele>
   </trkpt>
   <trkpt lat="53.3614" lon="-1.78306">
    <ele>426.3</ele>
   </trkpt>
   <trkpt lat="53.36094000000001" lon="-1.7836100000000001">
    <ele>402.59000000000003</ele>
   </trkpt>
   <trkpt lat="53.360870000000006" lon="-1.78377">
    <ele>396.55</ele>
   </trkpt>
   <trkpt lat="53.360730000000004" lon="-1.78394">
    <ele>394.39</ele>
   </trkpt>
   <trkpt lat="53.36068" lon="-1.7839800000000001">
    <ele>393.85</ele>
   </trkpt>
   <trkpt lat="53.36063000000001" lon="-1.7841000000000002">
    <ele>393.3</ele>
   </trkpt>
   <trkpt lat="53.36056000000001" lon="-1.78434">
    <ele>393.61</ele>
   </trkpt>
   <trkpt lat="53.36034000000001" lon="-1.7853200000000002">
    <ele>391.68</ele>
   </trkpt>
   <trkpt lat="53.360290000000006" lon="-1.7853">
    <ele>391.28000000000003</ele>
   </trkpt>
   <trkpt lat="53.360260000000004" lon="-1.78546">
    <ele>392.24</ele>
   </trkpt>
   <trkpt lat="53.36023" lon="-1.78573">
    <ele>393.53000000000003</ele>
   </trkpt>
   <trkpt lat="53.36019" lon="-1.78645">
    <ele>397.39</ele>
   </trkpt>
   <trkpt lat="53.36009000000001" lon="-1.78702">
    <ele>400.01000000000005</ele>
   </trkpt>
   <trkpt lat="53.36000000000001" lon="-1.78733">
    <ele>401.66</ele>
   </trkpt>
   <trkpt lat="53.35978000000001" lon="-1.7878800000000001">
    <ele>402.47</ele>
   </trkpt>
   <trkpt lat="53.359455004049636" lon="-1.7888600073646865">
    <ele>404.18</ele>
   </trkpt>
   <trkpt lat="53.35913000000001" lon="-1.78984">
    <ele>411.17</ele>
   </trkpt>
   <trkpt lat="53.35882000809577" lon="-1.7908233475944906">
    <ele>416.59000000000003</ele>
   </trkpt>
   <trkpt lat="53.35851000810987" lon="-1.7918066808828559">
    <ele>420.77000000000004</ele>
   </trkpt>
   <trkpt lat="53.358200000000004" lon="-1.79279">
    <ele>421.96000000000004</ele>
   </trkpt>
   <trkpt lat="53.35805000250641" lon="-1.793565002746192">
    <ele>418.37</ele>
   </trkpt>
   <trkpt lat="53.35790000000001" lon="-1.79434">
    <ele>413.31</ele>
   </trkpt>
   <trkpt lat="53.35771000295945" lon="-1.7951750035214902">
    <ele>402.53000000000003</ele>
   </trkpt>
   <trkpt lat="53.35752" lon="-1.79601">
    <ele>395.79</ele>
   </trkpt>
   <trkpt lat="53.35737334620001" lon="-1.7972500084038228">
    <ele>389.32000000000005</ele>
   </trkpt>
   <trkpt lat="53.35722667954876" lon="-1.7984900082732118">
    <ele>392.95</ele>
   </trkpt>
   <trkpt lat="53.35708" lon="-1.79973">
    <ele>394.85</ele>
   </trkpt>
   <trkpt lat="53.356885004459194" lon="-1.8007600045769585">
    <ele>397.8</ele>
   </trkpt>
   <trkpt lat="53.35669000000001" lon="-1.8017900000000002">
    <ele>401.46000000000004</ele>
   </trkpt>
   <trkpt lat="53.356660000000005" lon="-1.80204">
    <ele>402.22</ele>
   </trkpt>
   <trkpt lat="53.356590000000004" lon="-1.80228">
    <ele>403.4200000000001</ele>
   </trkpt>
   <trkpt lat="53.35624000000001" lon="-1.80326">
    <ele>409.89000000000004</ele>
   </trkpt>
   <trkpt lat="53.355955001823375" lon="-1.8039150043099756">
    <ele>413.61</ele>
   </trkpt>
   <trkpt lat="53.35567" lon="-1.8045700000000002">
    <ele>420.11</ele>
   </trkpt>
   <trkpt lat="53.355540000000005" lon="-1.80475">
    <ele>420.96000000000004</ele>
   </trkpt>
   <trkpt lat="53.35519000000001" lon="-1.80536">
    <ele>427.17</ele>
   </trkpt>
   <trkpt lat="53.35504" lon="-1.8055500000000002">
    <ele>428.11</ele>
   </trkpt>
   <trkpt lat="53.354690000000005" lon="-1.80577">
    <ele>432.58</ele>
   </trkpt>
   <trkpt lat="53.35452" lon="-1.806">
    <ele>434.35</ele>
   </trkpt>
   <trkpt lat="53.354110000000006" lon="-1.80638">
    <ele>441.12</ele>
   </trkpt>
   <trkpt lat="53.35350500091202" lon="-1.806835006423033">
    <ele>450.24</ele>
   </trkpt>
   <trkpt lat="53.352900000000005" lon="-1.80729">
    <ele>459.34000000000003</ele>
   </trkpt>
   <trkpt lat="53.35268000000001" lon="-1.80756">
    <ele>465.61</ele>
   </trkpt>
   <trkpt lat="53.35233" lon="-1.80787">
    <ele>472.72</ele>
   </trkpt>
   <trkpt lat="53.35226" lon="-1.8079800000000001">
    <ele>475.23</ele>
   </trkpt>
   <trkpt lat="53.35210000000001" lon="-1.8081200000000002">
    <ele>480.56000000000006</ele>
   </trkpt>
   <trkpt lat="53.351910000000004" lon="-1.80834">
    <ele>485.47</ele>
   </trkpt>
   <trkpt lat="53.35173" lon="-1.80838">
    <ele>486.75</ele>
   </trkpt>
   <trkpt lat="53.351290000000006" lon="-1.80851">
    <ele>490.49</ele>
   </trkpt>
   <trkpt lat="53.35094" lon="-1.80868">
    <ele>494.74</ele>
   </trkpt>
   <trkpt lat="53.35043" lon="-1.80895">
    <ele>503.72</ele>
   </trkpt>
   <trkpt lat="53.349920000000004" lon="-1.80916">
    <ele>507.9600000000001</ele>
   </trkpt>
   <trkpt lat="53.34987" lon="-1.8092000000000001">
    <ele>510.70000000000005</ele>
   </trkpt>
   <trkpt lat="53.34964" lon="-1.80932">
    <ele>511.65000000000003</ele>
   </trkpt>
   <trkpt lat="53.349560000000004" lon="-1.80939">
    <ele>514.3100000000001</ele>
   </trkpt>
   <trkpt lat="53.34922" lon="-1.8096">
    <ele>516.24</ele>
   </trkpt>
   <trkpt lat="53.349180000000004" lon="-1.8097">
    <ele>515.93</ele>
   </trkpt>
   <trkpt lat="53.34917" lon="-1.8098100000000001">
    <ele>515.63</ele>
   </trkpt>
   <trkpt lat="53.34901000000001" lon="-1.8102300000000002">
    <ele>509.8</ele>
   </trkpt>
   <trkpt lat="53.34886" lon="-1.81054">
    <ele>507.89000000000004</ele>
   </trkpt>
   <trkpt lat="53.34875" lon="-1.8108000000000002">
    <ele>506.3500000000001</ele>
   </trkpt>
   <trkpt lat="53.34872000000001" lon="-1.81109">
    <ele>505.49</ele>
   </trkpt>
   <trkpt lat="53.348650000000006" lon="-1.81129">
    <ele>504.85</ele>
   </trkpt>
   <trkpt lat="53.348650000000006" lon="-1.81143">
    <ele>501.3500000000001</ele>
   </trkpt>
   <trkpt lat="53.34859" lon="-1.8115400000000002">
    <ele>500.85</ele>
   </trkpt>
   <trkpt lat="53.3485" lon="-1.81166">
    <ele>496.82000000000005</ele>
   </trkpt>
   <trkpt lat="53.348420000000004" lon="-1.8118100000000001">
    <ele>494.27000000000004</ele>
   </trkpt>
   <trkpt lat="53.348060000000004" lon="-1.81271">
    <ele>478.52000000000004</ele>
   </trkpt>
   <trkpt lat="53.34781" lon="-1.81299">
    <ele>471.58000000000004</ele>
   </trkpt>
   <trkpt lat="53.347770000000004" lon="-1.8130600000000001">
    <ele>471.58000000000004</ele>
   </trkpt>
   <trkpt lat="53.347730000000006" lon="-1.81322">
    <ele>468.20000000000005</ele>
   </trkpt>
   <trkpt lat="53.34772" lon="-1.81353">
    <ele>460.9800000000001</ele>
   </trkpt>
   <trkpt lat="53.3477" lon="-1.81356">
    <ele>460.9800000000001</ele>
   </trkpt>
   <trkpt lat="53.34767" lon="-1.8135500000000002">
    <ele>460.89</ele>
   </trkpt>
   <trkpt lat="53.34751000000001" lon="-1.81356">
    <ele>458.46000000000004</ele>
   </trkpt>
   <trkpt lat="53.34749000000001" lon="-1.8136">
    <ele>458.46000000000004</ele>
   </trkpt>
   <trkpt lat="53.34729" lon="-1.8135800000000002">
    <ele>453.20000000000005</ele>
   </trkpt>
   <trkpt lat="53.34727" lon="-1.81363">
    <ele>452.75000000000006</ele>
   </trkpt>
   <trkpt lat="53.347240000000006" lon="-1.8136500000000002">
    <ele>452.75000000000006</ele>
   </trkpt>
   <trkpt lat="53.34727" lon="-1.8137">
    <ele>452.75000000000006</ele>
   </trkpt>
   <trkpt lat="53.347500000000004" lon="-1.81366">
    <ele>455.90000000000003</ele>
   </trkpt>
   <trkpt lat="53.347930000000005" lon="-1.8137400000000001">
    <ele>455.86</ele>
   </trkpt>
   <trkpt lat="53.34803" lon="-1.81373">
    <ele>454.99000000000007</ele>
   </trkpt>
   <trkpt lat="53.348130000000005" lon="-1.81366">
    <ele>453.52000000000004</ele>
   </trkpt>
   <trkpt lat="53.34852000000001" lon="-1.81326">
    <ele>448.68</ele>
   </trkpt>
   <trkpt lat="53.34864" lon="-1.8131800000000002">
    <ele>447.62</ele>
   </trkpt>
   <trkpt lat="53.34863000000001" lon="-1.81312">
    <ele>447.62</ele>
   </trkpt>
   <trkpt lat="53.348670000000006" lon="-1.8130400000000002">
    <ele>447.63</ele>
   </trkpt>
   <trkpt lat="53.349050000000005" lon="-1.8130600000000001">
    <ele>442.68</ele>
   </trkpt>
   <trkpt lat="53.34953000015539" lon="-1.8130250003831327">
    <ele>435.1</ele>
   </trkpt>
   <trkpt lat="53.350010000000005" lon="-1.81299">
    <ele>424.21000000000004</ele>
   </trkpt>
   <trkpt lat="53.350190000000005" lon="-1.81302">
    <ele>421.88000000000005</ele>
   </trkpt>
   <trkpt lat="53.35058000000001" lon="-1.81302">
    <ele>418.57000000000005</ele>
   </trkpt>
   <trkpt lat="53.35074" lon="-1.8130600000000001">
    <ele>417.35</ele>
   </trkpt>
   <trkpt lat="53.35107000000001" lon="-1.81299">
    <ele>413.69000000000005</ele>
   </trkpt>
   <trkpt lat="53.35116000000001" lon="-1.81305">
    <ele>412.67</ele>
   </trkpt>
   <trkpt lat="53.35119" lon="-1.81309">
    <ele>411.99</ele>
   </trkpt>
   <trkpt lat="53.351220000000005" lon="-1.81309">
    <ele>411.19000000000005</ele>
   </trkpt>
   <trkpt lat="53.351350000000004" lon="-1.81319">
    <ele>408.44</ele>
   </trkpt>
   <trkpt lat="53.35177" lon="-1.81373">
    <ele>396.18</ele>
   </trkpt>
   <trkpt lat="53.35192000000001" lon="-1.81383">
    <ele>392.6</ele>
   </trkpt>
   <trkpt lat="53.35211" lon="-1.81394">
    <ele>389.39</ele>
   </trkpt>
   <trkpt lat="53.35253" lon="-1.81404">
    <ele>377.01</ele>
   </trkpt>
   <trkpt lat="53.352850000000004" lon="-1.8138900000000002">
    <ele>372.77000000000004</ele>
   </trkpt>
   <trkpt lat="53.353" lon="-1.81383">
    <ele>369.4</ele>
   </trkpt>
   <trkpt lat="53.35323" lon="-1.81356">
    <ele>365.25</ele>
   </trkpt>
   <trkpt lat="53.35333000000001" lon="-1.81356">
    <ele>363.16</ele>
   </trkpt>
   <trkpt lat="53.353640000000006" lon="-1.8135000000000001">
    <ele>353.44</ele>
   </trkpt>
   <trkpt lat="53.353770000000004" lon="-1.81339">
    <ele>351.23</ele>
   </trkpt>
   <trkpt lat="53.353860000000005" lon="-1.8132300000000001">
    <ele>351.23</ele>
   </trkpt>
   <trkpt lat="53.353910000000006" lon="-1.81322">
    <ele>345.58000000000004</ele>
   </trkpt>
   <trkpt lat="53.353970000000004" lon="-1.81326">
    <ele>345.58000000000004</ele>
   </trkpt>
   <trkpt lat="53.354020000000006" lon="-1.81336">
    <ele>342.31</ele>
   </trkpt>
   <trkpt lat="53.354110000000006" lon="-1.8136400000000001">
    <ele>339.23</ele>
   </trkpt>
   <trkpt lat="53.354150000000004" lon="-1.81373">
    <ele>338.3</ele>
   </trkpt>
   <trkpt lat="53.35423" lon="-1.8138">
    <ele>336.54</ele>
   </trkpt>
   <trkpt lat="53.354310000000005" lon="-1.8138">
    <ele>334.04</ele>
   </trkpt>
   <trkpt lat="53.35448" lon="-1.81373">
    <ele>331.74</ele>
   </trkpt>
   <trkpt lat="53.35464" lon="-1.8135700000000001">
    <ele>329.16</ele>
   </trkpt>
   <trkpt lat="53.354760000000006" lon="-1.81349">
    <ele>328.02000000000004</ele>
   </trkpt>
   <trkpt lat="53.354850000000006" lon="-1.81336">
    <ele>327.51</ele>
   </trkpt>
   <trkpt lat="53.35490000000001" lon="-1.81326">
    <ele>326.86</ele>
   </trkpt>
   <trkpt lat="53.354980000000005" lon="-1.81288">
    <ele>325.90000000000003</ele>
   </trkpt>
   <trkpt lat="53.355070000000005" lon="-1.81272">
    <ele>325.82000000000005</ele>
   </trkpt>
   <trkpt lat="53.355230000000006" lon="-1.81251">
    <ele>325.70000000000005</ele>
   </trkpt>
   <trkpt lat="53.355360000000005" lon="-1.81244">
    <ele>324.75000000000006</ele>
   </trkpt>
   <trkpt lat="53.35557000000001" lon="-1.81254">
    <ele>323.21000000000004</ele>
   </trkpt>
   <trkpt lat="53.355610000000006" lon="-1.81254">
    <ele>320.78000000000003</ele>
   </trkpt>
   <trkpt lat="53.35568000000001" lon="-1.81248">
    <ele>320.78000000000003</ele>
   </trkpt>
   <trkpt lat="53.355720000000005" lon="-1.8123300000000002">
    <ele>319.64000000000004</ele>
   </trkpt>
   <trkpt lat="53.35577000000001" lon="-1.81224">
    <ele>318.5</ele>
   </trkpt>
   <trkpt lat="53.355810000000005" lon="-1.81221">
    <ele>318.5</ele>
   </trkpt>
   <trkpt lat="53.355900000000005" lon="-1.81231">
    <ele>317.1</ele>
   </trkpt>
   <trkpt lat="53.356080000000006" lon="-1.81278">
    <ele>313.05000000000007</ele>
   </trkpt>
   <trkpt lat="53.35618" lon="-1.81292">
    <ele>310.0</ele>
   </trkpt>
   <trkpt lat="53.356320000000004" lon="-1.81319">
    <ele>306.87</ele>
   </trkpt>
   <trkpt lat="53.35642000000001" lon="-1.81343">
    <ele>303.22</ele>
   </trkpt>
   <trkpt lat="53.35645" lon="-1.81346">
    <ele>303.22</ele>
   </trkpt>
   <trkpt lat="53.356480000000005" lon="-1.81346">
    <ele>301.89000000000004</ele>
   </trkpt>
   <trkpt lat="53.356820000000006" lon="-1.81305">
    <ele>298.1</ele>
   </trkpt>
   <trkpt lat="53.356860000000005" lon="-1.8130300000000001">
    <ele>298.1</ele>
   </trkpt>
   <trkpt lat="53.3569" lon="-1.8131100000000002">
    <ele>297.69</ele>
   </trkpt>
   <trkpt lat="53.35714" lon="-1.81305">
    <ele>293.31</ele>
   </trkpt>
   <trkpt lat="53.357530000000004" lon="-1.81302">
    <ele>288.69</ele>
   </trkpt>
   <trkpt lat="53.357620000000004" lon="-1.81309">
    <ele>286.39000000000004</ele>
   </trkpt>
   <trkpt lat="53.35768" lon="-1.81319">
    <ele>284.26</ele>
   </trkpt>
   <trkpt lat="53.35775" lon="-1.81343">
    <ele>281.07000000000005</ele>
   </trkpt>
   <trkpt lat="53.35787500223209" lon="-1.8141549980796357">
    <ele>276.07000000000005</ele>
   </trkpt>
   <trkpt lat="53.358000000000004" lon="-1.81488">
    <ele>270.85</ele>
   </trkpt>
   <trkpt lat="53.358050000000006" lon="-1.81502">
    <ele>270.99</ele>
   </trkpt>
   <trkpt lat="53.35815" lon="-1.8151100000000002">
    <ele>271.32</ele>
   </trkpt>
   <trkpt lat="53.358230000000006" lon="-1.8151300000000001">
    <ele>270.90000000000003</ele>
   </trkpt>
   <trkpt lat="53.358650000000004" lon="-1.81516">
    <ele>267.49</ele>
   </trkpt>
   <trkpt lat="53.35884000000001" lon="-1.81515">
    <ele>265.53000000000003</ele>
   </trkpt>
   <trkpt lat="53.35925" lon="-1.81502">
    <ele>262.03000000000003</ele>
   </trkpt>
   <trkpt lat="53.35961" lon="-1.81478">
    <ele>259.21</ele>
   </trkpt>
   <trkpt lat="53.36009000000001" lon="-1.8146000000000002">
    <ele>255.74</ele>
   </trkpt>
   <trkpt lat="53.360200000000006" lon="-1.81461">
    <ele>254.79000000000002</ele>
   </trkpt>
   <trkpt lat="53.36093" lon="-1.8150300000000001">
    <ele>250.42000000000002</ele>
   </trkpt>
   <trkpt lat="53.361230000000006" lon="-1.81519">
    <ele>248.66000000000003</ele>
   </trkpt>
   <trkpt lat="53.361520000000006" lon="-1.81529">
    <ele>245.70000000000002</ele>
   </trkpt>
   <trkpt lat="53.362030000000004" lon="-1.81539">
    <ele>243.19000000000003</ele>
   </trkpt>
   <trkpt lat="53.36251000000001" lon="-1.81543">
    <ele>238.76000000000002</ele>
   </trkpt>
   <trkpt lat="53.36263" lon="-1.81546">
    <ele>238.76000000000002</ele>
   </trkpt>
   <trkpt lat="53.36278000000001" lon="-1.8155700000000001">
    <ele>237.48000000000002</ele>
   </trkpt>
   <trkpt lat="53.363060000000004" lon="-1.81587">
    <ele>235.25</ele>
   </trkpt>
   <trkpt lat="53.36336000000001" lon="-1.81627">
    <ele>234.76000000000002</ele>
   </trkpt>
   <trkpt lat="53.36345000000001" lon="-1.81631">
    <ele>234.85000000000002</ele>
   </trkpt>
   <trkpt lat="53.363690000000005" lon="-1.8163200000000002">
    <ele>235.79000000000002</ele>
   </trkpt>
   <trkpt lat="53.364250000000006" lon="-1.8153700000000002">
    <ele>239.56000000000003</ele>
   </trkpt>
   <trkpt lat="53.3644" lon="-1.8156">
    <ele>241.68</ele>
   </trkpt>
   <trkpt lat="53.364540000000005" lon="-1.8157500000000002">
    <ele>241.68</ele>
   </trkpt>
   <trkpt lat="53.364790000000006" lon="-1.81597">
    <ele>242.59000000000003</ele>
   </trkpt>
   <trkpt lat="53.364790000000006" lon="-1.816">
    <ele>242.59000000000003</ele>
   </trkpt>
   <trkpt lat="53.364830000000005" lon="-1.816">
    <ele>242.95000000000002</ele>
   </trkpt>
   <trkpt lat="53.365030000000004" lon="-1.8161600000000002">
    <ele>243.47000000000003</ele>
   </trkpt>
   <trkpt lat="53.3652" lon="-1.8162300000000002">
    <ele>244.16000000000003</ele>
   </trkpt>
   <trkpt lat="53.365660000000005" lon="-1.81637">
    <ele>246.02</ele>
   </trkpt>
   <trkpt lat="53.36598000000001" lon="-1.81651">
    <ele>247.34000000000003</ele>
   </trkpt>
   <trkpt lat="53.36637" lon="-1.81658">
    <ele>248.58</ele>
   </trkpt>
   <trkpt lat="53.36666" lon="-1.8165700000000002">
    <ele>249.66000000000003</ele>
   </trkpt>
   <trkpt lat="53.366780000000006" lon="-1.81651">
    <ele>249.96</ele>
   </trkpt>
   <trkpt lat="53.3669" lon="-1.8164200000000001">
    <ele>250.27000000000004</ele>
   </trkpt>
   <trkpt lat="53.36704" lon="-1.81627">
    <ele>250.48000000000002</ele>
   </trkpt>
   <trkpt lat="53.367250000000006" lon="-1.8158">
    <ele>250.54000000000005</ele>
   </trkpt>
   <trkpt lat="53.36739000000001" lon="-1.8156800000000002">
    <ele>250.54000000000005</ele>
   </trkpt>
   <trkpt lat="53.36782" lon="-1.8154700000000001">
    <ele>250.92000000000002</ele>
   </trkpt>
   <trkpt lat="53.368010000000005" lon="-1.8154200000000003">
    <ele>251.31000000000003</ele>
   </trkpt>
   <trkpt lat="53.368410000000004" lon="-1.8154400000000002">
    <ele>252.42000000000002</ele>
   </trkpt>
   <trkpt lat="53.36856" lon="-1.81546">
    <ele>252.62</ele>
   </trkpt>
   <trkpt lat="53.36891000000001" lon="-1.8156500000000002">
    <ele>253.18</ele>
   </trkpt>
   <trkpt lat="53.3695" lon="-1.81583">
    <ele>255.12</ele>
   </trkpt>
   <trkpt lat="53.369640000000004" lon="-1.8159">
    <ele>255.38</ele>
   </trkpt>
   <trkpt lat="53.36965000000001" lon="-1.8159100000000001">
    <ele>255.38</ele>
   </trkpt>
   <trkpt lat="53.36985000000001" lon="-1.8161">
    <ele>256.32000000000005</ele>
   </trkpt>
   <trkpt lat="53.370180000000005" lon="-1.81658">
    <ele>259.04</ele>
   </trkpt>
   <trkpt lat="53.370470000000005" lon="-1.8168700000000002">
    <ele>260.01</ele>
   </trkpt>
   <trkpt lat="53.370360000000005" lon="-1.81726">
    <ele>260.79</ele>
   </trkpt>
   <trkpt lat="53.37033" lon="-1.8185200000000001">
    <ele>266.24</ele>
   </trkpt>
   <trkpt lat="53.37026" lon="-1.81966">
    <ele>270.59</ele>
   </trkpt>
   <trkpt lat="53.37022" lon="-1.8207200000000001">
    <ele>277.46000000000004</ele>
   </trkpt>
   <trkpt lat="53.37017" lon="-1.82142">
    <ele>284.52000000000004</ele>
   </trkpt>
   <trkpt lat="53.37019" lon="-1.8218800000000002">
    <ele>288.56000000000006</ele>
   </trkpt>
   <trkpt lat="53.37032000000001" lon="-1.82207">
    <ele>290.51000000000005</ele>
   </trkpt>
   <trkpt lat="53.37039000000001" lon="-1.82224">
    <ele>292.61</ele>
   </trkpt>
   <trkpt lat="53.37062" lon="-1.82322">
    <ele>304.81</ele>
   </trkpt>
   <trkpt lat="53.37101500404316" lon="-1.8242049908391236">
    <ele>313.20000000000005</ele>
   </trkpt>
   <trkpt lat="53.371410000000004" lon="-1.82519">
    <ele>328.24</ele>
   </trkpt>
   <trkpt lat="53.37165" lon="-1.8256000000000001">
    <ele>335.81000000000006</ele>
   </trkpt>
   <trkpt lat="53.371930000000006" lon="-1.8261500000000002">
    <ele>348.32</ele>
   </trkpt>
   <trkpt lat="53.37241" lon="-1.82637">
    <ele>360.01000000000005</ele>
   </trkpt>
   <trkpt lat="53.37248" lon="-1.82641">
    <ele>360.01000000000005</ele>
   </trkpt>
   <trkpt lat="53.372840000000004" lon="-1.82641">
    <ele>371.11000000000007</ele>
   </trkpt>
   <trkpt lat="53.37339000000001" lon="-1.8263500000000001">
    <ele>383.04</ele>
   </trkpt>
   <trkpt lat="53.37353" lon="-1.82631">
    <ele>385.16</ele>
   </trkpt>
   <trkpt lat="53.37370000000001" lon="-1.82634">
    <ele>389.61</ele>
   </trkpt>
   <trkpt lat="53.37389" lon="-1.8262800000000001">
    <ele>395.07000000000005</ele>
   </trkpt>
   <trkpt lat="53.37415000000001" lon="-1.82617">
    <ele>403.61</ele>
   </trkpt>
   <trkpt lat="53.374340000000004" lon="-1.82614">
    <ele>406.99</ele>
   </trkpt>
   <trkpt lat="53.374550000000006" lon="-1.82617">
    <ele>414.64</ele>
   </trkpt>
   <trkpt lat="53.374680000000005" lon="-1.82631">
    <ele>419.05</ele>
   </trkpt>
   <trkpt lat="53.37472" lon="-1.82658">
    <ele>427.86</ele>
   </trkpt>
   <trkpt lat="53.37472" lon="-1.82671">
    <ele>427.86</ele>
   </trkpt>
   <trkpt lat="53.374840000000006" lon="-1.82732">
    <ele>440.66</ele>
   </trkpt>
   <trkpt lat="53.37480000000001" lon="-1.82783">
    <ele>448.66</ele>
   </trkpt>
   <trkpt lat="53.374860000000005" lon="-1.82793">
    <ele>450.95</ele>
   </trkpt>
   <trkpt lat="53.37487" lon="-1.82807">
    <ele>450.95</ele>
   </trkpt>
   <trkpt lat="53.374970000000005" lon="-1.82827">
    <ele>456.37000000000006</ele>
   </trkpt>
   <trkpt lat="53.375080000000004" lon="-1.82875">
    <ele>462.47</ele>
   </trkpt>
   <trkpt lat="53.37509000000001" lon="-1.82902">
    <ele>465.51000000000005</ele>
   </trkpt>
   <trkpt lat="53.375040000000006" lon="-1.82942">
    <ele>473.07000000000005</ele>
   </trkpt>
   <trkpt lat="53.375080000000004" lon="-1.82976">
    <ele>479.44</ele>
   </trkpt>
   <trkpt lat="53.375080000000004" lon="-1.83003">
    <ele>482.96000000000004</ele>
   </trkpt>
   <trkpt lat="53.37519" lon="-1.83058">
    <ele>488.1</ele>
   </trkpt>
   <trkpt lat="53.3753" lon="-1.83061">
    <ele>491.46000000000004</ele>
   </trkpt>
   <trkpt lat="53.37538000000001" lon="-1.83061">
    <ele>492.94000000000005</ele>
   </trkpt>
   <trkpt lat="53.37552" lon="-1.83071">
    <ele>495.44000000000005</ele>
   </trkpt>
   <trkpt lat="53.37574000000001" lon="-1.8309600000000001">
    <ele>497.89000000000004</ele>
   </trkpt>
   <trkpt lat="53.37599" lon="-1.8313100000000002">
    <ele>501.49</ele>
   </trkpt>
   <trkpt lat="53.376160000000006" lon="-1.83149">
    <ele>503.70000000000005</ele>
   </trkpt>
   <trkpt lat="53.376360000000005" lon="-1.8319">
    <ele>507.29</ele>
   </trkpt>
   <trkpt lat="53.37646" lon="-1.83227">
    <ele>511.34000000000003</ele>
   </trkpt>
   <trkpt lat="53.376630000000006" lon="-1.83258">
    <ele>513.9</ele>
   </trkpt>
   <trkpt lat="53.376740000000005" lon="-1.83291">
    <ele>517.83</ele>
   </trkpt>
   <trkpt lat="53.376900000000006" lon="-1.83329">
    <ele>523.95</ele>
   </trkpt>
   <trkpt lat="53.37707" lon="-1.83356">
    <ele>528.44</ele>
   </trkpt>
   <trkpt lat="53.377230000000004" lon="-1.8341">
    <ele>538.32</ele>
   </trkpt>
   <trkpt lat="53.377320000000005" lon="-1.83451">
    <ele>544.4499999999999</ele>
   </trkpt>
   <trkpt lat="53.37744000000001" lon="-1.83468">
    <ele>549.34</ele>
   </trkpt>
   <trkpt lat="53.377610000000004" lon="-1.83508">
    <ele>562.35</ele>
   </trkpt>
   <trkpt lat="53.37782000000001" lon="-1.83532">
    <ele>571.4800000000001</ele>
   </trkpt>
   <trkpt lat="53.37787" lon="-1.83546">
    <ele>577.62</ele>
   </trkpt>
   <trkpt lat="53.37832" lon="-1.8355400000000002">
    <ele>594.44</ele>
   </trkpt>
   <trkpt lat="53.37823" lon="-1.8362100000000001">
    <ele>600.3900000000001</ele>
   </trkpt>
   <trkpt lat="53.378190000000004" lon="-1.8363300000000002">
    <ele>600.28</ele>
   </trkpt>
   <trkpt lat="53.37789000000001" lon="-1.83637">
    <ele>596.6</ele>
   </trkpt>
   <trkpt lat="53.37754" lon="-1.83658">
    <ele>590.6700000000001</ele>
   </trkpt>
   <trkpt lat="53.37726000000001" lon="-1.83668">
    <ele>587.35</ele>
   </trkpt>
   <trkpt lat="53.37682" lon="-1.83668">
    <ele>578.62</ele>
   </trkpt>
   <trkpt lat="53.37659000000001" lon="-1.8366200000000001">
    <ele>572.62</ele>
   </trkpt>
   <trkpt lat="53.376540000000006" lon="-1.83664">
    <ele>567.2900000000001</ele>
   </trkpt>
   <trkpt lat="53.376250000000006" lon="-1.8370000000000002">
    <ele>558.67</ele>
   </trkpt>
   <trkpt lat="53.37613" lon="-1.83695">
    <ele>555.47</ele>
   </trkpt>
   <trkpt lat="53.37604" lon="-1.83688">
    <ele>550.42</ele>
   </trkpt>
   <trkpt lat="53.37588" lon="-1.8366700000000002">
    <ele>547.18</ele>
   </trkpt>
   <trkpt lat="53.37557" lon="-1.83634">
    <ele>542.9000000000001</ele>
   </trkpt>
   <trkpt lat="53.374810000000004" lon="-1.836">
    <ele>536.74</ele>
   </trkpt>
   <trkpt lat="53.374120000000005" lon="-1.83593">
    <ele>532.59</ele>
   </trkpt>
   <trkpt lat="53.37384" lon="-1.8358">
    <ele>531.57</ele>
   </trkpt>
   <trkpt lat="53.37368000000001" lon="-1.83576">
    <ele>531.0</ele>
   </trkpt>
   <trkpt lat="53.373450000000005" lon="-1.83563">
    <ele>530.7</ele>
   </trkpt>
   <trkpt lat="53.373310000000004" lon="-1.83556">
    <ele>530.6</ele>
   </trkpt>
   <trkpt lat="53.37308" lon="-1.83552">
    <ele>529.87</ele>
   </trkpt>
   <trkpt lat="53.37294000000001" lon="-1.83546">
    <ele>529.47</ele>
   </trkpt>
   <trkpt lat="53.37283000000001" lon="-1.83546">
    <ele>529.11</ele>
   </trkpt>
   <trkpt lat="53.372550000000004" lon="-1.8355000000000001">
    <ele>528.3100000000001</ele>
   </trkpt>
   <trkpt lat="53.37243" lon="-1.8354300000000001">
    <ele>528.07</ele>
   </trkpt>
   <trkpt lat="53.372260000000004" lon="-1.83552">
    <ele>527.9</ele>
   </trkpt>
   <trkpt lat="53.37200000000001" lon="-1.83556">
    <ele>528.4000000000001</ele>
   </trkpt>
   <trkpt lat="53.371880000000004" lon="-1.83556">
    <ele>529.36</ele>
   </trkpt>
   <trkpt lat="53.371790000000004" lon="-1.83552">
    <ele>529.36</ele>
   </trkpt>
   <trkpt lat="53.37171000000001" lon="-1.83542">
    <ele>529.8900000000001</ele>
   </trkpt>
   <trkpt lat="53.371570000000006" lon="-1.83536">
    <ele>530.0600000000001</ele>
   </trkpt>
   <trkpt lat="53.37125" lon="-1.8354300000000001">
    <ele>530.44</ele>
   </trkpt>
   <trkpt lat="53.37109" lon="-1.8354000000000001">
    <ele>530.99</ele>
   </trkpt>
   <trkpt lat="53.370900000000006" lon="-1.83539">
    <ele>531.21</ele>
   </trkpt>
   <trkpt lat="53.37075" lon="-1.83529">
    <ele>530.5600000000001</ele>
   </trkpt>
   <trkpt lat="53.370720000000006" lon="-1.83522">
    <ele>530.21</ele>
   </trkpt>
   <trkpt lat="53.370670000000004" lon="-1.8352300000000001">
    <ele>529.7700000000001</ele>
   </trkpt>
   <trkpt lat="53.37044" lon="-1.83519">
    <ele>525.97</ele>
   </trkpt>
   <trkpt lat="53.37032000000001" lon="-1.83522">
    <ele>520.7</ele>
   </trkpt>
   <trkpt lat="53.370000000000005" lon="-1.83536">
    <ele>514.08</ele>
   </trkpt>
   <trkpt lat="53.369930000000004" lon="-1.83532">
    <ele>512.3000000000001</ele>
   </trkpt>
   <trkpt lat="53.36983000000001" lon="-1.83539">
    <ele>506.6400000000001</ele>
   </trkpt>
   <trkpt lat="53.36957" lon="-1.8357">
    <ele>495.04</ele>
   </trkpt>
   <trkpt lat="53.369530000000005" lon="-1.8358">
    <ele>493.39000000000004</ele>
   </trkpt>
   <trkpt lat="53.369490000000006" lon="-1.8357700000000001">
    <ele>491.57000000000005</ele>
   </trkpt>
   <trkpt lat="53.369200000000006" lon="-1.83617">
    <ele>474.20000000000005</ele>
   </trkpt>
   <trkpt lat="53.368970000000004" lon="-1.83641">
    <ele>462.58000000000004</ele>
   </trkpt>
   <trkpt lat="53.36894" lon="-1.83651">
    <ele>462.58000000000004</ele>
   </trkpt>
   <trkpt lat="53.368880000000004" lon="-1.83661">
    <ele>462.58000000000004</ele>
   </trkpt>
   <trkpt lat="53.36878" lon="-1.83664">
    <ele>434.95000000000005</ele>
   </trkpt>
   <trkpt lat="53.368700000000004" lon="-1.83675">
    <ele>434.95000000000005</ele>
   </trkpt>
   <trkpt lat="53.36851000000001" lon="-1.83695">
    <ele>430.88000000000005</ele>
   </trkpt>
   <trkpt lat="53.36844000000001" lon="-1.83698">
    <ele>430.88000000000005</ele>
   </trkpt>
   <trkpt lat="53.368410000000004" lon="-1.83698">
    <ele>424.97</ele>
   </trkpt>
   <trkpt lat="53.36835000000001" lon="-1.83705">
    <ele>424.97</ele>
   </trkpt>
   <trkpt lat="53.36831" lon="-1.83705">
    <ele>422.91</ele>
   </trkpt>
   <trkpt lat="53.36816" lon="-1.83722">
    <ele>414.47</ele>
   </trkpt>
   <trkpt lat="53.36802" lon="-1.83732">
    <ele>404.80000000000007</ele>
   </trkpt>
   <trkpt lat="53.36782" lon="-1.8375000000000001">
    <ele>397.01000000000005</ele>
   </trkpt>
   <trkpt lat="53.36769" lon="-1.83759">
    <ele>389.66</ele>
   </trkpt>
   <trkpt lat="53.36742" lon="-1.8378">
    <ele>380.19</ele>
   </trkpt>
   <trkpt lat="53.367340000000006" lon="-1.83783">
    <ele>376.54</ele>
   </trkpt>
   <trkpt lat="53.36730000000001" lon="-1.83793">
    <ele>371.61000000000007</ele>
   </trkpt>
   <trkpt lat="53.36724" lon="-1.8378700000000001">
    <ele>371.61000000000007</ele>
   </trkpt>
   <trkpt lat="53.36728" lon="-1.83813">
    <ele>370.15000000000003</ele>
   </trkpt>
   <trkpt lat="53.36735" lon="-1.8383500000000002">
    <ele>368.99</ele>
   </trkpt>
   <trkpt lat="53.367110000000004" lon="-1.83824">
    <ele>361.05</ele>
   </trkpt>
   <trkpt lat="53.36683000000001" lon="-1.83814">
    <ele>343.61</ele>
   </trkpt>
   <trkpt lat="53.36665000000001" lon="-1.83858">
    <ele>334.90000000000003</ele>
   </trkpt>
   <trkpt lat="53.36652" lon="-1.83905">
    <ele>327.36</ele>
   </trkpt>
   <trkpt lat="53.36623" lon="-1.83983">
    <ele>320.99000000000007</ele>
   </trkpt>
   <trkpt lat="53.366150000000005" lon="-1.84027">
    <ele>315.85</ele>
   </trkpt>
   <trkpt lat="53.36581" lon="-1.84112">
    <ele>308.59000000000003</ele>
   </trkpt>
   <trkpt lat="53.365790000000004" lon="-1.8412300000000001">
    <ele>308.59000000000003</ele>
   </trkpt>
   <trkpt lat="53.36581" lon="-1.84132">
    <ele>306.93</ele>
   </trkpt>
   <trkpt lat="53.36580000000001" lon="-1.84139">
    <ele>306.93</ele>
   </trkpt>
   <trkpt lat="53.365700000000004" lon="-1.8416700000000001">
    <ele>304.66</ele>
   </trkpt>
   <trkpt lat="53.36535000000001" lon="-1.84247">
    <ele>297.55</ele>
   </trkpt>
   <trkpt lat="53.365080000000006" lon="-1.84295">
    <ele>294.39000000000004</ele>
   </trkpt>
   <trkpt lat="53.36502" lon="-1.8430900000000001">
    <ele>293.07</ele>
   </trkpt>
   <trkpt lat="53.36497000000001" lon="-1.84352">
    <ele>292.66</ele>
   </trkpt>
   <trkpt lat="53.36495500434818" lon="-1.844540000309215">
    <ele>289.59000000000003</ele>
   </trkpt>
   <trkpt lat="53.364940000000004" lon="-1.84556">
    <ele>288.43</ele>
   </trkpt>
   <trkpt lat="53.36486000000001" lon="-1.84637">
    <ele>286.71000000000004</ele>
   </trkpt>
   <trkpt lat="53.36484" lon="-1.8464200000000002">
    <ele>286.71000000000004</ele>
   </trkpt>
   <trkpt lat="53.36471" lon="-1.8465000000000003">
    <ele>285.1</ele>
   </trkpt>
   <trkpt lat="53.36469" lon="-1.8465500000000001">
    <ele>284.86</ele>
   </trkpt>
   <trkpt lat="53.36469" lon="-1.8469000000000002">
    <ele>283.90000000000003</ele>
   </trkpt>
   <trkpt lat="53.36464" lon="-1.84698">
    <ele>283.90000000000003</ele>
   </trkpt>
   <trkpt lat="53.36435" lon="-1.8472800000000003">
    <ele>280.65</ele>
   </trkpt>
   <trkpt lat="53.364430000000006" lon="-1.84739">
    <ele>279.39000000000004</ele>
   </trkpt>
   <trkpt lat="53.36457000000001" lon="-1.84742">
    <ele>278.78000000000003</ele>
   </trkpt>
   <trkpt lat="53.36462" lon="-1.8475000000000001">
    <ele>278.59</ele>
   </trkpt>
   <trkpt lat="53.364630000000005" lon="-1.84766">
    <ele>279.28000000000003</ele>
   </trkpt>
   <trkpt lat="53.36457000000001" lon="-1.8478700000000001">
    <ele>281.14</ele>
   </trkpt>
   <trkpt lat="53.36457000000001" lon="-1.8479700000000001">
    <ele>281.59</ele>
   </trkpt>
   <trkpt lat="53.36459000000001" lon="-1.8480400000000001">
    <ele>281.99</ele>
   </trkpt>
   <trkpt lat="53.36486000000001" lon="-1.8484">
    <ele>284.38</ele>
   </trkpt>
   <trkpt lat="53.36509" lon="-1.8485800000000001">
    <ele>285.44</ele>
   </trkpt>
   <trkpt lat="53.36531" lon="-1.84888">
    <ele>287.24000000000007</ele>
   </trkpt>
   <trkpt lat="53.36544000000001" lon="-1.84915">
    <ele>288.22</ele>
   </trkpt>
   <trkpt lat="53.365610000000004" lon="-1.8495700000000002">
    <ele>290.09000000000003</ele>
   </trkpt>
   <trkpt lat="53.36565" lon="-1.8506500000000001">
    <ele>291.33000000000004</ele>
   </trkpt>
   <trkpt lat="53.365680000000005" lon="-1.85091">
    <ele>291.45000000000005</ele>
   </trkpt>
   <trkpt lat="53.365930000000006" lon="-1.85166">
    <ele>294.75</ele>
   </trkpt>
   <trkpt lat="53.36596" lon="-1.8518700000000001">
    <ele>294.99</ele>
   </trkpt>
   <trkpt lat="53.3659" lon="-1.85278">
    <ele>294.67</ele>
   </trkpt>
   <trkpt lat="53.36592" lon="-1.85345">
    <ele>294.69</ele>
   </trkpt>
   <trkpt lat="53.365990000000004" lon="-1.85406">
    <ele>295.74</ele>
   </trkpt>
   <trkpt lat="53.36607000000001" lon="-1.85451">
    <ele>296.39000000000004</ele>
   </trkpt>
   <trkpt lat="53.366130000000005" lon="-1.8550700000000002">
    <ele>296.14</ele>
   </trkpt>
   <trkpt lat="53.366200000000006" lon="-1.85535">
    <ele>296.87</ele>
   </trkpt>
   <trkpt lat="53.366290000000006" lon="-1.8556000000000001">
    <ele>297.83000000000004</ele>
   </trkpt>
   <trkpt lat="53.366490000000006" lon="-1.85644">
    <ele>302.79</ele>
   </trkpt>
   <trkpt lat="53.36663000000001" lon="-1.85712">
    <ele>305.28000000000003</ele>
   </trkpt>
   <trkpt lat="53.36675" lon="-1.85749">
    <ele>307.19</ele>
   </trkpt>
   <trkpt lat="53.36692000000001" lon="-1.8578700000000001">
    <ele>310.05000000000007</ele>
   </trkpt>
   <trkpt lat="53.367000000000004" lon="-1.858">
    <ele>313.35</ele>
   </trkpt>
   <trkpt lat="53.36721000000001" lon="-1.8583">
    <ele>314.8</ele>
   </trkpt>
   <trkpt lat="53.367430000000006" lon="-1.8584800000000001">
    <ele>316.84000000000003</ele>
   </trkpt>
   <trkpt lat="53.367490000000004" lon="-1.85861">
    <ele>317.62</ele>
   </trkpt>
   <trkpt lat="53.367650000000005" lon="-1.85908">
    <ele>320.12</ele>
   </trkpt>
   <trkpt lat="53.367830000000005" lon="-1.85939">
    <ele>322.8</ele>
   </trkpt>
   <trkpt lat="53.36798" lon="-1.85959">
    <ele>324.49</ele>
   </trkpt>
   <trkpt lat="53.368210000000005" lon="-1.8597700000000001">
    <ele>326.44</ele>
   </trkpt>
   <trkpt lat="53.368300000000005" lon="-1.85993">
    <ele>327.32</ele>
   </trkpt>
   <trkpt lat="53.368410000000004" lon="-1.86017">
    <ele>329.5</ele>
   </trkpt>
   <trkpt lat="53.368520000000004" lon="-1.8605800000000001">
    <ele>330.98</ele>
   </trkpt>
   <trkpt lat="53.36883000222244" lon="-1.8613049947853064">
    <ele>332.89</ele>
   </trkpt>
   <trkpt lat="53.36914" lon="-1.86203">
    <ele>335.55</ele>
   </trkpt>
   <trkpt lat="53.369600000000005" lon="-1.8629700000000002">
    <ele>340.79</ele>
   </trkpt>
   <trkpt lat="53.36979" lon="-1.86342">
    <ele>342.31</ele>
   </trkpt>
   <trkpt lat="53.369980000000005" lon="-1.86379">
    <ele>344.95000000000005</ele>
   </trkpt>
   <trkpt lat="53.370200000000004" lon="-1.86413">
    <ele>346.0</ele>
   </trkpt>
   <trkpt lat="53.370430000000006" lon="-1.86461">
    <ele>349.7</ele>
   </trkpt>
   <trkpt lat="53.37059000000001" lon="-1.86488">
    <ele>351.56000000000006</ele>
   </trkpt>
   <trkpt lat="53.37073" lon="-1.86532">
    <ele>352.75</ele>
   </trkpt>
   <trkpt lat="53.370870000000004" lon="-1.86586">
    <ele>353.52000000000004</ele>
   </trkpt>
   <trkpt lat="53.371010000000005" lon="-1.8663">
    <ele>354.96000000000004</ele>
   </trkpt>
   <trkpt lat="53.37127" lon="-1.8677000000000001">
    <ele>357.84000000000003</ele>
   </trkpt>
   <trkpt lat="53.371390000000005" lon="-1.8681">
    <ele>358.37</ele>
   </trkpt>
   <trkpt lat="53.37149" lon="-1.86827">
    <ele>358.65000000000003</ele>
   </trkpt>
   <trkpt lat="53.37172" lon="-1.8685100000000001">
    <ele>358.95000000000005</ele>
   </trkpt>
   <trkpt lat="53.372040000000005" lon="-1.86867">
    <ele>359.03000000000003</ele>
   </trkpt>
   <trkpt lat="53.372130000000006" lon="-1.86867">
    <ele>359.21000000000004</ele>
   </trkpt>
   <trkpt lat="53.372170000000004" lon="-1.86877">
    <ele>359.53000000000003</ele>
   </trkpt>
   <trkpt lat="53.372220000000006" lon="-1.8688300000000002">
    <ele>359.78000000000003</ele>
   </trkpt>
   <trkpt lat="53.37228" lon="-1.86881">
    <ele>361.6</ele>
   </trkpt>
   <trkpt lat="53.37239" lon="-1.86884">
    <ele>362.62000000000006</ele>
   </trkpt>
   <trkpt lat="53.37257" lon="-1.86877">
    <ele>368.08</ele>
   </trkpt>
   <trkpt lat="53.372620000000005" lon="-1.86877">
    <ele>369.25</ele>
   </trkpt>
   <trkpt lat="53.3727" lon="-1.86881">
    <ele>371.84</ele>
   </trkpt>
   <trkpt lat="53.372730000000004" lon="-1.86888">
    <ele>374.83000000000004</ele>
   </trkpt>
   <trkpt lat="53.372730000000004" lon="-1.86908">
    <ele>378.08000000000004</ele>
   </trkpt>
   <trkpt lat="53.372710000000005" lon="-1.86925">
    <ele>378.08000000000004</ele>
   </trkpt>
   <trkpt lat="53.37272" lon="-1.86942">
    <ele>392.88</ele>
   </trkpt>
   <trkpt lat="53.37281" lon="-1.86949">
    <ele>392.88</ele>
   </trkpt>
   <trkpt lat="53.37304" lon="-1.86952">
    <ele>397.95000000000005</ele>
   </trkpt>
   <trkpt lat="53.37319" lon="-1.86952">
    <ele>402.41</ele>
   </trkpt>
   <trkpt lat="53.373290000000004" lon="-1.86959">
    <ele>406.09</ele>
   </trkpt>
   <trkpt lat="53.37341000000001" lon="-1.86976">
    <ele>411.80000000000007</ele>
   </trkpt>
   <trkpt lat="53.373470000000005" lon="-1.87">
    <ele>416.7</ele>
   </trkpt>
   <trkpt lat="53.373520000000006" lon="-1.87037">
    <ele>431.99</ele>
   </trkpt>
   <trkpt lat="53.373520000000006" lon="-1.87071">
    <ele>433.53000000000003</ele>
   </trkpt>
   <trkpt lat="53.37339000000001" lon="-1.8710200000000001">
    <ele>440.02000000000004</ele>
   </trkpt>
   <trkpt lat="53.37326" lon="-1.87122">
    <ele>443.99000000000007</ele>
   </trkpt>
   <trkpt lat="53.373160000000006" lon="-1.87128">
    <ele>444.75</ele>
   </trkpt>
   <trkpt lat="53.372960000000006" lon="-1.8712600000000001">
    <ele>447.53000000000003</ele>
   </trkpt>
   <trkpt lat="53.372910000000005" lon="-1.87159">
    <ele>455.93000000000006</ele>
   </trkpt>
   <trkpt lat="53.37285000000001" lon="-1.87179">
    <ele>457.11</ele>
   </trkpt>
   <trkpt lat="53.372960000000006" lon="-1.8728500000000001">
    <ele>465.91</ele>
   </trkpt>
   <trkpt lat="53.372890000000005" lon="-1.87376">
    <ele>472.73</ele>
   </trkpt>
   <trkpt lat="53.37279" lon="-1.8743">
    <ele>474.89000000000004</ele>
   </trkpt>
   <trkpt lat="53.372800000000005" lon="-1.87471">
    <ele>475.94</ele>
   </trkpt>
   <trkpt lat="53.372890000000005" lon="-1.87532">
    <ele>477.85</ele>
   </trkpt>
   <trkpt lat="53.3729" lon="-1.87576">
    <ele>481.53000000000003</ele>
   </trkpt>
   <trkpt lat="53.37279000538016" lon="-1.8768950029559999">
    <ele>498.76000000000005</ele>
   </trkpt>
   <trkpt lat="53.37268" lon="-1.87803">
    <ele>519.42</ele>
   </trkpt>
   <trkpt lat="53.372550000000004" lon="-1.8787600000000002">
    <ele>524.37</ele>
   </trkpt>
   <trkpt lat="53.37257" lon="-1.87891">
    <ele>526.6700000000001</ele>
   </trkpt>
   <trkpt lat="53.37257" lon="-1.87921">
    <ele>527.63</ele>
   </trkpt>
   <trkpt lat="53.372550000000004" lon="-1.87932">
    <ele>528.13</ele>
   </trkpt>
   <trkpt lat="53.37256000000001" lon="-1.87952">
    <ele>529.3</ele>
   </trkpt>
   <trkpt lat="53.372530000000005" lon="-1.87976">
    <ele>532.6800000000001</ele>
   </trkpt>
   <trkpt lat="53.37256000000001" lon="-1.8798300000000001">
    <ele>532.6800000000001</ele>
   </trkpt>
   <trkpt lat="53.37268" lon="-1.88057">
    <ele>539.15</ele>
   </trkpt>
   <trkpt lat="53.37281" lon="-1.88094">
    <ele>544.79</ele>
   </trkpt>
   <trkpt lat="53.372930000000004" lon="-1.88115">
    <ele>546.7500000000001</ele>
   </trkpt>
   <trkpt lat="53.37304" lon="-1.88125">
    <ele>550.33</ele>
   </trkpt>
   <trkpt lat="53.3731" lon="-1.88125">
    <ele>550.33</ele>
   </trkpt>
   <trkpt lat="53.37315" lon="-1.88135">
    <ele>554.13</ele>
   </trkpt>
   <trkpt lat="53.37326" lon="-1.88149">
    <ele>555.01</ele>
   </trkpt>
   <trkpt lat="53.37333" lon="-1.88145">
    <ele>557.46</ele>
   </trkpt>
   <trkpt lat="53.373380000000004" lon="-1.88145">
    <ele>559.24</ele>
   </trkpt>
   <trkpt lat="53.373670000000004" lon="-1.88169">
    <ele>564.2900000000001</ele>
   </trkpt>
   <trkpt lat="53.37377000000001" lon="-1.88172">
    <ele>568.74</ele>
   </trkpt>
   <trkpt lat="53.37393" lon="-1.88193">
    <ele>572.85</ele>
   </trkpt>
   <trkpt lat="53.37404" lon="-1.88199">
    <ele>578.1400000000001</ele>
   </trkpt>
   <trkpt lat="53.37436" lon="-1.8819000000000001">
    <ele>580.32</ele>
   </trkpt>
   <trkpt lat="53.37445" lon="-1.8819000000000001">
    <ele>580.52</ele>
   </trkpt>
   <trkpt lat="53.37480000000001" lon="-1.88193">
    <ele>579.28</ele>
   </trkpt>
   <trkpt lat="53.37536000000001" lon="-1.8817500000000003">
    <ele>574.5300000000001</ele>
   </trkpt>
   <trkpt lat="53.375440000000005" lon="-1.8818300000000001">
    <ele>574.7800000000001</ele>
   </trkpt>
   <trkpt lat="53.37556000000001" lon="-1.8821">
    <ele>576.59</ele>
   </trkpt>
   <trkpt lat="53.37563" lon="-1.88213">
    <ele>578.09</ele>
   </trkpt>
   <trkpt lat="53.375910000000005" lon="-1.88213">
    <ele>582.25</ele>
   </trkpt>
   <trkpt lat="53.376050000000006" lon="-1.88199">
    <ele>583.0200000000001</ele>
   </trkpt>
   <trkpt lat="53.376250000000006" lon="-1.88189">
    <ele>584.19</ele>
   </trkpt>
   <trkpt lat="53.37646" lon="-1.88186">
    <ele>586.1500000000001</ele>
   </trkpt>
   <trkpt lat="53.3766" lon="-1.88189">
    <ele>587.43</ele>
   </trkpt>
   <trkpt lat="53.37668000000001" lon="-1.88182">
    <ele>588.37</ele>
   </trkpt>
   <trkpt lat="53.37677000000001" lon="-1.8819000000000001">
    <ele>590.1800000000001</ele>
   </trkpt>
   <trkpt lat="53.376830000000005" lon="-1.8819000000000001">
    <ele>590.1800000000001</ele>
   </trkpt>
   <trkpt lat="53.377120000000005" lon="-1.8820700000000001">
    <ele>596.44</ele>
   </trkpt>
   <trkpt lat="53.377230000000004" lon="-1.8822">
    <ele>601.83</ele>
   </trkpt>
   <trkpt lat="53.377680000000005" lon="-1.88223">
    <ele>613.9300000000001</ele>
   </trkpt>
   <trkpt lat="53.37773000000001" lon="-1.8821800000000002">
    <ele>614.1600000000001</ele>
   </trkpt>
   <trkpt lat="53.377790000000005" lon="-1.88226">
    <ele>614.3700000000001</ele>
   </trkpt>
   <trkpt lat="53.377880000000005" lon="-1.8823">
    <ele>614.3700000000001</ele>
   </trkpt>
   <trkpt lat="53.37791000000001" lon="-1.88237">
    <ele>614.45</ele>
   </trkpt>
   <trkpt lat="53.378040000000006" lon="-1.8824">
    <ele>615.41</ele>
   </trkpt>
   <trkpt lat="53.37814" lon="-1.88247">
    <ele>616.97</ele>
   </trkpt>
   <trkpt lat="53.378260000000004" lon="-1.88247">
    <ele>617.78</ele>
   </trkpt>
   <trkpt lat="53.378460000000004" lon="-1.8824100000000001">
    <ele>618.87</ele>
   </trkpt>
   <trkpt lat="53.37854" lon="-1.88247">
    <ele>619.74</ele>
   </trkpt>
   <trkpt lat="53.3787" lon="-1.8824100000000001">
    <ele>621.2500000000001</ele>
   </trkpt>
   <trkpt lat="53.378780000000006" lon="-1.88247">
    <ele>622.19</ele>
   </trkpt>
   <trkpt lat="53.378870000000006" lon="-1.88257">
    <ele>623.2800000000001</ele>
   </trkpt>
   <trkpt lat="53.378980000000006" lon="-1.8826">
    <ele>624.7</ele>
   </trkpt>
   <trkpt lat="53.379160000000006" lon="-1.88284">
    <ele>629.1500000000001</ele>
   </trkpt>
   <trkpt lat="53.37926" lon="-1.88287">
    <ele>630.21</ele>
   </trkpt>
   <trkpt lat="53.37944" lon="-1.88301">
    <ele>631.58</ele>
   </trkpt>
   <trkpt lat="53.379870000000004" lon="-1.88318">
    <ele>633.3700000000001</ele>
   </trkpt>
   <trkpt lat="53.37999000000001" lon="-1.8831200000000001">
    <ele>633.5200000000001</ele>
   </trkpt>
   <trkpt lat="53.37973" lon="-1.88345">
    <ele>632.11</ele>
   </trkpt>
   <trkpt lat="53.37948" lon="-1.8838300000000001">
    <ele>629.19</ele>
   </trkpt>
   <trkpt lat="53.37915" lon="-1.88399">
    <ele>626.6400000000001</ele>
   </trkpt>
   <trkpt lat="53.378870000000006" lon="-1.8841">
    <ele>624.9800000000001</ele>
   </trkpt>
   <trkpt lat="53.37872" lon="-1.8843">
    <ele>622.73</ele>
   </trkpt>
   <trkpt lat="53.37832" lon="-1.88457">
    <ele>618.99</ele>
   </trkpt>
   <trkpt lat="53.378170000000004" lon="-1.8847800000000001">
    <ele>615.46</ele>
   </trkpt>
   <trkpt lat="53.378080000000004" lon="-1.88498">
    <ele>615.46</ele>
   </trkpt>
   <trkpt lat="53.377660000000006" lon="-1.88555">
    <ele>609.01</ele>
   </trkpt>
   <trkpt lat="53.37751" lon="-1.88586">
    <ele>605.6600000000001</ele>
   </trkpt>
   <trkpt lat="53.377410000000005" lon="-1.88596">
    <ele>605.6600000000001</ele>
   </trkpt>
   <trkpt lat="53.377340000000004" lon="-1.8862400000000001">
    <ele>604.9000000000001</ele>
   </trkpt>
   <trkpt lat="53.37735000000001" lon="-1.8867">
    <ele>604.35</ele>
   </trkpt>
   <trkpt lat="53.377390000000005" lon="-1.88694">
    <ele>603.86</ele>
   </trkpt>
   <trkpt lat="53.37731" lon="-1.88735">
    <ele>603.32</ele>
   </trkpt>
   <trkpt lat="53.377190000000006" lon="-1.88837">
    <ele>602.9100000000001</ele>
   </trkpt>
   <trkpt lat="53.37709" lon="-1.88887">
    <ele>601.84</ele>
   </trkpt>
   <trkpt lat="53.377030000000005" lon="-1.88938">
    <ele>600.7</ele>
   </trkpt>
   <trkpt lat="53.37693" lon="-1.8897300000000001">
    <ele>600.4</ele>
   </trkpt>
   <trkpt lat="53.376850000000005" lon="-1.8903">
    <ele>599.92</ele>
   </trkpt>
   <trkpt lat="53.37684" lon="-1.8907800000000001">
    <ele>599.82</ele>
   </trkpt>
   <trkpt lat="53.3768" lon="-1.89098">
    <ele>600.2700000000001</ele>
   </trkpt>
   <trkpt lat="53.37670000000001" lon="-1.89118">
    <ele>600.35</ele>
   </trkpt>
   <trkpt lat="53.37662" lon="-1.89145">
    <ele>599.89</ele>
   </trkpt>
   <trkpt lat="53.37668000000001" lon="-1.8917800000000002">
    <ele>599.21</ele>
   </trkpt>
   <trkpt lat="53.37668000000001" lon="-1.89213">
    <ele>598.41</ele>
   </trkpt>
   <trkpt lat="53.376540000000006" lon="-1.89264">
    <ele>592.45</ele>
   </trkpt>
   <trkpt lat="53.37632000000001" lon="-1.89386">
    <ele>584.6</ele>
   </trkpt>
   <trkpt lat="53.376310000000004" lon="-1.8943">
    <ele>583.0300000000001</ele>
   </trkpt>
   <trkpt lat="53.37623000000001" lon="-1.89494">
    <ele>578.59</ele>
   </trkpt>
   <trkpt lat="53.3762050058664" lon="-1.8961250007260257">
    <ele>567.3900000000001</ele>
   </trkpt>
   <trkpt lat="53.376180000000005" lon="-1.89731">
    <ele>550.24</ele>
   </trkpt>
   <trkpt lat="53.37611000256833" lon="-1.8980900009882131">
    <ele>539.0200000000001</ele>
   </trkpt>
   <trkpt lat="53.37604" lon="-1.89887">
    <ele>527.47</ele>
   </trkpt>
   <trkpt lat="53.376070000000006" lon="-1.89921">
    <ele>519.4000000000001</ele>
   </trkpt>
   <trkpt lat="53.37613" lon="-1.89955">
    <ele>510.92</ele>
   </trkpt>
   <trkpt lat="53.376180000000005" lon="-1.90033">
    <ele>477.43</ele>
   </trkpt>
   <trkpt lat="53.37646" lon="-1.90158">
    <ele>448.54</ele>
   </trkpt>
   <trkpt lat="53.376630000000006" lon="-1.90216">
    <ele>441.61000000000007</ele>
   </trkpt>
   <trkpt lat="53.376760000000004" lon="-1.9025">
    <ele>436.2300000000001</ele>
   </trkpt>
   <trkpt lat="53.376780000000004" lon="-1.90308">
    <ele>432.66</ele>
   </trkpt>
   <trkpt lat="53.376630000000006" lon="-1.90362">
    <ele>428.82000000000005</ele>
   </trkpt>
   <trkpt lat="53.376520000000006" lon="-1.90413">
    <ele>426.18000000000006</ele>
   </trkpt>
   <trkpt lat="53.37647000491667" lon="-1.9052150013156959">
    <ele>422.61</ele>
   </trkpt>
   <trkpt lat="53.37642" lon="-1.9063">
    <ele>417.67</ele>
   </trkpt>
   <trkpt lat="53.37641500389124" lon="-1.9072650000254956">
    <ele>410.95000000000005</ele>
   </trkpt>
   <trkpt lat="53.37641000000001" lon="-1.90823">
    <ele>402.95000000000005</ele>
   </trkpt>
   <trkpt lat="53.37646" lon="-1.90955">
    <ele>385.64000000000004</ele>
   </trkpt>
   <trkpt lat="53.376360000000005" lon="-1.91013">
    <ele>379.47</ele>
   </trkpt>
   <trkpt lat="53.376580000000004" lon="-1.91138">
    <ele>361.39000000000004</ele>
   </trkpt>
   <trkpt lat="53.376760003002694" lon="-1.9122249965196998">
    <ele>350.46999999999997</ele>
   </trkpt>
   <trkpt lat="53.376940000000005" lon="-1.91307">
    <ele>342.53</ele>
   </trkpt>
   <trkpt lat="53.37742000000001" lon="-1.9143400000000002">
    <ele>323.5</ele>
   </trkpt>
   <trkpt lat="53.37750000569085" lon="-1.9155049981063417">
    <ele>306.11000000000007</ele>
   </trkpt>
   <trkpt lat="53.37758" lon="-1.91667">
    <ele>292.75</ele>
   </trkpt>
   <trkpt lat="53.3775050041553" lon="-1.9176700020647104">
    <ele>279.04</ele>
   </trkpt>
   <trkpt lat="53.377430000000004" lon="-1.91867">
    <ele>270.64000000000004</ele>
   </trkpt>
   <trkpt lat="53.377250000000004" lon="-1.91941">
    <ele>261.34000000000003</ele>
   </trkpt>
   <trkpt lat="53.37724000000001" lon="-1.9195600000000002">
    <ele>259.21</ele>
   </trkpt>
   <trkpt lat="53.377300000000005" lon="-1.91975">
    <ele>257.64000000000004</ele>
   </trkpt>
   <trkpt lat="53.37736" lon="-1.9198600000000001">
    <ele>255.22</ele>
   </trkpt>
   <trkpt lat="53.37754" lon="-1.92006">
    <ele>251.49000000000004</ele>
   </trkpt>
   <trkpt lat="53.37762000000001" lon="-1.9200300000000001">
    <ele>250.25000000000003</ele>
   </trkpt>
   <trkpt lat="53.37767" lon="-1.91999">
    <ele>249.8</ele>
   </trkpt>
   <trkpt lat="53.37794" lon="-1.9194600000000002">
    <ele>249.09000000000003</ele>
   </trkpt>
   <trkpt lat="53.378190000000004" lon="-1.91928">
    <ele>246.1</ele>
   </trkpt>
   <trkpt lat="53.37827000000001" lon="-1.9194200000000001">
    <ele>245.48000000000002</ele>
   </trkpt>
   <trkpt lat="53.37827000000001" lon="-1.91968">
    <ele>245.17000000000002</ele>
   </trkpt>
   <trkpt lat="53.378240000000005" lon="-1.91999">
    <ele>244.79</ele>
   </trkpt>
   <trkpt lat="53.37803" lon="-1.92084">
    <ele>238.67000000000002</ele>
   </trkpt>
   <trkpt lat="53.37785" lon="-1.92192">
    <ele>232.05</ele>
   </trkpt>
   <trkpt lat="53.37765" lon="-1.9223700000000001">
    <ele>228.25</ele>
   </trkpt>
   <trkpt lat="53.37747" lon="-1.9229900000000002">
    <ele>223.54000000000002</ele>
   </trkpt>
   <trkpt lat="53.377460000000006" lon="-1.92314">
    <ele>223.37</ele>
   </trkpt>
   <trkpt lat="53.37755000000001" lon="-1.92358">
    <ele>222.87</ele>
   </trkpt>
   <trkpt lat="53.37767" lon="-1.9239300000000001">
    <ele>222.33</ele>
   </trkpt>
   <trkpt lat="53.377750000000006" lon="-1.92409">
    <ele>221.61</ele>
   </trkpt>
   <trkpt lat="53.377900000000004" lon="-1.9242100000000002">
    <ele>221.23000000000002</ele>
   </trkpt>
   <trkpt lat="53.37796" lon="-1.9242800000000002">
    <ele>221.15</ele>
   </trkpt>
   <trkpt lat="53.378350000000005" lon="-1.9245700000000001">
    <ele>219.74</ele>
   </trkpt>
   <trkpt lat="53.37898000216453" lon="-1.92529498923789">
    <ele>217.8</ele>
   </trkpt>
   <trkpt lat="53.37961000000001" lon="-1.92602">
    <ele>216.62</ele>
   </trkpt>
   <trkpt lat="53.379760000000005" lon="-1.92629">
    <ele>216.43</ele>
   </trkpt>
   <trkpt lat="53.379810000000006" lon="-1.92656">
    <ele>216.17000000000002</ele>
   </trkpt>
   <trkpt lat="53.37982" lon="-1.9267">
    <ele>216.17000000000002</ele>
   </trkpt>
   <trkpt lat="53.3798" lon="-1.92694">
    <ele>215.4</ele>
   </trkpt>
   <trkpt lat="53.37973" lon="-1.92721">
    <ele>215.27</ele>
   </trkpt>
   <trkpt lat="53.37968000000001" lon="-1.92734">
    <ele>215.27</ele>
   </trkpt>
   <trkpt lat="53.37952000000001" lon="-1.92758">
    <ele>215.03000000000003</ele>
   </trkpt>
   <trkpt lat="53.379020000000004" lon="-1.92806">
    <ele>214.31000000000003</ele>
   </trkpt>
   <trkpt lat="53.37892000000001" lon="-1.9280100000000002">
    <ele>213.89000000000001</ele>
   </trkpt>
   <trkpt lat="53.37877" lon="-1.9281300000000001">
    <ele>213.05</ele>
   </trkpt>
   <trkpt lat="53.37831000426353" lon="-1.929135010760604">
    <ele>211.73000000000002</ele>
   </trkpt>
   <trkpt lat="53.37785" lon="-1.9301400000000002">
    <ele>210.35</ele>
   </trkpt>
   <trkpt lat="53.378310004176335" lon="-1.929135010951132">
    <ele>211.73000000000002</ele>
   </trkpt>
   <trkpt lat="53.37877" lon="-1.9281300000000001">
    <ele>213.05</ele>
   </trkpt>
   <trkpt lat="53.37892000000001" lon="-1.9280100000000002">
    <ele>213.89000000000001</ele>
   </trkpt>
   <trkpt lat="53.379020000000004" lon="-1.92806">
    <ele>214.31000000000003</ele>
   </trkpt>
   <trkpt lat="53.37952000000001" lon="-1.92758">
    <ele>215.03000000000003</ele>
   </trkpt>
   <trkpt lat="53.37968000000001" lon="-1.92734">
    <ele>215.27</ele>
   </trkpt>
   <trkpt lat="53.37973" lon="-1.92721">
    <ele>215.27</ele>
   </trkpt>
   <trkpt lat="53.3798" lon="-1.92694">
    <ele>215.4</ele>
   </trkpt>
   <trkpt lat="53.37982" lon="-1.9267">
    <ele>216.17000000000002</ele>
   </trkpt>
   <trkpt lat="53.379810000000006" lon="-1.92656">
    <ele>216.17000000000002</ele>
   </trkpt>
   <trkpt lat="53.379760000000005" lon="-1.92629">
    <ele>216.43</ele>
   </trkpt>
   <trkpt lat="53.37961000000001" lon="-1.92602">
    <ele>216.62</ele>
   </trkpt>
   <trkpt lat="53.37898000222762" lon="-1.9252949893105045">
    <ele>217.8</ele>
   </trkpt>
   <trkpt lat="53.378350000000005" lon="-1.9245700000000001">
    <ele>219.74</ele>
   </trkpt>
   <trkpt lat="53.37796" lon="-1.9242800000000002">
    <ele>221.15</ele>
   </trkpt>
   <trkpt lat="53.377900000000004" lon="-1.9242100000000002">
    <ele>221.23000000000002</ele>
   </trkpt>
   <trkpt lat="53.377750000000006" lon="-1.92409">
    <ele>221.61</ele>
   </trkpt>
   <trkpt lat="53.37767" lon="-1.9239300000000001">
    <ele>222.33</ele>
   </trkpt>
   <trkpt lat="53.37755000000001" lon="-1.92358">
    <ele>222.87</ele>
   </trkpt>
   <trkpt lat="53.377460000000006" lon="-1.92314">
    <ele>223.37</ele>
   </trkpt>
   <trkpt lat="53.37747" lon="-1.9229900000000002">
    <ele>223.54000000000002</ele>
   </trkpt>
   <trkpt lat="53.37765" lon="-1.9223700000000001">
    <ele>228.25</ele>
   </trkpt>
   <trkpt lat="53.37785" lon="-1.92192">
    <ele>232.05</ele>
   </trkpt>
   <trkpt lat="53.37803" lon="-1.92084">
    <ele>238.67000000000002</ele>
   </trkpt>
   <trkpt lat="53.378240000000005" lon="-1.91999">
    <ele>244.96</ele>
   </trkpt>
   <trkpt lat="53.37827000000001" lon="-1.91968">
    <ele>245.38</ele>
   </trkpt>
   <trkpt lat="53.37827000000001" lon="-1.9194200000000001">
    <ele>245.62000000000003</ele>
   </trkpt>
   <trkpt lat="53.378190000000004" lon="-1.91928">
    <ele>246.1</ele>
   </trkpt>
   <trkpt lat="53.37794" lon="-1.9194600000000002">
    <ele>249.09000000000003</ele>
   </trkpt>
   <trkpt lat="53.37767" lon="-1.91999">
    <ele>249.8</ele>
   </trkpt>
   <trkpt lat="53.37762000000001" lon="-1.9200300000000001">
    <ele>250.25000000000003</ele>
   </trkpt>
   <trkpt lat="53.37754" lon="-1.92006">
    <ele>251.49000000000004</ele>
   </trkpt>
   <trkpt lat="53.37736" lon="-1.9198600000000001">
    <ele>255.22</ele>
   </trkpt>
   <trkpt lat="53.377300000000005" lon="-1.91975">
    <ele>257.64000000000004</ele>
   </trkpt>
   <trkpt lat="53.37724000000001" lon="-1.9195600000000002">
    <ele>259.21</ele>
   </trkpt>
   <trkpt lat="53.377250000000004" lon="-1.91941">
    <ele>261.34000000000003</ele>
   </trkpt>
   <trkpt lat="53.377430000000004" lon="-1.91867">
    <ele>270.64000000000004</ele>
   </trkpt>
   <trkpt lat="53.37750500420085" lon="-1.9176700014575325">
    <ele>279.04</ele>
   </trkpt>
   <trkpt lat="53.37758" lon="-1.91667">
    <ele>292.75</ele>
   </trkpt>
   <trkpt lat="53.377500005650354" lon="-1.9155049975166865">
    <ele>308.01</ele>
   </trkpt>
   <trkpt lat="53.37742000000001" lon="-1.9143400000000002">
    <ele>323.5</ele>
   </trkpt>
   <trkpt lat="53.376940000000005" lon="-1.91307">
    <ele>344.26</ele>
   </trkpt>
   <trkpt lat="53.37676000296388" lon="-1.9122249963373879">
    <ele>351.92</ele>
   </trkpt>
   <trkpt lat="53.376580000000004" lon="-1.91138">
    <ele>361.39000000000004</ele>
   </trkpt>
   <trkpt lat="53.376360000000005" lon="-1.91013">
    <ele>379.47</ele>
   </trkpt>
   <trkpt lat="53.37646" lon="-1.90955">
    <ele>385.64000000000004</ele>
   </trkpt>
   <trkpt lat="53.37641000000001" lon="-1.90823">
    <ele>402.95000000000005</ele>
   </trkpt>
   <trkpt lat="53.376415003890344" lon="-1.9072650002010931">
    <ele>410.95000000000005</ele>
   </trkpt>
   <trkpt lat="53.37642" lon="-1.9063">
    <ele>417.67</ele>
   </trkpt>
   <trkpt lat="53.37647000492053" lon="-1.9052150012319633">
    <ele>422.61</ele>
   </trkpt>
   <trkpt lat="53.376520000000006" lon="-1.90413">
    <ele>426.18000000000006</ele>
   </trkpt>
   <trkpt lat="53.376630000000006" lon="-1.90362">
    <ele>428.82000000000005</ele>
   </trkpt>
   <trkpt lat="53.376780000000004" lon="-1.90308">
    <ele>432.66</ele>
   </trkpt>
   <trkpt lat="53.376760000000004" lon="-1.9025">
    <ele>436.2300000000001</ele>
   </trkpt>
   <trkpt lat="53.376630000000006" lon="-1.90216">
    <ele>441.61000000000007</ele>
   </trkpt>
   <trkpt lat="53.37646" lon="-1.90158">
    <ele>448.54</ele>
   </trkpt>
   <trkpt lat="53.376180000000005" lon="-1.90033">
    <ele>477.43</ele>
   </trkpt>
   <trkpt lat="53.37613" lon="-1.89955">
    <ele>510.92</ele>
   </trkpt>
   <trkpt lat="53.376070000000006" lon="-1.89921">
    <ele>519.4000000000001</ele>
   </trkpt>
   <trkpt lat="53.37604" lon="-1.89887">
    <ele>528.82</ele>
   </trkpt>
   <trkpt lat="53.37611000251562" lon="-1.8980900015758495">
    <ele>539.0200000000001</ele>
   </trkpt>
   <trkpt lat="53.376180000000005" lon="-1.89731">
    <ele>550.24</ele>
   </trkpt>
   <trkpt lat="53.376205005867675" lon="-1.8961250006651946">
    <ele>567.3900000000001</ele>
   </trkpt>
   <trkpt lat="53.37623000000001" lon="-1.89494">
    <ele>578.59</ele>
   </trkpt>
   <trkpt lat="53.376310000000004" lon="-1.8943">
    <ele>583.0300000000001</ele>
   </trkpt>
   <trkpt lat="53.37632000000001" lon="-1.89386">
    <ele>584.6</ele>
   </trkpt>
   <trkpt lat="53.376540000000006" lon="-1.89264">
    <ele>594.98</ele>
   </trkpt>
   <trkpt lat="53.37668000000001" lon="-1.89213">
    <ele>598.7300000000001</ele>
   </trkpt>
   <trkpt lat="53.37668000000001" lon="-1.8917800000000002">
    <ele>599.21</ele>
   </trkpt>
   <trkpt lat="53.37662" lon="-1.89145">
    <ele>599.89</ele>
   </trkpt>
   <trkpt lat="53.37670000000001" lon="-1.89118">
    <ele>600.35</ele>
   </trkpt>
   <trkpt lat="53.3768" lon="-1.89098">
    <ele>600.2700000000001</ele>
   </trkpt>
   <trkpt lat="53.37684" lon="-1.8907800000000001">
    <ele>599.82</ele>
   </trkpt>
   <trkpt lat="53.376850000000005" lon="-1.8903">
    <ele>599.92</ele>
   </trkpt>
   <trkpt lat="53.37693" lon="-1.8897300000000001">
    <ele>600.4</ele>
   </trkpt>
   <trkpt lat="53.377030000000005" lon="-1.88938">
    <ele>600.7</ele>
   </trkpt>
   <trkpt lat="53.37709" lon="-1.88887">
    <ele>601.84</ele>
   </trkpt>
   <trkpt lat="53.377190000000006" lon="-1.88837">
    <ele>602.9100000000001</ele>
   </trkpt>
   <trkpt lat="53.37731" lon="-1.88735">
    <ele>603.32</ele>
   </trkpt>
   <trkpt lat="53.377390000000005" lon="-1.88694">
    <ele>603.86</ele>
   </trkpt>
   <trkpt lat="53.37735000000001" lon="-1.8867">
    <ele>604.35</ele>
   </trkpt>
   <trkpt lat="53.377340000000004" lon="-1.8862400000000001">
    <ele>604.9000000000001</ele>
   </trkpt>
   <trkpt lat="53.377410000000005" lon="-1.88596">
    <ele>605.6600000000001</ele>
   </trkpt>
   <trkpt lat="53.37751" lon="-1.88586">
    <ele>607.5500000000001</ele>
   </trkpt>
   <trkpt lat="53.377660000000006" lon="-1.88555">
    <ele>609.01</ele>
   </trkpt>
   <trkpt lat="53.378080000000004" lon="-1.88498">
    <ele>615.46</ele>
   </trkpt>
   <trkpt lat="53.378170000000004" lon="-1.8847800000000001">
    <ele>618.07</ele>
   </trkpt>
   <trkpt lat="53.37832" lon="-1.88457">
    <ele>618.99</ele>
   </trkpt>
   <trkpt lat="53.37872" lon="-1.8843">
    <ele>622.73</ele>
   </trkpt>
   <trkpt lat="53.378870000000006" lon="-1.8841">
    <ele>624.9800000000001</ele>
   </trkpt>
   <trkpt lat="53.37915" lon="-1.88399">
    <ele>626.6400000000001</ele>
   </trkpt>
   <trkpt lat="53.37948" lon="-1.8838300000000001">
    <ele>630.75</ele>
   </trkpt>
   <trkpt lat="53.37973" lon="-1.88345">
    <ele>632.11</ele>
   </trkpt>
   <trkpt lat="53.37999000000001" lon="-1.8831200000000001">
    <ele>633.5200000000001</ele>
   </trkpt>
   <trkpt lat="53.379870000000004" lon="-1.88318">
    <ele>633.3700000000001</ele>
   </trkpt>
   <trkpt lat="53.37944" lon="-1.88301">
    <ele>630.5400000000001</ele>
   </trkpt>
   <trkpt lat="53.37926" lon="-1.88287">
    <ele>629.62</ele>
   </trkpt>
   <trkpt lat="53.379160000000006" lon="-1.88284">
    <ele>628.63</ele>
   </trkpt>
   <trkpt lat="53.378980000000006" lon="-1.8826">
    <ele>623.94</ele>
   </trkpt>
   <trkpt lat="53.378870000000006" lon="-1.88257">
    <ele>622.71</ele>
   </trkpt>
   <trkpt lat="53.378780000000006" lon="-1.88247">
    <ele>621.2500000000001</ele>
   </trkpt>
   <trkpt lat="53.3787" lon="-1.8824100000000001">
    <ele>620.4300000000001</ele>
   </trkpt>
   <trkpt lat="53.37854" lon="-1.88247">
    <ele>619.74</ele>
   </trkpt>
   <trkpt lat="53.378460000000004" lon="-1.8824100000000001">
    <ele>618.87</ele>
   </trkpt>
   <trkpt lat="53.378260000000004" lon="-1.88247">
    <ele>617.41</ele>
   </trkpt>
   <trkpt lat="53.37814" lon="-1.88247">
    <ele>616.47</ele>
   </trkpt>
   <trkpt lat="53.378040000000006" lon="-1.8824">
    <ele>614.97</ele>
   </trkpt>
   <trkpt lat="53.37791000000001" lon="-1.88237">
    <ele>614.3700000000001</ele>
   </trkpt>
   <trkpt lat="53.377880000000005" lon="-1.8823">
    <ele>614.3700000000001</ele>
   </trkpt>
   <trkpt lat="53.377790000000005" lon="-1.88226">
    <ele>614.1600000000001</ele>
   </trkpt>
   <trkpt lat="53.37773000000001" lon="-1.8821800000000002">
    <ele>613.9300000000001</ele>
   </trkpt>
   <trkpt lat="53.377680000000005" lon="-1.88223">
    <ele>612.19</ele>
   </trkpt>
   <trkpt lat="53.377230000000004" lon="-1.8822">
    <ele>600.5400000000001</ele>
   </trkpt>
   <trkpt lat="53.377120000000005" lon="-1.8820700000000001">
    <ele>596.44</ele>
   </trkpt>
   <trkpt lat="53.376830000000005" lon="-1.8819000000000001">
    <ele>590.1800000000001</ele>
   </trkpt>
   <trkpt lat="53.37677000000001" lon="-1.8819000000000001">
    <ele>588.95</ele>
   </trkpt>
   <trkpt lat="53.37668000000001" lon="-1.88182">
    <ele>587.87</ele>
   </trkpt>
   <trkpt lat="53.3766" lon="-1.88189">
    <ele>587.07</ele>
   </trkpt>
   <trkpt lat="53.37646" lon="-1.88186">
    <ele>585.83</ele>
   </trkpt>
   <trkpt lat="53.376250000000006" lon="-1.88189">
    <ele>584.19</ele>
   </trkpt>
   <trkpt lat="53.376050000000006" lon="-1.88199">
    <ele>582.72</ele>
   </trkpt>
   <trkpt lat="53.375910000000005" lon="-1.88213">
    <ele>581.84</ele>
   </trkpt>
   <trkpt lat="53.37563" lon="-1.88213">
    <ele>577.2700000000001</ele>
   </trkpt>
   <trkpt lat="53.37556000000001" lon="-1.8821">
    <ele>576.07</ele>
   </trkpt>
   <trkpt lat="53.375440000000005" lon="-1.8818300000000001">
    <ele>574.7800000000001</ele>
   </trkpt>
   <trkpt lat="53.37536000000001" lon="-1.8817500000000003">
    <ele>574.6300000000001</ele>
   </trkpt>
   <trkpt lat="53.37480000000001" lon="-1.88193">
    <ele>579.83</ele>
   </trkpt>
   <trkpt lat="53.37445" lon="-1.8819000000000001">
    <ele>580.52</ele>
   </trkpt>
   <trkpt lat="53.37436" lon="-1.8819000000000001">
    <ele>580.1700000000001</ele>
   </trkpt>
   <trkpt lat="53.37404" lon="-1.88199">
    <ele>577.5600000000001</ele>
   </trkpt>
   <trkpt lat="53.37393" lon="-1.88193">
    <ele>572.85</ele>
   </trkpt>
   <trkpt lat="53.37377000000001" lon="-1.88172">
    <ele>567.5600000000001</ele>
   </trkpt>
   <trkpt lat="53.373670000000004" lon="-1.88169">
    <ele>564.2900000000001</ele>
   </trkpt>
   <trkpt lat="53.373380000000004" lon="-1.88145">
    <ele>557.46</ele>
   </trkpt>
   <trkpt lat="53.37333" lon="-1.88145">
    <ele>557.46</ele>
   </trkpt>
   <trkpt lat="53.37326" lon="-1.88149">
    <ele>555.01</ele>
   </trkpt>
   <trkpt lat="53.37315" lon="-1.88135">
    <ele>554.13</ele>
   </trkpt>
   <trkpt lat="53.3731" lon="-1.88125">
    <ele>550.33</ele>
   </trkpt>
   <trkpt lat="53.37304" lon="-1.88125">
    <ele>550.33</ele>
   </trkpt>
   <trkpt lat="53.372930000000004" lon="-1.88115">
    <ele>546.7500000000001</ele>
   </trkpt>
   <trkpt lat="53.37281" lon="-1.88094">
    <ele>542.6899999999999</ele>
   </trkpt>
   <trkpt lat="53.37268" lon="-1.88057">
    <ele>539.15</ele>
   </trkpt>
   <trkpt lat="53.37256000000001" lon="-1.8798300000000001">
    <ele>532.6800000000001</ele>
   </trkpt>
   <trkpt lat="53.372530000000005" lon="-1.87976">
    <ele>530.61</ele>
   </trkpt>
   <trkpt lat="53.37256000000001" lon="-1.87952">
    <ele>529.3</ele>
   </trkpt>
   <trkpt lat="53.372550000000004" lon="-1.87932">
    <ele>527.63</ele>
   </trkpt>
   <trkpt lat="53.37257" lon="-1.87921">
    <ele>526.6700000000001</ele>
   </trkpt>
   <trkpt lat="53.37257" lon="-1.87891">
    <ele>524.37</ele>
   </trkpt>
   <trkpt lat="53.372550000000004" lon="-1.8787600000000002">
    <ele>524.37</ele>
   </trkpt>
   <trkpt lat="53.37268" lon="-1.87803">
    <ele>518.0600000000001</ele>
   </trkpt>
   <trkpt lat="53.37279000538498" lon="-1.8768950029063518">
    <ele>498.76000000000005</ele>
   </trkpt>
   <trkpt lat="53.3729" lon="-1.87576">
    <ele>480.12000000000006</ele>
   </trkpt>
   <trkpt lat="53.372890000000005" lon="-1.87532">
    <ele>477.43</ele>
   </trkpt>
   <trkpt lat="53.372800000000005" lon="-1.87471">
    <ele>475.64000000000004</ele>
   </trkpt>
   <trkpt lat="53.37279" lon="-1.8743">
    <ele>474.89000000000004</ele>
   </trkpt>
   <trkpt lat="53.372890000000005" lon="-1.87376">
    <ele>472.4200000000001</ele>
   </trkpt>
   <trkpt lat="53.372960000000006" lon="-1.8728500000000001">
    <ele>465.34000000000003</ele>
   </trkpt>
   <trkpt lat="53.37285000000001" lon="-1.87179">
    <ele>455.93000000000006</ele>
   </trkpt>
   <trkpt lat="53.372910000000005" lon="-1.87159">
    <ele>450.85</ele>
   </trkpt>
   <trkpt lat="53.372960000000006" lon="-1.8712600000000001">
    <ele>447.49000000000007</ele>
   </trkpt>
   <trkpt lat="53.373160000000006" lon="-1.87128">
    <ele>444.75</ele>
   </trkpt>
   <trkpt lat="53.37326" lon="-1.87122">
    <ele>442.20000000000005</ele>
   </trkpt>
   <trkpt lat="53.37339000000001" lon="-1.8710200000000001">
    <ele>438.82000000000005</ele>
   </trkpt>
   <trkpt lat="53.373520000000006" lon="-1.87071">
    <ele>431.99</ele>
   </trkpt>
   <trkpt lat="53.373520000000006" lon="-1.87037">
    <ele>416.7</ele>
   </trkpt>
   <trkpt lat="53.373470000000005" lon="-1.87">
    <ele>413.39000000000004</ele>
   </trkpt>
   <trkpt lat="53.37341000000001" lon="-1.86976">
    <ele>408.80000000000007</ele>
   </trkpt>
   <trkpt lat="53.373290000000004" lon="-1.86959">
    <ele>406.09</ele>
   </trkpt>
   <trkpt lat="53.37319" lon="-1.86952">
    <ele>401.07000000000005</ele>
   </trkpt>
   <trkpt lat="53.37304" lon="-1.86952">
    <ele>397.95000000000005</ele>
   </trkpt>
   <trkpt lat="53.37281" lon="-1.86949">
    <ele>392.88</ele>
   </trkpt>
   <trkpt lat="53.37272" lon="-1.86942">
    <ele>378.08000000000004</ele>
   </trkpt>
   <trkpt lat="53.372710000000005" lon="-1.86925">
    <ele>378.08000000000004</ele>
   </trkpt>
   <trkpt lat="53.372730000000004" lon="-1.86908">
    <ele>374.83000000000004</ele>
   </trkpt>
   <trkpt lat="53.372730000000004" lon="-1.86888">
    <ele>371.84</ele>
   </trkpt>
   <trkpt lat="53.3727" lon="-1.86881">
    <ele>370.50000000000006</ele>
   </trkpt>
   <trkpt lat="53.372620000000005" lon="-1.86877">
    <ele>368.08</ele>
   </trkpt>
   <trkpt lat="53.37257" lon="-1.86877">
    <ele>368.08</ele>
   </trkpt>
   <trkpt lat="53.37239" lon="-1.86884">
    <ele>362.62000000000006</ele>
   </trkpt>
   <trkpt lat="53.37228" lon="-1.86881">
    <ele>359.78000000000003</ele>
   </trkpt>
   <trkpt lat="53.372220000000006" lon="-1.8688300000000002">
    <ele>359.53000000000003</ele>
   </trkpt>
   <trkpt lat="53.372170000000004" lon="-1.86877">
    <ele>359.21000000000004</ele>
   </trkpt>
   <trkpt lat="53.372130000000006" lon="-1.86867">
    <ele>359.09000000000003</ele>
   </trkpt>
   <trkpt lat="53.372040000000005" lon="-1.86867">
    <ele>359.03000000000003</ele>
   </trkpt>
   <trkpt lat="53.37172" lon="-1.8685100000000001">
    <ele>358.69</ele>
   </trkpt>
   <trkpt lat="53.37149" lon="-1.86827">
    <ele>358.62000000000006</ele>
   </trkpt>
   <trkpt lat="53.371390000000005" lon="-1.8681">
    <ele>358.37</ele>
   </trkpt>
   <trkpt lat="53.37127" lon="-1.8677000000000001">
    <ele>357.14</ele>
   </trkpt>
   <trkpt lat="53.371010000000005" lon="-1.8663">
    <ele>354.96000000000004</ele>
   </trkpt>
   <trkpt lat="53.370870000000004" lon="-1.86586">
    <ele>353.37</ele>
   </trkpt>
   <trkpt lat="53.37073" lon="-1.86532">
    <ele>352.75</ele>
   </trkpt>
   <trkpt lat="53.37059000000001" lon="-1.86488">
    <ele>350.69</ele>
   </trkpt>
   <trkpt lat="53.370430000000006" lon="-1.86461">
    <ele>348.87</ele>
   </trkpt>
   <trkpt lat="53.370200000000004" lon="-1.86413">
    <ele>346.0</ele>
   </trkpt>
   <trkpt lat="53.369980000000005" lon="-1.86379">
    <ele>343.17</ele>
   </trkpt>
   <trkpt lat="53.36979" lon="-1.86342">
    <ele>341.80000000000007</ele>
   </trkpt>
   <trkpt lat="53.369600000000005" lon="-1.8629700000000002">
    <ele>340.79</ele>
   </trkpt>
   <trkpt lat="53.36914" lon="-1.86203">
    <ele>334.54</ele>
   </trkpt>
   <trkpt lat="53.368830002170164" lon="-1.8613049946630467">
    <ele>332.89</ele>
   </trkpt>
   <trkpt lat="53.368520000000004" lon="-1.8605800000000001">
    <ele>330.57000000000005</ele>
   </trkpt>
   <trkpt lat="53.368410000000004" lon="-1.86017">
    <ele>328.71</ele>
   </trkpt>
   <trkpt lat="53.368300000000005" lon="-1.85993">
    <ele>327.32</ele>
   </trkpt>
   <trkpt lat="53.368210000000005" lon="-1.8597700000000001">
    <ele>326.44</ele>
   </trkpt>
   <trkpt lat="53.36798" lon="-1.85959">
    <ele>323.67</ele>
   </trkpt>
   <trkpt lat="53.367830000000005" lon="-1.85939">
    <ele>320.97</ele>
   </trkpt>
   <trkpt lat="53.367650000000005" lon="-1.85908">
    <ele>319.31000000000006</ele>
   </trkpt>
   <trkpt lat="53.367490000000004" lon="-1.85861">
    <ele>316.84000000000003</ele>
   </trkpt>
   <trkpt lat="53.367430000000006" lon="-1.8584800000000001">
    <ele>316.25</ele>
   </trkpt>
   <trkpt lat="53.36721000000001" lon="-1.8583">
    <ele>314.36</ele>
   </trkpt>
   <trkpt lat="53.367000000000004" lon="-1.858">
    <ele>310.05000000000007</ele>
   </trkpt>
   <trkpt lat="53.36692000000001" lon="-1.8578700000000001">
    <ele>310.05000000000007</ele>
   </trkpt>
   <trkpt lat="53.36675" lon="-1.85749">
    <ele>306.34</ele>
   </trkpt>
   <trkpt lat="53.36663000000001" lon="-1.85712">
    <ele>304.68</ele>
   </trkpt>
   <trkpt lat="53.366490000000006" lon="-1.85644">
    <ele>302.79</ele>
   </trkpt>
   <trkpt lat="53.366290000000006" lon="-1.8556000000000001">
    <ele>297.83000000000004</ele>
   </trkpt>
   <trkpt lat="53.366200000000006" lon="-1.85535">
    <ele>296.61</ele>
   </trkpt>
   <trkpt lat="53.366130000000005" lon="-1.8550700000000002">
    <ele>296.14</ele>
   </trkpt>
   <trkpt lat="53.36607000000001" lon="-1.85451">
    <ele>296.27000000000004</ele>
   </trkpt>
   <trkpt lat="53.365990000000004" lon="-1.85406">
    <ele>295.22</ele>
   </trkpt>
   <trkpt lat="53.36592" lon="-1.85345">
    <ele>294.65000000000003</ele>
   </trkpt>
   <trkpt lat="53.3659" lon="-1.85278">
    <ele>294.83000000000004</ele>
   </trkpt>
   <trkpt lat="53.36596" lon="-1.8518700000000001">
    <ele>294.94000000000005</ele>
   </trkpt>
   <trkpt lat="53.365930000000006" lon="-1.85166">
    <ele>294.6</ele>
   </trkpt>
   <trkpt lat="53.365680000000005" lon="-1.85091">
    <ele>291.33000000000004</ele>
   </trkpt>
   <trkpt lat="53.36565" lon="-1.8506500000000001">
    <ele>290.84999999999997</ele>
   </trkpt>
   <trkpt lat="53.365610000000004" lon="-1.8495700000000002">
    <ele>290.09000000000003</ele>
   </trkpt>
   <trkpt lat="53.36544000000001" lon="-1.84915">
    <ele>287.99</ele>
   </trkpt>
   <trkpt lat="53.36531" lon="-1.84888">
    <ele>287.24000000000007</ele>
   </trkpt>
   <trkpt lat="53.36509" lon="-1.8485800000000001">
    <ele>285.44</ele>
   </trkpt>
   <trkpt lat="53.36486000000001" lon="-1.8484">
    <ele>284.38</ele>
   </trkpt>
   <trkpt lat="53.36459000000001" lon="-1.8480400000000001">
    <ele>281.59</ele>
   </trkpt>
   <trkpt lat="53.36457000000001" lon="-1.8479700000000001">
    <ele>281.14</ele>
   </trkpt>
   <trkpt lat="53.36457000000001" lon="-1.8478700000000001">
    <ele>279.71000000000004</ele>
   </trkpt>
   <trkpt lat="53.364630000000005" lon="-1.84766">
    <ele>278.91</ele>
   </trkpt>
   <trkpt lat="53.36462" lon="-1.8475000000000001">
    <ele>278.67</ele>
   </trkpt>
   <trkpt lat="53.36457000000001" lon="-1.84742">
    <ele>279.39000000000004</ele>
   </trkpt>
   <trkpt lat="53.364430000000006" lon="-1.84739">
    <ele>280.65</ele>
   </trkpt>
   <trkpt lat="53.36435" lon="-1.8472800000000003">
    <ele>280.65</ele>
   </trkpt>
   <trkpt lat="53.36464" lon="-1.84698">
    <ele>283.90000000000003</ele>
   </trkpt>
   <trkpt lat="53.36469" lon="-1.8469000000000002">
    <ele>283.90000000000003</ele>
   </trkpt>
   <trkpt lat="53.36469" lon="-1.8465500000000001">
    <ele>285.1</ele>
   </trkpt>
   <trkpt lat="53.36471" lon="-1.8465000000000003">
    <ele>285.42</ele>
   </trkpt>
   <trkpt lat="53.36484" lon="-1.8464200000000002">
    <ele>286.71000000000004</ele>
   </trkpt>
   <trkpt lat="53.36486000000001" lon="-1.84637">
    <ele>287.19</ele>
   </trkpt>
   <trkpt lat="53.364940000000004" lon="-1.84556">
    <ele>288.43</ele>
   </trkpt>
   <trkpt lat="53.36495500434672" lon="-1.844540000408994">
    <ele>289.59000000000003</ele>
   </trkpt>
   <trkpt lat="53.36497000000001" lon="-1.84352">
    <ele>292.7</ele>
   </trkpt>
   <trkpt lat="53.36502" lon="-1.8430900000000001">
    <ele>293.33000000000004</ele>
   </trkpt>
   <trkpt lat="53.365080000000006" lon="-1.84295">
    <ele>294.39000000000004</ele>
   </trkpt>
   <trkpt lat="53.36535000000001" lon="-1.84247">
    <ele>297.55</ele>
   </trkpt>
   <trkpt lat="53.365700000000004" lon="-1.8416700000000001">
    <ele>304.66</ele>
   </trkpt>
   <trkpt lat="53.36580000000001" lon="-1.84139">
    <ele>306.93</ele>
   </trkpt>
   <trkpt lat="53.36581" lon="-1.84132">
    <ele>306.93</ele>
   </trkpt>
   <trkpt lat="53.365790000000004" lon="-1.8412300000000001">
    <ele>308.59000000000003</ele>
   </trkpt>
   <trkpt lat="53.36581" lon="-1.84112">
    <ele>308.59000000000003</ele>
   </trkpt>
   <trkpt lat="53.366150000000005" lon="-1.84027">
    <ele>315.85</ele>
   </trkpt>
   <trkpt lat="53.36623" lon="-1.83983">
    <ele>320.99000000000007</ele>
   </trkpt>
   <trkpt lat="53.36652" lon="-1.83905">
    <ele>329.53000000000003</ele>
   </trkpt>
   <trkpt lat="53.36665000000001" lon="-1.83858">
    <ele>334.90000000000003</ele>
   </trkpt>
   <trkpt lat="53.36683000000001" lon="-1.83814">
    <ele>345.39000000000004</ele>
   </trkpt>
   <trkpt lat="53.367110000000004" lon="-1.83824">
    <ele>361.05</ele>
   </trkpt>
   <trkpt lat="53.36735" lon="-1.8383500000000002">
    <ele>368.99</ele>
   </trkpt>
   <trkpt lat="53.36728" lon="-1.83813">
    <ele>370.15000000000003</ele>
   </trkpt>
   <trkpt lat="53.36724" lon="-1.8378700000000001">
    <ele>371.61000000000007</ele>
   </trkpt>
   <trkpt lat="53.36730000000001" lon="-1.83793">
    <ele>374.81</ele>
   </trkpt>
   <trkpt lat="53.367340000000006" lon="-1.83783">
    <ele>376.54</ele>
   </trkpt>
   <trkpt lat="53.36742" lon="-1.8378">
    <ele>380.19</ele>
   </trkpt>
   <trkpt lat="53.36769" lon="-1.83759">
    <ele>389.66</ele>
   </trkpt>
   <trkpt lat="53.36782" lon="-1.8375000000000001">
    <ele>397.01000000000005</ele>
   </trkpt>
   <trkpt lat="53.36802" lon="-1.83732">
    <ele>410.53</ele>
   </trkpt>
   <trkpt lat="53.36816" lon="-1.83722">
    <ele>414.47</ele>
   </trkpt>
   <trkpt lat="53.36831" lon="-1.83705">
    <ele>422.91</ele>
   </trkpt>
   <trkpt lat="53.36835000000001" lon="-1.83705">
    <ele>424.97</ele>
   </trkpt>
   <trkpt lat="53.368410000000004" lon="-1.83698">
    <ele>430.88000000000005</ele>
   </trkpt>
   <trkpt lat="53.36844000000001" lon="-1.83698">
    <ele>430.88000000000005</ele>
   </trkpt>
   <trkpt lat="53.36851000000001" lon="-1.83695">
    <ele>434.95000000000005</ele>
   </trkpt>
   <trkpt lat="53.368700000000004" lon="-1.83675">
    <ele>434.95000000000005</ele>
   </trkpt>
   <trkpt lat="53.36878" lon="-1.83664">
    <ele>462.58000000000004</ele>
   </trkpt>
   <trkpt lat="53.368880000000004" lon="-1.83661">
    <ele>462.58000000000004</ele>
   </trkpt>
   <trkpt lat="53.36894" lon="-1.83651">
    <ele>462.58000000000004</ele>
   </trkpt>
   <trkpt lat="53.368970000000004" lon="-1.83641">
    <ele>462.58000000000004</ele>
   </trkpt>
   <trkpt lat="53.369200000000006" lon="-1.83617">
    <ele>474.20000000000005</ele>
   </trkpt>
   <trkpt lat="53.369490000000006" lon="-1.8357700000000001">
    <ele>493.39000000000004</ele>
   </trkpt>
   <trkpt lat="53.369530000000005" lon="-1.8358">
    <ele>495.04</ele>
   </trkpt>
   <trkpt lat="53.36957" lon="-1.8357">
    <ele>496.53000000000003</ele>
   </trkpt>
   <trkpt lat="53.36983000000001" lon="-1.83539">
    <ele>506.6400000000001</ele>
   </trkpt>
   <trkpt lat="53.369930000000004" lon="-1.83532">
    <ele>512.3000000000001</ele>
   </trkpt>
   <trkpt lat="53.370000000000005" lon="-1.83536">
    <ele>514.08</ele>
   </trkpt>
   <trkpt lat="53.37032000000001" lon="-1.83522">
    <ele>525.97</ele>
   </trkpt>
   <trkpt lat="53.37044" lon="-1.83519">
    <ele>526.95</ele>
   </trkpt>
   <trkpt lat="53.370670000000004" lon="-1.8352300000000001">
    <ele>530.21</ele>
   </trkpt>
   <trkpt lat="53.370720000000006" lon="-1.83522">
    <ele>530.5600000000001</ele>
   </trkpt>
   <trkpt lat="53.37075" lon="-1.83529">
    <ele>530.84</ele>
   </trkpt>
   <trkpt lat="53.370900000000006" lon="-1.83539">
    <ele>531.22</ele>
   </trkpt>
   <trkpt lat="53.37109" lon="-1.8354000000000001">
    <ele>530.99</ele>
   </trkpt>
   <trkpt lat="53.37125" lon="-1.8354300000000001">
    <ele>530.44</ele>
   </trkpt>
   <trkpt lat="53.371570000000006" lon="-1.83536">
    <ele>530.0600000000001</ele>
   </trkpt>
   <trkpt lat="53.37171000000001" lon="-1.83542">
    <ele>529.73</ele>
   </trkpt>
   <trkpt lat="53.371790000000004" lon="-1.83552">
    <ele>529.36</ele>
   </trkpt>
   <trkpt lat="53.371880000000004" lon="-1.83556">
    <ele>528.76</ele>
   </trkpt>
   <trkpt lat="53.37200000000001" lon="-1.83556">
    <ele>528.4000000000001</ele>
   </trkpt>
   <trkpt lat="53.372260000000004" lon="-1.83552">
    <ele>527.8900000000001</ele>
   </trkpt>
   <trkpt lat="53.37243" lon="-1.8354300000000001">
    <ele>528.07</ele>
   </trkpt>
   <trkpt lat="53.372550000000004" lon="-1.8355000000000001">
    <ele>528.3100000000001</ele>
   </trkpt>
   <trkpt lat="53.37283000000001" lon="-1.83546">
    <ele>529.11</ele>
   </trkpt>
   <trkpt lat="53.37294000000001" lon="-1.83546">
    <ele>529.47</ele>
   </trkpt>
   <trkpt lat="53.37308" lon="-1.83552">
    <ele>529.87</ele>
   </trkpt>
   <trkpt lat="53.373310000000004" lon="-1.83556">
    <ele>530.6700000000001</ele>
   </trkpt>
   <trkpt lat="53.373450000000005" lon="-1.83563">
    <ele>530.66</ele>
   </trkpt>
   <trkpt lat="53.37368000000001" lon="-1.83576">
    <ele>531.0</ele>
   </trkpt>
   <trkpt lat="53.37384" lon="-1.8358">
    <ele>531.57</ele>
   </trkpt>
   <trkpt lat="53.374120000000005" lon="-1.83593">
    <ele>533.0100000000001</ele>
   </trkpt>
   <trkpt lat="53.374810000000004" lon="-1.836">
    <ele>536.74</ele>
   </trkpt>
   <trkpt lat="53.37557" lon="-1.83634">
    <ele>542.9000000000001</ele>
   </trkpt>
   <trkpt lat="53.37588" lon="-1.8366700000000002">
    <ele>547.18</ele>
   </trkpt>
   <trkpt lat="53.37604" lon="-1.83688">
    <ele>554.27</ele>
   </trkpt>
   <trkpt lat="53.37613" lon="-1.83695">
    <ele>556.59</ele>
   </trkpt>
   <trkpt lat="53.376250000000006" lon="-1.8370000000000002">
    <ele>558.67</ele>
   </trkpt>
   <trkpt lat="53.376540000000006" lon="-1.83664">
    <ele>572.62</ele>
   </trkpt>
   <trkpt lat="53.37659000000001" lon="-1.8366200000000001">
    <ele>572.62</ele>
   </trkpt>
   <trkpt lat="53.37682" lon="-1.83668">
    <ele>579.83</ele>
   </trkpt>
   <trkpt lat="53.37726000000001" lon="-1.83668">
    <ele>588.0000000000001</ele>
   </trkpt>
   <trkpt lat="53.37754" lon="-1.83658">
    <ele>591.96</ele>
   </trkpt>
   <trkpt lat="53.37789000000001" lon="-1.83637">
    <ele>597.2</ele>
   </trkpt>
   <trkpt lat="53.378190000000004" lon="-1.8363300000000002">
    <ele>600.28</ele>
   </trkpt>
   <trkpt lat="53.37823" lon="-1.8362100000000001">
    <ele>600.1899999999999</ele>
   </trkpt>
   <trkpt lat="53.37832" lon="-1.8355400000000002">
    <ele>594.44</ele>
   </trkpt>
   <trkpt lat="53.37787" lon="-1.83546">
    <ele>577.62</ele>
   </trkpt>
   <trkpt lat="53.37782000000001" lon="-1.83532">
    <ele>571.4800000000001</ele>
   </trkpt>
   <trkpt lat="53.377610000000004" lon="-1.83508">
    <ele>562.35</ele>
   </trkpt>
   <trkpt lat="53.37744000000001" lon="-1.83468">
    <ele>549.34</ele>
   </trkpt>
   <trkpt lat="53.377320000000005" lon="-1.83451">
    <ele>544.4499999999999</ele>
   </trkpt>
   <trkpt lat="53.377230000000004" lon="-1.8341">
    <ele>538.32</ele>
   </trkpt>
   <trkpt lat="53.37707" lon="-1.83356">
    <ele>528.44</ele>
   </trkpt>
   <trkpt lat="53.376900000000006" lon="-1.83329">
    <ele>523.95</ele>
   </trkpt>
   <trkpt lat="53.376740000000005" lon="-1.83291">
    <ele>517.83</ele>
   </trkpt>
   <trkpt lat="53.376630000000006" lon="-1.83258">
    <ele>513.9</ele>
   </trkpt>
   <trkpt lat="53.37646" lon="-1.83227">
    <ele>511.34000000000003</ele>
   </trkpt>
   <trkpt lat="53.376360000000005" lon="-1.8319">
    <ele>507.29</ele>
   </trkpt>
   <trkpt lat="53.376160000000006" lon="-1.83149">
    <ele>503.70000000000005</ele>
   </trkpt>
   <trkpt lat="53.37599" lon="-1.8313100000000002">
    <ele>501.49</ele>
   </trkpt>
   <trkpt lat="53.37574000000001" lon="-1.8309600000000001">
    <ele>497.89000000000004</ele>
   </trkpt>
   <trkpt lat="53.37552" lon="-1.83071">
    <ele>495.44000000000005</ele>
   </trkpt>
   <trkpt lat="53.37538000000001" lon="-1.83061">
    <ele>492.94000000000005</ele>
   </trkpt>
   <trkpt lat="53.3753" lon="-1.83061">
    <ele>491.46000000000004</ele>
   </trkpt>
   <trkpt lat="53.37519" lon="-1.83058">
    <ele>488.1</ele>
   </trkpt>
   <trkpt lat="53.375080000000004" lon="-1.83003">
    <ele>482.96000000000004</ele>
   </trkpt>
   <trkpt lat="53.375080000000004" lon="-1.82976">
    <ele>479.44</ele>
   </trkpt>
   <trkpt lat="53.375040000000006" lon="-1.82942">
    <ele>473.07000000000005</ele>
   </trkpt>
   <trkpt lat="53.37509000000001" lon="-1.82902">
    <ele>465.51000000000005</ele>
   </trkpt>
   <trkpt lat="53.375080000000004" lon="-1.82875">
    <ele>462.47</ele>
   </trkpt>
   <trkpt lat="53.374970000000005" lon="-1.82827">
    <ele>456.37000000000006</ele>
   </trkpt>
   <trkpt lat="53.37487" lon="-1.82807">
    <ele>450.95</ele>
   </trkpt>
   <trkpt lat="53.374860000000005" lon="-1.82793">
    <ele>450.95</ele>
   </trkpt>
   <trkpt lat="53.37480000000001" lon="-1.82783">
    <ele>448.66</ele>
   </trkpt>
   <trkpt lat="53.374840000000006" lon="-1.82732">
    <ele>440.66</ele>
   </trkpt>
   <trkpt lat="53.37472" lon="-1.82671">
    <ele>427.86</ele>
   </trkpt>
   <trkpt lat="53.37472" lon="-1.82658">
    <ele>427.86</ele>
   </trkpt>
   <trkpt lat="53.374680000000005" lon="-1.82631">
    <ele>419.05</ele>
   </trkpt>
   <trkpt lat="53.374550000000006" lon="-1.82617">
    <ele>414.64</ele>
   </trkpt>
   <trkpt lat="53.374340000000004" lon="-1.82614">
    <ele>406.99</ele>
   </trkpt>
   <trkpt lat="53.37415000000001" lon="-1.82617">
    <ele>403.61</ele>
   </trkpt>
   <trkpt lat="53.37389" lon="-1.8262800000000001">
    <ele>395.07000000000005</ele>
   </trkpt>
   <trkpt lat="53.37370000000001" lon="-1.82634">
    <ele>389.61</ele>
   </trkpt>
   <trkpt lat="53.37353" lon="-1.82631">
    <ele>385.16</ele>
   </trkpt>
   <trkpt lat="53.37339000000001" lon="-1.8263500000000001">
    <ele>383.04</ele>
   </trkpt>
   <trkpt lat="53.372840000000004" lon="-1.82641">
    <ele>371.11000000000007</ele>
   </trkpt>
   <trkpt lat="53.37248" lon="-1.82641">
    <ele>360.01000000000005</ele>
   </trkpt>
   <trkpt lat="53.37241" lon="-1.82637">
    <ele>360.01000000000005</ele>
   </trkpt>
   <trkpt lat="53.371930000000006" lon="-1.8261500000000002">
    <ele>348.32</ele>
   </trkpt>
   <trkpt lat="53.37165" lon="-1.8256000000000001">
    <ele>335.81000000000006</ele>
   </trkpt>
   <trkpt lat="53.371410000000004" lon="-1.82519">
    <ele>328.24</ele>
   </trkpt>
   <trkpt lat="53.371015004064745" lon="-1.8242049908929838">
    <ele>313.20000000000005</ele>
   </trkpt>
   <trkpt lat="53.37062" lon="-1.82322">
    <ele>304.81</ele>
   </trkpt>
   <trkpt lat="53.37039000000001" lon="-1.82224">
    <ele>292.61</ele>
   </trkpt>
   <trkpt lat="53.37032000000001" lon="-1.82207">
    <ele>290.51000000000005</ele>
   </trkpt>
   <trkpt lat="53.37019" lon="-1.8218800000000002">
    <ele>288.56000000000006</ele>
   </trkpt>
   <trkpt lat="53.37017" lon="-1.82142">
    <ele>284.52000000000004</ele>
   </trkpt>
   <trkpt lat="53.37022" lon="-1.8207200000000001">
    <ele>277.46000000000004</ele>
   </trkpt>
   <trkpt lat="53.37026" lon="-1.81966">
    <ele>270.59</ele>
   </trkpt>
   <trkpt lat="53.37033" lon="-1.8185200000000001">
    <ele>266.24</ele>
   </trkpt>
   <trkpt lat="53.370340000000006" lon="-1.8174400000000002">
    <ele>262.17</ele>
   </trkpt>
   <trkpt lat="53.37039000000001" lon="-1.81729">
    <ele>261.32</ele>
   </trkpt>
   <trkpt lat="53.37039000000001" lon="-1.81712">
    <ele>260.79</ele>
   </trkpt>
   <trkpt lat="53.370470000000005" lon="-1.8168700000000002">
    <ele>260.01</ele>
   </trkpt>
   <trkpt lat="53.370180000000005" lon="-1.81658">
    <ele>259.04</ele>
   </trkpt>
   <trkpt lat="53.36985000000001" lon="-1.8161">
    <ele>256.32000000000005</ele>
   </trkpt>
   <trkpt lat="53.36965000000001" lon="-1.8159100000000001">
    <ele>255.4</ele>
   </trkpt>
   <trkpt lat="53.369640000000004" lon="-1.8159">
    <ele>255.4</ele>
   </trkpt>
   <trkpt lat="53.3695" lon="-1.81583">
    <ele>254.93000000000004</ele>
   </trkpt>
   <trkpt lat="53.36891000000001" lon="-1.8156500000000002">
    <ele>253.18</ele>
   </trkpt>
   <trkpt lat="53.36856" lon="-1.81546">
    <ele>252.56</ele>
   </trkpt>
   <trkpt lat="53.368410000000004" lon="-1.8154400000000002">
    <ele>252.42000000000002</ele>
   </trkpt>
   <trkpt lat="53.368010000000005" lon="-1.8154200000000003">
    <ele>251.31000000000003</ele>
   </trkpt>
   <trkpt lat="53.36782" lon="-1.8154700000000001">
    <ele>250.92000000000002</ele>
   </trkpt>
   <trkpt lat="53.36739000000001" lon="-1.8156800000000002">
    <ele>250.54000000000005</ele>
   </trkpt>
   <trkpt lat="53.367250000000006" lon="-1.8158">
    <ele>250.54000000000005</ele>
   </trkpt>
   <trkpt lat="53.36704" lon="-1.81627">
    <ele>250.44</ele>
   </trkpt>
   <trkpt lat="53.3669" lon="-1.8164200000000001">
    <ele>250.27000000000004</ele>
   </trkpt>
   <trkpt lat="53.366780000000006" lon="-1.81651">
    <ele>249.96</ele>
   </trkpt>
   <trkpt lat="53.36666" lon="-1.8165700000000002">
    <ele>249.66000000000003</ele>
   </trkpt>
   <trkpt lat="53.36637" lon="-1.81658">
    <ele>248.58</ele>
   </trkpt>
   <trkpt lat="53.36598000000001" lon="-1.81651">
    <ele>247.34000000000003</ele>
   </trkpt>
   <trkpt lat="53.365660000000005" lon="-1.81637">
    <ele>246.02</ele>
   </trkpt>
   <trkpt lat="53.3652" lon="-1.8162300000000002">
    <ele>243.47000000000003</ele>
   </trkpt>
   <trkpt lat="53.365030000000004" lon="-1.8161600000000002">
    <ele>243.26000000000002</ele>
   </trkpt>
   <trkpt lat="53.364830000000005" lon="-1.816">
    <ele>242.59000000000003</ele>
   </trkpt>
   <trkpt lat="53.364790000000006" lon="-1.816">
    <ele>242.59000000000003</ele>
   </trkpt>
   <trkpt lat="53.364790000000006" lon="-1.81597">
    <ele>242.59000000000003</ele>
   </trkpt>
   <trkpt lat="53.364540000000005" lon="-1.8157500000000002">
    <ele>241.68</ele>
   </trkpt>
   <trkpt lat="53.3644" lon="-1.8156">
    <ele>241.68</ele>
   </trkpt>
   <trkpt lat="53.364250000000006" lon="-1.8153700000000002">
    <ele>239.56000000000003</ele>
   </trkpt>
   <trkpt lat="53.363690000000005" lon="-1.8163200000000002">
    <ele>235.79000000000002</ele>
   </trkpt>
   <trkpt lat="53.36345000000001" lon="-1.81631">
    <ele>234.79000000000002</ele>
   </trkpt>
   <trkpt lat="53.36336000000001" lon="-1.81627">
    <ele>234.76000000000002</ele>
   </trkpt>
   <trkpt lat="53.363060000000004" lon="-1.81587">
    <ele>235.49000000000004</ele>
   </trkpt>
   <trkpt lat="53.36278000000001" lon="-1.8155700000000001">
    <ele>237.48000000000002</ele>
   </trkpt>
   <trkpt lat="53.36263" lon="-1.81546">
    <ele>238.76000000000002</ele>
   </trkpt>
   <trkpt lat="53.36251000000001" lon="-1.81543">
    <ele>240.29000000000002</ele>
   </trkpt>
   <trkpt lat="53.362030000000004" lon="-1.81539">
    <ele>243.19000000000003</ele>
   </trkpt>
   <trkpt lat="53.361520000000006" lon="-1.81529">
    <ele>245.70000000000002</ele>
   </trkpt>
   <trkpt lat="53.361230000000006" lon="-1.81519">
    <ele>248.66000000000003</ele>
   </trkpt>
   <trkpt lat="53.36093" lon="-1.8150300000000001">
    <ele>250.42000000000002</ele>
   </trkpt>
   <trkpt lat="53.360200000000006" lon="-1.81461">
    <ele>254.79000000000002</ele>
   </trkpt>
   <trkpt lat="53.36009000000001" lon="-1.8146000000000002">
    <ele>255.74</ele>
   </trkpt>
   <trkpt lat="53.35961" lon="-1.81478">
    <ele>259.21</ele>
   </trkpt>
   <trkpt lat="53.35925" lon="-1.81502">
    <ele>263.61</ele>
   </trkpt>
   <trkpt lat="53.35884000000001" lon="-1.81515">
    <ele>267.49</ele>
   </trkpt>
   <trkpt lat="53.358650000000004" lon="-1.81516">
    <ele>268.23</ele>
   </trkpt>
   <trkpt lat="53.358230000000006" lon="-1.8151300000000001">
    <ele>271.32</ele>
   </trkpt>
   <trkpt lat="53.35815" lon="-1.8151100000000002">
    <ele>271.45000000000005</ele>
   </trkpt>
   <trkpt lat="53.358050000000006" lon="-1.81502">
    <ele>270.86</ele>
   </trkpt>
   <trkpt lat="53.358000000000004" lon="-1.81488">
    <ele>270.97</ele>
   </trkpt>
   <trkpt lat="53.35787500216102" lon="-1.8141549976673663">
    <ele>276.07000000000005</ele>
   </trkpt>
   <trkpt lat="53.35775" lon="-1.81343">
    <ele>283.51000000000005</ele>
   </trkpt>
   <trkpt lat="53.35768" lon="-1.81319">
    <ele>286.39000000000004</ele>
   </trkpt>
   <trkpt lat="53.357620000000004" lon="-1.81309">
    <ele>286.39000000000004</ele>
   </trkpt>
   <trkpt lat="53.357530000000004" lon="-1.81302">
    <ele>288.69</ele>
   </trkpt>
   <trkpt lat="53.35714" lon="-1.81305">
    <ele>295.04</ele>
   </trkpt>
   <trkpt lat="53.3569" lon="-1.8131100000000002">
    <ele>297.69</ele>
   </trkpt>
   <trkpt lat="53.356860000000005" lon="-1.8130300000000001">
    <ele>298.68</ele>
   </trkpt>
   <trkpt lat="53.356820000000006" lon="-1.81305">
    <ele>298.68</ele>
   </trkpt>
   <trkpt lat="53.356480000000005" lon="-1.81346">
    <ele>303.22</ele>
   </trkpt>
   <trkpt lat="53.35645" lon="-1.81346">
    <ele>303.91</ele>
   </trkpt>
   <trkpt lat="53.35642000000001" lon="-1.81343">
    <ele>303.91</ele>
   </trkpt>
   <trkpt lat="53.356320000000004" lon="-1.81319">
    <ele>306.87</ele>
   </trkpt>
   <trkpt lat="53.35618" lon="-1.81292">
    <ele>310.0</ele>
   </trkpt>
   <trkpt lat="53.356080000000006" lon="-1.81278">
    <ele>313.05000000000007</ele>
   </trkpt>
   <trkpt lat="53.355900000000005" lon="-1.81231">
    <ele>318.09000000000003</ele>
   </trkpt>
   <trkpt lat="53.355810000000005" lon="-1.81221">
    <ele>318.5</ele>
   </trkpt>
   <trkpt lat="53.35577000000001" lon="-1.81224">
    <ele>319.64000000000004</ele>
   </trkpt>
   <trkpt lat="53.355720000000005" lon="-1.8123300000000002">
    <ele>319.64000000000004</ele>
   </trkpt>
   <trkpt lat="53.35568000000001" lon="-1.81248">
    <ele>320.78000000000003</ele>
   </trkpt>
   <trkpt lat="53.355610000000006" lon="-1.81254">
    <ele>323.21000000000004</ele>
   </trkpt>
   <trkpt lat="53.35557000000001" lon="-1.81254">
    <ele>323.21000000000004</ele>
   </trkpt>
   <trkpt lat="53.355360000000005" lon="-1.81244">
    <ele>325.15000000000003</ele>
   </trkpt>
   <trkpt lat="53.355230000000006" lon="-1.81251">
    <ele>325.82000000000005</ele>
   </trkpt>
   <trkpt lat="53.355070000000005" lon="-1.81272">
    <ele>325.85</ele>
   </trkpt>
   <trkpt lat="53.354980000000005" lon="-1.81288">
    <ele>326.07</ele>
   </trkpt>
   <trkpt lat="53.35490000000001" lon="-1.81326">
    <ele>326.86</ele>
   </trkpt>
   <trkpt lat="53.354850000000006" lon="-1.81336">
    <ele>327.51</ele>
   </trkpt>
   <trkpt lat="53.354760000000006" lon="-1.81349">
    <ele>328.35</ele>
   </trkpt>
   <trkpt lat="53.35464" lon="-1.8135700000000001">
    <ele>329.16</ele>
   </trkpt>
   <trkpt lat="53.35448" lon="-1.81373">
    <ele>332.48</ele>
   </trkpt>
   <trkpt lat="53.354310000000005" lon="-1.8138">
    <ele>334.85</ele>
   </trkpt>
   <trkpt lat="53.35423" lon="-1.8138">
    <ele>336.54</ele>
   </trkpt>
   <trkpt lat="53.354150000000004" lon="-1.81373">
    <ele>339.23</ele>
   </trkpt>
   <trkpt lat="53.354110000000006" lon="-1.8136400000000001">
    <ele>340.21</ele>
   </trkpt>
   <trkpt lat="53.354020000000006" lon="-1.81336">
    <ele>345.58000000000004</ele>
   </trkpt>
   <trkpt lat="53.353970000000004" lon="-1.81326">
    <ele>345.58000000000004</ele>
   </trkpt>
   <trkpt lat="53.353910000000006" lon="-1.81322">
    <ele>351.23</ele>
   </trkpt>
   <trkpt lat="53.353860000000005" lon="-1.8132300000000001">
    <ele>351.23</ele>
   </trkpt>
   <trkpt lat="53.353770000000004" lon="-1.81339">
    <ele>353.44</ele>
   </trkpt>
   <trkpt lat="53.353640000000006" lon="-1.8135000000000001">
    <ele>353.44</ele>
   </trkpt>
   <trkpt lat="53.35333000000001" lon="-1.81356">
    <ele>364.23</ele>
   </trkpt>
   <trkpt lat="53.35323" lon="-1.81356">
    <ele>366.21000000000004</ele>
   </trkpt>
   <trkpt lat="53.353" lon="-1.81383">
    <ele>369.4</ele>
   </trkpt>
   <trkpt lat="53.352850000000004" lon="-1.8138900000000002">
    <ele>372.77000000000004</ele>
   </trkpt>
   <trkpt lat="53.35253" lon="-1.81404">
    <ele>381.56</ele>
   </trkpt>
   <trkpt lat="53.35211" lon="-1.81394">
    <ele>389.39</ele>
   </trkpt>
   <trkpt lat="53.35192000000001" lon="-1.81383">
    <ele>392.6</ele>
   </trkpt>
   <trkpt lat="53.35177" lon="-1.81373">
    <ele>398.51000000000005</ele>
   </trkpt>
   <trkpt lat="53.351350000000004" lon="-1.81319">
    <ele>408.44</ele>
   </trkpt>
   <trkpt lat="53.351220000000005" lon="-1.81309">
    <ele>412.67</ele>
   </trkpt>
   <trkpt lat="53.35119" lon="-1.81309">
    <ele>412.67</ele>
   </trkpt>
   <trkpt lat="53.35116000000001" lon="-1.81305">
    <ele>413.22</ele>
   </trkpt>
   <trkpt lat="53.35107000000001" lon="-1.81299">
    <ele>413.69000000000005</ele>
   </trkpt>
   <trkpt lat="53.35074" lon="-1.8130600000000001">
    <ele>417.35</ele>
   </trkpt>
   <trkpt lat="53.35058000000001" lon="-1.81302">
    <ele>418.90000000000003</ele>
   </trkpt>
   <trkpt lat="53.350190000000005" lon="-1.81302">
    <ele>423.01000000000005</ele>
   </trkpt>
   <trkpt lat="53.350010000000005" lon="-1.81299">
    <ele>424.8500000000001</ele>
   </trkpt>
   <trkpt lat="53.34952999985486" lon="-1.8130250004050454">
    <ele>435.1</ele>
   </trkpt>
   <trkpt lat="53.349050000000005" lon="-1.8130600000000001">
    <ele>442.68</ele>
   </trkpt>
   <trkpt lat="53.34855" lon="-1.81302">
    <ele>448.53000000000003</ele>
   </trkpt>
   <trkpt lat="53.348440000000004" lon="-1.81312">
    <ele>449.11</ele>
   </trkpt>
   <trkpt lat="53.348240000000004" lon="-1.81343">
    <ele>451.36</ele>
   </trkpt>
   <trkpt lat="53.348110000000005" lon="-1.8135700000000001">
    <ele>453.19000000000005</ele>
   </trkpt>
   <trkpt lat="53.348020000000005" lon="-1.81363">
    <ele>453.96000000000004</ele>
   </trkpt>
   <trkpt lat="53.34776" lon="-1.81363">
    <ele>459.20000000000005</ele>
   </trkpt>
   <trkpt lat="53.34767" lon="-1.8136">
    <ele>460.25000000000006</ele>
   </trkpt>
   <trkpt lat="53.347680000000004" lon="-1.8136100000000002">
    <ele>460.25000000000006</ele>
   </trkpt>
   <trkpt lat="53.347660000000005" lon="-1.8135500000000002">
    <ele>460.9800000000001</ele>
   </trkpt>
   <trkpt lat="53.3477" lon="-1.81356">
    <ele>460.9800000000001</ele>
   </trkpt>
   <trkpt lat="53.34772" lon="-1.81353">
    <ele>460.9800000000001</ele>
   </trkpt>
   <trkpt lat="53.347730000000006" lon="-1.81322">
    <ele>468.20000000000005</ele>
   </trkpt>
   <trkpt lat="53.347770000000004" lon="-1.8130600000000001">
    <ele>471.58000000000004</ele>
   </trkpt>
   <trkpt lat="53.34781" lon="-1.81299">
    <ele>471.58000000000004</ele>
   </trkpt>
   <trkpt lat="53.348060000000004" lon="-1.81271">
    <ele>478.52000000000004</ele>
   </trkpt>
   <trkpt lat="53.348420000000004" lon="-1.8118100000000001">
    <ele>494.27000000000004</ele>
   </trkpt>
   <trkpt lat="53.3485" lon="-1.81166">
    <ele>496.82000000000005</ele>
   </trkpt>
   <trkpt lat="53.34859" lon="-1.8115400000000002">
    <ele>500.85</ele>
   </trkpt>
   <trkpt lat="53.348650000000006" lon="-1.81143">
    <ele>501.3500000000001</ele>
   </trkpt>
   <trkpt lat="53.348650000000006" lon="-1.81129">
    <ele>504.85</ele>
   </trkpt>
   <trkpt lat="53.34872000000001" lon="-1.81109">
    <ele>505.72</ele>
   </trkpt>
   <trkpt lat="53.34875" lon="-1.8108000000000002">
    <ele>506.3500000000001</ele>
   </trkpt>
   <trkpt lat="53.34886" lon="-1.81054">
    <ele>508.26000000000005</ele>
   </trkpt>
   <trkpt lat="53.34901000000001" lon="-1.8102300000000002">
    <ele>509.8</ele>
   </trkpt>
   <trkpt lat="53.34917" lon="-1.8098100000000001">
    <ele>515.63</ele>
   </trkpt>
   <trkpt lat="53.349180000000004" lon="-1.8097">
    <ele>516.15</ele>
   </trkpt>
   <trkpt lat="53.34922" lon="-1.8096">
    <ele>516.17</ele>
   </trkpt>
   <trkpt lat="53.349560000000004" lon="-1.80939">
    <ele>511.65000000000003</ele>
   </trkpt>
   <trkpt lat="53.34964" lon="-1.80932">
    <ele>511.65000000000003</ele>
   </trkpt>
   <trkpt lat="53.34987" lon="-1.8092000000000001">
    <ele>507.9600000000001</ele>
   </trkpt>
   <trkpt lat="53.349920000000004" lon="-1.80916">
    <ele>507.9600000000001</ele>
   </trkpt>
   <trkpt lat="53.35043" lon="-1.80895">
    <ele>503.72</ele>
   </trkpt>
   <trkpt lat="53.35094" lon="-1.80868">
    <ele>494.74</ele>
   </trkpt>
   <trkpt lat="53.351290000000006" lon="-1.80851">
    <ele>490.49</ele>
   </trkpt>
   <trkpt lat="53.35173" lon="-1.80838">
    <ele>486.75</ele>
   </trkpt>
   <trkpt lat="53.351910000000004" lon="-1.80834">
    <ele>485.47</ele>
   </trkpt>
   <trkpt lat="53.35210000000001" lon="-1.8081200000000002">
    <ele>480.56000000000006</ele>
   </trkpt>
   <trkpt lat="53.35226" lon="-1.8079800000000001">
    <ele>475.23</ele>
   </trkpt>
   <trkpt lat="53.35233" lon="-1.80787">
    <ele>472.72</ele>
   </trkpt>
   <trkpt lat="53.35268000000001" lon="-1.80756">
    <ele>465.61</ele>
   </trkpt>
   <trkpt lat="53.352900000000005" lon="-1.80729">
    <ele>459.34000000000003</ele>
   </trkpt>
   <trkpt lat="53.353505000818366" lon="-1.806835006493465">
    <ele>449.44000000000005</ele>
   </trkpt>
   <trkpt lat="53.354110000000006" lon="-1.80638">
    <ele>441.12</ele>
   </trkpt>
   <trkpt lat="53.35452" lon="-1.806">
    <ele>434.35</ele>
   </trkpt>
   <trkpt lat="53.354690000000005" lon="-1.80577">
    <ele>432.58</ele>
   </trkpt>
   <trkpt lat="53.35504" lon="-1.8055500000000002">
    <ele>428.11</ele>
   </trkpt>
   <trkpt lat="53.35519000000001" lon="-1.80536">
    <ele>427.17</ele>
   </trkpt>
   <trkpt lat="53.355540000000005" lon="-1.80475">
    <ele>420.96000000000004</ele>
   </trkpt>
   <trkpt lat="53.35567" lon="-1.8045700000000002">
    <ele>420.11</ele>
   </trkpt>
   <trkpt lat="53.35595500176245" lon="-1.8039150044500019">
    <ele>413.61</ele>
   </trkpt>
   <trkpt lat="53.35624000000001" lon="-1.80326">
    <ele>409.89000000000004</ele>
   </trkpt>
   <trkpt lat="53.356590000000004" lon="-1.80228">
    <ele>403.4200000000001</ele>
   </trkpt>
   <trkpt lat="53.356660000000005" lon="-1.80204">
    <ele>401.96000000000004</ele>
   </trkpt>
   <trkpt lat="53.35669000000001" lon="-1.8017900000000002">
    <ele>401.46000000000004</ele>
   </trkpt>
   <trkpt lat="53.35688500440779" lon="-1.8007600048485182">
    <ele>397.8</ele>
   </trkpt>
   <trkpt lat="53.35708" lon="-1.79973">
    <ele>394.85</ele>
   </trkpt>
   <trkpt lat="53.35722667950235" lon="-1.798490008665691">
    <ele>392.45</ele>
   </trkpt>
   <trkpt lat="53.357373346153594" lon="-1.7972500087963048">
    <ele>389.48</ele>
   </trkpt>
   <trkpt lat="53.35752" lon="-1.79601">
    <ele>395.79</ele>
   </trkpt>
   <trkpt lat="53.357710002867904" lon="-1.7951750039238519">
    <ele>403.41</ele>
   </trkpt>
   <trkpt lat="53.35790000000001" lon="-1.79434">
    <ele>414.02000000000004</ele>
   </trkpt>
   <trkpt lat="53.35805000251353" lon="-1.7935650027094117">
    <ele>418.37</ele>
   </trkpt>
   <trkpt lat="53.358200000000004" lon="-1.79279">
    <ele>421.96000000000004</ele>
   </trkpt>
   <trkpt lat="53.358510008067334" lon="-1.7918066810177653">
    <ele>420.77000000000004</ele>
   </trkpt>
   <trkpt lat="53.358820008053236" lon="-1.790823347729402">
    <ele>416.59000000000003</ele>
   </trkpt>
   <trkpt lat="53.35913000000001" lon="-1.78984">
    <ele>410.64000000000004</ele>
   </trkpt>
   <trkpt lat="53.35945500397715" lon="-1.7888600075832632">
    <ele>403.91</ele>
   </trkpt>
   <trkpt lat="53.35978000000001" lon="-1.7878800000000001">
    <ele>402.47</ele>
   </trkpt>
   <trkpt lat="53.36000000000001" lon="-1.78733">
    <ele>401.66</ele>
   </trkpt>
   <trkpt lat="53.36009000000001" lon="-1.78702">
    <ele>400.01000000000005</ele>
   </trkpt>
   <trkpt lat="53.36019" lon="-1.78645">
    <ele>397.39</ele>
   </trkpt>
   <trkpt lat="53.36023" lon="-1.78573">
    <ele>393.53000000000003</ele>
   </trkpt>
   <trkpt lat="53.360260000000004" lon="-1.78546">
    <ele>392.24</ele>
   </trkpt>
   <trkpt lat="53.360290000000006" lon="-1.7853">
    <ele>391.47</ele>
   </trkpt>
   <trkpt lat="53.36034000000001" lon="-1.7853200000000002">
    <ele>392.08000000000004</ele>
   </trkpt>
   <trkpt lat="53.36056000000001" lon="-1.78434">
    <ele>393.61</ele>
   </trkpt>
   <trkpt lat="53.36063000000001" lon="-1.7841000000000002">
    <ele>393.3</ele>
   </trkpt>
   <trkpt lat="53.36068" lon="-1.7839800000000001">
    <ele>394.39</ele>
   </trkpt>
   <trkpt lat="53.360730000000004" lon="-1.78394">
    <ele>394.39</ele>
   </trkpt>
   <trkpt lat="53.360870000000006" lon="-1.78377">
    <ele>402.59000000000003</ele>
   </trkpt>
   <trkpt lat="53.36094000000001" lon="-1.7836100000000001">
    <ele>404.31000000000006</ele>
   </trkpt>
   <trkpt lat="53.3614" lon="-1.78306">
    <ele>426.93</ele>
   </trkpt>
   <trkpt lat="53.36169" lon="-1.78262">
    <ele>430.8</ele>
   </trkpt>
   <trkpt lat="53.36177000000001" lon="-1.7824200000000001">
    <ele>431.21000000000004</ele>
   </trkpt>
   <trkpt lat="53.36184" lon="-1.78218">
    <ele>431.58</ele>
   </trkpt>
   <trkpt lat="53.36196" lon="-1.7816">
    <ele>430.48</ele>
   </trkpt>
   <trkpt lat="53.36202" lon="-1.78143">
    <ele>430.19</ele>
   </trkpt>
   <trkpt lat="53.362010000000005" lon="-1.78133">
    <ele>430.11</ele>
   </trkpt>
   <trkpt lat="53.362170000000006" lon="-1.78048">
    <ele>428.07000000000005</ele>
   </trkpt>
   <trkpt lat="53.36225" lon="-1.78024">
    <ele>426.81</ele>
   </trkpt>
   <trkpt lat="53.36225" lon="-1.7801500000000001">
    <ele>425.78000000000003</ele>
   </trkpt>
   <trkpt lat="53.36244000000001" lon="-1.77923">
    <ele>417.2</ele>
   </trkpt>
   <trkpt lat="53.36258" lon="-1.77868">
    <ele>414.0</ele>
   </trkpt>
   <trkpt lat="53.362840000000006" lon="-1.7780200000000002">
    <ele>413.91</ele>
   </trkpt>
   <trkpt lat="53.36312" lon="-1.77716">
    <ele>416.81</ele>
   </trkpt>
   <trkpt lat="53.36328" lon="-1.77655">
    <ele>419.76</ele>
   </trkpt>
   <trkpt lat="53.36363000000001" lon="-1.77553">
    <ele>426.3500000000001</ele>
   </trkpt>
   <trkpt lat="53.36388" lon="-1.77496">
    <ele>433.3</ele>
   </trkpt>
   <trkpt lat="53.363980000000005" lon="-1.77465">
    <ele>439.11000000000007</ele>
   </trkpt>
   <trkpt lat="53.36410000000001" lon="-1.7743900000000001">
    <ele>444.45</ele>
   </trkpt>
   <trkpt lat="53.364320000000006" lon="-1.77381">
    <ele>451.53000000000003</ele>
   </trkpt>
   <trkpt lat="53.364380000000004" lon="-1.77357">
    <ele>454.19000000000005</ele>
   </trkpt>
   <trkpt lat="53.36466000000001" lon="-1.77272">
    <ele>464.49</ele>
   </trkpt>
   <trkpt lat="53.364740000000005" lon="-1.77241">
    <ele>467.89000000000004</ele>
   </trkpt>
   <trkpt lat="53.36484" lon="-1.7713800000000002">
    <ele>472.0</ele>
   </trkpt>
   <trkpt lat="53.36484" lon="-1.77136">
    <ele>472.0</ele>
   </trkpt>
   <trkpt lat="53.36442" lon="-1.77014">
    <ele>457.8</ele>
   </trkpt>
   <trkpt lat="53.364180000000005" lon="-1.76984">
    <ele>451.49000000000007</ele>
   </trkpt>
   <trkpt lat="53.364050000000006" lon="-1.76974">
    <ele>445.36</ele>
   </trkpt>
   <trkpt lat="53.36363000000001" lon="-1.76919">
    <ele>428.64</ele>
   </trkpt>
   <trkpt lat="53.363530000000004" lon="-1.76916">
    <ele>425.75</ele>
   </trkpt>
   <trkpt lat="53.36323" lon="-1.76913">
    <ele>415.7</ele>
   </trkpt>
   <trkpt lat="53.363060000000004" lon="-1.7691000000000001">
    <ele>409.96000000000004</ele>
   </trkpt>
   <trkpt lat="53.362660000000005" lon="-1.76889">
    <ele>404.56</ele>
   </trkpt>
   <trkpt lat="53.362570000000005" lon="-1.7688000000000001">
    <ele>402.79</ele>
   </trkpt>
   <trkpt lat="53.36209500266104" lon="-1.768014991391308">
    <ele>395.40000000000003</ele>
   </trkpt>
   <trkpt lat="53.36162" lon="-1.76723">
    <ele>385.69</ele>
   </trkpt>
   <trkpt lat="53.36125500318531" lon="-1.7663499923397925">
    <ele>376.6</ele>
   </trkpt>
   <trkpt lat="53.360890000000005" lon="-1.76547">
    <ele>370.76000000000005</ele>
   </trkpt>
   <trkpt lat="53.360670000000006" lon="-1.7648300000000001">
    <ele>366.26000000000005</ele>
   </trkpt>
   <trkpt lat="53.36048000203343" lon="-1.764119996561039">
    <ele>359.86</ele>
   </trkpt>
   <trkpt lat="53.360290000000006" lon="-1.7634100000000001">
    <ele>351.61</ele>
   </trkpt>
   <trkpt lat="53.3601650031765" lon="-1.762539997542151">
    <ele>339.14000000000004</ele>
   </trkpt>
   <trkpt lat="53.360040000000005" lon="-1.76167">
    <ele>324.18</ele>
   </trkpt>
   <trkpt lat="53.35999" lon="-1.7609500000000002">
    <ele>312.61</ele>
   </trkpt>
   <trkpt lat="53.35992" lon="-1.76018">
    <ele>299.63</ele>
   </trkpt>
   <trkpt lat="53.35989000000001" lon="-1.75954">
    <ele>292.55</ele>
   </trkpt>
   <trkpt lat="53.36001" lon="-1.7591500000000002">
    <ele>284.90999999999997</ele>
   </trkpt>
   <trkpt lat="53.35999" lon="-1.75909">
    <ele>284.90999999999997</ele>
   </trkpt>
   <trkpt lat="53.35999" lon="-1.75872">
    <ele>277.37</ele>
   </trkpt>
   <trkpt lat="53.35989000000001" lon="-1.75747">
    <ele>262.05</ele>
   </trkpt>
   <trkpt lat="53.35980000000001" lon="-1.75689">
    <ele>255.67000000000002</ele>
   </trkpt>
   <trkpt lat="53.35961" lon="-1.75625">
    <ele>247.77</ele>
   </trkpt>
   <trkpt lat="53.359440000000006" lon="-1.75557">
    <ele>237.94</ele>
   </trkpt>
   <trkpt lat="53.359350000000006" lon="-1.75543">
    <ele>236.5</ele>
   </trkpt>
   <trkpt lat="53.359" lon="-1.75533">
    <ele>232.95000000000002</ele>
   </trkpt>
   <trkpt lat="53.35875000000001" lon="-1.75513">
    <ele>229.47</ele>
   </trkpt>
   <trkpt lat="53.35858" lon="-1.75486">
    <ele>224.51000000000002</ele>
   </trkpt>
   <trkpt lat="53.35839000000001" lon="-1.75435">
    <ele>219.08</ele>
   </trkpt>
   <trkpt lat="53.35813" lon="-1.7534200000000002">
    <ele>203.47</ele>
   </trkpt>
   <trkpt lat="53.35826" lon="-1.7533">
    <ele>198.55</ele>
   </trkpt>
   <trkpt lat="53.35831" lon="-1.75323">
    <ele>198.55</ele>
   </trkpt>
   <trkpt lat="53.358340000000005" lon="-1.75309">
    <ele>198.55</ele>
   </trkpt>
   <trkpt lat="53.35833" lon="-1.75283">
    <ele>194.69000000000003</ele>
   </trkpt>
   <trkpt lat="53.35821000000001" lon="-1.75222">
    <ele>188.82000000000002</ele>
   </trkpt>
   <trkpt lat="53.357910000000004" lon="-1.75187">
    <ele>184.54</ele>
   </trkpt>
   <trkpt lat="53.35781000000001" lon="-1.75171">
    <ele>183.8</ele>
   </trkpt>
   <trkpt lat="53.357580000000006" lon="-1.7512">
    <ele>181.84</ele>
   </trkpt>
   <trkpt lat="53.357530000000004" lon="-1.75103">
    <ele>181.44000000000003</ele>
   </trkpt>
   <trkpt lat="53.357420000000005" lon="-1.75049">
    <ele>178.08</ele>
   </trkpt>
   <trkpt lat="53.357165001599576" lon="-1.749864996179901">
    <ele>177.45000000000002</ele>
   </trkpt>
   <trkpt lat="53.356910000000006" lon="-1.7492400000000001">
    <ele>173.35</ele>
   </trkpt>
   <trkpt lat="53.356840000000005" lon="-1.74903">
    <ele>173.15000000000003</ele>
   </trkpt>
   <trkpt lat="53.356440000000006" lon="-1.74872">
    <ele>173.91</ele>
   </trkpt>
   <trkpt lat="53.35597500100796" lon="-1.7482749953175236">
    <ele>174.91</ele>
   </trkpt>
   <trkpt lat="53.35551" lon="-1.7478300000000002">
    <ele>174.6</ele>
   </trkpt>
   <trkpt lat="53.355090000000004" lon="-1.74754">
    <ele>174.38</ele>
   </trkpt>
   <trkpt lat="53.35479" lon="-1.74737">
    <ele>174.34000000000003</ele>
   </trkpt>
   <trkpt lat="53.354560000000006" lon="-1.7471500000000002">
    <ele>174.01000000000002</ele>
   </trkpt>
   <trkpt lat="53.35441" lon="-1.7468700000000001">
    <ele>173.87000000000003</ele>
   </trkpt>
   <trkpt lat="53.35421" lon="-1.7463300000000002">
    <ele>173.48000000000002</ele>
   </trkpt>
   <trkpt lat="53.353970000000004" lon="-1.74591">
    <ele>172.03</ele>
   </trkpt>
   <trkpt lat="53.35372" lon="-1.74564">
    <ele>171.61</ele>
   </trkpt>
   <trkpt lat="53.353350000000006" lon="-1.7453400000000001">
    <ele>171.93000000000004</ele>
   </trkpt>
   <trkpt lat="53.35314" lon="-1.74513">
    <ele>171.94</ele>
   </trkpt>
   <trkpt lat="53.35275000000001" lon="-1.74496">
    <ele>171.57</ele>
   </trkpt>
   <trkpt lat="53.35239000000001" lon="-1.74459">
    <ele>170.47</ele>
   </trkpt>
   <trkpt lat="53.352070000000005" lon="-1.7441900000000001">
    <ele>169.24</ele>
   </trkpt>
   <trkpt lat="53.351960000000005" lon="-1.74401">
    <ele>169.21000000000004</ele>
   </trkpt>
   <trkpt lat="53.35179" lon="-1.7436800000000001">
    <ele>170.06</ele>
   </trkpt>
   <trkpt lat="53.35168" lon="-1.74357">
    <ele>170.06</ele>
   </trkpt>
   <trkpt lat="53.35139" lon="-1.74344">
    <ele>170.66</ele>
   </trkpt>
   <trkpt lat="53.351130000000005" lon="-1.74337">
    <ele>170.85</ele>
   </trkpt>
   <trkpt lat="53.35056" lon="-1.7430800000000002">
    <ele>170.89000000000001</ele>
   </trkpt>
   <trkpt lat="53.35005" lon="-1.74276">
    <ele>170.62</ele>
   </trkpt>
   <trkpt lat="53.34984000000001" lon="-1.74269">
    <ele>170.16</ele>
   </trkpt>
   <trkpt lat="53.34924" lon="-1.7425800000000002">
    <ele>169.28</ele>
   </trkpt>
  </trkseg>
 </trk>
</gpx>
