<?xml version="1.0" encoding="UTF-8"?>
<gpx xmlns="http://www.topografix.com/GPX/1/1" xmlns:xsi="http://www.w3.org/2001/XMLSchema-instance" version="1.1" creator="Trace de Trail" xsi:schemaLocation="http://www.topografix.com/GPX/1/1 http://www.topografix.com/GPX/1/1/gpx.xsd">
  <metadata>
    <name>adidas Terrex MaXi-Race 2025 - Shokz-Race</name>
    <desc>Parcours créé sur Trace de Trail</desc>
    <link href="https://tracedetrail.fr/fr/trace/271763">
      <text>Cartographie du parcours</text>
    </link>
    <time>2025-05-30T17:09:12+00:00</time>
  </metadata>
  <trk>
    <name>adidas Terrex MaXi-Race 2025 - Shokz-Race sur TraceDeTrail.fr</name>
    <src>Trace de Trail</src>
    <trkseg>
      <trkpt lat="45.74856" lon="6.28577">
        <ele>508</ele>
        <time>2025-05-30T17:09:12+00:00</time>
      </trkpt>
      <trkpt lat="45.74862" lon="6.28546">
        <ele>508</ele>
        <time>2025-05-30T17:09:15+00:00</time>
      </trkpt>
      <trkpt lat="45.74874" lon="6.2853">
        <ele>508</ele>
        <time>2025-05-30T17:09:18+00:00</time>
      </trkpt>
      <trkpt lat="45.74883" lon="6.28525">
        <ele>508</ele>
        <time>2025-05-30T17:09:21+00:00</time>
      </trkpt>
      <trkpt lat="45.74895" lon="6.28522">
        <ele>508</ele>
        <time>2025-05-30T17:09:24+00:00</time>
      </trkpt>
      <trkpt lat="45.74904" lon="6.28525">
        <ele>508</ele>
        <time>2025-05-30T17:09:27+00:00</time>
      </trkpt>
      <trkpt lat="45.74911" lon="6.28529">
        <ele>508</ele>
        <time>2025-05-30T17:09:30+00:00</time>
      </trkpt>
      <trkpt lat="45.74918" lon="6.28536">
        <ele>508</ele>
        <time>2025-05-30T17:09:33+00:00</time>
      </trkpt>
      <trkpt lat="45.74923" lon="6.28547">
        <ele>508</ele>
        <time>2025-05-30T17:09:36+00:00</time>
      </trkpt>
      <trkpt lat="45.74926" lon="6.28558">
        <ele>508</ele>
        <time>2025-05-30T17:09:39+00:00</time>
      </trkpt>
      <trkpt lat="45.74928" lon="6.28572">
        <ele>508</ele>
        <time>2025-05-30T17:09:42+00:00</time>
      </trkpt>
      <trkpt lat="45.74928" lon="6.28611">
        <ele>508</ele>
        <time>2025-05-30T17:09:45+00:00</time>
      </trkpt>
      <trkpt lat="45.74927" lon="6.28665">
        <ele>508</ele>
        <time>2025-05-30T17:09:48+00:00</time>
      </trkpt>
      <trkpt lat="45.74924" lon="6.28679">
        <ele>508</ele>
        <time>2025-05-30T17:09:51+00:00</time>
      </trkpt>
      <trkpt lat="45.74921" lon="6.28686">
        <ele>508</ele>
        <time>2025-05-30T17:09:54+00:00</time>
      </trkpt>
      <trkpt lat="45.74912" lon="6.287">
        <ele>508</ele>
        <time>2025-05-30T17:09:57+00:00</time>
      </trkpt>
      <trkpt lat="45.74907" lon="6.28706">
        <ele>508</ele>
        <time>2025-05-30T17:10:00+00:00</time>
      </trkpt>
      <trkpt lat="45.74912" lon="6.2872">
        <ele>509</ele>
        <time>2025-05-30T17:10:03+00:00</time>
      </trkpt>
      <trkpt lat="45.74891" lon="6.28731">
        <ele>509</ele>
        <time>2025-05-30T17:10:06+00:00</time>
      </trkpt>
      <trkpt lat="45.74882" lon="6.28733">
        <ele>509</ele>
        <time>2025-05-30T17:10:09+00:00</time>
      </trkpt>
      <trkpt lat="45.74872" lon="6.28738">
        <ele>509</ele>
        <time>2025-05-30T17:10:12+00:00</time>
      </trkpt>
      <trkpt lat="45.74854" lon="6.28754">
        <ele>510</ele>
        <time>2025-05-30T17:10:15+00:00</time>
      </trkpt>
      <trkpt lat="45.74844" lon="6.2876">
        <ele>510</ele>
        <time>2025-05-30T17:10:18+00:00</time>
      </trkpt>
      <trkpt lat="45.74834" lon="6.28766">
        <ele>510</ele>
        <time>2025-05-30T17:10:21+00:00</time>
      </trkpt>
      <trkpt lat="45.74824" lon="6.2877">
        <ele>510</ele>
        <time>2025-05-30T17:10:24+00:00</time>
      </trkpt>
      <trkpt lat="45.74808" lon="6.28781">
        <ele>511</ele>
        <time>2025-05-30T17:10:27+00:00</time>
      </trkpt>
      <trkpt lat="45.74786" lon="6.28798">
        <ele>512</ele>
        <time>2025-05-30T17:10:30+00:00</time>
      </trkpt>
      <trkpt lat="45.74774" lon="6.28805">
        <ele>512</ele>
        <time>2025-05-30T17:10:33+00:00</time>
      </trkpt>
      <trkpt lat="45.74766" lon="6.28813">
        <ele>512</ele>
        <time>2025-05-30T17:10:36+00:00</time>
      </trkpt>
      <trkpt lat="45.74754" lon="6.28816">
        <ele>513</ele>
        <time>2025-05-30T17:10:39+00:00</time>
      </trkpt>
      <trkpt lat="45.74745" lon="6.28814">
        <ele>513</ele>
        <time>2025-05-30T17:10:42+00:00</time>
      </trkpt>
      <trkpt lat="45.74737" lon="6.2882">
        <ele>514</ele>
        <time>2025-05-30T17:10:45+00:00</time>
      </trkpt>
      <trkpt lat="45.74728" lon="6.28823">
        <ele>514</ele>
        <time>2025-05-30T17:10:48+00:00</time>
      </trkpt>
      <trkpt lat="45.74715" lon="6.28794">
        <ele>514</ele>
        <time>2025-05-30T17:10:51+00:00</time>
      </trkpt>
      <trkpt lat="45.74703" lon="6.28758">
        <ele>514</ele>
        <time>2025-05-30T17:10:54+00:00</time>
      </trkpt>
      <trkpt lat="45.74699" lon="6.28746">
        <ele>514</ele>
        <time>2025-05-30T17:10:57+00:00</time>
      </trkpt>
      <trkpt lat="45.74697" lon="6.28739">
        <ele>514</ele>
        <time>2025-05-30T17:11:00+00:00</time>
      </trkpt>
      <trkpt lat="45.74694" lon="6.28728">
        <ele>514</ele>
        <time>2025-05-30T17:11:03+00:00</time>
      </trkpt>
      <trkpt lat="45.7469" lon="6.28717">
        <ele>513</ele>
        <time>2025-05-30T17:11:06+00:00</time>
      </trkpt>
      <trkpt lat="45.7469" lon="6.28713">
        <ele>514</ele>
        <time>2025-05-30T17:11:09+00:00</time>
      </trkpt>
      <trkpt lat="45.74683" lon="6.28696">
        <ele>514</ele>
        <time>2025-05-30T17:11:12+00:00</time>
      </trkpt>
      <trkpt lat="45.74676" lon="6.2867">
        <ele>515</ele>
        <time>2025-05-30T17:11:15+00:00</time>
      </trkpt>
      <trkpt lat="45.74669" lon="6.28652">
        <ele>515</ele>
        <time>2025-05-30T17:11:18+00:00</time>
      </trkpt>
      <trkpt lat="45.74658" lon="6.28615">
        <ele>515</ele>
        <time>2025-05-30T17:11:21+00:00</time>
      </trkpt>
      <trkpt lat="45.74654" lon="6.28604">
        <ele>515</ele>
        <time>2025-05-30T17:11:24+00:00</time>
      </trkpt>
      <trkpt lat="45.74651" lon="6.28598">
        <ele>515</ele>
        <time>2025-05-30T17:11:27+00:00</time>
      </trkpt>
      <trkpt lat="45.74643" lon="6.2857">
        <ele>515</ele>
        <time>2025-05-30T17:11:30+00:00</time>
      </trkpt>
      <trkpt lat="45.7464" lon="6.28564">
        <ele>515</ele>
        <time>2025-05-30T17:11:33+00:00</time>
      </trkpt>
      <trkpt lat="45.74626" lon="6.28541">
        <ele>515</ele>
        <time>2025-05-30T17:11:36+00:00</time>
      </trkpt>
      <trkpt lat="45.74615" lon="6.28527">
        <ele>515</ele>
        <time>2025-05-30T17:11:39+00:00</time>
      </trkpt>
      <trkpt lat="45.74612" lon="6.28521">
        <ele>515</ele>
        <time>2025-05-30T17:11:42+00:00</time>
      </trkpt>
      <trkpt lat="45.74606" lon="6.28513">
        <ele>515</ele>
        <time>2025-05-30T17:11:45+00:00</time>
      </trkpt>
      <trkpt lat="45.74603" lon="6.28508">
        <ele>515</ele>
        <time>2025-05-30T17:11:48+00:00</time>
      </trkpt>
      <trkpt lat="45.74594" lon="6.28497">
        <ele>515</ele>
        <time>2025-05-30T17:11:51+00:00</time>
      </trkpt>
      <trkpt lat="45.74581" lon="6.28483">
        <ele>515</ele>
        <time>2025-05-30T17:11:54+00:00</time>
      </trkpt>
      <trkpt lat="45.74569" lon="6.28468">
        <ele>516</ele>
        <time>2025-05-30T17:11:57+00:00</time>
      </trkpt>
      <trkpt lat="45.74558" lon="6.28458">
        <ele>516</ele>
        <time>2025-05-30T17:12:00+00:00</time>
      </trkpt>
      <trkpt lat="45.74555" lon="6.28457">
        <ele>516</ele>
        <time>2025-05-30T17:12:03+00:00</time>
      </trkpt>
      <trkpt lat="45.74538" lon="6.28455">
        <ele>516</ele>
        <time>2025-05-30T17:12:06+00:00</time>
      </trkpt>
      <trkpt lat="45.74532" lon="6.28457">
        <ele>516</ele>
        <time>2025-05-30T17:12:09+00:00</time>
      </trkpt>
      <trkpt lat="45.7453" lon="6.28458">
        <ele>517</ele>
        <time>2025-05-30T17:12:12+00:00</time>
      </trkpt>
      <trkpt lat="45.74525" lon="6.28463">
        <ele>516</ele>
        <time>2025-05-30T17:12:15+00:00</time>
      </trkpt>
      <trkpt lat="45.74512" lon="6.28486">
        <ele>516</ele>
        <time>2025-05-30T17:12:18+00:00</time>
      </trkpt>
      <trkpt lat="45.74506" lon="6.28498">
        <ele>517</ele>
        <time>2025-05-30T17:12:21+00:00</time>
      </trkpt>
      <trkpt lat="45.74493" lon="6.28518">
        <ele>516</ele>
        <time>2025-05-30T17:12:24+00:00</time>
      </trkpt>
      <trkpt lat="45.74478" lon="6.28542">
        <ele>516</ele>
        <time>2025-05-30T17:12:27+00:00</time>
      </trkpt>
      <trkpt lat="45.74464" lon="6.2856">
        <ele>516</ele>
        <time>2025-05-30T17:12:30+00:00</time>
      </trkpt>
      <trkpt lat="45.74454" lon="6.28565">
        <ele>516</ele>
        <time>2025-05-30T17:12:33+00:00</time>
      </trkpt>
      <trkpt lat="45.74444" lon="6.28568">
        <ele>516</ele>
        <time>2025-05-30T17:12:36+00:00</time>
      </trkpt>
      <trkpt lat="45.74424" lon="6.28568">
        <ele>517</ele>
        <time>2025-05-30T17:12:39+00:00</time>
      </trkpt>
      <trkpt lat="45.74402" lon="6.28568">
        <ele>519</ele>
        <time>2025-05-30T17:12:42+00:00</time>
      </trkpt>
      <trkpt lat="45.74386" lon="6.28575">
        <ele>521</ele>
        <time>2025-05-30T17:12:45+00:00</time>
      </trkpt>
      <trkpt lat="45.74381" lon="6.28578">
        <ele>521</ele>
        <time>2025-05-30T17:12:48+00:00</time>
      </trkpt>
      <trkpt lat="45.74372" lon="6.28582">
        <ele>521</ele>
        <time>2025-05-30T17:12:51+00:00</time>
      </trkpt>
      <trkpt lat="45.74362" lon="6.28586">
        <ele>521</ele>
        <time>2025-05-30T17:12:54+00:00</time>
      </trkpt>
      <trkpt lat="45.74333" lon="6.286">
        <ele>521</ele>
        <time>2025-05-30T17:12:57+00:00</time>
      </trkpt>
      <trkpt lat="45.74316" lon="6.28616">
        <ele>522</ele>
        <time>2025-05-30T17:13:00+00:00</time>
      </trkpt>
      <trkpt lat="45.743" lon="6.28636">
        <ele>522</ele>
        <time>2025-05-30T17:13:03+00:00</time>
      </trkpt>
      <trkpt lat="45.74273" lon="6.2866">
        <ele>523</ele>
        <time>2025-05-30T17:13:06+00:00</time>
      </trkpt>
      <trkpt lat="45.74262" lon="6.28667">
        <ele>527</ele>
        <time>2025-05-30T17:13:09+00:00</time>
      </trkpt>
      <trkpt lat="45.74252" lon="6.28671">
        <ele>528</ele>
        <time>2025-05-30T17:13:12+00:00</time>
      </trkpt>
      <trkpt lat="45.74246" lon="6.28681">
        <ele>529</ele>
        <time>2025-05-30T17:13:15+00:00</time>
      </trkpt>
      <trkpt lat="45.74239" lon="6.28693">
        <ele>531</ele>
        <time>2025-05-30T17:13:18+00:00</time>
      </trkpt>
      <trkpt lat="45.74229" lon="6.28717">
        <ele>535</ele>
        <time>2025-05-30T17:13:21+00:00</time>
      </trkpt>
      <trkpt lat="45.74214" lon="6.28743">
        <ele>536</ele>
        <time>2025-05-30T17:13:24+00:00</time>
      </trkpt>
      <trkpt lat="45.74203" lon="6.28758">
        <ele>542</ele>
        <time>2025-05-30T17:13:27+00:00</time>
      </trkpt>
      <trkpt lat="45.742" lon="6.28763">
        <ele>540</ele>
        <time>2025-05-30T17:13:30+00:00</time>
      </trkpt>
      <trkpt lat="45.74192" lon="6.28775">
        <ele>539</ele>
        <time>2025-05-30T17:13:33+00:00</time>
      </trkpt>
      <trkpt lat="45.74184" lon="6.28786">
        <ele>540</ele>
        <time>2025-05-30T17:13:36+00:00</time>
      </trkpt>
      <trkpt lat="45.74176" lon="6.28794">
        <ele>541</ele>
        <time>2025-05-30T17:13:39+00:00</time>
      </trkpt>
      <trkpt lat="45.74156" lon="6.28828">
        <ele>544</ele>
        <time>2025-05-30T17:13:42+00:00</time>
      </trkpt>
      <trkpt lat="45.74141" lon="6.28849">
        <ele>546</ele>
        <time>2025-05-30T17:13:45+00:00</time>
      </trkpt>
      <trkpt lat="45.74133" lon="6.28857">
        <ele>547</ele>
        <time>2025-05-30T17:13:48+00:00</time>
      </trkpt>
      <trkpt lat="45.74126" lon="6.28867">
        <ele>547</ele>
        <time>2025-05-30T17:13:51+00:00</time>
      </trkpt>
      <trkpt lat="45.7412" lon="6.28878">
        <ele>550</ele>
        <time>2025-05-30T17:13:54+00:00</time>
      </trkpt>
      <trkpt lat="45.74118" lon="6.28892">
        <ele>548</ele>
        <time>2025-05-30T17:13:57+00:00</time>
      </trkpt>
      <trkpt lat="45.74119" lon="6.28919">
        <ele>548</ele>
        <time>2025-05-30T17:14:00+00:00</time>
      </trkpt>
      <trkpt lat="45.74121" lon="6.28934">
        <ele>548</ele>
        <time>2025-05-30T17:14:03+00:00</time>
      </trkpt>
      <trkpt lat="45.74121" lon="6.28948">
        <ele>548</ele>
        <time>2025-05-30T17:14:06+00:00</time>
      </trkpt>
      <trkpt lat="45.74118" lon="6.28963">
        <ele>552</ele>
        <time>2025-05-30T17:14:09+00:00</time>
      </trkpt>
      <trkpt lat="45.74117" lon="6.28976">
        <ele>553</ele>
        <time>2025-05-30T17:14:12+00:00</time>
      </trkpt>
      <trkpt lat="45.74116" lon="6.28989">
        <ele>553</ele>
        <time>2025-05-30T17:14:15+00:00</time>
      </trkpt>
      <trkpt lat="45.74114" lon="6.29003">
        <ele>555</ele>
        <time>2025-05-30T17:14:18+00:00</time>
      </trkpt>
      <trkpt lat="45.74113" lon="6.29016">
        <ele>555</ele>
        <time>2025-05-30T17:14:21+00:00</time>
      </trkpt>
      <trkpt lat="45.7411" lon="6.29031">
        <ele>558</ele>
        <time>2025-05-30T17:14:24+00:00</time>
      </trkpt>
      <trkpt lat="45.74106" lon="6.29044">
        <ele>558</ele>
        <time>2025-05-30T17:14:27+00:00</time>
      </trkpt>
      <trkpt lat="45.74101" lon="6.29056">
        <ele>558</ele>
        <time>2025-05-30T17:14:30+00:00</time>
      </trkpt>
      <trkpt lat="45.74098" lon="6.29071">
        <ele>559</ele>
        <time>2025-05-30T17:14:33+00:00</time>
      </trkpt>
      <trkpt lat="45.74087" lon="6.29093">
        <ele>562</ele>
        <time>2025-05-30T17:14:36+00:00</time>
      </trkpt>
      <trkpt lat="45.74082" lon="6.29106">
        <ele>561</ele>
        <time>2025-05-30T17:14:39+00:00</time>
      </trkpt>
      <trkpt lat="45.74072" lon="6.29108">
        <ele>563</ele>
        <time>2025-05-30T17:14:42+00:00</time>
      </trkpt>
      <trkpt lat="45.74064" lon="6.29101">
        <ele>564</ele>
        <time>2025-05-30T17:14:45+00:00</time>
      </trkpt>
      <trkpt lat="45.74057" lon="6.2909">
        <ele>567</ele>
        <time>2025-05-30T17:14:48+00:00</time>
      </trkpt>
      <trkpt lat="45.74056" lon="6.29086">
        <ele>567</ele>
        <time>2025-05-30T17:14:51+00:00</time>
      </trkpt>
      <trkpt lat="45.74047" lon="6.29066">
        <ele>570</ele>
        <time>2025-05-30T17:14:54+00:00</time>
      </trkpt>
      <trkpt lat="45.74038" lon="6.29042">
        <ele>573</ele>
        <time>2025-05-30T17:14:57+00:00</time>
      </trkpt>
      <trkpt lat="45.74032" lon="6.29033">
        <ele>574</ele>
        <time>2025-05-30T17:15:00+00:00</time>
      </trkpt>
      <trkpt lat="45.74018" lon="6.2902">
        <ele>581</ele>
        <time>2025-05-30T17:15:03+00:00</time>
      </trkpt>
      <trkpt lat="45.74016" lon="6.29015">
        <ele>582</ele>
        <time>2025-05-30T17:15:06+00:00</time>
      </trkpt>
      <trkpt lat="45.74013" lon="6.29012">
        <ele>582</ele>
        <time>2025-05-30T17:15:09+00:00</time>
      </trkpt>
      <trkpt lat="45.74011" lon="6.29008">
        <ele>582</ele>
        <time>2025-05-30T17:15:12+00:00</time>
      </trkpt>
      <trkpt lat="45.74007" lon="6.29004">
        <ele>584</ele>
        <time>2025-05-30T17:15:15+00:00</time>
      </trkpt>
      <trkpt lat="45.74001" lon="6.28996">
        <ele>584</ele>
        <time>2025-05-30T17:15:18+00:00</time>
      </trkpt>
      <trkpt lat="45.74" lon="6.28992">
        <ele>584</ele>
        <time>2025-05-30T17:15:21+00:00</time>
      </trkpt>
      <trkpt lat="45.73993" lon="6.28982">
        <ele>585</ele>
        <time>2025-05-30T17:15:24+00:00</time>
      </trkpt>
      <trkpt lat="45.73985" lon="6.28974">
        <ele>587</ele>
        <time>2025-05-30T17:15:27+00:00</time>
      </trkpt>
      <trkpt lat="45.73978" lon="6.28966">
        <ele>589</ele>
        <time>2025-05-30T17:15:30+00:00</time>
      </trkpt>
      <trkpt lat="45.73959" lon="6.28958">
        <ele>593</ele>
        <time>2025-05-30T17:15:33+00:00</time>
      </trkpt>
      <trkpt lat="45.73951" lon="6.2895">
        <ele>593</ele>
        <time>2025-05-30T17:15:36+00:00</time>
      </trkpt>
      <trkpt lat="45.73944" lon="6.28942">
        <ele>595</ele>
        <time>2025-05-30T17:15:39+00:00</time>
      </trkpt>
      <trkpt lat="45.73928" lon="6.28914">
        <ele>600</ele>
        <time>2025-05-30T17:15:42+00:00</time>
      </trkpt>
      <trkpt lat="45.73917" lon="6.289">
        <ele>599</ele>
        <time>2025-05-30T17:15:45+00:00</time>
      </trkpt>
      <trkpt lat="45.73908" lon="6.28893">
        <ele>601</ele>
        <time>2025-05-30T17:15:48+00:00</time>
      </trkpt>
      <trkpt lat="45.73898" lon="6.28893">
        <ele>603</ele>
        <time>2025-05-30T17:15:51+00:00</time>
      </trkpt>
      <trkpt lat="45.73889" lon="6.28894">
        <ele>605</ele>
        <time>2025-05-30T17:15:54+00:00</time>
      </trkpt>
      <trkpt lat="45.73882" lon="6.28903">
        <ele>604</ele>
        <time>2025-05-30T17:15:57+00:00</time>
      </trkpt>
      <trkpt lat="45.73872" lon="6.28909">
        <ele>607</ele>
        <time>2025-05-30T17:16:00+00:00</time>
      </trkpt>
      <trkpt lat="45.73865" lon="6.28919">
        <ele>610</ele>
        <time>2025-05-30T17:16:03+00:00</time>
      </trkpt>
      <trkpt lat="45.73853" lon="6.28938">
        <ele>613</ele>
        <time>2025-05-30T17:16:06+00:00</time>
      </trkpt>
      <trkpt lat="45.73842" lon="6.28965">
        <ele>623</ele>
        <time>2025-05-30T17:16:09+00:00</time>
      </trkpt>
      <trkpt lat="45.73838" lon="6.28977">
        <ele>626</ele>
        <time>2025-05-30T17:16:12+00:00</time>
      </trkpt>
      <trkpt lat="45.73832" lon="6.28988">
        <ele>626</ele>
        <time>2025-05-30T17:16:15+00:00</time>
      </trkpt>
      <trkpt lat="45.73826" lon="6.29013">
        <ele>630</ele>
        <time>2025-05-30T17:16:18+00:00</time>
      </trkpt>
      <trkpt lat="45.73814" lon="6.29036">
        <ele>629</ele>
        <time>2025-05-30T17:16:21+00:00</time>
      </trkpt>
      <trkpt lat="45.73803" lon="6.29059">
        <ele>630</ele>
        <time>2025-05-30T17:16:24+00:00</time>
      </trkpt>
      <trkpt lat="45.73792" lon="6.29075">
        <ele>631</ele>
        <time>2025-05-30T17:16:27+00:00</time>
      </trkpt>
      <trkpt lat="45.73779" lon="6.29088">
        <ele>631</ele>
        <time>2025-05-30T17:16:30+00:00</time>
      </trkpt>
      <trkpt lat="45.73771" lon="6.29094">
        <ele>631</ele>
        <time>2025-05-30T17:16:33+00:00</time>
      </trkpt>
      <trkpt lat="45.73765" lon="6.29107">
        <ele>632</ele>
        <time>2025-05-30T17:16:36+00:00</time>
      </trkpt>
      <trkpt lat="45.73761" lon="6.29118">
        <ele>632</ele>
        <time>2025-05-30T17:16:39+00:00</time>
      </trkpt>
      <trkpt lat="45.73751" lon="6.2912">
        <ele>633</ele>
        <time>2025-05-30T17:16:42+00:00</time>
      </trkpt>
      <trkpt lat="45.73741" lon="6.29118">
        <ele>634</ele>
        <time>2025-05-30T17:16:45+00:00</time>
      </trkpt>
      <trkpt lat="45.73721" lon="6.29117">
        <ele>637</ele>
        <time>2025-05-30T17:16:48+00:00</time>
      </trkpt>
      <trkpt lat="45.73712" lon="6.29119">
        <ele>639</ele>
        <time>2025-05-30T17:16:51+00:00</time>
      </trkpt>
      <trkpt lat="45.7369" lon="6.29121">
        <ele>641</ele>
        <time>2025-05-30T17:16:54+00:00</time>
      </trkpt>
      <trkpt lat="45.73681" lon="6.29126">
        <ele>641</ele>
        <time>2025-05-30T17:16:57+00:00</time>
      </trkpt>
      <trkpt lat="45.73672" lon="6.29126">
        <ele>643</ele>
        <time>2025-05-30T17:17:00+00:00</time>
      </trkpt>
      <trkpt lat="45.73661" lon="6.29127">
        <ele>644</ele>
        <time>2025-05-30T17:17:03+00:00</time>
      </trkpt>
      <trkpt lat="45.7364" lon="6.29138">
        <ele>653</ele>
        <time>2025-05-30T17:17:06+00:00</time>
      </trkpt>
      <trkpt lat="45.73633" lon="6.29148">
        <ele>650</ele>
        <time>2025-05-30T17:17:09+00:00</time>
      </trkpt>
      <trkpt lat="45.73626" lon="6.29156">
        <ele>652</ele>
        <time>2025-05-30T17:17:12+00:00</time>
      </trkpt>
      <trkpt lat="45.73606" lon="6.29163">
        <ele>655</ele>
        <time>2025-05-30T17:17:15+00:00</time>
      </trkpt>
      <trkpt lat="45.73597" lon="6.29162">
        <ele>659</ele>
        <time>2025-05-30T17:17:18+00:00</time>
      </trkpt>
      <trkpt lat="45.73587" lon="6.29163">
        <ele>661</ele>
        <time>2025-05-30T17:17:21+00:00</time>
      </trkpt>
      <trkpt lat="45.73578" lon="6.29162">
        <ele>663</ele>
        <time>2025-05-30T17:17:24+00:00</time>
      </trkpt>
      <trkpt lat="45.73549" lon="6.29164">
        <ele>669</ele>
        <time>2025-05-30T17:17:27+00:00</time>
      </trkpt>
      <trkpt lat="45.73536" lon="6.2916">
        <ele>675</ele>
        <time>2025-05-30T17:17:30+00:00</time>
      </trkpt>
      <trkpt lat="45.7353" lon="6.29159">
        <ele>680</ele>
        <time>2025-05-30T17:17:33+00:00</time>
      </trkpt>
      <trkpt lat="45.73521" lon="6.29161">
        <ele>677</ele>
        <time>2025-05-30T17:17:36+00:00</time>
      </trkpt>
      <trkpt lat="45.73511" lon="6.29159">
        <ele>682</ele>
        <time>2025-05-30T17:17:39+00:00</time>
      </trkpt>
      <trkpt lat="45.73501" lon="6.29161">
        <ele>682</ele>
        <time>2025-05-30T17:17:42+00:00</time>
      </trkpt>
      <trkpt lat="45.73492" lon="6.29166">
        <ele>685</ele>
        <time>2025-05-30T17:17:45+00:00</time>
      </trkpt>
      <trkpt lat="45.73474" lon="6.29168">
        <ele>692</ele>
        <time>2025-05-30T17:17:48+00:00</time>
      </trkpt>
      <trkpt lat="45.73464" lon="6.29165">
        <ele>693</ele>
        <time>2025-05-30T17:17:51+00:00</time>
      </trkpt>
      <trkpt lat="45.73459" lon="6.29154">
        <ele>695</ele>
        <time>2025-05-30T17:17:54+00:00</time>
      </trkpt>
      <trkpt lat="45.7345" lon="6.29147">
        <ele>697</ele>
        <time>2025-05-30T17:17:57+00:00</time>
      </trkpt>
      <trkpt lat="45.73442" lon="6.2914">
        <ele>698</ele>
        <time>2025-05-30T17:18:00+00:00</time>
      </trkpt>
      <trkpt lat="45.73433" lon="6.29134">
        <ele>700</ele>
        <time>2025-05-30T17:18:03+00:00</time>
      </trkpt>
      <trkpt lat="45.73423" lon="6.29133">
        <ele>702</ele>
        <time>2025-05-30T17:18:06+00:00</time>
      </trkpt>
      <trkpt lat="45.73405" lon="6.29127">
        <ele>709</ele>
        <time>2025-05-30T17:18:09+00:00</time>
      </trkpt>
      <trkpt lat="45.73395" lon="6.29128">
        <ele>712</ele>
        <time>2025-05-30T17:18:12+00:00</time>
      </trkpt>
      <trkpt lat="45.73354" lon="6.29136">
        <ele>720</ele>
        <time>2025-05-30T17:18:15+00:00</time>
      </trkpt>
      <trkpt lat="45.73344" lon="6.29137">
        <ele>722</ele>
        <time>2025-05-30T17:18:18+00:00</time>
      </trkpt>
      <trkpt lat="45.73334" lon="6.29135">
        <ele>723</ele>
        <time>2025-05-30T17:18:21+00:00</time>
      </trkpt>
      <trkpt lat="45.73324" lon="6.2913">
        <ele>725</ele>
        <time>2025-05-30T17:18:24+00:00</time>
      </trkpt>
      <trkpt lat="45.73314" lon="6.29128">
        <ele>728</ele>
        <time>2025-05-30T17:18:27+00:00</time>
      </trkpt>
      <trkpt lat="45.73306" lon="6.29121">
        <ele>729</ele>
        <time>2025-05-30T17:18:30+00:00</time>
      </trkpt>
      <trkpt lat="45.73297" lon="6.29116">
        <ele>733</ele>
        <time>2025-05-30T17:18:33+00:00</time>
      </trkpt>
      <trkpt lat="45.73281" lon="6.29111">
        <ele>734</ele>
        <time>2025-05-30T17:18:36+00:00</time>
      </trkpt>
      <trkpt lat="45.73267" lon="6.29108">
        <ele>737</ele>
        <time>2025-05-30T17:18:39+00:00</time>
      </trkpt>
      <trkpt lat="45.73256" lon="6.29104">
        <ele>739</ele>
        <time>2025-05-30T17:18:42+00:00</time>
      </trkpt>
      <trkpt lat="45.73246" lon="6.29095">
        <ele>741</ele>
        <time>2025-05-30T17:18:45+00:00</time>
      </trkpt>
      <trkpt lat="45.73239" lon="6.29087">
        <ele>743</ele>
        <time>2025-05-30T17:18:48+00:00</time>
      </trkpt>
      <trkpt lat="45.73229" lon="6.29082">
        <ele>743</ele>
        <time>2025-05-30T17:18:51+00:00</time>
      </trkpt>
      <trkpt lat="45.7322" lon="6.29081">
        <ele>743</ele>
        <time>2025-05-30T17:18:54+00:00</time>
      </trkpt>
      <trkpt lat="45.73198" lon="6.29082">
        <ele>745</ele>
        <time>2025-05-30T17:18:57+00:00</time>
      </trkpt>
      <trkpt lat="45.73187" lon="6.29085">
        <ele>746</ele>
        <time>2025-05-30T17:19:00+00:00</time>
      </trkpt>
      <trkpt lat="45.73177" lon="6.29088">
        <ele>747</ele>
        <time>2025-05-30T17:19:03+00:00</time>
      </trkpt>
      <trkpt lat="45.73169" lon="6.29095">
        <ele>747</ele>
        <time>2025-05-30T17:19:06+00:00</time>
      </trkpt>
      <trkpt lat="45.73158" lon="6.29101">
        <ele>747</ele>
        <time>2025-05-30T17:19:09+00:00</time>
      </trkpt>
      <trkpt lat="45.73148" lon="6.29105">
        <ele>747</ele>
        <time>2025-05-30T17:19:12+00:00</time>
      </trkpt>
      <trkpt lat="45.73138" lon="6.29107">
        <ele>748</ele>
        <time>2025-05-30T17:19:15+00:00</time>
      </trkpt>
      <trkpt lat="45.73129" lon="6.29106">
        <ele>748</ele>
        <time>2025-05-30T17:19:18+00:00</time>
      </trkpt>
      <trkpt lat="45.7312" lon="6.29107">
        <ele>749</ele>
        <time>2025-05-30T17:19:21+00:00</time>
      </trkpt>
      <trkpt lat="45.73102" lon="6.29115">
        <ele>749</ele>
        <time>2025-05-30T17:19:24+00:00</time>
      </trkpt>
      <trkpt lat="45.73081" lon="6.29136">
        <ele>749</ele>
        <time>2025-05-30T17:19:27+00:00</time>
      </trkpt>
      <trkpt lat="45.73074" lon="6.29141">
        <ele>747</ele>
        <time>2025-05-30T17:19:30+00:00</time>
      </trkpt>
      <trkpt lat="45.73064" lon="6.29141">
        <ele>748</ele>
        <time>2025-05-30T17:19:33+00:00</time>
      </trkpt>
      <trkpt lat="45.73046" lon="6.29134">
        <ele>752</ele>
        <time>2025-05-30T17:19:36+00:00</time>
      </trkpt>
      <trkpt lat="45.73023" lon="6.29126">
        <ele>756</ele>
        <time>2025-05-30T17:19:39+00:00</time>
      </trkpt>
      <trkpt lat="45.73013" lon="6.29126">
        <ele>757</ele>
        <time>2025-05-30T17:19:42+00:00</time>
      </trkpt>
      <trkpt lat="45.72994" lon="6.29121">
        <ele>757</ele>
        <time>2025-05-30T17:19:45+00:00</time>
      </trkpt>
      <trkpt lat="45.72969" lon="6.29114">
        <ele>759</ele>
        <time>2025-05-30T17:19:48+00:00</time>
      </trkpt>
      <trkpt lat="45.72966" lon="6.29112">
        <ele>759</ele>
        <time>2025-05-30T17:19:51+00:00</time>
      </trkpt>
      <trkpt lat="45.72956" lon="6.29108">
        <ele>763</ele>
        <time>2025-05-30T17:19:54+00:00</time>
      </trkpt>
      <trkpt lat="45.72941" lon="6.29106">
        <ele>762</ele>
        <time>2025-05-30T17:19:57+00:00</time>
      </trkpt>
      <trkpt lat="45.72935" lon="6.29104">
        <ele>761</ele>
        <time>2025-05-30T17:20:00+00:00</time>
      </trkpt>
      <trkpt lat="45.72919" lon="6.29095">
        <ele>763</ele>
        <time>2025-05-30T17:20:03+00:00</time>
      </trkpt>
      <trkpt lat="45.72917" lon="6.29095">
        <ele>763</ele>
        <time>2025-05-30T17:20:06+00:00</time>
      </trkpt>
      <trkpt lat="45.72914" lon="6.29096">
        <ele>763</ele>
        <time>2025-05-30T17:20:09+00:00</time>
      </trkpt>
      <trkpt lat="45.72904" lon="6.29091">
        <ele>763</ele>
        <time>2025-05-30T17:20:12+00:00</time>
      </trkpt>
      <trkpt lat="45.72896" lon="6.29086">
        <ele>764</ele>
        <time>2025-05-30T17:20:15+00:00</time>
      </trkpt>
      <trkpt lat="45.72885" lon="6.29081">
        <ele>764</ele>
        <time>2025-05-30T17:20:18+00:00</time>
      </trkpt>
      <trkpt lat="45.72876" lon="6.29076">
        <ele>764</ele>
        <time>2025-05-30T17:20:21+00:00</time>
      </trkpt>
      <trkpt lat="45.72866" lon="6.29071">
        <ele>765</ele>
        <time>2025-05-30T17:20:24+00:00</time>
      </trkpt>
      <trkpt lat="45.72858" lon="6.29064">
        <ele>765</ele>
        <time>2025-05-30T17:20:27+00:00</time>
      </trkpt>
      <trkpt lat="45.7285" lon="6.29056">
        <ele>764</ele>
        <time>2025-05-30T17:20:30+00:00</time>
      </trkpt>
      <trkpt lat="45.72835" lon="6.29034">
        <ele>766</ele>
        <time>2025-05-30T17:20:33+00:00</time>
      </trkpt>
      <trkpt lat="45.72828" lon="6.29024">
        <ele>767</ele>
        <time>2025-05-30T17:20:36+00:00</time>
      </trkpt>
      <trkpt lat="45.72811" lon="6.29009">
        <ele>768</ele>
        <time>2025-05-30T17:20:39+00:00</time>
      </trkpt>
      <trkpt lat="45.72803" lon="6.29001">
        <ele>769</ele>
        <time>2025-05-30T17:20:42+00:00</time>
      </trkpt>
      <trkpt lat="45.72796" lon="6.28988">
        <ele>770</ele>
        <time>2025-05-30T17:20:45+00:00</time>
      </trkpt>
      <trkpt lat="45.72792" lon="6.28974">
        <ele>771</ele>
        <time>2025-05-30T17:20:48+00:00</time>
      </trkpt>
      <trkpt lat="45.72784" lon="6.28965">
        <ele>771</ele>
        <time>2025-05-30T17:20:51+00:00</time>
      </trkpt>
      <trkpt lat="45.72774" lon="6.28956">
        <ele>773</ele>
        <time>2025-05-30T17:20:54+00:00</time>
      </trkpt>
      <trkpt lat="45.72748" lon="6.28938">
        <ele>776</ele>
        <time>2025-05-30T17:20:57+00:00</time>
      </trkpt>
      <trkpt lat="45.7273" lon="6.28928">
        <ele>778</ele>
        <time>2025-05-30T17:21:00+00:00</time>
      </trkpt>
      <trkpt lat="45.7271" lon="6.28922">
        <ele>779</ele>
        <time>2025-05-30T17:21:03+00:00</time>
      </trkpt>
      <trkpt lat="45.72702" lon="6.28914">
        <ele>781</ele>
        <time>2025-05-30T17:21:06+00:00</time>
      </trkpt>
      <trkpt lat="45.72703" lon="6.289">
        <ele>788</ele>
        <time>2025-05-30T17:21:09+00:00</time>
      </trkpt>
      <trkpt lat="45.72712" lon="6.28894">
        <ele>788</ele>
        <time>2025-05-30T17:21:12+00:00</time>
      </trkpt>
      <trkpt lat="45.72709" lon="6.28881">
        <ele>791</ele>
        <time>2025-05-30T17:21:15+00:00</time>
      </trkpt>
      <trkpt lat="45.727" lon="6.28874">
        <ele>794</ele>
        <time>2025-05-30T17:21:18+00:00</time>
      </trkpt>
      <trkpt lat="45.72693" lon="6.28865">
        <ele>797</ele>
        <time>2025-05-30T17:21:21+00:00</time>
      </trkpt>
      <trkpt lat="45.72681" lon="6.28846">
        <ele>802</ele>
        <time>2025-05-30T17:21:24+00:00</time>
      </trkpt>
      <trkpt lat="45.72676" lon="6.28835">
        <ele>804</ele>
        <time>2025-05-30T17:21:27+00:00</time>
      </trkpt>
      <trkpt lat="45.72667" lon="6.28828">
        <ele>810</ele>
        <time>2025-05-30T17:21:30+00:00</time>
      </trkpt>
      <trkpt lat="45.72658" lon="6.28823">
        <ele>809</ele>
        <time>2025-05-30T17:21:33+00:00</time>
      </trkpt>
      <trkpt lat="45.72649" lon="6.28816">
        <ele>812</ele>
        <time>2025-05-30T17:21:36+00:00</time>
      </trkpt>
      <trkpt lat="45.72639" lon="6.28816">
        <ele>812</ele>
        <time>2025-05-30T17:21:39+00:00</time>
      </trkpt>
      <trkpt lat="45.72623" lon="6.28802">
        <ele>816</ele>
        <time>2025-05-30T17:21:42+00:00</time>
      </trkpt>
      <trkpt lat="45.72607" lon="6.28787">
        <ele>822</ele>
        <time>2025-05-30T17:21:45+00:00</time>
      </trkpt>
      <trkpt lat="45.72595" lon="6.2878">
        <ele>824</ele>
        <time>2025-05-30T17:21:48+00:00</time>
      </trkpt>
      <trkpt lat="45.7258" lon="6.28769">
        <ele>831</ele>
        <time>2025-05-30T17:21:51+00:00</time>
      </trkpt>
      <trkpt lat="45.72571" lon="6.28764">
        <ele>830</ele>
        <time>2025-05-30T17:21:54+00:00</time>
      </trkpt>
      <trkpt lat="45.72564" lon="6.28756">
        <ele>831</ele>
        <time>2025-05-30T17:21:57+00:00</time>
      </trkpt>
      <trkpt lat="45.72556" lon="6.28748">
        <ele>834</ele>
        <time>2025-05-30T17:22:00+00:00</time>
      </trkpt>
      <trkpt lat="45.72546" lon="6.28744">
        <ele>834</ele>
        <time>2025-05-30T17:22:03+00:00</time>
      </trkpt>
      <trkpt lat="45.72528" lon="6.28732">
        <ele>837</ele>
        <time>2025-05-30T17:22:06+00:00</time>
      </trkpt>
      <trkpt lat="45.7252" lon="6.28725">
        <ele>839</ele>
        <time>2025-05-30T17:22:09+00:00</time>
      </trkpt>
      <trkpt lat="45.72491" lon="6.28707">
        <ele>845</ele>
        <time>2025-05-30T17:22:12+00:00</time>
      </trkpt>
      <trkpt lat="45.72476" lon="6.28691">
        <ele>848</ele>
        <time>2025-05-30T17:22:15+00:00</time>
      </trkpt>
      <trkpt lat="45.72468" lon="6.28683">
        <ele>850</ele>
        <time>2025-05-30T17:22:18+00:00</time>
      </trkpt>
      <trkpt lat="45.72459" lon="6.28678">
        <ele>852</ele>
        <time>2025-05-30T17:22:21+00:00</time>
      </trkpt>
      <trkpt lat="45.72438" lon="6.28669">
        <ele>853</ele>
        <time>2025-05-30T17:22:24+00:00</time>
      </trkpt>
      <trkpt lat="45.72422" lon="6.28659">
        <ele>855</ele>
        <time>2025-05-30T17:22:27+00:00</time>
      </trkpt>
      <trkpt lat="45.72411" lon="6.28655">
        <ele>854</ele>
        <time>2025-05-30T17:22:30+00:00</time>
      </trkpt>
      <trkpt lat="45.72402" lon="6.28649">
        <ele>860</ele>
        <time>2025-05-30T17:22:33+00:00</time>
      </trkpt>
      <trkpt lat="45.72388" lon="6.28629">
        <ele>863</ele>
        <time>2025-05-30T17:22:36+00:00</time>
      </trkpt>
      <trkpt lat="45.72378" lon="6.28623">
        <ele>862</ele>
        <time>2025-05-30T17:22:39+00:00</time>
      </trkpt>
      <trkpt lat="45.72366" lon="6.28603">
        <ele>866</ele>
        <time>2025-05-30T17:22:42+00:00</time>
      </trkpt>
      <trkpt lat="45.72361" lon="6.2859">
        <ele>868</ele>
        <time>2025-05-30T17:22:45+00:00</time>
      </trkpt>
      <trkpt lat="45.72355" lon="6.28579">
        <ele>875</ele>
        <time>2025-05-30T17:22:48+00:00</time>
      </trkpt>
      <trkpt lat="45.72352" lon="6.28566">
        <ele>879</ele>
        <time>2025-05-30T17:22:51+00:00</time>
      </trkpt>
      <trkpt lat="45.72344" lon="6.28554">
        <ele>880</ele>
        <time>2025-05-30T17:22:54+00:00</time>
      </trkpt>
      <trkpt lat="45.72334" lon="6.28533">
        <ele>883</ele>
        <time>2025-05-30T17:22:57+00:00</time>
      </trkpt>
      <trkpt lat="45.72334" lon="6.28519">
        <ele>883</ele>
        <time>2025-05-30T17:23:00+00:00</time>
      </trkpt>
      <trkpt lat="45.72331" lon="6.28506">
        <ele>892</ele>
        <time>2025-05-30T17:23:03+00:00</time>
      </trkpt>
      <trkpt lat="45.72326" lon="6.28492">
        <ele>886</ele>
        <time>2025-05-30T17:23:06+00:00</time>
      </trkpt>
      <trkpt lat="45.72325" lon="6.28465">
        <ele>899</ele>
        <time>2025-05-30T17:23:09+00:00</time>
      </trkpt>
      <trkpt lat="45.72323" lon="6.28451">
        <ele>902</ele>
        <time>2025-05-30T17:23:12+00:00</time>
      </trkpt>
      <trkpt lat="45.72313" lon="6.28413">
        <ele>908</ele>
        <time>2025-05-30T17:23:15+00:00</time>
      </trkpt>
      <trkpt lat="45.72311" lon="6.28401">
        <ele>914</ele>
        <time>2025-05-30T17:23:18+00:00</time>
      </trkpt>
      <trkpt lat="45.72311" lon="6.28388">
        <ele>919</ele>
        <time>2025-05-30T17:23:21+00:00</time>
      </trkpt>
      <trkpt lat="45.72304" lon="6.28362">
        <ele>921</ele>
        <time>2025-05-30T17:23:24+00:00</time>
      </trkpt>
      <trkpt lat="45.72301" lon="6.28348">
        <ele>930</ele>
        <time>2025-05-30T17:23:27+00:00</time>
      </trkpt>
      <trkpt lat="45.723" lon="6.28335">
        <ele>934</ele>
        <time>2025-05-30T17:23:30+00:00</time>
      </trkpt>
      <trkpt lat="45.72295" lon="6.28323">
        <ele>932</ele>
        <time>2025-05-30T17:23:33+00:00</time>
      </trkpt>
      <trkpt lat="45.72285" lon="6.28298">
        <ele>938</ele>
        <time>2025-05-30T17:23:36+00:00</time>
      </trkpt>
      <trkpt lat="45.7228" lon="6.28286">
        <ele>941</ele>
        <time>2025-05-30T17:23:39+00:00</time>
      </trkpt>
      <trkpt lat="45.72273" lon="6.28262">
        <ele>949</ele>
        <time>2025-05-30T17:23:42+00:00</time>
      </trkpt>
      <trkpt lat="45.7227" lon="6.2825">
        <ele>947</ele>
        <time>2025-05-30T17:23:45+00:00</time>
      </trkpt>
      <trkpt lat="45.72264" lon="6.28237">
        <ele>950</ele>
        <time>2025-05-30T17:23:48+00:00</time>
      </trkpt>
      <trkpt lat="45.72256" lon="6.28227">
        <ele>954</ele>
        <time>2025-05-30T17:23:51+00:00</time>
      </trkpt>
      <trkpt lat="45.72253" lon="6.28215">
        <ele>958</ele>
        <time>2025-05-30T17:23:54+00:00</time>
      </trkpt>
      <trkpt lat="45.72247" lon="6.28204">
        <ele>958</ele>
        <time>2025-05-30T17:23:57+00:00</time>
      </trkpt>
      <trkpt lat="45.7224" lon="6.28196">
        <ele>962</ele>
        <time>2025-05-30T17:24:00+00:00</time>
      </trkpt>
      <trkpt lat="45.72236" lon="6.28184">
        <ele>965</ele>
        <time>2025-05-30T17:24:03+00:00</time>
      </trkpt>
      <trkpt lat="45.72234" lon="6.28171">
        <ele>969</ele>
        <time>2025-05-30T17:24:06+00:00</time>
      </trkpt>
      <trkpt lat="45.72234" lon="6.28157">
        <ele>971</ele>
        <time>2025-05-30T17:24:09+00:00</time>
      </trkpt>
      <trkpt lat="45.72228" lon="6.28147">
        <ele>975</ele>
        <time>2025-05-30T17:24:12+00:00</time>
      </trkpt>
      <trkpt lat="45.72226" lon="6.28133">
        <ele>977</ele>
        <time>2025-05-30T17:24:15+00:00</time>
      </trkpt>
      <trkpt lat="45.72229" lon="6.2812">
        <ele>981</ele>
        <time>2025-05-30T17:24:18+00:00</time>
      </trkpt>
      <trkpt lat="45.72233" lon="6.28107">
        <ele>983</ele>
        <time>2025-05-30T17:24:21+00:00</time>
      </trkpt>
      <trkpt lat="45.72233" lon="6.28094">
        <ele>992</ele>
        <time>2025-05-30T17:24:24+00:00</time>
      </trkpt>
      <trkpt lat="45.72229" lon="6.28082">
        <ele>987</ele>
        <time>2025-05-30T17:24:27+00:00</time>
      </trkpt>
      <trkpt lat="45.72227" lon="6.28068">
        <ele>989</ele>
        <time>2025-05-30T17:24:30+00:00</time>
      </trkpt>
      <trkpt lat="45.72232" lon="6.28058">
        <ele>997</ele>
        <time>2025-05-30T17:24:33+00:00</time>
      </trkpt>
      <trkpt lat="45.72237" lon="6.28047">
        <ele>998</ele>
        <time>2025-05-30T17:24:36+00:00</time>
      </trkpt>
      <trkpt lat="45.72244" lon="6.28038">
        <ele>1007</ele>
        <time>2025-05-30T17:24:39+00:00</time>
      </trkpt>
      <trkpt lat="45.72253" lon="6.28031">
        <ele>1014</ele>
        <time>2025-05-30T17:24:42+00:00</time>
      </trkpt>
      <trkpt lat="45.72257" lon="6.28019">
        <ele>1016</ele>
        <time>2025-05-30T17:24:45+00:00</time>
      </trkpt>
      <trkpt lat="45.72252" lon="6.28007">
        <ele>1017</ele>
        <time>2025-05-30T17:24:48+00:00</time>
      </trkpt>
      <trkpt lat="45.7225" lon="6.27992">
        <ele>1018</ele>
        <time>2025-05-30T17:24:51+00:00</time>
      </trkpt>
      <trkpt lat="45.72259" lon="6.27973">
        <ele>1021</ele>
        <time>2025-05-30T17:24:54+00:00</time>
      </trkpt>
      <trkpt lat="45.72273" lon="6.27948">
        <ele>1035</ele>
        <time>2025-05-30T17:24:57+00:00</time>
      </trkpt>
      <trkpt lat="45.72279" lon="6.27926">
        <ele>1035</ele>
        <time>2025-05-30T17:25:00+00:00</time>
      </trkpt>
      <trkpt lat="45.72279" lon="6.27912">
        <ele>1037</ele>
        <time>2025-05-30T17:25:03+00:00</time>
      </trkpt>
      <trkpt lat="45.72275" lon="6.279">
        <ele>1037</ele>
        <time>2025-05-30T17:25:06+00:00</time>
      </trkpt>
      <trkpt lat="45.72279" lon="6.27875">
        <ele>1038</ele>
        <time>2025-05-30T17:25:09+00:00</time>
      </trkpt>
      <trkpt lat="45.72284" lon="6.27863">
        <ele>1045</ele>
        <time>2025-05-30T17:25:12+00:00</time>
      </trkpt>
      <trkpt lat="45.72299" lon="6.27849">
        <ele>1050</ele>
        <time>2025-05-30T17:25:15+00:00</time>
      </trkpt>
      <trkpt lat="45.72309" lon="6.2781">
        <ele>1057</ele>
        <time>2025-05-30T17:25:18+00:00</time>
      </trkpt>
      <trkpt lat="45.72305" lon="6.27798">
        <ele>1060</ele>
        <time>2025-05-30T17:25:21+00:00</time>
      </trkpt>
      <trkpt lat="45.72312" lon="6.2779">
        <ele>1068</ele>
        <time>2025-05-30T17:25:24+00:00</time>
      </trkpt>
      <trkpt lat="45.7232" lon="6.27782">
        <ele>1068</ele>
        <time>2025-05-30T17:25:27+00:00</time>
      </trkpt>
      <trkpt lat="45.72321" lon="6.27768">
        <ele>1077</ele>
        <time>2025-05-30T17:25:30+00:00</time>
      </trkpt>
      <trkpt lat="45.72327" lon="6.27751">
        <ele>1077</ele>
        <time>2025-05-30T17:25:33+00:00</time>
      </trkpt>
      <trkpt lat="45.72336" lon="6.27742">
        <ele>1091</ele>
        <time>2025-05-30T17:25:36+00:00</time>
      </trkpt>
      <trkpt lat="45.72343" lon="6.27724">
        <ele>1101</ele>
        <time>2025-05-30T17:25:39+00:00</time>
      </trkpt>
      <trkpt lat="45.72341" lon="6.27711">
        <ele>1102</ele>
        <time>2025-05-30T17:25:42+00:00</time>
      </trkpt>
      <trkpt lat="45.72343" lon="6.27697">
        <ele>1106</ele>
        <time>2025-05-30T17:25:45+00:00</time>
      </trkpt>
      <trkpt lat="45.72343" lon="6.27684">
        <ele>1109</ele>
        <time>2025-05-30T17:25:48+00:00</time>
      </trkpt>
      <trkpt lat="45.72338" lon="6.27672">
        <ele>1102</ele>
        <time>2025-05-30T17:25:51+00:00</time>
      </trkpt>
      <trkpt lat="45.72332" lon="6.27662">
        <ele>1109</ele>
        <time>2025-05-30T17:25:54+00:00</time>
      </trkpt>
      <trkpt lat="45.72328" lon="6.2765">
        <ele>1108</ele>
        <time>2025-05-30T17:25:57+00:00</time>
      </trkpt>
      <trkpt lat="45.72334" lon="6.27639">
        <ele>1113</ele>
        <time>2025-05-30T17:26:00+00:00</time>
      </trkpt>
      <trkpt lat="45.72331" lon="6.27627">
        <ele>1105</ele>
        <time>2025-05-30T17:26:03+00:00</time>
      </trkpt>
      <trkpt lat="45.72324" lon="6.27616">
        <ele>1102</ele>
        <time>2025-05-30T17:26:06+00:00</time>
      </trkpt>
      <trkpt lat="45.72324" lon="6.27603">
        <ele>1102</ele>
        <time>2025-05-30T17:26:09+00:00</time>
      </trkpt>
      <trkpt lat="45.72325" lon="6.2759">
        <ele>1101</ele>
        <time>2025-05-30T17:26:12+00:00</time>
      </trkpt>
      <trkpt lat="45.72323" lon="6.27574">
        <ele>1105</ele>
        <time>2025-05-30T17:26:15+00:00</time>
      </trkpt>
      <trkpt lat="45.72327" lon="6.27561">
        <ele>1102</ele>
        <time>2025-05-30T17:26:18+00:00</time>
      </trkpt>
      <trkpt lat="45.72327" lon="6.27546">
        <ele>1108</ele>
        <time>2025-05-30T17:26:21+00:00</time>
      </trkpt>
      <trkpt lat="45.72328" lon="6.27521">
        <ele>1114</ele>
        <time>2025-05-30T17:26:24+00:00</time>
      </trkpt>
      <trkpt lat="45.72331" lon="6.27506">
        <ele>1112</ele>
        <time>2025-05-30T17:26:27+00:00</time>
      </trkpt>
      <trkpt lat="45.72325" lon="6.27492">
        <ele>1121</ele>
        <time>2025-05-30T17:26:30+00:00</time>
      </trkpt>
      <trkpt lat="45.72326" lon="6.2748">
        <ele>1117</ele>
        <time>2025-05-30T17:26:33+00:00</time>
      </trkpt>
      <trkpt lat="45.72326" lon="6.27478">
        <ele>1117</ele>
        <time>2025-05-30T17:26:36+00:00</time>
      </trkpt>
      <trkpt lat="45.72331" lon="6.27467">
        <ele>1132</ele>
        <time>2025-05-30T17:26:39+00:00</time>
      </trkpt>
      <trkpt lat="45.72332" lon="6.27431">
        <ele>1133</ele>
        <time>2025-05-30T17:26:42+00:00</time>
      </trkpt>
      <trkpt lat="45.72335" lon="6.27376">
        <ele>1143</ele>
        <time>2025-05-30T17:26:45+00:00</time>
      </trkpt>
      <trkpt lat="45.72342" lon="6.27367">
        <ele>1152</ele>
        <time>2025-05-30T17:26:48+00:00</time>
      </trkpt>
      <trkpt lat="45.72339" lon="6.27354">
        <ele>1148</ele>
        <time>2025-05-30T17:26:51+00:00</time>
      </trkpt>
      <trkpt lat="45.72337" lon="6.2734">
        <ele>1141</ele>
        <time>2025-05-30T17:26:54+00:00</time>
      </trkpt>
      <trkpt lat="45.72332" lon="6.27327">
        <ele>1154</ele>
        <time>2025-05-30T17:26:57+00:00</time>
      </trkpt>
      <trkpt lat="45.7233" lon="6.27313">
        <ele>1151</ele>
        <time>2025-05-30T17:27:00+00:00</time>
      </trkpt>
      <trkpt lat="45.72345" lon="6.27297">
        <ele>1162</ele>
        <time>2025-05-30T17:27:03+00:00</time>
      </trkpt>
      <trkpt lat="45.7235" lon="6.27285">
        <ele>1170</ele>
        <time>2025-05-30T17:27:06+00:00</time>
      </trkpt>
      <trkpt lat="45.72347" lon="6.27273">
        <ele>1164</ele>
        <time>2025-05-30T17:27:09+00:00</time>
      </trkpt>
      <trkpt lat="45.72344" lon="6.27259">
        <ele>1167</ele>
        <time>2025-05-30T17:27:12+00:00</time>
      </trkpt>
      <trkpt lat="45.7234" lon="6.27247">
        <ele>1168</ele>
        <time>2025-05-30T17:27:15+00:00</time>
      </trkpt>
      <trkpt lat="45.72347" lon="6.27236">
        <ele>1168</ele>
        <time>2025-05-30T17:27:18+00:00</time>
      </trkpt>
      <trkpt lat="45.72347" lon="6.27223">
        <ele>1169</ele>
        <time>2025-05-30T17:27:21+00:00</time>
      </trkpt>
      <trkpt lat="45.72342" lon="6.27211">
        <ele>1170</ele>
        <time>2025-05-30T17:27:24+00:00</time>
      </trkpt>
      <trkpt lat="45.72343" lon="6.27203">
        <ele>1172</ele>
        <time>2025-05-30T17:27:27+00:00</time>
      </trkpt>
      <trkpt lat="45.72344" lon="6.27198">
        <ele>1178</ele>
        <time>2025-05-30T17:27:30+00:00</time>
      </trkpt>
      <trkpt lat="45.72351" lon="6.27187">
        <ele>1186</ele>
        <time>2025-05-30T17:27:33+00:00</time>
      </trkpt>
      <trkpt lat="45.72349" lon="6.27174">
        <ele>1183</ele>
        <time>2025-05-30T17:27:36+00:00</time>
      </trkpt>
      <trkpt lat="45.72355" lon="6.27165">
        <ele>1191</ele>
        <time>2025-05-30T17:27:39+00:00</time>
      </trkpt>
      <trkpt lat="45.72363" lon="6.27157">
        <ele>1199</ele>
        <time>2025-05-30T17:27:42+00:00</time>
      </trkpt>
      <trkpt lat="45.72362" lon="6.27144">
        <ele>1202</ele>
        <time>2025-05-30T17:27:45+00:00</time>
      </trkpt>
      <trkpt lat="45.72355" lon="6.27135">
        <ele>1204</ele>
        <time>2025-05-30T17:27:48+00:00</time>
      </trkpt>
      <trkpt lat="45.7235" lon="6.2711">
        <ele>1215</ele>
        <time>2025-05-30T17:27:51+00:00</time>
      </trkpt>
      <trkpt lat="45.72343" lon="6.27097">
        <ele>1216</ele>
        <time>2025-05-30T17:27:54+00:00</time>
      </trkpt>
      <trkpt lat="45.72338" lon="6.27071">
        <ele>1219</ele>
        <time>2025-05-30T17:27:57+00:00</time>
      </trkpt>
      <trkpt lat="45.72343" lon="6.2706">
        <ele>1227</ele>
        <time>2025-05-30T17:28:00+00:00</time>
      </trkpt>
      <trkpt lat="45.72353" lon="6.27059">
        <ele>1229</ele>
        <time>2025-05-30T17:28:03+00:00</time>
      </trkpt>
      <trkpt lat="45.72361" lon="6.27056">
        <ele>1231</ele>
        <time>2025-05-30T17:28:06+00:00</time>
      </trkpt>
      <trkpt lat="45.72371" lon="6.27059">
        <ele>1233</ele>
        <time>2025-05-30T17:28:09+00:00</time>
      </trkpt>
      <trkpt lat="45.7238" lon="6.27064">
        <ele>1232</ele>
        <time>2025-05-30T17:28:12+00:00</time>
      </trkpt>
      <trkpt lat="45.7239" lon="6.27062">
        <ele>1236</ele>
        <time>2025-05-30T17:28:15+00:00</time>
      </trkpt>
      <trkpt lat="45.72411" lon="6.27057">
        <ele>1238</ele>
        <time>2025-05-30T17:28:18+00:00</time>
      </trkpt>
      <trkpt lat="45.7242" lon="6.27057">
        <ele>1239</ele>
        <time>2025-05-30T17:28:21+00:00</time>
      </trkpt>
      <trkpt lat="45.72431" lon="6.27059">
        <ele>1239</ele>
        <time>2025-05-30T17:28:24+00:00</time>
      </trkpt>
      <trkpt lat="45.7244" lon="6.27058">
        <ele>1239</ele>
        <time>2025-05-30T17:28:27+00:00</time>
      </trkpt>
      <trkpt lat="45.7245" lon="6.27053">
        <ele>1239</ele>
        <time>2025-05-30T17:28:30+00:00</time>
      </trkpt>
      <trkpt lat="45.72466" lon="6.27044">
        <ele>1243</ele>
        <time>2025-05-30T17:28:33+00:00</time>
      </trkpt>
      <trkpt lat="45.72484" lon="6.27035">
        <ele>1246</ele>
        <time>2025-05-30T17:28:36+00:00</time>
      </trkpt>
      <trkpt lat="45.72494" lon="6.27028">
        <ele>1249</ele>
        <time>2025-05-30T17:28:39+00:00</time>
      </trkpt>
      <trkpt lat="45.72514" lon="6.2702">
        <ele>1248</ele>
        <time>2025-05-30T17:28:42+00:00</time>
      </trkpt>
      <trkpt lat="45.72522" lon="6.27012">
        <ele>1251</ele>
        <time>2025-05-30T17:28:45+00:00</time>
      </trkpt>
      <trkpt lat="45.7253" lon="6.27006">
        <ele>1252</ele>
        <time>2025-05-30T17:28:48+00:00</time>
      </trkpt>
      <trkpt lat="45.72539" lon="6.26999">
        <ele>1254</ele>
        <time>2025-05-30T17:28:51+00:00</time>
      </trkpt>
      <trkpt lat="45.72548" lon="6.26999">
        <ele>1254</ele>
        <time>2025-05-30T17:28:54+00:00</time>
      </trkpt>
      <trkpt lat="45.72558" lon="6.26996">
        <ele>1254</ele>
        <time>2025-05-30T17:28:57+00:00</time>
      </trkpt>
      <trkpt lat="45.72568" lon="6.26997">
        <ele>1255</ele>
        <time>2025-05-30T17:29:00+00:00</time>
      </trkpt>
      <trkpt lat="45.72577" lon="6.26993">
        <ele>1255</ele>
        <time>2025-05-30T17:29:03+00:00</time>
      </trkpt>
      <trkpt lat="45.72587" lon="6.26993">
        <ele>1255</ele>
        <time>2025-05-30T17:29:06+00:00</time>
      </trkpt>
      <trkpt lat="45.72605" lon="6.26988">
        <ele>1257</ele>
        <time>2025-05-30T17:29:09+00:00</time>
      </trkpt>
      <trkpt lat="45.72615" lon="6.26987">
        <ele>1257</ele>
        <time>2025-05-30T17:29:12+00:00</time>
      </trkpt>
      <trkpt lat="45.72625" lon="6.26985">
        <ele>1257</ele>
        <time>2025-05-30T17:29:15+00:00</time>
      </trkpt>
      <trkpt lat="45.72634" lon="6.26984">
        <ele>1257</ele>
        <time>2025-05-30T17:29:18+00:00</time>
      </trkpt>
      <trkpt lat="45.72646" lon="6.26985">
        <ele>1256</ele>
        <time>2025-05-30T17:29:21+00:00</time>
      </trkpt>
      <trkpt lat="45.72653" lon="6.26988">
        <ele>1256</ele>
        <time>2025-05-30T17:29:24+00:00</time>
      </trkpt>
      <trkpt lat="45.72661" lon="6.26996">
        <ele>1254</ele>
        <time>2025-05-30T17:29:27+00:00</time>
      </trkpt>
      <trkpt lat="45.72668" lon="6.27006">
        <ele>1254</ele>
        <time>2025-05-30T17:29:30+00:00</time>
      </trkpt>
      <trkpt lat="45.7267" lon="6.27019">
        <ele>1253</ele>
        <time>2025-05-30T17:29:33+00:00</time>
      </trkpt>
      <trkpt lat="45.72677" lon="6.27046">
        <ele>1248</ele>
        <time>2025-05-30T17:29:36+00:00</time>
      </trkpt>
      <trkpt lat="45.72682" lon="6.27057">
        <ele>1247</ele>
        <time>2025-05-30T17:29:39+00:00</time>
      </trkpt>
      <trkpt lat="45.72681" lon="6.27071">
        <ele>1248</ele>
        <time>2025-05-30T17:29:42+00:00</time>
      </trkpt>
      <trkpt lat="45.72684" lon="6.27085">
        <ele>1247</ele>
        <time>2025-05-30T17:29:45+00:00</time>
      </trkpt>
      <trkpt lat="45.7271" lon="6.27102">
        <ele>1248</ele>
        <time>2025-05-30T17:29:48+00:00</time>
      </trkpt>
      <trkpt lat="45.72721" lon="6.27111">
        <ele>1250</ele>
        <time>2025-05-30T17:29:51+00:00</time>
      </trkpt>
      <trkpt lat="45.7274" lon="6.27122">
        <ele>1252</ele>
        <time>2025-05-30T17:29:54+00:00</time>
      </trkpt>
      <trkpt lat="45.72756" lon="6.27133">
        <ele>1256</ele>
        <time>2025-05-30T17:29:57+00:00</time>
      </trkpt>
      <trkpt lat="45.72765" lon="6.27136">
        <ele>1258</ele>
        <time>2025-05-30T17:30:00+00:00</time>
      </trkpt>
      <trkpt lat="45.72775" lon="6.27141">
        <ele>1263</ele>
        <time>2025-05-30T17:30:03+00:00</time>
      </trkpt>
      <trkpt lat="45.72791" lon="6.27153">
        <ele>1266</ele>
        <time>2025-05-30T17:30:06+00:00</time>
      </trkpt>
      <trkpt lat="45.728" lon="6.27161">
        <ele>1269</ele>
        <time>2025-05-30T17:30:09+00:00</time>
      </trkpt>
      <trkpt lat="45.72815" lon="6.27178">
        <ele>1270</ele>
        <time>2025-05-30T17:30:12+00:00</time>
      </trkpt>
      <trkpt lat="45.72825" lon="6.27183">
        <ele>1272</ele>
        <time>2025-05-30T17:30:15+00:00</time>
      </trkpt>
      <trkpt lat="45.72853" lon="6.27192">
        <ele>1277</ele>
        <time>2025-05-30T17:30:18+00:00</time>
      </trkpt>
      <trkpt lat="45.72875" lon="6.27196">
        <ele>1277</ele>
        <time>2025-05-30T17:30:21+00:00</time>
      </trkpt>
      <trkpt lat="45.72887" lon="6.272">
        <ele>1275</ele>
        <time>2025-05-30T17:30:24+00:00</time>
      </trkpt>
      <trkpt lat="45.72898" lon="6.27202">
        <ele>1278</ele>
        <time>2025-05-30T17:30:27+00:00</time>
      </trkpt>
      <trkpt lat="45.72922" lon="6.27202">
        <ele>1278</ele>
        <time>2025-05-30T17:30:30+00:00</time>
      </trkpt>
      <trkpt lat="45.72931" lon="6.27205">
        <ele>1279</ele>
        <time>2025-05-30T17:30:33+00:00</time>
      </trkpt>
      <trkpt lat="45.72951" lon="6.27209">
        <ele>1278</ele>
        <time>2025-05-30T17:30:36+00:00</time>
      </trkpt>
      <trkpt lat="45.7296" lon="6.27212">
        <ele>1280</ele>
        <time>2025-05-30T17:30:39+00:00</time>
      </trkpt>
      <trkpt lat="45.72969" lon="6.27221">
        <ele>1278</ele>
        <time>2025-05-30T17:30:42+00:00</time>
      </trkpt>
      <trkpt lat="45.72975" lon="6.27231">
        <ele>1279</ele>
        <time>2025-05-30T17:30:45+00:00</time>
      </trkpt>
      <trkpt lat="45.72984" lon="6.27238">
        <ele>1278</ele>
        <time>2025-05-30T17:30:48+00:00</time>
      </trkpt>
      <trkpt lat="45.7299" lon="6.2725">
        <ele>1279</ele>
        <time>2025-05-30T17:30:51+00:00</time>
      </trkpt>
      <trkpt lat="45.7299" lon="6.27264">
        <ele>1284</ele>
        <time>2025-05-30T17:30:54+00:00</time>
      </trkpt>
      <trkpt lat="45.72997" lon="6.27275">
        <ele>1284</ele>
        <time>2025-05-30T17:30:57+00:00</time>
      </trkpt>
      <trkpt lat="45.73014" lon="6.2729">
        <ele>1286</ele>
        <time>2025-05-30T17:31:00+00:00</time>
      </trkpt>
      <trkpt lat="45.73024" lon="6.27292">
        <ele>1289</ele>
        <time>2025-05-30T17:31:03+00:00</time>
      </trkpt>
      <trkpt lat="45.73032" lon="6.27299">
        <ele>1289</ele>
        <time>2025-05-30T17:31:06+00:00</time>
      </trkpt>
      <trkpt lat="45.73037" lon="6.2731">
        <ele>1292</ele>
        <time>2025-05-30T17:31:09+00:00</time>
      </trkpt>
      <trkpt lat="45.73046" lon="6.27312">
        <ele>1296</ele>
        <time>2025-05-30T17:31:12+00:00</time>
      </trkpt>
      <trkpt lat="45.73055" lon="6.27316">
        <ele>1298</ele>
        <time>2025-05-30T17:31:15+00:00</time>
      </trkpt>
      <trkpt lat="45.73064" lon="6.27325">
        <ele>1307</ele>
        <time>2025-05-30T17:31:18+00:00</time>
      </trkpt>
      <trkpt lat="45.73073" lon="6.27331">
        <ele>1308</ele>
        <time>2025-05-30T17:31:21+00:00</time>
      </trkpt>
      <trkpt lat="45.73081" lon="6.27343">
        <ele>1306</ele>
        <time>2025-05-30T17:31:24+00:00</time>
      </trkpt>
      <trkpt lat="45.73085" lon="6.27355">
        <ele>1308</ele>
        <time>2025-05-30T17:31:27+00:00</time>
      </trkpt>
      <trkpt lat="45.73081" lon="6.27367">
        <ele>1308</ele>
        <time>2025-05-30T17:31:30+00:00</time>
      </trkpt>
      <trkpt lat="45.73073" lon="6.2738">
        <ele>1308</ele>
        <time>2025-05-30T17:31:33+00:00</time>
      </trkpt>
      <trkpt lat="45.73061" lon="6.27397">
        <ele>1307</ele>
        <time>2025-05-30T17:31:36+00:00</time>
      </trkpt>
      <trkpt lat="45.73048" lon="6.27419">
        <ele>1309</ele>
        <time>2025-05-30T17:31:39+00:00</time>
      </trkpt>
      <trkpt lat="45.73038" lon="6.27425">
        <ele>1313</ele>
        <time>2025-05-30T17:31:42+00:00</time>
      </trkpt>
      <trkpt lat="45.7303" lon="6.2743">
        <ele>1305</ele>
        <time>2025-05-30T17:31:45+00:00</time>
      </trkpt>
      <trkpt lat="45.73026" lon="6.27442">
        <ele>1304</ele>
        <time>2025-05-30T17:31:48+00:00</time>
      </trkpt>
      <trkpt lat="45.73018" lon="6.2745">
        <ele>1302</ele>
        <time>2025-05-30T17:31:51+00:00</time>
      </trkpt>
      <trkpt lat="45.73011" lon="6.27463">
        <ele>1297</ele>
        <time>2025-05-30T17:31:54+00:00</time>
      </trkpt>
      <trkpt lat="45.73006" lon="6.27472">
        <ele>1294</ele>
        <time>2025-05-30T17:31:57+00:00</time>
      </trkpt>
      <trkpt lat="45.72999" lon="6.27481">
        <ele>1290</ele>
        <time>2025-05-30T17:32:00+00:00</time>
      </trkpt>
      <trkpt lat="45.7299" lon="6.27484">
        <ele>1288</ele>
        <time>2025-05-30T17:32:03+00:00</time>
      </trkpt>
      <trkpt lat="45.7298" lon="6.27485">
        <ele>1288</ele>
        <time>2025-05-30T17:32:06+00:00</time>
      </trkpt>
      <trkpt lat="45.72971" lon="6.27487">
        <ele>1287</ele>
        <time>2025-05-30T17:32:09+00:00</time>
      </trkpt>
      <trkpt lat="45.72962" lon="6.27493">
        <ele>1283</ele>
        <time>2025-05-30T17:32:12+00:00</time>
      </trkpt>
      <trkpt lat="45.72954" lon="6.27503">
        <ele>1277</ele>
        <time>2025-05-30T17:32:15+00:00</time>
      </trkpt>
      <trkpt lat="45.72939" lon="6.27518">
        <ele>1276</ele>
        <time>2025-05-30T17:32:18+00:00</time>
      </trkpt>
      <trkpt lat="45.72933" lon="6.27528">
        <ele>1272</ele>
        <time>2025-05-30T17:32:21+00:00</time>
      </trkpt>
      <trkpt lat="45.72931" lon="6.2753">
        <ele>1272</ele>
        <time>2025-05-30T17:32:24+00:00</time>
      </trkpt>
      <trkpt lat="45.72926" lon="6.27532">
        <ele>1270</ele>
        <time>2025-05-30T17:32:27+00:00</time>
      </trkpt>
      <trkpt lat="45.72921" lon="6.27539">
        <ele>1270</ele>
        <time>2025-05-30T17:32:30+00:00</time>
      </trkpt>
      <trkpt lat="45.72909" lon="6.27557">
        <ele>1265</ele>
        <time>2025-05-30T17:32:33+00:00</time>
      </trkpt>
      <trkpt lat="45.72894" lon="6.27564">
        <ele>1258</ele>
        <time>2025-05-30T17:32:36+00:00</time>
      </trkpt>
      <trkpt lat="45.72882" lon="6.27572">
        <ele>1253</ele>
        <time>2025-05-30T17:32:39+00:00</time>
      </trkpt>
      <trkpt lat="45.72854" lon="6.27586">
        <ele>1250</ele>
        <time>2025-05-30T17:32:42+00:00</time>
      </trkpt>
      <trkpt lat="45.72833" lon="6.27594">
        <ele>1246</ele>
        <time>2025-05-30T17:32:45+00:00</time>
      </trkpt>
      <trkpt lat="45.72823" lon="6.27595">
        <ele>1245</ele>
        <time>2025-05-30T17:32:48+00:00</time>
      </trkpt>
      <trkpt lat="45.72813" lon="6.27599">
        <ele>1244</ele>
        <time>2025-05-30T17:32:51+00:00</time>
      </trkpt>
      <trkpt lat="45.72806" lon="6.27609">
        <ele>1240</ele>
        <time>2025-05-30T17:32:54+00:00</time>
      </trkpt>
      <trkpt lat="45.72803" lon="6.27638">
        <ele>1234</ele>
        <time>2025-05-30T17:32:57+00:00</time>
      </trkpt>
      <trkpt lat="45.72799" lon="6.27651">
        <ele>1231</ele>
        <time>2025-05-30T17:33:00+00:00</time>
      </trkpt>
      <trkpt lat="45.72783" lon="6.27689">
        <ele>1226</ele>
        <time>2025-05-30T17:33:03+00:00</time>
      </trkpt>
      <trkpt lat="45.72776" lon="6.27696">
        <ele>1225</ele>
        <time>2025-05-30T17:33:06+00:00</time>
      </trkpt>
      <trkpt lat="45.72768" lon="6.27702">
        <ele>1223</ele>
        <time>2025-05-30T17:33:09+00:00</time>
      </trkpt>
      <trkpt lat="45.72758" lon="6.27705">
        <ele>1224</ele>
        <time>2025-05-30T17:33:12+00:00</time>
      </trkpt>
      <trkpt lat="45.72748" lon="6.27711">
        <ele>1220</ele>
        <time>2025-05-30T17:33:15+00:00</time>
      </trkpt>
      <trkpt lat="45.72737" lon="6.27716">
        <ele>1221</ele>
        <time>2025-05-30T17:33:18+00:00</time>
      </trkpt>
      <trkpt lat="45.72715" lon="6.27736">
        <ele>1216</ele>
        <time>2025-05-30T17:33:21+00:00</time>
      </trkpt>
      <trkpt lat="45.72713" lon="6.2774">
        <ele>1216</ele>
        <time>2025-05-30T17:33:24+00:00</time>
      </trkpt>
      <trkpt lat="45.72702" lon="6.27746">
        <ele>1208</ele>
        <time>2025-05-30T17:33:27+00:00</time>
      </trkpt>
      <trkpt lat="45.7269" lon="6.27758">
        <ele>1210</ele>
        <time>2025-05-30T17:33:30+00:00</time>
      </trkpt>
      <trkpt lat="45.72676" lon="6.27767">
        <ele>1209</ele>
        <time>2025-05-30T17:33:33+00:00</time>
      </trkpt>
      <trkpt lat="45.72668" lon="6.27778">
        <ele>1206</ele>
        <time>2025-05-30T17:33:36+00:00</time>
      </trkpt>
      <trkpt lat="45.72663" lon="6.27782">
        <ele>1202</ele>
        <time>2025-05-30T17:33:39+00:00</time>
      </trkpt>
      <trkpt lat="45.72657" lon="6.27791">
        <ele>1201</ele>
        <time>2025-05-30T17:33:42+00:00</time>
      </trkpt>
      <trkpt lat="45.72642" lon="6.2781">
        <ele>1198</ele>
        <time>2025-05-30T17:33:45+00:00</time>
      </trkpt>
      <trkpt lat="45.72633" lon="6.27812">
        <ele>1197</ele>
        <time>2025-05-30T17:33:48+00:00</time>
      </trkpt>
      <trkpt lat="45.72617" lon="6.2783">
        <ele>1197</ele>
        <time>2025-05-30T17:33:51+00:00</time>
      </trkpt>
      <trkpt lat="45.72592" lon="6.27856">
        <ele>1193</ele>
        <time>2025-05-30T17:33:54+00:00</time>
      </trkpt>
      <trkpt lat="45.72581" lon="6.27862">
        <ele>1191</ele>
        <time>2025-05-30T17:33:57+00:00</time>
      </trkpt>
      <trkpt lat="45.72564" lon="6.27865">
        <ele>1189</ele>
        <time>2025-05-30T17:34:00+00:00</time>
      </trkpt>
      <trkpt lat="45.7256" lon="6.27867">
        <ele>1190</ele>
        <time>2025-05-30T17:34:03+00:00</time>
      </trkpt>
      <trkpt lat="45.72551" lon="6.27874">
        <ele>1185</ele>
        <time>2025-05-30T17:34:06+00:00</time>
      </trkpt>
      <trkpt lat="45.72546" lon="6.27885">
        <ele>1187</ele>
        <time>2025-05-30T17:34:09+00:00</time>
      </trkpt>
      <trkpt lat="45.72541" lon="6.27897">
        <ele>1183</ele>
        <time>2025-05-30T17:34:12+00:00</time>
      </trkpt>
      <trkpt lat="45.72531" lon="6.27901">
        <ele>1182</ele>
        <time>2025-05-30T17:34:15+00:00</time>
      </trkpt>
      <trkpt lat="45.7252" lon="6.27899">
        <ele>1185</ele>
        <time>2025-05-30T17:34:18+00:00</time>
      </trkpt>
      <trkpt lat="45.72518" lon="6.279">
        <ele>1184</ele>
        <time>2025-05-30T17:34:21+00:00</time>
      </trkpt>
      <trkpt lat="45.7251" lon="6.27901">
        <ele>1182</ele>
        <time>2025-05-30T17:34:24+00:00</time>
      </trkpt>
      <trkpt lat="45.72501" lon="6.27906">
        <ele>1183</ele>
        <time>2025-05-30T17:34:27+00:00</time>
      </trkpt>
      <trkpt lat="45.72491" lon="6.27908">
        <ele>1180</ele>
        <time>2025-05-30T17:34:30+00:00</time>
      </trkpt>
      <trkpt lat="45.72483" lon="6.27918">
        <ele>1180</ele>
        <time>2025-05-30T17:34:33+00:00</time>
      </trkpt>
      <trkpt lat="45.72476" lon="6.27931">
        <ele>1178</ele>
        <time>2025-05-30T17:34:36+00:00</time>
      </trkpt>
      <trkpt lat="45.72465" lon="6.27949">
        <ele>1177</ele>
        <time>2025-05-30T17:34:39+00:00</time>
      </trkpt>
      <trkpt lat="45.72452" lon="6.27959">
        <ele>1174</ele>
        <time>2025-05-30T17:34:42+00:00</time>
      </trkpt>
      <trkpt lat="45.72444" lon="6.27968">
        <ele>1173</ele>
        <time>2025-05-30T17:34:45+00:00</time>
      </trkpt>
      <trkpt lat="45.72441" lon="6.27982">
        <ele>1169</ele>
        <time>2025-05-30T17:34:48+00:00</time>
      </trkpt>
      <trkpt lat="45.7245" lon="6.27986">
        <ele>1169</ele>
        <time>2025-05-30T17:34:51+00:00</time>
      </trkpt>
      <trkpt lat="45.72459" lon="6.27983">
        <ele>1164</ele>
        <time>2025-05-30T17:34:54+00:00</time>
      </trkpt>
      <trkpt lat="45.72478" lon="6.27977">
        <ele>1164</ele>
        <time>2025-05-30T17:34:57+00:00</time>
      </trkpt>
      <trkpt lat="45.72488" lon="6.2797">
        <ele>1166</ele>
        <time>2025-05-30T17:35:00+00:00</time>
      </trkpt>
      <trkpt lat="45.72505" lon="6.27966">
        <ele>1161</ele>
        <time>2025-05-30T17:35:03+00:00</time>
      </trkpt>
      <trkpt lat="45.7251" lon="6.27965">
        <ele>1155</ele>
        <time>2025-05-30T17:35:06+00:00</time>
      </trkpt>
      <trkpt lat="45.72529" lon="6.27971">
        <ele>1151</ele>
        <time>2025-05-30T17:35:09+00:00</time>
      </trkpt>
      <trkpt lat="45.72541" lon="6.27971">
        <ele>1149</ele>
        <time>2025-05-30T17:35:12+00:00</time>
      </trkpt>
      <trkpt lat="45.7255" lon="6.2797">
        <ele>1149</ele>
        <time>2025-05-30T17:35:15+00:00</time>
      </trkpt>
      <trkpt lat="45.72559" lon="6.27972">
        <ele>1148</ele>
        <time>2025-05-30T17:35:18+00:00</time>
      </trkpt>
      <trkpt lat="45.72569" lon="6.27978">
        <ele>1146</ele>
        <time>2025-05-30T17:35:21+00:00</time>
      </trkpt>
      <trkpt lat="45.72578" lon="6.27982">
        <ele>1140</ele>
        <time>2025-05-30T17:35:24+00:00</time>
      </trkpt>
      <trkpt lat="45.72587" lon="6.27984">
        <ele>1144</ele>
        <time>2025-05-30T17:35:27+00:00</time>
      </trkpt>
      <trkpt lat="45.72597" lon="6.27983">
        <ele>1139</ele>
        <time>2025-05-30T17:35:30+00:00</time>
      </trkpt>
      <trkpt lat="45.72617" lon="6.27979">
        <ele>1143</ele>
        <time>2025-05-30T17:35:33+00:00</time>
      </trkpt>
      <trkpt lat="45.72628" lon="6.2798">
        <ele>1140</ele>
        <time>2025-05-30T17:35:36+00:00</time>
      </trkpt>
      <trkpt lat="45.72637" lon="6.27983">
        <ele>1132</ele>
        <time>2025-05-30T17:35:39+00:00</time>
      </trkpt>
      <trkpt lat="45.72656" lon="6.27988">
        <ele>1129</ele>
        <time>2025-05-30T17:35:42+00:00</time>
      </trkpt>
      <trkpt lat="45.72678" lon="6.27987">
        <ele>1128</ele>
        <time>2025-05-30T17:35:45+00:00</time>
      </trkpt>
      <trkpt lat="45.72688" lon="6.27985">
        <ele>1127</ele>
        <time>2025-05-30T17:35:48+00:00</time>
      </trkpt>
      <trkpt lat="45.72708" lon="6.27986">
        <ele>1124</ele>
        <time>2025-05-30T17:35:51+00:00</time>
      </trkpt>
      <trkpt lat="45.72738" lon="6.27983">
        <ele>1123</ele>
        <time>2025-05-30T17:35:54+00:00</time>
      </trkpt>
      <trkpt lat="45.72757" lon="6.27978">
        <ele>1122</ele>
        <time>2025-05-30T17:35:57+00:00</time>
      </trkpt>
      <trkpt lat="45.72778" lon="6.27969">
        <ele>1120</ele>
        <time>2025-05-30T17:36:00+00:00</time>
      </trkpt>
      <trkpt lat="45.7279" lon="6.27964">
        <ele>1117</ele>
        <time>2025-05-30T17:36:03+00:00</time>
      </trkpt>
      <trkpt lat="45.72811" lon="6.2795">
        <ele>1110</ele>
        <time>2025-05-30T17:36:06+00:00</time>
      </trkpt>
      <trkpt lat="45.72831" lon="6.27932">
        <ele>1100</ele>
        <time>2025-05-30T17:36:09+00:00</time>
      </trkpt>
      <trkpt lat="45.7284" lon="6.27927">
        <ele>1104</ele>
        <time>2025-05-30T17:36:12+00:00</time>
      </trkpt>
      <trkpt lat="45.72849" lon="6.27923">
        <ele>1101</ele>
        <time>2025-05-30T17:36:15+00:00</time>
      </trkpt>
      <trkpt lat="45.7287" lon="6.27919">
        <ele>1098</ele>
        <time>2025-05-30T17:36:18+00:00</time>
      </trkpt>
      <trkpt lat="45.72888" lon="6.27923">
        <ele>1089</ele>
        <time>2025-05-30T17:36:21+00:00</time>
      </trkpt>
      <trkpt lat="45.72895" lon="6.27924">
        <ele>1088</ele>
        <time>2025-05-30T17:36:24+00:00</time>
      </trkpt>
      <trkpt lat="45.72909" lon="6.27922">
        <ele>1086</ele>
        <time>2025-05-30T17:36:27+00:00</time>
      </trkpt>
      <trkpt lat="45.72926" lon="6.27917">
        <ele>1088</ele>
        <time>2025-05-30T17:36:30+00:00</time>
      </trkpt>
      <trkpt lat="45.72942" lon="6.27914">
        <ele>1081</ele>
        <time>2025-05-30T17:36:33+00:00</time>
      </trkpt>
      <trkpt lat="45.72961" lon="6.27905">
        <ele>1081</ele>
        <time>2025-05-30T17:36:36+00:00</time>
      </trkpt>
      <trkpt lat="45.72995" lon="6.27895">
        <ele>1077</ele>
        <time>2025-05-30T17:36:39+00:00</time>
      </trkpt>
      <trkpt lat="45.73004" lon="6.27893">
        <ele>1071</ele>
        <time>2025-05-30T17:36:42+00:00</time>
      </trkpt>
      <trkpt lat="45.73033" lon="6.27897">
        <ele>1063</ele>
        <time>2025-05-30T17:36:45+00:00</time>
      </trkpt>
      <trkpt lat="45.73042" lon="6.27894">
        <ele>1061</ele>
        <time>2025-05-30T17:36:48+00:00</time>
      </trkpt>
      <trkpt lat="45.73052" lon="6.27893">
        <ele>1060</ele>
        <time>2025-05-30T17:36:51+00:00</time>
      </trkpt>
      <trkpt lat="45.73063" lon="6.27892">
        <ele>1058</ele>
        <time>2025-05-30T17:36:54+00:00</time>
      </trkpt>
      <trkpt lat="45.7308" lon="6.27893">
        <ele>1055</ele>
        <time>2025-05-30T17:36:57+00:00</time>
      </trkpt>
      <trkpt lat="45.73088" lon="6.27891">
        <ele>1055</ele>
        <time>2025-05-30T17:37:00+00:00</time>
      </trkpt>
      <trkpt lat="45.73096" lon="6.27891">
        <ele>1053</ele>
        <time>2025-05-30T17:37:03+00:00</time>
      </trkpt>
      <trkpt lat="45.73115" lon="6.27893">
        <ele>1051</ele>
        <time>2025-05-30T17:37:06+00:00</time>
      </trkpt>
      <trkpt lat="45.73124" lon="6.27896">
        <ele>1048</ele>
        <time>2025-05-30T17:37:09+00:00</time>
      </trkpt>
      <trkpt lat="45.73139" lon="6.27904">
        <ele>1045</ele>
        <time>2025-05-30T17:37:12+00:00</time>
      </trkpt>
      <trkpt lat="45.73151" lon="6.27914">
        <ele>1042</ele>
        <time>2025-05-30T17:37:15+00:00</time>
      </trkpt>
      <trkpt lat="45.73167" lon="6.2793">
        <ele>1037</ele>
        <time>2025-05-30T17:37:18+00:00</time>
      </trkpt>
      <trkpt lat="45.73173" lon="6.2794">
        <ele>1035</ele>
        <time>2025-05-30T17:37:21+00:00</time>
      </trkpt>
      <trkpt lat="45.73179" lon="6.27951">
        <ele>1033</ele>
        <time>2025-05-30T17:37:24+00:00</time>
      </trkpt>
      <trkpt lat="45.73188" lon="6.27972">
        <ele>1030</ele>
        <time>2025-05-30T17:37:27+00:00</time>
      </trkpt>
      <trkpt lat="45.73198" lon="6.27987">
        <ele>1029</ele>
        <time>2025-05-30T17:37:30+00:00</time>
      </trkpt>
      <trkpt lat="45.73205" lon="6.27995">
        <ele>1026</ele>
        <time>2025-05-30T17:37:33+00:00</time>
      </trkpt>
      <trkpt lat="45.73214" lon="6.28001">
        <ele>1024</ele>
        <time>2025-05-30T17:37:36+00:00</time>
      </trkpt>
      <trkpt lat="45.7323" lon="6.28018">
        <ele>1026</ele>
        <time>2025-05-30T17:37:39+00:00</time>
      </trkpt>
      <trkpt lat="45.7324" lon="6.28023">
        <ele>1023</ele>
        <time>2025-05-30T17:37:42+00:00</time>
      </trkpt>
      <trkpt lat="45.73249" lon="6.28021">
        <ele>1025</ele>
        <time>2025-05-30T17:37:45+00:00</time>
      </trkpt>
      <trkpt lat="45.73259" lon="6.28023">
        <ele>1024</ele>
        <time>2025-05-30T17:37:48+00:00</time>
      </trkpt>
      <trkpt lat="45.73256" lon="6.28037">
        <ele>1022</ele>
        <time>2025-05-30T17:37:51+00:00</time>
      </trkpt>
      <trkpt lat="45.73253" lon="6.28045">
        <ele>1020</ele>
        <time>2025-05-30T17:37:54+00:00</time>
      </trkpt>
      <trkpt lat="45.73244" lon="6.28062">
        <ele>1014</ele>
        <time>2025-05-30T17:37:57+00:00</time>
      </trkpt>
      <trkpt lat="45.73236" lon="6.28072">
        <ele>1008</ele>
        <time>2025-05-30T17:38:00+00:00</time>
      </trkpt>
      <trkpt lat="45.73227" lon="6.28071">
        <ele>1011</ele>
        <time>2025-05-30T17:38:03+00:00</time>
      </trkpt>
      <trkpt lat="45.73218" lon="6.28063">
        <ele>1008</ele>
        <time>2025-05-30T17:38:06+00:00</time>
      </trkpt>
      <trkpt lat="45.73213" lon="6.28062">
        <ele>1008</ele>
        <time>2025-05-30T17:38:09+00:00</time>
      </trkpt>
      <trkpt lat="45.73209" lon="6.28061">
        <ele>1011</ele>
        <time>2025-05-30T17:38:12+00:00</time>
      </trkpt>
      <trkpt lat="45.73197" lon="6.28064">
        <ele>1011</ele>
        <time>2025-05-30T17:38:15+00:00</time>
      </trkpt>
      <trkpt lat="45.73189" lon="6.28069">
        <ele>1010</ele>
        <time>2025-05-30T17:38:18+00:00</time>
      </trkpt>
      <trkpt lat="45.73179" lon="6.28073">
        <ele>1009</ele>
        <time>2025-05-30T17:38:21+00:00</time>
      </trkpt>
      <trkpt lat="45.73169" lon="6.28074">
        <ele>1009</ele>
        <time>2025-05-30T17:38:24+00:00</time>
      </trkpt>
      <trkpt lat="45.73161" lon="6.28082">
        <ele>1006</ele>
        <time>2025-05-30T17:38:27+00:00</time>
      </trkpt>
      <trkpt lat="45.73155" lon="6.28094">
        <ele>1004</ele>
        <time>2025-05-30T17:38:30+00:00</time>
      </trkpt>
      <trkpt lat="45.73162" lon="6.28103">
        <ele>1002</ele>
        <time>2025-05-30T17:38:33+00:00</time>
      </trkpt>
      <trkpt lat="45.73171" lon="6.28105">
        <ele>1002</ele>
        <time>2025-05-30T17:38:36+00:00</time>
      </trkpt>
      <trkpt lat="45.73181" lon="6.28111">
        <ele>996</ele>
        <time>2025-05-30T17:38:39+00:00</time>
      </trkpt>
      <trkpt lat="45.7319" lon="6.28116">
        <ele>995</ele>
        <time>2025-05-30T17:38:42+00:00</time>
      </trkpt>
      <trkpt lat="45.73199" lon="6.28117">
        <ele>995</ele>
        <time>2025-05-30T17:38:45+00:00</time>
      </trkpt>
      <trkpt lat="45.73209" lon="6.28117">
        <ele>994</ele>
        <time>2025-05-30T17:38:48+00:00</time>
      </trkpt>
      <trkpt lat="45.73218" lon="6.2812">
        <ele>992</ele>
        <time>2025-05-30T17:38:51+00:00</time>
      </trkpt>
      <trkpt lat="45.73227" lon="6.28126">
        <ele>988</ele>
        <time>2025-05-30T17:38:54+00:00</time>
      </trkpt>
      <trkpt lat="45.73235" lon="6.28135">
        <ele>986</ele>
        <time>2025-05-30T17:38:57+00:00</time>
      </trkpt>
      <trkpt lat="45.73243" lon="6.28144">
        <ele>985</ele>
        <time>2025-05-30T17:39:00+00:00</time>
      </trkpt>
      <trkpt lat="45.73259" lon="6.28159">
        <ele>982</ele>
        <time>2025-05-30T17:39:03+00:00</time>
      </trkpt>
      <trkpt lat="45.73268" lon="6.28162">
        <ele>978</ele>
        <time>2025-05-30T17:39:06+00:00</time>
      </trkpt>
      <trkpt lat="45.73276" lon="6.28157">
        <ele>982</ele>
        <time>2025-05-30T17:39:09+00:00</time>
      </trkpt>
      <trkpt lat="45.73284" lon="6.28147">
        <ele>982</ele>
        <time>2025-05-30T17:39:12+00:00</time>
      </trkpt>
      <trkpt lat="45.73293" lon="6.28141">
        <ele>979</ele>
        <time>2025-05-30T17:39:15+00:00</time>
      </trkpt>
      <trkpt lat="45.73313" lon="6.28133">
        <ele>970</ele>
        <time>2025-05-30T17:39:18+00:00</time>
      </trkpt>
      <trkpt lat="45.73333" lon="6.28121">
        <ele>967</ele>
        <time>2025-05-30T17:39:21+00:00</time>
      </trkpt>
      <trkpt lat="45.73344" lon="6.28119">
        <ele>967</ele>
        <time>2025-05-30T17:39:24+00:00</time>
      </trkpt>
      <trkpt lat="45.73354" lon="6.28114">
        <ele>962</ele>
        <time>2025-05-30T17:39:27+00:00</time>
      </trkpt>
      <trkpt lat="45.73363" lon="6.28112">
        <ele>954</ele>
        <time>2025-05-30T17:39:30+00:00</time>
      </trkpt>
      <trkpt lat="45.73383" lon="6.28104">
        <ele>954</ele>
        <time>2025-05-30T17:39:33+00:00</time>
      </trkpt>
      <trkpt lat="45.73393" lon="6.28104">
        <ele>951</ele>
        <time>2025-05-30T17:39:36+00:00</time>
      </trkpt>
      <trkpt lat="45.73409" lon="6.281">
        <ele>950</ele>
        <time>2025-05-30T17:39:39+00:00</time>
      </trkpt>
      <trkpt lat="45.73423" lon="6.28092">
        <ele>943</ele>
        <time>2025-05-30T17:39:42+00:00</time>
      </trkpt>
      <trkpt lat="45.73433" lon="6.28082">
        <ele>944</ele>
        <time>2025-05-30T17:39:45+00:00</time>
      </trkpt>
      <trkpt lat="45.73437" lon="6.2808">
        <ele>944</ele>
        <time>2025-05-30T17:39:48+00:00</time>
      </trkpt>
      <trkpt lat="45.73443" lon="6.28076">
        <ele>943</ele>
        <time>2025-05-30T17:39:51+00:00</time>
      </trkpt>
      <trkpt lat="45.7346" lon="6.28067">
        <ele>938</ele>
        <time>2025-05-30T17:39:54+00:00</time>
      </trkpt>
      <trkpt lat="45.73469" lon="6.2806">
        <ele>938</ele>
        <time>2025-05-30T17:39:57+00:00</time>
      </trkpt>
      <trkpt lat="45.73478" lon="6.28055">
        <ele>936</ele>
        <time>2025-05-30T17:40:00+00:00</time>
      </trkpt>
      <trkpt lat="45.73486" lon="6.28048">
        <ele>930</ele>
        <time>2025-05-30T17:40:03+00:00</time>
      </trkpt>
      <trkpt lat="45.73495" lon="6.28038">
        <ele>926</ele>
        <time>2025-05-30T17:40:06+00:00</time>
      </trkpt>
      <trkpt lat="45.73503" lon="6.28027">
        <ele>925</ele>
        <time>2025-05-30T17:40:09+00:00</time>
      </trkpt>
      <trkpt lat="45.73513" lon="6.28002">
        <ele>919</ele>
        <time>2025-05-30T17:40:12+00:00</time>
      </trkpt>
      <trkpt lat="45.7352" lon="6.27994">
        <ele>916</ele>
        <time>2025-05-30T17:40:15+00:00</time>
      </trkpt>
      <trkpt lat="45.7353" lon="6.27996">
        <ele>916</ele>
        <time>2025-05-30T17:40:18+00:00</time>
      </trkpt>
      <trkpt lat="45.73539" lon="6.27992">
        <ele>914</ele>
        <time>2025-05-30T17:40:21+00:00</time>
      </trkpt>
      <trkpt lat="45.73547" lon="6.27984">
        <ele>916</ele>
        <time>2025-05-30T17:40:24+00:00</time>
      </trkpt>
      <trkpt lat="45.73556" lon="6.27979">
        <ele>917</ele>
        <time>2025-05-30T17:40:27+00:00</time>
      </trkpt>
      <trkpt lat="45.73567" lon="6.27976">
        <ele>913</ele>
        <time>2025-05-30T17:40:30+00:00</time>
      </trkpt>
      <trkpt lat="45.73575" lon="6.27972">
        <ele>909</ele>
        <time>2025-05-30T17:40:33+00:00</time>
      </trkpt>
      <trkpt lat="45.73595" lon="6.27965">
        <ele>907</ele>
        <time>2025-05-30T17:40:36+00:00</time>
      </trkpt>
      <trkpt lat="45.73614" lon="6.27966">
        <ele>898</ele>
        <time>2025-05-30T17:40:39+00:00</time>
      </trkpt>
      <trkpt lat="45.73623" lon="6.27965">
        <ele>895</ele>
        <time>2025-05-30T17:40:42+00:00</time>
      </trkpt>
      <trkpt lat="45.73639" lon="6.27966">
        <ele>892</ele>
        <time>2025-05-30T17:40:45+00:00</time>
      </trkpt>
      <trkpt lat="45.73645" lon="6.27969">
        <ele>890</ele>
        <time>2025-05-30T17:40:48+00:00</time>
      </trkpt>
      <trkpt lat="45.73652" lon="6.27974">
        <ele>883</ele>
        <time>2025-05-30T17:40:51+00:00</time>
      </trkpt>
      <trkpt lat="45.73643" lon="6.27979">
        <ele>886</ele>
        <time>2025-05-30T17:40:54+00:00</time>
      </trkpt>
      <trkpt lat="45.73636" lon="6.27988">
        <ele>885</ele>
        <time>2025-05-30T17:40:57+00:00</time>
      </trkpt>
      <trkpt lat="45.73627" lon="6.28014">
        <ele>875</ele>
        <time>2025-05-30T17:41:00+00:00</time>
      </trkpt>
      <trkpt lat="45.73616" lon="6.28036">
        <ele>872</ele>
        <time>2025-05-30T17:41:03+00:00</time>
      </trkpt>
      <trkpt lat="45.73611" lon="6.28049">
        <ele>869</ele>
        <time>2025-05-30T17:41:06+00:00</time>
      </trkpt>
      <trkpt lat="45.73606" lon="6.28063">
        <ele>871</ele>
        <time>2025-05-30T17:41:09+00:00</time>
      </trkpt>
      <trkpt lat="45.73598" lon="6.28091">
        <ele>871</ele>
        <time>2025-05-30T17:41:12+00:00</time>
      </trkpt>
      <trkpt lat="45.73593" lon="6.28104">
        <ele>869</ele>
        <time>2025-05-30T17:41:15+00:00</time>
      </trkpt>
      <trkpt lat="45.73583" lon="6.28126">
        <ele>866</ele>
        <time>2025-05-30T17:41:18+00:00</time>
      </trkpt>
      <trkpt lat="45.73571" lon="6.28149">
        <ele>865</ele>
        <time>2025-05-30T17:41:21+00:00</time>
      </trkpt>
      <trkpt lat="45.73565" lon="6.28159">
        <ele>865</ele>
        <time>2025-05-30T17:41:24+00:00</time>
      </trkpt>
      <trkpt lat="45.73561" lon="6.28162">
        <ele>863</ele>
        <time>2025-05-30T17:41:27+00:00</time>
      </trkpt>
      <trkpt lat="45.7355" lon="6.28167">
        <ele>866</ele>
        <time>2025-05-30T17:41:30+00:00</time>
      </trkpt>
      <trkpt lat="45.73542" lon="6.28176">
        <ele>862</ele>
        <time>2025-05-30T17:41:33+00:00</time>
      </trkpt>
      <trkpt lat="45.73532" lon="6.28179">
        <ele>866</ele>
        <time>2025-05-30T17:41:36+00:00</time>
      </trkpt>
      <trkpt lat="45.73522" lon="6.28185">
        <ele>865</ele>
        <time>2025-05-30T17:41:39+00:00</time>
      </trkpt>
      <trkpt lat="45.73512" lon="6.28198">
        <ele>866</ele>
        <time>2025-05-30T17:41:42+00:00</time>
      </trkpt>
      <trkpt lat="45.73509" lon="6.28206">
        <ele>869</ele>
        <time>2025-05-30T17:41:45+00:00</time>
      </trkpt>
      <trkpt lat="45.73502" lon="6.28228">
        <ele>865</ele>
        <time>2025-05-30T17:41:48+00:00</time>
      </trkpt>
      <trkpt lat="45.73499" lon="6.28233">
        <ele>865</ele>
        <time>2025-05-30T17:41:51+00:00</time>
      </trkpt>
      <trkpt lat="45.73493" lon="6.28248">
        <ele>863</ele>
        <time>2025-05-30T17:41:54+00:00</time>
      </trkpt>
      <trkpt lat="45.73493" lon="6.28254">
        <ele>862</ele>
        <time>2025-05-30T17:41:57+00:00</time>
      </trkpt>
      <trkpt lat="45.73491" lon="6.28257">
        <ele>862</ele>
        <time>2025-05-30T17:42:00+00:00</time>
      </trkpt>
      <trkpt lat="45.73488" lon="6.28268">
        <ele>863</ele>
        <time>2025-05-30T17:42:03+00:00</time>
      </trkpt>
      <trkpt lat="45.73481" lon="6.28283">
        <ele>862</ele>
        <time>2025-05-30T17:42:06+00:00</time>
      </trkpt>
      <trkpt lat="45.73475" lon="6.28293">
        <ele>859</ele>
        <time>2025-05-30T17:42:09+00:00</time>
      </trkpt>
      <trkpt lat="45.73472" lon="6.28295">
        <ele>859</ele>
        <time>2025-05-30T17:42:12+00:00</time>
      </trkpt>
      <trkpt lat="45.73468" lon="6.283">
        <ele>859</ele>
        <time>2025-05-30T17:42:15+00:00</time>
      </trkpt>
      <trkpt lat="45.73459" lon="6.28308">
        <ele>857</ele>
        <time>2025-05-30T17:42:18+00:00</time>
      </trkpt>
      <trkpt lat="45.73455" lon="6.28315">
        <ele>858</ele>
        <time>2025-05-30T17:42:21+00:00</time>
      </trkpt>
      <trkpt lat="45.73453" lon="6.28317">
        <ele>858</ele>
        <time>2025-05-30T17:42:24+00:00</time>
      </trkpt>
      <trkpt lat="45.7345" lon="6.28325">
        <ele>857</ele>
        <time>2025-05-30T17:42:27+00:00</time>
      </trkpt>
      <trkpt lat="45.73445" lon="6.28331">
        <ele>855</ele>
        <time>2025-05-30T17:42:30+00:00</time>
      </trkpt>
      <trkpt lat="45.73443" lon="6.28334">
        <ele>852</ele>
        <time>2025-05-30T17:42:33+00:00</time>
      </trkpt>
      <trkpt lat="45.73435" lon="6.28339">
        <ele>855</ele>
        <time>2025-05-30T17:42:36+00:00</time>
      </trkpt>
      <trkpt lat="45.73431" lon="6.28344">
        <ele>850</ele>
        <time>2025-05-30T17:42:39+00:00</time>
      </trkpt>
      <trkpt lat="45.73427" lon="6.28348">
        <ele>853</ele>
        <time>2025-05-30T17:42:42+00:00</time>
      </trkpt>
      <trkpt lat="45.73423" lon="6.28349">
        <ele>853</ele>
        <time>2025-05-30T17:42:45+00:00</time>
      </trkpt>
      <trkpt lat="45.73411" lon="6.28352">
        <ele>846</ele>
        <time>2025-05-30T17:42:48+00:00</time>
      </trkpt>
      <trkpt lat="45.73397" lon="6.28362">
        <ele>845</ele>
        <time>2025-05-30T17:42:51+00:00</time>
      </trkpt>
      <trkpt lat="45.73387" lon="6.28366">
        <ele>848</ele>
        <time>2025-05-30T17:42:54+00:00</time>
      </trkpt>
      <trkpt lat="45.73376" lon="6.28372">
        <ele>842</ele>
        <time>2025-05-30T17:42:57+00:00</time>
      </trkpt>
      <trkpt lat="45.73371" lon="6.28383">
        <ele>839</ele>
        <time>2025-05-30T17:43:00+00:00</time>
      </trkpt>
      <trkpt lat="45.73381" lon="6.28382">
        <ele>839</ele>
        <time>2025-05-30T17:43:03+00:00</time>
      </trkpt>
      <trkpt lat="45.73394" lon="6.28377">
        <ele>841</ele>
        <time>2025-05-30T17:43:06+00:00</time>
      </trkpt>
      <trkpt lat="45.7341" lon="6.28374">
        <ele>838</ele>
        <time>2025-05-30T17:43:09+00:00</time>
      </trkpt>
      <trkpt lat="45.73419" lon="6.28371">
        <ele>835</ele>
        <time>2025-05-30T17:43:12+00:00</time>
      </trkpt>
      <trkpt lat="45.73429" lon="6.28364">
        <ele>838</ele>
        <time>2025-05-30T17:43:15+00:00</time>
      </trkpt>
      <trkpt lat="45.73439" lon="6.28358">
        <ele>841</ele>
        <time>2025-05-30T17:43:18+00:00</time>
      </trkpt>
      <trkpt lat="45.73449" lon="6.28354">
        <ele>838</ele>
        <time>2025-05-30T17:43:21+00:00</time>
      </trkpt>
      <trkpt lat="45.73459" lon="6.28351">
        <ele>834</ele>
        <time>2025-05-30T17:43:24+00:00</time>
      </trkpt>
      <trkpt lat="45.73464" lon="6.28339">
        <ele>836</ele>
        <time>2025-05-30T17:43:27+00:00</time>
      </trkpt>
      <trkpt lat="45.73474" lon="6.28338">
        <ele>842</ele>
        <time>2025-05-30T17:43:30+00:00</time>
      </trkpt>
      <trkpt lat="45.73483" lon="6.28333">
        <ele>834</ele>
        <time>2025-05-30T17:43:33+00:00</time>
      </trkpt>
      <trkpt lat="45.73493" lon="6.2833">
        <ele>834</ele>
        <time>2025-05-30T17:43:36+00:00</time>
      </trkpt>
      <trkpt lat="45.73514" lon="6.28319">
        <ele>827</ele>
        <time>2025-05-30T17:43:39+00:00</time>
      </trkpt>
      <trkpt lat="45.73531" lon="6.28309">
        <ele>821</ele>
        <time>2025-05-30T17:43:42+00:00</time>
      </trkpt>
      <trkpt lat="45.7354" lon="6.283">
        <ele>821</ele>
        <time>2025-05-30T17:43:45+00:00</time>
      </trkpt>
      <trkpt lat="45.73559" lon="6.28287">
        <ele>816</ele>
        <time>2025-05-30T17:43:48+00:00</time>
      </trkpt>
      <trkpt lat="45.73568" lon="6.28284">
        <ele>813</ele>
        <time>2025-05-30T17:43:51+00:00</time>
      </trkpt>
      <trkpt lat="45.73578" lon="6.28284">
        <ele>813</ele>
        <time>2025-05-30T17:43:54+00:00</time>
      </trkpt>
      <trkpt lat="45.73585" lon="6.28274">
        <ele>809</ele>
        <time>2025-05-30T17:43:57+00:00</time>
      </trkpt>
      <trkpt lat="45.73607" lon="6.28254">
        <ele>810</ele>
        <time>2025-05-30T17:44:00+00:00</time>
      </trkpt>
      <trkpt lat="45.73621" lon="6.28246">
        <ele>804</ele>
        <time>2025-05-30T17:44:03+00:00</time>
      </trkpt>
      <trkpt lat="45.73635" lon="6.28233">
        <ele>809</ele>
        <time>2025-05-30T17:44:06+00:00</time>
      </trkpt>
      <trkpt lat="45.73643" lon="6.28224">
        <ele>809</ele>
        <time>2025-05-30T17:44:09+00:00</time>
      </trkpt>
      <trkpt lat="45.73651" lon="6.28212">
        <ele>808</ele>
        <time>2025-05-30T17:44:12+00:00</time>
      </trkpt>
      <trkpt lat="45.73657" lon="6.28204">
        <ele>811</ele>
        <time>2025-05-30T17:44:15+00:00</time>
      </trkpt>
      <trkpt lat="45.73674" lon="6.28185">
        <ele>804</ele>
        <time>2025-05-30T17:44:18+00:00</time>
      </trkpt>
      <trkpt lat="45.73683" lon="6.28177">
        <ele>806</ele>
        <time>2025-05-30T17:44:21+00:00</time>
      </trkpt>
      <trkpt lat="45.73692" lon="6.28171">
        <ele>804</ele>
        <time>2025-05-30T17:44:24+00:00</time>
      </trkpt>
      <trkpt lat="45.73713" lon="6.28163">
        <ele>803</ele>
        <time>2025-05-30T17:44:27+00:00</time>
      </trkpt>
      <trkpt lat="45.73721" lon="6.28156">
        <ele>805</ele>
        <time>2025-05-30T17:44:30+00:00</time>
      </trkpt>
      <trkpt lat="45.73729" lon="6.28148">
        <ele>808</ele>
        <time>2025-05-30T17:44:33+00:00</time>
      </trkpt>
      <trkpt lat="45.73743" lon="6.28137">
        <ele>803</ele>
        <time>2025-05-30T17:44:36+00:00</time>
      </trkpt>
      <trkpt lat="45.73752" lon="6.28127">
        <ele>802</ele>
        <time>2025-05-30T17:44:39+00:00</time>
      </trkpt>
      <trkpt lat="45.73755" lon="6.28122">
        <ele>802</ele>
        <time>2025-05-30T17:44:42+00:00</time>
      </trkpt>
      <trkpt lat="45.73763" lon="6.28115">
        <ele>802</ele>
        <time>2025-05-30T17:44:45+00:00</time>
      </trkpt>
      <trkpt lat="45.73771" lon="6.28102">
        <ele>801</ele>
        <time>2025-05-30T17:44:48+00:00</time>
      </trkpt>
      <trkpt lat="45.73784" lon="6.28087">
        <ele>802</ele>
        <time>2025-05-30T17:44:51+00:00</time>
      </trkpt>
      <trkpt lat="45.738" lon="6.28071">
        <ele>799</ele>
        <time>2025-05-30T17:44:54+00:00</time>
      </trkpt>
      <trkpt lat="45.73821" lon="6.28049">
        <ele>797</ele>
        <time>2025-05-30T17:44:57+00:00</time>
      </trkpt>
      <trkpt lat="45.73826" lon="6.28046">
        <ele>797</ele>
        <time>2025-05-30T17:45:00+00:00</time>
      </trkpt>
      <trkpt lat="45.73839" lon="6.28022">
        <ele>797</ele>
        <time>2025-05-30T17:45:03+00:00</time>
      </trkpt>
      <trkpt lat="45.73847" lon="6.28014">
        <ele>797</ele>
        <time>2025-05-30T17:45:06+00:00</time>
      </trkpt>
      <trkpt lat="45.7386" lon="6.28006">
        <ele>794</ele>
        <time>2025-05-30T17:45:09+00:00</time>
      </trkpt>
      <trkpt lat="45.73875" lon="6.27993">
        <ele>790</ele>
        <time>2025-05-30T17:45:12+00:00</time>
      </trkpt>
      <trkpt lat="45.73891" lon="6.27987">
        <ele>793</ele>
        <time>2025-05-30T17:45:15+00:00</time>
      </trkpt>
      <trkpt lat="45.73902" lon="6.27981">
        <ele>790</ele>
        <time>2025-05-30T17:45:18+00:00</time>
      </trkpt>
      <trkpt lat="45.73911" lon="6.27974">
        <ele>795</ele>
        <time>2025-05-30T17:45:21+00:00</time>
      </trkpt>
      <trkpt lat="45.7393" lon="6.27959">
        <ele>797</ele>
        <time>2025-05-30T17:45:24+00:00</time>
      </trkpt>
      <trkpt lat="45.7394" lon="6.27949">
        <ele>804</ele>
        <time>2025-05-30T17:45:27+00:00</time>
      </trkpt>
      <trkpt lat="45.73947" lon="6.27944">
        <ele>804</ele>
        <time>2025-05-30T17:45:30+00:00</time>
      </trkpt>
      <trkpt lat="45.7396" lon="6.27937">
        <ele>809</ele>
        <time>2025-05-30T17:45:33+00:00</time>
      </trkpt>
      <trkpt lat="45.73976" lon="6.27927">
        <ele>808</ele>
        <time>2025-05-30T17:45:36+00:00</time>
      </trkpt>
      <trkpt lat="45.73988" lon="6.27916">
        <ele>820</ele>
        <time>2025-05-30T17:45:39+00:00</time>
      </trkpt>
      <trkpt lat="45.74003" lon="6.27906">
        <ele>809</ele>
        <time>2025-05-30T17:45:42+00:00</time>
      </trkpt>
      <trkpt lat="45.7402" lon="6.27885">
        <ele>810</ele>
        <time>2025-05-30T17:45:45+00:00</time>
      </trkpt>
      <trkpt lat="45.7403" lon="6.27879">
        <ele>806</ele>
        <time>2025-05-30T17:45:48+00:00</time>
      </trkpt>
      <trkpt lat="45.74045" lon="6.27869">
        <ele>810</ele>
        <time>2025-05-30T17:45:51+00:00</time>
      </trkpt>
      <trkpt lat="45.74057" lon="6.27858">
        <ele>811</ele>
        <time>2025-05-30T17:45:54+00:00</time>
      </trkpt>
      <trkpt lat="45.74067" lon="6.27851">
        <ele>807</ele>
        <time>2025-05-30T17:45:57+00:00</time>
      </trkpt>
      <trkpt lat="45.74075" lon="6.27842">
        <ele>806</ele>
        <time>2025-05-30T17:46:00+00:00</time>
      </trkpt>
      <trkpt lat="45.74094" lon="6.27825">
        <ele>806</ele>
        <time>2025-05-30T17:46:03+00:00</time>
      </trkpt>
      <trkpt lat="45.74099" lon="6.27812">
        <ele>805</ele>
        <time>2025-05-30T17:46:06+00:00</time>
      </trkpt>
      <trkpt lat="45.741" lon="6.27798">
        <ele>806</ele>
        <time>2025-05-30T17:46:09+00:00</time>
      </trkpt>
      <trkpt lat="45.74099" lon="6.27783">
        <ele>811</ele>
        <time>2025-05-30T17:46:12+00:00</time>
      </trkpt>
      <trkpt lat="45.74096" lon="6.2777">
        <ele>806</ele>
        <time>2025-05-30T17:46:15+00:00</time>
      </trkpt>
      <trkpt lat="45.74095" lon="6.27756">
        <ele>808</ele>
        <time>2025-05-30T17:46:18+00:00</time>
      </trkpt>
      <trkpt lat="45.74095" lon="6.27731">
        <ele>806</ele>
        <time>2025-05-30T17:46:21+00:00</time>
      </trkpt>
      <trkpt lat="45.74094" lon="6.27713">
        <ele>806</ele>
        <time>2025-05-30T17:46:24+00:00</time>
      </trkpt>
      <trkpt lat="45.74087" lon="6.27703">
        <ele>813</ele>
        <time>2025-05-30T17:46:27+00:00</time>
      </trkpt>
      <trkpt lat="45.74078" lon="6.27674">
        <ele>811</ele>
        <time>2025-05-30T17:46:30+00:00</time>
      </trkpt>
      <trkpt lat="45.74076" lon="6.27661">
        <ele>812</ele>
        <time>2025-05-30T17:46:33+00:00</time>
      </trkpt>
      <trkpt lat="45.74073" lon="6.27648">
        <ele>809</ele>
        <time>2025-05-30T17:46:36+00:00</time>
      </trkpt>
      <trkpt lat="45.74066" lon="6.27607">
        <ele>805</ele>
        <time>2025-05-30T17:46:39+00:00</time>
      </trkpt>
      <trkpt lat="45.74063" lon="6.27594">
        <ele>802</ele>
        <time>2025-05-30T17:46:42+00:00</time>
      </trkpt>
      <trkpt lat="45.74058" lon="6.27583">
        <ele>806</ele>
        <time>2025-05-30T17:46:45+00:00</time>
      </trkpt>
      <trkpt lat="45.74051" lon="6.2757">
        <ele>808</ele>
        <time>2025-05-30T17:46:48+00:00</time>
      </trkpt>
      <trkpt lat="45.74045" lon="6.27559">
        <ele>806</ele>
        <time>2025-05-30T17:46:51+00:00</time>
      </trkpt>
      <trkpt lat="45.74037" lon="6.27551">
        <ele>812</ele>
        <time>2025-05-30T17:46:54+00:00</time>
      </trkpt>
      <trkpt lat="45.74025" lon="6.27536">
        <ele>819</ele>
        <time>2025-05-30T17:46:57+00:00</time>
      </trkpt>
      <trkpt lat="45.7401" lon="6.27513">
        <ele>828</ele>
        <time>2025-05-30T17:47:00+00:00</time>
      </trkpt>
      <trkpt lat="45.73997" lon="6.27499">
        <ele>830</ele>
        <time>2025-05-30T17:47:03+00:00</time>
      </trkpt>
      <trkpt lat="45.73993" lon="6.27485">
        <ele>828</ele>
        <time>2025-05-30T17:47:06+00:00</time>
      </trkpt>
      <trkpt lat="45.73992" lon="6.27472">
        <ele>826</ele>
        <time>2025-05-30T17:47:09+00:00</time>
      </trkpt>
      <trkpt lat="45.73987" lon="6.27458">
        <ele>828</ele>
        <time>2025-05-30T17:47:12+00:00</time>
      </trkpt>
      <trkpt lat="45.73991" lon="6.27443">
        <ele>817</ele>
        <time>2025-05-30T17:47:15+00:00</time>
      </trkpt>
      <trkpt lat="45.73993" lon="6.27414">
        <ele>824</ele>
        <time>2025-05-30T17:47:18+00:00</time>
      </trkpt>
      <trkpt lat="45.73996" lon="6.27392">
        <ele>820</ele>
        <time>2025-05-30T17:47:21+00:00</time>
      </trkpt>
      <trkpt lat="45.73999" lon="6.27386">
        <ele>821</ele>
        <time>2025-05-30T17:47:24+00:00</time>
      </trkpt>
      <trkpt lat="45.74005" lon="6.27374">
        <ele>816</ele>
        <time>2025-05-30T17:47:27+00:00</time>
      </trkpt>
      <trkpt lat="45.74004" lon="6.27337">
        <ele>816</ele>
        <time>2025-05-30T17:47:30+00:00</time>
      </trkpt>
      <trkpt lat="45.74005" lon="6.27326">
        <ele>816</ele>
        <time>2025-05-30T17:47:33+00:00</time>
      </trkpt>
      <trkpt lat="45.7401" lon="6.27301">
        <ele>816</ele>
        <time>2025-05-30T17:47:36+00:00</time>
      </trkpt>
      <trkpt lat="45.7401" lon="6.27283">
        <ele>812</ele>
        <time>2025-05-30T17:47:39+00:00</time>
      </trkpt>
      <trkpt lat="45.74015" lon="6.2727">
        <ele>812</ele>
        <time>2025-05-30T17:47:42+00:00</time>
      </trkpt>
      <trkpt lat="45.74022" lon="6.27247">
        <ele>811</ele>
        <time>2025-05-30T17:47:45+00:00</time>
      </trkpt>
      <trkpt lat="45.74029" lon="6.27222">
        <ele>812</ele>
        <time>2025-05-30T17:47:48+00:00</time>
      </trkpt>
      <trkpt lat="45.74035" lon="6.27193">
        <ele>808</ele>
        <time>2025-05-30T17:47:51+00:00</time>
      </trkpt>
      <trkpt lat="45.7404" lon="6.27178">
        <ele>809</ele>
        <time>2025-05-30T17:47:54+00:00</time>
      </trkpt>
      <trkpt lat="45.74041" lon="6.27174">
        <ele>805</ele>
        <time>2025-05-30T17:47:57+00:00</time>
      </trkpt>
      <trkpt lat="45.74042" lon="6.27168">
        <ele>808</ele>
        <time>2025-05-30T17:48:00+00:00</time>
      </trkpt>
      <trkpt lat="45.74041" lon="6.27162">
        <ele>805</ele>
        <time>2025-05-30T17:48:03+00:00</time>
      </trkpt>
      <trkpt lat="45.74048" lon="6.2713">
        <ele>808</ele>
        <time>2025-05-30T17:48:06+00:00</time>
      </trkpt>
      <trkpt lat="45.74049" lon="6.27114">
        <ele>809</ele>
        <time>2025-05-30T17:48:09+00:00</time>
      </trkpt>
      <trkpt lat="45.74047" lon="6.27101">
        <ele>807</ele>
        <time>2025-05-30T17:48:12+00:00</time>
      </trkpt>
      <trkpt lat="45.74049" lon="6.27082">
        <ele>812</ele>
        <time>2025-05-30T17:48:15+00:00</time>
      </trkpt>
      <trkpt lat="45.7405" lon="6.27056">
        <ele>806</ele>
        <time>2025-05-30T17:48:18+00:00</time>
      </trkpt>
      <trkpt lat="45.74044" lon="6.27046">
        <ele>810</ele>
        <time>2025-05-30T17:48:21+00:00</time>
      </trkpt>
      <trkpt lat="45.74043" lon="6.27033">
        <ele>808</ele>
        <time>2025-05-30T17:48:24+00:00</time>
      </trkpt>
      <trkpt lat="45.74039" lon="6.27019">
        <ele>806</ele>
        <time>2025-05-30T17:48:27+00:00</time>
      </trkpt>
      <trkpt lat="45.74027" lon="6.26991">
        <ele>806</ele>
        <time>2025-05-30T17:48:30+00:00</time>
      </trkpt>
      <trkpt lat="45.74021" lon="6.2698">
        <ele>803</ele>
        <time>2025-05-30T17:48:33+00:00</time>
      </trkpt>
      <trkpt lat="45.74022" lon="6.26967">
        <ele>795</ele>
        <time>2025-05-30T17:48:36+00:00</time>
      </trkpt>
      <trkpt lat="45.74021" lon="6.26951">
        <ele>790</ele>
        <time>2025-05-30T17:48:39+00:00</time>
      </trkpt>
      <trkpt lat="45.74018" lon="6.26939">
        <ele>786</ele>
        <time>2025-05-30T17:48:42+00:00</time>
      </trkpt>
      <trkpt lat="45.74011" lon="6.26925">
        <ele>783</ele>
        <time>2025-05-30T17:48:45+00:00</time>
      </trkpt>
      <trkpt lat="45.73991" lon="6.26888">
        <ele>786</ele>
        <time>2025-05-30T17:48:48+00:00</time>
      </trkpt>
      <trkpt lat="45.73984" lon="6.26851">
        <ele>786</ele>
        <time>2025-05-30T17:48:51+00:00</time>
      </trkpt>
      <trkpt lat="45.73984" lon="6.26844">
        <ele>785</ele>
        <time>2025-05-30T17:48:54+00:00</time>
      </trkpt>
      <trkpt lat="45.73988" lon="6.26827">
        <ele>784</ele>
        <time>2025-05-30T17:48:57+00:00</time>
      </trkpt>
      <trkpt lat="45.73989" lon="6.26822">
        <ele>784</ele>
        <time>2025-05-30T17:49:00+00:00</time>
      </trkpt>
      <trkpt lat="45.73993" lon="6.26813">
        <ele>782</ele>
        <time>2025-05-30T17:49:03+00:00</time>
      </trkpt>
      <trkpt lat="45.73998" lon="6.26802">
        <ele>782</ele>
        <time>2025-05-30T17:49:06+00:00</time>
      </trkpt>
      <trkpt lat="45.74003" lon="6.26789">
        <ele>782</ele>
        <time>2025-05-30T17:49:09+00:00</time>
      </trkpt>
      <trkpt lat="45.73995" lon="6.26782">
        <ele>781</ele>
        <time>2025-05-30T17:49:12+00:00</time>
      </trkpt>
      <trkpt lat="45.73995" lon="6.26767">
        <ele>780</ele>
        <time>2025-05-30T17:49:15+00:00</time>
      </trkpt>
      <trkpt lat="45.73999" lon="6.26753">
        <ele>780</ele>
        <time>2025-05-30T17:49:18+00:00</time>
      </trkpt>
      <trkpt lat="45.74008" lon="6.26727">
        <ele>776</ele>
        <time>2025-05-30T17:49:21+00:00</time>
      </trkpt>
      <trkpt lat="45.74009" lon="6.2671">
        <ele>776</ele>
        <time>2025-05-30T17:49:24+00:00</time>
      </trkpt>
      <trkpt lat="45.74011" lon="6.26696">
        <ele>773</ele>
        <time>2025-05-30T17:49:27+00:00</time>
      </trkpt>
      <trkpt lat="45.74023" lon="6.26679">
        <ele>770</ele>
        <time>2025-05-30T17:49:30+00:00</time>
      </trkpt>
      <trkpt lat="45.74027" lon="6.26675">
        <ele>770</ele>
        <time>2025-05-30T17:49:33+00:00</time>
      </trkpt>
      <trkpt lat="45.74042" lon="6.26657">
        <ele>763</ele>
        <time>2025-05-30T17:49:36+00:00</time>
      </trkpt>
      <trkpt lat="45.74062" lon="6.2664">
        <ele>760</ele>
        <time>2025-05-30T17:49:39+00:00</time>
      </trkpt>
      <trkpt lat="45.74068" lon="6.26634">
        <ele>760</ele>
        <time>2025-05-30T17:49:42+00:00</time>
      </trkpt>
      <trkpt lat="45.74075" lon="6.26625">
        <ele>759</ele>
        <time>2025-05-30T17:49:45+00:00</time>
      </trkpt>
      <trkpt lat="45.74084" lon="6.26617">
        <ele>757</ele>
        <time>2025-05-30T17:49:48+00:00</time>
      </trkpt>
      <trkpt lat="45.741" lon="6.26594">
        <ele>752</ele>
        <time>2025-05-30T17:49:51+00:00</time>
      </trkpt>
      <trkpt lat="45.74108" lon="6.26589">
        <ele>750</ele>
        <time>2025-05-30T17:49:54+00:00</time>
      </trkpt>
      <trkpt lat="45.74118" lon="6.26586">
        <ele>750</ele>
        <time>2025-05-30T17:49:57+00:00</time>
      </trkpt>
      <trkpt lat="45.74126" lon="6.26581">
        <ele>750</ele>
        <time>2025-05-30T17:50:00+00:00</time>
      </trkpt>
      <trkpt lat="45.74138" lon="6.26577">
        <ele>749</ele>
        <time>2025-05-30T17:50:03+00:00</time>
      </trkpt>
      <trkpt lat="45.74146" lon="6.26579">
        <ele>749</ele>
        <time>2025-05-30T17:50:06+00:00</time>
      </trkpt>
      <trkpt lat="45.74153" lon="6.26588">
        <ele>750</ele>
        <time>2025-05-30T17:50:09+00:00</time>
      </trkpt>
      <trkpt lat="45.74162" lon="6.26594">
        <ele>749</ele>
        <time>2025-05-30T17:50:12+00:00</time>
      </trkpt>
      <trkpt lat="45.74162" lon="6.26608">
        <ele>749</ele>
        <time>2025-05-30T17:50:15+00:00</time>
      </trkpt>
      <trkpt lat="45.74158" lon="6.26625">
        <ele>749</ele>
        <time>2025-05-30T17:50:18+00:00</time>
      </trkpt>
      <trkpt lat="45.74158" lon="6.26639">
        <ele>749</ele>
        <time>2025-05-30T17:50:21+00:00</time>
      </trkpt>
      <trkpt lat="45.74157" lon="6.26642">
        <ele>748</ele>
        <time>2025-05-30T17:50:24+00:00</time>
      </trkpt>
      <trkpt lat="45.74154" lon="6.26652">
        <ele>748</ele>
        <time>2025-05-30T17:50:27+00:00</time>
      </trkpt>
      <trkpt lat="45.74148" lon="6.26663">
        <ele>748</ele>
        <time>2025-05-30T17:50:30+00:00</time>
      </trkpt>
      <trkpt lat="45.74142" lon="6.26677">
        <ele>748</ele>
        <time>2025-05-30T17:50:33+00:00</time>
      </trkpt>
      <trkpt lat="45.74139" lon="6.26691">
        <ele>748</ele>
        <time>2025-05-30T17:50:36+00:00</time>
      </trkpt>
      <trkpt lat="45.74132" lon="6.26703">
        <ele>747</ele>
        <time>2025-05-30T17:50:39+00:00</time>
      </trkpt>
      <trkpt lat="45.74127" lon="6.26715">
        <ele>747</ele>
        <time>2025-05-30T17:50:42+00:00</time>
      </trkpt>
      <trkpt lat="45.74128" lon="6.26728">
        <ele>746</ele>
        <time>2025-05-30T17:50:45+00:00</time>
      </trkpt>
      <trkpt lat="45.74131" lon="6.26741">
        <ele>743</ele>
        <time>2025-05-30T17:50:48+00:00</time>
      </trkpt>
      <trkpt lat="45.74133" lon="6.26754">
        <ele>741</ele>
        <time>2025-05-30T17:50:51+00:00</time>
      </trkpt>
      <trkpt lat="45.74131" lon="6.26767">
        <ele>741</ele>
        <time>2025-05-30T17:50:54+00:00</time>
      </trkpt>
      <trkpt lat="45.7413" lon="6.26782">
        <ele>741</ele>
        <time>2025-05-30T17:50:57+00:00</time>
      </trkpt>
      <trkpt lat="45.74126" lon="6.26803">
        <ele>741</ele>
        <time>2025-05-30T17:51:00+00:00</time>
      </trkpt>
      <trkpt lat="45.74124" lon="6.26809">
        <ele>741</ele>
        <time>2025-05-30T17:51:03+00:00</time>
      </trkpt>
      <trkpt lat="45.74122" lon="6.26822">
        <ele>739</ele>
        <time>2025-05-30T17:51:06+00:00</time>
      </trkpt>
      <trkpt lat="45.7412" lon="6.26835">
        <ele>741</ele>
        <time>2025-05-30T17:51:09+00:00</time>
      </trkpt>
      <trkpt lat="45.74123" lon="6.26849">
        <ele>736</ele>
        <time>2025-05-30T17:51:12+00:00</time>
      </trkpt>
      <trkpt lat="45.7413" lon="6.26861">
        <ele>738</ele>
        <time>2025-05-30T17:51:15+00:00</time>
      </trkpt>
      <trkpt lat="45.74138" lon="6.26868">
        <ele>735</ele>
        <time>2025-05-30T17:51:18+00:00</time>
      </trkpt>
      <trkpt lat="45.74143" lon="6.2688">
        <ele>733</ele>
        <time>2025-05-30T17:51:21+00:00</time>
      </trkpt>
      <trkpt lat="45.74151" lon="6.26892">
        <ele>727</ele>
        <time>2025-05-30T17:51:24+00:00</time>
      </trkpt>
      <trkpt lat="45.74163" lon="6.26906">
        <ele>724</ele>
        <time>2025-05-30T17:51:27+00:00</time>
      </trkpt>
      <trkpt lat="45.74165" lon="6.26912">
        <ele>723</ele>
        <time>2025-05-30T17:51:30+00:00</time>
      </trkpt>
      <trkpt lat="45.74173" lon="6.26923">
        <ele>719</ele>
        <time>2025-05-30T17:51:33+00:00</time>
      </trkpt>
      <trkpt lat="45.74173" lon="6.26938">
        <ele>717</ele>
        <time>2025-05-30T17:51:36+00:00</time>
      </trkpt>
      <trkpt lat="45.74178" lon="6.26949">
        <ele>717</ele>
        <time>2025-05-30T17:51:39+00:00</time>
      </trkpt>
      <trkpt lat="45.74184" lon="6.26961">
        <ele>712</ele>
        <time>2025-05-30T17:51:42+00:00</time>
      </trkpt>
      <trkpt lat="45.74192" lon="6.26973">
        <ele>709</ele>
        <time>2025-05-30T17:51:45+00:00</time>
      </trkpt>
      <trkpt lat="45.74203" lon="6.26998">
        <ele>706</ele>
        <time>2025-05-30T17:51:48+00:00</time>
      </trkpt>
      <trkpt lat="45.74219" lon="6.27022">
        <ele>701</ele>
        <time>2025-05-30T17:51:51+00:00</time>
      </trkpt>
      <trkpt lat="45.74221" lon="6.27034">
        <ele>697</ele>
        <time>2025-05-30T17:51:54+00:00</time>
      </trkpt>
      <trkpt lat="45.74229" lon="6.27047">
        <ele>697</ele>
        <time>2025-05-30T17:51:57+00:00</time>
      </trkpt>
      <trkpt lat="45.74237" lon="6.27058">
        <ele>693</ele>
        <time>2025-05-30T17:52:00+00:00</time>
      </trkpt>
      <trkpt lat="45.74248" lon="6.27075">
        <ele>689</ele>
        <time>2025-05-30T17:52:03+00:00</time>
      </trkpt>
      <trkpt lat="45.74251" lon="6.27081">
        <ele>688</ele>
        <time>2025-05-30T17:52:06+00:00</time>
      </trkpt>
      <trkpt lat="45.74258" lon="6.27093">
        <ele>689</ele>
        <time>2025-05-30T17:52:09+00:00</time>
      </trkpt>
      <trkpt lat="45.74267" lon="6.27105">
        <ele>683</ele>
        <time>2025-05-30T17:52:12+00:00</time>
      </trkpt>
      <trkpt lat="45.74273" lon="6.27117">
        <ele>673</ele>
        <time>2025-05-30T17:52:15+00:00</time>
      </trkpt>
      <trkpt lat="45.74278" lon="6.2713">
        <ele>683</ele>
        <time>2025-05-30T17:52:18+00:00</time>
      </trkpt>
      <trkpt lat="45.74282" lon="6.27145">
        <ele>678</ele>
        <time>2025-05-30T17:52:21+00:00</time>
      </trkpt>
      <trkpt lat="45.74293" lon="6.27171">
        <ele>683</ele>
        <time>2025-05-30T17:52:24+00:00</time>
      </trkpt>
      <trkpt lat="45.74297" lon="6.27185">
        <ele>688</ele>
        <time>2025-05-30T17:52:27+00:00</time>
      </trkpt>
      <trkpt lat="45.74304" lon="6.27214">
        <ele>683</ele>
        <time>2025-05-30T17:52:30+00:00</time>
      </trkpt>
      <trkpt lat="45.74312" lon="6.27223">
        <ele>686</ele>
        <time>2025-05-30T17:52:33+00:00</time>
      </trkpt>
      <trkpt lat="45.74323" lon="6.2724">
        <ele>683</ele>
        <time>2025-05-30T17:52:36+00:00</time>
      </trkpt>
      <trkpt lat="45.74336" lon="6.27256">
        <ele>676</ele>
        <time>2025-05-30T17:52:39+00:00</time>
      </trkpt>
      <trkpt lat="45.74343" lon="6.2726">
        <ele>673</ele>
        <time>2025-05-30T17:52:42+00:00</time>
      </trkpt>
      <trkpt lat="45.74351" lon="6.27254">
        <ele>667</ele>
        <time>2025-05-30T17:52:45+00:00</time>
      </trkpt>
      <trkpt lat="45.74361" lon="6.27255">
        <ele>662</ele>
        <time>2025-05-30T17:52:48+00:00</time>
      </trkpt>
      <trkpt lat="45.74375" lon="6.27273">
        <ele>661</ele>
        <time>2025-05-30T17:52:51+00:00</time>
      </trkpt>
      <trkpt lat="45.74385" lon="6.27276">
        <ele>657</ele>
        <time>2025-05-30T17:52:54+00:00</time>
      </trkpt>
      <trkpt lat="45.74396" lon="6.27296">
        <ele>650</ele>
        <time>2025-05-30T17:52:57+00:00</time>
      </trkpt>
      <trkpt lat="45.744" lon="6.27308">
        <ele>646</ele>
        <time>2025-05-30T17:53:00+00:00</time>
      </trkpt>
      <trkpt lat="45.74402" lon="6.27327">
        <ele>643</ele>
        <time>2025-05-30T17:53:03+00:00</time>
      </trkpt>
      <trkpt lat="45.74404" lon="6.27368">
        <ele>641</ele>
        <time>2025-05-30T17:53:06+00:00</time>
      </trkpt>
      <trkpt lat="45.7441" lon="6.27396">
        <ele>639</ele>
        <time>2025-05-30T17:53:09+00:00</time>
      </trkpt>
      <trkpt lat="45.74422" lon="6.2743">
        <ele>631</ele>
        <time>2025-05-30T17:53:12+00:00</time>
      </trkpt>
      <trkpt lat="45.74433" lon="6.27451">
        <ele>627</ele>
        <time>2025-05-30T17:53:15+00:00</time>
      </trkpt>
      <trkpt lat="45.74437" lon="6.27462">
        <ele>628</ele>
        <time>2025-05-30T17:53:18+00:00</time>
      </trkpt>
      <trkpt lat="45.74451" lon="6.27485">
        <ele>619</ele>
        <time>2025-05-30T17:53:21+00:00</time>
      </trkpt>
      <trkpt lat="45.74457" lon="6.27492">
        <ele>619</ele>
        <time>2025-05-30T17:53:24+00:00</time>
      </trkpt>
      <trkpt lat="45.74464" lon="6.27503">
        <ele>617</ele>
        <time>2025-05-30T17:53:27+00:00</time>
      </trkpt>
      <trkpt lat="45.74468" lon="6.27517">
        <ele>617</ele>
        <time>2025-05-30T17:53:30+00:00</time>
      </trkpt>
      <trkpt lat="45.74472" lon="6.2753">
        <ele>613</ele>
        <time>2025-05-30T17:53:33+00:00</time>
      </trkpt>
      <trkpt lat="45.74466" lon="6.27543">
        <ele>615</ele>
        <time>2025-05-30T17:53:36+00:00</time>
      </trkpt>
      <trkpt lat="45.74465" lon="6.27585">
        <ele>614</ele>
        <time>2025-05-30T17:53:39+00:00</time>
      </trkpt>
      <trkpt lat="45.74463" lon="6.27599">
        <ele>611</ele>
        <time>2025-05-30T17:53:42+00:00</time>
      </trkpt>
      <trkpt lat="45.74464" lon="6.27613">
        <ele>614</ele>
        <time>2025-05-30T17:53:45+00:00</time>
      </trkpt>
      <trkpt lat="45.7447" lon="6.27624">
        <ele>615</ele>
        <time>2025-05-30T17:53:48+00:00</time>
      </trkpt>
      <trkpt lat="45.74473" lon="6.27639">
        <ele>613</ele>
        <time>2025-05-30T17:53:51+00:00</time>
      </trkpt>
      <trkpt lat="45.74481" lon="6.27663">
        <ele>612</ele>
        <time>2025-05-30T17:53:54+00:00</time>
      </trkpt>
      <trkpt lat="45.74494" lon="6.27685">
        <ele>612</ele>
        <time>2025-05-30T17:53:57+00:00</time>
      </trkpt>
      <trkpt lat="45.74498" lon="6.27697">
        <ele>612</ele>
        <time>2025-05-30T17:54:00+00:00</time>
      </trkpt>
      <trkpt lat="45.74503" lon="6.2771">
        <ele>610</ele>
        <time>2025-05-30T17:54:03+00:00</time>
      </trkpt>
      <trkpt lat="45.74511" lon="6.27722">
        <ele>607</ele>
        <time>2025-05-30T17:54:06+00:00</time>
      </trkpt>
      <trkpt lat="45.74511" lon="6.27736">
        <ele>610</ele>
        <time>2025-05-30T17:54:09+00:00</time>
      </trkpt>
      <trkpt lat="45.74514" lon="6.27749">
        <ele>608</ele>
        <time>2025-05-30T17:54:12+00:00</time>
      </trkpt>
      <trkpt lat="45.7452" lon="6.27763">
        <ele>610</ele>
        <time>2025-05-30T17:54:15+00:00</time>
      </trkpt>
      <trkpt lat="45.74523" lon="6.27775">
        <ele>607</ele>
        <time>2025-05-30T17:54:18+00:00</time>
      </trkpt>
      <trkpt lat="45.74527" lon="6.27789">
        <ele>607</ele>
        <time>2025-05-30T17:54:21+00:00</time>
      </trkpt>
      <trkpt lat="45.74532" lon="6.27802">
        <ele>605</ele>
        <time>2025-05-30T17:54:24+00:00</time>
      </trkpt>
      <trkpt lat="45.74539" lon="6.27812">
        <ele>606</ele>
        <time>2025-05-30T17:54:27+00:00</time>
      </trkpt>
      <trkpt lat="45.7455" lon="6.27829">
        <ele>604</ele>
        <time>2025-05-30T17:54:30+00:00</time>
      </trkpt>
      <trkpt lat="45.74554" lon="6.27837">
        <ele>604</ele>
        <time>2025-05-30T17:54:33+00:00</time>
      </trkpt>
      <trkpt lat="45.74559" lon="6.27852">
        <ele>606</ele>
        <time>2025-05-30T17:54:36+00:00</time>
      </trkpt>
      <trkpt lat="45.74562" lon="6.27862">
        <ele>603</ele>
        <time>2025-05-30T17:54:39+00:00</time>
      </trkpt>
      <trkpt lat="45.74567" lon="6.27875">
        <ele>606</ele>
        <time>2025-05-30T17:54:42+00:00</time>
      </trkpt>
      <trkpt lat="45.74571" lon="6.27887">
        <ele>595</ele>
        <time>2025-05-30T17:54:45+00:00</time>
      </trkpt>
      <trkpt lat="45.74577" lon="6.2791">
        <ele>598</ele>
        <time>2025-05-30T17:54:48+00:00</time>
      </trkpt>
      <trkpt lat="45.7458" lon="6.27919">
        <ele>597</ele>
        <time>2025-05-30T17:54:51+00:00</time>
      </trkpt>
      <trkpt lat="45.74584" lon="6.27929">
        <ele>594</ele>
        <time>2025-05-30T17:54:54+00:00</time>
      </trkpt>
      <trkpt lat="45.74587" lon="6.27943">
        <ele>599</ele>
        <time>2025-05-30T17:54:57+00:00</time>
      </trkpt>
      <trkpt lat="45.74589" lon="6.27958">
        <ele>600</ele>
        <time>2025-05-30T17:55:00+00:00</time>
      </trkpt>
      <trkpt lat="45.74587" lon="6.27978">
        <ele>600</ele>
        <time>2025-05-30T17:55:03+00:00</time>
      </trkpt>
      <trkpt lat="45.74584" lon="6.27989">
        <ele>600</ele>
        <time>2025-05-30T17:55:06+00:00</time>
      </trkpt>
      <trkpt lat="45.74584" lon="6.28003">
        <ele>597</ele>
        <time>2025-05-30T17:55:09+00:00</time>
      </trkpt>
      <trkpt lat="45.74594" lon="6.28005">
        <ele>594</ele>
        <time>2025-05-30T17:55:12+00:00</time>
      </trkpt>
      <trkpt lat="45.74601" lon="6.27996">
        <ele>592</ele>
        <time>2025-05-30T17:55:15+00:00</time>
      </trkpt>
      <trkpt lat="45.74604" lon="6.27983">
        <ele>591</ele>
        <time>2025-05-30T17:55:18+00:00</time>
      </trkpt>
      <trkpt lat="45.7461" lon="6.27971">
        <ele>589</ele>
        <time>2025-05-30T17:55:21+00:00</time>
      </trkpt>
      <trkpt lat="45.74616" lon="6.2796">
        <ele>587</ele>
        <time>2025-05-30T17:55:24+00:00</time>
      </trkpt>
      <trkpt lat="45.74629" lon="6.27938">
        <ele>587</ele>
        <time>2025-05-30T17:55:27+00:00</time>
      </trkpt>
      <trkpt lat="45.74637" lon="6.27924">
        <ele>581</ele>
        <time>2025-05-30T17:55:30+00:00</time>
      </trkpt>
      <trkpt lat="45.74642" lon="6.27916">
        <ele>585</ele>
        <time>2025-05-30T17:55:33+00:00</time>
      </trkpt>
      <trkpt lat="45.7465" lon="6.27905">
        <ele>585</ele>
        <time>2025-05-30T17:55:36+00:00</time>
      </trkpt>
      <trkpt lat="45.7466" lon="6.27899">
        <ele>584</ele>
        <time>2025-05-30T17:55:39+00:00</time>
      </trkpt>
      <trkpt lat="45.74691" lon="6.27898">
        <ele>584</ele>
        <time>2025-05-30T17:55:42+00:00</time>
      </trkpt>
      <trkpt lat="45.74701" lon="6.27898">
        <ele>581</ele>
        <time>2025-05-30T17:55:45+00:00</time>
      </trkpt>
      <trkpt lat="45.74712" lon="6.27901">
        <ele>584</ele>
        <time>2025-05-30T17:55:48+00:00</time>
      </trkpt>
      <trkpt lat="45.74721" lon="6.27908">
        <ele>583</ele>
        <time>2025-05-30T17:55:51+00:00</time>
      </trkpt>
      <trkpt lat="45.74746" lon="6.27943">
        <ele>580</ele>
        <time>2025-05-30T17:55:54+00:00</time>
      </trkpt>
      <trkpt lat="45.74751" lon="6.27953">
        <ele>576</ele>
        <time>2025-05-30T17:55:57+00:00</time>
      </trkpt>
      <trkpt lat="45.74761" lon="6.27981">
        <ele>574</ele>
        <time>2025-05-30T17:56:00+00:00</time>
      </trkpt>
      <trkpt lat="45.74763" lon="6.27994">
        <ele>573</ele>
        <time>2025-05-30T17:56:03+00:00</time>
      </trkpt>
      <trkpt lat="45.74762" lon="6.28009">
        <ele>572</ele>
        <time>2025-05-30T17:56:06+00:00</time>
      </trkpt>
      <trkpt lat="45.74757" lon="6.28029">
        <ele>571</ele>
        <time>2025-05-30T17:56:09+00:00</time>
      </trkpt>
      <trkpt lat="45.74756" lon="6.28036">
        <ele>570</ele>
        <time>2025-05-30T17:56:12+00:00</time>
      </trkpt>
      <trkpt lat="45.74753" lon="6.28048">
        <ele>569</ele>
        <time>2025-05-30T17:56:15+00:00</time>
      </trkpt>
      <trkpt lat="45.74745" lon="6.28073">
        <ele>568</ele>
        <time>2025-05-30T17:56:18+00:00</time>
      </trkpt>
      <trkpt lat="45.74738" lon="6.28086">
        <ele>568</ele>
        <time>2025-05-30T17:56:21+00:00</time>
      </trkpt>
      <trkpt lat="45.74729" lon="6.28095">
        <ele>568</ele>
        <time>2025-05-30T17:56:24+00:00</time>
      </trkpt>
      <trkpt lat="45.7472" lon="6.28102">
        <ele>567</ele>
        <time>2025-05-30T17:56:27+00:00</time>
      </trkpt>
      <trkpt lat="45.74694" lon="6.28119">
        <ele>563</ele>
        <time>2025-05-30T17:56:30+00:00</time>
      </trkpt>
      <trkpt lat="45.74688" lon="6.28122">
        <ele>560</ele>
        <time>2025-05-30T17:56:33+00:00</time>
      </trkpt>
      <trkpt lat="45.7468" lon="6.28125">
        <ele>560</ele>
        <time>2025-05-30T17:56:36+00:00</time>
      </trkpt>
      <trkpt lat="45.74664" lon="6.28136">
        <ele>557</ele>
        <time>2025-05-30T17:56:39+00:00</time>
      </trkpt>
      <trkpt lat="45.74659" lon="6.28138">
        <ele>558</ele>
        <time>2025-05-30T17:56:42+00:00</time>
      </trkpt>
      <trkpt lat="45.74646" lon="6.28147">
        <ele>556</ele>
        <time>2025-05-30T17:56:45+00:00</time>
      </trkpt>
      <trkpt lat="45.74641" lon="6.2815">
        <ele>551</ele>
        <time>2025-05-30T17:56:48+00:00</time>
      </trkpt>
      <trkpt lat="45.74633" lon="6.28156">
        <ele>553</ele>
        <time>2025-05-30T17:56:51+00:00</time>
      </trkpt>
      <trkpt lat="45.74623" lon="6.28166">
        <ele>551</ele>
        <time>2025-05-30T17:56:54+00:00</time>
      </trkpt>
      <trkpt lat="45.74613" lon="6.28182">
        <ele>546</ele>
        <time>2025-05-30T17:56:57+00:00</time>
      </trkpt>
      <trkpt lat="45.74598" lon="6.28202">
        <ele>544</ele>
        <time>2025-05-30T17:57:00+00:00</time>
      </trkpt>
      <trkpt lat="45.74592" lon="6.28206">
        <ele>544</ele>
        <time>2025-05-30T17:57:03+00:00</time>
      </trkpt>
      <trkpt lat="45.74585" lon="6.28214">
        <ele>541</ele>
        <time>2025-05-30T17:57:06+00:00</time>
      </trkpt>
      <trkpt lat="45.74569" lon="6.28226">
        <ele>541</ele>
        <time>2025-05-30T17:57:09+00:00</time>
      </trkpt>
      <trkpt lat="45.74549" lon="6.2824">
        <ele>539</ele>
        <time>2025-05-30T17:57:12+00:00</time>
      </trkpt>
      <trkpt lat="45.7453" lon="6.28259">
        <ele>538</ele>
        <time>2025-05-30T17:57:15+00:00</time>
      </trkpt>
      <trkpt lat="45.74523" lon="6.28272">
        <ele>533</ele>
        <time>2025-05-30T17:57:18+00:00</time>
      </trkpt>
      <trkpt lat="45.74521" lon="6.28286">
        <ele>531</ele>
        <time>2025-05-30T17:57:21+00:00</time>
      </trkpt>
      <trkpt lat="45.74519" lon="6.28316">
        <ele>528</ele>
        <time>2025-05-30T17:57:24+00:00</time>
      </trkpt>
      <trkpt lat="45.74521" lon="6.2833">
        <ele>524</ele>
        <time>2025-05-30T17:57:27+00:00</time>
      </trkpt>
      <trkpt lat="45.74525" lon="6.28342">
        <ele>524</ele>
        <time>2025-05-30T17:57:30+00:00</time>
      </trkpt>
      <trkpt lat="45.74529" lon="6.28364">
        <ele>521</ele>
        <time>2025-05-30T17:57:33+00:00</time>
      </trkpt>
      <trkpt lat="45.74531" lon="6.2837">
        <ele>518</ele>
        <time>2025-05-30T17:57:36+00:00</time>
      </trkpt>
      <trkpt lat="45.74536" lon="6.28392">
        <ele>518</ele>
        <time>2025-05-30T17:57:39+00:00</time>
      </trkpt>
      <trkpt lat="45.74538" lon="6.28399">
        <ele>518</ele>
        <time>2025-05-30T17:57:42+00:00</time>
      </trkpt>
      <trkpt lat="45.74541" lon="6.28414">
        <ele>516</ele>
        <time>2025-05-30T17:57:45+00:00</time>
      </trkpt>
      <trkpt lat="45.74547" lon="6.28428">
        <ele>516</ele>
        <time>2025-05-30T17:57:48+00:00</time>
      </trkpt>
      <trkpt lat="45.74555" lon="6.2844">
        <ele>515</ele>
        <time>2025-05-30T17:57:51+00:00</time>
      </trkpt>
      <trkpt lat="45.74581" lon="6.28474">
        <ele>515</ele>
        <time>2025-05-30T17:57:54+00:00</time>
      </trkpt>
      <trkpt lat="45.74595" lon="6.28495">
        <ele>515</ele>
        <time>2025-05-30T17:57:57+00:00</time>
      </trkpt>
      <trkpt lat="45.74608" lon="6.28512">
        <ele>515</ele>
        <time>2025-05-30T17:58:00+00:00</time>
      </trkpt>
      <trkpt lat="45.74617" lon="6.28519">
        <ele>515</ele>
        <time>2025-05-30T17:58:03+00:00</time>
      </trkpt>
      <trkpt lat="45.74632" lon="6.28539">
        <ele>515</ele>
        <time>2025-05-30T17:58:06+00:00</time>
      </trkpt>
      <trkpt lat="45.74639" lon="6.28549">
        <ele>515</ele>
        <time>2025-05-30T17:58:09+00:00</time>
      </trkpt>
      <trkpt lat="45.74646" lon="6.28562">
        <ele>515</ele>
        <time>2025-05-30T17:58:12+00:00</time>
      </trkpt>
      <trkpt lat="45.7466" lon="6.28551">
        <ele>514</ele>
        <time>2025-05-30T17:58:15+00:00</time>
      </trkpt>
      <trkpt lat="45.74676" lon="6.28526">
        <ele>513</ele>
        <time>2025-05-30T17:58:18+00:00</time>
      </trkpt>
      <trkpt lat="45.74691" lon="6.28499">
        <ele>513</ele>
        <time>2025-05-30T17:58:21+00:00</time>
      </trkpt>
      <trkpt lat="45.74698" lon="6.28493">
        <ele>513</ele>
        <time>2025-05-30T17:58:24+00:00</time>
      </trkpt>
      <trkpt lat="45.74699" lon="6.28491">
        <ele>513</ele>
        <time>2025-05-30T17:58:27+00:00</time>
      </trkpt>
      <trkpt lat="45.74708" lon="6.2849">
        <ele>513</ele>
        <time>2025-05-30T17:58:30+00:00</time>
      </trkpt>
      <trkpt lat="45.74723" lon="6.28486">
        <ele>513</ele>
        <time>2025-05-30T17:58:33+00:00</time>
      </trkpt>
      <trkpt lat="45.74736" lon="6.28481">
        <ele>512</ele>
        <time>2025-05-30T17:58:36+00:00</time>
      </trkpt>
      <trkpt lat="45.74747" lon="6.28476">
        <ele>512</ele>
        <time>2025-05-30T17:58:39+00:00</time>
      </trkpt>
      <trkpt lat="45.74756" lon="6.28469">
        <ele>512</ele>
        <time>2025-05-30T17:58:42+00:00</time>
      </trkpt>
      <trkpt lat="45.74763" lon="6.28462">
        <ele>512</ele>
        <time>2025-05-30T17:58:45+00:00</time>
      </trkpt>
      <trkpt lat="45.74774" lon="6.28459">
        <ele>512</ele>
        <time>2025-05-30T17:58:48+00:00</time>
      </trkpt>
      <trkpt lat="45.74783" lon="6.28462">
        <ele>512</ele>
        <time>2025-05-30T17:58:51+00:00</time>
      </trkpt>
      <trkpt lat="45.74792" lon="6.28468">
        <ele>512</ele>
        <time>2025-05-30T17:58:54+00:00</time>
      </trkpt>
      <trkpt lat="45.74811" lon="6.28477">
        <ele>511</ele>
        <time>2025-05-30T17:58:57+00:00</time>
      </trkpt>
      <trkpt lat="45.74832" lon="6.2848">
        <ele>511</ele>
        <time>2025-05-30T17:59:00+00:00</time>
      </trkpt>
      <trkpt lat="45.74841" lon="6.28487">
        <ele>510</ele>
        <time>2025-05-30T17:59:03+00:00</time>
      </trkpt>
      <trkpt lat="45.7485" lon="6.28497">
        <ele>510</ele>
        <time>2025-05-30T17:59:06+00:00</time>
      </trkpt>
      <trkpt lat="45.74866" lon="6.28511">
        <ele>509</ele>
        <time>2025-05-30T17:59:09+00:00</time>
      </trkpt>
      <trkpt lat="45.74879" lon="6.28521">
        <ele>509</ele>
        <time>2025-05-30T17:59:12+00:00</time>
      </trkpt>
      <trkpt lat="45.74895" lon="6.28518">
        <ele>509</ele>
        <time>2025-05-30T17:59:15+00:00</time>
      </trkpt>
      <trkpt lat="45.7491" lon="6.28523">
        <ele>508</ele>
        <time>2025-05-30T17:59:18+00:00</time>
      </trkpt>
      <trkpt lat="45.74922" lon="6.28538">
        <ele>508</ele>
        <time>2025-05-30T17:59:21+00:00</time>
      </trkpt>
      <trkpt lat="45.74931" lon="6.28561">
        <ele>508</ele>
        <time>2025-05-30T17:59:24+00:00</time>
      </trkpt>
      <trkpt lat="45.74932" lon="6.28585">
        <ele>508</ele>
        <time>2025-05-30T17:59:27+00:00</time>
      </trkpt>
      <trkpt lat="45.74933" lon="6.28613">
        <ele>508</ele>
        <time>2025-05-30T17:59:30+00:00</time>
      </trkpt>
      <trkpt lat="45.74932" lon="6.28659">
        <ele>508</ele>
        <time>2025-05-30T17:59:33+00:00</time>
      </trkpt>
      <trkpt lat="45.74928" lon="6.28679">
        <ele>508</ele>
        <time>2025-05-30T17:59:36+00:00</time>
      </trkpt>
      <trkpt lat="45.74921" lon="6.28694">
        <ele>508</ele>
        <time>2025-05-30T17:59:39+00:00</time>
      </trkpt>
      <trkpt lat="45.74913" lon="6.28704">
        <ele>508</ele>
        <time>2025-05-30T17:59:42+00:00</time>
      </trkpt>
      <trkpt lat="45.74911" lon="6.28712">
        <ele>508</ele>
        <time>2025-05-30T17:59:45+00:00</time>
      </trkpt>
      <trkpt lat="45.74914" lon="6.28715">
        <ele>508</ele>
        <time>2025-05-30T17:59:48+00:00</time>
      </trkpt>
      <trkpt lat="45.74915" lon="6.28718">
        <ele>508</ele>
        <time>2025-05-30T17:59:51+00:00</time>
      </trkpt>
      <trkpt lat="45.74918" lon="6.28721">
        <ele>509</ele>
        <time>2025-05-30T17:59:54+00:00</time>
      </trkpt>
      <trkpt lat="45.74923" lon="6.28723">
        <ele>508</ele>
        <time>2025-05-30T17:59:57+00:00</time>
      </trkpt>
      <trkpt lat="45.74926" lon="6.28728">
        <ele>508</ele>
        <time>2025-05-30T18:00:00+00:00</time>
      </trkpt>
      <trkpt lat="45.74928" lon="6.28741">
        <ele>509</ele>
        <time>2025-05-30T18:00:03+00:00</time>
      </trkpt>
      <trkpt lat="45.7492" lon="6.28766">
        <ele>509</ele>
        <time>2025-05-30T18:00:06+00:00</time>
      </trkpt>
      <trkpt lat="45.74916" lon="6.28782">
        <ele>509</ele>
        <time>2025-05-30T18:00:09+00:00</time>
      </trkpt>
      <trkpt lat="45.74911" lon="6.28797">
        <ele>509</ele>
        <time>2025-05-30T18:00:12+00:00</time>
      </trkpt>
      <trkpt lat="45.74909" lon="6.2881">
        <ele>509</ele>
        <time>2025-05-30T18:00:15+00:00</time>
      </trkpt>
      <trkpt lat="45.74911" lon="6.28812">
        <ele>509</ele>
        <time>2025-05-30T18:00:18+00:00</time>
      </trkpt>
      <trkpt lat="45.74915" lon="6.28817">
        <ele>509</ele>
        <time>2025-05-30T18:00:21+00:00</time>
      </trkpt>
      <trkpt lat="45.74929" lon="6.28828">
        <ele>509</ele>
        <time>2025-05-30T18:00:24+00:00</time>
      </trkpt>
      <trkpt lat="45.74944" lon="6.28839">
        <ele>509</ele>
        <time>2025-05-30T18:00:27+00:00</time>
      </trkpt>
      <trkpt lat="45.74948" lon="6.28853">
        <ele>509</ele>
        <time>2025-05-30T18:00:30+00:00</time>
      </trkpt>
      <trkpt lat="45.74942" lon="6.28865">
        <ele>509</ele>
        <time>2025-05-30T18:00:33+00:00</time>
      </trkpt>
      <trkpt lat="45.7495" lon="6.28874">
        <ele>509</ele>
        <time>2025-05-30T18:00:36+00:00</time>
      </trkpt>
      <trkpt lat="45.7496" lon="6.28869">
        <ele>509</ele>
        <time>2025-05-30T18:00:39+00:00</time>
      </trkpt>
      <trkpt lat="45.74983" lon="6.28845">
        <ele>509</ele>
        <time>2025-05-30T18:00:42+00:00</time>
      </trkpt>
      <trkpt lat="45.74992" lon="6.28839">
        <ele>509</ele>
        <time>2025-05-30T18:00:45+00:00</time>
      </trkpt>
      <trkpt lat="45.75002" lon="6.28835">
        <ele>508</ele>
        <time>2025-05-30T18:00:48+00:00</time>
      </trkpt>
      <trkpt lat="45.75011" lon="6.2883">
        <ele>508</ele>
        <time>2025-05-30T18:00:51+00:00</time>
      </trkpt>
      <trkpt lat="45.75022" lon="6.28822">
        <ele>507</ele>
        <time>2025-05-30T18:00:54+00:00</time>
      </trkpt>
      <trkpt lat="45.75026" lon="6.2882">
        <ele>507</ele>
        <time>2025-05-30T18:00:57+00:00</time>
      </trkpt>
      <trkpt lat="45.75043" lon="6.28809">
        <ele>507</ele>
        <time>2025-05-30T18:01:00+00:00</time>
      </trkpt>
      <trkpt lat="45.75069" lon="6.28792">
        <ele>506</ele>
        <time>2025-05-30T18:01:03+00:00</time>
      </trkpt>
      <trkpt lat="45.75079" lon="6.28786">
        <ele>506</ele>
        <time>2025-05-30T18:01:06+00:00</time>
      </trkpt>
      <trkpt lat="45.751" lon="6.28774">
        <ele>506</ele>
        <time>2025-05-30T18:01:09+00:00</time>
      </trkpt>
      <trkpt lat="45.75105" lon="6.28772">
        <ele>506</ele>
        <time>2025-05-30T18:01:12+00:00</time>
      </trkpt>
      <trkpt lat="45.75123" lon="6.28761">
        <ele>505</ele>
        <time>2025-05-30T18:01:15+00:00</time>
      </trkpt>
      <trkpt lat="45.75151" lon="6.28742">
        <ele>505</ele>
        <time>2025-05-30T18:01:18+00:00</time>
      </trkpt>
      <trkpt lat="45.75169" lon="6.28733">
        <ele>505</ele>
        <time>2025-05-30T18:01:21+00:00</time>
      </trkpt>
      <trkpt lat="45.75183" lon="6.28724">
        <ele>505</ele>
        <time>2025-05-30T18:01:24+00:00</time>
      </trkpt>
      <trkpt lat="45.75191" lon="6.28721">
        <ele>505</ele>
        <time>2025-05-30T18:01:27+00:00</time>
      </trkpt>
      <trkpt lat="45.75194" lon="6.28718">
        <ele>505</ele>
        <time>2025-05-30T18:01:30+00:00</time>
      </trkpt>
      <trkpt lat="45.75202" lon="6.28706">
        <ele>505</ele>
        <time>2025-05-30T18:01:33+00:00</time>
      </trkpt>
      <trkpt lat="45.75206" lon="6.28699">
        <ele>504</ele>
        <time>2025-05-30T18:01:36+00:00</time>
      </trkpt>
      <trkpt lat="45.75208" lon="6.28693">
        <ele>504</ele>
        <time>2025-05-30T18:01:39+00:00</time>
      </trkpt>
      <trkpt lat="45.7521" lon="6.28687">
        <ele>503</ele>
        <time>2025-05-30T18:01:42+00:00</time>
      </trkpt>
      <trkpt lat="45.75211" lon="6.28674">
        <ele>504</ele>
        <time>2025-05-30T18:01:45+00:00</time>
      </trkpt>
      <trkpt lat="45.75214" lon="6.28662">
        <ele>504</ele>
        <time>2025-05-30T18:01:48+00:00</time>
      </trkpt>
      <trkpt lat="45.75217" lon="6.28644">
        <ele>503</ele>
        <time>2025-05-30T18:01:51+00:00</time>
      </trkpt>
      <trkpt lat="45.7522" lon="6.28634">
        <ele>503</ele>
        <time>2025-05-30T18:01:54+00:00</time>
      </trkpt>
      <trkpt lat="45.75221" lon="6.28627">
        <ele>503</ele>
        <time>2025-05-30T18:01:57+00:00</time>
      </trkpt>
      <trkpt lat="45.75224" lon="6.2862">
        <ele>503</ele>
        <time>2025-05-30T18:02:00+00:00</time>
      </trkpt>
      <trkpt lat="45.75227" lon="6.28606">
        <ele>503</ele>
        <time>2025-05-30T18:02:03+00:00</time>
      </trkpt>
      <trkpt lat="45.75228" lon="6.28603">
        <ele>503</ele>
        <time>2025-05-30T18:02:06+00:00</time>
      </trkpt>
      <trkpt lat="45.75229" lon="6.28599">
        <ele>503</ele>
        <time>2025-05-30T18:02:09+00:00</time>
      </trkpt>
      <trkpt lat="45.75232" lon="6.28593">
        <ele>503</ele>
        <time>2025-05-30T18:02:12+00:00</time>
      </trkpt>
      <trkpt lat="45.75232" lon="6.2859">
        <ele>503</ele>
        <time>2025-05-30T18:02:15+00:00</time>
      </trkpt>
      <trkpt lat="45.75236" lon="6.28579">
        <ele>503</ele>
        <time>2025-05-30T18:02:18+00:00</time>
      </trkpt>
      <trkpt lat="45.75237" lon="6.28573">
        <ele>503</ele>
        <time>2025-05-30T18:02:21+00:00</time>
      </trkpt>
      <trkpt lat="45.75245" lon="6.28547">
        <ele>503</ele>
        <time>2025-05-30T18:02:24+00:00</time>
      </trkpt>
      <trkpt lat="45.75251" lon="6.28533">
        <ele>503</ele>
        <time>2025-05-30T18:02:27+00:00</time>
      </trkpt>
      <trkpt lat="45.75254" lon="6.28526">
        <ele>502</ele>
        <time>2025-05-30T18:02:30+00:00</time>
      </trkpt>
      <trkpt lat="45.75254" lon="6.28523">
        <ele>502</ele>
        <time>2025-05-30T18:02:33+00:00</time>
      </trkpt>
      <trkpt lat="45.75258" lon="6.28517">
        <ele>502</ele>
        <time>2025-05-30T18:02:36+00:00</time>
      </trkpt>
      <trkpt lat="45.75275" lon="6.28477">
        <ele>501</ele>
        <time>2025-05-30T18:02:39+00:00</time>
      </trkpt>
      <trkpt lat="45.75281" lon="6.28465">
        <ele>501</ele>
        <time>2025-05-30T18:02:42+00:00</time>
      </trkpt>
      <trkpt lat="45.75291" lon="6.28447">
        <ele>501</ele>
        <time>2025-05-30T18:02:45+00:00</time>
      </trkpt>
      <trkpt lat="45.75292" lon="6.28444">
        <ele>501</ele>
        <time>2025-05-30T18:02:48+00:00</time>
      </trkpt>
      <trkpt lat="45.75295" lon="6.28438">
        <ele>501</ele>
        <time>2025-05-30T18:02:51+00:00</time>
      </trkpt>
      <trkpt lat="45.753" lon="6.28432">
        <ele>501</ele>
        <time>2025-05-30T18:02:54+00:00</time>
      </trkpt>
      <trkpt lat="45.75304" lon="6.28426">
        <ele>501</ele>
        <time>2025-05-30T18:02:57+00:00</time>
      </trkpt>
      <trkpt lat="45.75308" lon="6.2842">
        <ele>501</ele>
        <time>2025-05-30T18:03:00+00:00</time>
      </trkpt>
      <trkpt lat="45.75318" lon="6.28409">
        <ele>501</ele>
        <time>2025-05-30T18:03:03+00:00</time>
      </trkpt>
      <trkpt lat="45.75328" lon="6.28396">
        <ele>501</ele>
        <time>2025-05-30T18:03:06+00:00</time>
      </trkpt>
      <trkpt lat="45.75333" lon="6.28386">
        <ele>501</ele>
        <time>2025-05-30T18:03:09+00:00</time>
      </trkpt>
      <trkpt lat="45.75341" lon="6.28377">
        <ele>501</ele>
        <time>2025-05-30T18:03:12+00:00</time>
      </trkpt>
      <trkpt lat="45.75344" lon="6.28372">
        <ele>501</ele>
        <time>2025-05-30T18:03:15+00:00</time>
      </trkpt>
      <trkpt lat="45.75361" lon="6.28349">
        <ele>501</ele>
        <time>2025-05-30T18:03:18+00:00</time>
      </trkpt>
      <trkpt lat="45.75368" lon="6.28342">
        <ele>501</ele>
        <time>2025-05-30T18:03:21+00:00</time>
      </trkpt>
      <trkpt lat="45.75371" lon="6.28337">
        <ele>501</ele>
        <time>2025-05-30T18:03:24+00:00</time>
      </trkpt>
      <trkpt lat="45.75381" lon="6.28328">
        <ele>502</ele>
        <time>2025-05-30T18:03:27+00:00</time>
      </trkpt>
      <trkpt lat="45.75388" lon="6.28324">
        <ele>502</ele>
        <time>2025-05-30T18:03:30+00:00</time>
      </trkpt>
      <trkpt lat="45.75392" lon="6.28321">
        <ele>500</ele>
        <time>2025-05-30T18:03:33+00:00</time>
      </trkpt>
      <trkpt lat="45.75399" lon="6.28315">
        <ele>502</ele>
        <time>2025-05-30T18:03:36+00:00</time>
      </trkpt>
      <trkpt lat="45.75405" lon="6.28309">
        <ele>502</ele>
        <time>2025-05-30T18:03:39+00:00</time>
      </trkpt>
      <trkpt lat="45.75412" lon="6.28304">
        <ele>500</ele>
        <time>2025-05-30T18:03:42+00:00</time>
      </trkpt>
      <trkpt lat="45.75417" lon="6.28302">
        <ele>500</ele>
        <time>2025-05-30T18:03:45+00:00</time>
      </trkpt>
      <trkpt lat="45.75419" lon="6.28299">
        <ele>502</ele>
        <time>2025-05-30T18:03:48+00:00</time>
      </trkpt>
      <trkpt lat="45.75421" lon="6.28297">
        <ele>498</ele>
        <time>2025-05-30T18:03:51+00:00</time>
      </trkpt>
      <trkpt lat="45.75447" lon="6.28277">
        <ele>500</ele>
        <time>2025-05-30T18:03:54+00:00</time>
      </trkpt>
      <trkpt lat="45.75457" lon="6.28266">
        <ele>500</ele>
        <time>2025-05-30T18:03:57+00:00</time>
      </trkpt>
      <trkpt lat="45.75461" lon="6.28264">
        <ele>497</ele>
        <time>2025-05-30T18:04:00+00:00</time>
      </trkpt>
      <trkpt lat="45.75474" lon="6.28249">
        <ele>500</ele>
        <time>2025-05-30T18:04:03+00:00</time>
      </trkpt>
      <trkpt lat="45.75489" lon="6.28232">
        <ele>500</ele>
        <time>2025-05-30T18:04:06+00:00</time>
      </trkpt>
      <trkpt lat="45.75503" lon="6.28229">
        <ele>501</ele>
        <time>2025-05-30T18:04:09+00:00</time>
      </trkpt>
      <trkpt lat="45.75509" lon="6.28223">
        <ele>499</ele>
        <time>2025-05-30T18:04:12+00:00</time>
      </trkpt>
      <trkpt lat="45.75526" lon="6.28212">
        <ele>499</ele>
        <time>2025-05-30T18:04:15+00:00</time>
      </trkpt>
      <trkpt lat="45.75536" lon="6.28204">
        <ele>499</ele>
        <time>2025-05-30T18:04:18+00:00</time>
      </trkpt>
      <trkpt lat="45.75558" lon="6.28183">
        <ele>499</ele>
        <time>2025-05-30T18:04:21+00:00</time>
      </trkpt>
      <trkpt lat="45.75565" lon="6.28177">
        <ele>498</ele>
        <time>2025-05-30T18:04:24+00:00</time>
      </trkpt>
      <trkpt lat="45.75576" lon="6.28167">
        <ele>499</ele>
        <time>2025-05-30T18:04:27+00:00</time>
      </trkpt>
      <trkpt lat="45.75594" lon="6.28153">
        <ele>498</ele>
        <time>2025-05-30T18:04:30+00:00</time>
      </trkpt>
      <trkpt lat="45.75608" lon="6.28141">
        <ele>497</ele>
        <time>2025-05-30T18:04:33+00:00</time>
      </trkpt>
      <trkpt lat="45.7562" lon="6.28131">
        <ele>498</ele>
        <time>2025-05-30T18:04:36+00:00</time>
      </trkpt>
      <trkpt lat="45.75645" lon="6.28106">
        <ele>497</ele>
        <time>2025-05-30T18:04:39+00:00</time>
      </trkpt>
      <trkpt lat="45.75653" lon="6.28098">
        <ele>498</ele>
        <time>2025-05-30T18:04:42+00:00</time>
      </trkpt>
      <trkpt lat="45.75667" lon="6.28082">
        <ele>497</ele>
        <time>2025-05-30T18:04:45+00:00</time>
      </trkpt>
      <trkpt lat="45.75669" lon="6.28081">
        <ele>497</ele>
        <time>2025-05-30T18:04:48+00:00</time>
      </trkpt>
      <trkpt lat="45.75683" lon="6.28079">
        <ele>497</ele>
        <time>2025-05-30T18:04:51+00:00</time>
      </trkpt>
      <trkpt lat="45.75684" lon="6.28081">
        <ele>496</ele>
        <time>2025-05-30T18:04:54+00:00</time>
      </trkpt>
      <trkpt lat="45.75686" lon="6.28082">
        <ele>496</ele>
        <time>2025-05-30T18:04:57+00:00</time>
      </trkpt>
      <trkpt lat="45.75688" lon="6.28084">
        <ele>496</ele>
        <time>2025-05-30T18:05:00+00:00</time>
      </trkpt>
      <trkpt lat="45.75695" lon="6.28092">
        <ele>495</ele>
        <time>2025-05-30T18:05:03+00:00</time>
      </trkpt>
      <trkpt lat="45.75699" lon="6.28102">
        <ele>495</ele>
        <time>2025-05-30T18:05:06+00:00</time>
      </trkpt>
      <trkpt lat="45.757" lon="6.28106">
        <ele>495</ele>
        <time>2025-05-30T18:05:09+00:00</time>
      </trkpt>
      <trkpt lat="45.75703" lon="6.28112">
        <ele>495</ele>
        <time>2025-05-30T18:05:12+00:00</time>
      </trkpt>
      <trkpt lat="45.75705" lon="6.28128">
        <ele>495</ele>
        <time>2025-05-30T18:05:15+00:00</time>
      </trkpt>
      <trkpt lat="45.75709" lon="6.28142">
        <ele>496</ele>
        <time>2025-05-30T18:05:18+00:00</time>
      </trkpt>
      <trkpt lat="45.75712" lon="6.28148">
        <ele>496</ele>
        <time>2025-05-30T18:05:21+00:00</time>
      </trkpt>
      <trkpt lat="45.75723" lon="6.28161">
        <ele>498</ele>
        <time>2025-05-30T18:05:24+00:00</time>
      </trkpt>
      <trkpt lat="45.75727" lon="6.28166">
        <ele>498</ele>
        <time>2025-05-30T18:05:27+00:00</time>
      </trkpt>
      <trkpt lat="45.75732" lon="6.28171">
        <ele>499</ele>
        <time>2025-05-30T18:05:30+00:00</time>
      </trkpt>
      <trkpt lat="45.75736" lon="6.28177">
        <ele>499</ele>
        <time>2025-05-30T18:05:33+00:00</time>
      </trkpt>
      <trkpt lat="45.75737" lon="6.28186">
        <ele>499</ele>
        <time>2025-05-30T18:05:36+00:00</time>
      </trkpt>
      <trkpt lat="45.75735" lon="6.282">
        <ele>500</ele>
        <time>2025-05-30T18:05:39+00:00</time>
      </trkpt>
      <trkpt lat="45.75734" lon="6.28215">
        <ele>500</ele>
        <time>2025-05-30T18:05:42+00:00</time>
      </trkpt>
      <trkpt lat="45.75731" lon="6.28228">
        <ele>500</ele>
        <time>2025-05-30T18:05:45+00:00</time>
      </trkpt>
      <trkpt lat="45.75731" lon="6.28242">
        <ele>500</ele>
        <time>2025-05-30T18:05:48+00:00</time>
      </trkpt>
      <trkpt lat="45.75729" lon="6.28256">
        <ele>500</ele>
        <time>2025-05-30T18:05:51+00:00</time>
      </trkpt>
      <trkpt lat="45.75725" lon="6.28268">
        <ele>500</ele>
        <time>2025-05-30T18:05:54+00:00</time>
      </trkpt>
      <trkpt lat="45.75731" lon="6.28279">
        <ele>501</ele>
        <time>2025-05-30T18:05:57+00:00</time>
      </trkpt>
      <trkpt lat="45.75739" lon="6.28285">
        <ele>500</ele>
        <time>2025-05-30T18:06:00+00:00</time>
      </trkpt>
      <trkpt lat="45.75754" lon="6.28301">
        <ele>502</ele>
        <time>2025-05-30T18:06:03+00:00</time>
      </trkpt>
      <trkpt lat="45.75774" lon="6.28309">
        <ele>505</ele>
        <time>2025-05-30T18:06:06+00:00</time>
      </trkpt>
      <trkpt lat="45.75779" lon="6.28319">
        <ele>505</ele>
        <time>2025-05-30T18:06:09+00:00</time>
      </trkpt>
      <trkpt lat="45.75787" lon="6.28327">
        <ele>508</ele>
        <time>2025-05-30T18:06:12+00:00</time>
      </trkpt>
      <trkpt lat="45.758" lon="6.28336">
        <ele>511</ele>
        <time>2025-05-30T18:06:15+00:00</time>
      </trkpt>
      <trkpt lat="45.75804" lon="6.28337">
        <ele>511</ele>
        <time>2025-05-30T18:06:18+00:00</time>
      </trkpt>
      <trkpt lat="45.75811" lon="6.2834">
        <ele>514</ele>
        <time>2025-05-30T18:06:21+00:00</time>
      </trkpt>
      <trkpt lat="45.75818" lon="6.28342">
        <ele>514</ele>
        <time>2025-05-30T18:06:24+00:00</time>
      </trkpt>
      <trkpt lat="45.7582" lon="6.28341">
        <ele>514</ele>
        <time>2025-05-30T18:06:27+00:00</time>
      </trkpt>
      <trkpt lat="45.75833" lon="6.2834">
        <ele>516</ele>
        <time>2025-05-30T18:06:30+00:00</time>
      </trkpt>
      <trkpt lat="45.75836" lon="6.28342">
        <ele>517</ele>
        <time>2025-05-30T18:06:33+00:00</time>
      </trkpt>
      <trkpt lat="45.75838" lon="6.28343">
        <ele>517</ele>
        <time>2025-05-30T18:06:36+00:00</time>
      </trkpt>
      <trkpt lat="45.7584" lon="6.28342">
        <ele>521</ele>
        <time>2025-05-30T18:06:39+00:00</time>
      </trkpt>
      <trkpt lat="45.75849" lon="6.28343">
        <ele>521</ele>
        <time>2025-05-30T18:06:42+00:00</time>
      </trkpt>
      <trkpt lat="45.75855" lon="6.28347">
        <ele>523</ele>
        <time>2025-05-30T18:06:45+00:00</time>
      </trkpt>
      <trkpt lat="45.75857" lon="6.28347">
        <ele>523</ele>
        <time>2025-05-30T18:06:48+00:00</time>
      </trkpt>
      <trkpt lat="45.75861" lon="6.28346">
        <ele>525</ele>
        <time>2025-05-30T18:06:51+00:00</time>
      </trkpt>
      <trkpt lat="45.75871" lon="6.28346">
        <ele>527</ele>
        <time>2025-05-30T18:06:54+00:00</time>
      </trkpt>
      <trkpt lat="45.75875" lon="6.28348">
        <ele>527</ele>
        <time>2025-05-30T18:06:57+00:00</time>
      </trkpt>
      <trkpt lat="45.75884" lon="6.28348">
        <ele>530</ele>
        <time>2025-05-30T18:07:00+00:00</time>
      </trkpt>
      <trkpt lat="45.75894" lon="6.2835">
        <ele>536</ele>
        <time>2025-05-30T18:07:03+00:00</time>
      </trkpt>
      <trkpt lat="45.75896" lon="6.28348">
        <ele>531</ele>
        <time>2025-05-30T18:07:06+00:00</time>
      </trkpt>
      <trkpt lat="45.75902" lon="6.28345">
        <ele>533</ele>
        <time>2025-05-30T18:07:09+00:00</time>
      </trkpt>
      <trkpt lat="45.75906" lon="6.28345">
        <ele>533</ele>
        <time>2025-05-30T18:07:12+00:00</time>
      </trkpt>
      <trkpt lat="45.75908" lon="6.28344">
        <ele>533</ele>
        <time>2025-05-30T18:07:15+00:00</time>
      </trkpt>
      <trkpt lat="45.75917" lon="6.28346">
        <ele>538</ele>
        <time>2025-05-30T18:07:18+00:00</time>
      </trkpt>
      <trkpt lat="45.75923" lon="6.28357">
        <ele>544</ele>
        <time>2025-05-30T18:07:21+00:00</time>
      </trkpt>
      <trkpt lat="45.75922" lon="6.28372">
        <ele>549</ele>
        <time>2025-05-30T18:07:24+00:00</time>
      </trkpt>
      <trkpt lat="45.7592" lon="6.28385">
        <ele>549</ele>
        <time>2025-05-30T18:07:27+00:00</time>
      </trkpt>
      <trkpt lat="45.75919" lon="6.28397">
        <ele>552</ele>
        <time>2025-05-30T18:07:30+00:00</time>
      </trkpt>
      <trkpt lat="45.75917" lon="6.2841">
        <ele>562</ele>
        <time>2025-05-30T18:07:33+00:00</time>
      </trkpt>
      <trkpt lat="45.75925" lon="6.28416">
        <ele>564</ele>
        <time>2025-05-30T18:07:36+00:00</time>
      </trkpt>
      <trkpt lat="45.75934" lon="6.28412">
        <ele>568</ele>
        <time>2025-05-30T18:07:39+00:00</time>
      </trkpt>
      <trkpt lat="45.7594" lon="6.28415">
        <ele>572</ele>
        <time>2025-05-30T18:07:42+00:00</time>
      </trkpt>
      <trkpt lat="45.75947" lon="6.28414">
        <ele>572</ele>
        <time>2025-05-30T18:07:45+00:00</time>
      </trkpt>
      <trkpt lat="45.75949" lon="6.28412">
        <ele>572</ele>
        <time>2025-05-30T18:07:48+00:00</time>
      </trkpt>
      <trkpt lat="45.75954" lon="6.28412">
        <ele>575</ele>
        <time>2025-05-30T18:07:51+00:00</time>
      </trkpt>
      <trkpt lat="45.75955" lon="6.28411">
        <ele>575</ele>
        <time>2025-05-30T18:07:54+00:00</time>
      </trkpt>
      <trkpt lat="45.75959" lon="6.28412">
        <ele>575</ele>
        <time>2025-05-30T18:07:57+00:00</time>
      </trkpt>
      <trkpt lat="45.7596" lon="6.28414">
        <ele>575</ele>
        <time>2025-05-30T18:08:00+00:00</time>
      </trkpt>
      <trkpt lat="45.75965" lon="6.28417">
        <ele>578</ele>
        <time>2025-05-30T18:08:03+00:00</time>
      </trkpt>
      <trkpt lat="45.75968" lon="6.28418">
        <ele>578</ele>
        <time>2025-05-30T18:08:06+00:00</time>
      </trkpt>
      <trkpt lat="45.75981" lon="6.28429">
        <ele>585</ele>
        <time>2025-05-30T18:08:09+00:00</time>
      </trkpt>
      <trkpt lat="45.75982" lon="6.28432">
        <ele>581</ele>
        <time>2025-05-30T18:08:12+00:00</time>
      </trkpt>
      <trkpt lat="45.75985" lon="6.2843">
        <ele>585</ele>
        <time>2025-05-30T18:08:15+00:00</time>
      </trkpt>
      <trkpt lat="45.75995" lon="6.28427">
        <ele>585</ele>
        <time>2025-05-30T18:08:18+00:00</time>
      </trkpt>
      <trkpt lat="45.76003" lon="6.28422">
        <ele>585</ele>
        <time>2025-05-30T18:08:21+00:00</time>
      </trkpt>
      <trkpt lat="45.76012" lon="6.2842">
        <ele>585</ele>
        <time>2025-05-30T18:08:24+00:00</time>
      </trkpt>
      <trkpt lat="45.76019" lon="6.28421">
        <ele>585</ele>
        <time>2025-05-30T18:08:27+00:00</time>
      </trkpt>
      <trkpt lat="45.76031" lon="6.2842">
        <ele>595</ele>
        <time>2025-05-30T18:08:30+00:00</time>
      </trkpt>
      <trkpt lat="45.76038" lon="6.28422">
        <ele>599</ele>
        <time>2025-05-30T18:08:33+00:00</time>
      </trkpt>
      <trkpt lat="45.76044" lon="6.28421">
        <ele>607</ele>
        <time>2025-05-30T18:08:36+00:00</time>
      </trkpt>
      <trkpt lat="45.7605" lon="6.28415">
        <ele>609</ele>
        <time>2025-05-30T18:08:39+00:00</time>
      </trkpt>
      <trkpt lat="45.76051" lon="6.28413">
        <ele>609</ele>
        <time>2025-05-30T18:08:42+00:00</time>
      </trkpt>
      <trkpt lat="45.76053" lon="6.28413">
        <ele>609</ele>
        <time>2025-05-30T18:08:45+00:00</time>
      </trkpt>
      <trkpt lat="45.76055" lon="6.2841">
        <ele>609</ele>
        <time>2025-05-30T18:08:48+00:00</time>
      </trkpt>
      <trkpt lat="45.76058" lon="6.28409">
        <ele>596</ele>
        <time>2025-05-30T18:08:51+00:00</time>
      </trkpt>
      <trkpt lat="45.7606" lon="6.28409">
        <ele>596</ele>
        <time>2025-05-30T18:08:54+00:00</time>
      </trkpt>
      <trkpt lat="45.76062" lon="6.28409">
        <ele>603</ele>
        <time>2025-05-30T18:08:57+00:00</time>
      </trkpt>
      <trkpt lat="45.76064" lon="6.28426">
        <ele>620</ele>
        <time>2025-05-30T18:09:00+00:00</time>
      </trkpt>
      <trkpt lat="45.76065" lon="6.2843">
        <ele>620</ele>
        <time>2025-05-30T18:09:03+00:00</time>
      </trkpt>
      <trkpt lat="45.76071" lon="6.2844">
        <ele>628</ele>
        <time>2025-05-30T18:09:06+00:00</time>
      </trkpt>
      <trkpt lat="45.76072" lon="6.28444">
        <ele>627</ele>
        <time>2025-05-30T18:09:09+00:00</time>
      </trkpt>
      <trkpt lat="45.76072" lon="6.2845">
        <ele>627</ele>
        <time>2025-05-30T18:09:12+00:00</time>
      </trkpt>
      <trkpt lat="45.76074" lon="6.28464">
        <ele>627</ele>
        <time>2025-05-30T18:09:15+00:00</time>
      </trkpt>
      <trkpt lat="45.76079" lon="6.28471">
        <ele>631</ele>
        <time>2025-05-30T18:09:18+00:00</time>
      </trkpt>
      <trkpt lat="45.76081" lon="6.28469">
        <ele>633</ele>
        <time>2025-05-30T18:09:21+00:00</time>
      </trkpt>
      <trkpt lat="45.76083" lon="6.28465">
        <ele>633</ele>
        <time>2025-05-30T18:09:24+00:00</time>
      </trkpt>
      <trkpt lat="45.76083" lon="6.28462">
        <ele>633</ele>
        <time>2025-05-30T18:09:27+00:00</time>
      </trkpt>
      <trkpt lat="45.76088" lon="6.28459">
        <ele>633</ele>
        <time>2025-05-30T18:09:30+00:00</time>
      </trkpt>
      <trkpt lat="45.7609" lon="6.28454">
        <ele>645</ele>
        <time>2025-05-30T18:09:33+00:00</time>
      </trkpt>
      <trkpt lat="45.76095" lon="6.28454">
        <ele>645</ele>
        <time>2025-05-30T18:09:36+00:00</time>
      </trkpt>
      <trkpt lat="45.76098" lon="6.28448">
        <ele>645</ele>
        <time>2025-05-30T18:09:39+00:00</time>
      </trkpt>
      <trkpt lat="45.76104" lon="6.28449">
        <ele>650</ele>
        <time>2025-05-30T18:09:42+00:00</time>
      </trkpt>
      <trkpt lat="45.76105" lon="6.28461">
        <ele>652</ele>
        <time>2025-05-30T18:09:45+00:00</time>
      </trkpt>
      <trkpt lat="45.76107" lon="6.28463">
        <ele>652</ele>
        <time>2025-05-30T18:09:48+00:00</time>
      </trkpt>
      <trkpt lat="45.76103" lon="6.28475">
        <ele>654</ele>
        <time>2025-05-30T18:09:51+00:00</time>
      </trkpt>
      <trkpt lat="45.76108" lon="6.28482">
        <ele>658</ele>
        <time>2025-05-30T18:09:54+00:00</time>
      </trkpt>
      <trkpt lat="45.7611" lon="6.28481">
        <ele>658</ele>
        <time>2025-05-30T18:09:57+00:00</time>
      </trkpt>
      <trkpt lat="45.7611" lon="6.28478">
        <ele>662</ele>
        <time>2025-05-30T18:10:00+00:00</time>
      </trkpt>
      <trkpt lat="45.76121" lon="6.28471">
        <ele>670</ele>
        <time>2025-05-30T18:10:03+00:00</time>
      </trkpt>
      <trkpt lat="45.76124" lon="6.28467">
        <ele>667</ele>
        <time>2025-05-30T18:10:06+00:00</time>
      </trkpt>
      <trkpt lat="45.76129" lon="6.28459">
        <ele>665</ele>
        <time>2025-05-30T18:10:09+00:00</time>
      </trkpt>
      <trkpt lat="45.76133" lon="6.2845">
        <ele>673</ele>
        <time>2025-05-30T18:10:12+00:00</time>
      </trkpt>
      <trkpt lat="45.76135" lon="6.28444">
        <ele>669</ele>
        <time>2025-05-30T18:10:15+00:00</time>
      </trkpt>
      <trkpt lat="45.76137" lon="6.28443">
        <ele>669</ele>
        <time>2025-05-30T18:10:18+00:00</time>
      </trkpt>
      <trkpt lat="45.7614" lon="6.28444">
        <ele>676</ele>
        <time>2025-05-30T18:10:21+00:00</time>
      </trkpt>
      <trkpt lat="45.7614" lon="6.28451">
        <ele>679</ele>
        <time>2025-05-30T18:10:24+00:00</time>
      </trkpt>
      <trkpt lat="45.7614" lon="6.28457">
        <ele>673</ele>
        <time>2025-05-30T18:10:27+00:00</time>
      </trkpt>
      <trkpt lat="45.76141" lon="6.28471">
        <ele>685</ele>
        <time>2025-05-30T18:10:30+00:00</time>
      </trkpt>
      <trkpt lat="45.7615" lon="6.28466">
        <ele>682</ele>
        <time>2025-05-30T18:10:33+00:00</time>
      </trkpt>
      <trkpt lat="45.76156" lon="6.28459">
        <ele>691</ele>
        <time>2025-05-30T18:10:36+00:00</time>
      </trkpt>
      <trkpt lat="45.76156" lon="6.28456">
        <ele>691</ele>
        <time>2025-05-30T18:10:39+00:00</time>
      </trkpt>
      <trkpt lat="45.76158" lon="6.28454">
        <ele>691</ele>
        <time>2025-05-30T18:10:42+00:00</time>
      </trkpt>
      <trkpt lat="45.76161" lon="6.28458">
        <ele>697</ele>
        <time>2025-05-30T18:10:45+00:00</time>
      </trkpt>
      <trkpt lat="45.76162" lon="6.28461">
        <ele>701</ele>
        <time>2025-05-30T18:10:48+00:00</time>
      </trkpt>
      <trkpt lat="45.7616" lon="6.28465">
        <ele>701</ele>
        <time>2025-05-30T18:10:51+00:00</time>
      </trkpt>
      <trkpt lat="45.7616" lon="6.28468">
        <ele>695</ele>
        <time>2025-05-30T18:10:54+00:00</time>
      </trkpt>
      <trkpt lat="45.76166" lon="6.28464">
        <ele>701</ele>
        <time>2025-05-30T18:10:57+00:00</time>
      </trkpt>
      <trkpt lat="45.76179" lon="6.28453">
        <ele>703</ele>
        <time>2025-05-30T18:11:00+00:00</time>
      </trkpt>
      <trkpt lat="45.76188" lon="6.28448">
        <ele>710</ele>
        <time>2025-05-30T18:11:03+00:00</time>
      </trkpt>
      <trkpt lat="45.7619" lon="6.28446">
        <ele>717</ele>
        <time>2025-05-30T18:11:06+00:00</time>
      </trkpt>
      <trkpt lat="45.76195" lon="6.28433">
        <ele>718</ele>
        <time>2025-05-30T18:11:09+00:00</time>
      </trkpt>
      <trkpt lat="45.76198" lon="6.28431">
        <ele>718</ele>
        <time>2025-05-30T18:11:12+00:00</time>
      </trkpt>
      <trkpt lat="45.762" lon="6.28421">
        <ele>722</ele>
        <time>2025-05-30T18:11:15+00:00</time>
      </trkpt>
      <trkpt lat="45.76209" lon="6.28419">
        <ele>730</ele>
        <time>2025-05-30T18:11:18+00:00</time>
      </trkpt>
      <trkpt lat="45.76211" lon="6.28406">
        <ele>749</ele>
        <time>2025-05-30T18:11:21+00:00</time>
      </trkpt>
      <trkpt lat="45.76208" lon="6.28394">
        <ele>740</ele>
        <time>2025-05-30T18:11:24+00:00</time>
      </trkpt>
      <trkpt lat="45.76209" lon="6.28387">
        <ele>736</ele>
        <time>2025-05-30T18:11:27+00:00</time>
      </trkpt>
      <trkpt lat="45.7621" lon="6.28384">
        <ele>736</ele>
        <time>2025-05-30T18:11:30+00:00</time>
      </trkpt>
      <trkpt lat="45.76211" lon="6.28383">
        <ele>745</ele>
        <time>2025-05-30T18:11:33+00:00</time>
      </trkpt>
      <trkpt lat="45.76214" lon="6.28382">
        <ele>745</ele>
        <time>2025-05-30T18:11:36+00:00</time>
      </trkpt>
      <trkpt lat="45.76219" lon="6.2838">
        <ele>742</ele>
        <time>2025-05-30T18:11:39+00:00</time>
      </trkpt>
      <trkpt lat="45.76235" lon="6.28363">
        <ele>750</ele>
        <time>2025-05-30T18:11:42+00:00</time>
      </trkpt>
      <trkpt lat="45.76244" lon="6.28359">
        <ele>751</ele>
        <time>2025-05-30T18:11:45+00:00</time>
      </trkpt>
      <trkpt lat="45.76247" lon="6.28359">
        <ele>751</ele>
        <time>2025-05-30T18:11:48+00:00</time>
      </trkpt>
      <trkpt lat="45.76249" lon="6.28358">
        <ele>751</ele>
        <time>2025-05-30T18:11:51+00:00</time>
      </trkpt>
      <trkpt lat="45.7625" lon="6.28356">
        <ele>751</ele>
        <time>2025-05-30T18:11:54+00:00</time>
      </trkpt>
      <trkpt lat="45.7626" lon="6.28341">
        <ele>750</ele>
        <time>2025-05-30T18:11:57+00:00</time>
      </trkpt>
      <trkpt lat="45.76267" lon="6.28335">
        <ele>752</ele>
        <time>2025-05-30T18:12:00+00:00</time>
      </trkpt>
      <trkpt lat="45.76272" lon="6.28333">
        <ele>758</ele>
        <time>2025-05-30T18:12:03+00:00</time>
      </trkpt>
      <trkpt lat="45.76275" lon="6.28332">
        <ele>758</ele>
        <time>2025-05-30T18:12:06+00:00</time>
      </trkpt>
      <trkpt lat="45.76278" lon="6.28329">
        <ele>750</ele>
        <time>2025-05-30T18:12:09+00:00</time>
      </trkpt>
      <trkpt lat="45.76289" lon="6.28329">
        <ele>751</ele>
        <time>2025-05-30T18:12:12+00:00</time>
      </trkpt>
      <trkpt lat="45.76297" lon="6.28323">
        <ele>754</ele>
        <time>2025-05-30T18:12:15+00:00</time>
      </trkpt>
      <trkpt lat="45.76307" lon="6.28321">
        <ele>759</ele>
        <time>2025-05-30T18:12:18+00:00</time>
      </trkpt>
      <trkpt lat="45.76324" lon="6.28312">
        <ele>771</ele>
        <time>2025-05-30T18:12:21+00:00</time>
      </trkpt>
      <trkpt lat="45.76334" lon="6.28308">
        <ele>782</ele>
        <time>2025-05-30T18:12:24+00:00</time>
      </trkpt>
      <trkpt lat="45.76343" lon="6.28307">
        <ele>784</ele>
        <time>2025-05-30T18:12:27+00:00</time>
      </trkpt>
      <trkpt lat="45.76353" lon="6.28308">
        <ele>787</ele>
        <time>2025-05-30T18:12:30+00:00</time>
      </trkpt>
      <trkpt lat="45.76362" lon="6.28311">
        <ele>785</ele>
        <time>2025-05-30T18:12:33+00:00</time>
      </trkpt>
      <trkpt lat="45.76371" lon="6.28305">
        <ele>793</ele>
        <time>2025-05-30T18:12:36+00:00</time>
      </trkpt>
      <trkpt lat="45.76383" lon="6.28305">
        <ele>798</ele>
        <time>2025-05-30T18:12:39+00:00</time>
      </trkpt>
      <trkpt lat="45.76399" lon="6.28303">
        <ele>807</ele>
        <time>2025-05-30T18:12:42+00:00</time>
      </trkpt>
      <trkpt lat="45.76409" lon="6.28303">
        <ele>812</ele>
        <time>2025-05-30T18:12:45+00:00</time>
      </trkpt>
      <trkpt lat="45.76418" lon="6.283">
        <ele>815</ele>
        <time>2025-05-30T18:12:48+00:00</time>
      </trkpt>
      <trkpt lat="45.76427" lon="6.28298">
        <ele>821</ele>
        <time>2025-05-30T18:12:51+00:00</time>
      </trkpt>
      <trkpt lat="45.76429" lon="6.28294">
        <ele>821</ele>
        <time>2025-05-30T18:12:54+00:00</time>
      </trkpt>
      <trkpt lat="45.76428" lon="6.28275">
        <ele>831</ele>
        <time>2025-05-30T18:12:57+00:00</time>
      </trkpt>
      <trkpt lat="45.76429" lon="6.28271">
        <ele>831</ele>
        <time>2025-05-30T18:13:00+00:00</time>
      </trkpt>
      <trkpt lat="45.76437" lon="6.28262">
        <ele>837</ele>
        <time>2025-05-30T18:13:03+00:00</time>
      </trkpt>
      <trkpt lat="45.76442" lon="6.28251">
        <ele>841</ele>
        <time>2025-05-30T18:13:06+00:00</time>
      </trkpt>
      <trkpt lat="45.76451" lon="6.28246">
        <ele>849</ele>
        <time>2025-05-30T18:13:09+00:00</time>
      </trkpt>
      <trkpt lat="45.76459" lon="6.28239">
        <ele>852</ele>
        <time>2025-05-30T18:13:12+00:00</time>
      </trkpt>
      <trkpt lat="45.76467" lon="6.28235">
        <ele>855</ele>
        <time>2025-05-30T18:13:15+00:00</time>
      </trkpt>
      <trkpt lat="45.76477" lon="6.28237">
        <ele>857</ele>
        <time>2025-05-30T18:13:18+00:00</time>
      </trkpt>
      <trkpt lat="45.76495" lon="6.28233">
        <ele>862</ele>
        <time>2025-05-30T18:13:21+00:00</time>
      </trkpt>
      <trkpt lat="45.76493" lon="6.2822">
        <ele>868</ele>
        <time>2025-05-30T18:13:24+00:00</time>
      </trkpt>
      <trkpt lat="45.76486" lon="6.28213">
        <ele>869</ele>
        <time>2025-05-30T18:13:27+00:00</time>
      </trkpt>
      <trkpt lat="45.76493" lon="6.28205">
        <ele>875</ele>
        <time>2025-05-30T18:13:30+00:00</time>
      </trkpt>
      <trkpt lat="45.76512" lon="6.28198">
        <ele>887</ele>
        <time>2025-05-30T18:13:33+00:00</time>
      </trkpt>
      <trkpt lat="45.76508" lon="6.28186">
        <ele>885</ele>
        <time>2025-05-30T18:13:36+00:00</time>
      </trkpt>
      <trkpt lat="45.76501" lon="6.28177">
        <ele>889</ele>
        <time>2025-05-30T18:13:39+00:00</time>
      </trkpt>
      <trkpt lat="45.76509" lon="6.28169">
        <ele>897</ele>
        <time>2025-05-30T18:13:42+00:00</time>
      </trkpt>
      <trkpt lat="45.76527" lon="6.2816">
        <ele>905</ele>
        <time>2025-05-30T18:13:45+00:00</time>
      </trkpt>
      <trkpt lat="45.76537" lon="6.28154">
        <ele>912</ele>
        <time>2025-05-30T18:13:48+00:00</time>
      </trkpt>
      <trkpt lat="45.76553" lon="6.28141">
        <ele>919</ele>
        <time>2025-05-30T18:13:51+00:00</time>
      </trkpt>
      <trkpt lat="45.76563" lon="6.28137">
        <ele>924</ele>
        <time>2025-05-30T18:13:54+00:00</time>
      </trkpt>
      <trkpt lat="45.76569" lon="6.28127">
        <ele>929</ele>
        <time>2025-05-30T18:13:57+00:00</time>
      </trkpt>
      <trkpt lat="45.76577" lon="6.28121">
        <ele>928</ele>
        <time>2025-05-30T18:14:00+00:00</time>
      </trkpt>
      <trkpt lat="45.76585" lon="6.28113">
        <ele>932</ele>
        <time>2025-05-30T18:14:03+00:00</time>
      </trkpt>
      <trkpt lat="45.76597" lon="6.28094">
        <ele>945</ele>
        <time>2025-05-30T18:14:06+00:00</time>
      </trkpt>
      <trkpt lat="45.76606" lon="6.28089">
        <ele>950</ele>
        <time>2025-05-30T18:14:09+00:00</time>
      </trkpt>
      <trkpt lat="45.76614" lon="6.28082">
        <ele>948</ele>
        <time>2025-05-30T18:14:12+00:00</time>
      </trkpt>
      <trkpt lat="45.76623" lon="6.28078">
        <ele>952</ele>
        <time>2025-05-30T18:14:15+00:00</time>
      </trkpt>
      <trkpt lat="45.7663" lon="6.28071">
        <ele>951</ele>
        <time>2025-05-30T18:14:18+00:00</time>
      </trkpt>
      <trkpt lat="45.76647" lon="6.28059">
        <ele>958</ele>
        <time>2025-05-30T18:14:21+00:00</time>
      </trkpt>
      <trkpt lat="45.76656" lon="6.28051">
        <ele>958</ele>
        <time>2025-05-30T18:14:24+00:00</time>
      </trkpt>
      <trkpt lat="45.76662" lon="6.28042">
        <ele>966</ele>
        <time>2025-05-30T18:14:27+00:00</time>
      </trkpt>
      <trkpt lat="45.76663" lon="6.28028">
        <ele>972</ele>
        <time>2025-05-30T18:14:30+00:00</time>
      </trkpt>
      <trkpt lat="45.76644" lon="6.2803">
        <ele>973</ele>
        <time>2025-05-30T18:14:33+00:00</time>
      </trkpt>
      <trkpt lat="45.76639" lon="6.2802">
        <ele>978</ele>
        <time>2025-05-30T18:14:36+00:00</time>
      </trkpt>
      <trkpt lat="45.76644" lon="6.28008">
        <ele>980</ele>
        <time>2025-05-30T18:14:39+00:00</time>
      </trkpt>
      <trkpt lat="45.76651" lon="6.27998">
        <ele>983</ele>
        <time>2025-05-30T18:14:42+00:00</time>
      </trkpt>
      <trkpt lat="45.76652" lon="6.27985">
        <ele>991</ele>
        <time>2025-05-30T18:14:45+00:00</time>
      </trkpt>
      <trkpt lat="45.76658" lon="6.27974">
        <ele>997</ele>
        <time>2025-05-30T18:14:48+00:00</time>
      </trkpt>
      <trkpt lat="45.76678" lon="6.2795">
        <ele>1002</ele>
        <time>2025-05-30T18:14:51+00:00</time>
      </trkpt>
      <trkpt lat="45.76686" lon="6.2794">
        <ele>1006</ele>
        <time>2025-05-30T18:14:54+00:00</time>
      </trkpt>
      <trkpt lat="45.76695" lon="6.27917">
        <ele>1017</ele>
        <time>2025-05-30T18:14:57+00:00</time>
      </trkpt>
      <trkpt lat="45.76701" lon="6.27904">
        <ele>1017</ele>
        <time>2025-05-30T18:15:00+00:00</time>
      </trkpt>
      <trkpt lat="45.76705" lon="6.27893">
        <ele>1021</ele>
        <time>2025-05-30T18:15:03+00:00</time>
      </trkpt>
      <trkpt lat="45.76699" lon="6.27884">
        <ele>1027</ele>
        <time>2025-05-30T18:15:06+00:00</time>
      </trkpt>
      <trkpt lat="45.7669" lon="6.27878">
        <ele>1031</ele>
        <time>2025-05-30T18:15:09+00:00</time>
      </trkpt>
      <trkpt lat="45.7669" lon="6.2787">
        <ele>1033</ele>
        <time>2025-05-30T18:15:12+00:00</time>
      </trkpt>
      <trkpt lat="45.76692" lon="6.27861">
        <ele>1038</ele>
        <time>2025-05-30T18:15:15+00:00</time>
      </trkpt>
      <trkpt lat="45.76694" lon="6.27859">
        <ele>1040</ele>
        <time>2025-05-30T18:15:18+00:00</time>
      </trkpt>
      <trkpt lat="45.76694" lon="6.27853">
        <ele>1040</ele>
        <time>2025-05-30T18:15:21+00:00</time>
      </trkpt>
      <trkpt lat="45.76697" lon="6.27848">
        <ele>1042</ele>
        <time>2025-05-30T18:15:24+00:00</time>
      </trkpt>
      <trkpt lat="45.76698" lon="6.27841">
        <ele>1042</ele>
        <time>2025-05-30T18:15:27+00:00</time>
      </trkpt>
      <trkpt lat="45.76712" lon="6.27823">
        <ele>1046</ele>
        <time>2025-05-30T18:15:30+00:00</time>
      </trkpt>
      <trkpt lat="45.76718" lon="6.27813">
        <ele>1047</ele>
        <time>2025-05-30T18:15:33+00:00</time>
      </trkpt>
      <trkpt lat="45.76727" lon="6.27808">
        <ele>1052</ele>
        <time>2025-05-30T18:15:36+00:00</time>
      </trkpt>
      <trkpt lat="45.76737" lon="6.278">
        <ele>1055</ele>
        <time>2025-05-30T18:15:39+00:00</time>
      </trkpt>
      <trkpt lat="45.76752" lon="6.27792">
        <ele>1063</ele>
        <time>2025-05-30T18:15:42+00:00</time>
      </trkpt>
      <trkpt lat="45.76765" lon="6.27787">
        <ele>1066</ele>
        <time>2025-05-30T18:15:45+00:00</time>
      </trkpt>
      <trkpt lat="45.76767" lon="6.27787">
        <ele>1066</ele>
        <time>2025-05-30T18:15:48+00:00</time>
      </trkpt>
      <trkpt lat="45.76771" lon="6.27788">
        <ele>1069</ele>
        <time>2025-05-30T18:15:51+00:00</time>
      </trkpt>
      <trkpt lat="45.76776" lon="6.27787">
        <ele>1069</ele>
        <time>2025-05-30T18:15:54+00:00</time>
      </trkpt>
      <trkpt lat="45.7678" lon="6.27787">
        <ele>1069</ele>
        <time>2025-05-30T18:15:57+00:00</time>
      </trkpt>
      <trkpt lat="45.76785" lon="6.27787">
        <ele>1072</ele>
        <time>2025-05-30T18:16:00+00:00</time>
      </trkpt>
      <trkpt lat="45.76793" lon="6.27785">
        <ele>1074</ele>
        <time>2025-05-30T18:16:03+00:00</time>
      </trkpt>
      <trkpt lat="45.76795" lon="6.27784">
        <ele>1074</ele>
        <time>2025-05-30T18:16:06+00:00</time>
      </trkpt>
      <trkpt lat="45.76804" lon="6.27783">
        <ele>1075</ele>
        <time>2025-05-30T18:16:09+00:00</time>
      </trkpt>
      <trkpt lat="45.7682" lon="6.27783">
        <ele>1078</ele>
        <time>2025-05-30T18:16:12+00:00</time>
      </trkpt>
      <trkpt lat="45.76841" lon="6.2777">
        <ele>1083</ele>
        <time>2025-05-30T18:16:15+00:00</time>
      </trkpt>
      <trkpt lat="45.76849" lon="6.27762">
        <ele>1083</ele>
        <time>2025-05-30T18:16:18+00:00</time>
      </trkpt>
      <trkpt lat="45.76854" lon="6.27751">
        <ele>1085</ele>
        <time>2025-05-30T18:16:21+00:00</time>
      </trkpt>
      <trkpt lat="45.76861" lon="6.27741">
        <ele>1084</ele>
        <time>2025-05-30T18:16:24+00:00</time>
      </trkpt>
      <trkpt lat="45.76883" lon="6.27743">
        <ele>1085</ele>
        <time>2025-05-30T18:16:27+00:00</time>
      </trkpt>
      <trkpt lat="45.76897" lon="6.27742">
        <ele>1084</ele>
        <time>2025-05-30T18:16:30+00:00</time>
      </trkpt>
      <trkpt lat="45.76899" lon="6.2774">
        <ele>1084</ele>
        <time>2025-05-30T18:16:33+00:00</time>
      </trkpt>
      <trkpt lat="45.76906" lon="6.27741">
        <ele>1085</ele>
        <time>2025-05-30T18:16:36+00:00</time>
      </trkpt>
      <trkpt lat="45.76922" lon="6.27735">
        <ele>1085</ele>
        <time>2025-05-30T18:16:39+00:00</time>
      </trkpt>
      <trkpt lat="45.7693" lon="6.27733">
        <ele>1085</ele>
        <time>2025-05-30T18:16:42+00:00</time>
      </trkpt>
      <trkpt lat="45.76932" lon="6.27734">
        <ele>1085</ele>
        <time>2025-05-30T18:16:45+00:00</time>
      </trkpt>
      <trkpt lat="45.76935" lon="6.2774">
        <ele>1085</ele>
        <time>2025-05-30T18:16:48+00:00</time>
      </trkpt>
      <trkpt lat="45.76942" lon="6.27748">
        <ele>1091</ele>
        <time>2025-05-30T18:16:51+00:00</time>
      </trkpt>
      <trkpt lat="45.76951" lon="6.27744">
        <ele>1087</ele>
        <time>2025-05-30T18:16:54+00:00</time>
      </trkpt>
      <trkpt lat="45.76959" lon="6.27735">
        <ele>1089</ele>
        <time>2025-05-30T18:16:57+00:00</time>
      </trkpt>
      <trkpt lat="45.76969" lon="6.27737">
        <ele>1089</ele>
        <time>2025-05-30T18:17:00+00:00</time>
      </trkpt>
      <trkpt lat="45.76987" lon="6.27746">
        <ele>1091</ele>
        <time>2025-05-30T18:17:03+00:00</time>
      </trkpt>
      <trkpt lat="45.76996" lon="6.27743">
        <ele>1096</ele>
        <time>2025-05-30T18:17:06+00:00</time>
      </trkpt>
      <trkpt lat="45.77004" lon="6.27735">
        <ele>1093</ele>
        <time>2025-05-30T18:17:09+00:00</time>
      </trkpt>
      <trkpt lat="45.77013" lon="6.27732">
        <ele>1095</ele>
        <time>2025-05-30T18:17:12+00:00</time>
      </trkpt>
      <trkpt lat="45.77022" lon="6.27729">
        <ele>1094</ele>
        <time>2025-05-30T18:17:15+00:00</time>
      </trkpt>
      <trkpt lat="45.77032" lon="6.27729">
        <ele>1096</ele>
        <time>2025-05-30T18:17:18+00:00</time>
      </trkpt>
      <trkpt lat="45.77041" lon="6.27726">
        <ele>1098</ele>
        <time>2025-05-30T18:17:21+00:00</time>
      </trkpt>
      <trkpt lat="45.7705" lon="6.27721">
        <ele>1098</ele>
        <time>2025-05-30T18:17:24+00:00</time>
      </trkpt>
      <trkpt lat="45.77059" lon="6.27721">
        <ele>1100</ele>
        <time>2025-05-30T18:17:27+00:00</time>
      </trkpt>
      <trkpt lat="45.77068" lon="6.27719">
        <ele>1102</ele>
        <time>2025-05-30T18:17:30+00:00</time>
      </trkpt>
      <trkpt lat="45.77078" lon="6.27715">
        <ele>1104</ele>
        <time>2025-05-30T18:17:33+00:00</time>
      </trkpt>
      <trkpt lat="45.77093" lon="6.27696">
        <ele>1105</ele>
        <time>2025-05-30T18:17:36+00:00</time>
      </trkpt>
      <trkpt lat="45.77122" lon="6.27681">
        <ele>1114</ele>
        <time>2025-05-30T18:17:39+00:00</time>
      </trkpt>
      <trkpt lat="45.77129" lon="6.27673">
        <ele>1110</ele>
        <time>2025-05-30T18:17:42+00:00</time>
      </trkpt>
      <trkpt lat="45.77143" lon="6.27654">
        <ele>1114</ele>
        <time>2025-05-30T18:17:45+00:00</time>
      </trkpt>
      <trkpt lat="45.77161" lon="6.27638">
        <ele>1116</ele>
        <time>2025-05-30T18:17:48+00:00</time>
      </trkpt>
      <trkpt lat="45.77162" lon="6.27623">
        <ele>1116</ele>
        <time>2025-05-30T18:17:51+00:00</time>
      </trkpt>
      <trkpt lat="45.77164" lon="6.27613">
        <ele>1117</ele>
        <time>2025-05-30T18:17:54+00:00</time>
      </trkpt>
      <trkpt lat="45.77169" lon="6.27597">
        <ele>1117</ele>
        <time>2025-05-30T18:17:57+00:00</time>
      </trkpt>
      <trkpt lat="45.77175" lon="6.27587">
        <ele>1120</ele>
        <time>2025-05-30T18:18:00+00:00</time>
      </trkpt>
      <trkpt lat="45.77184" lon="6.27573">
        <ele>1120</ele>
        <time>2025-05-30T18:18:03+00:00</time>
      </trkpt>
      <trkpt lat="45.7719" lon="6.27564">
        <ele>1123</ele>
        <time>2025-05-30T18:18:06+00:00</time>
      </trkpt>
      <trkpt lat="45.77192" lon="6.27563">
        <ele>1125</ele>
        <time>2025-05-30T18:18:09+00:00</time>
      </trkpt>
      <trkpt lat="45.77196" lon="6.27558">
        <ele>1123</ele>
        <time>2025-05-30T18:18:12+00:00</time>
      </trkpt>
      <trkpt lat="45.77203" lon="6.27548">
        <ele>1123</ele>
        <time>2025-05-30T18:18:15+00:00</time>
      </trkpt>
      <trkpt lat="45.77211" lon="6.27545">
        <ele>1124</ele>
        <time>2025-05-30T18:18:18+00:00</time>
      </trkpt>
      <trkpt lat="45.7722" lon="6.27538">
        <ele>1123</ele>
        <time>2025-05-30T18:18:21+00:00</time>
      </trkpt>
      <trkpt lat="45.77228" lon="6.2753">
        <ele>1124</ele>
        <time>2025-05-30T18:18:24+00:00</time>
      </trkpt>
      <trkpt lat="45.77238" lon="6.27525">
        <ele>1123</ele>
        <time>2025-05-30T18:18:27+00:00</time>
      </trkpt>
      <trkpt lat="45.77248" lon="6.27527">
        <ele>1124</ele>
        <time>2025-05-30T18:18:30+00:00</time>
      </trkpt>
      <trkpt lat="45.77256" lon="6.27534">
        <ele>1125</ele>
        <time>2025-05-30T18:18:33+00:00</time>
      </trkpt>
      <trkpt lat="45.7726" lon="6.27538">
        <ele>1124</ele>
        <time>2025-05-30T18:18:36+00:00</time>
      </trkpt>
      <trkpt lat="45.77274" lon="6.27546">
        <ele>1127</ele>
        <time>2025-05-30T18:18:39+00:00</time>
      </trkpt>
      <trkpt lat="45.77283" lon="6.27553">
        <ele>1130</ele>
        <time>2025-05-30T18:18:42+00:00</time>
      </trkpt>
      <trkpt lat="45.7729" lon="6.27564">
        <ele>1132</ele>
        <time>2025-05-30T18:18:45+00:00</time>
      </trkpt>
      <trkpt lat="45.77292" lon="6.27578">
        <ele>1134</ele>
        <time>2025-05-30T18:18:48+00:00</time>
      </trkpt>
      <trkpt lat="45.77298" lon="6.27587">
        <ele>1136</ele>
        <time>2025-05-30T18:18:51+00:00</time>
      </trkpt>
      <trkpt lat="45.77308" lon="6.27591">
        <ele>1134</ele>
        <time>2025-05-30T18:18:54+00:00</time>
      </trkpt>
      <trkpt lat="45.77316" lon="6.27581">
        <ele>1138</ele>
        <time>2025-05-30T18:18:57+00:00</time>
      </trkpt>
      <trkpt lat="45.77331" lon="6.27573">
        <ele>1137</ele>
        <time>2025-05-30T18:19:00+00:00</time>
      </trkpt>
      <trkpt lat="45.77345" lon="6.27565">
        <ele>1136</ele>
        <time>2025-05-30T18:19:03+00:00</time>
      </trkpt>
      <trkpt lat="45.77363" lon="6.27561">
        <ele>1137</ele>
        <time>2025-05-30T18:19:06+00:00</time>
      </trkpt>
      <trkpt lat="45.77385" lon="6.27556">
        <ele>1134</ele>
        <time>2025-05-30T18:19:09+00:00</time>
      </trkpt>
      <trkpt lat="45.77407" lon="6.27554">
        <ele>1134</ele>
        <time>2025-05-30T18:19:12+00:00</time>
      </trkpt>
      <trkpt lat="45.77416" lon="6.2755">
        <ele>1134</ele>
        <time>2025-05-30T18:19:15+00:00</time>
      </trkpt>
      <trkpt lat="45.77426" lon="6.27551">
        <ele>1134</ele>
        <time>2025-05-30T18:19:18+00:00</time>
      </trkpt>
      <trkpt lat="45.77437" lon="6.27556">
        <ele>1133</ele>
        <time>2025-05-30T18:19:21+00:00</time>
      </trkpt>
      <trkpt lat="45.77447" lon="6.27553">
        <ele>1134</ele>
        <time>2025-05-30T18:19:24+00:00</time>
      </trkpt>
      <trkpt lat="45.77456" lon="6.27547">
        <ele>1133</ele>
        <time>2025-05-30T18:19:27+00:00</time>
      </trkpt>
      <trkpt lat="45.77462" lon="6.27538">
        <ele>1134</ele>
        <time>2025-05-30T18:19:30+00:00</time>
      </trkpt>
      <trkpt lat="45.7747" lon="6.27529">
        <ele>1136</ele>
        <time>2025-05-30T18:19:33+00:00</time>
      </trkpt>
      <trkpt lat="45.77477" lon="6.2752">
        <ele>1134</ele>
        <time>2025-05-30T18:19:36+00:00</time>
      </trkpt>
      <trkpt lat="45.77486" lon="6.27517">
        <ele>1139</ele>
        <time>2025-05-30T18:19:39+00:00</time>
      </trkpt>
      <trkpt lat="45.77496" lon="6.27518">
        <ele>1140</ele>
        <time>2025-05-30T18:19:42+00:00</time>
      </trkpt>
      <trkpt lat="45.77506" lon="6.2752">
        <ele>1140</ele>
        <time>2025-05-30T18:19:45+00:00</time>
      </trkpt>
      <trkpt lat="45.77514" lon="6.27527">
        <ele>1142</ele>
        <time>2025-05-30T18:19:48+00:00</time>
      </trkpt>
      <trkpt lat="45.77524" lon="6.2753">
        <ele>1141</ele>
        <time>2025-05-30T18:19:51+00:00</time>
      </trkpt>
      <trkpt lat="45.77533" lon="6.27531">
        <ele>1139</ele>
        <time>2025-05-30T18:19:54+00:00</time>
      </trkpt>
      <trkpt lat="45.77552" lon="6.27537">
        <ele>1139</ele>
        <time>2025-05-30T18:19:57+00:00</time>
      </trkpt>
      <trkpt lat="45.7756" lon="6.27544">
        <ele>1137</ele>
        <time>2025-05-30T18:20:00+00:00</time>
      </trkpt>
      <trkpt lat="45.77568" lon="6.27554">
        <ele>1139</ele>
        <time>2025-05-30T18:20:03+00:00</time>
      </trkpt>
      <trkpt lat="45.77578" lon="6.27572">
        <ele>1140</ele>
        <time>2025-05-30T18:20:06+00:00</time>
      </trkpt>
      <trkpt lat="45.77581" lon="6.2758">
        <ele>1140</ele>
        <time>2025-05-30T18:20:09+00:00</time>
      </trkpt>
      <trkpt lat="45.77588" lon="6.27592">
        <ele>1141</ele>
        <time>2025-05-30T18:20:12+00:00</time>
      </trkpt>
      <trkpt lat="45.77592" lon="6.276">
        <ele>1140</ele>
        <time>2025-05-30T18:20:15+00:00</time>
      </trkpt>
      <trkpt lat="45.77595" lon="6.27616">
        <ele>1142</ele>
        <time>2025-05-30T18:20:18+00:00</time>
      </trkpt>
      <trkpt lat="45.77595" lon="6.27646">
        <ele>1149</ele>
        <time>2025-05-30T18:20:21+00:00</time>
      </trkpt>
      <trkpt lat="45.77594" lon="6.27658">
        <ele>1148</ele>
        <time>2025-05-30T18:20:24+00:00</time>
      </trkpt>
      <trkpt lat="45.77599" lon="6.27672">
        <ele>1149</ele>
        <time>2025-05-30T18:20:27+00:00</time>
      </trkpt>
      <trkpt lat="45.77602" lon="6.27687">
        <ele>1136</ele>
        <time>2025-05-30T18:20:30+00:00</time>
      </trkpt>
      <trkpt lat="45.77618" lon="6.27701">
        <ele>1134</ele>
        <time>2025-05-30T18:20:33+00:00</time>
      </trkpt>
      <trkpt lat="45.77629" lon="6.277">
        <ele>1129</ele>
        <time>2025-05-30T18:20:36+00:00</time>
      </trkpt>
      <trkpt lat="45.77637" lon="6.27698">
        <ele>1120</ele>
        <time>2025-05-30T18:20:39+00:00</time>
      </trkpt>
      <trkpt lat="45.7765" lon="6.27697">
        <ele>1121</ele>
        <time>2025-05-30T18:20:42+00:00</time>
      </trkpt>
      <trkpt lat="45.77672" lon="6.27691">
        <ele>1120</ele>
        <time>2025-05-30T18:20:45+00:00</time>
      </trkpt>
      <trkpt lat="45.77676" lon="6.27691">
        <ele>1119</ele>
        <time>2025-05-30T18:20:48+00:00</time>
      </trkpt>
      <trkpt lat="45.77691" lon="6.27693">
        <ele>1121</ele>
        <time>2025-05-30T18:20:51+00:00</time>
      </trkpt>
      <trkpt lat="45.777" lon="6.27697">
        <ele>1120</ele>
        <time>2025-05-30T18:20:54+00:00</time>
      </trkpt>
      <trkpt lat="45.77711" lon="6.27704">
        <ele>1121</ele>
        <time>2025-05-30T18:20:57+00:00</time>
      </trkpt>
      <trkpt lat="45.77722" lon="6.27711">
        <ele>1114</ele>
        <time>2025-05-30T18:21:00+00:00</time>
      </trkpt>
      <trkpt lat="45.77736" lon="6.27721">
        <ele>1116</ele>
        <time>2025-05-30T18:21:03+00:00</time>
      </trkpt>
      <trkpt lat="45.77747" lon="6.27726">
        <ele>1112</ele>
        <time>2025-05-30T18:21:06+00:00</time>
      </trkpt>
      <trkpt lat="45.77755" lon="6.27726">
        <ele>1116</ele>
        <time>2025-05-30T18:21:09+00:00</time>
      </trkpt>
      <trkpt lat="45.77764" lon="6.27725">
        <ele>1114</ele>
        <time>2025-05-30T18:21:12+00:00</time>
      </trkpt>
      <trkpt lat="45.77774" lon="6.27726">
        <ele>1116</ele>
        <time>2025-05-30T18:21:15+00:00</time>
      </trkpt>
      <trkpt lat="45.77786" lon="6.27729">
        <ele>1112</ele>
        <time>2025-05-30T18:21:18+00:00</time>
      </trkpt>
      <trkpt lat="45.77794" lon="6.27725">
        <ele>1117</ele>
        <time>2025-05-30T18:21:21+00:00</time>
      </trkpt>
      <trkpt lat="45.7781" lon="6.27719">
        <ele>1113</ele>
        <time>2025-05-30T18:21:24+00:00</time>
      </trkpt>
      <trkpt lat="45.77817" lon="6.2772">
        <ele>1118</ele>
        <time>2025-05-30T18:21:27+00:00</time>
      </trkpt>
      <trkpt lat="45.77835" lon="6.2773">
        <ele>1118</ele>
        <time>2025-05-30T18:21:30+00:00</time>
      </trkpt>
      <trkpt lat="45.77843" lon="6.27734">
        <ele>1107</ele>
        <time>2025-05-30T18:21:33+00:00</time>
      </trkpt>
      <trkpt lat="45.7785" lon="6.27744">
        <ele>1107</ele>
        <time>2025-05-30T18:21:36+00:00</time>
      </trkpt>
      <trkpt lat="45.77864" lon="6.27754">
        <ele>1113</ele>
        <time>2025-05-30T18:21:39+00:00</time>
      </trkpt>
      <trkpt lat="45.77869" lon="6.27755">
        <ele>1106</ele>
        <time>2025-05-30T18:21:42+00:00</time>
      </trkpt>
      <trkpt lat="45.77878" lon="6.27752">
        <ele>1110</ele>
        <time>2025-05-30T18:21:45+00:00</time>
      </trkpt>
      <trkpt lat="45.77887" lon="6.27746">
        <ele>1111</ele>
        <time>2025-05-30T18:21:48+00:00</time>
      </trkpt>
      <trkpt lat="45.77907" lon="6.27744">
        <ele>1110</ele>
        <time>2025-05-30T18:21:51+00:00</time>
      </trkpt>
      <trkpt lat="45.77922" lon="6.27734">
        <ele>1100</ele>
        <time>2025-05-30T18:21:54+00:00</time>
      </trkpt>
      <trkpt lat="45.77935" lon="6.27728">
        <ele>1105</ele>
        <time>2025-05-30T18:21:57+00:00</time>
      </trkpt>
      <trkpt lat="45.77943" lon="6.27722">
        <ele>1100</ele>
        <time>2025-05-30T18:22:00+00:00</time>
      </trkpt>
      <trkpt lat="45.77948" lon="6.27709">
        <ele>1103</ele>
        <time>2025-05-30T18:22:03+00:00</time>
      </trkpt>
      <trkpt lat="45.7796" lon="6.27694">
        <ele>1102</ele>
        <time>2025-05-30T18:22:06+00:00</time>
      </trkpt>
      <trkpt lat="45.77963" lon="6.27689">
        <ele>1101</ele>
        <time>2025-05-30T18:22:09+00:00</time>
      </trkpt>
      <trkpt lat="45.77968" lon="6.27675">
        <ele>1094</ele>
        <time>2025-05-30T18:22:12+00:00</time>
      </trkpt>
      <trkpt lat="45.77976" lon="6.27644">
        <ele>1100</ele>
        <time>2025-05-30T18:22:15+00:00</time>
      </trkpt>
      <trkpt lat="45.77982" lon="6.27618">
        <ele>1094</ele>
        <time>2025-05-30T18:22:18+00:00</time>
      </trkpt>
      <trkpt lat="45.77983" lon="6.27604">
        <ele>1093</ele>
        <time>2025-05-30T18:22:21+00:00</time>
      </trkpt>
      <trkpt lat="45.77982" lon="6.27586">
        <ele>1092</ele>
        <time>2025-05-30T18:22:24+00:00</time>
      </trkpt>
      <trkpt lat="45.77977" lon="6.2756">
        <ele>1087</ele>
        <time>2025-05-30T18:22:27+00:00</time>
      </trkpt>
      <trkpt lat="45.77979" lon="6.27544">
        <ele>1085</ele>
        <time>2025-05-30T18:22:30+00:00</time>
      </trkpt>
      <trkpt lat="45.77986" lon="6.27539">
        <ele>1087</ele>
        <time>2025-05-30T18:22:33+00:00</time>
      </trkpt>
      <trkpt lat="45.77995" lon="6.27538">
        <ele>1088</ele>
        <time>2025-05-30T18:22:36+00:00</time>
      </trkpt>
      <trkpt lat="45.78015" lon="6.27559">
        <ele>1086</ele>
        <time>2025-05-30T18:22:39+00:00</time>
      </trkpt>
      <trkpt lat="45.7802" lon="6.27565">
        <ele>1099</ele>
        <time>2025-05-30T18:22:42+00:00</time>
      </trkpt>
      <trkpt lat="45.78027" lon="6.27572">
        <ele>1096</ele>
        <time>2025-05-30T18:22:45+00:00</time>
      </trkpt>
      <trkpt lat="45.78038" lon="6.27574">
        <ele>1086</ele>
        <time>2025-05-30T18:22:48+00:00</time>
      </trkpt>
      <trkpt lat="45.78055" lon="6.2757">
        <ele>1088</ele>
        <time>2025-05-30T18:22:51+00:00</time>
      </trkpt>
      <trkpt lat="45.78062" lon="6.27568">
        <ele>1086</ele>
        <time>2025-05-30T18:22:54+00:00</time>
      </trkpt>
      <trkpt lat="45.78069" lon="6.27562">
        <ele>1086</ele>
        <time>2025-05-30T18:22:57+00:00</time>
      </trkpt>
      <trkpt lat="45.78077" lon="6.27555">
        <ele>1084</ele>
        <time>2025-05-30T18:23:00+00:00</time>
      </trkpt>
      <trkpt lat="45.78086" lon="6.2755">
        <ele>1086</ele>
        <time>2025-05-30T18:23:03+00:00</time>
      </trkpt>
      <trkpt lat="45.78099" lon="6.27552">
        <ele>1089</ele>
        <time>2025-05-30T18:23:06+00:00</time>
      </trkpt>
      <trkpt lat="45.78109" lon="6.27548">
        <ele>1086</ele>
        <time>2025-05-30T18:23:09+00:00</time>
      </trkpt>
      <trkpt lat="45.78117" lon="6.27544">
        <ele>1086</ele>
        <time>2025-05-30T18:23:12+00:00</time>
      </trkpt>
      <trkpt lat="45.78127" lon="6.27546">
        <ele>1086</ele>
        <time>2025-05-30T18:23:15+00:00</time>
      </trkpt>
      <trkpt lat="45.78136" lon="6.27549">
        <ele>1083</ele>
        <time>2025-05-30T18:23:18+00:00</time>
      </trkpt>
      <trkpt lat="45.78145" lon="6.27555">
        <ele>1084</ele>
        <time>2025-05-30T18:23:21+00:00</time>
      </trkpt>
      <trkpt lat="45.78155" lon="6.27558">
        <ele>1078</ele>
        <time>2025-05-30T18:23:24+00:00</time>
      </trkpt>
      <trkpt lat="45.78163" lon="6.27553">
        <ele>1083</ele>
        <time>2025-05-30T18:23:27+00:00</time>
      </trkpt>
      <trkpt lat="45.78178" lon="6.27546">
        <ele>1081</ele>
        <time>2025-05-30T18:23:30+00:00</time>
      </trkpt>
      <trkpt lat="45.7819" lon="6.27536">
        <ele>1082</ele>
        <time>2025-05-30T18:23:33+00:00</time>
      </trkpt>
      <trkpt lat="45.78195" lon="6.27524">
        <ele>1085</ele>
        <time>2025-05-30T18:23:36+00:00</time>
      </trkpt>
      <trkpt lat="45.78198" lon="6.27508">
        <ele>1083</ele>
        <time>2025-05-30T18:23:39+00:00</time>
      </trkpt>
      <trkpt lat="45.78199" lon="6.27497">
        <ele>1080</ele>
        <time>2025-05-30T18:23:42+00:00</time>
      </trkpt>
      <trkpt lat="45.78194" lon="6.27469">
        <ele>1085</ele>
        <time>2025-05-30T18:23:45+00:00</time>
      </trkpt>
      <trkpt lat="45.782" lon="6.27451">
        <ele>1085</ele>
        <time>2025-05-30T18:23:48+00:00</time>
      </trkpt>
      <trkpt lat="45.78204" lon="6.27447">
        <ele>1091</ele>
        <time>2025-05-30T18:23:51+00:00</time>
      </trkpt>
      <trkpt lat="45.78223" lon="6.27443">
        <ele>1096</ele>
        <time>2025-05-30T18:23:54+00:00</time>
      </trkpt>
      <trkpt lat="45.78242" lon="6.27433">
        <ele>1093</ele>
        <time>2025-05-30T18:23:57+00:00</time>
      </trkpt>
      <trkpt lat="45.78249" lon="6.27424">
        <ele>1089</ele>
        <time>2025-05-30T18:24:00+00:00</time>
      </trkpt>
      <trkpt lat="45.78258" lon="6.27421">
        <ele>1094</ele>
        <time>2025-05-30T18:24:03+00:00</time>
      </trkpt>
      <trkpt lat="45.78267" lon="6.27418">
        <ele>1094</ele>
        <time>2025-05-30T18:24:06+00:00</time>
      </trkpt>
      <trkpt lat="45.78277" lon="6.27412">
        <ele>1096</ele>
        <time>2025-05-30T18:24:09+00:00</time>
      </trkpt>
      <trkpt lat="45.78286" lon="6.27401">
        <ele>1097</ele>
        <time>2025-05-30T18:24:12+00:00</time>
      </trkpt>
      <trkpt lat="45.78291" lon="6.27392">
        <ele>1098</ele>
        <time>2025-05-30T18:24:15+00:00</time>
      </trkpt>
      <trkpt lat="45.78311" lon="6.27381">
        <ele>1100</ele>
        <time>2025-05-30T18:24:18+00:00</time>
      </trkpt>
      <trkpt lat="45.78323" lon="6.27377">
        <ele>1097</ele>
        <time>2025-05-30T18:24:21+00:00</time>
      </trkpt>
      <trkpt lat="45.78332" lon="6.27369">
        <ele>1099</ele>
        <time>2025-05-30T18:24:24+00:00</time>
      </trkpt>
      <trkpt lat="45.78347" lon="6.27365">
        <ele>1104</ele>
        <time>2025-05-30T18:24:27+00:00</time>
      </trkpt>
      <trkpt lat="45.78373" lon="6.27361">
        <ele>1099</ele>
        <time>2025-05-30T18:24:30+00:00</time>
      </trkpt>
      <trkpt lat="45.78377" lon="6.27358">
        <ele>1093</ele>
        <time>2025-05-30T18:24:33+00:00</time>
      </trkpt>
      <trkpt lat="45.78383" lon="6.27352">
        <ele>1091</ele>
        <time>2025-05-30T18:24:36+00:00</time>
      </trkpt>
      <trkpt lat="45.78388" lon="6.27344">
        <ele>1088</ele>
        <time>2025-05-30T18:24:39+00:00</time>
      </trkpt>
      <trkpt lat="45.78392" lon="6.27328">
        <ele>1086</ele>
        <time>2025-05-30T18:24:42+00:00</time>
      </trkpt>
      <trkpt lat="45.78394" lon="6.27314">
        <ele>1085</ele>
        <time>2025-05-30T18:24:45+00:00</time>
      </trkpt>
      <trkpt lat="45.78397" lon="6.27296">
        <ele>1084</ele>
        <time>2025-05-30T18:24:48+00:00</time>
      </trkpt>
      <trkpt lat="45.78398" lon="6.2728">
        <ele>1084</ele>
        <time>2025-05-30T18:24:51+00:00</time>
      </trkpt>
      <trkpt lat="45.78402" lon="6.27251">
        <ele>1083</ele>
        <time>2025-05-30T18:24:54+00:00</time>
      </trkpt>
      <trkpt lat="45.78407" lon="6.2724">
        <ele>1082</ele>
        <time>2025-05-30T18:24:57+00:00</time>
      </trkpt>
      <trkpt lat="45.78413" lon="6.2723">
        <ele>1078</ele>
        <time>2025-05-30T18:25:00+00:00</time>
      </trkpt>
      <trkpt lat="45.78425" lon="6.27214">
        <ele>1077</ele>
        <time>2025-05-30T18:25:03+00:00</time>
      </trkpt>
      <trkpt lat="45.78428" lon="6.27208">
        <ele>1075</ele>
        <time>2025-05-30T18:25:06+00:00</time>
      </trkpt>
      <trkpt lat="45.78435" lon="6.27201">
        <ele>1077</ele>
        <time>2025-05-30T18:25:09+00:00</time>
      </trkpt>
      <trkpt lat="45.78446" lon="6.27172">
        <ele>1071</ele>
        <time>2025-05-30T18:25:12+00:00</time>
      </trkpt>
      <trkpt lat="45.78466" lon="6.27139">
        <ele>1066</ele>
        <time>2025-05-30T18:25:15+00:00</time>
      </trkpt>
      <trkpt lat="45.78473" lon="6.27126">
        <ele>1066</ele>
        <time>2025-05-30T18:25:18+00:00</time>
      </trkpt>
      <trkpt lat="45.7848" lon="6.27114">
        <ele>1064</ele>
        <time>2025-05-30T18:25:21+00:00</time>
      </trkpt>
      <trkpt lat="45.78486" lon="6.27101">
        <ele>1064</ele>
        <time>2025-05-30T18:25:24+00:00</time>
      </trkpt>
      <trkpt lat="45.78493" lon="6.27089">
        <ele>1061</ele>
        <time>2025-05-30T18:25:27+00:00</time>
      </trkpt>
      <trkpt lat="45.78503" lon="6.27067">
        <ele>1057</ele>
        <time>2025-05-30T18:25:30+00:00</time>
      </trkpt>
      <trkpt lat="45.78509" lon="6.27057">
        <ele>1058</ele>
        <time>2025-05-30T18:25:33+00:00</time>
      </trkpt>
      <trkpt lat="45.78521" lon="6.27043">
        <ele>1058</ele>
        <time>2025-05-30T18:25:36+00:00</time>
      </trkpt>
      <trkpt lat="45.78525" lon="6.27035">
        <ele>1056</ele>
        <time>2025-05-30T18:25:39+00:00</time>
      </trkpt>
      <trkpt lat="45.7853" lon="6.27025">
        <ele>1054</ele>
        <time>2025-05-30T18:25:42+00:00</time>
      </trkpt>
      <trkpt lat="45.78538" lon="6.27012">
        <ele>1053</ele>
        <time>2025-05-30T18:25:45+00:00</time>
      </trkpt>
      <trkpt lat="45.78546" lon="6.26995">
        <ele>1051</ele>
        <time>2025-05-30T18:25:48+00:00</time>
      </trkpt>
      <trkpt lat="45.7855" lon="6.26987">
        <ele>1051</ele>
        <time>2025-05-30T18:25:51+00:00</time>
      </trkpt>
      <trkpt lat="45.78553" lon="6.26978">
        <ele>1050</ele>
        <time>2025-05-30T18:25:54+00:00</time>
      </trkpt>
      <trkpt lat="45.78562" lon="6.26964">
        <ele>1050</ele>
        <time>2025-05-30T18:25:57+00:00</time>
      </trkpt>
      <trkpt lat="45.78564" lon="6.26953">
        <ele>1049</ele>
        <time>2025-05-30T18:26:00+00:00</time>
      </trkpt>
      <trkpt lat="45.78581" lon="6.26935">
        <ele>1049</ele>
        <time>2025-05-30T18:26:03+00:00</time>
      </trkpt>
      <trkpt lat="45.78589" lon="6.26928">
        <ele>1047</ele>
        <time>2025-05-30T18:26:06+00:00</time>
      </trkpt>
      <trkpt lat="45.78598" lon="6.26922">
        <ele>1048</ele>
        <time>2025-05-30T18:26:09+00:00</time>
      </trkpt>
      <trkpt lat="45.78607" lon="6.26915">
        <ele>1047</ele>
        <time>2025-05-30T18:26:12+00:00</time>
      </trkpt>
      <trkpt lat="45.78617" lon="6.26906">
        <ele>1046</ele>
        <time>2025-05-30T18:26:15+00:00</time>
      </trkpt>
      <trkpt lat="45.78626" lon="6.26896">
        <ele>1044</ele>
        <time>2025-05-30T18:26:18+00:00</time>
      </trkpt>
      <trkpt lat="45.7864" lon="6.2687">
        <ele>1043</ele>
        <time>2025-05-30T18:26:21+00:00</time>
      </trkpt>
      <trkpt lat="45.78642" lon="6.26866">
        <ele>1043</ele>
        <time>2025-05-30T18:26:24+00:00</time>
      </trkpt>
      <trkpt lat="45.78648" lon="6.26859">
        <ele>1042</ele>
        <time>2025-05-30T18:26:27+00:00</time>
      </trkpt>
      <trkpt lat="45.78669" lon="6.26834">
        <ele>1040</ele>
        <time>2025-05-30T18:26:30+00:00</time>
      </trkpt>
      <trkpt lat="45.7869" lon="6.26802">
        <ele>1039</ele>
        <time>2025-05-30T18:26:33+00:00</time>
      </trkpt>
      <trkpt lat="45.78695" lon="6.26791">
        <ele>1039</ele>
        <time>2025-05-30T18:26:36+00:00</time>
      </trkpt>
      <trkpt lat="45.78702" lon="6.26782">
        <ele>1039</ele>
        <time>2025-05-30T18:26:39+00:00</time>
      </trkpt>
      <trkpt lat="45.7872" lon="6.26748">
        <ele>1037</ele>
        <time>2025-05-30T18:26:42+00:00</time>
      </trkpt>
      <trkpt lat="45.78727" lon="6.2674">
        <ele>1035</ele>
        <time>2025-05-30T18:26:45+00:00</time>
      </trkpt>
      <trkpt lat="45.78736" lon="6.26731">
        <ele>1037</ele>
        <time>2025-05-30T18:26:48+00:00</time>
      </trkpt>
      <trkpt lat="45.78747" lon="6.26718">
        <ele>1034</ele>
        <time>2025-05-30T18:26:51+00:00</time>
      </trkpt>
      <trkpt lat="45.78751" lon="6.26711">
        <ele>1037</ele>
        <time>2025-05-30T18:26:54+00:00</time>
      </trkpt>
      <trkpt lat="45.78754" lon="6.26701">
        <ele>1034</ele>
        <time>2025-05-30T18:26:57+00:00</time>
      </trkpt>
      <trkpt lat="45.7877" lon="6.26662">
        <ele>1034</ele>
        <time>2025-05-30T18:27:00+00:00</time>
      </trkpt>
      <trkpt lat="45.78776" lon="6.26637">
        <ele>1030</ele>
        <time>2025-05-30T18:27:03+00:00</time>
      </trkpt>
      <trkpt lat="45.78785" lon="6.26612">
        <ele>1029</ele>
        <time>2025-05-30T18:27:06+00:00</time>
      </trkpt>
      <trkpt lat="45.78791" lon="6.26598">
        <ele>1029</ele>
        <time>2025-05-30T18:27:09+00:00</time>
      </trkpt>
      <trkpt lat="45.78797" lon="6.26589">
        <ele>1028</ele>
        <time>2025-05-30T18:27:12+00:00</time>
      </trkpt>
      <trkpt lat="45.78803" lon="6.26578">
        <ele>1029</ele>
        <time>2025-05-30T18:27:15+00:00</time>
      </trkpt>
      <trkpt lat="45.78805" lon="6.26563">
        <ele>1028</ele>
        <time>2025-05-30T18:27:18+00:00</time>
      </trkpt>
      <trkpt lat="45.7881" lon="6.26552">
        <ele>1030</ele>
        <time>2025-05-30T18:27:21+00:00</time>
      </trkpt>
      <trkpt lat="45.78823" lon="6.2653">
        <ele>1028</ele>
        <time>2025-05-30T18:27:24+00:00</time>
      </trkpt>
      <trkpt lat="45.78835" lon="6.26522">
        <ele>1027</ele>
        <time>2025-05-30T18:27:27+00:00</time>
      </trkpt>
      <trkpt lat="45.78842" lon="6.26514">
        <ele>1028</ele>
        <time>2025-05-30T18:27:30+00:00</time>
      </trkpt>
      <trkpt lat="45.78852" lon="6.26513">
        <ele>1029</ele>
        <time>2025-05-30T18:27:33+00:00</time>
      </trkpt>
      <trkpt lat="45.78858" lon="6.26515">
        <ele>1029</ele>
        <time>2025-05-30T18:27:36+00:00</time>
      </trkpt>
      <trkpt lat="45.78875" lon="6.26516">
        <ele>1031</ele>
        <time>2025-05-30T18:27:39+00:00</time>
      </trkpt>
      <trkpt lat="45.78886" lon="6.26516">
        <ele>1032</ele>
        <time>2025-05-30T18:27:42+00:00</time>
      </trkpt>
      <trkpt lat="45.78897" lon="6.26517">
        <ele>1032</ele>
        <time>2025-05-30T18:27:45+00:00</time>
      </trkpt>
      <trkpt lat="45.78906" lon="6.2652">
        <ele>1033</ele>
        <time>2025-05-30T18:27:48+00:00</time>
      </trkpt>
      <trkpt lat="45.78915" lon="6.26525">
        <ele>1033</ele>
        <time>2025-05-30T18:27:51+00:00</time>
      </trkpt>
      <trkpt lat="45.78921" lon="6.26526">
        <ele>1034</ele>
        <time>2025-05-30T18:27:54+00:00</time>
      </trkpt>
      <trkpt lat="45.78935" lon="6.26528">
        <ele>1034</ele>
        <time>2025-05-30T18:27:57+00:00</time>
      </trkpt>
      <trkpt lat="45.78954" lon="6.26532">
        <ele>1037</ele>
        <time>2025-05-30T18:28:00+00:00</time>
      </trkpt>
      <trkpt lat="45.78963" lon="6.26533">
        <ele>1037</ele>
        <time>2025-05-30T18:28:03+00:00</time>
      </trkpt>
      <trkpt lat="45.78973" lon="6.26536">
        <ele>1037</ele>
        <time>2025-05-30T18:28:06+00:00</time>
      </trkpt>
      <trkpt lat="45.78982" lon="6.26541">
        <ele>1039</ele>
        <time>2025-05-30T18:28:09+00:00</time>
      </trkpt>
      <trkpt lat="45.78991" lon="6.26543">
        <ele>1038</ele>
        <time>2025-05-30T18:28:12+00:00</time>
      </trkpt>
      <trkpt lat="45.79" lon="6.26549">
        <ele>1038</ele>
        <time>2025-05-30T18:28:15+00:00</time>
      </trkpt>
      <trkpt lat="45.79016" lon="6.26554">
        <ele>1039</ele>
        <time>2025-05-30T18:28:18+00:00</time>
      </trkpt>
      <trkpt lat="45.79022" lon="6.26556">
        <ele>1038</ele>
        <time>2025-05-30T18:28:21+00:00</time>
      </trkpt>
      <trkpt lat="45.7903" lon="6.26554">
        <ele>1037</ele>
        <time>2025-05-30T18:28:24+00:00</time>
      </trkpt>
      <trkpt lat="45.79031" lon="6.26552">
        <ele>1037</ele>
        <time>2025-05-30T18:28:27+00:00</time>
      </trkpt>
      <trkpt lat="45.79048" lon="6.2655">
        <ele>1036</ele>
        <time>2025-05-30T18:28:30+00:00</time>
      </trkpt>
      <trkpt lat="45.79068" lon="6.26559">
        <ele>1034</ele>
        <time>2025-05-30T18:28:33+00:00</time>
      </trkpt>
      <trkpt lat="45.79107" lon="6.26571">
        <ele>1031</ele>
        <time>2025-05-30T18:28:36+00:00</time>
      </trkpt>
      <trkpt lat="45.79117" lon="6.26571">
        <ele>1029</ele>
        <time>2025-05-30T18:28:39+00:00</time>
      </trkpt>
      <trkpt lat="45.79137" lon="6.26582">
        <ele>1028</ele>
        <time>2025-05-30T18:28:42+00:00</time>
      </trkpt>
      <trkpt lat="45.79154" lon="6.26594">
        <ele>1028</ele>
        <time>2025-05-30T18:28:45+00:00</time>
      </trkpt>
      <trkpt lat="45.79165" lon="6.26611">
        <ele>1028</ele>
        <time>2025-05-30T18:28:48+00:00</time>
      </trkpt>
      <trkpt lat="45.79182" lon="6.26639">
        <ele>1027</ele>
        <time>2025-05-30T18:28:51+00:00</time>
      </trkpt>
      <trkpt lat="45.79187" lon="6.2665">
        <ele>1028</ele>
        <time>2025-05-30T18:28:54+00:00</time>
      </trkpt>
      <trkpt lat="45.79195" lon="6.26661">
        <ele>1027</ele>
        <time>2025-05-30T18:28:57+00:00</time>
      </trkpt>
      <trkpt lat="45.79211" lon="6.2668">
        <ele>1026</ele>
        <time>2025-05-30T18:29:00+00:00</time>
      </trkpt>
      <trkpt lat="45.7922" lon="6.26685">
        <ele>1022</ele>
        <time>2025-05-30T18:29:03+00:00</time>
      </trkpt>
      <trkpt lat="45.79235" lon="6.26703">
        <ele>1027</ele>
        <time>2025-05-30T18:29:06+00:00</time>
      </trkpt>
      <trkpt lat="45.79241" lon="6.26714">
        <ele>1025</ele>
        <time>2025-05-30T18:29:09+00:00</time>
      </trkpt>
      <trkpt lat="45.79249" lon="6.26727">
        <ele>1026</ele>
        <time>2025-05-30T18:29:12+00:00</time>
      </trkpt>
      <trkpt lat="45.79264" lon="6.26739">
        <ele>1024</ele>
        <time>2025-05-30T18:29:15+00:00</time>
      </trkpt>
      <trkpt lat="45.79273" lon="6.26741">
        <ele>1026</ele>
        <time>2025-05-30T18:29:18+00:00</time>
      </trkpt>
      <trkpt lat="45.79282" lon="6.2674">
        <ele>1025</ele>
        <time>2025-05-30T18:29:21+00:00</time>
      </trkpt>
      <trkpt lat="45.79292" lon="6.26734">
        <ele>1026</ele>
        <time>2025-05-30T18:29:24+00:00</time>
      </trkpt>
      <trkpt lat="45.79311" lon="6.26735">
        <ele>1032</ele>
        <time>2025-05-30T18:29:27+00:00</time>
      </trkpt>
      <trkpt lat="45.79321" lon="6.26735">
        <ele>1036</ele>
        <time>2025-05-30T18:29:30+00:00</time>
      </trkpt>
      <trkpt lat="45.7933" lon="6.26732">
        <ele>1036</ele>
        <time>2025-05-30T18:29:33+00:00</time>
      </trkpt>
      <trkpt lat="45.79335" lon="6.26721">
        <ele>1043</ele>
        <time>2025-05-30T18:29:36+00:00</time>
      </trkpt>
      <trkpt lat="45.79344" lon="6.26723">
        <ele>1046</ele>
        <time>2025-05-30T18:29:39+00:00</time>
      </trkpt>
      <trkpt lat="45.79346" lon="6.26736">
        <ele>1045</ele>
        <time>2025-05-30T18:29:42+00:00</time>
      </trkpt>
      <trkpt lat="45.79353" lon="6.26745">
        <ele>1049</ele>
        <time>2025-05-30T18:29:45+00:00</time>
      </trkpt>
      <trkpt lat="45.79359" lon="6.26754">
        <ele>1048</ele>
        <time>2025-05-30T18:29:48+00:00</time>
      </trkpt>
      <trkpt lat="45.79363" lon="6.26769">
        <ele>1057</ele>
        <time>2025-05-30T18:29:51+00:00</time>
      </trkpt>
      <trkpt lat="45.79369" lon="6.2678">
        <ele>1056</ele>
        <time>2025-05-30T18:29:54+00:00</time>
      </trkpt>
      <trkpt lat="45.79372" lon="6.26792">
        <ele>1061</ele>
        <time>2025-05-30T18:29:57+00:00</time>
      </trkpt>
      <trkpt lat="45.79377" lon="6.26803">
        <ele>1063</ele>
        <time>2025-05-30T18:30:00+00:00</time>
      </trkpt>
      <trkpt lat="45.79379" lon="6.26818">
        <ele>1064</ele>
        <time>2025-05-30T18:30:03+00:00</time>
      </trkpt>
      <trkpt lat="45.79385" lon="6.26827">
        <ele>1072</ele>
        <time>2025-05-30T18:30:06+00:00</time>
      </trkpt>
      <trkpt lat="45.79387" lon="6.26842">
        <ele>1073</ele>
        <time>2025-05-30T18:30:09+00:00</time>
      </trkpt>
      <trkpt lat="45.7939" lon="6.2683">
        <ele>1078</ele>
        <time>2025-05-30T18:30:12+00:00</time>
      </trkpt>
      <trkpt lat="45.79389" lon="6.26816">
        <ele>1071</ele>
        <time>2025-05-30T18:30:15+00:00</time>
      </trkpt>
      <trkpt lat="45.79393" lon="6.26803">
        <ele>1073</ele>
        <time>2025-05-30T18:30:18+00:00</time>
      </trkpt>
      <trkpt lat="45.79402" lon="6.26795">
        <ele>1077</ele>
        <time>2025-05-30T18:30:21+00:00</time>
      </trkpt>
      <trkpt lat="45.79409" lon="6.26789">
        <ele>1074</ele>
        <time>2025-05-30T18:30:24+00:00</time>
      </trkpt>
      <trkpt lat="45.7942" lon="6.26785">
        <ele>1077</ele>
        <time>2025-05-30T18:30:27+00:00</time>
      </trkpt>
      <trkpt lat="45.79431" lon="6.26782">
        <ele>1077</ele>
        <time>2025-05-30T18:30:30+00:00</time>
      </trkpt>
      <trkpt lat="45.79442" lon="6.26787">
        <ele>1077</ele>
        <time>2025-05-30T18:30:33+00:00</time>
      </trkpt>
      <trkpt lat="45.79452" lon="6.26786">
        <ele>1077</ele>
        <time>2025-05-30T18:30:36+00:00</time>
      </trkpt>
      <trkpt lat="45.79462" lon="6.26792">
        <ele>1079</ele>
        <time>2025-05-30T18:30:39+00:00</time>
      </trkpt>
      <trkpt lat="45.79489" lon="6.2681">
        <ele>1075</ele>
        <time>2025-05-30T18:30:42+00:00</time>
      </trkpt>
      <trkpt lat="45.79503" lon="6.26818">
        <ele>1074</ele>
        <time>2025-05-30T18:30:45+00:00</time>
      </trkpt>
      <trkpt lat="45.79519" lon="6.26825">
        <ele>1073</ele>
        <time>2025-05-30T18:30:48+00:00</time>
      </trkpt>
      <trkpt lat="45.79529" lon="6.26822">
        <ele>1070</ele>
        <time>2025-05-30T18:30:51+00:00</time>
      </trkpt>
      <trkpt lat="45.79549" lon="6.26814">
        <ele>1073</ele>
        <time>2025-05-30T18:30:54+00:00</time>
      </trkpt>
      <trkpt lat="45.79558" lon="6.26812">
        <ele>1072</ele>
        <time>2025-05-30T18:30:57+00:00</time>
      </trkpt>
      <trkpt lat="45.79568" lon="6.26816">
        <ele>1074</ele>
        <time>2025-05-30T18:31:00+00:00</time>
      </trkpt>
      <trkpt lat="45.79578" lon="6.26823">
        <ele>1073</ele>
        <time>2025-05-30T18:31:03+00:00</time>
      </trkpt>
      <trkpt lat="45.79596" lon="6.2686">
        <ele>1069</ele>
        <time>2025-05-30T18:31:06+00:00</time>
      </trkpt>
      <trkpt lat="45.79601" lon="6.2687">
        <ele>1069</ele>
        <time>2025-05-30T18:31:09+00:00</time>
      </trkpt>
      <trkpt lat="45.79608" lon="6.26879">
        <ele>1069</ele>
        <time>2025-05-30T18:31:12+00:00</time>
      </trkpt>
      <trkpt lat="45.79617" lon="6.26884">
        <ele>1065</ele>
        <time>2025-05-30T18:31:15+00:00</time>
      </trkpt>
      <trkpt lat="45.79633" lon="6.26865">
        <ele>1053</ele>
        <time>2025-05-30T18:31:18+00:00</time>
      </trkpt>
      <trkpt lat="45.79646" lon="6.26843">
        <ele>1052</ele>
        <time>2025-05-30T18:31:21+00:00</time>
      </trkpt>
      <trkpt lat="45.7965" lon="6.26831">
        <ele>1046</ele>
        <time>2025-05-30T18:31:24+00:00</time>
      </trkpt>
      <trkpt lat="45.79659" lon="6.26813">
        <ele>1055</ele>
        <time>2025-05-30T18:31:27+00:00</time>
      </trkpt>
      <trkpt lat="45.79661" lon="6.26806">
        <ele>1060</ele>
        <time>2025-05-30T18:31:30+00:00</time>
      </trkpt>
      <trkpt lat="45.79666" lon="6.26794">
        <ele>1058</ele>
        <time>2025-05-30T18:31:33+00:00</time>
      </trkpt>
      <trkpt lat="45.79685" lon="6.26791">
        <ele>1054</ele>
        <time>2025-05-30T18:31:36+00:00</time>
      </trkpt>
      <trkpt lat="45.79693" lon="6.26783">
        <ele>1055</ele>
        <time>2025-05-30T18:31:39+00:00</time>
      </trkpt>
      <trkpt lat="45.79703" lon="6.26786">
        <ele>1053</ele>
        <time>2025-05-30T18:31:42+00:00</time>
      </trkpt>
      <trkpt lat="45.79715" lon="6.26784">
        <ele>1051</ele>
        <time>2025-05-30T18:31:45+00:00</time>
      </trkpt>
      <trkpt lat="45.79726" lon="6.26783">
        <ele>1051</ele>
        <time>2025-05-30T18:31:48+00:00</time>
      </trkpt>
      <trkpt lat="45.79734" lon="6.26779">
        <ele>1047</ele>
        <time>2025-05-30T18:31:51+00:00</time>
      </trkpt>
      <trkpt lat="45.79756" lon="6.26776">
        <ele>1047</ele>
        <time>2025-05-30T18:31:54+00:00</time>
      </trkpt>
      <trkpt lat="45.7976" lon="6.26775">
        <ele>1047</ele>
        <time>2025-05-30T18:31:57+00:00</time>
      </trkpt>
      <trkpt lat="45.79767" lon="6.26773">
        <ele>1047</ele>
        <time>2025-05-30T18:32:00+00:00</time>
      </trkpt>
      <trkpt lat="45.79774" lon="6.26767">
        <ele>1045</ele>
        <time>2025-05-30T18:32:03+00:00</time>
      </trkpt>
      <trkpt lat="45.79783" lon="6.26757">
        <ele>1043</ele>
        <time>2025-05-30T18:32:06+00:00</time>
      </trkpt>
      <trkpt lat="45.79791" lon="6.26752">
        <ele>1045</ele>
        <time>2025-05-30T18:32:09+00:00</time>
      </trkpt>
      <trkpt lat="45.79801" lon="6.26751">
        <ele>1045</ele>
        <time>2025-05-30T18:32:12+00:00</time>
      </trkpt>
      <trkpt lat="45.79811" lon="6.26746">
        <ele>1045</ele>
        <time>2025-05-30T18:32:15+00:00</time>
      </trkpt>
      <trkpt lat="45.79823" lon="6.26743">
        <ele>1047</ele>
        <time>2025-05-30T18:32:18+00:00</time>
      </trkpt>
      <trkpt lat="45.79832" lon="6.26739">
        <ele>1046</ele>
        <time>2025-05-30T18:32:21+00:00</time>
      </trkpt>
      <trkpt lat="45.79842" lon="6.26737">
        <ele>1048</ele>
        <time>2025-05-30T18:32:24+00:00</time>
      </trkpt>
      <trkpt lat="45.7986" lon="6.2674">
        <ele>1044</ele>
        <time>2025-05-30T18:32:27+00:00</time>
      </trkpt>
      <trkpt lat="45.79874" lon="6.26742">
        <ele>1045</ele>
        <time>2025-05-30T18:32:30+00:00</time>
      </trkpt>
      <trkpt lat="45.79878" lon="6.26745">
        <ele>1045</ele>
        <time>2025-05-30T18:32:33+00:00</time>
      </trkpt>
      <trkpt lat="45.79885" lon="6.26756">
        <ele>1043</ele>
        <time>2025-05-30T18:32:36+00:00</time>
      </trkpt>
      <trkpt lat="45.79896" lon="6.26778">
        <ele>1041</ele>
        <time>2025-05-30T18:32:39+00:00</time>
      </trkpt>
      <trkpt lat="45.79905" lon="6.26784">
        <ele>1040</ele>
        <time>2025-05-30T18:32:42+00:00</time>
      </trkpt>
      <trkpt lat="45.79915" lon="6.26787">
        <ele>1037</ele>
        <time>2025-05-30T18:32:45+00:00</time>
      </trkpt>
      <trkpt lat="45.79925" lon="6.26791">
        <ele>1038</ele>
        <time>2025-05-30T18:32:48+00:00</time>
      </trkpt>
      <trkpt lat="45.79935" lon="6.26787">
        <ele>1033</ele>
        <time>2025-05-30T18:32:51+00:00</time>
      </trkpt>
      <trkpt lat="45.79937" lon="6.26775">
        <ele>1027</ele>
        <time>2025-05-30T18:32:54+00:00</time>
      </trkpt>
      <trkpt lat="45.79939" lon="6.26761">
        <ele>1027</ele>
        <time>2025-05-30T18:32:57+00:00</time>
      </trkpt>
      <trkpt lat="45.79944" lon="6.2675">
        <ele>1030</ele>
        <time>2025-05-30T18:33:00+00:00</time>
      </trkpt>
      <trkpt lat="45.79947" lon="6.26738">
        <ele>1029</ele>
        <time>2025-05-30T18:33:03+00:00</time>
      </trkpt>
      <trkpt lat="45.79942" lon="6.26715">
        <ele>1030</ele>
        <time>2025-05-30T18:33:06+00:00</time>
      </trkpt>
      <trkpt lat="45.79938" lon="6.26693">
        <ele>1026</ele>
        <time>2025-05-30T18:33:09+00:00</time>
      </trkpt>
      <trkpt lat="45.79925" lon="6.26654">
        <ele>1030</ele>
        <time>2025-05-30T18:33:12+00:00</time>
      </trkpt>
      <trkpt lat="45.79917" lon="6.26628">
        <ele>1030</ele>
        <time>2025-05-30T18:33:15+00:00</time>
      </trkpt>
      <trkpt lat="45.79919" lon="6.26614">
        <ele>1034</ele>
        <time>2025-05-30T18:33:18+00:00</time>
      </trkpt>
      <trkpt lat="45.79923" lon="6.26603">
        <ele>1039</ele>
        <time>2025-05-30T18:33:21+00:00</time>
      </trkpt>
      <trkpt lat="45.7993" lon="6.2659">
        <ele>1039</ele>
        <time>2025-05-30T18:33:24+00:00</time>
      </trkpt>
      <trkpt lat="45.79935" lon="6.26585">
        <ele>1039</ele>
        <time>2025-05-30T18:33:27+00:00</time>
      </trkpt>
      <trkpt lat="45.79937" lon="6.26584">
        <ele>1039</ele>
        <time>2025-05-30T18:33:30+00:00</time>
      </trkpt>
      <trkpt lat="45.79949" lon="6.26583">
        <ele>1040</ele>
        <time>2025-05-30T18:33:33+00:00</time>
      </trkpt>
      <trkpt lat="45.79965" lon="6.2658">
        <ele>1042</ele>
        <time>2025-05-30T18:33:36+00:00</time>
      </trkpt>
      <trkpt lat="45.79968" lon="6.26579">
        <ele>1040</ele>
        <time>2025-05-30T18:33:39+00:00</time>
      </trkpt>
      <trkpt lat="45.79975" lon="6.26574">
        <ele>1041</ele>
        <time>2025-05-30T18:33:42+00:00</time>
      </trkpt>
      <trkpt lat="45.79978" lon="6.26572">
        <ele>1041</ele>
        <time>2025-05-30T18:33:45+00:00</time>
      </trkpt>
      <trkpt lat="45.79979" lon="6.2657">
        <ele>1039</ele>
        <time>2025-05-30T18:33:48+00:00</time>
      </trkpt>
      <trkpt lat="45.79984" lon="6.26565">
        <ele>1041</ele>
        <time>2025-05-30T18:33:51+00:00</time>
      </trkpt>
      <trkpt lat="45.79996" lon="6.26557">
        <ele>1040</ele>
        <time>2025-05-30T18:33:54+00:00</time>
      </trkpt>
      <trkpt lat="45.80006" lon="6.26549">
        <ele>1040</ele>
        <time>2025-05-30T18:33:57+00:00</time>
      </trkpt>
      <trkpt lat="45.80012" lon="6.26546">
        <ele>1042</ele>
        <time>2025-05-30T18:34:00+00:00</time>
      </trkpt>
      <trkpt lat="45.8002" lon="6.26541">
        <ele>1045</ele>
        <time>2025-05-30T18:34:03+00:00</time>
      </trkpt>
      <trkpt lat="45.80038" lon="6.26533">
        <ele>1045</ele>
        <time>2025-05-30T18:34:06+00:00</time>
      </trkpt>
      <trkpt lat="45.8004" lon="6.26531">
        <ele>1045</ele>
        <time>2025-05-30T18:34:09+00:00</time>
      </trkpt>
      <trkpt lat="45.80042" lon="6.26526">
        <ele>1044</ele>
        <time>2025-05-30T18:34:12+00:00</time>
      </trkpt>
      <trkpt lat="45.80044" lon="6.26525">
        <ele>1044</ele>
        <time>2025-05-30T18:34:15+00:00</time>
      </trkpt>
      <trkpt lat="45.80045" lon="6.26523">
        <ele>1044</ele>
        <time>2025-05-30T18:34:18+00:00</time>
      </trkpt>
      <trkpt lat="45.80046" lon="6.2652">
        <ele>1044</ele>
        <time>2025-05-30T18:34:21+00:00</time>
      </trkpt>
      <trkpt lat="45.8005" lon="6.26516">
        <ele>1044</ele>
        <time>2025-05-30T18:34:24+00:00</time>
      </trkpt>
      <trkpt lat="45.80053" lon="6.26509">
        <ele>1045</ele>
        <time>2025-05-30T18:34:27+00:00</time>
      </trkpt>
      <trkpt lat="45.80056" lon="6.26499">
        <ele>1044</ele>
        <time>2025-05-30T18:34:30+00:00</time>
      </trkpt>
      <trkpt lat="45.80059" lon="6.26498">
        <ele>1044</ele>
        <time>2025-05-30T18:34:33+00:00</time>
      </trkpt>
      <trkpt lat="45.80062" lon="6.26495">
        <ele>1047</ele>
        <time>2025-05-30T18:34:36+00:00</time>
      </trkpt>
      <trkpt lat="45.80066" lon="6.26487">
        <ele>1046</ele>
        <time>2025-05-30T18:34:39+00:00</time>
      </trkpt>
      <trkpt lat="45.80067" lon="6.26485">
        <ele>1046</ele>
        <time>2025-05-30T18:34:42+00:00</time>
      </trkpt>
      <trkpt lat="45.80072" lon="6.26483">
        <ele>1048</ele>
        <time>2025-05-30T18:34:45+00:00</time>
      </trkpt>
      <trkpt lat="45.80075" lon="6.26478">
        <ele>1047</ele>
        <time>2025-05-30T18:34:48+00:00</time>
      </trkpt>
      <trkpt lat="45.80077" lon="6.26478">
        <ele>1047</ele>
        <time>2025-05-30T18:34:51+00:00</time>
      </trkpt>
      <trkpt lat="45.80099" lon="6.26461">
        <ele>1048</ele>
        <time>2025-05-30T18:34:54+00:00</time>
      </trkpt>
      <trkpt lat="45.80105" lon="6.26459">
        <ele>1049</ele>
        <time>2025-05-30T18:34:57+00:00</time>
      </trkpt>
      <trkpt lat="45.8011" lon="6.26461">
        <ele>1049</ele>
        <time>2025-05-30T18:35:00+00:00</time>
      </trkpt>
      <trkpt lat="45.80126" lon="6.26464">
        <ele>1047</ele>
        <time>2025-05-30T18:35:03+00:00</time>
      </trkpt>
      <trkpt lat="45.80129" lon="6.26465">
        <ele>1049</ele>
        <time>2025-05-30T18:35:06+00:00</time>
      </trkpt>
      <trkpt lat="45.80133" lon="6.26464">
        <ele>1049</ele>
        <time>2025-05-30T18:35:09+00:00</time>
      </trkpt>
      <trkpt lat="45.80141" lon="6.26463">
        <ele>1048</ele>
        <time>2025-05-30T18:35:12+00:00</time>
      </trkpt>
      <trkpt lat="45.80154" lon="6.26464">
        <ele>1047</ele>
        <time>2025-05-30T18:35:15+00:00</time>
      </trkpt>
      <trkpt lat="45.80174" lon="6.26473">
        <ele>1045</ele>
        <time>2025-05-30T18:35:18+00:00</time>
      </trkpt>
      <trkpt lat="45.8018" lon="6.26479">
        <ele>1045</ele>
        <time>2025-05-30T18:35:21+00:00</time>
      </trkpt>
      <trkpt lat="45.80196" lon="6.26484">
        <ele>1044</ele>
        <time>2025-05-30T18:35:24+00:00</time>
      </trkpt>
      <trkpt lat="45.80211" lon="6.26483">
        <ele>1041</ele>
        <time>2025-05-30T18:35:27+00:00</time>
      </trkpt>
      <trkpt lat="45.80219" lon="6.26472">
        <ele>1039</ele>
        <time>2025-05-30T18:35:30+00:00</time>
      </trkpt>
      <trkpt lat="45.80223" lon="6.2646">
        <ele>1037</ele>
        <time>2025-05-30T18:35:33+00:00</time>
      </trkpt>
      <trkpt lat="45.80231" lon="6.26452">
        <ele>1037</ele>
        <time>2025-05-30T18:35:36+00:00</time>
      </trkpt>
      <trkpt lat="45.80253" lon="6.26444">
        <ele>1042</ele>
        <time>2025-05-30T18:35:39+00:00</time>
      </trkpt>
      <trkpt lat="45.80262" lon="6.26444">
        <ele>1039</ele>
        <time>2025-05-30T18:35:42+00:00</time>
      </trkpt>
      <trkpt lat="45.80282" lon="6.26449">
        <ele>1045</ele>
        <time>2025-05-30T18:35:45+00:00</time>
      </trkpt>
      <trkpt lat="45.80294" lon="6.26456">
        <ele>1048</ele>
        <time>2025-05-30T18:35:48+00:00</time>
      </trkpt>
      <trkpt lat="45.80313" lon="6.26464">
        <ele>1052</ele>
        <time>2025-05-30T18:35:51+00:00</time>
      </trkpt>
      <trkpt lat="45.80321" lon="6.26467">
        <ele>1053</ele>
        <time>2025-05-30T18:35:54+00:00</time>
      </trkpt>
      <trkpt lat="45.80331" lon="6.26469">
        <ele>1053</ele>
        <time>2025-05-30T18:35:57+00:00</time>
      </trkpt>
      <trkpt lat="45.80341" lon="6.26468">
        <ele>1053</ele>
        <time>2025-05-30T18:36:00+00:00</time>
      </trkpt>
      <trkpt lat="45.80341" lon="6.26471">
        <ele>1053</ele>
        <time>2025-05-30T18:36:03+00:00</time>
      </trkpt>
      <trkpt lat="45.80345" lon="6.26479">
        <ele>1053</ele>
        <time>2025-05-30T18:36:06+00:00</time>
      </trkpt>
      <trkpt lat="45.80347" lon="6.26491">
        <ele>1056</ele>
        <time>2025-05-30T18:36:09+00:00</time>
      </trkpt>
      <trkpt lat="45.80347" lon="6.26501">
        <ele>1057</ele>
        <time>2025-05-30T18:36:12+00:00</time>
      </trkpt>
      <trkpt lat="45.80349" lon="6.26507">
        <ele>1057</ele>
        <time>2025-05-30T18:36:15+00:00</time>
      </trkpt>
      <trkpt lat="45.8035" lon="6.26516">
        <ele>1058</ele>
        <time>2025-05-30T18:36:18+00:00</time>
      </trkpt>
      <trkpt lat="45.80352" lon="6.26524">
        <ele>1060</ele>
        <time>2025-05-30T18:36:21+00:00</time>
      </trkpt>
      <trkpt lat="45.80357" lon="6.26539">
        <ele>1062</ele>
        <time>2025-05-30T18:36:24+00:00</time>
      </trkpt>
      <trkpt lat="45.80358" lon="6.2655">
        <ele>1063</ele>
        <time>2025-05-30T18:36:27+00:00</time>
      </trkpt>
      <trkpt lat="45.8036" lon="6.26553">
        <ele>1065</ele>
        <time>2025-05-30T18:36:30+00:00</time>
      </trkpt>
      <trkpt lat="45.80361" lon="6.26558">
        <ele>1065</ele>
        <time>2025-05-30T18:36:33+00:00</time>
      </trkpt>
      <trkpt lat="45.80363" lon="6.2656">
        <ele>1065</ele>
        <time>2025-05-30T18:36:36+00:00</time>
      </trkpt>
      <trkpt lat="45.80364" lon="6.2657">
        <ele>1067</ele>
        <time>2025-05-30T18:36:39+00:00</time>
      </trkpt>
      <trkpt lat="45.80367" lon="6.26578">
        <ele>1068</ele>
        <time>2025-05-30T18:36:42+00:00</time>
      </trkpt>
      <trkpt lat="45.80371" lon="6.26586">
        <ele>1070</ele>
        <time>2025-05-30T18:36:45+00:00</time>
      </trkpt>
      <trkpt lat="45.80375" lon="6.26591">
        <ele>1073</ele>
        <time>2025-05-30T18:36:48+00:00</time>
      </trkpt>
      <trkpt lat="45.80378" lon="6.26597">
        <ele>1073</ele>
        <time>2025-05-30T18:36:51+00:00</time>
      </trkpt>
      <trkpt lat="45.80384" lon="6.26604">
        <ele>1075</ele>
        <time>2025-05-30T18:36:54+00:00</time>
      </trkpt>
      <trkpt lat="45.80384" lon="6.26607">
        <ele>1075</ele>
        <time>2025-05-30T18:36:57+00:00</time>
      </trkpt>
      <trkpt lat="45.80387" lon="6.26612">
        <ele>1077</ele>
        <time>2025-05-30T18:37:00+00:00</time>
      </trkpt>
      <trkpt lat="45.80388" lon="6.26618">
        <ele>1077</ele>
        <time>2025-05-30T18:37:03+00:00</time>
      </trkpt>
      <trkpt lat="45.80394" lon="6.2663">
        <ele>1079</ele>
        <time>2025-05-30T18:37:06+00:00</time>
      </trkpt>
      <trkpt lat="45.80413" lon="6.26648">
        <ele>1080</ele>
        <time>2025-05-30T18:37:09+00:00</time>
      </trkpt>
      <trkpt lat="45.80419" lon="6.26655">
        <ele>1084</ele>
        <time>2025-05-30T18:37:12+00:00</time>
      </trkpt>
      <trkpt lat="45.80421" lon="6.2666">
        <ele>1084</ele>
        <time>2025-05-30T18:37:15+00:00</time>
      </trkpt>
      <trkpt lat="45.80426" lon="6.26665">
        <ele>1087</ele>
        <time>2025-05-30T18:37:18+00:00</time>
      </trkpt>
      <trkpt lat="45.80429" lon="6.26669">
        <ele>1087</ele>
        <time>2025-05-30T18:37:21+00:00</time>
      </trkpt>
      <trkpt lat="45.80434" lon="6.26673">
        <ele>1089</ele>
        <time>2025-05-30T18:37:24+00:00</time>
      </trkpt>
      <trkpt lat="45.80443" lon="6.26693">
        <ele>1093</ele>
        <time>2025-05-30T18:37:27+00:00</time>
      </trkpt>
      <trkpt lat="45.80447" lon="6.26699">
        <ele>1093</ele>
        <time>2025-05-30T18:37:30+00:00</time>
      </trkpt>
      <trkpt lat="45.80454" lon="6.26712">
        <ele>1099</ele>
        <time>2025-05-30T18:37:33+00:00</time>
      </trkpt>
      <trkpt lat="45.80455" lon="6.26716">
        <ele>1099</ele>
        <time>2025-05-30T18:37:36+00:00</time>
      </trkpt>
      <trkpt lat="45.8046" lon="6.26721">
        <ele>1101</ele>
        <time>2025-05-30T18:37:39+00:00</time>
      </trkpt>
      <trkpt lat="45.80463" lon="6.26727">
        <ele>1101</ele>
        <time>2025-05-30T18:37:42+00:00</time>
      </trkpt>
      <trkpt lat="45.80469" lon="6.26734">
        <ele>1103</ele>
        <time>2025-05-30T18:37:45+00:00</time>
      </trkpt>
      <trkpt lat="45.80475" lon="6.26746">
        <ele>1106</ele>
        <time>2025-05-30T18:37:48+00:00</time>
      </trkpt>
      <trkpt lat="45.80484" lon="6.26756">
        <ele>1109</ele>
        <time>2025-05-30T18:37:51+00:00</time>
      </trkpt>
      <trkpt lat="45.80485" lon="6.26759">
        <ele>1109</ele>
        <time>2025-05-30T18:37:54+00:00</time>
      </trkpt>
      <trkpt lat="45.8049" lon="6.26761">
        <ele>1111</ele>
        <time>2025-05-30T18:37:57+00:00</time>
      </trkpt>
      <trkpt lat="45.80492" lon="6.26763">
        <ele>1112</ele>
        <time>2025-05-30T18:38:00+00:00</time>
      </trkpt>
      <trkpt lat="45.80494" lon="6.26763">
        <ele>1112</ele>
        <time>2025-05-30T18:38:03+00:00</time>
      </trkpt>
      <trkpt lat="45.80499" lon="6.26765">
        <ele>1112</ele>
        <time>2025-05-30T18:38:06+00:00</time>
      </trkpt>
      <trkpt lat="45.8051" lon="6.26766">
        <ele>1114</ele>
        <time>2025-05-30T18:38:09+00:00</time>
      </trkpt>
      <trkpt lat="45.80515" lon="6.26765">
        <ele>1116</ele>
        <time>2025-05-30T18:38:12+00:00</time>
      </trkpt>
      <trkpt lat="45.80536" lon="6.26776">
        <ele>1121</ele>
        <time>2025-05-30T18:38:15+00:00</time>
      </trkpt>
      <trkpt lat="45.80546" lon="6.26783">
        <ele>1124</ele>
        <time>2025-05-30T18:38:18+00:00</time>
      </trkpt>
      <trkpt lat="45.80562" lon="6.26792">
        <ele>1126</ele>
        <time>2025-05-30T18:38:21+00:00</time>
      </trkpt>
      <trkpt lat="45.80565" lon="6.26795">
        <ele>1126</ele>
        <time>2025-05-30T18:38:24+00:00</time>
      </trkpt>
      <trkpt lat="45.80571" lon="6.26799">
        <ele>1127</ele>
        <time>2025-05-30T18:38:27+00:00</time>
      </trkpt>
      <trkpt lat="45.80574" lon="6.26799">
        <ele>1127</ele>
        <time>2025-05-30T18:38:30+00:00</time>
      </trkpt>
      <trkpt lat="45.80579" lon="6.26803">
        <ele>1129</ele>
        <time>2025-05-30T18:38:33+00:00</time>
      </trkpt>
      <trkpt lat="45.80594" lon="6.26807">
        <ele>1131</ele>
        <time>2025-05-30T18:38:36+00:00</time>
      </trkpt>
      <trkpt lat="45.80597" lon="6.2681">
        <ele>1131</ele>
        <time>2025-05-30T18:38:39+00:00</time>
      </trkpt>
      <trkpt lat="45.80607" lon="6.26813">
        <ele>1132</ele>
        <time>2025-05-30T18:38:42+00:00</time>
      </trkpt>
      <trkpt lat="45.80617" lon="6.26818">
        <ele>1133</ele>
        <time>2025-05-30T18:38:45+00:00</time>
      </trkpt>
      <trkpt lat="45.80624" lon="6.2683">
        <ele>1133</ele>
        <time>2025-05-30T18:38:48+00:00</time>
      </trkpt>
      <trkpt lat="45.80632" lon="6.2684">
        <ele>1133</ele>
        <time>2025-05-30T18:38:51+00:00</time>
      </trkpt>
      <trkpt lat="45.80637" lon="6.26849">
        <ele>1136</ele>
        <time>2025-05-30T18:38:54+00:00</time>
      </trkpt>
      <trkpt lat="45.8064" lon="6.26857">
        <ele>1136</ele>
        <time>2025-05-30T18:38:57+00:00</time>
      </trkpt>
      <trkpt lat="45.8064" lon="6.26864">
        <ele>1133</ele>
        <time>2025-05-30T18:39:00+00:00</time>
      </trkpt>
      <trkpt lat="45.80641" lon="6.26867">
        <ele>1131</ele>
        <time>2025-05-30T18:39:03+00:00</time>
      </trkpt>
      <trkpt lat="45.80641" lon="6.26871">
        <ele>1131</ele>
        <time>2025-05-30T18:39:06+00:00</time>
      </trkpt>
      <trkpt lat="45.80639" lon="6.26885">
        <ele>1136</ele>
        <time>2025-05-30T18:39:09+00:00</time>
      </trkpt>
      <trkpt lat="45.80638" lon="6.26888">
        <ele>1136</ele>
        <time>2025-05-30T18:39:12+00:00</time>
      </trkpt>
      <trkpt lat="45.80643" lon="6.26912">
        <ele>1134</ele>
        <time>2025-05-30T18:39:15+00:00</time>
      </trkpt>
      <trkpt lat="45.80647" lon="6.26919">
        <ele>1134</ele>
        <time>2025-05-30T18:39:18+00:00</time>
      </trkpt>
      <trkpt lat="45.80646" lon="6.26923">
        <ele>1137</ele>
        <time>2025-05-30T18:39:21+00:00</time>
      </trkpt>
      <trkpt lat="45.80646" lon="6.26934">
        <ele>1140</ele>
        <time>2025-05-30T18:39:24+00:00</time>
      </trkpt>
      <trkpt lat="45.80656" lon="6.26943">
        <ele>1136</ele>
        <time>2025-05-30T18:39:27+00:00</time>
      </trkpt>
      <trkpt lat="45.80661" lon="6.26945">
        <ele>1139</ele>
        <time>2025-05-30T18:39:30+00:00</time>
      </trkpt>
      <trkpt lat="45.80665" lon="6.26949">
        <ele>1139</ele>
        <time>2025-05-30T18:39:33+00:00</time>
      </trkpt>
      <trkpt lat="45.80673" lon="6.2695">
        <ele>1138</ele>
        <time>2025-05-30T18:39:36+00:00</time>
      </trkpt>
      <trkpt lat="45.8069" lon="6.2695">
        <ele>1138</ele>
        <time>2025-05-30T18:39:39+00:00</time>
      </trkpt>
      <trkpt lat="45.80699" lon="6.26949">
        <ele>1139</ele>
        <time>2025-05-30T18:39:42+00:00</time>
      </trkpt>
      <trkpt lat="45.80707" lon="6.2695">
        <ele>1139</ele>
        <time>2025-05-30T18:39:45+00:00</time>
      </trkpt>
      <trkpt lat="45.80715" lon="6.26949">
        <ele>1140</ele>
        <time>2025-05-30T18:39:48+00:00</time>
      </trkpt>
      <trkpt lat="45.80722" lon="6.2695">
        <ele>1141</ele>
        <time>2025-05-30T18:39:51+00:00</time>
      </trkpt>
      <trkpt lat="45.80735" lon="6.26946">
        <ele>1142</ele>
        <time>2025-05-30T18:39:54+00:00</time>
      </trkpt>
      <trkpt lat="45.80743" lon="6.26941">
        <ele>1145</ele>
        <time>2025-05-30T18:39:57+00:00</time>
      </trkpt>
      <trkpt lat="45.80747" lon="6.26941">
        <ele>1145</ele>
        <time>2025-05-30T18:40:00+00:00</time>
      </trkpt>
      <trkpt lat="45.8075" lon="6.26939">
        <ele>1141</ele>
        <time>2025-05-30T18:40:03+00:00</time>
      </trkpt>
      <trkpt lat="45.80752" lon="6.2694">
        <ele>1145</ele>
        <time>2025-05-30T18:40:06+00:00</time>
      </trkpt>
      <trkpt lat="45.80757" lon="6.26945">
        <ele>1148</ele>
        <time>2025-05-30T18:40:09+00:00</time>
      </trkpt>
      <trkpt lat="45.80761" lon="6.26951">
        <ele>1148</ele>
        <time>2025-05-30T18:40:12+00:00</time>
      </trkpt>
      <trkpt lat="45.80771" lon="6.2696">
        <ele>1145</ele>
        <time>2025-05-30T18:40:15+00:00</time>
      </trkpt>
      <trkpt lat="45.80779" lon="6.26969">
        <ele>1150</ele>
        <time>2025-05-30T18:40:18+00:00</time>
      </trkpt>
      <trkpt lat="45.80786" lon="6.26972">
        <ele>1151</ele>
        <time>2025-05-30T18:40:21+00:00</time>
      </trkpt>
      <trkpt lat="45.80794" lon="6.26973">
        <ele>1150</ele>
        <time>2025-05-30T18:40:24+00:00</time>
      </trkpt>
      <trkpt lat="45.80797" lon="6.26977">
        <ele>1150</ele>
        <time>2025-05-30T18:40:27+00:00</time>
      </trkpt>
      <trkpt lat="45.80807" lon="6.26986">
        <ele>1151</ele>
        <time>2025-05-30T18:40:30+00:00</time>
      </trkpt>
      <trkpt lat="45.8082" lon="6.26995">
        <ele>1149</ele>
        <time>2025-05-30T18:40:33+00:00</time>
      </trkpt>
      <trkpt lat="45.80847" lon="6.27004">
        <ele>1150</ele>
        <time>2025-05-30T18:40:36+00:00</time>
      </trkpt>
      <trkpt lat="45.80852" lon="6.2701">
        <ele>1140</ele>
        <time>2025-05-30T18:40:39+00:00</time>
      </trkpt>
      <trkpt lat="45.80856" lon="6.27012">
        <ele>1144</ele>
        <time>2025-05-30T18:40:42+00:00</time>
      </trkpt>
      <trkpt lat="45.80862" lon="6.27018">
        <ele>1141</ele>
        <time>2025-05-30T18:40:45+00:00</time>
      </trkpt>
      <trkpt lat="45.80869" lon="6.27034">
        <ele>1150</ele>
        <time>2025-05-30T18:40:48+00:00</time>
      </trkpt>
      <trkpt lat="45.80872" lon="6.27036">
        <ele>1147</ele>
        <time>2025-05-30T18:40:51+00:00</time>
      </trkpt>
      <trkpt lat="45.80875" lon="6.27042">
        <ele>1149</ele>
        <time>2025-05-30T18:40:54+00:00</time>
      </trkpt>
      <trkpt lat="45.80877" lon="6.27049">
        <ele>1149</ele>
        <time>2025-05-30T18:40:57+00:00</time>
      </trkpt>
      <trkpt lat="45.8088" lon="6.27054">
        <ele>1151</ele>
        <time>2025-05-30T18:41:00+00:00</time>
      </trkpt>
      <trkpt lat="45.80882" lon="6.27056">
        <ele>1150</ele>
        <time>2025-05-30T18:41:03+00:00</time>
      </trkpt>
      <trkpt lat="45.80888" lon="6.27055">
        <ele>1150</ele>
        <time>2025-05-30T18:41:06+00:00</time>
      </trkpt>
      <trkpt lat="45.8089" lon="6.27054">
        <ele>1150</ele>
        <time>2025-05-30T18:41:09+00:00</time>
      </trkpt>
      <trkpt lat="45.80892" lon="6.27048">
        <ele>1152</ele>
        <time>2025-05-30T18:41:12+00:00</time>
      </trkpt>
      <trkpt lat="45.80891" lon="6.27039">
        <ele>1149</ele>
        <time>2025-05-30T18:41:15+00:00</time>
      </trkpt>
      <trkpt lat="45.80881" lon="6.26999">
        <ele>1149</ele>
        <time>2025-05-30T18:41:18+00:00</time>
      </trkpt>
      <trkpt lat="45.80881" lon="6.26991">
        <ele>1149</ele>
        <time>2025-05-30T18:41:21+00:00</time>
      </trkpt>
      <trkpt lat="45.80882" lon="6.26987">
        <ele>1149</ele>
        <time>2025-05-30T18:41:24+00:00</time>
      </trkpt>
      <trkpt lat="45.80886" lon="6.26982">
        <ele>1149</ele>
        <time>2025-05-30T18:41:27+00:00</time>
      </trkpt>
      <trkpt lat="45.8089" lon="6.26975">
        <ele>1154</ele>
        <time>2025-05-30T18:41:30+00:00</time>
      </trkpt>
      <trkpt lat="45.80892" lon="6.26965">
        <ele>1154</ele>
        <time>2025-05-30T18:41:33+00:00</time>
      </trkpt>
      <trkpt lat="45.80896" lon="6.26955">
        <ele>1154</ele>
        <time>2025-05-30T18:41:36+00:00</time>
      </trkpt>
      <trkpt lat="45.80898" lon="6.26954">
        <ele>1154</ele>
        <time>2025-05-30T18:41:39+00:00</time>
      </trkpt>
      <trkpt lat="45.80902" lon="6.26931">
        <ele>1160</ele>
        <time>2025-05-30T18:41:42+00:00</time>
      </trkpt>
      <trkpt lat="45.809" lon="6.26928">
        <ele>1157</ele>
        <time>2025-05-30T18:41:45+00:00</time>
      </trkpt>
      <trkpt lat="45.80904" lon="6.26917">
        <ele>1159</ele>
        <time>2025-05-30T18:41:48+00:00</time>
      </trkpt>
      <trkpt lat="45.80914" lon="6.26911">
        <ele>1162</ele>
        <time>2025-05-30T18:41:51+00:00</time>
      </trkpt>
      <trkpt lat="45.80916" lon="6.26911">
        <ele>1162</ele>
        <time>2025-05-30T18:41:54+00:00</time>
      </trkpt>
      <trkpt lat="45.80923" lon="6.26906">
        <ele>1164</ele>
        <time>2025-05-30T18:41:57+00:00</time>
      </trkpt>
      <trkpt lat="45.80926" lon="6.26903">
        <ele>1164</ele>
        <time>2025-05-30T18:42:00+00:00</time>
      </trkpt>
      <trkpt lat="45.80928" lon="6.26888">
        <ele>1166</ele>
        <time>2025-05-30T18:42:03+00:00</time>
      </trkpt>
      <trkpt lat="45.80929" lon="6.26885">
        <ele>1166</ele>
        <time>2025-05-30T18:42:06+00:00</time>
      </trkpt>
      <trkpt lat="45.80929" lon="6.26881">
        <ele>1166</ele>
        <time>2025-05-30T18:42:09+00:00</time>
      </trkpt>
      <trkpt lat="45.80925" lon="6.26869">
        <ele>1171</ele>
        <time>2025-05-30T18:42:12+00:00</time>
      </trkpt>
      <trkpt lat="45.80922" lon="6.26865">
        <ele>1171</ele>
        <time>2025-05-30T18:42:15+00:00</time>
      </trkpt>
      <trkpt lat="45.80918" lon="6.26854">
        <ele>1169</ele>
        <time>2025-05-30T18:42:18+00:00</time>
      </trkpt>
      <trkpt lat="45.80918" lon="6.26849">
        <ele>1172</ele>
        <time>2025-05-30T18:42:21+00:00</time>
      </trkpt>
      <trkpt lat="45.8092" lon="6.26838">
        <ele>1173</ele>
        <time>2025-05-30T18:42:24+00:00</time>
      </trkpt>
      <trkpt lat="45.80926" lon="6.26826">
        <ele>1175</ele>
        <time>2025-05-30T18:42:27+00:00</time>
      </trkpt>
      <trkpt lat="45.80931" lon="6.26822">
        <ele>1179</ele>
        <time>2025-05-30T18:42:30+00:00</time>
      </trkpt>
      <trkpt lat="45.80934" lon="6.26821">
        <ele>1179</ele>
        <time>2025-05-30T18:42:33+00:00</time>
      </trkpt>
      <trkpt lat="45.80939" lon="6.26822">
        <ele>1179</ele>
        <time>2025-05-30T18:42:36+00:00</time>
      </trkpt>
      <trkpt lat="45.80943" lon="6.26828">
        <ele>1181</ele>
        <time>2025-05-30T18:42:39+00:00</time>
      </trkpt>
      <trkpt lat="45.80944" lon="6.26832">
        <ele>1182</ele>
        <time>2025-05-30T18:42:42+00:00</time>
      </trkpt>
      <trkpt lat="45.80947" lon="6.26834">
        <ele>1182</ele>
        <time>2025-05-30T18:42:45+00:00</time>
      </trkpt>
      <trkpt lat="45.80948" lon="6.26836">
        <ele>1182</ele>
        <time>2025-05-30T18:42:48+00:00</time>
      </trkpt>
      <trkpt lat="45.80952" lon="6.26839">
        <ele>1186</ele>
        <time>2025-05-30T18:42:51+00:00</time>
      </trkpt>
      <trkpt lat="45.80955" lon="6.26839">
        <ele>1186</ele>
        <time>2025-05-30T18:42:54+00:00</time>
      </trkpt>
      <trkpt lat="45.80963" lon="6.26837">
        <ele>1187</ele>
        <time>2025-05-30T18:42:57+00:00</time>
      </trkpt>
      <trkpt lat="45.80973" lon="6.26838">
        <ele>1188</ele>
        <time>2025-05-30T18:43:00+00:00</time>
      </trkpt>
      <trkpt lat="45.80981" lon="6.26836">
        <ele>1190</ele>
        <time>2025-05-30T18:43:03+00:00</time>
      </trkpt>
      <trkpt lat="45.8099" lon="6.26835">
        <ele>1190</ele>
        <time>2025-05-30T18:43:06+00:00</time>
      </trkpt>
      <trkpt lat="45.81005" lon="6.2683">
        <ele>1190</ele>
        <time>2025-05-30T18:43:09+00:00</time>
      </trkpt>
      <trkpt lat="45.81011" lon="6.26824">
        <ele>1192</ele>
        <time>2025-05-30T18:43:12+00:00</time>
      </trkpt>
      <trkpt lat="45.81015" lon="6.26817">
        <ele>1192</ele>
        <time>2025-05-30T18:43:15+00:00</time>
      </trkpt>
      <trkpt lat="45.81015" lon="6.26806">
        <ele>1192</ele>
        <time>2025-05-30T18:43:18+00:00</time>
      </trkpt>
      <trkpt lat="45.81013" lon="6.26784">
        <ele>1191</ele>
        <time>2025-05-30T18:43:21+00:00</time>
      </trkpt>
      <trkpt lat="45.81013" lon="6.26757">
        <ele>1191</ele>
        <time>2025-05-30T18:43:24+00:00</time>
      </trkpt>
      <trkpt lat="45.81014" lon="6.26754">
        <ele>1191</ele>
        <time>2025-05-30T18:43:27+00:00</time>
      </trkpt>
      <trkpt lat="45.81016" lon="6.26734">
        <ele>1190</ele>
        <time>2025-05-30T18:43:30+00:00</time>
      </trkpt>
      <trkpt lat="45.81019" lon="6.26711">
        <ele>1190</ele>
        <time>2025-05-30T18:43:33+00:00</time>
      </trkpt>
      <trkpt lat="45.81027" lon="6.26692">
        <ele>1190</ele>
        <time>2025-05-30T18:43:36+00:00</time>
      </trkpt>
      <trkpt lat="45.81035" lon="6.26684">
        <ele>1190</ele>
        <time>2025-05-30T18:43:39+00:00</time>
      </trkpt>
      <trkpt lat="45.81037" lon="6.26683">
        <ele>1190</ele>
        <time>2025-05-30T18:43:42+00:00</time>
      </trkpt>
      <trkpt lat="45.81052" lon="6.2669">
        <ele>1191</ele>
        <time>2025-05-30T18:43:45+00:00</time>
      </trkpt>
      <trkpt lat="45.81066" lon="6.26698">
        <ele>1194</ele>
        <time>2025-05-30T18:43:48+00:00</time>
      </trkpt>
      <trkpt lat="45.81079" lon="6.26707">
        <ele>1197</ele>
        <time>2025-05-30T18:43:51+00:00</time>
      </trkpt>
      <trkpt lat="45.81083" lon="6.26709">
        <ele>1197</ele>
        <time>2025-05-30T18:43:54+00:00</time>
      </trkpt>
      <trkpt lat="45.81086" lon="6.26712">
        <ele>1204</ele>
        <time>2025-05-30T18:43:57+00:00</time>
      </trkpt>
      <trkpt lat="45.81098" lon="6.26715">
        <ele>1204</ele>
        <time>2025-05-30T18:44:00+00:00</time>
      </trkpt>
      <trkpt lat="45.811" lon="6.26714">
        <ele>1204</ele>
        <time>2025-05-30T18:44:03+00:00</time>
      </trkpt>
      <trkpt lat="45.81102" lon="6.26711">
        <ele>1204</ele>
        <time>2025-05-30T18:44:06+00:00</time>
      </trkpt>
      <trkpt lat="45.81109" lon="6.26716">
        <ele>1204</ele>
        <time>2025-05-30T18:44:09+00:00</time>
      </trkpt>
      <trkpt lat="45.81111" lon="6.26716">
        <ele>1204</ele>
        <time>2025-05-30T18:44:12+00:00</time>
      </trkpt>
      <trkpt lat="45.81121" lon="6.2672">
        <ele>1206</ele>
        <time>2025-05-30T18:44:15+00:00</time>
      </trkpt>
      <trkpt lat="45.81122" lon="6.26717">
        <ele>1206</ele>
        <time>2025-05-30T18:44:18+00:00</time>
      </trkpt>
      <trkpt lat="45.81125" lon="6.26718">
        <ele>1206</ele>
        <time>2025-05-30T18:44:21+00:00</time>
      </trkpt>
      <trkpt lat="45.81126" lon="6.26721">
        <ele>1209</ele>
        <time>2025-05-30T18:44:24+00:00</time>
      </trkpt>
      <trkpt lat="45.8114" lon="6.26724">
        <ele>1210</ele>
        <time>2025-05-30T18:44:27+00:00</time>
      </trkpt>
      <trkpt lat="45.81147" lon="6.26729">
        <ele>1210</ele>
        <time>2025-05-30T18:44:30+00:00</time>
      </trkpt>
      <trkpt lat="45.81149" lon="6.26729">
        <ele>1210</ele>
        <time>2025-05-30T18:44:33+00:00</time>
      </trkpt>
      <trkpt lat="45.81152" lon="6.26734">
        <ele>1213</ele>
        <time>2025-05-30T18:44:36+00:00</time>
      </trkpt>
      <trkpt lat="45.81158" lon="6.26735">
        <ele>1213</ele>
        <time>2025-05-30T18:44:39+00:00</time>
      </trkpt>
      <trkpt lat="45.81163" lon="6.26737">
        <ele>1212</ele>
        <time>2025-05-30T18:44:42+00:00</time>
      </trkpt>
      <trkpt lat="45.81175" lon="6.2674">
        <ele>1210</ele>
        <time>2025-05-30T18:44:45+00:00</time>
      </trkpt>
      <trkpt lat="45.81187" lon="6.26745">
        <ele>1212</ele>
        <time>2025-05-30T18:44:48+00:00</time>
      </trkpt>
      <trkpt lat="45.81197" lon="6.26745">
        <ele>1212</ele>
        <time>2025-05-30T18:44:51+00:00</time>
      </trkpt>
      <trkpt lat="45.812" lon="6.26743">
        <ele>1212</ele>
        <time>2025-05-30T18:44:54+00:00</time>
      </trkpt>
      <trkpt lat="45.81204" lon="6.26737">
        <ele>1211</ele>
        <time>2025-05-30T18:44:57+00:00</time>
      </trkpt>
      <trkpt lat="45.8121" lon="6.26733">
        <ele>1211</ele>
        <time>2025-05-30T18:45:00+00:00</time>
      </trkpt>
      <trkpt lat="45.81216" lon="6.26731">
        <ele>1210</ele>
        <time>2025-05-30T18:45:03+00:00</time>
      </trkpt>
      <trkpt lat="45.81222" lon="6.26731">
        <ele>1215</ele>
        <time>2025-05-30T18:45:06+00:00</time>
      </trkpt>
      <trkpt lat="45.81225" lon="6.2673">
        <ele>1211</ele>
        <time>2025-05-30T18:45:09+00:00</time>
      </trkpt>
      <trkpt lat="45.81229" lon="6.26723">
        <ele>1211</ele>
        <time>2025-05-30T18:45:12+00:00</time>
      </trkpt>
      <trkpt lat="45.81234" lon="6.26704">
        <ele>1208</ele>
        <time>2025-05-30T18:45:15+00:00</time>
      </trkpt>
      <trkpt lat="45.81238" lon="6.26699">
        <ele>1204</ele>
        <time>2025-05-30T18:45:18+00:00</time>
      </trkpt>
      <trkpt lat="45.81241" lon="6.26698">
        <ele>1206</ele>
        <time>2025-05-30T18:45:21+00:00</time>
      </trkpt>
      <trkpt lat="45.81248" lon="6.267">
        <ele>1206</ele>
        <time>2025-05-30T18:45:24+00:00</time>
      </trkpt>
      <trkpt lat="45.81253" lon="6.267">
        <ele>1211</ele>
        <time>2025-05-30T18:45:27+00:00</time>
      </trkpt>
      <trkpt lat="45.81259" lon="6.26697">
        <ele>1207</ele>
        <time>2025-05-30T18:45:30+00:00</time>
      </trkpt>
      <trkpt lat="45.81265" lon="6.26696">
        <ele>1210</ele>
        <time>2025-05-30T18:45:33+00:00</time>
      </trkpt>
      <trkpt lat="45.81271" lon="6.26691">
        <ele>1210</ele>
        <time>2025-05-30T18:45:36+00:00</time>
      </trkpt>
      <trkpt lat="45.81277" lon="6.26682">
        <ele>1212</ele>
        <time>2025-05-30T18:45:39+00:00</time>
      </trkpt>
      <trkpt lat="45.81287" lon="6.26674">
        <ele>1210</ele>
        <time>2025-05-30T18:45:42+00:00</time>
      </trkpt>
      <trkpt lat="45.81293" lon="6.26672">
        <ele>1213</ele>
        <time>2025-05-30T18:45:45+00:00</time>
      </trkpt>
      <trkpt lat="45.81299" lon="6.26672">
        <ele>1213</ele>
        <time>2025-05-30T18:45:48+00:00</time>
      </trkpt>
      <trkpt lat="45.81313" lon="6.26667">
        <ele>1211</ele>
        <time>2025-05-30T18:45:51+00:00</time>
      </trkpt>
      <trkpt lat="45.81327" lon="6.26666">
        <ele>1211</ele>
        <time>2025-05-30T18:45:54+00:00</time>
      </trkpt>
      <trkpt lat="45.8133" lon="6.26667">
        <ele>1211</ele>
        <time>2025-05-30T18:45:57+00:00</time>
      </trkpt>
      <trkpt lat="45.81337" lon="6.26675">
        <ele>1208</ele>
        <time>2025-05-30T18:46:00+00:00</time>
      </trkpt>
      <trkpt lat="45.81341" lon="6.26685">
        <ele>1213</ele>
        <time>2025-05-30T18:46:03+00:00</time>
      </trkpt>
      <trkpt lat="45.81343" lon="6.26686">
        <ele>1213</ele>
        <time>2025-05-30T18:46:06+00:00</time>
      </trkpt>
      <trkpt lat="45.81345" lon="6.26686">
        <ele>1213</ele>
        <time>2025-05-30T18:46:09+00:00</time>
      </trkpt>
      <trkpt lat="45.81347" lon="6.26684">
        <ele>1213</ele>
        <time>2025-05-30T18:46:12+00:00</time>
      </trkpt>
      <trkpt lat="45.81357" lon="6.26665">
        <ele>1207</ele>
        <time>2025-05-30T18:46:15+00:00</time>
      </trkpt>
      <trkpt lat="45.81361" lon="6.26654">
        <ele>1214</ele>
        <time>2025-05-30T18:46:18+00:00</time>
      </trkpt>
      <trkpt lat="45.81365" lon="6.26653">
        <ele>1214</ele>
        <time>2025-05-30T18:46:21+00:00</time>
      </trkpt>
      <trkpt lat="45.8137" lon="6.26649">
        <ele>1207</ele>
        <time>2025-05-30T18:46:24+00:00</time>
      </trkpt>
      <trkpt lat="45.81377" lon="6.26647">
        <ele>1207</ele>
        <time>2025-05-30T18:46:27+00:00</time>
      </trkpt>
      <trkpt lat="45.81388" lon="6.26626">
        <ele>1209</ele>
        <time>2025-05-30T18:46:30+00:00</time>
      </trkpt>
      <trkpt lat="45.81391" lon="6.26619">
        <ele>1207</ele>
        <time>2025-05-30T18:46:33+00:00</time>
      </trkpt>
      <trkpt lat="45.81393" lon="6.26616">
        <ele>1211</ele>
        <time>2025-05-30T18:46:36+00:00</time>
      </trkpt>
      <trkpt lat="45.81394" lon="6.26613">
        <ele>1211</ele>
        <time>2025-05-30T18:46:39+00:00</time>
      </trkpt>
      <trkpt lat="45.81396" lon="6.26605">
        <ele>1209</ele>
        <time>2025-05-30T18:46:42+00:00</time>
      </trkpt>
      <trkpt lat="45.81396" lon="6.26594">
        <ele>1205</ele>
        <time>2025-05-30T18:46:45+00:00</time>
      </trkpt>
      <trkpt lat="45.81405" lon="6.26569">
        <ele>1206</ele>
        <time>2025-05-30T18:46:48+00:00</time>
      </trkpt>
      <trkpt lat="45.81419" lon="6.26552">
        <ele>1204</ele>
        <time>2025-05-30T18:46:51+00:00</time>
      </trkpt>
      <trkpt lat="45.81431" lon="6.26545">
        <ele>1206</ele>
        <time>2025-05-30T18:46:54+00:00</time>
      </trkpt>
      <trkpt lat="45.81434" lon="6.26545">
        <ele>1208</ele>
        <time>2025-05-30T18:46:57+00:00</time>
      </trkpt>
      <trkpt lat="45.81443" lon="6.26543">
        <ele>1209</ele>
        <time>2025-05-30T18:47:00+00:00</time>
      </trkpt>
      <trkpt lat="45.81454" lon="6.26539">
        <ele>1207</ele>
        <time>2025-05-30T18:47:03+00:00</time>
      </trkpt>
      <trkpt lat="45.8146" lon="6.26535">
        <ele>1207</ele>
        <time>2025-05-30T18:47:06+00:00</time>
      </trkpt>
      <trkpt lat="45.81467" lon="6.26534">
        <ele>1209</ele>
        <time>2025-05-30T18:47:09+00:00</time>
      </trkpt>
      <trkpt lat="45.81474" lon="6.26531">
        <ele>1211</ele>
        <time>2025-05-30T18:47:12+00:00</time>
      </trkpt>
      <trkpt lat="45.81477" lon="6.26527">
        <ele>1205</ele>
        <time>2025-05-30T18:47:15+00:00</time>
      </trkpt>
      <trkpt lat="45.81482" lon="6.26525">
        <ele>1209</ele>
        <time>2025-05-30T18:47:18+00:00</time>
      </trkpt>
      <trkpt lat="45.81488" lon="6.26523">
        <ele>1209</ele>
        <time>2025-05-30T18:47:21+00:00</time>
      </trkpt>
      <trkpt lat="45.81496" lon="6.26524">
        <ele>1211</ele>
        <time>2025-05-30T18:47:24+00:00</time>
      </trkpt>
      <trkpt lat="45.81499" lon="6.26523">
        <ele>1211</ele>
        <time>2025-05-30T18:47:27+00:00</time>
      </trkpt>
      <trkpt lat="45.81507" lon="6.26518">
        <ele>1210</ele>
        <time>2025-05-30T18:47:30+00:00</time>
      </trkpt>
      <trkpt lat="45.81512" lon="6.26517">
        <ele>1212</ele>
        <time>2025-05-30T18:47:33+00:00</time>
      </trkpt>
      <trkpt lat="45.8152" lon="6.26517">
        <ele>1212</ele>
        <time>2025-05-30T18:47:36+00:00</time>
      </trkpt>
      <trkpt lat="45.81526" lon="6.26519">
        <ele>1213</ele>
        <time>2025-05-30T18:47:39+00:00</time>
      </trkpt>
      <trkpt lat="45.8153" lon="6.26519">
        <ele>1213</ele>
        <time>2025-05-30T18:47:42+00:00</time>
      </trkpt>
      <trkpt lat="45.81533" lon="6.26523">
        <ele>1216</ele>
        <time>2025-05-30T18:47:45+00:00</time>
      </trkpt>
      <trkpt lat="45.81535" lon="6.26524">
        <ele>1216</ele>
        <time>2025-05-30T18:47:48+00:00</time>
      </trkpt>
      <trkpt lat="45.81539" lon="6.26523">
        <ele>1216</ele>
        <time>2025-05-30T18:47:51+00:00</time>
      </trkpt>
      <trkpt lat="45.81542" lon="6.26525">
        <ele>1217</ele>
        <time>2025-05-30T18:47:54+00:00</time>
      </trkpt>
      <trkpt lat="45.81547" lon="6.26523">
        <ele>1217</ele>
        <time>2025-05-30T18:47:57+00:00</time>
      </trkpt>
      <trkpt lat="45.81567" lon="6.26522">
        <ele>1217</ele>
        <time>2025-05-30T18:48:00+00:00</time>
      </trkpt>
      <trkpt lat="45.81571" lon="6.26523">
        <ele>1220</ele>
        <time>2025-05-30T18:48:03+00:00</time>
      </trkpt>
      <trkpt lat="45.81575" lon="6.26522">
        <ele>1220</ele>
        <time>2025-05-30T18:48:06+00:00</time>
      </trkpt>
      <trkpt lat="45.81579" lon="6.26522">
        <ele>1220</ele>
        <time>2025-05-30T18:48:09+00:00</time>
      </trkpt>
      <trkpt lat="45.81587" lon="6.26516">
        <ele>1218</ele>
        <time>2025-05-30T18:48:12+00:00</time>
      </trkpt>
      <trkpt lat="45.81592" lon="6.26514">
        <ele>1220</ele>
        <time>2025-05-30T18:48:15+00:00</time>
      </trkpt>
      <trkpt lat="45.81599" lon="6.26508">
        <ele>1216</ele>
        <time>2025-05-30T18:48:18+00:00</time>
      </trkpt>
      <trkpt lat="45.81605" lon="6.26507">
        <ele>1218</ele>
        <time>2025-05-30T18:48:21+00:00</time>
      </trkpt>
      <trkpt lat="45.81607" lon="6.26508">
        <ele>1218</ele>
        <time>2025-05-30T18:48:24+00:00</time>
      </trkpt>
      <trkpt lat="45.8161" lon="6.26508">
        <ele>1218</ele>
        <time>2025-05-30T18:48:27+00:00</time>
      </trkpt>
      <trkpt lat="45.81615" lon="6.2651">
        <ele>1219</ele>
        <time>2025-05-30T18:48:30+00:00</time>
      </trkpt>
      <trkpt lat="45.8162" lon="6.2651">
        <ele>1219</ele>
        <time>2025-05-30T18:48:33+00:00</time>
      </trkpt>
      <trkpt lat="45.81629" lon="6.26514">
        <ele>1217</ele>
        <time>2025-05-30T18:48:36+00:00</time>
      </trkpt>
      <trkpt lat="45.81642" lon="6.26512">
        <ele>1219</ele>
        <time>2025-05-30T18:48:39+00:00</time>
      </trkpt>
      <trkpt lat="45.81654" lon="6.26513">
        <ele>1221</ele>
        <time>2025-05-30T18:48:42+00:00</time>
      </trkpt>
      <trkpt lat="45.81662" lon="6.26516">
        <ele>1219</ele>
        <time>2025-05-30T18:48:45+00:00</time>
      </trkpt>
      <trkpt lat="45.81667" lon="6.26519">
        <ele>1219</ele>
        <time>2025-05-30T18:48:48+00:00</time>
      </trkpt>
      <trkpt lat="45.8167" lon="6.26514">
        <ele>1219</ele>
        <time>2025-05-30T18:48:51+00:00</time>
      </trkpt>
      <trkpt lat="45.81682" lon="6.26506">
        <ele>1225</ele>
        <time>2025-05-30T18:48:54+00:00</time>
      </trkpt>
      <trkpt lat="45.81683" lon="6.26502">
        <ele>1225</ele>
        <time>2025-05-30T18:48:57+00:00</time>
      </trkpt>
      <trkpt lat="45.81687" lon="6.26498">
        <ele>1222</ele>
        <time>2025-05-30T18:49:00+00:00</time>
      </trkpt>
      <trkpt lat="45.81692" lon="6.26495">
        <ele>1227</ele>
        <time>2025-05-30T18:49:03+00:00</time>
      </trkpt>
      <trkpt lat="45.81695" lon="6.26494">
        <ele>1227</ele>
        <time>2025-05-30T18:49:06+00:00</time>
      </trkpt>
      <trkpt lat="45.81695" lon="6.2649">
        <ele>1225</ele>
        <time>2025-05-30T18:49:09+00:00</time>
      </trkpt>
      <trkpt lat="45.81708" lon="6.26482">
        <ele>1229</ele>
        <time>2025-05-30T18:49:12+00:00</time>
      </trkpt>
      <trkpt lat="45.81722" lon="6.26484">
        <ele>1230</ele>
        <time>2025-05-30T18:49:15+00:00</time>
      </trkpt>
      <trkpt lat="45.81732" lon="6.26487">
        <ele>1229</ele>
        <time>2025-05-30T18:49:18+00:00</time>
      </trkpt>
      <trkpt lat="45.81737" lon="6.26487">
        <ele>1229</ele>
        <time>2025-05-30T18:49:21+00:00</time>
      </trkpt>
      <trkpt lat="45.81746" lon="6.26482">
        <ele>1231</ele>
        <time>2025-05-30T18:49:24+00:00</time>
      </trkpt>
      <trkpt lat="45.81749" lon="6.26479">
        <ele>1228</ele>
        <time>2025-05-30T18:49:27+00:00</time>
      </trkpt>
      <trkpt lat="45.81754" lon="6.26478">
        <ele>1233</ele>
        <time>2025-05-30T18:49:30+00:00</time>
      </trkpt>
      <trkpt lat="45.81758" lon="6.26475">
        <ele>1233</ele>
        <time>2025-05-30T18:49:33+00:00</time>
      </trkpt>
      <trkpt lat="45.8178" lon="6.26475">
        <ele>1238</ele>
        <time>2025-05-30T18:49:36+00:00</time>
      </trkpt>
      <trkpt lat="45.81785" lon="6.26477">
        <ele>1241</ele>
        <time>2025-05-30T18:49:39+00:00</time>
      </trkpt>
      <trkpt lat="45.81791" lon="6.26476">
        <ele>1243</ele>
        <time>2025-05-30T18:49:42+00:00</time>
      </trkpt>
      <trkpt lat="45.81795" lon="6.26477">
        <ele>1243</ele>
        <time>2025-05-30T18:49:45+00:00</time>
      </trkpt>
      <trkpt lat="45.81802" lon="6.26477">
        <ele>1238</ele>
        <time>2025-05-30T18:49:48+00:00</time>
      </trkpt>
      <trkpt lat="45.81819" lon="6.26469">
        <ele>1237</ele>
        <time>2025-05-30T18:49:51+00:00</time>
      </trkpt>
      <trkpt lat="45.81828" lon="6.26468">
        <ele>1238</ele>
        <time>2025-05-30T18:49:54+00:00</time>
      </trkpt>
      <trkpt lat="45.81836" lon="6.26465">
        <ele>1238</ele>
        <time>2025-05-30T18:49:57+00:00</time>
      </trkpt>
      <trkpt lat="45.81841" lon="6.26462">
        <ele>1238</ele>
        <time>2025-05-30T18:50:00+00:00</time>
      </trkpt>
      <trkpt lat="45.81855" lon="6.26458">
        <ele>1237</ele>
        <time>2025-05-30T18:50:03+00:00</time>
      </trkpt>
      <trkpt lat="45.81867" lon="6.26453">
        <ele>1235</ele>
        <time>2025-05-30T18:50:06+00:00</time>
      </trkpt>
      <trkpt lat="45.81873" lon="6.26452">
        <ele>1236</ele>
        <time>2025-05-30T18:50:09+00:00</time>
      </trkpt>
      <trkpt lat="45.81879" lon="6.26453">
        <ele>1236</ele>
        <time>2025-05-30T18:50:12+00:00</time>
      </trkpt>
      <trkpt lat="45.81883" lon="6.26452">
        <ele>1237</ele>
        <time>2025-05-30T18:50:15+00:00</time>
      </trkpt>
      <trkpt lat="45.81889" lon="6.26448">
        <ele>1234</ele>
        <time>2025-05-30T18:50:18+00:00</time>
      </trkpt>
      <trkpt lat="45.81897" lon="6.2644">
        <ele>1235</ele>
        <time>2025-05-30T18:50:21+00:00</time>
      </trkpt>
      <trkpt lat="45.81909" lon="6.26436">
        <ele>1236</ele>
        <time>2025-05-30T18:50:24+00:00</time>
      </trkpt>
      <trkpt lat="45.81911" lon="6.26434">
        <ele>1237</ele>
        <time>2025-05-30T18:50:27+00:00</time>
      </trkpt>
      <trkpt lat="45.81915" lon="6.26428">
        <ele>1235</ele>
        <time>2025-05-30T18:50:30+00:00</time>
      </trkpt>
      <trkpt lat="45.81918" lon="6.26416">
        <ele>1233</ele>
        <time>2025-05-30T18:50:33+00:00</time>
      </trkpt>
      <trkpt lat="45.81926" lon="6.26399">
        <ele>1231</ele>
        <time>2025-05-30T18:50:36+00:00</time>
      </trkpt>
      <trkpt lat="45.81928" lon="6.26392">
        <ele>1231</ele>
        <time>2025-05-30T18:50:39+00:00</time>
      </trkpt>
      <trkpt lat="45.8193" lon="6.26388">
        <ele>1229</ele>
        <time>2025-05-30T18:50:42+00:00</time>
      </trkpt>
      <trkpt lat="45.81933" lon="6.26386">
        <ele>1230</ele>
        <time>2025-05-30T18:50:45+00:00</time>
      </trkpt>
      <trkpt lat="45.81936" lon="6.26386">
        <ele>1230</ele>
        <time>2025-05-30T18:50:48+00:00</time>
      </trkpt>
      <trkpt lat="45.81949" lon="6.26381">
        <ele>1229</ele>
        <time>2025-05-30T18:50:51+00:00</time>
      </trkpt>
      <trkpt lat="45.81955" lon="6.26376">
        <ele>1226</ele>
        <time>2025-05-30T18:50:54+00:00</time>
      </trkpt>
      <trkpt lat="45.81965" lon="6.26371">
        <ele>1229</ele>
        <time>2025-05-30T18:50:57+00:00</time>
      </trkpt>
      <trkpt lat="45.81972" lon="6.26365">
        <ele>1229</ele>
        <time>2025-05-30T18:51:00+00:00</time>
      </trkpt>
      <trkpt lat="45.81978" lon="6.26357">
        <ele>1226</ele>
        <time>2025-05-30T18:51:03+00:00</time>
      </trkpt>
      <trkpt lat="45.81983" lon="6.26353">
        <ele>1227</ele>
        <time>2025-05-30T18:51:06+00:00</time>
      </trkpt>
      <trkpt lat="45.81986" lon="6.26352">
        <ele>1227</ele>
        <time>2025-05-30T18:51:09+00:00</time>
      </trkpt>
      <trkpt lat="45.81988" lon="6.26352">
        <ele>1227</ele>
        <time>2025-05-30T18:51:12+00:00</time>
      </trkpt>
      <trkpt lat="45.8199" lon="6.26353">
        <ele>1227</ele>
        <time>2025-05-30T18:51:15+00:00</time>
      </trkpt>
      <trkpt lat="45.81995" lon="6.26361">
        <ele>1228</ele>
        <time>2025-05-30T18:51:18+00:00</time>
      </trkpt>
      <trkpt lat="45.81998" lon="6.26363">
        <ele>1228</ele>
        <time>2025-05-30T18:51:21+00:00</time>
      </trkpt>
      <trkpt lat="45.82003" lon="6.26359">
        <ele>1222</ele>
        <time>2025-05-30T18:51:24+00:00</time>
      </trkpt>
      <trkpt lat="45.82009" lon="6.26352">
        <ele>1222</ele>
        <time>2025-05-30T18:51:27+00:00</time>
      </trkpt>
      <trkpt lat="45.82019" lon="6.26349">
        <ele>1220</ele>
        <time>2025-05-30T18:51:30+00:00</time>
      </trkpt>
      <trkpt lat="45.82028" lon="6.26349">
        <ele>1221</ele>
        <time>2025-05-30T18:51:33+00:00</time>
      </trkpt>
      <trkpt lat="45.82035" lon="6.26343">
        <ele>1222</ele>
        <time>2025-05-30T18:51:36+00:00</time>
      </trkpt>
      <trkpt lat="45.82045" lon="6.26325">
        <ele>1221</ele>
        <time>2025-05-30T18:51:39+00:00</time>
      </trkpt>
      <trkpt lat="45.82048" lon="6.26323">
        <ele>1221</ele>
        <time>2025-05-30T18:51:42+00:00</time>
      </trkpt>
      <trkpt lat="45.82053" lon="6.26321">
        <ele>1221</ele>
        <time>2025-05-30T18:51:45+00:00</time>
      </trkpt>
      <trkpt lat="45.82057" lon="6.26321">
        <ele>1221</ele>
        <time>2025-05-30T18:51:48+00:00</time>
      </trkpt>
      <trkpt lat="45.82075" lon="6.26332">
        <ele>1220</ele>
        <time>2025-05-30T18:51:51+00:00</time>
      </trkpt>
      <trkpt lat="45.82081" lon="6.26335">
        <ele>1218</ele>
        <time>2025-05-30T18:51:54+00:00</time>
      </trkpt>
      <trkpt lat="45.82089" lon="6.26342">
        <ele>1221</ele>
        <time>2025-05-30T18:51:57+00:00</time>
      </trkpt>
      <trkpt lat="45.82091" lon="6.26345">
        <ele>1220</ele>
        <time>2025-05-30T18:52:00+00:00</time>
      </trkpt>
      <trkpt lat="45.82099" lon="6.26349">
        <ele>1220</ele>
        <time>2025-05-30T18:52:03+00:00</time>
      </trkpt>
      <trkpt lat="45.82105" lon="6.26357">
        <ele>1223</ele>
        <time>2025-05-30T18:52:06+00:00</time>
      </trkpt>
      <trkpt lat="45.82108" lon="6.2636">
        <ele>1223</ele>
        <time>2025-05-30T18:52:09+00:00</time>
      </trkpt>
      <trkpt lat="45.82115" lon="6.26365">
        <ele>1225</ele>
        <time>2025-05-30T18:52:12+00:00</time>
      </trkpt>
      <trkpt lat="45.82123" lon="6.26367">
        <ele>1225</ele>
        <time>2025-05-30T18:52:15+00:00</time>
      </trkpt>
      <trkpt lat="45.82138" lon="6.26367">
        <ele>1226</ele>
        <time>2025-05-30T18:52:18+00:00</time>
      </trkpt>
      <trkpt lat="45.82145" lon="6.26368">
        <ele>1228</ele>
        <time>2025-05-30T18:52:21+00:00</time>
      </trkpt>
      <trkpt lat="45.8216" lon="6.26377">
        <ele>1230</ele>
        <time>2025-05-30T18:52:24+00:00</time>
      </trkpt>
      <trkpt lat="45.82174" lon="6.2638">
        <ele>1230</ele>
        <time>2025-05-30T18:52:27+00:00</time>
      </trkpt>
      <trkpt lat="45.8219" lon="6.26387">
        <ele>1231</ele>
        <time>2025-05-30T18:52:30+00:00</time>
      </trkpt>
      <trkpt lat="45.82202" lon="6.26395">
        <ele>1234</ele>
        <time>2025-05-30T18:52:33+00:00</time>
      </trkpt>
      <trkpt lat="45.82223" lon="6.264">
        <ele>1232</ele>
        <time>2025-05-30T18:52:36+00:00</time>
      </trkpt>
      <trkpt lat="45.82226" lon="6.264">
        <ele>1232</ele>
        <time>2025-05-30T18:52:39+00:00</time>
      </trkpt>
      <trkpt lat="45.82246" lon="6.26409">
        <ele>1232</ele>
        <time>2025-05-30T18:52:42+00:00</time>
      </trkpt>
      <trkpt lat="45.82255" lon="6.26412">
        <ele>1236</ele>
        <time>2025-05-30T18:52:45+00:00</time>
      </trkpt>
      <trkpt lat="45.82279" lon="6.26423">
        <ele>1232</ele>
        <time>2025-05-30T18:52:48+00:00</time>
      </trkpt>
      <trkpt lat="45.82287" lon="6.26424">
        <ele>1233</ele>
        <time>2025-05-30T18:52:51+00:00</time>
      </trkpt>
      <trkpt lat="45.82296" lon="6.26424">
        <ele>1233</ele>
        <time>2025-05-30T18:52:54+00:00</time>
      </trkpt>
      <trkpt lat="45.82309" lon="6.26427">
        <ele>1232</ele>
        <time>2025-05-30T18:52:57+00:00</time>
      </trkpt>
      <trkpt lat="45.82318" lon="6.2643">
        <ele>1232</ele>
        <time>2025-05-30T18:53:00+00:00</time>
      </trkpt>
      <trkpt lat="45.82323" lon="6.26429">
        <ele>1232</ele>
        <time>2025-05-30T18:53:03+00:00</time>
      </trkpt>
      <trkpt lat="45.82335" lon="6.2642">
        <ele>1231</ele>
        <time>2025-05-30T18:53:06+00:00</time>
      </trkpt>
      <trkpt lat="45.82349" lon="6.26415">
        <ele>1231</ele>
        <time>2025-05-30T18:53:09+00:00</time>
      </trkpt>
      <trkpt lat="45.82351" lon="6.26415">
        <ele>1231</ele>
        <time>2025-05-30T18:53:12+00:00</time>
      </trkpt>
      <trkpt lat="45.82363" lon="6.26419">
        <ele>1231</ele>
        <time>2025-05-30T18:53:15+00:00</time>
      </trkpt>
      <trkpt lat="45.82373" lon="6.26419">
        <ele>1230</ele>
        <time>2025-05-30T18:53:18+00:00</time>
      </trkpt>
      <trkpt lat="45.82379" lon="6.26421">
        <ele>1233</ele>
        <time>2025-05-30T18:53:21+00:00</time>
      </trkpt>
      <trkpt lat="45.82381" lon="6.26423">
        <ele>1232</ele>
        <time>2025-05-30T18:53:24+00:00</time>
      </trkpt>
      <trkpt lat="45.82387" lon="6.26424">
        <ele>1232</ele>
        <time>2025-05-30T18:53:27+00:00</time>
      </trkpt>
      <trkpt lat="45.82393" lon="6.26421">
        <ele>1233</ele>
        <time>2025-05-30T18:53:30+00:00</time>
      </trkpt>
      <trkpt lat="45.82397" lon="6.26421">
        <ele>1233</ele>
        <time>2025-05-30T18:53:33+00:00</time>
      </trkpt>
      <trkpt lat="45.82395" lon="6.26411">
        <ele>1234</ele>
        <time>2025-05-30T18:53:36+00:00</time>
      </trkpt>
      <trkpt lat="45.82396" lon="6.26409">
        <ele>1233</ele>
        <time>2025-05-30T18:53:39+00:00</time>
      </trkpt>
      <trkpt lat="45.82403" lon="6.26403">
        <ele>1235</ele>
        <time>2025-05-30T18:53:42+00:00</time>
      </trkpt>
      <trkpt lat="45.82411" lon="6.26401">
        <ele>1237</ele>
        <time>2025-05-30T18:53:45+00:00</time>
      </trkpt>
      <trkpt lat="45.82416" lon="6.26399">
        <ele>1237</ele>
        <time>2025-05-30T18:53:48+00:00</time>
      </trkpt>
      <trkpt lat="45.82423" lon="6.26389">
        <ele>1239</ele>
        <time>2025-05-30T18:53:51+00:00</time>
      </trkpt>
      <trkpt lat="45.82427" lon="6.26379">
        <ele>1238</ele>
        <time>2025-05-30T18:53:54+00:00</time>
      </trkpt>
      <trkpt lat="45.82429" lon="6.26377">
        <ele>1238</ele>
        <time>2025-05-30T18:53:57+00:00</time>
      </trkpt>
      <trkpt lat="45.82432" lon="6.26378">
        <ele>1240</ele>
        <time>2025-05-30T18:54:00+00:00</time>
      </trkpt>
      <trkpt lat="45.82437" lon="6.26388">
        <ele>1241</ele>
        <time>2025-05-30T18:54:03+00:00</time>
      </trkpt>
      <trkpt lat="45.8244" lon="6.26397">
        <ele>1242</ele>
        <time>2025-05-30T18:54:06+00:00</time>
      </trkpt>
      <trkpt lat="45.82444" lon="6.26406">
        <ele>1245</ele>
        <time>2025-05-30T18:54:09+00:00</time>
      </trkpt>
      <trkpt lat="45.82446" lon="6.26412">
        <ele>1245</ele>
        <time>2025-05-30T18:54:12+00:00</time>
      </trkpt>
      <trkpt lat="45.82448" lon="6.26427">
        <ele>1245</ele>
        <time>2025-05-30T18:54:15+00:00</time>
      </trkpt>
      <trkpt lat="45.82451" lon="6.26438">
        <ele>1250</ele>
        <time>2025-05-30T18:54:18+00:00</time>
      </trkpt>
      <trkpt lat="45.82453" lon="6.26443">
        <ele>1250</ele>
        <time>2025-05-30T18:54:21+00:00</time>
      </trkpt>
      <trkpt lat="45.82452" lon="6.26463">
        <ele>1251</ele>
        <time>2025-05-30T18:54:24+00:00</time>
      </trkpt>
      <trkpt lat="45.82453" lon="6.2647">
        <ele>1251</ele>
        <time>2025-05-30T18:54:27+00:00</time>
      </trkpt>
      <trkpt lat="45.82455" lon="6.26472">
        <ele>1253</ele>
        <time>2025-05-30T18:54:30+00:00</time>
      </trkpt>
      <trkpt lat="45.82456" lon="6.26478">
        <ele>1253</ele>
        <time>2025-05-30T18:54:33+00:00</time>
      </trkpt>
      <trkpt lat="45.82458" lon="6.26481">
        <ele>1253</ele>
        <time>2025-05-30T18:54:36+00:00</time>
      </trkpt>
      <trkpt lat="45.82464" lon="6.26496">
        <ele>1256</ele>
        <time>2025-05-30T18:54:39+00:00</time>
      </trkpt>
      <trkpt lat="45.82467" lon="6.26501">
        <ele>1257</ele>
        <time>2025-05-30T18:54:42+00:00</time>
      </trkpt>
      <trkpt lat="45.82471" lon="6.26504">
        <ele>1259</ele>
        <time>2025-05-30T18:54:45+00:00</time>
      </trkpt>
      <trkpt lat="45.82473" lon="6.26504">
        <ele>1259</ele>
        <time>2025-05-30T18:54:48+00:00</time>
      </trkpt>
      <trkpt lat="45.8248" lon="6.26496">
        <ele>1259</ele>
        <time>2025-05-30T18:54:51+00:00</time>
      </trkpt>
      <trkpt lat="45.82482" lon="6.26496">
        <ele>1261</ele>
        <time>2025-05-30T18:54:54+00:00</time>
      </trkpt>
      <trkpt lat="45.82487" lon="6.26494">
        <ele>1261</ele>
        <time>2025-05-30T18:54:57+00:00</time>
      </trkpt>
      <trkpt lat="45.82491" lon="6.26496">
        <ele>1263</ele>
        <time>2025-05-30T18:55:00+00:00</time>
      </trkpt>
      <trkpt lat="45.82501" lon="6.26524">
        <ele>1268</ele>
        <time>2025-05-30T18:55:03+00:00</time>
      </trkpt>
      <trkpt lat="45.82504" lon="6.26529">
        <ele>1268</ele>
        <time>2025-05-30T18:55:06+00:00</time>
      </trkpt>
      <trkpt lat="45.82513" lon="6.26535">
        <ele>1273</ele>
        <time>2025-05-30T18:55:09+00:00</time>
      </trkpt>
      <trkpt lat="45.82518" lon="6.26536">
        <ele>1273</ele>
        <time>2025-05-30T18:55:12+00:00</time>
      </trkpt>
      <trkpt lat="45.82522" lon="6.26541">
        <ele>1277</ele>
        <time>2025-05-30T18:55:15+00:00</time>
      </trkpt>
      <trkpt lat="45.82524" lon="6.26546">
        <ele>1277</ele>
        <time>2025-05-30T18:55:18+00:00</time>
      </trkpt>
      <trkpt lat="45.82536" lon="6.26561">
        <ele>1281</ele>
        <time>2025-05-30T18:55:21+00:00</time>
      </trkpt>
      <trkpt lat="45.8254" lon="6.26568">
        <ele>1281</ele>
        <time>2025-05-30T18:55:24+00:00</time>
      </trkpt>
      <trkpt lat="45.82541" lon="6.26572">
        <ele>1285</ele>
        <time>2025-05-30T18:55:27+00:00</time>
      </trkpt>
      <trkpt lat="45.82545" lon="6.26581">
        <ele>1284</ele>
        <time>2025-05-30T18:55:30+00:00</time>
      </trkpt>
      <trkpt lat="45.82551" lon="6.26591">
        <ele>1287</ele>
        <time>2025-05-30T18:55:33+00:00</time>
      </trkpt>
      <trkpt lat="45.82555" lon="6.26596">
        <ele>1287</ele>
        <time>2025-05-30T18:55:36+00:00</time>
      </trkpt>
      <trkpt lat="45.82558" lon="6.26605">
        <ele>1287</ele>
        <time>2025-05-30T18:55:39+00:00</time>
      </trkpt>
      <trkpt lat="45.82562" lon="6.26608">
        <ele>1290</ele>
        <time>2025-05-30T18:55:42+00:00</time>
      </trkpt>
      <trkpt lat="45.82581" lon="6.26627">
        <ele>1300</ele>
        <time>2025-05-30T18:55:45+00:00</time>
      </trkpt>
      <trkpt lat="45.82586" lon="6.26634">
        <ele>1300</ele>
        <time>2025-05-30T18:55:48+00:00</time>
      </trkpt>
      <trkpt lat="45.82594" lon="6.2664">
        <ele>1303</ele>
        <time>2025-05-30T18:55:51+00:00</time>
      </trkpt>
      <trkpt lat="45.82603" lon="6.26655">
        <ele>1306</ele>
        <time>2025-05-30T18:55:54+00:00</time>
      </trkpt>
      <trkpt lat="45.82606" lon="6.26664">
        <ele>1305</ele>
        <time>2025-05-30T18:55:57+00:00</time>
      </trkpt>
      <trkpt lat="45.82612" lon="6.26671">
        <ele>1308</ele>
        <time>2025-05-30T18:56:00+00:00</time>
      </trkpt>
      <trkpt lat="45.82613" lon="6.26674">
        <ele>1308</ele>
        <time>2025-05-30T18:56:03+00:00</time>
      </trkpt>
      <trkpt lat="45.82613" lon="6.26676">
        <ele>1308</ele>
        <time>2025-05-30T18:56:06+00:00</time>
      </trkpt>
      <trkpt lat="45.82618" lon="6.26685">
        <ele>1308</ele>
        <time>2025-05-30T18:56:09+00:00</time>
      </trkpt>
      <trkpt lat="45.82621" lon="6.26689">
        <ele>1311</ele>
        <time>2025-05-30T18:56:12+00:00</time>
      </trkpt>
      <trkpt lat="45.82623" lon="6.26694">
        <ele>1311</ele>
        <time>2025-05-30T18:56:15+00:00</time>
      </trkpt>
      <trkpt lat="45.82624" lon="6.26701">
        <ele>1312</ele>
        <time>2025-05-30T18:56:18+00:00</time>
      </trkpt>
      <trkpt lat="45.82629" lon="6.26715">
        <ele>1313</ele>
        <time>2025-05-30T18:56:21+00:00</time>
      </trkpt>
      <trkpt lat="45.82629" lon="6.26722">
        <ele>1314</ele>
        <time>2025-05-30T18:56:24+00:00</time>
      </trkpt>
      <trkpt lat="45.82638" lon="6.26747">
        <ele>1321</ele>
        <time>2025-05-30T18:56:27+00:00</time>
      </trkpt>
      <trkpt lat="45.82642" lon="6.26754">
        <ele>1323</ele>
        <time>2025-05-30T18:56:30+00:00</time>
      </trkpt>
      <trkpt lat="45.82644" lon="6.26756">
        <ele>1323</ele>
        <time>2025-05-30T18:56:33+00:00</time>
      </trkpt>
      <trkpt lat="45.82647" lon="6.26769">
        <ele>1324</ele>
        <time>2025-05-30T18:56:36+00:00</time>
      </trkpt>
      <trkpt lat="45.82651" lon="6.26779">
        <ele>1327</ele>
        <time>2025-05-30T18:56:39+00:00</time>
      </trkpt>
      <trkpt lat="45.82653" lon="6.26788">
        <ele>1328</ele>
        <time>2025-05-30T18:56:42+00:00</time>
      </trkpt>
      <trkpt lat="45.82655" lon="6.2679">
        <ele>1328</ele>
        <time>2025-05-30T18:56:45+00:00</time>
      </trkpt>
      <trkpt lat="45.82661" lon="6.26788">
        <ele>1330</ele>
        <time>2025-05-30T18:56:48+00:00</time>
      </trkpt>
      <trkpt lat="45.82665" lon="6.26791">
        <ele>1331</ele>
        <time>2025-05-30T18:56:51+00:00</time>
      </trkpt>
      <trkpt lat="45.82667" lon="6.26791">
        <ele>1331</ele>
        <time>2025-05-30T18:56:54+00:00</time>
      </trkpt>
      <trkpt lat="45.82671" lon="6.26789">
        <ele>1334</ele>
        <time>2025-05-30T18:56:57+00:00</time>
      </trkpt>
      <trkpt lat="45.82673" lon="6.2679">
        <ele>1334</ele>
        <time>2025-05-30T18:57:00+00:00</time>
      </trkpt>
      <trkpt lat="45.82677" lon="6.26794">
        <ele>1334</ele>
        <time>2025-05-30T18:57:03+00:00</time>
      </trkpt>
      <trkpt lat="45.82681" lon="6.26796">
        <ele>1337</ele>
        <time>2025-05-30T18:57:06+00:00</time>
      </trkpt>
      <trkpt lat="45.82683" lon="6.26801">
        <ele>1337</ele>
        <time>2025-05-30T18:57:09+00:00</time>
      </trkpt>
      <trkpt lat="45.82685" lon="6.26811">
        <ele>1338</ele>
        <time>2025-05-30T18:57:12+00:00</time>
      </trkpt>
      <trkpt lat="45.82689" lon="6.26821">
        <ele>1338</ele>
        <time>2025-05-30T18:57:15+00:00</time>
      </trkpt>
      <trkpt lat="45.82691" lon="6.26821">
        <ele>1345</ele>
        <time>2025-05-30T18:57:18+00:00</time>
      </trkpt>
      <trkpt lat="45.82693" lon="6.2682">
        <ele>1344</ele>
        <time>2025-05-30T18:57:21+00:00</time>
      </trkpt>
      <trkpt lat="45.82694" lon="6.26818">
        <ele>1344</ele>
        <time>2025-05-30T18:57:24+00:00</time>
      </trkpt>
      <trkpt lat="45.82697" lon="6.26817">
        <ele>1344</ele>
        <time>2025-05-30T18:57:27+00:00</time>
      </trkpt>
      <trkpt lat="45.82699" lon="6.26818">
        <ele>1344</ele>
        <time>2025-05-30T18:57:30+00:00</time>
      </trkpt>
      <trkpt lat="45.827" lon="6.2682">
        <ele>1344</ele>
        <time>2025-05-30T18:57:33+00:00</time>
      </trkpt>
      <trkpt lat="45.82702" lon="6.26821">
        <ele>1348</ele>
        <time>2025-05-30T18:57:36+00:00</time>
      </trkpt>
      <trkpt lat="45.82711" lon="6.2682">
        <ele>1350</ele>
        <time>2025-05-30T18:57:39+00:00</time>
      </trkpt>
      <trkpt lat="45.82713" lon="6.26822">
        <ele>1351</ele>
        <time>2025-05-30T18:57:42+00:00</time>
      </trkpt>
      <trkpt lat="45.82717" lon="6.2683">
        <ele>1351</ele>
        <time>2025-05-30T18:57:45+00:00</time>
      </trkpt>
      <trkpt lat="45.82717" lon="6.26839">
        <ele>1352</ele>
        <time>2025-05-30T18:57:48+00:00</time>
      </trkpt>
      <trkpt lat="45.82718" lon="6.26842">
        <ele>1355</ele>
        <time>2025-05-30T18:57:51+00:00</time>
      </trkpt>
      <trkpt lat="45.82721" lon="6.26843">
        <ele>1357</ele>
        <time>2025-05-30T18:57:54+00:00</time>
      </trkpt>
      <trkpt lat="45.82724" lon="6.26841">
        <ele>1357</ele>
        <time>2025-05-30T18:57:57+00:00</time>
      </trkpt>
      <trkpt lat="45.82729" lon="6.2684">
        <ele>1355</ele>
        <time>2025-05-30T18:58:00+00:00</time>
      </trkpt>
      <trkpt lat="45.82733" lon="6.26842">
        <ele>1360</ele>
        <time>2025-05-30T18:58:03+00:00</time>
      </trkpt>
      <trkpt lat="45.82734" lon="6.26845">
        <ele>1360</ele>
        <time>2025-05-30T18:58:06+00:00</time>
      </trkpt>
      <trkpt lat="45.82733" lon="6.26848">
        <ele>1360</ele>
        <time>2025-05-30T18:58:09+00:00</time>
      </trkpt>
      <trkpt lat="45.82736" lon="6.26859">
        <ele>1361</ele>
        <time>2025-05-30T18:58:12+00:00</time>
      </trkpt>
      <trkpt lat="45.82736" lon="6.26872">
        <ele>1364</ele>
        <time>2025-05-30T18:58:15+00:00</time>
      </trkpt>
      <trkpt lat="45.82739" lon="6.26884">
        <ele>1365</ele>
        <time>2025-05-30T18:58:18+00:00</time>
      </trkpt>
      <trkpt lat="45.82741" lon="6.26888">
        <ele>1368</ele>
        <time>2025-05-30T18:58:21+00:00</time>
      </trkpt>
      <trkpt lat="45.82746" lon="6.26888">
        <ele>1368</ele>
        <time>2025-05-30T18:58:24+00:00</time>
      </trkpt>
      <trkpt lat="45.82752" lon="6.26885">
        <ele>1373</ele>
        <time>2025-05-30T18:58:27+00:00</time>
      </trkpt>
      <trkpt lat="45.82756" lon="6.26886">
        <ele>1373</ele>
        <time>2025-05-30T18:58:30+00:00</time>
      </trkpt>
      <trkpt lat="45.82762" lon="6.26886">
        <ele>1375</ele>
        <time>2025-05-30T18:58:33+00:00</time>
      </trkpt>
      <trkpt lat="45.82771" lon="6.2688">
        <ele>1377</ele>
        <time>2025-05-30T18:58:36+00:00</time>
      </trkpt>
      <trkpt lat="45.82782" lon="6.26882">
        <ele>1381</ele>
        <time>2025-05-30T18:58:39+00:00</time>
      </trkpt>
      <trkpt lat="45.82798" lon="6.26852">
        <ele>1382</ele>
        <time>2025-05-30T18:58:42+00:00</time>
      </trkpt>
      <trkpt lat="45.82802" lon="6.26842">
        <ele>1384</ele>
        <time>2025-05-30T18:58:45+00:00</time>
      </trkpt>
      <trkpt lat="45.82812" lon="6.26828">
        <ele>1387</ele>
        <time>2025-05-30T18:58:48+00:00</time>
      </trkpt>
      <trkpt lat="45.82814" lon="6.26827">
        <ele>1387</ele>
        <time>2025-05-30T18:58:51+00:00</time>
      </trkpt>
      <trkpt lat="45.82816" lon="6.26823">
        <ele>1387</ele>
        <time>2025-05-30T18:58:54+00:00</time>
      </trkpt>
      <trkpt lat="45.82823" lon="6.26815">
        <ele>1389</ele>
        <time>2025-05-30T18:58:57+00:00</time>
      </trkpt>
      <trkpt lat="45.82834" lon="6.26793">
        <ele>1392</ele>
        <time>2025-05-30T18:59:00+00:00</time>
      </trkpt>
      <trkpt lat="45.82838" lon="6.26782">
        <ele>1392</ele>
        <time>2025-05-30T18:59:03+00:00</time>
      </trkpt>
      <trkpt lat="45.82842" lon="6.26776">
        <ele>1395</ele>
        <time>2025-05-30T18:59:06+00:00</time>
      </trkpt>
      <trkpt lat="45.82847" lon="6.2676">
        <ele>1394</ele>
        <time>2025-05-30T18:59:09+00:00</time>
      </trkpt>
      <trkpt lat="45.82856" lon="6.26744">
        <ele>1396</ele>
        <time>2025-05-30T18:59:12+00:00</time>
      </trkpt>
      <trkpt lat="45.82858" lon="6.26742">
        <ele>1396</ele>
        <time>2025-05-30T18:59:15+00:00</time>
      </trkpt>
      <trkpt lat="45.82867" lon="6.26723">
        <ele>1398</ele>
        <time>2025-05-30T18:59:18+00:00</time>
      </trkpt>
      <trkpt lat="45.82872" lon="6.26716">
        <ele>1403</ele>
        <time>2025-05-30T18:59:21+00:00</time>
      </trkpt>
      <trkpt lat="45.82881" lon="6.2669">
        <ele>1406</ele>
        <time>2025-05-30T18:59:24+00:00</time>
      </trkpt>
      <trkpt lat="45.82891" lon="6.26664">
        <ele>1408</ele>
        <time>2025-05-30T18:59:27+00:00</time>
      </trkpt>
      <trkpt lat="45.82892" lon="6.26659">
        <ele>1408</ele>
        <time>2025-05-30T18:59:30+00:00</time>
      </trkpt>
      <trkpt lat="45.82897" lon="6.26646">
        <ele>1407</ele>
        <time>2025-05-30T18:59:33+00:00</time>
      </trkpt>
      <trkpt lat="45.82902" lon="6.26624">
        <ele>1409</ele>
        <time>2025-05-30T18:59:36+00:00</time>
      </trkpt>
      <trkpt lat="45.82902" lon="6.26614">
        <ele>1411</ele>
        <time>2025-05-30T18:59:39+00:00</time>
      </trkpt>
      <trkpt lat="45.82908" lon="6.26595">
        <ele>1410</ele>
        <time>2025-05-30T18:59:42+00:00</time>
      </trkpt>
      <trkpt lat="45.82912" lon="6.26589">
        <ele>1412</ele>
        <time>2025-05-30T18:59:45+00:00</time>
      </trkpt>
      <trkpt lat="45.82915" lon="6.2658">
        <ele>1412</ele>
        <time>2025-05-30T18:59:48+00:00</time>
      </trkpt>
      <trkpt lat="45.82923" lon="6.26552">
        <ele>1416</ele>
        <time>2025-05-30T18:59:51+00:00</time>
      </trkpt>
      <trkpt lat="45.82927" lon="6.26535">
        <ele>1418</ele>
        <time>2025-05-30T18:59:54+00:00</time>
      </trkpt>
      <trkpt lat="45.82929" lon="6.2652">
        <ele>1419</ele>
        <time>2025-05-30T18:59:57+00:00</time>
      </trkpt>
      <trkpt lat="45.82933" lon="6.26509">
        <ele>1426</ele>
        <time>2025-05-30T19:00:00+00:00</time>
      </trkpt>
      <trkpt lat="45.82934" lon="6.26504">
        <ele>1426</ele>
        <time>2025-05-30T19:00:03+00:00</time>
      </trkpt>
      <trkpt lat="45.82939" lon="6.26489">
        <ele>1426</ele>
        <time>2025-05-30T19:00:06+00:00</time>
      </trkpt>
      <trkpt lat="45.82942" lon="6.26476">
        <ele>1429</ele>
        <time>2025-05-30T19:00:09+00:00</time>
      </trkpt>
      <trkpt lat="45.82947" lon="6.26467">
        <ele>1429</ele>
        <time>2025-05-30T19:00:12+00:00</time>
      </trkpt>
      <trkpt lat="45.82954" lon="6.2646">
        <ele>1431</ele>
        <time>2025-05-30T19:00:15+00:00</time>
      </trkpt>
      <trkpt lat="45.82958" lon="6.26457">
        <ele>1431</ele>
        <time>2025-05-30T19:00:18+00:00</time>
      </trkpt>
      <trkpt lat="45.82965" lon="6.26454">
        <ele>1431</ele>
        <time>2025-05-30T19:00:21+00:00</time>
      </trkpt>
      <trkpt lat="45.82979" lon="6.26451">
        <ele>1431</ele>
        <time>2025-05-30T19:00:24+00:00</time>
      </trkpt>
      <trkpt lat="45.82998" lon="6.26451">
        <ele>1427</ele>
        <time>2025-05-30T19:00:27+00:00</time>
      </trkpt>
      <trkpt lat="45.83019" lon="6.26454">
        <ele>1425</ele>
        <time>2025-05-30T19:00:30+00:00</time>
      </trkpt>
      <trkpt lat="45.83037" lon="6.26449">
        <ele>1424</ele>
        <time>2025-05-30T19:00:33+00:00</time>
      </trkpt>
      <trkpt lat="45.8306" lon="6.26433">
        <ele>1425</ele>
        <time>2025-05-30T19:00:36+00:00</time>
      </trkpt>
      <trkpt lat="45.8307" lon="6.26424">
        <ele>1426</ele>
        <time>2025-05-30T19:00:39+00:00</time>
      </trkpt>
      <trkpt lat="45.83076" lon="6.26416">
        <ele>1425</ele>
        <time>2025-05-30T19:00:42+00:00</time>
      </trkpt>
      <trkpt lat="45.83084" lon="6.2641">
        <ele>1423</ele>
        <time>2025-05-30T19:00:45+00:00</time>
      </trkpt>
      <trkpt lat="45.83103" lon="6.26392">
        <ele>1425</ele>
        <time>2025-05-30T19:00:48+00:00</time>
      </trkpt>
      <trkpt lat="45.83111" lon="6.26387">
        <ele>1426</ele>
        <time>2025-05-30T19:00:51+00:00</time>
      </trkpt>
      <trkpt lat="45.8312" lon="6.26383">
        <ele>1426</ele>
        <time>2025-05-30T19:00:54+00:00</time>
      </trkpt>
      <trkpt lat="45.83124" lon="6.26383">
        <ele>1425</ele>
        <time>2025-05-30T19:00:57+00:00</time>
      </trkpt>
      <trkpt lat="45.83133" lon="6.26385">
        <ele>1424</ele>
        <time>2025-05-30T19:01:00+00:00</time>
      </trkpt>
      <trkpt lat="45.8314" lon="6.26388">
        <ele>1424</ele>
        <time>2025-05-30T19:01:03+00:00</time>
      </trkpt>
      <trkpt lat="45.83151" lon="6.26395">
        <ele>1423</ele>
        <time>2025-05-30T19:01:06+00:00</time>
      </trkpt>
      <trkpt lat="45.83155" lon="6.26396">
        <ele>1423</ele>
        <time>2025-05-30T19:01:09+00:00</time>
      </trkpt>
      <trkpt lat="45.83157" lon="6.26395">
        <ele>1423</ele>
        <time>2025-05-30T19:01:12+00:00</time>
      </trkpt>
      <trkpt lat="45.8316" lon="6.26393">
        <ele>1423</ele>
        <time>2025-05-30T19:01:15+00:00</time>
      </trkpt>
      <trkpt lat="45.83169" lon="6.26383">
        <ele>1423</ele>
        <time>2025-05-30T19:01:18+00:00</time>
      </trkpt>
      <trkpt lat="45.83182" lon="6.26364">
        <ele>1426</ele>
        <time>2025-05-30T19:01:21+00:00</time>
      </trkpt>
      <trkpt lat="45.83193" lon="6.26351">
        <ele>1424</ele>
        <time>2025-05-30T19:01:24+00:00</time>
      </trkpt>
      <trkpt lat="45.83206" lon="6.26323">
        <ele>1423</ele>
        <time>2025-05-30T19:01:27+00:00</time>
      </trkpt>
      <trkpt lat="45.83212" lon="6.26314">
        <ele>1424</ele>
        <time>2025-05-30T19:01:30+00:00</time>
      </trkpt>
      <trkpt lat="45.83219" lon="6.26305">
        <ele>1424</ele>
        <time>2025-05-30T19:01:33+00:00</time>
      </trkpt>
      <trkpt lat="45.83228" lon="6.26297">
        <ele>1423</ele>
        <time>2025-05-30T19:01:36+00:00</time>
      </trkpt>
      <trkpt lat="45.83248" lon="6.26295">
        <ele>1419</ele>
        <time>2025-05-30T19:01:39+00:00</time>
      </trkpt>
      <trkpt lat="45.83265" lon="6.263">
        <ele>1413</ele>
        <time>2025-05-30T19:01:42+00:00</time>
      </trkpt>
      <trkpt lat="45.83268" lon="6.26304">
        <ele>1414</ele>
        <time>2025-05-30T19:01:45+00:00</time>
      </trkpt>
      <trkpt lat="45.83269" lon="6.26308">
        <ele>1414</ele>
        <time>2025-05-30T19:01:48+00:00</time>
      </trkpt>
      <trkpt lat="45.83271" lon="6.26311">
        <ele>1410</ele>
        <time>2025-05-30T19:01:51+00:00</time>
      </trkpt>
      <trkpt lat="45.83271" lon="6.26331">
        <ele>1414</ele>
        <time>2025-05-30T19:01:54+00:00</time>
      </trkpt>
      <trkpt lat="45.83274" lon="6.2634">
        <ele>1411</ele>
        <time>2025-05-30T19:01:57+00:00</time>
      </trkpt>
      <trkpt lat="45.83277" lon="6.2636">
        <ele>1414</ele>
        <time>2025-05-30T19:02:00+00:00</time>
      </trkpt>
      <trkpt lat="45.83279" lon="6.26366">
        <ele>1416</ele>
        <time>2025-05-30T19:02:03+00:00</time>
      </trkpt>
      <trkpt lat="45.83281" lon="6.26377">
        <ele>1409</ele>
        <time>2025-05-30T19:02:06+00:00</time>
      </trkpt>
      <trkpt lat="45.8329" lon="6.26398">
        <ele>1414</ele>
        <time>2025-05-30T19:02:09+00:00</time>
      </trkpt>
      <trkpt lat="45.83293" lon="6.26407">
        <ele>1406</ele>
        <time>2025-05-30T19:02:12+00:00</time>
      </trkpt>
      <trkpt lat="45.83302" lon="6.26424">
        <ele>1396</ele>
        <time>2025-05-30T19:02:15+00:00</time>
      </trkpt>
      <trkpt lat="45.83305" lon="6.26433">
        <ele>1397</ele>
        <time>2025-05-30T19:02:18+00:00</time>
      </trkpt>
      <trkpt lat="45.83312" lon="6.26444">
        <ele>1394</ele>
        <time>2025-05-30T19:02:21+00:00</time>
      </trkpt>
      <trkpt lat="45.83315" lon="6.2645">
        <ele>1394</ele>
        <time>2025-05-30T19:02:24+00:00</time>
      </trkpt>
      <trkpt lat="45.83315" lon="6.26455">
        <ele>1396</ele>
        <time>2025-05-30T19:02:27+00:00</time>
      </trkpt>
      <trkpt lat="45.83322" lon="6.26464">
        <ele>1392</ele>
        <time>2025-05-30T19:02:30+00:00</time>
      </trkpt>
      <trkpt lat="45.83326" lon="6.26475">
        <ele>1395</ele>
        <time>2025-05-30T19:02:33+00:00</time>
      </trkpt>
      <trkpt lat="45.83332" lon="6.26482">
        <ele>1391</ele>
        <time>2025-05-30T19:02:36+00:00</time>
      </trkpt>
      <trkpt lat="45.83334" lon="6.26486">
        <ele>1391</ele>
        <time>2025-05-30T19:02:39+00:00</time>
      </trkpt>
      <trkpt lat="45.83334" lon="6.26489">
        <ele>1391</ele>
        <time>2025-05-30T19:02:42+00:00</time>
      </trkpt>
      <trkpt lat="45.83337" lon="6.26501">
        <ele>1393</ele>
        <time>2025-05-30T19:02:45+00:00</time>
      </trkpt>
      <trkpt lat="45.83348" lon="6.26514">
        <ele>1393</ele>
        <time>2025-05-30T19:02:48+00:00</time>
      </trkpt>
      <trkpt lat="45.83351" lon="6.26521">
        <ele>1393</ele>
        <time>2025-05-30T19:02:51+00:00</time>
      </trkpt>
      <trkpt lat="45.83354" lon="6.26537">
        <ele>1395</ele>
        <time>2025-05-30T19:02:54+00:00</time>
      </trkpt>
      <trkpt lat="45.83357" lon="6.26562">
        <ele>1386</ele>
        <time>2025-05-30T19:02:57+00:00</time>
      </trkpt>
      <trkpt lat="45.8336" lon="6.2656">
        <ele>1396</ele>
        <time>2025-05-30T19:03:00+00:00</time>
      </trkpt>
      <trkpt lat="45.83361" lon="6.26558">
        <ele>1384</ele>
        <time>2025-05-30T19:03:03+00:00</time>
      </trkpt>
      <trkpt lat="45.83371" lon="6.26547">
        <ele>1380</ele>
        <time>2025-05-30T19:03:06+00:00</time>
      </trkpt>
      <trkpt lat="45.83378" lon="6.26543">
        <ele>1380</ele>
        <time>2025-05-30T19:03:09+00:00</time>
      </trkpt>
      <trkpt lat="45.8338" lon="6.2654">
        <ele>1383</ele>
        <time>2025-05-30T19:03:12+00:00</time>
      </trkpt>
      <trkpt lat="45.83384" lon="6.26539">
        <ele>1377</ele>
        <time>2025-05-30T19:03:15+00:00</time>
      </trkpt>
      <trkpt lat="45.8339" lon="6.2654">
        <ele>1377</ele>
        <time>2025-05-30T19:03:18+00:00</time>
      </trkpt>
      <trkpt lat="45.83395" lon="6.26539">
        <ele>1375</ele>
        <time>2025-05-30T19:03:21+00:00</time>
      </trkpt>
      <trkpt lat="45.834" lon="6.2653">
        <ele>1373</ele>
        <time>2025-05-30T19:03:24+00:00</time>
      </trkpt>
      <trkpt lat="45.83406" lon="6.26531">
        <ele>1376</ele>
        <time>2025-05-30T19:03:27+00:00</time>
      </trkpt>
      <trkpt lat="45.83405" lon="6.26528">
        <ele>1363</ele>
        <time>2025-05-30T19:03:30+00:00</time>
      </trkpt>
      <trkpt lat="45.83405" lon="6.26525">
        <ele>1363</ele>
        <time>2025-05-30T19:03:33+00:00</time>
      </trkpt>
      <trkpt lat="45.8341" lon="6.26519">
        <ele>1359</ele>
        <time>2025-05-30T19:03:36+00:00</time>
      </trkpt>
      <trkpt lat="45.83424" lon="6.26517">
        <ele>1365</ele>
        <time>2025-05-30T19:03:39+00:00</time>
      </trkpt>
      <trkpt lat="45.8343" lon="6.26521">
        <ele>1359</ele>
        <time>2025-05-30T19:03:42+00:00</time>
      </trkpt>
      <trkpt lat="45.83436" lon="6.26528">
        <ele>1357</ele>
        <time>2025-05-30T19:03:45+00:00</time>
      </trkpt>
      <trkpt lat="45.83448" lon="6.26544">
        <ele>1358</ele>
        <time>2025-05-30T19:03:48+00:00</time>
      </trkpt>
      <trkpt lat="45.8345" lon="6.2655">
        <ele>1358</ele>
        <time>2025-05-30T19:03:51+00:00</time>
      </trkpt>
      <trkpt lat="45.83457" lon="6.26556">
        <ele>1355</ele>
        <time>2025-05-30T19:03:54+00:00</time>
      </trkpt>
      <trkpt lat="45.8346" lon="6.26564">
        <ele>1357</ele>
        <time>2025-05-30T19:03:57+00:00</time>
      </trkpt>
      <trkpt lat="45.83459" lon="6.2657">
        <ele>1357</ele>
        <time>2025-05-30T19:04:00+00:00</time>
      </trkpt>
      <trkpt lat="45.83456" lon="6.26576">
        <ele>1356</ele>
        <time>2025-05-30T19:04:03+00:00</time>
      </trkpt>
      <trkpt lat="45.83456" lon="6.26586">
        <ele>1351</ele>
        <time>2025-05-30T19:04:06+00:00</time>
      </trkpt>
      <trkpt lat="45.83466" lon="6.26574">
        <ele>1347</ele>
        <time>2025-05-30T19:04:09+00:00</time>
      </trkpt>
      <trkpt lat="45.83467" lon="6.26569">
        <ele>1351</ele>
        <time>2025-05-30T19:04:12+00:00</time>
      </trkpt>
      <trkpt lat="45.83485" lon="6.2655">
        <ele>1339</ele>
        <time>2025-05-30T19:04:15+00:00</time>
      </trkpt>
      <trkpt lat="45.83489" lon="6.26548">
        <ele>1326</ele>
        <time>2025-05-30T19:04:18+00:00</time>
      </trkpt>
      <trkpt lat="45.83492" lon="6.2655">
        <ele>1320</ele>
        <time>2025-05-30T19:04:21+00:00</time>
      </trkpt>
      <trkpt lat="45.83495" lon="6.26555">
        <ele>1325</ele>
        <time>2025-05-30T19:04:24+00:00</time>
      </trkpt>
      <trkpt lat="45.83499" lon="6.26567">
        <ele>1332</ele>
        <time>2025-05-30T19:04:27+00:00</time>
      </trkpt>
      <trkpt lat="45.83499" lon="6.26572">
        <ele>1336</ele>
        <time>2025-05-30T19:04:30+00:00</time>
      </trkpt>
      <trkpt lat="45.83502" lon="6.26579">
        <ele>1328</ele>
        <time>2025-05-30T19:04:33+00:00</time>
      </trkpt>
      <trkpt lat="45.83504" lon="6.26579">
        <ele>1328</ele>
        <time>2025-05-30T19:04:36+00:00</time>
      </trkpt>
      <trkpt lat="45.83513" lon="6.26565">
        <ele>1327</ele>
        <time>2025-05-30T19:04:39+00:00</time>
      </trkpt>
      <trkpt lat="45.83515" lon="6.26557">
        <ele>1327</ele>
        <time>2025-05-30T19:04:42+00:00</time>
      </trkpt>
      <trkpt lat="45.83515" lon="6.26552">
        <ele>1327</ele>
        <time>2025-05-30T19:04:45+00:00</time>
      </trkpt>
      <trkpt lat="45.83513" lon="6.26546">
        <ele>1327</ele>
        <time>2025-05-30T19:04:48+00:00</time>
      </trkpt>
      <trkpt lat="45.83514" lon="6.26538">
        <ele>1326</ele>
        <time>2025-05-30T19:04:51+00:00</time>
      </trkpt>
      <trkpt lat="45.83517" lon="6.26527">
        <ele>1317</ele>
        <time>2025-05-30T19:04:54+00:00</time>
      </trkpt>
      <trkpt lat="45.8352" lon="6.26524">
        <ele>1317</ele>
        <time>2025-05-30T19:04:57+00:00</time>
      </trkpt>
      <trkpt lat="45.83522" lon="6.26523">
        <ele>1325</ele>
        <time>2025-05-30T19:05:00+00:00</time>
      </trkpt>
      <trkpt lat="45.83529" lon="6.26523">
        <ele>1326</ele>
        <time>2025-05-30T19:05:03+00:00</time>
      </trkpt>
      <trkpt lat="45.83534" lon="6.26528">
        <ele>1324</ele>
        <time>2025-05-30T19:05:06+00:00</time>
      </trkpt>
      <trkpt lat="45.83535" lon="6.26531">
        <ele>1330</ele>
        <time>2025-05-30T19:05:09+00:00</time>
      </trkpt>
      <trkpt lat="45.83538" lon="6.26557">
        <ele>1326</ele>
        <time>2025-05-30T19:05:12+00:00</time>
      </trkpt>
      <trkpt lat="45.83539" lon="6.26562">
        <ele>1325</ele>
        <time>2025-05-30T19:05:15+00:00</time>
      </trkpt>
      <trkpt lat="45.83539" lon="6.26576">
        <ele>1326</ele>
        <time>2025-05-30T19:05:18+00:00</time>
      </trkpt>
      <trkpt lat="45.83541" lon="6.26589">
        <ele>1316</ele>
        <time>2025-05-30T19:05:21+00:00</time>
      </trkpt>
      <trkpt lat="45.83541" lon="6.26585">
        <ele>1316</ele>
        <time>2025-05-30T19:05:24+00:00</time>
      </trkpt>
      <trkpt lat="45.83542" lon="6.26579">
        <ele>1312</ele>
        <time>2025-05-30T19:05:27+00:00</time>
      </trkpt>
      <trkpt lat="45.83544" lon="6.26569">
        <ele>1308</ele>
        <time>2025-05-30T19:05:30+00:00</time>
      </trkpt>
      <trkpt lat="45.83546" lon="6.26563">
        <ele>1313</ele>
        <time>2025-05-30T19:05:33+00:00</time>
      </trkpt>
      <trkpt lat="45.83555" lon="6.26556">
        <ele>1307</ele>
        <time>2025-05-30T19:05:36+00:00</time>
      </trkpt>
      <trkpt lat="45.83561" lon="6.26547">
        <ele>1310</ele>
        <time>2025-05-30T19:05:39+00:00</time>
      </trkpt>
      <trkpt lat="45.83562" lon="6.26536">
        <ele>1304</ele>
        <time>2025-05-30T19:05:42+00:00</time>
      </trkpt>
      <trkpt lat="45.83563" lon="6.26534">
        <ele>1304</ele>
        <time>2025-05-30T19:05:45+00:00</time>
      </trkpt>
      <trkpt lat="45.83565" lon="6.26526">
        <ele>1297</ele>
        <time>2025-05-30T19:05:48+00:00</time>
      </trkpt>
      <trkpt lat="45.83567" lon="6.26522">
        <ele>1305</ele>
        <time>2025-05-30T19:05:51+00:00</time>
      </trkpt>
      <trkpt lat="45.83567" lon="6.26518">
        <ele>1295</ele>
        <time>2025-05-30T19:05:54+00:00</time>
      </trkpt>
      <trkpt lat="45.8357" lon="6.26513">
        <ele>1295</ele>
        <time>2025-05-30T19:05:57+00:00</time>
      </trkpt>
      <trkpt lat="45.83578" lon="6.26507">
        <ele>1301</ele>
        <time>2025-05-30T19:06:00+00:00</time>
      </trkpt>
      <trkpt lat="45.83579" lon="6.26499">
        <ele>1311</ele>
        <time>2025-05-30T19:06:03+00:00</time>
      </trkpt>
      <trkpt lat="45.83582" lon="6.26494">
        <ele>1312</ele>
        <time>2025-05-30T19:06:06+00:00</time>
      </trkpt>
      <trkpt lat="45.83585" lon="6.26492">
        <ele>1312</ele>
        <time>2025-05-30T19:06:09+00:00</time>
      </trkpt>
      <trkpt lat="45.83585" lon="6.2649">
        <ele>1310</ele>
        <time>2025-05-30T19:06:12+00:00</time>
      </trkpt>
      <trkpt lat="45.83587" lon="6.26488">
        <ele>1310</ele>
        <time>2025-05-30T19:06:15+00:00</time>
      </trkpt>
      <trkpt lat="45.83588" lon="6.26483">
        <ele>1310</ele>
        <time>2025-05-30T19:06:18+00:00</time>
      </trkpt>
      <trkpt lat="45.8359" lon="6.26481">
        <ele>1310</ele>
        <time>2025-05-30T19:06:21+00:00</time>
      </trkpt>
      <trkpt lat="45.83595" lon="6.26479">
        <ele>1318</ele>
        <time>2025-05-30T19:06:24+00:00</time>
      </trkpt>
      <trkpt lat="45.83597" lon="6.26484">
        <ele>1319</ele>
        <time>2025-05-30T19:06:27+00:00</time>
      </trkpt>
      <trkpt lat="45.83603" lon="6.2649">
        <ele>1326</ele>
        <time>2025-05-30T19:06:30+00:00</time>
      </trkpt>
      <trkpt lat="45.83608" lon="6.26492">
        <ele>1329</ele>
        <time>2025-05-30T19:06:33+00:00</time>
      </trkpt>
      <trkpt lat="45.83613" lon="6.26492">
        <ele>1330</ele>
        <time>2025-05-30T19:06:36+00:00</time>
      </trkpt>
      <trkpt lat="45.83619" lon="6.26494">
        <ele>1330</ele>
        <time>2025-05-30T19:06:39+00:00</time>
      </trkpt>
      <trkpt lat="45.83625" lon="6.26497">
        <ele>1330</ele>
        <time>2025-05-30T19:06:42+00:00</time>
      </trkpt>
      <trkpt lat="45.83632" lon="6.26502">
        <ele>1332</ele>
        <time>2025-05-30T19:06:45+00:00</time>
      </trkpt>
      <trkpt lat="45.83644" lon="6.26516">
        <ele>1333</ele>
        <time>2025-05-30T19:06:48+00:00</time>
      </trkpt>
      <trkpt lat="45.83659" lon="6.26527">
        <ele>1334</ele>
        <time>2025-05-30T19:06:51+00:00</time>
      </trkpt>
      <trkpt lat="45.83662" lon="6.26532">
        <ele>1333</ele>
        <time>2025-05-30T19:06:54+00:00</time>
      </trkpt>
      <trkpt lat="45.83662" lon="6.26538">
        <ele>1333</ele>
        <time>2025-05-30T19:06:57+00:00</time>
      </trkpt>
      <trkpt lat="45.8366" lon="6.26541">
        <ele>1341</ele>
        <time>2025-05-30T19:07:00+00:00</time>
      </trkpt>
      <trkpt lat="45.83659" lon="6.26544">
        <ele>1341</ele>
        <time>2025-05-30T19:07:03+00:00</time>
      </trkpt>
      <trkpt lat="45.8366" lon="6.26546">
        <ele>1341</ele>
        <time>2025-05-30T19:07:06+00:00</time>
      </trkpt>
      <trkpt lat="45.83658" lon="6.26551">
        <ele>1343</ele>
        <time>2025-05-30T19:07:09+00:00</time>
      </trkpt>
      <trkpt lat="45.83658" lon="6.26554">
        <ele>1343</ele>
        <time>2025-05-30T19:07:12+00:00</time>
      </trkpt>
      <trkpt lat="45.83656" lon="6.26557">
        <ele>1343</ele>
        <time>2025-05-30T19:07:15+00:00</time>
      </trkpt>
      <trkpt lat="45.83656" lon="6.26563">
        <ele>1345</ele>
        <time>2025-05-30T19:07:18+00:00</time>
      </trkpt>
      <trkpt lat="45.83653" lon="6.26572">
        <ele>1347</ele>
        <time>2025-05-30T19:07:21+00:00</time>
      </trkpt>
      <trkpt lat="45.83654" lon="6.26576">
        <ele>1344</ele>
        <time>2025-05-30T19:07:24+00:00</time>
      </trkpt>
      <trkpt lat="45.83659" lon="6.2658">
        <ele>1347</ele>
        <time>2025-05-30T19:07:27+00:00</time>
      </trkpt>
      <trkpt lat="45.83661" lon="6.2658">
        <ele>1344</ele>
        <time>2025-05-30T19:07:30+00:00</time>
      </trkpt>
      <trkpt lat="45.83666" lon="6.26575">
        <ele>1344</ele>
        <time>2025-05-30T19:07:33+00:00</time>
      </trkpt>
      <trkpt lat="45.83669" lon="6.26575">
        <ele>1344</ele>
        <time>2025-05-30T19:07:36+00:00</time>
      </trkpt>
      <trkpt lat="45.83675" lon="6.26579">
        <ele>1346</ele>
        <time>2025-05-30T19:07:39+00:00</time>
      </trkpt>
      <trkpt lat="45.83682" lon="6.26587">
        <ele>1349</ele>
        <time>2025-05-30T19:07:42+00:00</time>
      </trkpt>
      <trkpt lat="45.83684" lon="6.26592">
        <ele>1353</ele>
        <time>2025-05-30T19:07:45+00:00</time>
      </trkpt>
      <trkpt lat="45.83691" lon="6.26598">
        <ele>1353</ele>
        <time>2025-05-30T19:07:48+00:00</time>
      </trkpt>
      <trkpt lat="45.83698" lon="6.26608">
        <ele>1356</ele>
        <time>2025-05-30T19:07:51+00:00</time>
      </trkpt>
      <trkpt lat="45.83704" lon="6.26614">
        <ele>1357</ele>
        <time>2025-05-30T19:07:54+00:00</time>
      </trkpt>
      <trkpt lat="45.83713" lon="6.26617">
        <ele>1357</ele>
        <time>2025-05-30T19:07:57+00:00</time>
      </trkpt>
      <trkpt lat="45.83717" lon="6.26621">
        <ele>1359</ele>
        <time>2025-05-30T19:08:00+00:00</time>
      </trkpt>
      <trkpt lat="45.83737" lon="6.26645">
        <ele>1361</ele>
        <time>2025-05-30T19:08:03+00:00</time>
      </trkpt>
      <trkpt lat="45.83742" lon="6.26648">
        <ele>1361</ele>
        <time>2025-05-30T19:08:06+00:00</time>
      </trkpt>
      <trkpt lat="45.83747" lon="6.26653">
        <ele>1367</ele>
        <time>2025-05-30T19:08:09+00:00</time>
      </trkpt>
      <trkpt lat="45.83756" lon="6.26657">
        <ele>1365</ele>
        <time>2025-05-30T19:08:12+00:00</time>
      </trkpt>
      <trkpt lat="45.83771" lon="6.26658">
        <ele>1365</ele>
        <time>2025-05-30T19:08:15+00:00</time>
      </trkpt>
      <trkpt lat="45.83774" lon="6.26659">
        <ele>1365</ele>
        <time>2025-05-30T19:08:18+00:00</time>
      </trkpt>
      <trkpt lat="45.83778" lon="6.26662">
        <ele>1368</ele>
        <time>2025-05-30T19:08:21+00:00</time>
      </trkpt>
      <trkpt lat="45.83785" lon="6.26669">
        <ele>1367</ele>
        <time>2025-05-30T19:08:24+00:00</time>
      </trkpt>
      <trkpt lat="45.83792" lon="6.26672">
        <ele>1368</ele>
        <time>2025-05-30T19:08:27+00:00</time>
      </trkpt>
      <trkpt lat="45.83801" lon="6.26682">
        <ele>1369</ele>
        <time>2025-05-30T19:08:30+00:00</time>
      </trkpt>
      <trkpt lat="45.83811" lon="6.26688">
        <ele>1369</ele>
        <time>2025-05-30T19:08:33+00:00</time>
      </trkpt>
      <trkpt lat="45.83821" lon="6.26689">
        <ele>1371</ele>
        <time>2025-05-30T19:08:36+00:00</time>
      </trkpt>
      <trkpt lat="45.83829" lon="6.26687">
        <ele>1371</ele>
        <time>2025-05-30T19:08:39+00:00</time>
      </trkpt>
      <trkpt lat="45.83836" lon="6.26682">
        <ele>1373</ele>
        <time>2025-05-30T19:08:42+00:00</time>
      </trkpt>
      <trkpt lat="45.83843" lon="6.26681">
        <ele>1374</ele>
        <time>2025-05-30T19:08:45+00:00</time>
      </trkpt>
      <trkpt lat="45.83847" lon="6.26686">
        <ele>1374</ele>
        <time>2025-05-30T19:08:48+00:00</time>
      </trkpt>
      <trkpt lat="45.83855" lon="6.26692">
        <ele>1375</ele>
        <time>2025-05-30T19:08:51+00:00</time>
      </trkpt>
      <trkpt lat="45.83858" lon="6.26693">
        <ele>1375</ele>
        <time>2025-05-30T19:08:54+00:00</time>
      </trkpt>
      <trkpt lat="45.83861" lon="6.26693">
        <ele>1375</ele>
        <time>2025-05-30T19:08:57+00:00</time>
      </trkpt>
      <trkpt lat="45.83863" lon="6.26694">
        <ele>1375</ele>
        <time>2025-05-30T19:09:00+00:00</time>
      </trkpt>
      <trkpt lat="45.83867" lon="6.26698">
        <ele>1375</ele>
        <time>2025-05-30T19:09:03+00:00</time>
      </trkpt>
      <trkpt lat="45.83882" lon="6.26701">
        <ele>1378</ele>
        <time>2025-05-30T19:09:06+00:00</time>
      </trkpt>
      <trkpt lat="45.83888" lon="6.26704">
        <ele>1378</ele>
        <time>2025-05-30T19:09:09+00:00</time>
      </trkpt>
      <trkpt lat="45.83891" lon="6.26707">
        <ele>1378</ele>
        <time>2025-05-30T19:09:12+00:00</time>
      </trkpt>
      <trkpt lat="45.83893" lon="6.26712">
        <ele>1383</ele>
        <time>2025-05-30T19:09:15+00:00</time>
      </trkpt>
      <trkpt lat="45.83896" lon="6.26715">
        <ele>1383</ele>
        <time>2025-05-30T19:09:18+00:00</time>
      </trkpt>
      <trkpt lat="45.83904" lon="6.26727">
        <ele>1385</ele>
        <time>2025-05-30T19:09:21+00:00</time>
      </trkpt>
      <trkpt lat="45.8391" lon="6.26733">
        <ele>1386</ele>
        <time>2025-05-30T19:09:24+00:00</time>
      </trkpt>
      <trkpt lat="45.83916" lon="6.26734">
        <ele>1387</ele>
        <time>2025-05-30T19:09:27+00:00</time>
      </trkpt>
      <trkpt lat="45.8393" lon="6.2673">
        <ele>1386</ele>
        <time>2025-05-30T19:09:30+00:00</time>
      </trkpt>
      <trkpt lat="45.83937" lon="6.2673">
        <ele>1388</ele>
        <time>2025-05-30T19:09:33+00:00</time>
      </trkpt>
      <trkpt lat="45.83938" lon="6.26734">
        <ele>1389</ele>
        <time>2025-05-30T19:09:36+00:00</time>
      </trkpt>
      <trkpt lat="45.8394" lon="6.26734">
        <ele>1389</ele>
        <time>2025-05-30T19:09:39+00:00</time>
      </trkpt>
      <trkpt lat="45.83949" lon="6.26741">
        <ele>1392</ele>
        <time>2025-05-30T19:09:42+00:00</time>
      </trkpt>
      <trkpt lat="45.83952" lon="6.26745">
        <ele>1393</ele>
        <time>2025-05-30T19:09:45+00:00</time>
      </trkpt>
      <trkpt lat="45.83954" lon="6.26749">
        <ele>1393</ele>
        <time>2025-05-30T19:09:48+00:00</time>
      </trkpt>
      <trkpt lat="45.83958" lon="6.26753">
        <ele>1395</ele>
        <time>2025-05-30T19:09:51+00:00</time>
      </trkpt>
      <trkpt lat="45.83971" lon="6.2676">
        <ele>1399</ele>
        <time>2025-05-30T19:09:54+00:00</time>
      </trkpt>
      <trkpt lat="45.83986" lon="6.26767">
        <ele>1401</ele>
        <time>2025-05-30T19:09:57+00:00</time>
      </trkpt>
      <trkpt lat="45.8399" lon="6.26773">
        <ele>1401</ele>
        <time>2025-05-30T19:10:00+00:00</time>
      </trkpt>
      <trkpt lat="45.83997" lon="6.26779">
        <ele>1402</ele>
        <time>2025-05-30T19:10:03+00:00</time>
      </trkpt>
      <trkpt lat="45.84002" lon="6.26786">
        <ele>1405</ele>
        <time>2025-05-30T19:10:06+00:00</time>
      </trkpt>
      <trkpt lat="45.84006" lon="6.2679">
        <ele>1405</ele>
        <time>2025-05-30T19:10:09+00:00</time>
      </trkpt>
      <trkpt lat="45.84012" lon="6.26799">
        <ele>1407</ele>
        <time>2025-05-30T19:10:12+00:00</time>
      </trkpt>
      <trkpt lat="45.84018" lon="6.26804">
        <ele>1409</ele>
        <time>2025-05-30T19:10:15+00:00</time>
      </trkpt>
      <trkpt lat="45.84022" lon="6.26804">
        <ele>1412</ele>
        <time>2025-05-30T19:10:18+00:00</time>
      </trkpt>
      <trkpt lat="45.84025" lon="6.26802">
        <ele>1412</ele>
        <time>2025-05-30T19:10:21+00:00</time>
      </trkpt>
      <trkpt lat="45.84033" lon="6.26792">
        <ele>1414</ele>
        <time>2025-05-30T19:10:24+00:00</time>
      </trkpt>
      <trkpt lat="45.84035" lon="6.26791">
        <ele>1414</ele>
        <time>2025-05-30T19:10:27+00:00</time>
      </trkpt>
      <trkpt lat="45.84037" lon="6.26792">
        <ele>1414</ele>
        <time>2025-05-30T19:10:30+00:00</time>
      </trkpt>
      <trkpt lat="45.8404" lon="6.26802">
        <ele>1414</ele>
        <time>2025-05-30T19:10:33+00:00</time>
      </trkpt>
      <trkpt lat="45.84038" lon="6.26816">
        <ele>1415</ele>
        <time>2025-05-30T19:10:36+00:00</time>
      </trkpt>
      <trkpt lat="45.8403" lon="6.26843">
        <ele>1422</ele>
        <time>2025-05-30T19:10:39+00:00</time>
      </trkpt>
      <trkpt lat="45.8403" lon="6.26849">
        <ele>1422</ele>
        <time>2025-05-30T19:10:42+00:00</time>
      </trkpt>
      <trkpt lat="45.84034" lon="6.26853">
        <ele>1425</ele>
        <time>2025-05-30T19:10:45+00:00</time>
      </trkpt>
      <trkpt lat="45.84036" lon="6.26854">
        <ele>1425</ele>
        <time>2025-05-30T19:10:48+00:00</time>
      </trkpt>
      <trkpt lat="45.84038" lon="6.26853">
        <ele>1425</ele>
        <time>2025-05-30T19:10:51+00:00</time>
      </trkpt>
      <trkpt lat="45.8405" lon="6.26832">
        <ele>1422</ele>
        <time>2025-05-30T19:10:54+00:00</time>
      </trkpt>
      <trkpt lat="45.84058" lon="6.26814">
        <ele>1422</ele>
        <time>2025-05-30T19:10:57+00:00</time>
      </trkpt>
      <trkpt lat="45.84062" lon="6.26807">
        <ele>1423</ele>
        <time>2025-05-30T19:11:00+00:00</time>
      </trkpt>
      <trkpt lat="45.84065" lon="6.26804">
        <ele>1423</ele>
        <time>2025-05-30T19:11:03+00:00</time>
      </trkpt>
      <trkpt lat="45.84075" lon="6.26789">
        <ele>1424</ele>
        <time>2025-05-30T19:11:06+00:00</time>
      </trkpt>
      <trkpt lat="45.84079" lon="6.2678">
        <ele>1423</ele>
        <time>2025-05-30T19:11:09+00:00</time>
      </trkpt>
      <trkpt lat="45.84083" lon="6.26764">
        <ele>1425</ele>
        <time>2025-05-30T19:11:12+00:00</time>
      </trkpt>
      <trkpt lat="45.84084" lon="6.26756">
        <ele>1425</ele>
        <time>2025-05-30T19:11:15+00:00</time>
      </trkpt>
      <trkpt lat="45.84084" lon="6.26737">
        <ele>1425</ele>
        <time>2025-05-30T19:11:18+00:00</time>
      </trkpt>
      <trkpt lat="45.84083" lon="6.26727">
        <ele>1426</ele>
        <time>2025-05-30T19:11:21+00:00</time>
      </trkpt>
      <trkpt lat="45.84083" lon="6.26714">
        <ele>1426</ele>
        <time>2025-05-30T19:11:24+00:00</time>
      </trkpt>
      <trkpt lat="45.84087" lon="6.26701">
        <ele>1425</ele>
        <time>2025-05-30T19:11:27+00:00</time>
      </trkpt>
      <trkpt lat="45.8409" lon="6.26689">
        <ele>1422</ele>
        <time>2025-05-30T19:11:30+00:00</time>
      </trkpt>
      <trkpt lat="45.84095" lon="6.26676">
        <ele>1426</ele>
        <time>2025-05-30T19:11:33+00:00</time>
      </trkpt>
      <trkpt lat="45.84096" lon="6.26669">
        <ele>1425</ele>
        <time>2025-05-30T19:11:36+00:00</time>
      </trkpt>
      <trkpt lat="45.84107" lon="6.26643">
        <ele>1427</ele>
        <time>2025-05-30T19:11:39+00:00</time>
      </trkpt>
      <trkpt lat="45.8411" lon="6.26627">
        <ele>1427</ele>
        <time>2025-05-30T19:11:42+00:00</time>
      </trkpt>
      <trkpt lat="45.84113" lon="6.26617">
        <ele>1430</ele>
        <time>2025-05-30T19:11:45+00:00</time>
      </trkpt>
      <trkpt lat="45.84115" lon="6.26612">
        <ele>1430</ele>
        <time>2025-05-30T19:11:48+00:00</time>
      </trkpt>
      <trkpt lat="45.84119" lon="6.26605">
        <ele>1429</ele>
        <time>2025-05-30T19:11:51+00:00</time>
      </trkpt>
      <trkpt lat="45.84124" lon="6.26598">
        <ele>1432</ele>
        <time>2025-05-30T19:11:54+00:00</time>
      </trkpt>
      <trkpt lat="45.84126" lon="6.26594">
        <ele>1432</ele>
        <time>2025-05-30T19:11:57+00:00</time>
      </trkpt>
      <trkpt lat="45.84127" lon="6.2659">
        <ele>1436</ele>
        <time>2025-05-30T19:12:00+00:00</time>
      </trkpt>
      <trkpt lat="45.84127" lon="6.26586">
        <ele>1436</ele>
        <time>2025-05-30T19:12:03+00:00</time>
      </trkpt>
      <trkpt lat="45.84122" lon="6.26578">
        <ele>1439</ele>
        <time>2025-05-30T19:12:06+00:00</time>
      </trkpt>
      <trkpt lat="45.84119" lon="6.26572">
        <ele>1436</ele>
        <time>2025-05-30T19:12:09+00:00</time>
      </trkpt>
      <trkpt lat="45.84119" lon="6.26569">
        <ele>1438</ele>
        <time>2025-05-30T19:12:12+00:00</time>
      </trkpt>
      <trkpt lat="45.84118" lon="6.26565">
        <ele>1438</ele>
        <time>2025-05-30T19:12:15+00:00</time>
      </trkpt>
      <trkpt lat="45.84118" lon="6.26558">
        <ele>1438</ele>
        <time>2025-05-30T19:12:18+00:00</time>
      </trkpt>
      <trkpt lat="45.84119" lon="6.26548">
        <ele>1438</ele>
        <time>2025-05-30T19:12:21+00:00</time>
      </trkpt>
      <trkpt lat="45.84122" lon="6.26531">
        <ele>1438</ele>
        <time>2025-05-30T19:12:24+00:00</time>
      </trkpt>
      <trkpt lat="45.84123" lon="6.26528">
        <ele>1441</ele>
        <time>2025-05-30T19:12:27+00:00</time>
      </trkpt>
      <trkpt lat="45.84124" lon="6.2651">
        <ele>1441</ele>
        <time>2025-05-30T19:12:30+00:00</time>
      </trkpt>
      <trkpt lat="45.84126" lon="6.26496">
        <ele>1439</ele>
        <time>2025-05-30T19:12:33+00:00</time>
      </trkpt>
      <trkpt lat="45.84127" lon="6.26494">
        <ele>1439</ele>
        <time>2025-05-30T19:12:36+00:00</time>
      </trkpt>
      <trkpt lat="45.84127" lon="6.26477">
        <ele>1441</ele>
        <time>2025-05-30T19:12:39+00:00</time>
      </trkpt>
      <trkpt lat="45.84125" lon="6.26472">
        <ele>1441</ele>
        <time>2025-05-30T19:12:42+00:00</time>
      </trkpt>
      <trkpt lat="45.84119" lon="6.26463">
        <ele>1445</ele>
        <time>2025-05-30T19:12:45+00:00</time>
      </trkpt>
      <trkpt lat="45.84114" lon="6.26453">
        <ele>1449</ele>
        <time>2025-05-30T19:12:48+00:00</time>
      </trkpt>
      <trkpt lat="45.8411" lon="6.26443">
        <ele>1447</ele>
        <time>2025-05-30T19:12:51+00:00</time>
      </trkpt>
      <trkpt lat="45.84107" lon="6.26437">
        <ele>1450</ele>
        <time>2025-05-30T19:12:54+00:00</time>
      </trkpt>
      <trkpt lat="45.84103" lon="6.26424">
        <ele>1453</ele>
        <time>2025-05-30T19:12:57+00:00</time>
      </trkpt>
      <trkpt lat="45.841" lon="6.26419">
        <ele>1453</ele>
        <time>2025-05-30T19:13:00+00:00</time>
      </trkpt>
      <trkpt lat="45.84096" lon="6.26409">
        <ele>1457</ele>
        <time>2025-05-30T19:13:03+00:00</time>
      </trkpt>
      <trkpt lat="45.84095" lon="6.26405">
        <ele>1457</ele>
        <time>2025-05-30T19:13:06+00:00</time>
      </trkpt>
      <trkpt lat="45.84096" lon="6.26402">
        <ele>1457</ele>
        <time>2025-05-30T19:13:09+00:00</time>
      </trkpt>
      <trkpt lat="45.841" lon="6.26395">
        <ele>1460</ele>
        <time>2025-05-30T19:13:12+00:00</time>
      </trkpt>
      <trkpt lat="45.84099" lon="6.2639">
        <ele>1462</ele>
        <time>2025-05-30T19:13:15+00:00</time>
      </trkpt>
      <trkpt lat="45.84095" lon="6.26382">
        <ele>1462</ele>
        <time>2025-05-30T19:13:18+00:00</time>
      </trkpt>
      <trkpt lat="45.84093" lon="6.26375">
        <ele>1463</ele>
        <time>2025-05-30T19:13:21+00:00</time>
      </trkpt>
      <trkpt lat="45.84093" lon="6.26373">
        <ele>1463</ele>
        <time>2025-05-30T19:13:24+00:00</time>
      </trkpt>
      <trkpt lat="45.84099" lon="6.26353">
        <ele>1464</ele>
        <time>2025-05-30T19:13:27+00:00</time>
      </trkpt>
      <trkpt lat="45.84099" lon="6.26348">
        <ele>1465</ele>
        <time>2025-05-30T19:13:30+00:00</time>
      </trkpt>
      <trkpt lat="45.84094" lon="6.26331">
        <ele>1467</ele>
        <time>2025-05-30T19:13:33+00:00</time>
      </trkpt>
      <trkpt lat="45.84092" lon="6.26322">
        <ele>1468</ele>
        <time>2025-05-30T19:13:36+00:00</time>
      </trkpt>
      <trkpt lat="45.84092" lon="6.26318">
        <ele>1469</ele>
        <time>2025-05-30T19:13:39+00:00</time>
      </trkpt>
      <trkpt lat="45.84094" lon="6.26313">
        <ele>1469</ele>
        <time>2025-05-30T19:13:42+00:00</time>
      </trkpt>
      <trkpt lat="45.84096" lon="6.26311">
        <ele>1469</ele>
        <time>2025-05-30T19:13:45+00:00</time>
      </trkpt>
      <trkpt lat="45.84099" lon="6.26311">
        <ele>1469</ele>
        <time>2025-05-30T19:13:48+00:00</time>
      </trkpt>
      <trkpt lat="45.841" lon="6.26314">
        <ele>1469</ele>
        <time>2025-05-30T19:13:51+00:00</time>
      </trkpt>
      <trkpt lat="45.84104" lon="6.26319">
        <ele>1472</ele>
        <time>2025-05-30T19:13:54+00:00</time>
      </trkpt>
      <trkpt lat="45.84107" lon="6.26321">
        <ele>1472</ele>
        <time>2025-05-30T19:13:57+00:00</time>
      </trkpt>
      <trkpt lat="45.8411" lon="6.26326">
        <ele>1472</ele>
        <time>2025-05-30T19:14:00+00:00</time>
      </trkpt>
      <trkpt lat="45.84112" lon="6.26327">
        <ele>1476</ele>
        <time>2025-05-30T19:14:03+00:00</time>
      </trkpt>
      <trkpt lat="45.84119" lon="6.26304">
        <ele>1476</ele>
        <time>2025-05-30T19:14:06+00:00</time>
      </trkpt>
      <trkpt lat="45.84121" lon="6.26303">
        <ele>1479</ele>
        <time>2025-05-30T19:14:09+00:00</time>
      </trkpt>
      <trkpt lat="45.84129" lon="6.26319">
        <ele>1480</ele>
        <time>2025-05-30T19:14:12+00:00</time>
      </trkpt>
      <trkpt lat="45.84133" lon="6.2633">
        <ele>1483</ele>
        <time>2025-05-30T19:14:15+00:00</time>
      </trkpt>
      <trkpt lat="45.84137" lon="6.26332">
        <ele>1483</ele>
        <time>2025-05-30T19:14:18+00:00</time>
      </trkpt>
      <trkpt lat="45.84138" lon="6.26335">
        <ele>1483</ele>
        <time>2025-05-30T19:14:21+00:00</time>
      </trkpt>
      <trkpt lat="45.8414" lon="6.26336">
        <ele>1483</ele>
        <time>2025-05-30T19:14:24+00:00</time>
      </trkpt>
      <trkpt lat="45.84141" lon="6.26338">
        <ele>1493</ele>
        <time>2025-05-30T19:14:27+00:00</time>
      </trkpt>
      <trkpt lat="45.84143" lon="6.26339">
        <ele>1493</ele>
        <time>2025-05-30T19:14:30+00:00</time>
      </trkpt>
      <trkpt lat="45.84149" lon="6.2634">
        <ele>1493</ele>
        <time>2025-05-30T19:14:33+00:00</time>
      </trkpt>
      <trkpt lat="45.8416" lon="6.26345">
        <ele>1497</ele>
        <time>2025-05-30T19:14:36+00:00</time>
      </trkpt>
      <trkpt lat="45.84164" lon="6.26346">
        <ele>1501</ele>
        <time>2025-05-30T19:14:39+00:00</time>
      </trkpt>
      <trkpt lat="45.84165" lon="6.26349">
        <ele>1501</ele>
        <time>2025-05-30T19:14:42+00:00</time>
      </trkpt>
      <trkpt lat="45.84171" lon="6.26352">
        <ele>1505</ele>
        <time>2025-05-30T19:14:45+00:00</time>
      </trkpt>
      <trkpt lat="45.8418" lon="6.26359">
        <ele>1505</ele>
        <time>2025-05-30T19:14:48+00:00</time>
      </trkpt>
      <trkpt lat="45.84183" lon="6.26365">
        <ele>1508</ele>
        <time>2025-05-30T19:14:51+00:00</time>
      </trkpt>
      <trkpt lat="45.84188" lon="6.26367">
        <ele>1508</ele>
        <time>2025-05-30T19:14:54+00:00</time>
      </trkpt>
      <trkpt lat="45.8419" lon="6.26369">
        <ele>1508</ele>
        <time>2025-05-30T19:14:57+00:00</time>
      </trkpt>
      <trkpt lat="45.84194" lon="6.26377">
        <ele>1511</ele>
        <time>2025-05-30T19:15:00+00:00</time>
      </trkpt>
      <trkpt lat="45.84202" lon="6.26386">
        <ele>1519</ele>
        <time>2025-05-30T19:15:03+00:00</time>
      </trkpt>
      <trkpt lat="45.8421" lon="6.26388">
        <ele>1519</ele>
        <time>2025-05-30T19:15:06+00:00</time>
      </trkpt>
      <trkpt lat="45.84231" lon="6.26397">
        <ele>1527</ele>
        <time>2025-05-30T19:15:09+00:00</time>
      </trkpt>
      <trkpt lat="45.84236" lon="6.26401">
        <ele>1525</ele>
        <time>2025-05-30T19:15:12+00:00</time>
      </trkpt>
      <trkpt lat="45.84238" lon="6.26401">
        <ele>1525</ele>
        <time>2025-05-30T19:15:15+00:00</time>
      </trkpt>
      <trkpt lat="45.84243" lon="6.26403">
        <ele>1528</ele>
        <time>2025-05-30T19:15:18+00:00</time>
      </trkpt>
      <trkpt lat="45.84251" lon="6.26409">
        <ele>1532</ele>
        <time>2025-05-30T19:15:21+00:00</time>
      </trkpt>
      <trkpt lat="45.84258" lon="6.26409">
        <ele>1532</ele>
        <time>2025-05-30T19:15:24+00:00</time>
      </trkpt>
      <trkpt lat="45.84266" lon="6.26407">
        <ele>1534</ele>
        <time>2025-05-30T19:15:27+00:00</time>
      </trkpt>
      <trkpt lat="45.84265" lon="6.26404">
        <ele>1534</ele>
        <time>2025-05-30T19:15:30+00:00</time>
      </trkpt>
      <trkpt lat="45.8426" lon="6.264">
        <ele>1534</ele>
        <time>2025-05-30T19:15:33+00:00</time>
      </trkpt>
      <trkpt lat="45.84258" lon="6.26396">
        <ele>1534</ele>
        <time>2025-05-30T19:15:36+00:00</time>
      </trkpt>
      <trkpt lat="45.84255" lon="6.26395">
        <ele>1534</ele>
        <time>2025-05-30T19:15:39+00:00</time>
      </trkpt>
      <trkpt lat="45.8425" lon="6.26391">
        <ele>1531</ele>
        <time>2025-05-30T19:15:42+00:00</time>
      </trkpt>
      <trkpt lat="45.84246" lon="6.26377">
        <ele>1534</ele>
        <time>2025-05-30T19:15:45+00:00</time>
      </trkpt>
      <trkpt lat="45.84246" lon="6.26373">
        <ele>1534</ele>
        <time>2025-05-30T19:15:48+00:00</time>
      </trkpt>
      <trkpt lat="45.84241" lon="6.26362">
        <ele>1536</ele>
        <time>2025-05-30T19:15:51+00:00</time>
      </trkpt>
      <trkpt lat="45.84241" lon="6.26355">
        <ele>1538</ele>
        <time>2025-05-30T19:15:54+00:00</time>
      </trkpt>
      <trkpt lat="45.84243" lon="6.26351">
        <ele>1538</ele>
        <time>2025-05-30T19:15:57+00:00</time>
      </trkpt>
      <trkpt lat="45.84243" lon="6.26348">
        <ele>1542</ele>
        <time>2025-05-30T19:16:00+00:00</time>
      </trkpt>
      <trkpt lat="45.84241" lon="6.26346">
        <ele>1542</ele>
        <time>2025-05-30T19:16:03+00:00</time>
      </trkpt>
      <trkpt lat="45.84239" lon="6.26339">
        <ele>1540</ele>
        <time>2025-05-30T19:16:06+00:00</time>
      </trkpt>
      <trkpt lat="45.84236" lon="6.26334">
        <ele>1540</ele>
        <time>2025-05-30T19:16:09+00:00</time>
      </trkpt>
      <trkpt lat="45.84236" lon="6.2633">
        <ele>1542</ele>
        <time>2025-05-30T19:16:12+00:00</time>
      </trkpt>
      <trkpt lat="45.8424" lon="6.26325">
        <ele>1542</ele>
        <time>2025-05-30T19:16:15+00:00</time>
      </trkpt>
      <trkpt lat="45.84244" lon="6.26327">
        <ele>1547</ele>
        <time>2025-05-30T19:16:18+00:00</time>
      </trkpt>
      <trkpt lat="45.84248" lon="6.26326">
        <ele>1547</ele>
        <time>2025-05-30T19:16:21+00:00</time>
      </trkpt>
      <trkpt lat="45.8425" lon="6.26324">
        <ele>1547</ele>
        <time>2025-05-30T19:16:24+00:00</time>
      </trkpt>
      <trkpt lat="45.84257" lon="6.26327">
        <ele>1551</ele>
        <time>2025-05-30T19:16:27+00:00</time>
      </trkpt>
      <trkpt lat="45.84261" lon="6.26326">
        <ele>1557</ele>
        <time>2025-05-30T19:16:30+00:00</time>
      </trkpt>
      <trkpt lat="45.84265" lon="6.26326">
        <ele>1557</ele>
        <time>2025-05-30T19:16:33+00:00</time>
      </trkpt>
      <trkpt lat="45.84269" lon="6.26324">
        <ele>1557</ele>
        <time>2025-05-30T19:16:36+00:00</time>
      </trkpt>
      <trkpt lat="45.84272" lon="6.26325">
        <ele>1559</ele>
        <time>2025-05-30T19:16:39+00:00</time>
      </trkpt>
      <trkpt lat="45.84266" lon="6.26315">
        <ele>1559</ele>
        <time>2025-05-30T19:16:42+00:00</time>
      </trkpt>
      <trkpt lat="45.84266" lon="6.2631">
        <ele>1561</ele>
        <time>2025-05-30T19:16:45+00:00</time>
      </trkpt>
      <trkpt lat="45.84262" lon="6.26296">
        <ele>1562</ele>
        <time>2025-05-30T19:16:48+00:00</time>
      </trkpt>
      <trkpt lat="45.84262" lon="6.26293">
        <ele>1562</ele>
        <time>2025-05-30T19:16:51+00:00</time>
      </trkpt>
      <trkpt lat="45.84264" lon="6.2629">
        <ele>1563</ele>
        <time>2025-05-30T19:16:54+00:00</time>
      </trkpt>
      <trkpt lat="45.84266" lon="6.26283">
        <ele>1563</ele>
        <time>2025-05-30T19:16:57+00:00</time>
      </trkpt>
      <trkpt lat="45.84269" lon="6.26276">
        <ele>1563</ele>
        <time>2025-05-30T19:17:00+00:00</time>
      </trkpt>
      <trkpt lat="45.84283" lon="6.26259">
        <ele>1569</ele>
        <time>2025-05-30T19:17:03+00:00</time>
      </trkpt>
      <trkpt lat="45.84292" lon="6.2625">
        <ele>1573</ele>
        <time>2025-05-30T19:17:06+00:00</time>
      </trkpt>
      <trkpt lat="45.84294" lon="6.26245">
        <ele>1573</ele>
        <time>2025-05-30T19:17:09+00:00</time>
      </trkpt>
      <trkpt lat="45.84299" lon="6.26238">
        <ele>1574</ele>
        <time>2025-05-30T19:17:12+00:00</time>
      </trkpt>
      <trkpt lat="45.84304" lon="6.26228">
        <ele>1579</ele>
        <time>2025-05-30T19:17:15+00:00</time>
      </trkpt>
      <trkpt lat="45.84306" lon="6.26226">
        <ele>1579</ele>
        <time>2025-05-30T19:17:18+00:00</time>
      </trkpt>
      <trkpt lat="45.84309" lon="6.26219">
        <ele>1580</ele>
        <time>2025-05-30T19:17:21+00:00</time>
      </trkpt>
      <trkpt lat="45.84311" lon="6.26218">
        <ele>1583</ele>
        <time>2025-05-30T19:17:24+00:00</time>
      </trkpt>
      <trkpt lat="45.84318" lon="6.2621">
        <ele>1584</ele>
        <time>2025-05-30T19:17:27+00:00</time>
      </trkpt>
      <trkpt lat="45.84318" lon="6.26201">
        <ele>1584</ele>
        <time>2025-05-30T19:17:30+00:00</time>
      </trkpt>
      <trkpt lat="45.84319" lon="6.26193">
        <ele>1584</ele>
        <time>2025-05-30T19:17:33+00:00</time>
      </trkpt>
      <trkpt lat="45.8433" lon="6.26176">
        <ele>1587</ele>
        <time>2025-05-30T19:17:36+00:00</time>
      </trkpt>
      <trkpt lat="45.84337" lon="6.26173">
        <ele>1593</ele>
        <time>2025-05-30T19:17:39+00:00</time>
      </trkpt>
      <trkpt lat="45.84345" lon="6.26168">
        <ele>1600</ele>
        <time>2025-05-30T19:17:42+00:00</time>
      </trkpt>
      <trkpt lat="45.84346" lon="6.26162">
        <ele>1600</ele>
        <time>2025-05-30T19:17:45+00:00</time>
      </trkpt>
      <trkpt lat="45.8435" lon="6.2616">
        <ele>1602</ele>
        <time>2025-05-30T19:17:48+00:00</time>
      </trkpt>
      <trkpt lat="45.84351" lon="6.26158">
        <ele>1606</ele>
        <time>2025-05-30T19:17:51+00:00</time>
      </trkpt>
      <trkpt lat="45.84357" lon="6.26151">
        <ele>1606</ele>
        <time>2025-05-30T19:17:54+00:00</time>
      </trkpt>
      <trkpt lat="45.84358" lon="6.26148">
        <ele>1608</ele>
        <time>2025-05-30T19:17:57+00:00</time>
      </trkpt>
      <trkpt lat="45.84358" lon="6.26145">
        <ele>1608</ele>
        <time>2025-05-30T19:18:00+00:00</time>
      </trkpt>
      <trkpt lat="45.84361" lon="6.26135">
        <ele>1615</ele>
        <time>2025-05-30T19:18:03+00:00</time>
      </trkpt>
      <trkpt lat="45.84361" lon="6.26132">
        <ele>1615</ele>
        <time>2025-05-30T19:18:06+00:00</time>
      </trkpt>
      <trkpt lat="45.84362" lon="6.26126">
        <ele>1616</ele>
        <time>2025-05-30T19:18:09+00:00</time>
      </trkpt>
      <trkpt lat="45.84363" lon="6.26124">
        <ele>1616</ele>
        <time>2025-05-30T19:18:12+00:00</time>
      </trkpt>
      <trkpt lat="45.84366" lon="6.26123">
        <ele>1616</ele>
        <time>2025-05-30T19:18:15+00:00</time>
      </trkpt>
      <trkpt lat="45.84367" lon="6.26121">
        <ele>1616</ele>
        <time>2025-05-30T19:18:18+00:00</time>
      </trkpt>
      <trkpt lat="45.84368" lon="6.26116">
        <ele>1617</ele>
        <time>2025-05-30T19:18:21+00:00</time>
      </trkpt>
      <trkpt lat="45.84371" lon="6.26117">
        <ele>1623</ele>
        <time>2025-05-30T19:18:24+00:00</time>
      </trkpt>
      <trkpt lat="45.84373" lon="6.26121">
        <ele>1622</ele>
        <time>2025-05-30T19:18:27+00:00</time>
      </trkpt>
      <trkpt lat="45.84375" lon="6.26121">
        <ele>1622</ele>
        <time>2025-05-30T19:18:30+00:00</time>
      </trkpt>
      <trkpt lat="45.84379" lon="6.26119">
        <ele>1623</ele>
        <time>2025-05-30T19:18:33+00:00</time>
      </trkpt>
      <trkpt lat="45.8438" lon="6.26118">
        <ele>1623</ele>
        <time>2025-05-30T19:18:36+00:00</time>
      </trkpt>
      <trkpt lat="45.84381" lon="6.26115">
        <ele>1628</ele>
        <time>2025-05-30T19:18:39+00:00</time>
      </trkpt>
      <trkpt lat="45.84385" lon="6.26111">
        <ele>1628</ele>
        <time>2025-05-30T19:18:42+00:00</time>
      </trkpt>
      <trkpt lat="45.84387" lon="6.2611">
        <ele>1623</ele>
        <time>2025-05-30T19:18:45+00:00</time>
      </trkpt>
      <trkpt lat="45.84391" lon="6.26115">
        <ele>1637</ele>
        <time>2025-05-30T19:18:48+00:00</time>
      </trkpt>
      <trkpt lat="45.84397" lon="6.26118">
        <ele>1637</ele>
        <time>2025-05-30T19:18:51+00:00</time>
      </trkpt>
      <trkpt lat="45.84399" lon="6.26117">
        <ele>1637</ele>
        <time>2025-05-30T19:18:54+00:00</time>
      </trkpt>
      <trkpt lat="45.84403" lon="6.26117">
        <ele>1641</ele>
        <time>2025-05-30T19:18:57+00:00</time>
      </trkpt>
      <trkpt lat="45.84409" lon="6.2611">
        <ele>1635</ele>
        <time>2025-05-30T19:19:00+00:00</time>
      </trkpt>
      <trkpt lat="45.84412" lon="6.26113">
        <ele>1646</ele>
        <time>2025-05-30T19:19:03+00:00</time>
      </trkpt>
      <trkpt lat="45.84416" lon="6.26115">
        <ele>1646</ele>
        <time>2025-05-30T19:19:06+00:00</time>
      </trkpt>
      <trkpt lat="45.84418" lon="6.2611">
        <ele>1636</ele>
        <time>2025-05-30T19:19:09+00:00</time>
      </trkpt>
      <trkpt lat="45.84421" lon="6.26112">
        <ele>1651</ele>
        <time>2025-05-30T19:19:12+00:00</time>
      </trkpt>
      <trkpt lat="45.84427" lon="6.26113">
        <ele>1640</ele>
        <time>2025-05-30T19:19:15+00:00</time>
      </trkpt>
      <trkpt lat="45.8443" lon="6.26115">
        <ele>1651</ele>
        <time>2025-05-30T19:19:18+00:00</time>
      </trkpt>
      <trkpt lat="45.84433" lon="6.26115">
        <ele>1655</ele>
        <time>2025-05-30T19:19:21+00:00</time>
      </trkpt>
      <trkpt lat="45.84439" lon="6.26111">
        <ele>1655</ele>
        <time>2025-05-30T19:19:24+00:00</time>
      </trkpt>
      <trkpt lat="45.84445" lon="6.2611">
        <ele>1640</ele>
        <time>2025-05-30T19:19:27+00:00</time>
      </trkpt>
      <trkpt lat="45.84445" lon="6.26107">
        <ele>1646</ele>
        <time>2025-05-30T19:19:30+00:00</time>
      </trkpt>
      <trkpt lat="45.84442" lon="6.26096">
        <ele>1646</ele>
        <time>2025-05-30T19:19:33+00:00</time>
      </trkpt>
      <trkpt lat="45.84441" lon="6.26088">
        <ele>1641</ele>
        <time>2025-05-30T19:19:36+00:00</time>
      </trkpt>
      <trkpt lat="45.84443" lon="6.26081">
        <ele>1641</ele>
        <time>2025-05-30T19:19:39+00:00</time>
      </trkpt>
      <trkpt lat="45.84446" lon="6.26079">
        <ele>1618</ele>
        <time>2025-05-30T19:19:42+00:00</time>
      </trkpt>
      <trkpt lat="45.84449" lon="6.26073">
        <ele>1618</ele>
        <time>2025-05-30T19:19:45+00:00</time>
      </trkpt>
      <trkpt lat="45.8445" lon="6.26067">
        <ele>1612</ele>
        <time>2025-05-30T19:19:48+00:00</time>
      </trkpt>
      <trkpt lat="45.84452" lon="6.26067">
        <ele>1666</ele>
        <time>2025-05-30T19:19:51+00:00</time>
      </trkpt>
      <trkpt lat="45.84456" lon="6.26063">
        <ele>1652</ele>
        <time>2025-05-30T19:19:54+00:00</time>
      </trkpt>
      <trkpt lat="45.84458" lon="6.26058">
        <ele>1667</ele>
        <time>2025-05-30T19:19:57+00:00</time>
      </trkpt>
      <trkpt lat="45.84458" lon="6.26055">
        <ele>1667</ele>
        <time>2025-05-30T19:20:00+00:00</time>
      </trkpt>
      <trkpt lat="45.84463" lon="6.26048">
        <ele>1659</ele>
        <time>2025-05-30T19:20:03+00:00</time>
      </trkpt>
      <trkpt lat="45.84464" lon="6.26047">
        <ele>1659</ele>
        <time>2025-05-30T19:20:06+00:00</time>
      </trkpt>
      <trkpt lat="45.84471" lon="6.26046">
        <ele>1657</ele>
        <time>2025-05-30T19:20:09+00:00</time>
      </trkpt>
      <trkpt lat="45.84477" lon="6.26046">
        <ele>1664</ele>
        <time>2025-05-30T19:20:12+00:00</time>
      </trkpt>
      <trkpt lat="45.84486" lon="6.26043">
        <ele>1665</ele>
        <time>2025-05-30T19:20:15+00:00</time>
      </trkpt>
      <trkpt lat="45.84488" lon="6.26042">
        <ele>1665</ele>
        <time>2025-05-30T19:20:18+00:00</time>
      </trkpt>
      <trkpt lat="45.84489" lon="6.2604">
        <ele>1655</ele>
        <time>2025-05-30T19:20:21+00:00</time>
      </trkpt>
      <trkpt lat="45.84495" lon="6.26037">
        <ele>1660</ele>
        <time>2025-05-30T19:20:24+00:00</time>
      </trkpt>
      <trkpt lat="45.845" lon="6.26032">
        <ele>1660</ele>
        <time>2025-05-30T19:20:27+00:00</time>
      </trkpt>
      <trkpt lat="45.84515" lon="6.26024">
        <ele>1653</ele>
        <time>2025-05-30T19:20:30+00:00</time>
      </trkpt>
      <trkpt lat="45.84522" lon="6.26017">
        <ele>1650</ele>
        <time>2025-05-30T19:20:33+00:00</time>
      </trkpt>
      <trkpt lat="45.84526" lon="6.26011">
        <ele>1650</ele>
        <time>2025-05-30T19:20:36+00:00</time>
      </trkpt>
      <trkpt lat="45.84527" lon="6.26008">
        <ele>1648</ele>
        <time>2025-05-30T19:20:39+00:00</time>
      </trkpt>
      <trkpt lat="45.84532" lon="6.26001">
        <ele>1647</ele>
        <time>2025-05-30T19:20:42+00:00</time>
      </trkpt>
      <trkpt lat="45.84538" lon="6.25996">
        <ele>1646</ele>
        <time>2025-05-30T19:20:45+00:00</time>
      </trkpt>
      <trkpt lat="45.84544" lon="6.25993">
        <ele>1645</ele>
        <time>2025-05-30T19:20:48+00:00</time>
      </trkpt>
      <trkpt lat="45.84552" lon="6.25992">
        <ele>1644</ele>
        <time>2025-05-30T19:20:51+00:00</time>
      </trkpt>
      <trkpt lat="45.84563" lon="6.25993">
        <ele>1643</ele>
        <time>2025-05-30T19:20:54+00:00</time>
      </trkpt>
      <trkpt lat="45.84572" lon="6.25992">
        <ele>1640</ele>
        <time>2025-05-30T19:20:57+00:00</time>
      </trkpt>
      <trkpt lat="45.84597" lon="6.25995">
        <ele>1637</ele>
        <time>2025-05-30T19:21:00+00:00</time>
      </trkpt>
      <trkpt lat="45.84632" lon="6.25993">
        <ele>1635</ele>
        <time>2025-05-30T19:21:03+00:00</time>
      </trkpt>
      <trkpt lat="45.84649" lon="6.25994">
        <ele>1635</ele>
        <time>2025-05-30T19:21:06+00:00</time>
      </trkpt>
      <trkpt lat="45.84667" lon="6.25997">
        <ele>1633</ele>
        <time>2025-05-30T19:21:09+00:00</time>
      </trkpt>
      <trkpt lat="45.84673" lon="6.25997">
        <ele>1632</ele>
        <time>2025-05-30T19:21:12+00:00</time>
      </trkpt>
      <trkpt lat="45.84685" lon="6.25999">
        <ele>1632</ele>
        <time>2025-05-30T19:21:15+00:00</time>
      </trkpt>
      <trkpt lat="45.84698" lon="6.25999">
        <ele>1629</ele>
        <time>2025-05-30T19:21:18+00:00</time>
      </trkpt>
      <trkpt lat="45.84708" lon="6.25996">
        <ele>1628</ele>
        <time>2025-05-30T19:21:21+00:00</time>
      </trkpt>
      <trkpt lat="45.84721" lon="6.25989">
        <ele>1626</ele>
        <time>2025-05-30T19:21:24+00:00</time>
      </trkpt>
      <trkpt lat="45.84731" lon="6.25986">
        <ele>1626</ele>
        <time>2025-05-30T19:21:27+00:00</time>
      </trkpt>
      <trkpt lat="45.84766" lon="6.25984">
        <ele>1624</ele>
        <time>2025-05-30T19:21:30+00:00</time>
      </trkpt>
      <trkpt lat="45.84791" lon="6.25984">
        <ele>1623</ele>
        <time>2025-05-30T19:21:33+00:00</time>
      </trkpt>
      <trkpt lat="45.84804" lon="6.25981">
        <ele>1622</ele>
        <time>2025-05-30T19:21:36+00:00</time>
      </trkpt>
      <trkpt lat="45.84819" lon="6.25979">
        <ele>1620</ele>
        <time>2025-05-30T19:21:39+00:00</time>
      </trkpt>
      <trkpt lat="45.84852" lon="6.25979">
        <ele>1619</ele>
        <time>2025-05-30T19:21:42+00:00</time>
      </trkpt>
      <trkpt lat="45.84895" lon="6.25966">
        <ele>1615</ele>
        <time>2025-05-30T19:21:45+00:00</time>
      </trkpt>
      <trkpt lat="45.84917" lon="6.25963">
        <ele>1613</ele>
        <time>2025-05-30T19:21:48+00:00</time>
      </trkpt>
      <trkpt lat="45.84931" lon="6.2596">
        <ele>1611</ele>
        <time>2025-05-30T19:21:51+00:00</time>
      </trkpt>
      <trkpt lat="45.84939" lon="6.25955">
        <ele>1611</ele>
        <time>2025-05-30T19:21:54+00:00</time>
      </trkpt>
      <trkpt lat="45.84947" lon="6.25947">
        <ele>1610</ele>
        <time>2025-05-30T19:21:57+00:00</time>
      </trkpt>
      <trkpt lat="45.84953" lon="6.25939">
        <ele>1609</ele>
        <time>2025-05-30T19:22:00+00:00</time>
      </trkpt>
      <trkpt lat="45.84974" lon="6.25925">
        <ele>1612</ele>
        <time>2025-05-30T19:22:03+00:00</time>
      </trkpt>
      <trkpt lat="45.84983" lon="6.25916">
        <ele>1611</ele>
        <time>2025-05-30T19:22:06+00:00</time>
      </trkpt>
      <trkpt lat="45.85003" lon="6.25909">
        <ele>1613</ele>
        <time>2025-05-30T19:22:09+00:00</time>
      </trkpt>
      <trkpt lat="45.85011" lon="6.25903">
        <ele>1612</ele>
        <time>2025-05-30T19:22:12+00:00</time>
      </trkpt>
      <trkpt lat="45.85015" lon="6.25902">
        <ele>1612</ele>
        <time>2025-05-30T19:22:15+00:00</time>
      </trkpt>
      <trkpt lat="45.8504" lon="6.25885">
        <ele>1613</ele>
        <time>2025-05-30T19:22:18+00:00</time>
      </trkpt>
      <trkpt lat="45.85044" lon="6.25884">
        <ele>1614</ele>
        <time>2025-05-30T19:22:21+00:00</time>
      </trkpt>
      <trkpt lat="45.85062" lon="6.25882">
        <ele>1613</ele>
        <time>2025-05-30T19:22:24+00:00</time>
      </trkpt>
      <trkpt lat="45.85075" lon="6.25875">
        <ele>1613</ele>
        <time>2025-05-30T19:22:27+00:00</time>
      </trkpt>
      <trkpt lat="45.85083" lon="6.25873">
        <ele>1613</ele>
        <time>2025-05-30T19:22:30+00:00</time>
      </trkpt>
      <trkpt lat="45.85091" lon="6.25868">
        <ele>1615</ele>
        <time>2025-05-30T19:22:33+00:00</time>
      </trkpt>
      <trkpt lat="45.85099" lon="6.25864">
        <ele>1615</ele>
        <time>2025-05-30T19:22:36+00:00</time>
      </trkpt>
      <trkpt lat="45.85102" lon="6.25861">
        <ele>1615</ele>
        <time>2025-05-30T19:22:39+00:00</time>
      </trkpt>
      <trkpt lat="45.85107" lon="6.25859">
        <ele>1615</ele>
        <time>2025-05-30T19:22:42+00:00</time>
      </trkpt>
      <trkpt lat="45.8511" lon="6.25854">
        <ele>1615</ele>
        <time>2025-05-30T19:22:45+00:00</time>
      </trkpt>
      <trkpt lat="45.85112" lon="6.25848">
        <ele>1615</ele>
        <time>2025-05-30T19:22:48+00:00</time>
      </trkpt>
      <trkpt lat="45.85117" lon="6.25838">
        <ele>1615</ele>
        <time>2025-05-30T19:22:51+00:00</time>
      </trkpt>
      <trkpt lat="45.85119" lon="6.25818">
        <ele>1615</ele>
        <time>2025-05-30T19:22:54+00:00</time>
      </trkpt>
      <trkpt lat="45.8512" lon="6.25814">
        <ele>1615</ele>
        <time>2025-05-30T19:22:57+00:00</time>
      </trkpt>
      <trkpt lat="45.85122" lon="6.25811">
        <ele>1614</ele>
        <time>2025-05-30T19:23:00+00:00</time>
      </trkpt>
      <trkpt lat="45.8513" lon="6.25804">
        <ele>1614</ele>
        <time>2025-05-30T19:23:03+00:00</time>
      </trkpt>
      <trkpt lat="45.85136" lon="6.25805">
        <ele>1614</ele>
        <time>2025-05-30T19:23:06+00:00</time>
      </trkpt>
      <trkpt lat="45.85142" lon="6.25802">
        <ele>1614</ele>
        <time>2025-05-30T19:23:09+00:00</time>
      </trkpt>
      <trkpt lat="45.85155" lon="6.25802">
        <ele>1613</ele>
        <time>2025-05-30T19:23:12+00:00</time>
      </trkpt>
      <trkpt lat="45.85166" lon="6.25799">
        <ele>1613</ele>
        <time>2025-05-30T19:23:15+00:00</time>
      </trkpt>
      <trkpt lat="45.85169" lon="6.25796">
        <ele>1613</ele>
        <time>2025-05-30T19:23:18+00:00</time>
      </trkpt>
      <trkpt lat="45.85184" lon="6.25775">
        <ele>1609</ele>
        <time>2025-05-30T19:23:21+00:00</time>
      </trkpt>
      <trkpt lat="45.85194" lon="6.25767">
        <ele>1608</ele>
        <time>2025-05-30T19:23:24+00:00</time>
      </trkpt>
      <trkpt lat="45.85209" lon="6.25758">
        <ele>1608</ele>
        <time>2025-05-30T19:23:27+00:00</time>
      </trkpt>
      <trkpt lat="45.85213" lon="6.25753">
        <ele>1605</ele>
        <time>2025-05-30T19:23:30+00:00</time>
      </trkpt>
      <trkpt lat="45.8522" lon="6.25741">
        <ele>1605</ele>
        <time>2025-05-30T19:23:33+00:00</time>
      </trkpt>
      <trkpt lat="45.85223" lon="6.25737">
        <ele>1602</ele>
        <time>2025-05-30T19:23:36+00:00</time>
      </trkpt>
      <trkpt lat="45.85224" lon="6.25732">
        <ele>1602</ele>
        <time>2025-05-30T19:23:39+00:00</time>
      </trkpt>
      <trkpt lat="45.85231" lon="6.25719">
        <ele>1597</ele>
        <time>2025-05-30T19:23:42+00:00</time>
      </trkpt>
      <trkpt lat="45.85233" lon="6.25711">
        <ele>1597</ele>
        <time>2025-05-30T19:23:45+00:00</time>
      </trkpt>
      <trkpt lat="45.85234" lon="6.25701">
        <ele>1597</ele>
        <time>2025-05-30T19:23:48+00:00</time>
      </trkpt>
      <trkpt lat="45.85238" lon="6.25688">
        <ele>1594</ele>
        <time>2025-05-30T19:23:51+00:00</time>
      </trkpt>
      <trkpt lat="45.85245" lon="6.25675">
        <ele>1593</ele>
        <time>2025-05-30T19:23:54+00:00</time>
      </trkpt>
      <trkpt lat="45.85259" lon="6.25664">
        <ele>1592</ele>
        <time>2025-05-30T19:23:57+00:00</time>
      </trkpt>
      <trkpt lat="45.85261" lon="6.25661">
        <ele>1587</ele>
        <time>2025-05-30T19:24:00+00:00</time>
      </trkpt>
      <trkpt lat="45.85263" lon="6.25657">
        <ele>1585</ele>
        <time>2025-05-30T19:24:03+00:00</time>
      </trkpt>
      <trkpt lat="45.85263" lon="6.25648">
        <ele>1585</ele>
        <time>2025-05-30T19:24:06+00:00</time>
      </trkpt>
      <trkpt lat="45.85264" lon="6.25645">
        <ele>1585</ele>
        <time>2025-05-30T19:24:09+00:00</time>
      </trkpt>
      <trkpt lat="45.85266" lon="6.25643">
        <ele>1585</ele>
        <time>2025-05-30T19:24:12+00:00</time>
      </trkpt>
      <trkpt lat="45.85283" lon="6.25645">
        <ele>1579</ele>
        <time>2025-05-30T19:24:15+00:00</time>
      </trkpt>
      <trkpt lat="45.85286" lon="6.25642">
        <ele>1579</ele>
        <time>2025-05-30T19:24:18+00:00</time>
      </trkpt>
      <trkpt lat="45.85287" lon="6.25638">
        <ele>1582</ele>
        <time>2025-05-30T19:24:21+00:00</time>
      </trkpt>
      <trkpt lat="45.85291" lon="6.25635">
        <ele>1575</ele>
        <time>2025-05-30T19:24:24+00:00</time>
      </trkpt>
      <trkpt lat="45.85298" lon="6.25616">
        <ele>1572</ele>
        <time>2025-05-30T19:24:27+00:00</time>
      </trkpt>
      <trkpt lat="45.85302" lon="6.25598">
        <ele>1569</ele>
        <time>2025-05-30T19:24:30+00:00</time>
      </trkpt>
      <trkpt lat="45.85304" lon="6.25582">
        <ele>1569</ele>
        <time>2025-05-30T19:24:33+00:00</time>
      </trkpt>
      <trkpt lat="45.85304" lon="6.25569">
        <ele>1568</ele>
        <time>2025-05-30T19:24:36+00:00</time>
      </trkpt>
      <trkpt lat="45.85305" lon="6.2556">
        <ele>1566</ele>
        <time>2025-05-30T19:24:39+00:00</time>
      </trkpt>
      <trkpt lat="45.85306" lon="6.25556">
        <ele>1566</ele>
        <time>2025-05-30T19:24:42+00:00</time>
      </trkpt>
      <trkpt lat="45.85307" lon="6.25534">
        <ele>1565</ele>
        <time>2025-05-30T19:24:45+00:00</time>
      </trkpt>
      <trkpt lat="45.8531" lon="6.2552">
        <ele>1567</ele>
        <time>2025-05-30T19:24:48+00:00</time>
      </trkpt>
      <trkpt lat="45.85322" lon="6.255">
        <ele>1559</ele>
        <time>2025-05-30T19:24:51+00:00</time>
      </trkpt>
      <trkpt lat="45.85325" lon="6.25498">
        <ele>1559</ele>
        <time>2025-05-30T19:24:54+00:00</time>
      </trkpt>
      <trkpt lat="45.85327" lon="6.25498">
        <ele>1559</ele>
        <time>2025-05-30T19:24:57+00:00</time>
      </trkpt>
      <trkpt lat="45.85336" lon="6.25503">
        <ele>1557</ele>
        <time>2025-05-30T19:25:00+00:00</time>
      </trkpt>
      <trkpt lat="45.8534" lon="6.25508">
        <ele>1557</ele>
        <time>2025-05-30T19:25:03+00:00</time>
      </trkpt>
      <trkpt lat="45.85347" lon="6.25512">
        <ele>1554</ele>
        <time>2025-05-30T19:25:06+00:00</time>
      </trkpt>
      <trkpt lat="45.8535" lon="6.25513">
        <ele>1554</ele>
        <time>2025-05-30T19:25:09+00:00</time>
      </trkpt>
      <trkpt lat="45.85352" lon="6.25513">
        <ele>1551</ele>
        <time>2025-05-30T19:25:12+00:00</time>
      </trkpt>
      <trkpt lat="45.85355" lon="6.25511">
        <ele>1551</ele>
        <time>2025-05-30T19:25:15+00:00</time>
      </trkpt>
      <trkpt lat="45.85356" lon="6.25508">
        <ele>1551</ele>
        <time>2025-05-30T19:25:18+00:00</time>
      </trkpt>
      <trkpt lat="45.85356" lon="6.25504">
        <ele>1551</ele>
        <time>2025-05-30T19:25:21+00:00</time>
      </trkpt>
      <trkpt lat="45.85352" lon="6.25499">
        <ele>1542</ele>
        <time>2025-05-30T19:25:24+00:00</time>
      </trkpt>
      <trkpt lat="45.85344" lon="6.25491">
        <ele>1547</ele>
        <time>2025-05-30T19:25:27+00:00</time>
      </trkpt>
      <trkpt lat="45.85335" lon="6.25473">
        <ele>1543</ele>
        <time>2025-05-30T19:25:30+00:00</time>
      </trkpt>
      <trkpt lat="45.85334" lon="6.25465">
        <ele>1540</ele>
        <time>2025-05-30T19:25:33+00:00</time>
      </trkpt>
      <trkpt lat="45.85334" lon="6.25461">
        <ele>1540</ele>
        <time>2025-05-30T19:25:36+00:00</time>
      </trkpt>
      <trkpt lat="45.85336" lon="6.25457">
        <ele>1539</ele>
        <time>2025-05-30T19:25:39+00:00</time>
      </trkpt>
      <trkpt lat="45.85338" lon="6.25455">
        <ele>1539</ele>
        <time>2025-05-30T19:25:42+00:00</time>
      </trkpt>
      <trkpt lat="45.85343" lon="6.25453">
        <ele>1535</ele>
        <time>2025-05-30T19:25:45+00:00</time>
      </trkpt>
      <trkpt lat="45.85366" lon="6.25462">
        <ele>1528</ele>
        <time>2025-05-30T19:25:48+00:00</time>
      </trkpt>
      <trkpt lat="45.8537" lon="6.25462">
        <ele>1528</ele>
        <time>2025-05-30T19:25:51+00:00</time>
      </trkpt>
      <trkpt lat="45.85373" lon="6.25461">
        <ele>1526</ele>
        <time>2025-05-30T19:25:54+00:00</time>
      </trkpt>
      <trkpt lat="45.85376" lon="6.25459">
        <ele>1523</ele>
        <time>2025-05-30T19:25:57+00:00</time>
      </trkpt>
      <trkpt lat="45.85397" lon="6.25435">
        <ele>1513</ele>
        <time>2025-05-30T19:26:00+00:00</time>
      </trkpt>
      <trkpt lat="45.85404" lon="6.25425">
        <ele>1512</ele>
        <time>2025-05-30T19:26:03+00:00</time>
      </trkpt>
      <trkpt lat="45.8541" lon="6.25412">
        <ele>1510</ele>
        <time>2025-05-30T19:26:06+00:00</time>
      </trkpt>
      <trkpt lat="45.85414" lon="6.25405">
        <ele>1510</ele>
        <time>2025-05-30T19:26:09+00:00</time>
      </trkpt>
      <trkpt lat="45.85422" lon="6.25396">
        <ele>1510</ele>
        <time>2025-05-30T19:26:12+00:00</time>
      </trkpt>
      <trkpt lat="45.85428" lon="6.25392">
        <ele>1510</ele>
        <time>2025-05-30T19:26:15+00:00</time>
      </trkpt>
      <trkpt lat="45.8543" lon="6.25389">
        <ele>1505</ele>
        <time>2025-05-30T19:26:18+00:00</time>
      </trkpt>
      <trkpt lat="45.85449" lon="6.25377">
        <ele>1500</ele>
        <time>2025-05-30T19:26:21+00:00</time>
      </trkpt>
      <trkpt lat="45.85462" lon="6.25371">
        <ele>1501</ele>
        <time>2025-05-30T19:26:24+00:00</time>
      </trkpt>
      <trkpt lat="45.85483" lon="6.25358">
        <ele>1496</ele>
        <time>2025-05-30T19:26:27+00:00</time>
      </trkpt>
      <trkpt lat="45.8549" lon="6.25353">
        <ele>1496</ele>
        <time>2025-05-30T19:26:30+00:00</time>
      </trkpt>
      <trkpt lat="45.85496" lon="6.2535">
        <ele>1493</ele>
        <time>2025-05-30T19:26:33+00:00</time>
      </trkpt>
      <trkpt lat="45.85502" lon="6.25346">
        <ele>1494</ele>
        <time>2025-05-30T19:26:36+00:00</time>
      </trkpt>
      <trkpt lat="45.85514" lon="6.25334">
        <ele>1493</ele>
        <time>2025-05-30T19:26:39+00:00</time>
      </trkpt>
      <trkpt lat="45.8552" lon="6.25329">
        <ele>1490</ele>
        <time>2025-05-30T19:26:42+00:00</time>
      </trkpt>
      <trkpt lat="45.85529" lon="6.25323">
        <ele>1490</ele>
        <time>2025-05-30T19:26:45+00:00</time>
      </trkpt>
      <trkpt lat="45.85541" lon="6.25313">
        <ele>1487</ele>
        <time>2025-05-30T19:26:48+00:00</time>
      </trkpt>
      <trkpt lat="45.85552" lon="6.25302">
        <ele>1485</ele>
        <time>2025-05-30T19:26:51+00:00</time>
      </trkpt>
      <trkpt lat="45.85565" lon="6.25285">
        <ele>1481</ele>
        <time>2025-05-30T19:26:54+00:00</time>
      </trkpt>
      <trkpt lat="45.85577" lon="6.25274">
        <ele>1479</ele>
        <time>2025-05-30T19:26:57+00:00</time>
      </trkpt>
      <trkpt lat="45.85587" lon="6.25261">
        <ele>1478</ele>
        <time>2025-05-30T19:27:00+00:00</time>
      </trkpt>
      <trkpt lat="45.85593" lon="6.25256">
        <ele>1474</ele>
        <time>2025-05-30T19:27:03+00:00</time>
      </trkpt>
      <trkpt lat="45.8562" lon="6.25237">
        <ele>1471</ele>
        <time>2025-05-30T19:27:06+00:00</time>
      </trkpt>
      <trkpt lat="45.85646" lon="6.25214">
        <ele>1468</ele>
        <time>2025-05-30T19:27:09+00:00</time>
      </trkpt>
      <trkpt lat="45.85652" lon="6.25212">
        <ele>1468</ele>
        <time>2025-05-30T19:27:12+00:00</time>
      </trkpt>
      <trkpt lat="45.85685" lon="6.25195">
        <ele>1459</ele>
        <time>2025-05-30T19:27:15+00:00</time>
      </trkpt>
      <trkpt lat="45.85706" lon="6.25182">
        <ele>1456</ele>
        <time>2025-05-30T19:27:18+00:00</time>
      </trkpt>
      <trkpt lat="45.85718" lon="6.25177">
        <ele>1455</ele>
        <time>2025-05-30T19:27:21+00:00</time>
      </trkpt>
      <trkpt lat="45.85743" lon="6.2516">
        <ele>1450</ele>
        <time>2025-05-30T19:27:24+00:00</time>
      </trkpt>
      <trkpt lat="45.85748" lon="6.25156">
        <ele>1450</ele>
        <time>2025-05-30T19:27:27+00:00</time>
      </trkpt>
      <trkpt lat="45.85775" lon="6.25146">
        <ele>1446</ele>
        <time>2025-05-30T19:27:30+00:00</time>
      </trkpt>
      <trkpt lat="45.85787" lon="6.25138">
        <ele>1443</ele>
        <time>2025-05-30T19:27:33+00:00</time>
      </trkpt>
      <trkpt lat="45.85807" lon="6.25121">
        <ele>1441</ele>
        <time>2025-05-30T19:27:36+00:00</time>
      </trkpt>
      <trkpt lat="45.85824" lon="6.25109">
        <ele>1438</ele>
        <time>2025-05-30T19:27:39+00:00</time>
      </trkpt>
      <trkpt lat="45.85843" lon="6.25091">
        <ele>1439</ele>
        <time>2025-05-30T19:27:42+00:00</time>
      </trkpt>
      <trkpt lat="45.85855" lon="6.25084">
        <ele>1437</ele>
        <time>2025-05-30T19:27:45+00:00</time>
      </trkpt>
      <trkpt lat="45.85865" lon="6.2507">
        <ele>1439</ele>
        <time>2025-05-30T19:27:48+00:00</time>
      </trkpt>
      <trkpt lat="45.85869" lon="6.25067">
        <ele>1441</ele>
        <time>2025-05-30T19:27:51+00:00</time>
      </trkpt>
      <trkpt lat="45.85895" lon="6.25038">
        <ele>1438</ele>
        <time>2025-05-30T19:27:54+00:00</time>
      </trkpt>
      <trkpt lat="45.85902" lon="6.25031">
        <ele>1438</ele>
        <time>2025-05-30T19:27:57+00:00</time>
      </trkpt>
      <trkpt lat="45.85907" lon="6.2503">
        <ele>1438</ele>
        <time>2025-05-30T19:28:00+00:00</time>
      </trkpt>
      <trkpt lat="45.85918" lon="6.25035">
        <ele>1437</ele>
        <time>2025-05-30T19:28:03+00:00</time>
      </trkpt>
      <trkpt lat="45.85924" lon="6.25036">
        <ele>1435</ele>
        <time>2025-05-30T19:28:06+00:00</time>
      </trkpt>
      <trkpt lat="45.85934" lon="6.25036">
        <ele>1432</ele>
        <time>2025-05-30T19:28:09+00:00</time>
      </trkpt>
      <trkpt lat="45.8594" lon="6.25034">
        <ele>1432</ele>
        <time>2025-05-30T19:28:12+00:00</time>
      </trkpt>
      <trkpt lat="45.85946" lon="6.2503">
        <ele>1429</ele>
        <time>2025-05-30T19:28:15+00:00</time>
      </trkpt>
      <trkpt lat="45.85954" lon="6.25017">
        <ele>1432</ele>
        <time>2025-05-30T19:28:18+00:00</time>
      </trkpt>
      <trkpt lat="45.85957" lon="6.25015">
        <ele>1432</ele>
        <time>2025-05-30T19:28:21+00:00</time>
      </trkpt>
      <trkpt lat="45.85963" lon="6.25014">
        <ele>1428</ele>
        <time>2025-05-30T19:28:24+00:00</time>
      </trkpt>
      <trkpt lat="45.85967" lon="6.25015">
        <ele>1428</ele>
        <time>2025-05-30T19:28:27+00:00</time>
      </trkpt>
      <trkpt lat="45.85976" lon="6.25012">
        <ele>1426</ele>
        <time>2025-05-30T19:28:30+00:00</time>
      </trkpt>
      <trkpt lat="45.85985" lon="6.25011">
        <ele>1423</ele>
        <time>2025-05-30T19:28:33+00:00</time>
      </trkpt>
      <trkpt lat="45.85991" lon="6.25009">
        <ele>1422</ele>
        <time>2025-05-30T19:28:36+00:00</time>
      </trkpt>
      <trkpt lat="45.85994" lon="6.25007">
        <ele>1422</ele>
        <time>2025-05-30T19:28:39+00:00</time>
      </trkpt>
      <trkpt lat="45.86004" lon="6.24996">
        <ele>1420</ele>
        <time>2025-05-30T19:28:42+00:00</time>
      </trkpt>
      <trkpt lat="45.86008" lon="6.24995">
        <ele>1420</ele>
        <time>2025-05-30T19:28:45+00:00</time>
      </trkpt>
      <trkpt lat="45.86016" lon="6.24987">
        <ele>1417</ele>
        <time>2025-05-30T19:28:48+00:00</time>
      </trkpt>
      <trkpt lat="45.86024" lon="6.24982">
        <ele>1408</ele>
        <time>2025-05-30T19:28:51+00:00</time>
      </trkpt>
      <trkpt lat="45.86027" lon="6.24981">
        <ele>1408</ele>
        <time>2025-05-30T19:28:54+00:00</time>
      </trkpt>
      <trkpt lat="45.86035" lon="6.24973">
        <ele>1405</ele>
        <time>2025-05-30T19:28:57+00:00</time>
      </trkpt>
      <trkpt lat="45.86041" lon="6.24963">
        <ele>1401</ele>
        <time>2025-05-30T19:29:00+00:00</time>
      </trkpt>
      <trkpt lat="45.86043" lon="6.24956">
        <ele>1400</ele>
        <time>2025-05-30T19:29:03+00:00</time>
      </trkpt>
      <trkpt lat="45.86044" lon="6.24948">
        <ele>1401</ele>
        <time>2025-05-30T19:29:06+00:00</time>
      </trkpt>
      <trkpt lat="45.86052" lon="6.24917">
        <ele>1398</ele>
        <time>2025-05-30T19:29:09+00:00</time>
      </trkpt>
      <trkpt lat="45.86055" lon="6.24909">
        <ele>1398</ele>
        <time>2025-05-30T19:29:12+00:00</time>
      </trkpt>
      <trkpt lat="45.86059" lon="6.24895">
        <ele>1398</ele>
        <time>2025-05-30T19:29:15+00:00</time>
      </trkpt>
      <trkpt lat="45.86061" lon="6.24892">
        <ele>1393</ele>
        <time>2025-05-30T19:29:18+00:00</time>
      </trkpt>
      <trkpt lat="45.86063" lon="6.24893">
        <ele>1393</ele>
        <time>2025-05-30T19:29:21+00:00</time>
      </trkpt>
      <trkpt lat="45.86066" lon="6.24898">
        <ele>1393</ele>
        <time>2025-05-30T19:29:24+00:00</time>
      </trkpt>
      <trkpt lat="45.86067" lon="6.24902">
        <ele>1392</ele>
        <time>2025-05-30T19:29:27+00:00</time>
      </trkpt>
      <trkpt lat="45.86066" lon="6.24906">
        <ele>1392</ele>
        <time>2025-05-30T19:29:30+00:00</time>
      </trkpt>
      <trkpt lat="45.86066" lon="6.24911">
        <ele>1392</ele>
        <time>2025-05-30T19:29:33+00:00</time>
      </trkpt>
      <trkpt lat="45.86067" lon="6.24915">
        <ele>1392</ele>
        <time>2025-05-30T19:29:36+00:00</time>
      </trkpt>
      <trkpt lat="45.86067" lon="6.24927">
        <ele>1392</ele>
        <time>2025-05-30T19:29:39+00:00</time>
      </trkpt>
      <trkpt lat="45.86074" lon="6.24947">
        <ele>1385</ele>
        <time>2025-05-30T19:29:42+00:00</time>
      </trkpt>
      <trkpt lat="45.86075" lon="6.24956">
        <ele>1385</ele>
        <time>2025-05-30T19:29:45+00:00</time>
      </trkpt>
      <trkpt lat="45.86083" lon="6.24974">
        <ele>1376</ele>
        <time>2025-05-30T19:29:48+00:00</time>
      </trkpt>
      <trkpt lat="45.86083" lon="6.24978">
        <ele>1376</ele>
        <time>2025-05-30T19:29:51+00:00</time>
      </trkpt>
      <trkpt lat="45.86085" lon="6.24982">
        <ele>1375</ele>
        <time>2025-05-30T19:29:54+00:00</time>
      </trkpt>
      <trkpt lat="45.86089" lon="6.24987">
        <ele>1375</ele>
        <time>2025-05-30T19:29:57+00:00</time>
      </trkpt>
      <trkpt lat="45.86091" lon="6.24995">
        <ele>1370</ele>
        <time>2025-05-30T19:30:00+00:00</time>
      </trkpt>
      <trkpt lat="45.86092" lon="6.25002">
        <ele>1370</ele>
        <time>2025-05-30T19:30:03+00:00</time>
      </trkpt>
      <trkpt lat="45.86093" lon="6.25005">
        <ele>1370</ele>
        <time>2025-05-30T19:30:06+00:00</time>
      </trkpt>
      <trkpt lat="45.86096" lon="6.2501">
        <ele>1370</ele>
        <time>2025-05-30T19:30:09+00:00</time>
      </trkpt>
      <trkpt lat="45.86098" lon="6.25011">
        <ele>1369</ele>
        <time>2025-05-30T19:30:12+00:00</time>
      </trkpt>
      <trkpt lat="45.861" lon="6.2501">
        <ele>1370</ele>
        <time>2025-05-30T19:30:15+00:00</time>
      </trkpt>
      <trkpt lat="45.86104" lon="6.25004">
        <ele>1364</ele>
        <time>2025-05-30T19:30:18+00:00</time>
      </trkpt>
      <trkpt lat="45.86112" lon="6.24987">
        <ele>1364</ele>
        <time>2025-05-30T19:30:21+00:00</time>
      </trkpt>
      <trkpt lat="45.86116" lon="6.24975">
        <ele>1359</ele>
        <time>2025-05-30T19:30:24+00:00</time>
      </trkpt>
      <trkpt lat="45.86117" lon="6.24963">
        <ele>1359</ele>
        <time>2025-05-30T19:30:27+00:00</time>
      </trkpt>
      <trkpt lat="45.86119" lon="6.24952">
        <ele>1359</ele>
        <time>2025-05-30T19:30:30+00:00</time>
      </trkpt>
      <trkpt lat="45.86123" lon="6.24943">
        <ele>1353</ele>
        <time>2025-05-30T19:30:33+00:00</time>
      </trkpt>
      <trkpt lat="45.86128" lon="6.24935">
        <ele>1352</ele>
        <time>2025-05-30T19:30:36+00:00</time>
      </trkpt>
      <trkpt lat="45.8613" lon="6.2493">
        <ele>1353</ele>
        <time>2025-05-30T19:30:39+00:00</time>
      </trkpt>
      <trkpt lat="45.86133" lon="6.24917">
        <ele>1348</ele>
        <time>2025-05-30T19:30:42+00:00</time>
      </trkpt>
      <trkpt lat="45.86137" lon="6.24911">
        <ele>1348</ele>
        <time>2025-05-30T19:30:45+00:00</time>
      </trkpt>
      <trkpt lat="45.86152" lon="6.24897">
        <ele>1335</ele>
        <time>2025-05-30T19:30:48+00:00</time>
      </trkpt>
      <trkpt lat="45.86159" lon="6.24887">
        <ele>1336</ele>
        <time>2025-05-30T19:30:51+00:00</time>
      </trkpt>
      <trkpt lat="45.86168" lon="6.24881">
        <ele>1332</ele>
        <time>2025-05-30T19:30:54+00:00</time>
      </trkpt>
      <trkpt lat="45.86179" lon="6.24878">
        <ele>1330</ele>
        <time>2025-05-30T19:30:57+00:00</time>
      </trkpt>
      <trkpt lat="45.86188" lon="6.24874">
        <ele>1327</ele>
        <time>2025-05-30T19:31:00+00:00</time>
      </trkpt>
      <trkpt lat="45.862" lon="6.24873">
        <ele>1325</ele>
        <time>2025-05-30T19:31:03+00:00</time>
      </trkpt>
      <trkpt lat="45.8621" lon="6.2487">
        <ele>1321</ele>
        <time>2025-05-30T19:31:06+00:00</time>
      </trkpt>
      <trkpt lat="45.86219" lon="6.24864">
        <ele>1318</ele>
        <time>2025-05-30T19:31:09+00:00</time>
      </trkpt>
      <trkpt lat="45.86226" lon="6.24869">
        <ele>1313</ele>
        <time>2025-05-30T19:31:12+00:00</time>
      </trkpt>
      <trkpt lat="45.8623" lon="6.24882">
        <ele>1313</ele>
        <time>2025-05-30T19:31:15+00:00</time>
      </trkpt>
      <trkpt lat="45.86236" lon="6.24893">
        <ele>1310</ele>
        <time>2025-05-30T19:31:18+00:00</time>
      </trkpt>
      <trkpt lat="45.8624" lon="6.24896">
        <ele>1310</ele>
        <time>2025-05-30T19:31:21+00:00</time>
      </trkpt>
      <trkpt lat="45.86242" lon="6.24899">
        <ele>1306</ele>
        <time>2025-05-30T19:31:24+00:00</time>
      </trkpt>
      <trkpt lat="45.86246" lon="6.24913">
        <ele>1304</ele>
        <time>2025-05-30T19:31:27+00:00</time>
      </trkpt>
      <trkpt lat="45.86248" lon="6.24923">
        <ele>1303</ele>
        <time>2025-05-30T19:31:30+00:00</time>
      </trkpt>
      <trkpt lat="45.86245" lon="6.24945">
        <ele>1298</ele>
        <time>2025-05-30T19:31:33+00:00</time>
      </trkpt>
      <trkpt lat="45.86246" lon="6.24949">
        <ele>1298</ele>
        <time>2025-05-30T19:31:36+00:00</time>
      </trkpt>
      <trkpt lat="45.86248" lon="6.2495">
        <ele>1298</ele>
        <time>2025-05-30T19:31:39+00:00</time>
      </trkpt>
      <trkpt lat="45.86252" lon="6.2495">
        <ele>1296</ele>
        <time>2025-05-30T19:31:42+00:00</time>
      </trkpt>
      <trkpt lat="45.86272" lon="6.24945">
        <ele>1282</ele>
        <time>2025-05-30T19:31:45+00:00</time>
      </trkpt>
      <trkpt lat="45.86279" lon="6.24939">
        <ele>1282</ele>
        <time>2025-05-30T19:31:48+00:00</time>
      </trkpt>
      <trkpt lat="45.86283" lon="6.24932">
        <ele>1276</ele>
        <time>2025-05-30T19:31:51+00:00</time>
      </trkpt>
      <trkpt lat="45.86282" lon="6.24922">
        <ele>1273</ele>
        <time>2025-05-30T19:31:54+00:00</time>
      </trkpt>
      <trkpt lat="45.86282" lon="6.24919">
        <ele>1272</ele>
        <time>2025-05-30T19:31:57+00:00</time>
      </trkpt>
      <trkpt lat="45.86283" lon="6.24915">
        <ele>1272</ele>
        <time>2025-05-30T19:32:00+00:00</time>
      </trkpt>
      <trkpt lat="45.86282" lon="6.24908">
        <ele>1270</ele>
        <time>2025-05-30T19:32:03+00:00</time>
      </trkpt>
      <trkpt lat="45.86282" lon="6.2489">
        <ele>1266</ele>
        <time>2025-05-30T19:32:06+00:00</time>
      </trkpt>
      <trkpt lat="45.8629" lon="6.24869">
        <ele>1266</ele>
        <time>2025-05-30T19:32:09+00:00</time>
      </trkpt>
      <trkpt lat="45.86297" lon="6.24861">
        <ele>1261</ele>
        <time>2025-05-30T19:32:12+00:00</time>
      </trkpt>
      <trkpt lat="45.86301" lon="6.24861">
        <ele>1259</ele>
        <time>2025-05-30T19:32:15+00:00</time>
      </trkpt>
      <trkpt lat="45.86305" lon="6.24863">
        <ele>1259</ele>
        <time>2025-05-30T19:32:18+00:00</time>
      </trkpt>
      <trkpt lat="45.86307" lon="6.24867">
        <ele>1259</ele>
        <time>2025-05-30T19:32:21+00:00</time>
      </trkpt>
      <trkpt lat="45.86313" lon="6.24872">
        <ele>1257</ele>
        <time>2025-05-30T19:32:24+00:00</time>
      </trkpt>
      <trkpt lat="45.86316" lon="6.24877">
        <ele>1257</ele>
        <time>2025-05-30T19:32:27+00:00</time>
      </trkpt>
      <trkpt lat="45.86324" lon="6.24886">
        <ele>1253</ele>
        <time>2025-05-30T19:32:30+00:00</time>
      </trkpt>
      <trkpt lat="45.86336" lon="6.24893">
        <ele>1251</ele>
        <time>2025-05-30T19:32:33+00:00</time>
      </trkpt>
      <trkpt lat="45.86344" lon="6.24895">
        <ele>1250</ele>
        <time>2025-05-30T19:32:36+00:00</time>
      </trkpt>
      <trkpt lat="45.86352" lon="6.24899">
        <ele>1248</ele>
        <time>2025-05-30T19:32:39+00:00</time>
      </trkpt>
      <trkpt lat="45.86355" lon="6.24902">
        <ele>1247</ele>
        <time>2025-05-30T19:32:42+00:00</time>
      </trkpt>
      <trkpt lat="45.86361" lon="6.24906">
        <ele>1245</ele>
        <time>2025-05-30T19:32:45+00:00</time>
      </trkpt>
      <trkpt lat="45.86372" lon="6.24903">
        <ele>1244</ele>
        <time>2025-05-30T19:32:48+00:00</time>
      </trkpt>
      <trkpt lat="45.86377" lon="6.24899">
        <ele>1245</ele>
        <time>2025-05-30T19:32:51+00:00</time>
      </trkpt>
      <trkpt lat="45.86385" lon="6.24885">
        <ele>1242</ele>
        <time>2025-05-30T19:32:54+00:00</time>
      </trkpt>
      <trkpt lat="45.86387" lon="6.24878">
        <ele>1242</ele>
        <time>2025-05-30T19:32:57+00:00</time>
      </trkpt>
      <trkpt lat="45.86391" lon="6.24871">
        <ele>1239</ele>
        <time>2025-05-30T19:33:00+00:00</time>
      </trkpt>
      <trkpt lat="45.86396" lon="6.24856">
        <ele>1239</ele>
        <time>2025-05-30T19:33:03+00:00</time>
      </trkpt>
      <trkpt lat="45.864" lon="6.24852">
        <ele>1239</ele>
        <time>2025-05-30T19:33:06+00:00</time>
      </trkpt>
      <trkpt lat="45.86406" lon="6.24848">
        <ele>1237</ele>
        <time>2025-05-30T19:33:09+00:00</time>
      </trkpt>
      <trkpt lat="45.8641" lon="6.24847">
        <ele>1237</ele>
        <time>2025-05-30T19:33:12+00:00</time>
      </trkpt>
      <trkpt lat="45.86414" lon="6.24845">
        <ele>1235</ele>
        <time>2025-05-30T19:33:15+00:00</time>
      </trkpt>
      <trkpt lat="45.86421" lon="6.24846">
        <ele>1234</ele>
        <time>2025-05-30T19:33:18+00:00</time>
      </trkpt>
      <trkpt lat="45.86433" lon="6.24845">
        <ele>1231</ele>
        <time>2025-05-30T19:33:21+00:00</time>
      </trkpt>
      <trkpt lat="45.86447" lon="6.24848">
        <ele>1229</ele>
        <time>2025-05-30T19:33:24+00:00</time>
      </trkpt>
      <trkpt lat="45.86454" lon="6.24847">
        <ele>1224</ele>
        <time>2025-05-30T19:33:27+00:00</time>
      </trkpt>
      <trkpt lat="45.8648" lon="6.24848">
        <ele>1220</ele>
        <time>2025-05-30T19:33:30+00:00</time>
      </trkpt>
      <trkpt lat="45.86488" lon="6.24846">
        <ele>1218</ele>
        <time>2025-05-30T19:33:33+00:00</time>
      </trkpt>
      <trkpt lat="45.86496" lon="6.24841">
        <ele>1214</ele>
        <time>2025-05-30T19:33:36+00:00</time>
      </trkpt>
      <trkpt lat="45.86502" lon="6.2484">
        <ele>1218</ele>
        <time>2025-05-30T19:33:39+00:00</time>
      </trkpt>
      <trkpt lat="45.86505" lon="6.24842">
        <ele>1212</ele>
        <time>2025-05-30T19:33:42+00:00</time>
      </trkpt>
      <trkpt lat="45.86508" lon="6.24848">
        <ele>1212</ele>
        <time>2025-05-30T19:33:45+00:00</time>
      </trkpt>
      <trkpt lat="45.86508" lon="6.24875">
        <ele>1207</ele>
        <time>2025-05-30T19:33:48+00:00</time>
      </trkpt>
      <trkpt lat="45.86509" lon="6.24887">
        <ele>1206</ele>
        <time>2025-05-30T19:33:51+00:00</time>
      </trkpt>
      <trkpt lat="45.86509" lon="6.24895">
        <ele>1205</ele>
        <time>2025-05-30T19:33:54+00:00</time>
      </trkpt>
      <trkpt lat="45.86512" lon="6.24913">
        <ele>1195</ele>
        <time>2025-05-30T19:33:57+00:00</time>
      </trkpt>
      <trkpt lat="45.86516" lon="6.24922">
        <ele>1193</ele>
        <time>2025-05-30T19:34:00+00:00</time>
      </trkpt>
      <trkpt lat="45.86518" lon="6.24932">
        <ele>1192</ele>
        <time>2025-05-30T19:34:03+00:00</time>
      </trkpt>
      <trkpt lat="45.86519" lon="6.24941">
        <ele>1191</ele>
        <time>2025-05-30T19:34:06+00:00</time>
      </trkpt>
      <trkpt lat="45.8652" lon="6.24945">
        <ele>1191</ele>
        <time>2025-05-30T19:34:09+00:00</time>
      </trkpt>
      <trkpt lat="45.8652" lon="6.24953">
        <ele>1190</ele>
        <time>2025-05-30T19:34:12+00:00</time>
      </trkpt>
      <trkpt lat="45.86522" lon="6.24961">
        <ele>1185</ele>
        <time>2025-05-30T19:34:15+00:00</time>
      </trkpt>
      <trkpt lat="45.86526" lon="6.24967">
        <ele>1185</ele>
        <time>2025-05-30T19:34:18+00:00</time>
      </trkpt>
      <trkpt lat="45.86529" lon="6.24968">
        <ele>1185</ele>
        <time>2025-05-30T19:34:21+00:00</time>
      </trkpt>
      <trkpt lat="45.86533" lon="6.24965">
        <ele>1182</ele>
        <time>2025-05-30T19:34:24+00:00</time>
      </trkpt>
      <trkpt lat="45.86536" lon="6.2496">
        <ele>1184</ele>
        <time>2025-05-30T19:34:27+00:00</time>
      </trkpt>
      <trkpt lat="45.86544" lon="6.24952">
        <ele>1180</ele>
        <time>2025-05-30T19:34:30+00:00</time>
      </trkpt>
      <trkpt lat="45.8655" lon="6.24938">
        <ele>1181</ele>
        <time>2025-05-30T19:34:33+00:00</time>
      </trkpt>
      <trkpt lat="45.86552" lon="6.24935">
        <ele>1177</ele>
        <time>2025-05-30T19:34:36+00:00</time>
      </trkpt>
      <trkpt lat="45.86559" lon="6.24928">
        <ele>1178</ele>
        <time>2025-05-30T19:34:39+00:00</time>
      </trkpt>
      <trkpt lat="45.86563" lon="6.24919">
        <ele>1175</ele>
        <time>2025-05-30T19:34:42+00:00</time>
      </trkpt>
      <trkpt lat="45.86566" lon="6.24915">
        <ele>1175</ele>
        <time>2025-05-30T19:34:45+00:00</time>
      </trkpt>
      <trkpt lat="45.86569" lon="6.24913">
        <ele>1175</ele>
        <time>2025-05-30T19:34:48+00:00</time>
      </trkpt>
      <trkpt lat="45.8657" lon="6.2491">
        <ele>1177</ele>
        <time>2025-05-30T19:34:51+00:00</time>
      </trkpt>
      <trkpt lat="45.86577" lon="6.24904">
        <ele>1170</ele>
        <time>2025-05-30T19:34:54+00:00</time>
      </trkpt>
      <trkpt lat="45.86586" lon="6.24904">
        <ele>1168</ele>
        <time>2025-05-30T19:34:57+00:00</time>
      </trkpt>
      <trkpt lat="45.86602" lon="6.24901">
        <ele>1167</ele>
        <time>2025-05-30T19:35:00+00:00</time>
      </trkpt>
      <trkpt lat="45.86611" lon="6.24895">
        <ele>1164</ele>
        <time>2025-05-30T19:35:03+00:00</time>
      </trkpt>
      <trkpt lat="45.86613" lon="6.24891">
        <ele>1164</ele>
        <time>2025-05-30T19:35:06+00:00</time>
      </trkpt>
      <trkpt lat="45.86616" lon="6.24889">
        <ele>1165</ele>
        <time>2025-05-30T19:35:09+00:00</time>
      </trkpt>
      <trkpt lat="45.8662" lon="6.2489">
        <ele>1165</ele>
        <time>2025-05-30T19:35:12+00:00</time>
      </trkpt>
      <trkpt lat="45.86628" lon="6.24889">
        <ele>1162</ele>
        <time>2025-05-30T19:35:15+00:00</time>
      </trkpt>
      <trkpt lat="45.86635" lon="6.24886">
        <ele>1155</ele>
        <time>2025-05-30T19:35:18+00:00</time>
      </trkpt>
      <trkpt lat="45.86639" lon="6.24881">
        <ele>1155</ele>
        <time>2025-05-30T19:35:21+00:00</time>
      </trkpt>
      <trkpt lat="45.86648" lon="6.24877">
        <ele>1152</ele>
        <time>2025-05-30T19:35:24+00:00</time>
      </trkpt>
      <trkpt lat="45.86656" lon="6.24871">
        <ele>1149</ele>
        <time>2025-05-30T19:35:27+00:00</time>
      </trkpt>
      <trkpt lat="45.86665" lon="6.24866">
        <ele>1148</ele>
        <time>2025-05-30T19:35:30+00:00</time>
      </trkpt>
      <trkpt lat="45.86672" lon="6.24866">
        <ele>1147</ele>
        <time>2025-05-30T19:35:33+00:00</time>
      </trkpt>
      <trkpt lat="45.86683" lon="6.24863">
        <ele>1145</ele>
        <time>2025-05-30T19:35:36+00:00</time>
      </trkpt>
      <trkpt lat="45.86692" lon="6.24867">
        <ele>1141</ele>
        <time>2025-05-30T19:35:39+00:00</time>
      </trkpt>
      <trkpt lat="45.86703" lon="6.24867">
        <ele>1139</ele>
        <time>2025-05-30T19:35:42+00:00</time>
      </trkpt>
      <trkpt lat="45.86709" lon="6.24869">
        <ele>1139</ele>
        <time>2025-05-30T19:35:45+00:00</time>
      </trkpt>
      <trkpt lat="45.86716" lon="6.24873">
        <ele>1136</ele>
        <time>2025-05-30T19:35:48+00:00</time>
      </trkpt>
      <trkpt lat="45.86721" lon="6.24878">
        <ele>1136</ele>
        <time>2025-05-30T19:35:51+00:00</time>
      </trkpt>
      <trkpt lat="45.86726" lon="6.2488">
        <ele>1136</ele>
        <time>2025-05-30T19:35:54+00:00</time>
      </trkpt>
      <trkpt lat="45.86731" lon="6.24878">
        <ele>1133</ele>
        <time>2025-05-30T19:35:57+00:00</time>
      </trkpt>
      <trkpt lat="45.86737" lon="6.24872">
        <ele>1133</ele>
        <time>2025-05-30T19:36:00+00:00</time>
      </trkpt>
      <trkpt lat="45.86746" lon="6.24867">
        <ele>1129</ele>
        <time>2025-05-30T19:36:03+00:00</time>
      </trkpt>
      <trkpt lat="45.86753" lon="6.24866">
        <ele>1122</ele>
        <time>2025-05-30T19:36:06+00:00</time>
      </trkpt>
      <trkpt lat="45.86765" lon="6.24866">
        <ele>1119</ele>
        <time>2025-05-30T19:36:09+00:00</time>
      </trkpt>
      <trkpt lat="45.86774" lon="6.24862">
        <ele>1115</ele>
        <time>2025-05-30T19:36:12+00:00</time>
      </trkpt>
      <trkpt lat="45.86782" lon="6.2486">
        <ele>1113</ele>
        <time>2025-05-30T19:36:15+00:00</time>
      </trkpt>
      <trkpt lat="45.86786" lon="6.24858">
        <ele>1113</ele>
        <time>2025-05-30T19:36:18+00:00</time>
      </trkpt>
      <trkpt lat="45.86788" lon="6.24855">
        <ele>1113</ele>
        <time>2025-05-30T19:36:21+00:00</time>
      </trkpt>
      <trkpt lat="45.86792" lon="6.24853">
        <ele>1109</ele>
        <time>2025-05-30T19:36:24+00:00</time>
      </trkpt>
      <trkpt lat="45.86799" lon="6.24844">
        <ele>1110</ele>
        <time>2025-05-30T19:36:27+00:00</time>
      </trkpt>
      <trkpt lat="45.86802" lon="6.24841">
        <ele>1106</ele>
        <time>2025-05-30T19:36:30+00:00</time>
      </trkpt>
      <trkpt lat="45.86809" lon="6.2483">
        <ele>1110</ele>
        <time>2025-05-30T19:36:33+00:00</time>
      </trkpt>
      <trkpt lat="45.86814" lon="6.2482">
        <ele>1102</ele>
        <time>2025-05-30T19:36:36+00:00</time>
      </trkpt>
      <trkpt lat="45.86817" lon="6.24816">
        <ele>1102</ele>
        <time>2025-05-30T19:36:39+00:00</time>
      </trkpt>
      <trkpt lat="45.86824" lon="6.24808">
        <ele>1100</ele>
        <time>2025-05-30T19:36:42+00:00</time>
      </trkpt>
      <trkpt lat="45.86833" lon="6.24801">
        <ele>1097</ele>
        <time>2025-05-30T19:36:45+00:00</time>
      </trkpt>
      <trkpt lat="45.86845" lon="6.24784">
        <ele>1094</ele>
        <time>2025-05-30T19:36:48+00:00</time>
      </trkpt>
      <trkpt lat="45.86847" lon="6.2478">
        <ele>1097</ele>
        <time>2025-05-30T19:36:51+00:00</time>
      </trkpt>
      <trkpt lat="45.8685" lon="6.24777">
        <ele>1097</ele>
        <time>2025-05-30T19:36:54+00:00</time>
      </trkpt>
      <trkpt lat="45.86855" lon="6.24766">
        <ele>1094</ele>
        <time>2025-05-30T19:36:57+00:00</time>
      </trkpt>
      <trkpt lat="45.8686" lon="6.24763">
        <ele>1094</ele>
        <time>2025-05-30T19:37:00+00:00</time>
      </trkpt>
      <trkpt lat="45.86861" lon="6.24761">
        <ele>1090</ele>
        <time>2025-05-30T19:37:03+00:00</time>
      </trkpt>
      <trkpt lat="45.86869" lon="6.24759">
        <ele>1093</ele>
        <time>2025-05-30T19:37:06+00:00</time>
      </trkpt>
      <trkpt lat="45.86874" lon="6.24755">
        <ele>1086</ele>
        <time>2025-05-30T19:37:09+00:00</time>
      </trkpt>
      <trkpt lat="45.86881" lon="6.24753">
        <ele>1080</ele>
        <time>2025-05-30T19:37:12+00:00</time>
      </trkpt>
      <trkpt lat="45.8689" lon="6.24745">
        <ele>1082</ele>
        <time>2025-05-30T19:37:15+00:00</time>
      </trkpt>
      <trkpt lat="45.86925" lon="6.24739">
        <ele>1077</ele>
        <time>2025-05-30T19:37:18+00:00</time>
      </trkpt>
      <trkpt lat="45.86934" lon="6.24735">
        <ele>1069</ele>
        <time>2025-05-30T19:37:21+00:00</time>
      </trkpt>
      <trkpt lat="45.86941" lon="6.24731">
        <ele>1064</ele>
        <time>2025-05-30T19:37:24+00:00</time>
      </trkpt>
      <trkpt lat="45.86949" lon="6.24733">
        <ele>1064</ele>
        <time>2025-05-30T19:37:27+00:00</time>
      </trkpt>
      <trkpt lat="45.86965" lon="6.24732">
        <ele>1059</ele>
        <time>2025-05-30T19:37:30+00:00</time>
      </trkpt>
      <trkpt lat="45.86978" lon="6.24724">
        <ele>1058</ele>
        <time>2025-05-30T19:37:33+00:00</time>
      </trkpt>
      <trkpt lat="45.87001" lon="6.24719">
        <ele>1049</ele>
        <time>2025-05-30T19:37:36+00:00</time>
      </trkpt>
      <trkpt lat="45.87007" lon="6.24716">
        <ele>1049</ele>
        <time>2025-05-30T19:37:39+00:00</time>
      </trkpt>
      <trkpt lat="45.87009" lon="6.24713">
        <ele>1049</ele>
        <time>2025-05-30T19:37:42+00:00</time>
      </trkpt>
      <trkpt lat="45.87019" lon="6.24707">
        <ele>1048</ele>
        <time>2025-05-30T19:37:45+00:00</time>
      </trkpt>
      <trkpt lat="45.8702" lon="6.24705">
        <ele>1048</ele>
        <time>2025-05-30T19:37:48+00:00</time>
      </trkpt>
      <trkpt lat="45.87027" lon="6.24701">
        <ele>1044</ele>
        <time>2025-05-30T19:37:51+00:00</time>
      </trkpt>
      <trkpt lat="45.87033" lon="6.247">
        <ele>1041</ele>
        <time>2025-05-30T19:37:54+00:00</time>
      </trkpt>
      <trkpt lat="45.87046" lon="6.24689">
        <ele>1040</ele>
        <time>2025-05-30T19:37:57+00:00</time>
      </trkpt>
      <trkpt lat="45.87051" lon="6.24687">
        <ele>1029</ele>
        <time>2025-05-30T19:38:00+00:00</time>
      </trkpt>
      <trkpt lat="45.87062" lon="6.24681">
        <ele>1025</ele>
        <time>2025-05-30T19:38:03+00:00</time>
      </trkpt>
      <trkpt lat="45.87067" lon="6.24675">
        <ele>1026</ele>
        <time>2025-05-30T19:38:06+00:00</time>
      </trkpt>
      <trkpt lat="45.87071" lon="6.24669">
        <ele>1022</ele>
        <time>2025-05-30T19:38:09+00:00</time>
      </trkpt>
      <trkpt lat="45.87077" lon="6.24662">
        <ele>1022</ele>
        <time>2025-05-30T19:38:12+00:00</time>
      </trkpt>
      <trkpt lat="45.87091" lon="6.24636">
        <ele>1017</ele>
        <time>2025-05-30T19:38:15+00:00</time>
      </trkpt>
      <trkpt lat="45.87106" lon="6.24613">
        <ele>1013</ele>
        <time>2025-05-30T19:38:18+00:00</time>
      </trkpt>
      <trkpt lat="45.87108" lon="6.24611">
        <ele>1013</ele>
        <time>2025-05-30T19:38:21+00:00</time>
      </trkpt>
      <trkpt lat="45.87135" lon="6.24599">
        <ele>1007</ele>
        <time>2025-05-30T19:38:24+00:00</time>
      </trkpt>
      <trkpt lat="45.87144" lon="6.24598">
        <ele>1002</ele>
        <time>2025-05-30T19:38:27+00:00</time>
      </trkpt>
      <trkpt lat="45.87147" lon="6.24597">
        <ele>1002</ele>
        <time>2025-05-30T19:38:30+00:00</time>
      </trkpt>
      <trkpt lat="45.8715" lon="6.24595">
        <ele>1002</ele>
        <time>2025-05-30T19:38:33+00:00</time>
      </trkpt>
      <trkpt lat="45.87151" lon="6.24592">
        <ele>998</ele>
        <time>2025-05-30T19:38:36+00:00</time>
      </trkpt>
      <trkpt lat="45.87158" lon="6.24585">
        <ele>1003</ele>
        <time>2025-05-30T19:38:39+00:00</time>
      </trkpt>
      <trkpt lat="45.87163" lon="6.24581">
        <ele>998</ele>
        <time>2025-05-30T19:38:42+00:00</time>
      </trkpt>
      <trkpt lat="45.87164" lon="6.24578">
        <ele>1001</ele>
        <time>2025-05-30T19:38:45+00:00</time>
      </trkpt>
      <trkpt lat="45.87183" lon="6.24563">
        <ele>986</ele>
        <time>2025-05-30T19:38:48+00:00</time>
      </trkpt>
      <trkpt lat="45.87196" lon="6.24556">
        <ele>984</ele>
        <time>2025-05-30T19:38:51+00:00</time>
      </trkpt>
      <trkpt lat="45.87205" lon="6.2455">
        <ele>982</ele>
        <time>2025-05-30T19:38:54+00:00</time>
      </trkpt>
      <trkpt lat="45.87216" lon="6.24546">
        <ele>977</ele>
        <time>2025-05-30T19:38:57+00:00</time>
      </trkpt>
      <trkpt lat="45.87227" lon="6.24538">
        <ele>975</ele>
        <time>2025-05-30T19:39:00+00:00</time>
      </trkpt>
      <trkpt lat="45.87229" lon="6.24534">
        <ele>975</ele>
        <time>2025-05-30T19:39:03+00:00</time>
      </trkpt>
      <trkpt lat="45.87242" lon="6.24525">
        <ele>960</ele>
        <time>2025-05-30T19:39:06+00:00</time>
      </trkpt>
      <trkpt lat="45.87245" lon="6.24522">
        <ele>960</ele>
        <time>2025-05-30T19:39:09+00:00</time>
      </trkpt>
      <trkpt lat="45.87247" lon="6.24516">
        <ele>962</ele>
        <time>2025-05-30T19:39:12+00:00</time>
      </trkpt>
      <trkpt lat="45.87252" lon="6.24509">
        <ele>955</ele>
        <time>2025-05-30T19:39:15+00:00</time>
      </trkpt>
      <trkpt lat="45.87254" lon="6.24505">
        <ele>955</ele>
        <time>2025-05-30T19:39:18+00:00</time>
      </trkpt>
      <trkpt lat="45.87265" lon="6.24494">
        <ele>953</ele>
        <time>2025-05-30T19:39:21+00:00</time>
      </trkpt>
      <trkpt lat="45.87268" lon="6.24492">
        <ele>953</ele>
        <time>2025-05-30T19:39:24+00:00</time>
      </trkpt>
      <trkpt lat="45.87278" lon="6.24491">
        <ele>949</ele>
        <time>2025-05-30T19:39:27+00:00</time>
      </trkpt>
      <trkpt lat="45.87284" lon="6.24488">
        <ele>947</ele>
        <time>2025-05-30T19:39:30+00:00</time>
      </trkpt>
      <trkpt lat="45.87285" lon="6.24484">
        <ele>947</ele>
        <time>2025-05-30T19:39:33+00:00</time>
      </trkpt>
      <trkpt lat="45.87287" lon="6.24482">
        <ele>947</ele>
        <time>2025-05-30T19:39:36+00:00</time>
      </trkpt>
      <trkpt lat="45.87294" lon="6.24479">
        <ele>940</ele>
        <time>2025-05-30T19:39:39+00:00</time>
      </trkpt>
      <trkpt lat="45.87312" lon="6.24474">
        <ele>930</ele>
        <time>2025-05-30T19:39:42+00:00</time>
      </trkpt>
      <trkpt lat="45.87315" lon="6.24469">
        <ele>933</ele>
        <time>2025-05-30T19:39:45+00:00</time>
      </trkpt>
      <trkpt lat="45.8732" lon="6.24464">
        <ele>933</ele>
        <time>2025-05-30T19:39:48+00:00</time>
      </trkpt>
      <trkpt lat="45.87326" lon="6.24462">
        <ele>927</ele>
        <time>2025-05-30T19:39:51+00:00</time>
      </trkpt>
      <trkpt lat="45.87338" lon="6.24454">
        <ele>924</ele>
        <time>2025-05-30T19:39:54+00:00</time>
      </trkpt>
      <trkpt lat="45.87348" lon="6.24444">
        <ele>921</ele>
        <time>2025-05-30T19:39:57+00:00</time>
      </trkpt>
      <trkpt lat="45.8735" lon="6.24436">
        <ele>921</ele>
        <time>2025-05-30T19:40:00+00:00</time>
      </trkpt>
      <trkpt lat="45.87356" lon="6.24428">
        <ele>910</ele>
        <time>2025-05-30T19:40:03+00:00</time>
      </trkpt>
      <trkpt lat="45.87357" lon="6.24424">
        <ele>910</ele>
        <time>2025-05-30T19:40:06+00:00</time>
      </trkpt>
      <trkpt lat="45.87358" lon="6.24416">
        <ele>909</ele>
        <time>2025-05-30T19:40:09+00:00</time>
      </trkpt>
      <trkpt lat="45.87361" lon="6.24406">
        <ele>906</ele>
        <time>2025-05-30T19:40:12+00:00</time>
      </trkpt>
      <trkpt lat="45.87365" lon="6.24398">
        <ele>909</ele>
        <time>2025-05-30T19:40:15+00:00</time>
      </trkpt>
      <trkpt lat="45.87372" lon="6.24389">
        <ele>912</ele>
        <time>2025-05-30T19:40:18+00:00</time>
      </trkpt>
      <trkpt lat="45.8738" lon="6.24387">
        <ele>912</ele>
        <time>2025-05-30T19:40:21+00:00</time>
      </trkpt>
      <trkpt lat="45.87394" lon="6.24395">
        <ele>899</ele>
        <time>2025-05-30T19:40:24+00:00</time>
      </trkpt>
      <trkpt lat="45.87397" lon="6.24396">
        <ele>899</ele>
        <time>2025-05-30T19:40:27+00:00</time>
      </trkpt>
      <trkpt lat="45.87402" lon="6.24394">
        <ele>894</ele>
        <time>2025-05-30T19:40:30+00:00</time>
      </trkpt>
      <trkpt lat="45.87406" lon="6.2439">
        <ele>895</ele>
        <time>2025-05-30T19:40:33+00:00</time>
      </trkpt>
      <trkpt lat="45.87408" lon="6.24382">
        <ele>895</ele>
        <time>2025-05-30T19:40:36+00:00</time>
      </trkpt>
      <trkpt lat="45.87411" lon="6.2438">
        <ele>883</ele>
        <time>2025-05-30T19:40:39+00:00</time>
      </trkpt>
      <trkpt lat="45.87417" lon="6.24369">
        <ele>883</ele>
        <time>2025-05-30T19:40:42+00:00</time>
      </trkpt>
      <trkpt lat="45.87422" lon="6.24365">
        <ele>877</ele>
        <time>2025-05-30T19:40:45+00:00</time>
      </trkpt>
      <trkpt lat="45.87423" lon="6.24361">
        <ele>877</ele>
        <time>2025-05-30T19:40:48+00:00</time>
      </trkpt>
      <trkpt lat="45.87426" lon="6.24356">
        <ele>880</ele>
        <time>2025-05-30T19:40:51+00:00</time>
      </trkpt>
      <trkpt lat="45.87427" lon="6.2435">
        <ele>883</ele>
        <time>2025-05-30T19:40:54+00:00</time>
      </trkpt>
      <trkpt lat="45.87427" lon="6.24346">
        <ele>883</ele>
        <time>2025-05-30T19:40:57+00:00</time>
      </trkpt>
      <trkpt lat="45.87429" lon="6.24344">
        <ele>883</ele>
        <time>2025-05-30T19:41:00+00:00</time>
      </trkpt>
      <trkpt lat="45.87443" lon="6.24335">
        <ele>873</ele>
        <time>2025-05-30T19:41:03+00:00</time>
      </trkpt>
      <trkpt lat="45.87443" lon="6.24333">
        <ele>873</ele>
        <time>2025-05-30T19:41:06+00:00</time>
      </trkpt>
      <trkpt lat="45.87447" lon="6.24328">
        <ele>877</ele>
        <time>2025-05-30T19:41:09+00:00</time>
      </trkpt>
      <trkpt lat="45.87466" lon="6.24319">
        <ele>869</ele>
        <time>2025-05-30T19:41:12+00:00</time>
      </trkpt>
      <trkpt lat="45.87473" lon="6.24311">
        <ele>864</ele>
        <time>2025-05-30T19:41:15+00:00</time>
      </trkpt>
      <trkpt lat="45.87473" lon="6.24308">
        <ele>866</ele>
        <time>2025-05-30T19:41:18+00:00</time>
      </trkpt>
      <trkpt lat="45.87477" lon="6.24299">
        <ele>869</ele>
        <time>2025-05-30T19:41:21+00:00</time>
      </trkpt>
      <trkpt lat="45.87484" lon="6.24294">
        <ele>859</ele>
        <time>2025-05-30T19:41:24+00:00</time>
      </trkpt>
      <trkpt lat="45.87491" lon="6.24294">
        <ele>856</ele>
        <time>2025-05-30T19:41:27+00:00</time>
      </trkpt>
      <trkpt lat="45.87498" lon="6.24292">
        <ele>856</ele>
        <time>2025-05-30T19:41:30+00:00</time>
      </trkpt>
      <trkpt lat="45.87507" lon="6.24291">
        <ele>854</ele>
        <time>2025-05-30T19:41:33+00:00</time>
      </trkpt>
      <trkpt lat="45.87512" lon="6.24289">
        <ele>857</ele>
        <time>2025-05-30T19:41:36+00:00</time>
      </trkpt>
      <trkpt lat="45.87517" lon="6.24285">
        <ele>857</ele>
        <time>2025-05-30T19:41:39+00:00</time>
      </trkpt>
      <trkpt lat="45.87533" lon="6.24282">
        <ele>851</ele>
        <time>2025-05-30T19:41:42+00:00</time>
      </trkpt>
      <trkpt lat="45.87543" lon="6.24284">
        <ele>843</ele>
        <time>2025-05-30T19:41:45+00:00</time>
      </trkpt>
      <trkpt lat="45.8755" lon="6.24284">
        <ele>843</ele>
        <time>2025-05-30T19:41:48+00:00</time>
      </trkpt>
      <trkpt lat="45.87561" lon="6.24276">
        <ele>838</ele>
        <time>2025-05-30T19:41:51+00:00</time>
      </trkpt>
      <trkpt lat="45.87568" lon="6.24272">
        <ele>838</ele>
        <time>2025-05-30T19:41:54+00:00</time>
      </trkpt>
      <trkpt lat="45.87578" lon="6.24269">
        <ele>837</ele>
        <time>2025-05-30T19:41:57+00:00</time>
      </trkpt>
      <trkpt lat="45.87581" lon="6.24267">
        <ele>833</ele>
        <time>2025-05-30T19:42:00+00:00</time>
      </trkpt>
      <trkpt lat="45.87591" lon="6.24263">
        <ele>830</ele>
        <time>2025-05-30T19:42:03+00:00</time>
      </trkpt>
      <trkpt lat="45.87594" lon="6.24261">
        <ele>830</ele>
        <time>2025-05-30T19:42:06+00:00</time>
      </trkpt>
      <trkpt lat="45.87596" lon="6.24259">
        <ele>830</ele>
        <time>2025-05-30T19:42:09+00:00</time>
      </trkpt>
      <trkpt lat="45.876" lon="6.24247">
        <ele>831</ele>
        <time>2025-05-30T19:42:12+00:00</time>
      </trkpt>
      <trkpt lat="45.87601" lon="6.24242">
        <ele>824</ele>
        <time>2025-05-30T19:42:15+00:00</time>
      </trkpt>
      <trkpt lat="45.87604" lon="6.24238">
        <ele>825</ele>
        <time>2025-05-30T19:42:18+00:00</time>
      </trkpt>
      <trkpt lat="45.87608" lon="6.24235">
        <ele>825</ele>
        <time>2025-05-30T19:42:21+00:00</time>
      </trkpt>
      <trkpt lat="45.87613" lon="6.24228">
        <ele>825</ele>
        <time>2025-05-30T19:42:24+00:00</time>
      </trkpt>
      <trkpt lat="45.87626" lon="6.24216">
        <ele>823</ele>
        <time>2025-05-30T19:42:27+00:00</time>
      </trkpt>
      <trkpt lat="45.87633" lon="6.24211">
        <ele>820</ele>
        <time>2025-05-30T19:42:30+00:00</time>
      </trkpt>
      <trkpt lat="45.87635" lon="6.24208">
        <ele>821</ele>
        <time>2025-05-30T19:42:33+00:00</time>
      </trkpt>
      <trkpt lat="45.87647" lon="6.242">
        <ele>820</ele>
        <time>2025-05-30T19:42:36+00:00</time>
      </trkpt>
      <trkpt lat="45.87654" lon="6.24191">
        <ele>818</ele>
        <time>2025-05-30T19:42:39+00:00</time>
      </trkpt>
      <trkpt lat="45.87661" lon="6.24185">
        <ele>815</ele>
        <time>2025-05-30T19:42:42+00:00</time>
      </trkpt>
      <trkpt lat="45.87674" lon="6.24178">
        <ele>816</ele>
        <time>2025-05-30T19:42:45+00:00</time>
      </trkpt>
      <trkpt lat="45.87681" lon="6.2417">
        <ele>812</ele>
        <time>2025-05-30T19:42:48+00:00</time>
      </trkpt>
      <trkpt lat="45.87684" lon="6.24163">
        <ele>812</ele>
        <time>2025-05-30T19:42:51+00:00</time>
      </trkpt>
      <trkpt lat="45.87688" lon="6.24159">
        <ele>814</ele>
        <time>2025-05-30T19:42:54+00:00</time>
      </trkpt>
      <trkpt lat="45.87691" lon="6.24157">
        <ele>809</ele>
        <time>2025-05-30T19:42:57+00:00</time>
      </trkpt>
      <trkpt lat="45.87695" lon="6.24151">
        <ele>809</ele>
        <time>2025-05-30T19:43:00+00:00</time>
      </trkpt>
      <trkpt lat="45.87702" lon="6.24132">
        <ele>814</ele>
        <time>2025-05-30T19:43:03+00:00</time>
      </trkpt>
      <trkpt lat="45.87705" lon="6.24121">
        <ele>813</ele>
        <time>2025-05-30T19:43:06+00:00</time>
      </trkpt>
      <trkpt lat="45.87706" lon="6.2411">
        <ele>819</ele>
        <time>2025-05-30T19:43:09+00:00</time>
      </trkpt>
      <trkpt lat="45.87712" lon="6.24088">
        <ele>815</ele>
        <time>2025-05-30T19:43:12+00:00</time>
      </trkpt>
      <trkpt lat="45.87714" lon="6.24083">
        <ele>815</ele>
        <time>2025-05-30T19:43:15+00:00</time>
      </trkpt>
      <trkpt lat="45.87714" lon="6.24077">
        <ele>815</ele>
        <time>2025-05-30T19:43:18+00:00</time>
      </trkpt>
      <trkpt lat="45.87716" lon="6.24066">
        <ele>816</ele>
        <time>2025-05-30T19:43:21+00:00</time>
      </trkpt>
      <trkpt lat="45.87719" lon="6.24061">
        <ele>811</ele>
        <time>2025-05-30T19:43:24+00:00</time>
      </trkpt>
      <trkpt lat="45.87731" lon="6.24034">
        <ele>808</ele>
        <time>2025-05-30T19:43:27+00:00</time>
      </trkpt>
      <trkpt lat="45.87739" lon="6.2402">
        <ele>811</ele>
        <time>2025-05-30T19:43:30+00:00</time>
      </trkpt>
      <trkpt lat="45.87742" lon="6.24017">
        <ele>807</ele>
        <time>2025-05-30T19:43:33+00:00</time>
      </trkpt>
      <trkpt lat="45.87745" lon="6.2401">
        <ele>808</ele>
        <time>2025-05-30T19:43:36+00:00</time>
      </trkpt>
      <trkpt lat="45.87765" lon="6.23984">
        <ele>800</ele>
        <time>2025-05-30T19:43:39+00:00</time>
      </trkpt>
      <trkpt lat="45.87769" lon="6.23972">
        <ele>800</ele>
        <time>2025-05-30T19:43:42+00:00</time>
      </trkpt>
      <trkpt lat="45.87773" lon="6.23966">
        <ele>797</ele>
        <time>2025-05-30T19:43:45+00:00</time>
      </trkpt>
      <trkpt lat="45.87781" lon="6.23935">
        <ele>789</ele>
        <time>2025-05-30T19:43:48+00:00</time>
      </trkpt>
      <trkpt lat="45.8778" lon="6.23926">
        <ele>794</ele>
        <time>2025-05-30T19:43:51+00:00</time>
      </trkpt>
      <trkpt lat="45.87781" lon="6.23916">
        <ele>788</ele>
        <time>2025-05-30T19:43:54+00:00</time>
      </trkpt>
      <trkpt lat="45.87785" lon="6.23896">
        <ele>786</ele>
        <time>2025-05-30T19:43:57+00:00</time>
      </trkpt>
      <trkpt lat="45.87785" lon="6.2387">
        <ele>783</ele>
        <time>2025-05-30T19:44:00+00:00</time>
      </trkpt>
      <trkpt lat="45.87787" lon="6.2385">
        <ele>782</ele>
        <time>2025-05-30T19:44:03+00:00</time>
      </trkpt>
      <trkpt lat="45.87787" lon="6.23834">
        <ele>782</ele>
        <time>2025-05-30T19:44:06+00:00</time>
      </trkpt>
      <trkpt lat="45.87785" lon="6.23803">
        <ele>780</ele>
        <time>2025-05-30T19:44:09+00:00</time>
      </trkpt>
      <trkpt lat="45.87785" lon="6.23782">
        <ele>778</ele>
        <time>2025-05-30T19:44:12+00:00</time>
      </trkpt>
      <trkpt lat="45.87778" lon="6.2376">
        <ele>780</ele>
        <time>2025-05-30T19:44:15+00:00</time>
      </trkpt>
      <trkpt lat="45.87771" lon="6.23748">
        <ele>774</ele>
        <time>2025-05-30T19:44:18+00:00</time>
      </trkpt>
      <trkpt lat="45.87765" lon="6.2374">
        <ele>773</ele>
        <time>2025-05-30T19:44:21+00:00</time>
      </trkpt>
      <trkpt lat="45.87762" lon="6.23733">
        <ele>773</ele>
        <time>2025-05-30T19:44:24+00:00</time>
      </trkpt>
      <trkpt lat="45.87761" lon="6.23728">
        <ele>772</ele>
        <time>2025-05-30T19:44:27+00:00</time>
      </trkpt>
      <trkpt lat="45.87756" lon="6.23714">
        <ele>773</ele>
        <time>2025-05-30T19:44:30+00:00</time>
      </trkpt>
      <trkpt lat="45.87756" lon="6.23709">
        <ele>773</ele>
        <time>2025-05-30T19:44:33+00:00</time>
      </trkpt>
      <trkpt lat="45.87757" lon="6.23704">
        <ele>773</ele>
        <time>2025-05-30T19:44:36+00:00</time>
      </trkpt>
      <trkpt lat="45.87759" lon="6.237">
        <ele>773</ele>
        <time>2025-05-30T19:44:39+00:00</time>
      </trkpt>
      <trkpt lat="45.87767" lon="6.2369">
        <ele>778</ele>
        <time>2025-05-30T19:44:42+00:00</time>
      </trkpt>
      <trkpt lat="45.87776" lon="6.23686">
        <ele>776</ele>
        <time>2025-05-30T19:44:45+00:00</time>
      </trkpt>
      <trkpt lat="45.87783" lon="6.23686">
        <ele>777</ele>
        <time>2025-05-30T19:44:48+00:00</time>
      </trkpt>
      <trkpt lat="45.87791" lon="6.23687">
        <ele>772</ele>
        <time>2025-05-30T19:44:51+00:00</time>
      </trkpt>
      <trkpt lat="45.87803" lon="6.23692">
        <ele>768</ele>
        <time>2025-05-30T19:44:54+00:00</time>
      </trkpt>
      <trkpt lat="45.87808" lon="6.23692">
        <ele>768</ele>
        <time>2025-05-30T19:44:57+00:00</time>
      </trkpt>
      <trkpt lat="45.87812" lon="6.23691">
        <ele>772</ele>
        <time>2025-05-30T19:45:00+00:00</time>
      </trkpt>
      <trkpt lat="45.87819" lon="6.23687">
        <ele>773</ele>
        <time>2025-05-30T19:45:03+00:00</time>
      </trkpt>
      <trkpt lat="45.8783" lon="6.23677">
        <ele>770</ele>
        <time>2025-05-30T19:45:06+00:00</time>
      </trkpt>
      <trkpt lat="45.87834" lon="6.23669">
        <ele>770</ele>
        <time>2025-05-30T19:45:09+00:00</time>
      </trkpt>
      <trkpt lat="45.87835" lon="6.23664">
        <ele>770</ele>
        <time>2025-05-30T19:45:12+00:00</time>
      </trkpt>
      <trkpt lat="45.87836" lon="6.23651">
        <ele>769</ele>
        <time>2025-05-30T19:45:15+00:00</time>
      </trkpt>
      <trkpt lat="45.87835" lon="6.23646">
        <ele>769</ele>
        <time>2025-05-30T19:45:18+00:00</time>
      </trkpt>
      <trkpt lat="45.87834" lon="6.23632">
        <ele>768</ele>
        <time>2025-05-30T19:45:21+00:00</time>
      </trkpt>
      <trkpt lat="45.87831" lon="6.23618">
        <ele>769</ele>
        <time>2025-05-30T19:45:24+00:00</time>
      </trkpt>
      <trkpt lat="45.8783" lon="6.23606">
        <ele>771</ele>
        <time>2025-05-30T19:45:27+00:00</time>
      </trkpt>
      <trkpt lat="45.87828" lon="6.23599">
        <ele>769</ele>
        <time>2025-05-30T19:45:30+00:00</time>
      </trkpt>
      <trkpt lat="45.87818" lon="6.2358">
        <ele>769</ele>
        <time>2025-05-30T19:45:33+00:00</time>
      </trkpt>
      <trkpt lat="45.87812" lon="6.23563">
        <ele>767</ele>
        <time>2025-05-30T19:45:36+00:00</time>
      </trkpt>
      <trkpt lat="45.87812" lon="6.2356">
        <ele>766</ele>
        <time>2025-05-30T19:45:39+00:00</time>
      </trkpt>
      <trkpt lat="45.87807" lon="6.2355">
        <ele>769</ele>
        <time>2025-05-30T19:45:42+00:00</time>
      </trkpt>
      <trkpt lat="45.87805" lon="6.23541">
        <ele>768</ele>
        <time>2025-05-30T19:45:45+00:00</time>
      </trkpt>
      <trkpt lat="45.87802" lon="6.23533">
        <ele>768</ele>
        <time>2025-05-30T19:45:48+00:00</time>
      </trkpt>
      <trkpt lat="45.87802" lon="6.23527">
        <ele>767</ele>
        <time>2025-05-30T19:45:51+00:00</time>
      </trkpt>
      <trkpt lat="45.878" lon="6.23507">
        <ele>769</ele>
        <time>2025-05-30T19:45:54+00:00</time>
      </trkpt>
      <trkpt lat="45.87797" lon="6.23498">
        <ele>769</ele>
        <time>2025-05-30T19:45:57+00:00</time>
      </trkpt>
      <trkpt lat="45.87797" lon="6.23485">
        <ele>769</ele>
        <time>2025-05-30T19:46:00+00:00</time>
      </trkpt>
      <trkpt lat="45.87793" lon="6.23469">
        <ele>769</ele>
        <time>2025-05-30T19:46:03+00:00</time>
      </trkpt>
      <trkpt lat="45.87793" lon="6.23465">
        <ele>769</ele>
        <time>2025-05-30T19:46:06+00:00</time>
      </trkpt>
      <trkpt lat="45.87795" lon="6.23456">
        <ele>769</ele>
        <time>2025-05-30T19:46:09+00:00</time>
      </trkpt>
      <trkpt lat="45.87804" lon="6.23442">
        <ele>769</ele>
        <time>2025-05-30T19:46:12+00:00</time>
      </trkpt>
      <trkpt lat="45.87816" lon="6.23428">
        <ele>771</ele>
        <time>2025-05-30T19:46:15+00:00</time>
      </trkpt>
      <trkpt lat="45.87831" lon="6.23409">
        <ele>769</ele>
        <time>2025-05-30T19:46:18+00:00</time>
      </trkpt>
      <trkpt lat="45.87842" lon="6.2339">
        <ele>765</ele>
        <time>2025-05-30T19:46:21+00:00</time>
      </trkpt>
      <trkpt lat="45.87843" lon="6.23387">
        <ele>765</ele>
        <time>2025-05-30T19:46:24+00:00</time>
      </trkpt>
      <trkpt lat="45.87848" lon="6.23379">
        <ele>766</ele>
        <time>2025-05-30T19:46:27+00:00</time>
      </trkpt>
      <trkpt lat="45.87856" lon="6.23356">
        <ele>765</ele>
        <time>2025-05-30T19:46:30+00:00</time>
      </trkpt>
      <trkpt lat="45.87857" lon="6.2335">
        <ele>766</ele>
        <time>2025-05-30T19:46:33+00:00</time>
      </trkpt>
      <trkpt lat="45.87861" lon="6.23342">
        <ele>764</ele>
        <time>2025-05-30T19:46:36+00:00</time>
      </trkpt>
      <trkpt lat="45.87865" lon="6.23324">
        <ele>764</ele>
        <time>2025-05-30T19:46:39+00:00</time>
      </trkpt>
      <trkpt lat="45.87871" lon="6.23312">
        <ele>762</ele>
        <time>2025-05-30T19:46:42+00:00</time>
      </trkpt>
      <trkpt lat="45.87874" lon="6.23308">
        <ele>763</ele>
        <time>2025-05-30T19:46:45+00:00</time>
      </trkpt>
      <trkpt lat="45.87882" lon="6.23291">
        <ele>762</ele>
        <time>2025-05-30T19:46:48+00:00</time>
      </trkpt>
      <trkpt lat="45.87891" lon="6.23257">
        <ele>762</ele>
        <time>2025-05-30T19:46:51+00:00</time>
      </trkpt>
      <trkpt lat="45.87894" lon="6.23247">
        <ele>761</ele>
        <time>2025-05-30T19:46:54+00:00</time>
      </trkpt>
      <trkpt lat="45.87896" lon="6.23243">
        <ele>761</ele>
        <time>2025-05-30T19:46:57+00:00</time>
      </trkpt>
      <trkpt lat="45.87899" lon="6.23231">
        <ele>762</ele>
        <time>2025-05-30T19:47:00+00:00</time>
      </trkpt>
      <trkpt lat="45.87906" lon="6.23213">
        <ele>761</ele>
        <time>2025-05-30T19:47:03+00:00</time>
      </trkpt>
      <trkpt lat="45.8791" lon="6.232">
        <ele>763</ele>
        <time>2025-05-30T19:47:06+00:00</time>
      </trkpt>
      <trkpt lat="45.87915" lon="6.2318">
        <ele>763</ele>
        <time>2025-05-30T19:47:09+00:00</time>
      </trkpt>
      <trkpt lat="45.87919" lon="6.23171">
        <ele>763</ele>
        <time>2025-05-30T19:47:12+00:00</time>
      </trkpt>
      <trkpt lat="45.87928" lon="6.2316">
        <ele>763</ele>
        <time>2025-05-30T19:47:15+00:00</time>
      </trkpt>
      <trkpt lat="45.8793" lon="6.23151">
        <ele>763</ele>
        <time>2025-05-30T19:47:18+00:00</time>
      </trkpt>
      <trkpt lat="45.87942" lon="6.2312">
        <ele>763</ele>
        <time>2025-05-30T19:47:21+00:00</time>
      </trkpt>
      <trkpt lat="45.87952" lon="6.23104">
        <ele>762</ele>
        <time>2025-05-30T19:47:24+00:00</time>
      </trkpt>
      <trkpt lat="45.87963" lon="6.23083">
        <ele>763</ele>
        <time>2025-05-30T19:47:27+00:00</time>
      </trkpt>
      <trkpt lat="45.87975" lon="6.23069">
        <ele>765</ele>
        <time>2025-05-30T19:47:30+00:00</time>
      </trkpt>
      <trkpt lat="45.8798" lon="6.23061">
        <ele>763</ele>
        <time>2025-05-30T19:47:33+00:00</time>
      </trkpt>
      <trkpt lat="45.87982" lon="6.23054">
        <ele>763</ele>
        <time>2025-05-30T19:47:36+00:00</time>
      </trkpt>
      <trkpt lat="45.87987" lon="6.23042">
        <ele>763</ele>
        <time>2025-05-30T19:47:39+00:00</time>
      </trkpt>
      <trkpt lat="45.87987" lon="6.23039">
        <ele>763</ele>
        <time>2025-05-30T19:47:42+00:00</time>
      </trkpt>
      <trkpt lat="45.87996" lon="6.23011">
        <ele>763</ele>
        <time>2025-05-30T19:47:45+00:00</time>
      </trkpt>
      <trkpt lat="45.87999" lon="6.22994">
        <ele>765</ele>
        <time>2025-05-30T19:47:48+00:00</time>
      </trkpt>
      <trkpt lat="45.88002" lon="6.22988">
        <ele>763</ele>
        <time>2025-05-30T19:47:51+00:00</time>
      </trkpt>
      <trkpt lat="45.88006" lon="6.22987">
        <ele>763</ele>
        <time>2025-05-30T19:47:54+00:00</time>
      </trkpt>
      <trkpt lat="45.88006" lon="6.22987">
        <ele>763</ele>
        <time>2025-05-30T19:47:57+00:00</time>
      </trkpt>
      <trkpt lat="45.88006" lon="6.22987">
        <ele>763</ele>
        <time>2025-05-30T19:48:00+00:00</time>
      </trkpt>
      <trkpt lat="45.88006" lon="6.22987">
        <ele>763</ele>
        <time>2025-05-30T19:48:03+00:00</time>
      </trkpt>
      <trkpt lat="45.88008" lon="6.22987">
        <ele>763</ele>
        <time>2025-05-30T19:48:06+00:00</time>
      </trkpt>
      <trkpt lat="45.88008" lon="6.22987">
        <ele>763</ele>
        <time>2025-05-30T19:48:09+00:00</time>
      </trkpt>
      <trkpt lat="45.8801" lon="6.22987">
        <ele>762</ele>
        <time>2025-05-30T19:48:12+00:00</time>
      </trkpt>
      <trkpt lat="45.8801" lon="6.22987">
        <ele>762</ele>
        <time>2025-05-30T19:48:15+00:00</time>
      </trkpt>
      <trkpt lat="45.88012" lon="6.22975">
        <ele>762</ele>
        <time>2025-05-30T19:48:18+00:00</time>
      </trkpt>
      <trkpt lat="45.8801" lon="6.22961">
        <ele>764</ele>
        <time>2025-05-30T19:48:21+00:00</time>
      </trkpt>
      <trkpt lat="45.88009" lon="6.22942">
        <ele>765</ele>
        <time>2025-05-30T19:48:24+00:00</time>
      </trkpt>
      <trkpt lat="45.88008" lon="6.22939">
        <ele>765</ele>
        <time>2025-05-30T19:48:27+00:00</time>
      </trkpt>
      <trkpt lat="45.88006" lon="6.22927">
        <ele>764</ele>
        <time>2025-05-30T19:48:30+00:00</time>
      </trkpt>
      <trkpt lat="45.88005" lon="6.22907">
        <ele>765</ele>
        <time>2025-05-30T19:48:33+00:00</time>
      </trkpt>
      <trkpt lat="45.88001" lon="6.22893">
        <ele>764</ele>
        <time>2025-05-30T19:48:36+00:00</time>
      </trkpt>
      <trkpt lat="45.87991" lon="6.22864">
        <ele>767</ele>
        <time>2025-05-30T19:48:39+00:00</time>
      </trkpt>
      <trkpt lat="45.87986" lon="6.22854">
        <ele>769</ele>
        <time>2025-05-30T19:48:42+00:00</time>
      </trkpt>
      <trkpt lat="45.87979" lon="6.22844">
        <ele>771</ele>
        <time>2025-05-30T19:48:45+00:00</time>
      </trkpt>
      <trkpt lat="45.8797" lon="6.2284">
        <ele>770</ele>
        <time>2025-05-30T19:48:48+00:00</time>
      </trkpt>
      <trkpt lat="45.8795" lon="6.22837">
        <ele>776</ele>
        <time>2025-05-30T19:48:51+00:00</time>
      </trkpt>
      <trkpt lat="45.8794" lon="6.22839">
        <ele>778</ele>
        <time>2025-05-30T19:48:54+00:00</time>
      </trkpt>
      <trkpt lat="45.87931" lon="6.22835">
        <ele>781</ele>
        <time>2025-05-30T19:48:57+00:00</time>
      </trkpt>
      <trkpt lat="45.87924" lon="6.22826">
        <ele>784</ele>
        <time>2025-05-30T19:49:00+00:00</time>
      </trkpt>
      <trkpt lat="45.8792" lon="6.22814">
        <ele>786</ele>
        <time>2025-05-30T19:49:03+00:00</time>
      </trkpt>
      <trkpt lat="45.8791" lon="6.22804">
        <ele>785</ele>
        <time>2025-05-30T19:49:06+00:00</time>
      </trkpt>
      <trkpt lat="45.87907" lon="6.22796">
        <ele>787</ele>
        <time>2025-05-30T19:49:09+00:00</time>
      </trkpt>
      <trkpt lat="45.879" lon="6.22784">
        <ele>787</ele>
        <time>2025-05-30T19:49:12+00:00</time>
      </trkpt>
      <trkpt lat="45.87882" lon="6.22769">
        <ele>790</ele>
        <time>2025-05-30T19:49:15+00:00</time>
      </trkpt>
      <trkpt lat="45.87873" lon="6.22766">
        <ele>791</ele>
        <time>2025-05-30T19:49:18+00:00</time>
      </trkpt>
      <trkpt lat="45.87851" lon="6.22771">
        <ele>793</ele>
        <time>2025-05-30T19:49:21+00:00</time>
      </trkpt>
      <trkpt lat="45.87841" lon="6.2277">
        <ele>794</ele>
        <time>2025-05-30T19:49:24+00:00</time>
      </trkpt>
      <trkpt lat="45.87832" lon="6.22763">
        <ele>793</ele>
        <time>2025-05-30T19:49:27+00:00</time>
      </trkpt>
      <trkpt lat="45.87828" lon="6.22758">
        <ele>795</ele>
        <time>2025-05-30T19:49:30+00:00</time>
      </trkpt>
      <trkpt lat="45.87819" lon="6.22748">
        <ele>796</ele>
        <time>2025-05-30T19:49:33+00:00</time>
      </trkpt>
      <trkpt lat="45.87813" lon="6.22739">
        <ele>794</ele>
        <time>2025-05-30T19:49:36+00:00</time>
      </trkpt>
      <trkpt lat="45.87802" lon="6.22725">
        <ele>796</ele>
        <time>2025-05-30T19:49:39+00:00</time>
      </trkpt>
      <trkpt lat="45.87793" lon="6.22711">
        <ele>796</ele>
        <time>2025-05-30T19:49:42+00:00</time>
      </trkpt>
      <trkpt lat="45.87777" lon="6.22672">
        <ele>800</ele>
        <time>2025-05-30T19:49:45+00:00</time>
      </trkpt>
      <trkpt lat="45.8777" lon="6.22661">
        <ele>802</ele>
        <time>2025-05-30T19:49:48+00:00</time>
      </trkpt>
      <trkpt lat="45.87762" lon="6.22651">
        <ele>801</ele>
        <time>2025-05-30T19:49:51+00:00</time>
      </trkpt>
      <trkpt lat="45.87755" lon="6.22641">
        <ele>802</ele>
        <time>2025-05-30T19:49:54+00:00</time>
      </trkpt>
      <trkpt lat="45.87747" lon="6.22632">
        <ele>803</ele>
        <time>2025-05-30T19:49:57+00:00</time>
      </trkpt>
      <trkpt lat="45.87728" lon="6.22614">
        <ele>804</ele>
        <time>2025-05-30T19:50:00+00:00</time>
      </trkpt>
      <trkpt lat="45.8772" lon="6.22605">
        <ele>806</ele>
        <time>2025-05-30T19:50:03+00:00</time>
      </trkpt>
      <trkpt lat="45.87701" lon="6.2259">
        <ele>805</ele>
        <time>2025-05-30T19:50:06+00:00</time>
      </trkpt>
      <trkpt lat="45.87691" lon="6.22587">
        <ele>804</ele>
        <time>2025-05-30T19:50:09+00:00</time>
      </trkpt>
      <trkpt lat="45.8767" lon="6.22583">
        <ele>806</ele>
        <time>2025-05-30T19:50:12+00:00</time>
      </trkpt>
      <trkpt lat="45.8766" lon="6.22582">
        <ele>807</ele>
        <time>2025-05-30T19:50:15+00:00</time>
      </trkpt>
      <trkpt lat="45.87651" lon="6.22579">
        <ele>809</ele>
        <time>2025-05-30T19:50:18+00:00</time>
      </trkpt>
      <trkpt lat="45.87634" lon="6.22567">
        <ele>811</ele>
        <time>2025-05-30T19:50:21+00:00</time>
      </trkpt>
      <trkpt lat="45.87624" lon="6.2256">
        <ele>812</ele>
        <time>2025-05-30T19:50:24+00:00</time>
      </trkpt>
      <trkpt lat="45.87616" lon="6.2255">
        <ele>813</ele>
        <time>2025-05-30T19:50:27+00:00</time>
      </trkpt>
      <trkpt lat="45.87608" lon="6.22542">
        <ele>816</ele>
        <time>2025-05-30T19:50:30+00:00</time>
      </trkpt>
      <trkpt lat="45.8759" lon="6.2253">
        <ele>814</ele>
        <time>2025-05-30T19:50:33+00:00</time>
      </trkpt>
      <trkpt lat="45.87571" lon="6.22516">
        <ele>816</ele>
        <time>2025-05-30T19:50:36+00:00</time>
      </trkpt>
      <trkpt lat="45.87561" lon="6.2251">
        <ele>818</ele>
        <time>2025-05-30T19:50:39+00:00</time>
      </trkpt>
      <trkpt lat="45.87553" lon="6.22503">
        <ele>817</ele>
        <time>2025-05-30T19:50:42+00:00</time>
      </trkpt>
      <trkpt lat="45.87525" lon="6.22486">
        <ele>820</ele>
        <time>2025-05-30T19:50:45+00:00</time>
      </trkpt>
      <trkpt lat="45.87507" lon="6.22473">
        <ele>819</ele>
        <time>2025-05-30T19:50:48+00:00</time>
      </trkpt>
      <trkpt lat="45.87497" lon="6.22469">
        <ele>816</ele>
        <time>2025-05-30T19:50:51+00:00</time>
      </trkpt>
      <trkpt lat="45.87487" lon="6.22462">
        <ele>818</ele>
        <time>2025-05-30T19:50:54+00:00</time>
      </trkpt>
      <trkpt lat="45.87455" lon="6.22444">
        <ele>816</ele>
        <time>2025-05-30T19:50:57+00:00</time>
      </trkpt>
      <trkpt lat="45.87446" lon="6.22441">
        <ele>816</ele>
        <time>2025-05-30T19:51:00+00:00</time>
      </trkpt>
      <trkpt lat="45.87435" lon="6.2244">
        <ele>816</ele>
        <time>2025-05-30T19:51:03+00:00</time>
      </trkpt>
      <trkpt lat="45.87418" lon="6.22447">
        <ele>814</ele>
        <time>2025-05-30T19:51:06+00:00</time>
      </trkpt>
      <trkpt lat="45.87405" lon="6.22452">
        <ele>813</ele>
        <time>2025-05-30T19:51:09+00:00</time>
      </trkpt>
      <trkpt lat="45.87395" lon="6.22453">
        <ele>811</ele>
        <time>2025-05-30T19:51:12+00:00</time>
      </trkpt>
      <trkpt lat="45.87387" lon="6.22449">
        <ele>807</ele>
        <time>2025-05-30T19:51:15+00:00</time>
      </trkpt>
      <trkpt lat="45.8737" lon="6.22446">
        <ele>807</ele>
        <time>2025-05-30T19:51:18+00:00</time>
      </trkpt>
      <trkpt lat="45.87357" lon="6.22438">
        <ele>807</ele>
        <time>2025-05-30T19:51:21+00:00</time>
      </trkpt>
      <trkpt lat="45.87346" lon="6.22446">
        <ele>811</ele>
        <time>2025-05-30T19:51:24+00:00</time>
      </trkpt>
      <trkpt lat="45.87332" lon="6.22439">
        <ele>808</ele>
        <time>2025-05-30T19:51:27+00:00</time>
      </trkpt>
      <trkpt lat="45.87323" lon="6.2241">
        <ele>805</ele>
        <time>2025-05-30T19:51:30+00:00</time>
      </trkpt>
      <trkpt lat="45.87315" lon="6.22396">
        <ele>805</ele>
        <time>2025-05-30T19:51:33+00:00</time>
      </trkpt>
      <trkpt lat="45.87305" lon="6.22375">
        <ele>803</ele>
        <time>2025-05-30T19:51:36+00:00</time>
      </trkpt>
      <trkpt lat="45.87303" lon="6.22361">
        <ele>803</ele>
        <time>2025-05-30T19:51:39+00:00</time>
      </trkpt>
      <trkpt lat="45.87295" lon="6.22328">
        <ele>799</ele>
        <time>2025-05-30T19:51:42+00:00</time>
      </trkpt>
      <trkpt lat="45.87293" lon="6.22314">
        <ele>798</ele>
        <time>2025-05-30T19:51:45+00:00</time>
      </trkpt>
      <trkpt lat="45.87289" lon="6.2228">
        <ele>795</ele>
        <time>2025-05-30T19:51:48+00:00</time>
      </trkpt>
      <trkpt lat="45.87287" lon="6.22271">
        <ele>795</ele>
        <time>2025-05-30T19:51:51+00:00</time>
      </trkpt>
      <trkpt lat="45.87286" lon="6.22263">
        <ele>795</ele>
        <time>2025-05-30T19:51:54+00:00</time>
      </trkpt>
      <trkpt lat="45.8728" lon="6.22243">
        <ele>794</ele>
        <time>2025-05-30T19:51:57+00:00</time>
      </trkpt>
      <trkpt lat="45.87277" lon="6.22236">
        <ele>793</ele>
        <time>2025-05-30T19:52:00+00:00</time>
      </trkpt>
      <trkpt lat="45.87274" lon="6.22224">
        <ele>790</ele>
        <time>2025-05-30T19:52:03+00:00</time>
      </trkpt>
      <trkpt lat="45.87269" lon="6.22207">
        <ele>789</ele>
        <time>2025-05-30T19:52:06+00:00</time>
      </trkpt>
      <trkpt lat="45.87268" lon="6.22202">
        <ele>789</ele>
        <time>2025-05-30T19:52:09+00:00</time>
      </trkpt>
      <trkpt lat="45.87266" lon="6.22194">
        <ele>787</ele>
        <time>2025-05-30T19:52:12+00:00</time>
      </trkpt>
      <trkpt lat="45.87262" lon="6.22185">
        <ele>786</ele>
        <time>2025-05-30T19:52:15+00:00</time>
      </trkpt>
      <trkpt lat="45.87258" lon="6.22178">
        <ele>784</ele>
        <time>2025-05-30T19:52:18+00:00</time>
      </trkpt>
      <trkpt lat="45.87248" lon="6.22168">
        <ele>779</ele>
        <time>2025-05-30T19:52:21+00:00</time>
      </trkpt>
      <trkpt lat="45.87238" lon="6.22163">
        <ele>778</ele>
        <time>2025-05-30T19:52:24+00:00</time>
      </trkpt>
      <trkpt lat="45.87229" lon="6.22161">
        <ele>773</ele>
        <time>2025-05-30T19:52:27+00:00</time>
      </trkpt>
      <trkpt lat="45.87219" lon="6.22164">
        <ele>771</ele>
        <time>2025-05-30T19:52:30+00:00</time>
      </trkpt>
      <trkpt lat="45.87189" lon="6.22154">
        <ele>763</ele>
        <time>2025-05-30T19:52:33+00:00</time>
      </trkpt>
      <trkpt lat="45.87181" lon="6.22148">
        <ele>759</ele>
        <time>2025-05-30T19:52:36+00:00</time>
      </trkpt>
      <trkpt lat="45.87173" lon="6.2214">
        <ele>757</ele>
        <time>2025-05-30T19:52:39+00:00</time>
      </trkpt>
      <trkpt lat="45.87153" lon="6.22126">
        <ele>749</ele>
        <time>2025-05-30T19:52:42+00:00</time>
      </trkpt>
      <trkpt lat="45.87144" lon="6.22118">
        <ele>745</ele>
        <time>2025-05-30T19:52:45+00:00</time>
      </trkpt>
      <trkpt lat="45.87133" lon="6.22112">
        <ele>744</ele>
        <time>2025-05-30T19:52:48+00:00</time>
      </trkpt>
      <trkpt lat="45.87109" lon="6.22086">
        <ele>730</ele>
        <time>2025-05-30T19:52:51+00:00</time>
      </trkpt>
      <trkpt lat="45.871" lon="6.22078">
        <ele>727</ele>
        <time>2025-05-30T19:52:54+00:00</time>
      </trkpt>
      <trkpt lat="45.87089" lon="6.22075">
        <ele>727</ele>
        <time>2025-05-30T19:52:57+00:00</time>
      </trkpt>
      <trkpt lat="45.87079" lon="6.22076">
        <ele>727</ele>
        <time>2025-05-30T19:53:00+00:00</time>
      </trkpt>
      <trkpt lat="45.87069" lon="6.22074">
        <ele>727</ele>
        <time>2025-05-30T19:53:03+00:00</time>
      </trkpt>
      <trkpt lat="45.8706" lon="6.22071">
        <ele>727</ele>
        <time>2025-05-30T19:53:06+00:00</time>
      </trkpt>
      <trkpt lat="45.87041" lon="6.22082">
        <ele>729</ele>
        <time>2025-05-30T19:53:09+00:00</time>
      </trkpt>
      <trkpt lat="45.87034" lon="6.22088">
        <ele>730</ele>
        <time>2025-05-30T19:53:12+00:00</time>
      </trkpt>
      <trkpt lat="45.8703" lon="6.221">
        <ele>732</ele>
        <time>2025-05-30T19:53:15+00:00</time>
      </trkpt>
      <trkpt lat="45.8702" lon="6.22103">
        <ele>734</ele>
        <time>2025-05-30T19:53:18+00:00</time>
      </trkpt>
      <trkpt lat="45.87011" lon="6.22112">
        <ele>740</ele>
        <time>2025-05-30T19:53:21+00:00</time>
      </trkpt>
      <trkpt lat="45.87001" lon="6.22109">
        <ele>735</ele>
        <time>2025-05-30T19:53:24+00:00</time>
      </trkpt>
      <trkpt lat="45.86991" lon="6.22112">
        <ele>740</ele>
        <time>2025-05-30T19:53:27+00:00</time>
      </trkpt>
      <trkpt lat="45.86981" lon="6.22116">
        <ele>742</ele>
        <time>2025-05-30T19:53:30+00:00</time>
      </trkpt>
      <trkpt lat="45.86973" lon="6.22124">
        <ele>745</ele>
        <time>2025-05-30T19:53:33+00:00</time>
      </trkpt>
      <trkpt lat="45.86966" lon="6.22136">
        <ele>748</ele>
        <time>2025-05-30T19:53:36+00:00</time>
      </trkpt>
      <trkpt lat="45.86948" lon="6.22148">
        <ele>749</ele>
        <time>2025-05-30T19:53:39+00:00</time>
      </trkpt>
      <trkpt lat="45.8694" lon="6.22155">
        <ele>752</ele>
        <time>2025-05-30T19:53:42+00:00</time>
      </trkpt>
      <trkpt lat="45.86931" lon="6.22159">
        <ele>750</ele>
        <time>2025-05-30T19:53:45+00:00</time>
      </trkpt>
      <trkpt lat="45.8692" lon="6.22162">
        <ele>751</ele>
        <time>2025-05-30T19:53:48+00:00</time>
      </trkpt>
      <trkpt lat="45.86905" lon="6.22178">
        <ele>751</ele>
        <time>2025-05-30T19:53:51+00:00</time>
      </trkpt>
      <trkpt lat="45.86896" lon="6.22182">
        <ele>751</ele>
        <time>2025-05-30T19:53:54+00:00</time>
      </trkpt>
      <trkpt lat="45.86902" lon="6.22211">
        <ele>758</ele>
        <time>2025-05-30T19:53:57+00:00</time>
      </trkpt>
      <trkpt lat="45.86908" lon="6.22225">
        <ele>760</ele>
        <time>2025-05-30T19:54:00+00:00</time>
      </trkpt>
      <trkpt lat="45.86913" lon="6.22241">
        <ele>765</ele>
        <time>2025-05-30T19:54:03+00:00</time>
      </trkpt>
      <trkpt lat="45.86917" lon="6.2227">
        <ele>763</ele>
        <time>2025-05-30T19:54:06+00:00</time>
      </trkpt>
      <trkpt lat="45.86915" lon="6.22286">
        <ele>765</ele>
        <time>2025-05-30T19:54:09+00:00</time>
      </trkpt>
      <trkpt lat="45.86909" lon="6.22297">
        <ele>764</ele>
        <time>2025-05-30T19:54:12+00:00</time>
      </trkpt>
      <trkpt lat="45.86902" lon="6.22317">
        <ele>765</ele>
        <time>2025-05-30T19:54:15+00:00</time>
      </trkpt>
      <trkpt lat="45.86901" lon="6.22321">
        <ele>763</ele>
        <time>2025-05-30T19:54:18+00:00</time>
      </trkpt>
      <trkpt lat="45.86899" lon="6.22334">
        <ele>761</ele>
        <time>2025-05-30T19:54:21+00:00</time>
      </trkpt>
      <trkpt lat="45.86892" lon="6.22348">
        <ele>762</ele>
        <time>2025-05-30T19:54:24+00:00</time>
      </trkpt>
      <trkpt lat="45.86883" lon="6.2235">
        <ele>760</ele>
        <time>2025-05-30T19:54:27+00:00</time>
      </trkpt>
      <trkpt lat="45.86874" lon="6.22343">
        <ele>761</ele>
        <time>2025-05-30T19:54:30+00:00</time>
      </trkpt>
      <trkpt lat="45.86866" lon="6.22336">
        <ele>761</ele>
        <time>2025-05-30T19:54:33+00:00</time>
      </trkpt>
      <trkpt lat="45.86855" lon="6.2233">
        <ele>761</ele>
        <time>2025-05-30T19:54:36+00:00</time>
      </trkpt>
      <trkpt lat="45.86838" lon="6.22313">
        <ele>761</ele>
        <time>2025-05-30T19:54:39+00:00</time>
      </trkpt>
      <trkpt lat="45.86828" lon="6.22309">
        <ele>759</ele>
        <time>2025-05-30T19:54:42+00:00</time>
      </trkpt>
      <trkpt lat="45.86807" lon="6.22312">
        <ele>759</ele>
        <time>2025-05-30T19:54:45+00:00</time>
      </trkpt>
      <trkpt lat="45.86797" lon="6.22307">
        <ele>757</ele>
        <time>2025-05-30T19:54:48+00:00</time>
      </trkpt>
      <trkpt lat="45.8679" lon="6.22299">
        <ele>759</ele>
        <time>2025-05-30T19:54:51+00:00</time>
      </trkpt>
      <trkpt lat="45.86782" lon="6.22289">
        <ele>754</ele>
        <time>2025-05-30T19:54:54+00:00</time>
      </trkpt>
      <trkpt lat="45.86771" lon="6.22286">
        <ele>757</ele>
        <time>2025-05-30T19:54:57+00:00</time>
      </trkpt>
      <trkpt lat="45.86763" lon="6.22291">
        <ele>762</ele>
        <time>2025-05-30T19:55:00+00:00</time>
      </trkpt>
      <trkpt lat="45.86755" lon="6.2229">
        <ele>760</ele>
        <time>2025-05-30T19:55:03+00:00</time>
      </trkpt>
      <trkpt lat="45.86752" lon="6.2229">
        <ele>757</ele>
        <time>2025-05-30T19:55:06+00:00</time>
      </trkpt>
      <trkpt lat="45.86741" lon="6.22286">
        <ele>756</ele>
        <time>2025-05-30T19:55:09+00:00</time>
      </trkpt>
      <trkpt lat="45.86728" lon="6.22262">
        <ele>757</ele>
        <time>2025-05-30T19:55:12+00:00</time>
      </trkpt>
      <trkpt lat="45.86724" lon="6.22246">
        <ele>754</ele>
        <time>2025-05-30T19:55:15+00:00</time>
      </trkpt>
      <trkpt lat="45.86718" lon="6.22233">
        <ele>757</ele>
        <time>2025-05-30T19:55:18+00:00</time>
      </trkpt>
      <trkpt lat="45.86715" lon="6.22217">
        <ele>754</ele>
        <time>2025-05-30T19:55:21+00:00</time>
      </trkpt>
      <trkpt lat="45.86711" lon="6.22205">
        <ele>754</ele>
        <time>2025-05-30T19:55:24+00:00</time>
      </trkpt>
      <trkpt lat="45.86701" lon="6.222">
        <ele>754</ele>
        <time>2025-05-30T19:55:27+00:00</time>
      </trkpt>
      <trkpt lat="45.86691" lon="6.22203">
        <ele>754</ele>
        <time>2025-05-30T19:55:30+00:00</time>
      </trkpt>
      <trkpt lat="45.86681" lon="6.22209">
        <ele>750</ele>
        <time>2025-05-30T19:55:33+00:00</time>
      </trkpt>
      <trkpt lat="45.8667" lon="6.22208">
        <ele>749</ele>
        <time>2025-05-30T19:55:36+00:00</time>
      </trkpt>
      <trkpt lat="45.8666" lon="6.22202">
        <ele>749</ele>
        <time>2025-05-30T19:55:39+00:00</time>
      </trkpt>
      <trkpt lat="45.86643" lon="6.22183">
        <ele>746</ele>
        <time>2025-05-30T19:55:42+00:00</time>
      </trkpt>
      <trkpt lat="45.86627" lon="6.22161">
        <ele>745</ele>
        <time>2025-05-30T19:55:45+00:00</time>
      </trkpt>
      <trkpt lat="45.86621" lon="6.22151">
        <ele>743</ele>
        <time>2025-05-30T19:55:48+00:00</time>
      </trkpt>
      <trkpt lat="45.86613" lon="6.2214">
        <ele>744</ele>
        <time>2025-05-30T19:55:51+00:00</time>
      </trkpt>
      <trkpt lat="45.86607" lon="6.22127">
        <ele>741</ele>
        <time>2025-05-30T19:55:54+00:00</time>
      </trkpt>
      <trkpt lat="45.86598" lon="6.22118">
        <ele>739</ele>
        <time>2025-05-30T19:55:57+00:00</time>
      </trkpt>
      <trkpt lat="45.86589" lon="6.2211">
        <ele>740</ele>
        <time>2025-05-30T19:56:00+00:00</time>
      </trkpt>
      <trkpt lat="45.8658" lon="6.22105">
        <ele>736</ele>
        <time>2025-05-30T19:56:03+00:00</time>
      </trkpt>
      <trkpt lat="45.86575" lon="6.22099">
        <ele>733</ele>
        <time>2025-05-30T19:56:06+00:00</time>
      </trkpt>
      <trkpt lat="45.86573" lon="6.22095">
        <ele>733</ele>
        <time>2025-05-30T19:56:09+00:00</time>
      </trkpt>
      <trkpt lat="45.86567" lon="6.22085">
        <ele>737</ele>
        <time>2025-05-30T19:56:12+00:00</time>
      </trkpt>
      <trkpt lat="45.86561" lon="6.22076">
        <ele>733</ele>
        <time>2025-05-30T19:56:15+00:00</time>
      </trkpt>
      <trkpt lat="45.86556" lon="6.22064">
        <ele>733</ele>
        <time>2025-05-30T19:56:18+00:00</time>
      </trkpt>
      <trkpt lat="45.86543" lon="6.2204">
        <ele>725</ele>
        <time>2025-05-30T19:56:21+00:00</time>
      </trkpt>
      <trkpt lat="45.86534" lon="6.2203">
        <ele>724</ele>
        <time>2025-05-30T19:56:24+00:00</time>
      </trkpt>
      <trkpt lat="45.86524" lon="6.22023">
        <ele>722</ele>
        <time>2025-05-30T19:56:27+00:00</time>
      </trkpt>
      <trkpt lat="45.86515" lon="6.22018">
        <ele>719</ele>
        <time>2025-05-30T19:56:30+00:00</time>
      </trkpt>
      <trkpt lat="45.86506" lon="6.22009">
        <ele>717</ele>
        <time>2025-05-30T19:56:33+00:00</time>
      </trkpt>
      <trkpt lat="45.86497" lon="6.21996">
        <ele>716</ele>
        <time>2025-05-30T19:56:36+00:00</time>
      </trkpt>
      <trkpt lat="45.86484" lon="6.21972">
        <ele>712</ele>
        <time>2025-05-30T19:56:39+00:00</time>
      </trkpt>
      <trkpt lat="45.86475" lon="6.21965">
        <ele>710</ele>
        <time>2025-05-30T19:56:42+00:00</time>
      </trkpt>
      <trkpt lat="45.86462" lon="6.21948">
        <ele>708</ele>
        <time>2025-05-30T19:56:45+00:00</time>
      </trkpt>
      <trkpt lat="45.86453" lon="6.21942">
        <ele>707</ele>
        <time>2025-05-30T19:56:48+00:00</time>
      </trkpt>
      <trkpt lat="45.86443" lon="6.21943">
        <ele>711</ele>
        <time>2025-05-30T19:56:51+00:00</time>
      </trkpt>
      <trkpt lat="45.86433" lon="6.21943">
        <ele>709</ele>
        <time>2025-05-30T19:56:54+00:00</time>
      </trkpt>
      <trkpt lat="45.86413" lon="6.21941">
        <ele>714</ele>
        <time>2025-05-30T19:56:57+00:00</time>
      </trkpt>
      <trkpt lat="45.86393" lon="6.21946">
        <ele>719</ele>
        <time>2025-05-30T19:57:00+00:00</time>
      </trkpt>
      <trkpt lat="45.86382" lon="6.21951">
        <ele>724</ele>
        <time>2025-05-30T19:57:03+00:00</time>
      </trkpt>
      <trkpt lat="45.86373" lon="6.21951">
        <ele>725</ele>
        <time>2025-05-30T19:57:06+00:00</time>
      </trkpt>
      <trkpt lat="45.86343" lon="6.21947">
        <ele>726</ele>
        <time>2025-05-30T19:57:09+00:00</time>
      </trkpt>
      <trkpt lat="45.86333" lon="6.21942">
        <ele>727</ele>
        <time>2025-05-30T19:57:12+00:00</time>
      </trkpt>
      <trkpt lat="45.86324" lon="6.21937">
        <ele>726</ele>
        <time>2025-05-30T19:57:15+00:00</time>
      </trkpt>
      <trkpt lat="45.86305" lon="6.21934">
        <ele>732</ele>
        <time>2025-05-30T19:57:18+00:00</time>
      </trkpt>
      <trkpt lat="45.86296" lon="6.21937">
        <ele>733</ele>
        <time>2025-05-30T19:57:21+00:00</time>
      </trkpt>
      <trkpt lat="45.86285" lon="6.21942">
        <ele>737</ele>
        <time>2025-05-30T19:57:24+00:00</time>
      </trkpt>
      <trkpt lat="45.86276" lon="6.21947">
        <ele>737</ele>
        <time>2025-05-30T19:57:27+00:00</time>
      </trkpt>
      <trkpt lat="45.86265" lon="6.21949">
        <ele>737</ele>
        <time>2025-05-30T19:57:30+00:00</time>
      </trkpt>
      <trkpt lat="45.86255" lon="6.21945">
        <ele>739</ele>
        <time>2025-05-30T19:57:33+00:00</time>
      </trkpt>
      <trkpt lat="45.86246" lon="6.21935">
        <ele>739</ele>
        <time>2025-05-30T19:57:36+00:00</time>
      </trkpt>
      <trkpt lat="45.86238" lon="6.21931">
        <ele>742</ele>
        <time>2025-05-30T19:57:39+00:00</time>
      </trkpt>
      <trkpt lat="45.86219" lon="6.21934">
        <ele>743</ele>
        <time>2025-05-30T19:57:42+00:00</time>
      </trkpt>
      <trkpt lat="45.8621" lon="6.21939">
        <ele>743</ele>
        <time>2025-05-30T19:57:45+00:00</time>
      </trkpt>
      <trkpt lat="45.862" lon="6.21943">
        <ele>743</ele>
        <time>2025-05-30T19:57:48+00:00</time>
      </trkpt>
      <trkpt lat="45.86182" lon="6.21947">
        <ele>743</ele>
        <time>2025-05-30T19:57:51+00:00</time>
      </trkpt>
      <trkpt lat="45.86171" lon="6.21945">
        <ele>744</ele>
        <time>2025-05-30T19:57:54+00:00</time>
      </trkpt>
      <trkpt lat="45.86161" lon="6.21938">
        <ele>744</ele>
        <time>2025-05-30T19:57:57+00:00</time>
      </trkpt>
      <trkpt lat="45.86151" lon="6.21935">
        <ele>745</ele>
        <time>2025-05-30T19:58:00+00:00</time>
      </trkpt>
      <trkpt lat="45.8614" lon="6.21935">
        <ele>746</ele>
        <time>2025-05-30T19:58:03+00:00</time>
      </trkpt>
      <trkpt lat="45.8613" lon="6.2194">
        <ele>747</ele>
        <time>2025-05-30T19:58:06+00:00</time>
      </trkpt>
      <trkpt lat="45.86122" lon="6.21948">
        <ele>750</ele>
        <time>2025-05-30T19:58:09+00:00</time>
      </trkpt>
      <trkpt lat="45.86117" lon="6.21961">
        <ele>749</ele>
        <time>2025-05-30T19:58:12+00:00</time>
      </trkpt>
      <trkpt lat="45.86116" lon="6.21975">
        <ele>750</ele>
        <time>2025-05-30T19:58:15+00:00</time>
      </trkpt>
      <trkpt lat="45.86117" lon="6.21988">
        <ele>750</ele>
        <time>2025-05-30T19:58:18+00:00</time>
      </trkpt>
      <trkpt lat="45.86115" lon="6.22003">
        <ele>750</ele>
        <time>2025-05-30T19:58:21+00:00</time>
      </trkpt>
      <trkpt lat="45.86111" lon="6.22018">
        <ele>751</ele>
        <time>2025-05-30T19:58:24+00:00</time>
      </trkpt>
      <trkpt lat="45.86105" lon="6.2203">
        <ele>749</ele>
        <time>2025-05-30T19:58:27+00:00</time>
      </trkpt>
      <trkpt lat="45.86102" lon="6.22045">
        <ele>751</ele>
        <time>2025-05-30T19:58:30+00:00</time>
      </trkpt>
      <trkpt lat="45.86097" lon="6.22059">
        <ele>750</ele>
        <time>2025-05-30T19:58:33+00:00</time>
      </trkpt>
      <trkpt lat="45.8609" lon="6.22067">
        <ele>753</ele>
        <time>2025-05-30T19:58:36+00:00</time>
      </trkpt>
      <trkpt lat="45.86088" lon="6.22083">
        <ele>754</ele>
        <time>2025-05-30T19:58:39+00:00</time>
      </trkpt>
      <trkpt lat="45.86087" lon="6.22097">
        <ele>755</ele>
        <time>2025-05-30T19:58:42+00:00</time>
      </trkpt>
      <trkpt lat="45.8609" lon="6.2211">
        <ele>759</ele>
        <time>2025-05-30T19:58:45+00:00</time>
      </trkpt>
      <trkpt lat="45.86089" lon="6.22124">
        <ele>760</ele>
        <time>2025-05-30T19:58:48+00:00</time>
      </trkpt>
      <trkpt lat="45.86087" lon="6.22138">
        <ele>762</ele>
        <time>2025-05-30T19:58:51+00:00</time>
      </trkpt>
      <trkpt lat="45.86078" lon="6.22165">
        <ele>761</ele>
        <time>2025-05-30T19:58:54+00:00</time>
      </trkpt>
      <trkpt lat="45.86072" lon="6.22177">
        <ele>763</ele>
        <time>2025-05-30T19:58:57+00:00</time>
      </trkpt>
      <trkpt lat="45.86065" lon="6.22204">
        <ele>768</ele>
        <time>2025-05-30T19:59:00+00:00</time>
      </trkpt>
      <trkpt lat="45.86064" lon="6.22232">
        <ele>773</ele>
        <time>2025-05-30T19:59:03+00:00</time>
      </trkpt>
      <trkpt lat="45.86063" lon="6.22247">
        <ele>774</ele>
        <time>2025-05-30T19:59:06+00:00</time>
      </trkpt>
      <trkpt lat="45.86064" lon="6.22262">
        <ele>777</ele>
        <time>2025-05-30T19:59:09+00:00</time>
      </trkpt>
      <trkpt lat="45.86059" lon="6.22276">
        <ele>776</ele>
        <time>2025-05-30T19:59:12+00:00</time>
      </trkpt>
      <trkpt lat="45.86056" lon="6.22292">
        <ele>780</ele>
        <time>2025-05-30T19:59:15+00:00</time>
      </trkpt>
      <trkpt lat="45.86055" lon="6.22307">
        <ele>781</ele>
        <time>2025-05-30T19:59:18+00:00</time>
      </trkpt>
      <trkpt lat="45.86054" lon="6.22321">
        <ele>784</ele>
        <time>2025-05-30T19:59:21+00:00</time>
      </trkpt>
      <trkpt lat="45.86047" lon="6.22336">
        <ele>784</ele>
        <time>2025-05-30T19:59:24+00:00</time>
      </trkpt>
      <trkpt lat="45.86044" lon="6.2234">
        <ele>786</ele>
        <time>2025-05-30T19:59:27+00:00</time>
      </trkpt>
      <trkpt lat="45.86035" lon="6.22349">
        <ele>784</ele>
        <time>2025-05-30T19:59:30+00:00</time>
      </trkpt>
      <trkpt lat="45.86025" lon="6.22356">
        <ele>788</ele>
        <time>2025-05-30T19:59:33+00:00</time>
      </trkpt>
      <trkpt lat="45.86014" lon="6.22355">
        <ele>785</ele>
        <time>2025-05-30T19:59:36+00:00</time>
      </trkpt>
      <trkpt lat="45.86005" lon="6.22346">
        <ele>787</ele>
        <time>2025-05-30T19:59:39+00:00</time>
      </trkpt>
      <trkpt lat="45.86" lon="6.22335">
        <ele>785</ele>
        <time>2025-05-30T19:59:42+00:00</time>
      </trkpt>
      <trkpt lat="45.85992" lon="6.22311">
        <ele>785</ele>
        <time>2025-05-30T19:59:45+00:00</time>
      </trkpt>
      <trkpt lat="45.85989" lon="6.22296">
        <ele>788</ele>
        <time>2025-05-30T19:59:48+00:00</time>
      </trkpt>
      <trkpt lat="45.85989" lon="6.2228">
        <ele>789</ele>
        <time>2025-05-30T19:59:51+00:00</time>
      </trkpt>
      <trkpt lat="45.8599" lon="6.22265">
        <ele>784</ele>
        <time>2025-05-30T19:59:54+00:00</time>
      </trkpt>
      <trkpt lat="45.85988" lon="6.22251">
        <ele>789</ele>
        <time>2025-05-30T19:59:57+00:00</time>
      </trkpt>
      <trkpt lat="45.85979" lon="6.22229">
        <ele>787</ele>
        <time>2025-05-30T20:00:00+00:00</time>
      </trkpt>
      <trkpt lat="45.85983" lon="6.22215">
        <ele>785</ele>
        <time>2025-05-30T20:00:03+00:00</time>
      </trkpt>
      <trkpt lat="45.85986" lon="6.222">
        <ele>781</ele>
        <time>2025-05-30T20:00:06+00:00</time>
      </trkpt>
      <trkpt lat="45.85994" lon="6.22172">
        <ele>777</ele>
        <time>2025-05-30T20:00:09+00:00</time>
      </trkpt>
      <trkpt lat="45.85998" lon="6.22161">
        <ele>774</ele>
        <time>2025-05-30T20:00:12+00:00</time>
      </trkpt>
      <trkpt lat="45.86001" lon="6.22132">
        <ele>769</ele>
        <time>2025-05-30T20:00:15+00:00</time>
      </trkpt>
      <trkpt lat="45.86004" lon="6.221">
        <ele>760</ele>
        <time>2025-05-30T20:00:18+00:00</time>
      </trkpt>
      <trkpt lat="45.86001" lon="6.22074">
        <ele>757</ele>
        <time>2025-05-30T20:00:21+00:00</time>
      </trkpt>
      <trkpt lat="45.86004" lon="6.22061">
        <ele>755</ele>
        <time>2025-05-30T20:00:24+00:00</time>
      </trkpt>
      <trkpt lat="45.86004" lon="6.22044">
        <ele>749</ele>
        <time>2025-05-30T20:00:27+00:00</time>
      </trkpt>
      <trkpt lat="45.86005" lon="6.2202">
        <ele>742</ele>
        <time>2025-05-30T20:00:30+00:00</time>
      </trkpt>
      <trkpt lat="45.86003" lon="6.22005">
        <ele>741</ele>
        <time>2025-05-30T20:00:33+00:00</time>
      </trkpt>
      <trkpt lat="45.86004" lon="6.21977">
        <ele>734</ele>
        <time>2025-05-30T20:00:36+00:00</time>
      </trkpt>
      <trkpt lat="45.86004" lon="6.21963">
        <ele>733</ele>
        <time>2025-05-30T20:00:39+00:00</time>
      </trkpt>
      <trkpt lat="45.86001" lon="6.21947">
        <ele>730</ele>
        <time>2025-05-30T20:00:42+00:00</time>
      </trkpt>
      <trkpt lat="45.86" lon="6.21937">
        <ele>729</ele>
        <time>2025-05-30T20:00:45+00:00</time>
      </trkpt>
      <trkpt lat="45.85998" lon="6.21901">
        <ele>728</ele>
        <time>2025-05-30T20:00:48+00:00</time>
      </trkpt>
      <trkpt lat="45.85993" lon="6.21866">
        <ele>724</ele>
        <time>2025-05-30T20:00:51+00:00</time>
      </trkpt>
      <trkpt lat="45.85993" lon="6.21852">
        <ele>723</ele>
        <time>2025-05-30T20:00:54+00:00</time>
      </trkpt>
      <trkpt lat="45.8599" lon="6.2184">
        <ele>721</ele>
        <time>2025-05-30T20:00:57+00:00</time>
      </trkpt>
      <trkpt lat="45.85986" lon="6.21827">
        <ele>723</ele>
        <time>2025-05-30T20:01:00+00:00</time>
      </trkpt>
      <trkpt lat="45.85979" lon="6.21781">
        <ele>721</ele>
        <time>2025-05-30T20:01:03+00:00</time>
      </trkpt>
      <trkpt lat="45.85977" lon="6.21743">
        <ele>718</ele>
        <time>2025-05-30T20:01:06+00:00</time>
      </trkpt>
      <trkpt lat="45.85974" lon="6.21693">
        <ele>712</ele>
        <time>2025-05-30T20:01:09+00:00</time>
      </trkpt>
      <trkpt lat="45.85974" lon="6.21678">
        <ele>708</ele>
        <time>2025-05-30T20:01:12+00:00</time>
      </trkpt>
      <trkpt lat="45.85968" lon="6.21665">
        <ele>708</ele>
        <time>2025-05-30T20:01:15+00:00</time>
      </trkpt>
      <trkpt lat="45.85958" lon="6.21656">
        <ele>709</ele>
        <time>2025-05-30T20:01:18+00:00</time>
      </trkpt>
      <trkpt lat="45.85954" lon="6.21643">
        <ele>707</ele>
        <time>2025-05-30T20:01:21+00:00</time>
      </trkpt>
      <trkpt lat="45.85947" lon="6.21615">
        <ele>705</ele>
        <time>2025-05-30T20:01:24+00:00</time>
      </trkpt>
      <trkpt lat="45.85938" lon="6.2159">
        <ele>700</ele>
        <time>2025-05-30T20:01:27+00:00</time>
      </trkpt>
      <trkpt lat="45.85932" lon="6.21576">
        <ele>700</ele>
        <time>2025-05-30T20:01:30+00:00</time>
      </trkpt>
      <trkpt lat="45.85927" lon="6.21565">
        <ele>698</ele>
        <time>2025-05-30T20:01:33+00:00</time>
      </trkpt>
      <trkpt lat="45.8592" lon="6.21551">
        <ele>697</ele>
        <time>2025-05-30T20:01:36+00:00</time>
      </trkpt>
      <trkpt lat="45.85915" lon="6.21541">
        <ele>696</ele>
        <time>2025-05-30T20:01:39+00:00</time>
      </trkpt>
      <trkpt lat="45.85911" lon="6.21525">
        <ele>694</ele>
        <time>2025-05-30T20:01:42+00:00</time>
      </trkpt>
      <trkpt lat="45.85909" lon="6.21522">
        <ele>694</ele>
        <time>2025-05-30T20:01:45+00:00</time>
      </trkpt>
      <trkpt lat="45.85907" lon="6.21511">
        <ele>693</ele>
        <time>2025-05-30T20:01:48+00:00</time>
      </trkpt>
      <trkpt lat="45.85907" lon="6.21507">
        <ele>691</ele>
        <time>2025-05-30T20:01:51+00:00</time>
      </trkpt>
      <trkpt lat="45.85897" lon="6.21482">
        <ele>689</ele>
        <time>2025-05-30T20:01:54+00:00</time>
      </trkpt>
      <trkpt lat="45.85891" lon="6.21471">
        <ele>688</ele>
        <time>2025-05-30T20:01:57+00:00</time>
      </trkpt>
      <trkpt lat="45.85887" lon="6.21464">
        <ele>687</ele>
        <time>2025-05-30T20:02:00+00:00</time>
      </trkpt>
      <trkpt lat="45.85881" lon="6.21443">
        <ele>685</ele>
        <time>2025-05-30T20:02:03+00:00</time>
      </trkpt>
      <trkpt lat="45.85878" lon="6.21435">
        <ele>683</ele>
        <time>2025-05-30T20:02:06+00:00</time>
      </trkpt>
      <trkpt lat="45.85875" lon="6.21431">
        <ele>683</ele>
        <time>2025-05-30T20:02:09+00:00</time>
      </trkpt>
      <trkpt lat="45.85869" lon="6.21422">
        <ele>682</ele>
        <time>2025-05-30T20:02:12+00:00</time>
      </trkpt>
      <trkpt lat="45.85864" lon="6.21416">
        <ele>681</ele>
        <time>2025-05-30T20:02:15+00:00</time>
      </trkpt>
      <trkpt lat="45.85859" lon="6.21412">
        <ele>681</ele>
        <time>2025-05-30T20:02:18+00:00</time>
      </trkpt>
      <trkpt lat="45.85853" lon="6.2141">
        <ele>680</ele>
        <time>2025-05-30T20:02:21+00:00</time>
      </trkpt>
      <trkpt lat="45.85851" lon="6.21408">
        <ele>680</ele>
        <time>2025-05-30T20:02:24+00:00</time>
      </trkpt>
      <trkpt lat="45.85843" lon="6.21397">
        <ele>679</ele>
        <time>2025-05-30T20:02:27+00:00</time>
      </trkpt>
      <trkpt lat="45.85837" lon="6.21397">
        <ele>679</ele>
        <time>2025-05-30T20:02:30+00:00</time>
      </trkpt>
      <trkpt lat="45.85824" lon="6.21395">
        <ele>678</ele>
        <time>2025-05-30T20:02:33+00:00</time>
      </trkpt>
      <trkpt lat="45.85813" lon="6.21394">
        <ele>678</ele>
        <time>2025-05-30T20:02:36+00:00</time>
      </trkpt>
      <trkpt lat="45.85802" lon="6.21396">
        <ele>677</ele>
        <time>2025-05-30T20:02:39+00:00</time>
      </trkpt>
      <trkpt lat="45.85791" lon="6.21395">
        <ele>676</ele>
        <time>2025-05-30T20:02:42+00:00</time>
      </trkpt>
      <trkpt lat="45.85791" lon="6.21382">
        <ele>676</ele>
        <time>2025-05-30T20:02:45+00:00</time>
      </trkpt>
      <trkpt lat="45.85798" lon="6.21369">
        <ele>673</ele>
        <time>2025-05-30T20:02:48+00:00</time>
      </trkpt>
      <trkpt lat="45.85806" lon="6.21359">
        <ele>673</ele>
        <time>2025-05-30T20:02:51+00:00</time>
      </trkpt>
      <trkpt lat="45.85813" lon="6.21349">
        <ele>672</ele>
        <time>2025-05-30T20:02:54+00:00</time>
      </trkpt>
      <trkpt lat="45.8582" lon="6.21341">
        <ele>672</ele>
        <time>2025-05-30T20:02:57+00:00</time>
      </trkpt>
      <trkpt lat="45.85822" lon="6.21338">
        <ele>671</ele>
        <time>2025-05-30T20:03:00+00:00</time>
      </trkpt>
      <trkpt lat="45.85824" lon="6.21338">
        <ele>671</ele>
        <time>2025-05-30T20:03:03+00:00</time>
      </trkpt>
      <trkpt lat="45.85827" lon="6.21336">
        <ele>671</ele>
        <time>2025-05-30T20:03:06+00:00</time>
      </trkpt>
      <trkpt lat="45.85821" lon="6.21323">
        <ele>670</ele>
        <time>2025-05-30T20:03:09+00:00</time>
      </trkpt>
      <trkpt lat="45.85811" lon="6.21317">
        <ele>667</ele>
        <time>2025-05-30T20:03:12+00:00</time>
      </trkpt>
      <trkpt lat="45.85781" lon="6.21304">
        <ele>663</ele>
        <time>2025-05-30T20:03:15+00:00</time>
      </trkpt>
      <trkpt lat="45.85776" lon="6.21292">
        <ele>661</ele>
        <time>2025-05-30T20:03:18+00:00</time>
      </trkpt>
      <trkpt lat="45.85774" lon="6.21256">
        <ele>656</ele>
        <time>2025-05-30T20:03:21+00:00</time>
      </trkpt>
      <trkpt lat="45.85772" lon="6.21235">
        <ele>656</ele>
        <time>2025-05-30T20:03:24+00:00</time>
      </trkpt>
      <trkpt lat="45.85771" lon="6.21227">
        <ele>655</ele>
        <time>2025-05-30T20:03:27+00:00</time>
      </trkpt>
      <trkpt lat="45.85771" lon="6.21223">
        <ele>655</ele>
        <time>2025-05-30T20:03:30+00:00</time>
      </trkpt>
      <trkpt lat="45.85763" lon="6.21192">
        <ele>650</ele>
        <time>2025-05-30T20:03:33+00:00</time>
      </trkpt>
      <trkpt lat="45.8576" lon="6.21175">
        <ele>647</ele>
        <time>2025-05-30T20:03:36+00:00</time>
      </trkpt>
      <trkpt lat="45.85756" lon="6.21161">
        <ele>646</ele>
        <time>2025-05-30T20:03:39+00:00</time>
      </trkpt>
      <trkpt lat="45.8575" lon="6.21132">
        <ele>643</ele>
        <time>2025-05-30T20:03:42+00:00</time>
      </trkpt>
      <trkpt lat="45.85744" lon="6.21112">
        <ele>642</ele>
        <time>2025-05-30T20:03:45+00:00</time>
      </trkpt>
      <trkpt lat="45.85743" lon="6.21093">
        <ele>641</ele>
        <time>2025-05-30T20:03:48+00:00</time>
      </trkpt>
      <trkpt lat="45.85741" lon="6.21076">
        <ele>640</ele>
        <time>2025-05-30T20:03:51+00:00</time>
      </trkpt>
      <trkpt lat="45.8574" lon="6.21062">
        <ele>638</ele>
        <time>2025-05-30T20:03:54+00:00</time>
      </trkpt>
      <trkpt lat="45.8574" lon="6.21044">
        <ele>639</ele>
        <time>2025-05-30T20:03:57+00:00</time>
      </trkpt>
      <trkpt lat="45.85739" lon="6.2103">
        <ele>638</ele>
        <time>2025-05-30T20:04:00+00:00</time>
      </trkpt>
      <trkpt lat="45.85737" lon="6.21017">
        <ele>636</ele>
        <time>2025-05-30T20:04:03+00:00</time>
      </trkpt>
      <trkpt lat="45.85733" lon="6.21003">
        <ele>636</ele>
        <time>2025-05-30T20:04:06+00:00</time>
      </trkpt>
      <trkpt lat="45.85729" lon="6.20991">
        <ele>635</ele>
        <time>2025-05-30T20:04:09+00:00</time>
      </trkpt>
      <trkpt lat="45.85723" lon="6.20978">
        <ele>632</ele>
        <time>2025-05-30T20:04:12+00:00</time>
      </trkpt>
      <trkpt lat="45.85726" lon="6.20966">
        <ele>630</ele>
        <time>2025-05-30T20:04:15+00:00</time>
      </trkpt>
      <trkpt lat="45.85719" lon="6.20958">
        <ele>618</ele>
        <time>2025-05-30T20:04:18+00:00</time>
      </trkpt>
      <trkpt lat="45.85699" lon="6.20959">
        <ele>613</ele>
        <time>2025-05-30T20:04:21+00:00</time>
      </trkpt>
      <trkpt lat="45.85691" lon="6.20953">
        <ele>613</ele>
        <time>2025-05-30T20:04:24+00:00</time>
      </trkpt>
      <trkpt lat="45.85693" lon="6.20941">
        <ele>609</ele>
        <time>2025-05-30T20:04:27+00:00</time>
      </trkpt>
      <trkpt lat="45.85698" lon="6.20928">
        <ele>604</ele>
        <time>2025-05-30T20:04:30+00:00</time>
      </trkpt>
      <trkpt lat="45.85701" lon="6.20923">
        <ele>606</ele>
        <time>2025-05-30T20:04:33+00:00</time>
      </trkpt>
      <trkpt lat="45.85713" lon="6.20907">
        <ele>602</ele>
        <time>2025-05-30T20:04:36+00:00</time>
      </trkpt>
      <trkpt lat="45.8573" lon="6.20887">
        <ele>601</ele>
        <time>2025-05-30T20:04:39+00:00</time>
      </trkpt>
      <trkpt lat="45.85738" lon="6.20875">
        <ele>597</ele>
        <time>2025-05-30T20:04:42+00:00</time>
      </trkpt>
      <trkpt lat="45.85744" lon="6.20866">
        <ele>598</ele>
        <time>2025-05-30T20:04:45+00:00</time>
      </trkpt>
      <trkpt lat="45.85754" lon="6.20856">
        <ele>598</ele>
        <time>2025-05-30T20:04:48+00:00</time>
      </trkpt>
      <trkpt lat="45.85759" lon="6.20849">
        <ele>594</ele>
        <time>2025-05-30T20:04:51+00:00</time>
      </trkpt>
      <trkpt lat="45.85768" lon="6.20835">
        <ele>590</ele>
        <time>2025-05-30T20:04:54+00:00</time>
      </trkpt>
      <trkpt lat="45.85777" lon="6.20829">
        <ele>589</ele>
        <time>2025-05-30T20:04:57+00:00</time>
      </trkpt>
      <trkpt lat="45.85797" lon="6.20777">
        <ele>577</ele>
        <time>2025-05-30T20:05:00+00:00</time>
      </trkpt>
      <trkpt lat="45.85805" lon="6.20768">
        <ele>576</ele>
        <time>2025-05-30T20:05:03+00:00</time>
      </trkpt>
      <trkpt lat="45.85812" lon="6.20757">
        <ele>575</ele>
        <time>2025-05-30T20:05:06+00:00</time>
      </trkpt>
      <trkpt lat="45.85817" lon="6.20746">
        <ele>572</ele>
        <time>2025-05-30T20:05:09+00:00</time>
      </trkpt>
      <trkpt lat="45.8582" lon="6.20732">
        <ele>572</ele>
        <time>2025-05-30T20:05:12+00:00</time>
      </trkpt>
      <trkpt lat="45.85821" lon="6.20716">
        <ele>568</ele>
        <time>2025-05-30T20:05:15+00:00</time>
      </trkpt>
      <trkpt lat="45.85822" lon="6.20704">
        <ele>566</ele>
        <time>2025-05-30T20:05:18+00:00</time>
      </trkpt>
      <trkpt lat="45.85822" lon="6.2069">
        <ele>563</ele>
        <time>2025-05-30T20:05:21+00:00</time>
      </trkpt>
      <trkpt lat="45.85822" lon="6.20676">
        <ele>561</ele>
        <time>2025-05-30T20:05:24+00:00</time>
      </trkpt>
      <trkpt lat="45.8582" lon="6.20662">
        <ele>559</ele>
        <time>2025-05-30T20:05:27+00:00</time>
      </trkpt>
      <trkpt lat="45.85818" lon="6.20648">
        <ele>552</ele>
        <time>2025-05-30T20:05:30+00:00</time>
      </trkpt>
      <trkpt lat="45.85813" lon="6.20634">
        <ele>550</ele>
        <time>2025-05-30T20:05:33+00:00</time>
      </trkpt>
      <trkpt lat="45.85796" lon="6.20619">
        <ele>544</ele>
        <time>2025-05-30T20:05:36+00:00</time>
      </trkpt>
      <trkpt lat="45.85792" lon="6.20612">
        <ele>544</ele>
        <time>2025-05-30T20:05:39+00:00</time>
      </trkpt>
      <trkpt lat="45.85791" lon="6.20609">
        <ele>543</ele>
        <time>2025-05-30T20:05:42+00:00</time>
      </trkpt>
      <trkpt lat="45.85783" lon="6.20585">
        <ele>540</ele>
        <time>2025-05-30T20:05:45+00:00</time>
      </trkpt>
      <trkpt lat="45.85779" lon="6.2058">
        <ele>538</ele>
        <time>2025-05-30T20:05:48+00:00</time>
      </trkpt>
      <trkpt lat="45.85775" lon="6.20575">
        <ele>538</ele>
        <time>2025-05-30T20:05:51+00:00</time>
      </trkpt>
      <trkpt lat="45.85772" lon="6.20567">
        <ele>538</ele>
        <time>2025-05-30T20:05:54+00:00</time>
      </trkpt>
      <trkpt lat="45.8577" lon="6.2056">
        <ele>537</ele>
        <time>2025-05-30T20:05:57+00:00</time>
      </trkpt>
      <trkpt lat="45.85768" lon="6.20554">
        <ele>537</ele>
        <time>2025-05-30T20:06:00+00:00</time>
      </trkpt>
      <trkpt lat="45.85764" lon="6.20547">
        <ele>536</ele>
        <time>2025-05-30T20:06:03+00:00</time>
      </trkpt>
      <trkpt lat="45.85762" lon="6.20539">
        <ele>535</ele>
        <time>2025-05-30T20:06:06+00:00</time>
      </trkpt>
      <trkpt lat="45.85758" lon="6.2053">
        <ele>535</ele>
        <time>2025-05-30T20:06:09+00:00</time>
      </trkpt>
      <trkpt lat="45.85755" lon="6.20518">
        <ele>535</ele>
        <time>2025-05-30T20:06:12+00:00</time>
      </trkpt>
      <trkpt lat="45.85752" lon="6.20511">
        <ele>535</ele>
        <time>2025-05-30T20:06:15+00:00</time>
      </trkpt>
      <trkpt lat="45.85749" lon="6.20503">
        <ele>535</ele>
        <time>2025-05-30T20:06:18+00:00</time>
      </trkpt>
      <trkpt lat="45.85742" lon="6.20484">
        <ele>534</ele>
        <time>2025-05-30T20:06:21+00:00</time>
      </trkpt>
      <trkpt lat="45.85741" lon="6.20477">
        <ele>533</ele>
        <time>2025-05-30T20:06:24+00:00</time>
      </trkpt>
      <trkpt lat="45.85736" lon="6.20465">
        <ele>533</ele>
        <time>2025-05-30T20:06:27+00:00</time>
      </trkpt>
      <trkpt lat="45.85735" lon="6.20457">
        <ele>533</ele>
        <time>2025-05-30T20:06:30+00:00</time>
      </trkpt>
      <trkpt lat="45.85735" lon="6.20447">
        <ele>532</ele>
        <time>2025-05-30T20:06:33+00:00</time>
      </trkpt>
      <trkpt lat="45.85737" lon="6.20438">
        <ele>532</ele>
        <time>2025-05-30T20:06:36+00:00</time>
      </trkpt>
      <trkpt lat="45.85738" lon="6.20431">
        <ele>532</ele>
        <time>2025-05-30T20:06:39+00:00</time>
      </trkpt>
      <trkpt lat="45.85739" lon="6.20427">
        <ele>532</ele>
        <time>2025-05-30T20:06:42+00:00</time>
      </trkpt>
      <trkpt lat="45.85744" lon="6.20406">
        <ele>530</ele>
        <time>2025-05-30T20:06:45+00:00</time>
      </trkpt>
      <trkpt lat="45.85747" lon="6.20397">
        <ele>530</ele>
        <time>2025-05-30T20:06:48+00:00</time>
      </trkpt>
      <trkpt lat="45.85753" lon="6.20387">
        <ele>530</ele>
        <time>2025-05-30T20:06:51+00:00</time>
      </trkpt>
      <trkpt lat="45.85754" lon="6.20383">
        <ele>530</ele>
        <time>2025-05-30T20:06:54+00:00</time>
      </trkpt>
      <trkpt lat="45.85761" lon="6.2037">
        <ele>529</ele>
        <time>2025-05-30T20:06:57+00:00</time>
      </trkpt>
      <trkpt lat="45.85769" lon="6.20359">
        <ele>529</ele>
        <time>2025-05-30T20:07:00+00:00</time>
      </trkpt>
      <trkpt lat="45.85775" lon="6.20351">
        <ele>529</ele>
        <time>2025-05-30T20:07:03+00:00</time>
      </trkpt>
      <trkpt lat="45.85787" lon="6.20339">
        <ele>527</ele>
        <time>2025-05-30T20:07:06+00:00</time>
      </trkpt>
      <trkpt lat="45.85801" lon="6.20313">
        <ele>526</ele>
        <time>2025-05-30T20:07:09+00:00</time>
      </trkpt>
      <trkpt lat="45.85807" lon="6.20304">
        <ele>525</ele>
        <time>2025-05-30T20:07:12+00:00</time>
      </trkpt>
      <trkpt lat="45.85817" lon="6.20283">
        <ele>524</ele>
        <time>2025-05-30T20:07:15+00:00</time>
      </trkpt>
      <trkpt lat="45.85822" lon="6.20276">
        <ele>522</ele>
        <time>2025-05-30T20:07:18+00:00</time>
      </trkpt>
      <trkpt lat="45.85826" lon="6.20272">
        <ele>522</ele>
        <time>2025-05-30T20:07:21+00:00</time>
      </trkpt>
      <trkpt lat="45.8583" lon="6.20271">
        <ele>522</ele>
        <time>2025-05-30T20:07:24+00:00</time>
      </trkpt>
      <trkpt lat="45.85837" lon="6.20264">
        <ele>521</ele>
        <time>2025-05-30T20:07:27+00:00</time>
      </trkpt>
      <trkpt lat="45.85842" lon="6.20262">
        <ele>519</ele>
        <time>2025-05-30T20:07:30+00:00</time>
      </trkpt>
      <trkpt lat="45.85845" lon="6.20261">
        <ele>519</ele>
        <time>2025-05-30T20:07:33+00:00</time>
      </trkpt>
      <trkpt lat="45.85865" lon="6.20267">
        <ele>518</ele>
        <time>2025-05-30T20:07:36+00:00</time>
      </trkpt>
      <trkpt lat="45.85871" lon="6.20267">
        <ele>517</ele>
        <time>2025-05-30T20:07:39+00:00</time>
      </trkpt>
      <trkpt lat="45.85886" lon="6.20253">
        <ele>516</ele>
        <time>2025-05-30T20:07:42+00:00</time>
      </trkpt>
      <trkpt lat="45.85896" lon="6.20245">
        <ele>515</ele>
        <time>2025-05-30T20:07:45+00:00</time>
      </trkpt>
      <trkpt lat="45.85907" lon="6.20239">
        <ele>513</ele>
        <time>2025-05-30T20:07:48+00:00</time>
      </trkpt>
      <trkpt lat="45.85917" lon="6.20233">
        <ele>513</ele>
        <time>2025-05-30T20:07:51+00:00</time>
      </trkpt>
      <trkpt lat="45.85928" lon="6.20227">
        <ele>512</ele>
        <time>2025-05-30T20:07:54+00:00</time>
      </trkpt>
      <trkpt lat="45.85962" lon="6.20209">
        <ele>507</ele>
        <time>2025-05-30T20:07:57+00:00</time>
      </trkpt>
      <trkpt lat="45.85981" lon="6.20204">
        <ele>506</ele>
        <time>2025-05-30T20:08:00+00:00</time>
      </trkpt>
      <trkpt lat="45.86005" lon="6.20198">
        <ele>505</ele>
        <time>2025-05-30T20:08:03+00:00</time>
      </trkpt>
      <trkpt lat="45.86031" lon="6.2019">
        <ele>503</ele>
        <time>2025-05-30T20:08:06+00:00</time>
      </trkpt>
      <trkpt lat="45.86048" lon="6.20186">
        <ele>502</ele>
        <time>2025-05-30T20:08:09+00:00</time>
      </trkpt>
      <trkpt lat="45.8606" lon="6.20181">
        <ele>502</ele>
        <time>2025-05-30T20:08:12+00:00</time>
      </trkpt>
      <trkpt lat="45.86065" lon="6.20177">
        <ele>501</ele>
        <time>2025-05-30T20:08:15+00:00</time>
      </trkpt>
      <trkpt lat="45.86078" lon="6.20167">
        <ele>501</ele>
        <time>2025-05-30T20:08:18+00:00</time>
      </trkpt>
      <trkpt lat="45.86084" lon="6.20163">
        <ele>500</ele>
        <time>2025-05-30T20:08:21+00:00</time>
      </trkpt>
      <trkpt lat="45.86094" lon="6.20155">
        <ele>500</ele>
        <time>2025-05-30T20:08:24+00:00</time>
      </trkpt>
      <trkpt lat="45.86106" lon="6.2015">
        <ele>500</ele>
        <time>2025-05-30T20:08:27+00:00</time>
      </trkpt>
      <trkpt lat="45.86115" lon="6.20147">
        <ele>500</ele>
        <time>2025-05-30T20:08:30+00:00</time>
      </trkpt>
      <trkpt lat="45.86135" lon="6.20137">
        <ele>500</ele>
        <time>2025-05-30T20:08:33+00:00</time>
      </trkpt>
      <trkpt lat="45.86158" lon="6.20129">
        <ele>500</ele>
        <time>2025-05-30T20:08:36+00:00</time>
      </trkpt>
      <trkpt lat="45.86163" lon="6.20126">
        <ele>500</ele>
        <time>2025-05-30T20:08:39+00:00</time>
      </trkpt>
      <trkpt lat="45.86176" lon="6.20112">
        <ele>500</ele>
        <time>2025-05-30T20:08:42+00:00</time>
      </trkpt>
      <trkpt lat="45.86177" lon="6.20109">
        <ele>499</ele>
        <time>2025-05-30T20:08:45+00:00</time>
      </trkpt>
      <trkpt lat="45.86169" lon="6.20089">
        <ele>498</ele>
        <time>2025-05-30T20:08:48+00:00</time>
      </trkpt>
      <trkpt lat="45.86165" lon="6.2008">
        <ele>498</ele>
        <time>2025-05-30T20:08:51+00:00</time>
      </trkpt>
      <trkpt lat="45.86164" lon="6.20076">
        <ele>498</ele>
        <time>2025-05-30T20:08:54+00:00</time>
      </trkpt>
      <trkpt lat="45.86157" lon="6.20063">
        <ele>497</ele>
        <time>2025-05-30T20:08:57+00:00</time>
      </trkpt>
      <trkpt lat="45.86155" lon="6.20056">
        <ele>497</ele>
        <time>2025-05-30T20:09:00+00:00</time>
      </trkpt>
      <trkpt lat="45.86149" lon="6.20048">
        <ele>496</ele>
        <time>2025-05-30T20:09:03+00:00</time>
      </trkpt>
      <trkpt lat="45.86142" lon="6.20035">
        <ele>496</ele>
        <time>2025-05-30T20:09:06+00:00</time>
      </trkpt>
      <trkpt lat="45.86135" lon="6.20024">
        <ele>495</ele>
        <time>2025-05-30T20:09:09+00:00</time>
      </trkpt>
      <trkpt lat="45.86131" lon="6.20017">
        <ele>495</ele>
        <time>2025-05-30T20:09:12+00:00</time>
      </trkpt>
      <trkpt lat="45.8612" lon="6.20002">
        <ele>494</ele>
        <time>2025-05-30T20:09:15+00:00</time>
      </trkpt>
      <trkpt lat="45.86111" lon="6.19996">
        <ele>494</ele>
        <time>2025-05-30T20:09:18+00:00</time>
      </trkpt>
      <trkpt lat="45.86106" lon="6.19988">
        <ele>493</ele>
        <time>2025-05-30T20:09:21+00:00</time>
      </trkpt>
      <trkpt lat="45.86105" lon="6.19984">
        <ele>493</ele>
        <time>2025-05-30T20:09:24+00:00</time>
      </trkpt>
      <trkpt lat="45.86101" lon="6.19969">
        <ele>493</ele>
        <time>2025-05-30T20:09:27+00:00</time>
      </trkpt>
      <trkpt lat="45.861" lon="6.19961">
        <ele>493</ele>
        <time>2025-05-30T20:09:30+00:00</time>
      </trkpt>
      <trkpt lat="45.86101" lon="6.1995">
        <ele>493</ele>
        <time>2025-05-30T20:09:33+00:00</time>
      </trkpt>
      <trkpt lat="45.86107" lon="6.19949">
        <ele>493</ele>
        <time>2025-05-30T20:09:36+00:00</time>
      </trkpt>
      <trkpt lat="45.86111" lon="6.19952">
        <ele>494</ele>
        <time>2025-05-30T20:09:39+00:00</time>
      </trkpt>
      <trkpt lat="45.86113" lon="6.19959">
        <ele>494</ele>
        <time>2025-05-30T20:09:42+00:00</time>
      </trkpt>
      <trkpt lat="45.86117" lon="6.1998">
        <ele>494</ele>
        <time>2025-05-30T20:09:45+00:00</time>
      </trkpt>
      <trkpt lat="45.8612" lon="6.19985">
        <ele>494</ele>
        <time>2025-05-30T20:09:48+00:00</time>
      </trkpt>
      <trkpt lat="45.86123" lon="6.19994">
        <ele>494</ele>
        <time>2025-05-30T20:09:51+00:00</time>
      </trkpt>
      <trkpt lat="45.86125" lon="6.20003">
        <ele>494</ele>
        <time>2025-05-30T20:09:54+00:00</time>
      </trkpt>
      <trkpt lat="45.86132" lon="6.20015">
        <ele>495</ele>
        <time>2025-05-30T20:09:57+00:00</time>
      </trkpt>
      <trkpt lat="45.86136" lon="6.20021">
        <ele>495</ele>
        <time>2025-05-30T20:10:00+00:00</time>
      </trkpt>
      <trkpt lat="45.8614" lon="6.20027">
        <ele>496</ele>
        <time>2025-05-30T20:10:03+00:00</time>
      </trkpt>
      <trkpt lat="45.86141" lon="6.2003">
        <ele>496</ele>
        <time>2025-05-30T20:10:06+00:00</time>
      </trkpt>
      <trkpt lat="45.86146" lon="6.20038">
        <ele>496</ele>
        <time>2025-05-30T20:10:09+00:00</time>
      </trkpt>
      <trkpt lat="45.86147" lon="6.20041">
        <ele>496</ele>
        <time>2025-05-30T20:10:12+00:00</time>
      </trkpt>
      <trkpt lat="45.8615" lon="6.20048">
        <ele>496</ele>
        <time>2025-05-30T20:10:15+00:00</time>
      </trkpt>
      <trkpt lat="45.86154" lon="6.20052">
        <ele>497</ele>
        <time>2025-05-30T20:10:18+00:00</time>
      </trkpt>
      <trkpt lat="45.86162" lon="6.20068">
        <ele>498</ele>
        <time>2025-05-30T20:10:21+00:00</time>
      </trkpt>
      <trkpt lat="45.86166" lon="6.20076">
        <ele>498</ele>
        <time>2025-05-30T20:10:24+00:00</time>
      </trkpt>
      <trkpt lat="45.86168" lon="6.20081">
        <ele>498</ele>
        <time>2025-05-30T20:10:27+00:00</time>
      </trkpt>
      <trkpt lat="45.86169" lon="6.20085">
        <ele>498</ele>
        <time>2025-05-30T20:10:30+00:00</time>
      </trkpt>
      <trkpt lat="45.86175" lon="6.20101">
        <ele>499</ele>
        <time>2025-05-30T20:10:33+00:00</time>
      </trkpt>
      <trkpt lat="45.86179" lon="6.20112">
        <ele>500</ele>
        <time>2025-05-30T20:10:36+00:00</time>
      </trkpt>
      <trkpt lat="45.86169" lon="6.20125">
        <ele>500</ele>
        <time>2025-05-30T20:10:39+00:00</time>
      </trkpt>
      <trkpt lat="45.86143" lon="6.20138">
        <ele>500</ele>
        <time>2025-05-30T20:10:42+00:00</time>
      </trkpt>
      <trkpt lat="45.86117" lon="6.2015">
        <ele>500</ele>
        <time>2025-05-30T20:10:45+00:00</time>
      </trkpt>
      <trkpt lat="45.86095" lon="6.20162">
        <ele>501</ele>
        <time>2025-05-30T20:10:48+00:00</time>
      </trkpt>
      <trkpt lat="45.86072" lon="6.20174">
        <ele>501</ele>
        <time>2025-05-30T20:10:51+00:00</time>
      </trkpt>
      <trkpt lat="45.86065" lon="6.20179">
        <ele>501</ele>
        <time>2025-05-30T20:10:54+00:00</time>
      </trkpt>
      <trkpt lat="45.86062" lon="6.20186">
        <ele>502</ele>
        <time>2025-05-30T20:10:57+00:00</time>
      </trkpt>
      <trkpt lat="45.86059" lon="6.20189">
        <ele>502</ele>
        <time>2025-05-30T20:11:00+00:00</time>
      </trkpt>
      <trkpt lat="45.86043" lon="6.20195">
        <ele>503</ele>
        <time>2025-05-30T20:11:03+00:00</time>
      </trkpt>
      <trkpt lat="45.86035" lon="6.20197">
        <ele>503</ele>
        <time>2025-05-30T20:11:06+00:00</time>
      </trkpt>
      <trkpt lat="45.86024" lon="6.20202">
        <ele>504</ele>
        <time>2025-05-30T20:11:09+00:00</time>
      </trkpt>
      <trkpt lat="45.86018" lon="6.20204">
        <ele>505</ele>
        <time>2025-05-30T20:11:12+00:00</time>
      </trkpt>
      <trkpt lat="45.86008" lon="6.20205">
        <ele>505</ele>
        <time>2025-05-30T20:11:15+00:00</time>
      </trkpt>
      <trkpt lat="45.85988" lon="6.20212">
        <ele>507</ele>
        <time>2025-05-30T20:11:18+00:00</time>
      </trkpt>
      <trkpt lat="45.85959" lon="6.20219">
        <ele>509</ele>
        <time>2025-05-30T20:11:21+00:00</time>
      </trkpt>
      <trkpt lat="45.85948" lon="6.20225">
        <ele>510</ele>
        <time>2025-05-30T20:11:24+00:00</time>
      </trkpt>
      <trkpt lat="45.8593" lon="6.20237">
        <ele>512</ele>
        <time>2025-05-30T20:11:27+00:00</time>
      </trkpt>
      <trkpt lat="45.85905" lon="6.2025">
        <ele>514</ele>
        <time>2025-05-30T20:11:30+00:00</time>
      </trkpt>
      <trkpt lat="45.85894" lon="6.20256">
        <ele>515</ele>
        <time>2025-05-30T20:11:33+00:00</time>
      </trkpt>
      <trkpt lat="45.85885" lon="6.2026">
        <ele>516</ele>
        <time>2025-05-30T20:11:36+00:00</time>
      </trkpt>
      <trkpt lat="45.85877" lon="6.20268">
        <ele>517</ele>
        <time>2025-05-30T20:11:39+00:00</time>
      </trkpt>
      <trkpt lat="45.85867" lon="6.20269">
        <ele>518</ele>
        <time>2025-05-30T20:11:42+00:00</time>
      </trkpt>
      <trkpt lat="45.85847" lon="6.20264">
        <ele>519</ele>
        <time>2025-05-30T20:11:45+00:00</time>
      </trkpt>
      <trkpt lat="45.85838" lon="6.20266">
        <ele>521</ele>
        <time>2025-05-30T20:11:48+00:00</time>
      </trkpt>
      <trkpt lat="45.85832" lon="6.20276">
        <ele>522</ele>
        <time>2025-05-30T20:11:51+00:00</time>
      </trkpt>
      <trkpt lat="45.85822" lon="6.20291">
        <ele>524</ele>
        <time>2025-05-30T20:11:54+00:00</time>
      </trkpt>
      <trkpt lat="45.85812" lon="6.20307">
        <ele>525</ele>
        <time>2025-05-30T20:11:57+00:00</time>
      </trkpt>
      <trkpt lat="45.85804" lon="6.20319">
        <ele>526</ele>
        <time>2025-05-30T20:12:00+00:00</time>
      </trkpt>
      <trkpt lat="45.85803" lon="6.20321">
        <ele>526</ele>
        <time>2025-05-30T20:12:03+00:00</time>
      </trkpt>
      <trkpt lat="45.85789" lon="6.20342">
        <ele>528</ele>
        <time>2025-05-30T20:12:06+00:00</time>
      </trkpt>
      <trkpt lat="45.85775" lon="6.20351">
        <ele>529</ele>
        <time>2025-05-30T20:12:09+00:00</time>
      </trkpt>
      <trkpt lat="45.85761" lon="6.2037">
        <ele>529</ele>
        <time>2025-05-30T20:12:12+00:00</time>
      </trkpt>
      <trkpt lat="45.85747" lon="6.20397">
        <ele>530</ele>
        <time>2025-05-30T20:12:15+00:00</time>
      </trkpt>
      <trkpt lat="45.85737" lon="6.20438">
        <ele>532</ele>
        <time>2025-05-30T20:12:18+00:00</time>
      </trkpt>
      <trkpt lat="45.85741" lon="6.20477">
        <ele>533</ele>
        <time>2025-05-30T20:12:21+00:00</time>
      </trkpt>
      <trkpt lat="45.85751" lon="6.20508">
        <ele>534</ele>
        <time>2025-05-30T20:12:24+00:00</time>
      </trkpt>
      <trkpt lat="45.85762" lon="6.20539">
        <ele>535</ele>
        <time>2025-05-30T20:12:27+00:00</time>
      </trkpt>
      <trkpt lat="45.85783" lon="6.20585">
        <ele>536</ele>
        <time>2025-05-30T20:12:30+00:00</time>
      </trkpt>
      <trkpt lat="45.85816" lon="6.20567">
        <ele>536</ele>
        <time>2025-05-30T20:12:33+00:00</time>
      </trkpt>
      <trkpt lat="45.85823" lon="6.20552">
        <ele>538</ele>
        <time>2025-05-30T20:12:36+00:00</time>
      </trkpt>
      <trkpt lat="45.85851" lon="6.20523">
        <ele>535</ele>
        <time>2025-05-30T20:12:39+00:00</time>
      </trkpt>
      <trkpt lat="45.85869" lon="6.205">
        <ele>535</ele>
        <time>2025-05-30T20:12:42+00:00</time>
      </trkpt>
      <trkpt lat="45.85902" lon="6.20488">
        <ele>535</ele>
        <time>2025-05-30T20:12:45+00:00</time>
      </trkpt>
      <trkpt lat="45.85911" lon="6.20487">
        <ele>535</ele>
        <time>2025-05-30T20:12:48+00:00</time>
      </trkpt>
      <trkpt lat="45.85921" lon="6.20487">
        <ele>536</ele>
        <time>2025-05-30T20:12:51+00:00</time>
      </trkpt>
      <trkpt lat="45.85931" lon="6.2049">
        <ele>541</ele>
        <time>2025-05-30T20:12:54+00:00</time>
      </trkpt>
      <trkpt lat="45.85939" lon="6.20492">
        <ele>537</ele>
        <time>2025-05-30T20:12:57+00:00</time>
      </trkpt>
      <trkpt lat="45.85948" lon="6.20489">
        <ele>539</ele>
        <time>2025-05-30T20:13:00+00:00</time>
      </trkpt>
      <trkpt lat="45.85958" lon="6.20488">
        <ele>540</ele>
        <time>2025-05-30T20:13:03+00:00</time>
      </trkpt>
      <trkpt lat="45.85978" lon="6.20478">
        <ele>539</ele>
        <time>2025-05-30T20:13:06+00:00</time>
      </trkpt>
      <trkpt lat="45.85987" lon="6.20472">
        <ele>540</ele>
        <time>2025-05-30T20:13:09+00:00</time>
      </trkpt>
      <trkpt lat="45.85995" lon="6.20468">
        <ele>539</ele>
        <time>2025-05-30T20:13:12+00:00</time>
      </trkpt>
      <trkpt lat="45.86006" lon="6.20466">
        <ele>539</ele>
        <time>2025-05-30T20:13:15+00:00</time>
      </trkpt>
      <trkpt lat="45.86015" lon="6.20463">
        <ele>541</ele>
        <time>2025-05-30T20:13:18+00:00</time>
      </trkpt>
      <trkpt lat="45.86026" lon="6.20461">
        <ele>540</ele>
        <time>2025-05-30T20:13:21+00:00</time>
      </trkpt>
      <trkpt lat="45.86035" lon="6.20454">
        <ele>543</ele>
        <time>2025-05-30T20:13:24+00:00</time>
      </trkpt>
      <trkpt lat="45.86044" lon="6.20449">
        <ele>542</ele>
        <time>2025-05-30T20:13:27+00:00</time>
      </trkpt>
      <trkpt lat="45.86053" lon="6.20445">
        <ele>544</ele>
        <time>2025-05-30T20:13:30+00:00</time>
      </trkpt>
      <trkpt lat="45.86062" lon="6.20443">
        <ele>546</ele>
        <time>2025-05-30T20:13:33+00:00</time>
      </trkpt>
      <trkpt lat="45.86071" lon="6.20439">
        <ele>545</ele>
        <time>2025-05-30T20:13:36+00:00</time>
      </trkpt>
      <trkpt lat="45.86081" lon="6.20438">
        <ele>547</ele>
        <time>2025-05-30T20:13:39+00:00</time>
      </trkpt>
      <trkpt lat="45.86091" lon="6.20443">
        <ele>551</ele>
        <time>2025-05-30T20:13:42+00:00</time>
      </trkpt>
      <trkpt lat="45.86099" lon="6.20436">
        <ele>547</ele>
        <time>2025-05-30T20:13:45+00:00</time>
      </trkpt>
      <trkpt lat="45.86119" lon="6.20431">
        <ele>554</ele>
        <time>2025-05-30T20:13:48+00:00</time>
      </trkpt>
      <trkpt lat="45.86129" lon="6.2043">
        <ele>556</ele>
        <time>2025-05-30T20:13:51+00:00</time>
      </trkpt>
      <trkpt lat="45.86139" lon="6.20428">
        <ele>557</ele>
        <time>2025-05-30T20:13:54+00:00</time>
      </trkpt>
      <trkpt lat="45.86158" lon="6.20422">
        <ele>563</ele>
        <time>2025-05-30T20:13:57+00:00</time>
      </trkpt>
      <trkpt lat="45.86178" lon="6.20413">
        <ele>564</ele>
        <time>2025-05-30T20:14:00+00:00</time>
      </trkpt>
      <trkpt lat="45.86189" lon="6.20414">
        <ele>565</ele>
        <time>2025-05-30T20:14:03+00:00</time>
      </trkpt>
      <trkpt lat="45.86199" lon="6.20417">
        <ele>566</ele>
        <time>2025-05-30T20:14:06+00:00</time>
      </trkpt>
      <trkpt lat="45.8623" lon="6.20416">
        <ele>571</ele>
        <time>2025-05-30T20:14:09+00:00</time>
      </trkpt>
      <trkpt lat="45.86241" lon="6.20417">
        <ele>574</ele>
        <time>2025-05-30T20:14:12+00:00</time>
      </trkpt>
      <trkpt lat="45.86251" lon="6.20416">
        <ele>575</ele>
        <time>2025-05-30T20:14:15+00:00</time>
      </trkpt>
      <trkpt lat="45.8626" lon="6.20415">
        <ele>577</ele>
        <time>2025-05-30T20:14:18+00:00</time>
      </trkpt>
      <trkpt lat="45.8627" lon="6.20417">
        <ele>577</ele>
        <time>2025-05-30T20:14:21+00:00</time>
      </trkpt>
      <trkpt lat="45.86279" lon="6.20415">
        <ele>578</ele>
        <time>2025-05-30T20:14:24+00:00</time>
      </trkpt>
      <trkpt lat="45.8629" lon="6.20416">
        <ele>580</ele>
        <time>2025-05-30T20:14:27+00:00</time>
      </trkpt>
      <trkpt lat="45.86299" lon="6.20421">
        <ele>585</ele>
        <time>2025-05-30T20:14:30+00:00</time>
      </trkpt>
      <trkpt lat="45.86307" lon="6.2043">
        <ele>592</ele>
        <time>2025-05-30T20:14:33+00:00</time>
      </trkpt>
      <trkpt lat="45.86327" lon="6.20443">
        <ele>593</ele>
        <time>2025-05-30T20:14:36+00:00</time>
      </trkpt>
      <trkpt lat="45.86347" lon="6.20448">
        <ele>594</ele>
        <time>2025-05-30T20:14:39+00:00</time>
      </trkpt>
      <trkpt lat="45.86354" lon="6.20453">
        <ele>596</ele>
        <time>2025-05-30T20:14:42+00:00</time>
      </trkpt>
      <trkpt lat="45.86363" lon="6.20456">
        <ele>596</ele>
        <time>2025-05-30T20:14:45+00:00</time>
      </trkpt>
      <trkpt lat="45.86365" lon="6.20459">
        <ele>596</ele>
        <time>2025-05-30T20:14:48+00:00</time>
      </trkpt>
      <trkpt lat="45.86378" lon="6.20461">
        <ele>598</ele>
        <time>2025-05-30T20:14:51+00:00</time>
      </trkpt>
      <trkpt lat="45.86389" lon="6.20459">
        <ele>596</ele>
        <time>2025-05-30T20:14:54+00:00</time>
      </trkpt>
      <trkpt lat="45.86401" lon="6.20453">
        <ele>595</ele>
        <time>2025-05-30T20:14:57+00:00</time>
      </trkpt>
      <trkpt lat="45.86402" lon="6.20453">
        <ele>595</ele>
        <time>2025-05-30T20:15:00+00:00</time>
      </trkpt>
      <trkpt lat="45.86409" lon="6.20458">
        <ele>596</ele>
        <time>2025-05-30T20:15:03+00:00</time>
      </trkpt>
      <trkpt lat="45.8642" lon="6.20484">
        <ele>596</ele>
        <time>2025-05-30T20:15:06+00:00</time>
      </trkpt>
      <trkpt lat="45.86425" lon="6.20499">
        <ele>596</ele>
        <time>2025-05-30T20:15:09+00:00</time>
      </trkpt>
      <trkpt lat="45.8643" lon="6.20512">
        <ele>596</ele>
        <time>2025-05-30T20:15:12+00:00</time>
      </trkpt>
      <trkpt lat="45.86438" lon="6.20524">
        <ele>596</ele>
        <time>2025-05-30T20:15:15+00:00</time>
      </trkpt>
      <trkpt lat="45.86456" lon="6.20562">
        <ele>595</ele>
        <time>2025-05-30T20:15:18+00:00</time>
      </trkpt>
      <trkpt lat="45.8646" lon="6.20574">
        <ele>593</ele>
        <time>2025-05-30T20:15:21+00:00</time>
      </trkpt>
      <trkpt lat="45.86467" lon="6.20587">
        <ele>594</ele>
        <time>2025-05-30T20:15:24+00:00</time>
      </trkpt>
      <trkpt lat="45.86494" lon="6.2063">
        <ele>591</ele>
        <time>2025-05-30T20:15:27+00:00</time>
      </trkpt>
      <trkpt lat="45.865" lon="6.20642">
        <ele>593</ele>
        <time>2025-05-30T20:15:30+00:00</time>
      </trkpt>
      <trkpt lat="45.86504" lon="6.20655">
        <ele>591</ele>
        <time>2025-05-30T20:15:33+00:00</time>
      </trkpt>
      <trkpt lat="45.86511" lon="6.20676">
        <ele>587</ele>
        <time>2025-05-30T20:15:36+00:00</time>
      </trkpt>
      <trkpt lat="45.86524" lon="6.20707">
        <ele>587</ele>
        <time>2025-05-30T20:15:39+00:00</time>
      </trkpt>
      <trkpt lat="45.86531" lon="6.20711">
        <ele>585</ele>
        <time>2025-05-30T20:15:42+00:00</time>
      </trkpt>
      <trkpt lat="45.86547" lon="6.20729">
        <ele>585</ele>
        <time>2025-05-30T20:15:45+00:00</time>
      </trkpt>
      <trkpt lat="45.86562" lon="6.2075">
        <ele>582</ele>
        <time>2025-05-30T20:15:48+00:00</time>
      </trkpt>
      <trkpt lat="45.86568" lon="6.20752">
        <ele>581</ele>
        <time>2025-05-30T20:15:51+00:00</time>
      </trkpt>
      <trkpt lat="45.86574" lon="6.20755">
        <ele>577</ele>
        <time>2025-05-30T20:15:54+00:00</time>
      </trkpt>
      <trkpt lat="45.86583" lon="6.20753">
        <ele>575</ele>
        <time>2025-05-30T20:15:57+00:00</time>
      </trkpt>
      <trkpt lat="45.86591" lon="6.20756">
        <ele>573</ele>
        <time>2025-05-30T20:16:00+00:00</time>
      </trkpt>
      <trkpt lat="45.86594" lon="6.20769">
        <ele>573</ele>
        <time>2025-05-30T20:16:03+00:00</time>
      </trkpt>
      <trkpt lat="45.866" lon="6.20783">
        <ele>572</ele>
        <time>2025-05-30T20:16:06+00:00</time>
      </trkpt>
      <trkpt lat="45.8661" lon="6.20808">
        <ele>568</ele>
        <time>2025-05-30T20:16:09+00:00</time>
      </trkpt>
      <trkpt lat="45.86619" lon="6.20816">
        <ele>567</ele>
        <time>2025-05-30T20:16:12+00:00</time>
      </trkpt>
      <trkpt lat="45.86626" lon="6.20824">
        <ele>568</ele>
        <time>2025-05-30T20:16:15+00:00</time>
      </trkpt>
      <trkpt lat="45.86635" lon="6.20832">
        <ele>568</ele>
        <time>2025-05-30T20:16:18+00:00</time>
      </trkpt>
      <trkpt lat="45.8664" lon="6.20838">
        <ele>568</ele>
        <time>2025-05-30T20:16:21+00:00</time>
      </trkpt>
      <trkpt lat="45.86642" lon="6.20841">
        <ele>569</ele>
        <time>2025-05-30T20:16:24+00:00</time>
      </trkpt>
      <trkpt lat="45.86645" lon="6.20853">
        <ele>570</ele>
        <time>2025-05-30T20:16:27+00:00</time>
      </trkpt>
      <trkpt lat="45.86661" lon="6.20868">
        <ele>571</ele>
        <time>2025-05-30T20:16:30+00:00</time>
      </trkpt>
      <trkpt lat="45.86675" lon="6.20888">
        <ele>573</ele>
        <time>2025-05-30T20:16:33+00:00</time>
      </trkpt>
      <trkpt lat="45.86685" lon="6.20918">
        <ele>575</ele>
        <time>2025-05-30T20:16:36+00:00</time>
      </trkpt>
      <trkpt lat="45.86692" lon="6.20931">
        <ele>576</ele>
        <time>2025-05-30T20:16:39+00:00</time>
      </trkpt>
      <trkpt lat="45.86697" lon="6.20944">
        <ele>577</ele>
        <time>2025-05-30T20:16:42+00:00</time>
      </trkpt>
      <trkpt lat="45.867" lon="6.20957">
        <ele>577</ele>
        <time>2025-05-30T20:16:45+00:00</time>
      </trkpt>
      <trkpt lat="45.86702" lon="6.20969">
        <ele>579</ele>
        <time>2025-05-30T20:16:48+00:00</time>
      </trkpt>
      <trkpt lat="45.86706" lon="6.20982">
        <ele>578</ele>
        <time>2025-05-30T20:16:51+00:00</time>
      </trkpt>
      <trkpt lat="45.86713" lon="6.20994">
        <ele>581</ele>
        <time>2025-05-30T20:16:54+00:00</time>
      </trkpt>
      <trkpt lat="45.86722" lon="6.21001">
        <ele>578</ele>
        <time>2025-05-30T20:16:57+00:00</time>
      </trkpt>
      <trkpt lat="45.86731" lon="6.21007">
        <ele>579</ele>
        <time>2025-05-30T20:17:00+00:00</time>
      </trkpt>
      <trkpt lat="45.86739" lon="6.21008">
        <ele>579</ele>
        <time>2025-05-30T20:17:03+00:00</time>
      </trkpt>
      <trkpt lat="45.86742" lon="6.21009">
        <ele>578</ele>
        <time>2025-05-30T20:17:06+00:00</time>
      </trkpt>
      <trkpt lat="45.86762" lon="6.21004">
        <ele>582</ele>
        <time>2025-05-30T20:17:09+00:00</time>
      </trkpt>
      <trkpt lat="45.8678" lon="6.21007">
        <ele>584</ele>
        <time>2025-05-30T20:17:12+00:00</time>
      </trkpt>
      <trkpt lat="45.86802" lon="6.21003">
        <ele>591</ele>
        <time>2025-05-30T20:17:15+00:00</time>
      </trkpt>
      <trkpt lat="45.86831" lon="6.21007">
        <ele>593</ele>
        <time>2025-05-30T20:17:18+00:00</time>
      </trkpt>
      <trkpt lat="45.86842" lon="6.21005">
        <ele>594</ele>
        <time>2025-05-30T20:17:21+00:00</time>
      </trkpt>
      <trkpt lat="45.86852" lon="6.21009">
        <ele>594</ele>
        <time>2025-05-30T20:17:24+00:00</time>
      </trkpt>
      <trkpt lat="45.86863" lon="6.2101">
        <ele>595</ele>
        <time>2025-05-30T20:17:27+00:00</time>
      </trkpt>
      <trkpt lat="45.86873" lon="6.21012">
        <ele>597</ele>
        <time>2025-05-30T20:17:30+00:00</time>
      </trkpt>
      <trkpt lat="45.86883" lon="6.21018">
        <ele>597</ele>
        <time>2025-05-30T20:17:33+00:00</time>
      </trkpt>
      <trkpt lat="45.86893" lon="6.21021">
        <ele>598</ele>
        <time>2025-05-30T20:17:36+00:00</time>
      </trkpt>
      <trkpt lat="45.86903" lon="6.21023">
        <ele>599</ele>
        <time>2025-05-30T20:17:39+00:00</time>
      </trkpt>
      <trkpt lat="45.86914" lon="6.21028">
        <ele>599</ele>
        <time>2025-05-30T20:17:42+00:00</time>
      </trkpt>
      <trkpt lat="45.86932" lon="6.21039">
        <ele>600</ele>
        <time>2025-05-30T20:17:45+00:00</time>
      </trkpt>
      <trkpt lat="45.8694" lon="6.21046">
        <ele>602</ele>
        <time>2025-05-30T20:17:48+00:00</time>
      </trkpt>
      <trkpt lat="45.86961" lon="6.21059">
        <ele>604</ele>
        <time>2025-05-30T20:17:51+00:00</time>
      </trkpt>
      <trkpt lat="45.86971" lon="6.21063">
        <ele>605</ele>
        <time>2025-05-30T20:17:54+00:00</time>
      </trkpt>
      <trkpt lat="45.86981" lon="6.21067">
        <ele>606</ele>
        <time>2025-05-30T20:17:57+00:00</time>
      </trkpt>
      <trkpt lat="45.86997" lon="6.21076">
        <ele>607</ele>
        <time>2025-05-30T20:18:00+00:00</time>
      </trkpt>
      <trkpt lat="45.87002" lon="6.2108">
        <ele>609</ele>
        <time>2025-05-30T20:18:03+00:00</time>
      </trkpt>
      <trkpt lat="45.87014" lon="6.21093">
        <ele>610</ele>
        <time>2025-05-30T20:18:06+00:00</time>
      </trkpt>
      <trkpt lat="45.87033" lon="6.21106">
        <ele>612</ele>
        <time>2025-05-30T20:18:09+00:00</time>
      </trkpt>
      <trkpt lat="45.87042" lon="6.21109">
        <ele>612</ele>
        <time>2025-05-30T20:18:12+00:00</time>
      </trkpt>
      <trkpt lat="45.87051" lon="6.21116">
        <ele>614</ele>
        <time>2025-05-30T20:18:15+00:00</time>
      </trkpt>
      <trkpt lat="45.8706" lon="6.21124">
        <ele>614</ele>
        <time>2025-05-30T20:18:18+00:00</time>
      </trkpt>
      <trkpt lat="45.87068" lon="6.2113">
        <ele>614</ele>
        <time>2025-05-30T20:18:21+00:00</time>
      </trkpt>
      <trkpt lat="45.87079" lon="6.21134">
        <ele>615</ele>
        <time>2025-05-30T20:18:24+00:00</time>
      </trkpt>
      <trkpt lat="45.87096" lon="6.21146">
        <ele>616</ele>
        <time>2025-05-30T20:18:27+00:00</time>
      </trkpt>
      <trkpt lat="45.87125" lon="6.21163">
        <ele>619</ele>
        <time>2025-05-30T20:18:30+00:00</time>
      </trkpt>
      <trkpt lat="45.87144" lon="6.21172">
        <ele>620</ele>
        <time>2025-05-30T20:18:33+00:00</time>
      </trkpt>
      <trkpt lat="45.87177" lon="6.21194">
        <ele>623</ele>
        <time>2025-05-30T20:18:36+00:00</time>
      </trkpt>
      <trkpt lat="45.87186" lon="6.21201">
        <ele>623</ele>
        <time>2025-05-30T20:18:39+00:00</time>
      </trkpt>
      <trkpt lat="45.87194" lon="6.21207">
        <ele>624</ele>
        <time>2025-05-30T20:18:42+00:00</time>
      </trkpt>
      <trkpt lat="45.87227" lon="6.21224">
        <ele>627</ele>
        <time>2025-05-30T20:18:45+00:00</time>
      </trkpt>
      <trkpt lat="45.87253" lon="6.21223">
        <ele>628</ele>
        <time>2025-05-30T20:18:48+00:00</time>
      </trkpt>
      <trkpt lat="45.87286" lon="6.21223">
        <ele>629</ele>
        <time>2025-05-30T20:18:51+00:00</time>
      </trkpt>
      <trkpt lat="45.87319" lon="6.21221">
        <ele>629</ele>
        <time>2025-05-30T20:18:54+00:00</time>
      </trkpt>
      <trkpt lat="45.87331" lon="6.21197">
        <ele>630</ele>
        <time>2025-05-30T20:18:57+00:00</time>
      </trkpt>
      <trkpt lat="45.87326" lon="6.21173">
        <ele>630</ele>
        <time>2025-05-30T20:19:00+00:00</time>
      </trkpt>
      <trkpt lat="45.87313" lon="6.21161">
        <ele>630</ele>
        <time>2025-05-30T20:19:03+00:00</time>
      </trkpt>
      <trkpt lat="45.873" lon="6.21149">
        <ele>631</ele>
        <time>2025-05-30T20:19:06+00:00</time>
      </trkpt>
      <trkpt lat="45.87282" lon="6.21124">
        <ele>631</ele>
        <time>2025-05-30T20:19:09+00:00</time>
      </trkpt>
      <trkpt lat="45.87271" lon="6.211">
        <ele>631</ele>
        <time>2025-05-30T20:19:12+00:00</time>
      </trkpt>
      <trkpt lat="45.87271" lon="6.21084">
        <ele>631</ele>
        <time>2025-05-30T20:19:15+00:00</time>
      </trkpt>
      <trkpt lat="45.87281" lon="6.21077">
        <ele>632</ele>
        <time>2025-05-30T20:19:18+00:00</time>
      </trkpt>
      <trkpt lat="45.87291" lon="6.21069">
        <ele>634</ele>
        <time>2025-05-30T20:19:21+00:00</time>
      </trkpt>
      <trkpt lat="45.87306" lon="6.21047">
        <ele>636</ele>
        <time>2025-05-30T20:19:24+00:00</time>
      </trkpt>
      <trkpt lat="45.87314" lon="6.21038">
        <ele>636</ele>
        <time>2025-05-30T20:19:27+00:00</time>
      </trkpt>
      <trkpt lat="45.87321" lon="6.21029">
        <ele>637</ele>
        <time>2025-05-30T20:19:30+00:00</time>
      </trkpt>
      <trkpt lat="45.87331" lon="6.21011">
        <ele>638</ele>
        <time>2025-05-30T20:19:33+00:00</time>
      </trkpt>
      <trkpt lat="45.87334" lon="6.20998">
        <ele>640</ele>
        <time>2025-05-30T20:19:36+00:00</time>
      </trkpt>
      <trkpt lat="45.87331" lon="6.20985">
        <ele>641</ele>
        <time>2025-05-30T20:19:39+00:00</time>
      </trkpt>
      <trkpt lat="45.87322" lon="6.20968">
        <ele>642</ele>
        <time>2025-05-30T20:19:42+00:00</time>
      </trkpt>
      <trkpt lat="45.87315" lon="6.20958">
        <ele>643</ele>
        <time>2025-05-30T20:19:45+00:00</time>
      </trkpt>
      <trkpt lat="45.87303" lon="6.20936">
        <ele>644</ele>
        <time>2025-05-30T20:19:48+00:00</time>
      </trkpt>
      <trkpt lat="45.87302" lon="6.20933">
        <ele>644</ele>
        <time>2025-05-30T20:19:51+00:00</time>
      </trkpt>
      <trkpt lat="45.87298" lon="6.20927">
        <ele>644</ele>
        <time>2025-05-30T20:19:54+00:00</time>
      </trkpt>
      <trkpt lat="45.87292" lon="6.20921">
        <ele>644</ele>
        <time>2025-05-30T20:19:57+00:00</time>
      </trkpt>
      <trkpt lat="45.87286" lon="6.2091">
        <ele>644</ele>
        <time>2025-05-30T20:20:00+00:00</time>
      </trkpt>
      <trkpt lat="45.87266" lon="6.20881">
        <ele>646</ele>
        <time>2025-05-30T20:20:03+00:00</time>
      </trkpt>
      <trkpt lat="45.87243" lon="6.20841">
        <ele>649</ele>
        <time>2025-05-30T20:20:06+00:00</time>
      </trkpt>
      <trkpt lat="45.87236" lon="6.20824">
        <ele>651</ele>
        <time>2025-05-30T20:20:09+00:00</time>
      </trkpt>
      <trkpt lat="45.87232" lon="6.20819">
        <ele>652</ele>
        <time>2025-05-30T20:20:12+00:00</time>
      </trkpt>
      <trkpt lat="45.87227" lon="6.20807">
        <ele>652</ele>
        <time>2025-05-30T20:20:15+00:00</time>
      </trkpt>
      <trkpt lat="45.87227" lon="6.20805">
        <ele>652</ele>
        <time>2025-05-30T20:20:18+00:00</time>
      </trkpt>
      <trkpt lat="45.87221" lon="6.20791">
        <ele>653</ele>
        <time>2025-05-30T20:20:21+00:00</time>
      </trkpt>
      <trkpt lat="45.87213" lon="6.20776">
        <ele>656</ele>
        <time>2025-05-30T20:20:24+00:00</time>
      </trkpt>
      <trkpt lat="45.87206" lon="6.20768">
        <ele>657</ele>
        <time>2025-05-30T20:20:27+00:00</time>
      </trkpt>
      <trkpt lat="45.87202" lon="6.20754">
        <ele>658</ele>
        <time>2025-05-30T20:20:30+00:00</time>
      </trkpt>
      <trkpt lat="45.87186" lon="6.20719">
        <ele>662</ele>
        <time>2025-05-30T20:20:33+00:00</time>
      </trkpt>
      <trkpt lat="45.87187" lon="6.20708">
        <ele>662</ele>
        <time>2025-05-30T20:20:36+00:00</time>
      </trkpt>
      <trkpt lat="45.87188" lon="6.20704">
        <ele>662</ele>
        <time>2025-05-30T20:20:39+00:00</time>
      </trkpt>
      <trkpt lat="45.87195" lon="6.20698">
        <ele>664</ele>
        <time>2025-05-30T20:20:42+00:00</time>
      </trkpt>
      <trkpt lat="45.872" lon="6.207">
        <ele>663</ele>
        <time>2025-05-30T20:20:45+00:00</time>
      </trkpt>
      <trkpt lat="45.87204" lon="6.20705">
        <ele>664</ele>
        <time>2025-05-30T20:20:48+00:00</time>
      </trkpt>
      <trkpt lat="45.87207" lon="6.20706">
        <ele>664</ele>
        <time>2025-05-30T20:20:51+00:00</time>
      </trkpt>
      <trkpt lat="45.87211" lon="6.2071">
        <ele>665</ele>
        <time>2025-05-30T20:20:54+00:00</time>
      </trkpt>
      <trkpt lat="45.87212" lon="6.20711">
        <ele>665</ele>
        <time>2025-05-30T20:20:57+00:00</time>
      </trkpt>
      <trkpt lat="45.87222" lon="6.20713">
        <ele>667</ele>
        <time>2025-05-30T20:21:00+00:00</time>
      </trkpt>
      <trkpt lat="45.87232" lon="6.20713">
        <ele>669</ele>
        <time>2025-05-30T20:21:03+00:00</time>
      </trkpt>
      <trkpt lat="45.87241" lon="6.20709">
        <ele>672</ele>
        <time>2025-05-30T20:21:06+00:00</time>
      </trkpt>
      <trkpt lat="45.87251" lon="6.20709">
        <ele>672</ele>
        <time>2025-05-30T20:21:09+00:00</time>
      </trkpt>
      <trkpt lat="45.87259" lon="6.20706">
        <ele>672</ele>
        <time>2025-05-30T20:21:12+00:00</time>
      </trkpt>
      <trkpt lat="45.87272" lon="6.20707">
        <ele>675</ele>
        <time>2025-05-30T20:21:15+00:00</time>
      </trkpt>
      <trkpt lat="45.8728" lon="6.20706">
        <ele>676</ele>
        <time>2025-05-30T20:21:18+00:00</time>
      </trkpt>
      <trkpt lat="45.87288" lon="6.20705">
        <ele>676</ele>
        <time>2025-05-30T20:21:21+00:00</time>
      </trkpt>
      <trkpt lat="45.87291" lon="6.20704">
        <ele>678</ele>
        <time>2025-05-30T20:21:24+00:00</time>
      </trkpt>
      <trkpt lat="45.873" lon="6.20702">
        <ele>679</ele>
        <time>2025-05-30T20:21:27+00:00</time>
      </trkpt>
      <trkpt lat="45.87305" lon="6.20702">
        <ele>679</ele>
        <time>2025-05-30T20:21:30+00:00</time>
      </trkpt>
      <trkpt lat="45.87314" lon="6.20699">
        <ele>681</ele>
        <time>2025-05-30T20:21:33+00:00</time>
      </trkpt>
      <trkpt lat="45.87323" lon="6.20701">
        <ele>681</ele>
        <time>2025-05-30T20:21:36+00:00</time>
      </trkpt>
      <trkpt lat="45.87333" lon="6.207">
        <ele>684</ele>
        <time>2025-05-30T20:21:39+00:00</time>
      </trkpt>
      <trkpt lat="45.87343" lon="6.20694">
        <ele>685</ele>
        <time>2025-05-30T20:21:42+00:00</time>
      </trkpt>
      <trkpt lat="45.87344" lon="6.2068">
        <ele>686</ele>
        <time>2025-05-30T20:21:45+00:00</time>
      </trkpt>
      <trkpt lat="45.87338" lon="6.20668">
        <ele>688</ele>
        <time>2025-05-30T20:21:48+00:00</time>
      </trkpt>
      <trkpt lat="45.87331" lon="6.20661">
        <ele>688</ele>
        <time>2025-05-30T20:21:51+00:00</time>
      </trkpt>
      <trkpt lat="45.87322" lon="6.20656">
        <ele>689</ele>
        <time>2025-05-30T20:21:54+00:00</time>
      </trkpt>
      <trkpt lat="45.87312" lon="6.20652">
        <ele>688</ele>
        <time>2025-05-30T20:21:57+00:00</time>
      </trkpt>
      <trkpt lat="45.87303" lon="6.20646">
        <ele>689</ele>
        <time>2025-05-30T20:22:00+00:00</time>
      </trkpt>
      <trkpt lat="45.87296" lon="6.20636">
        <ele>689</ele>
        <time>2025-05-30T20:22:03+00:00</time>
      </trkpt>
      <trkpt lat="45.87287" lon="6.20633">
        <ele>687</ele>
        <time>2025-05-30T20:22:06+00:00</time>
      </trkpt>
      <trkpt lat="45.87272" lon="6.20616">
        <ele>690</ele>
        <time>2025-05-30T20:22:09+00:00</time>
      </trkpt>
      <trkpt lat="45.87256" lon="6.20599">
        <ele>693</ele>
        <time>2025-05-30T20:22:12+00:00</time>
      </trkpt>
      <trkpt lat="45.87247" lon="6.2059">
        <ele>690</ele>
        <time>2025-05-30T20:22:15+00:00</time>
      </trkpt>
      <trkpt lat="45.87231" lon="6.20571">
        <ele>693</ele>
        <time>2025-05-30T20:22:18+00:00</time>
      </trkpt>
      <trkpt lat="45.8722" lon="6.20566">
        <ele>690</ele>
        <time>2025-05-30T20:22:21+00:00</time>
      </trkpt>
      <trkpt lat="45.87211" lon="6.2056">
        <ele>691</ele>
        <time>2025-05-30T20:22:24+00:00</time>
      </trkpt>
      <trkpt lat="45.87202" lon="6.20551">
        <ele>689</ele>
        <time>2025-05-30T20:22:27+00:00</time>
      </trkpt>
      <trkpt lat="45.87192" lon="6.20543">
        <ele>691</ele>
        <time>2025-05-30T20:22:30+00:00</time>
      </trkpt>
      <trkpt lat="45.87184" lon="6.20534">
        <ele>692</ele>
        <time>2025-05-30T20:22:33+00:00</time>
      </trkpt>
      <trkpt lat="45.87174" lon="6.20528">
        <ele>690</ele>
        <time>2025-05-30T20:22:36+00:00</time>
      </trkpt>
      <trkpt lat="45.87165" lon="6.20521">
        <ele>688</ele>
        <time>2025-05-30T20:22:39+00:00</time>
      </trkpt>
      <trkpt lat="45.8715" lon="6.20505">
        <ele>690</ele>
        <time>2025-05-30T20:22:42+00:00</time>
      </trkpt>
      <trkpt lat="45.8714" lon="6.20497">
        <ele>692</ele>
        <time>2025-05-30T20:22:45+00:00</time>
      </trkpt>
      <trkpt lat="45.87134" lon="6.20487">
        <ele>692</ele>
        <time>2025-05-30T20:22:48+00:00</time>
      </trkpt>
      <trkpt lat="45.87128" lon="6.20475">
        <ele>694</ele>
        <time>2025-05-30T20:22:51+00:00</time>
      </trkpt>
      <trkpt lat="45.87122" lon="6.20464">
        <ele>696</ele>
        <time>2025-05-30T20:22:54+00:00</time>
      </trkpt>
      <trkpt lat="45.87116" lon="6.20452">
        <ele>696</ele>
        <time>2025-05-30T20:22:57+00:00</time>
      </trkpt>
      <trkpt lat="45.87123" lon="6.20445">
        <ele>699</ele>
        <time>2025-05-30T20:23:00+00:00</time>
      </trkpt>
      <trkpt lat="45.87142" lon="6.20439">
        <ele>706</ele>
        <time>2025-05-30T20:23:03+00:00</time>
      </trkpt>
      <trkpt lat="45.87151" lon="6.20437">
        <ele>709</ele>
        <time>2025-05-30T20:23:06+00:00</time>
      </trkpt>
      <trkpt lat="45.87169" lon="6.20448">
        <ele>709</ele>
        <time>2025-05-30T20:23:09+00:00</time>
      </trkpt>
      <trkpt lat="45.87179" lon="6.20447">
        <ele>714</ele>
        <time>2025-05-30T20:23:12+00:00</time>
      </trkpt>
      <trkpt lat="45.87211" lon="6.20436">
        <ele>731</ele>
        <time>2025-05-30T20:23:15+00:00</time>
      </trkpt>
      <trkpt lat="45.8722" lon="6.20432">
        <ele>732</ele>
        <time>2025-05-30T20:23:18+00:00</time>
      </trkpt>
      <trkpt lat="45.8723" lon="6.20433">
        <ele>732</ele>
        <time>2025-05-30T20:23:21+00:00</time>
      </trkpt>
      <trkpt lat="45.8724" lon="6.20436">
        <ele>737</ele>
        <time>2025-05-30T20:23:24+00:00</time>
      </trkpt>
      <trkpt lat="45.87261" lon="6.20437">
        <ele>740</ele>
        <time>2025-05-30T20:23:27+00:00</time>
      </trkpt>
      <trkpt lat="45.87274" lon="6.20433">
        <ele>743</ele>
        <time>2025-05-30T20:23:30+00:00</time>
      </trkpt>
      <trkpt lat="45.87283" lon="6.20432">
        <ele>746</ele>
        <time>2025-05-30T20:23:33+00:00</time>
      </trkpt>
      <trkpt lat="45.87287" lon="6.20431">
        <ele>746</ele>
        <time>2025-05-30T20:23:36+00:00</time>
      </trkpt>
      <trkpt lat="45.87302" lon="6.20426">
        <ele>758</ele>
        <time>2025-05-30T20:23:39+00:00</time>
      </trkpt>
      <trkpt lat="45.87313" lon="6.20425">
        <ele>759</ele>
        <time>2025-05-30T20:23:42+00:00</time>
      </trkpt>
      <trkpt lat="45.87323" lon="6.20425">
        <ele>758</ele>
        <time>2025-05-30T20:23:45+00:00</time>
      </trkpt>
      <trkpt lat="45.87333" lon="6.20427">
        <ele>763</ele>
        <time>2025-05-30T20:23:48+00:00</time>
      </trkpt>
      <trkpt lat="45.87342" lon="6.2043">
        <ele>759</ele>
        <time>2025-05-30T20:23:51+00:00</time>
      </trkpt>
      <trkpt lat="45.87353" lon="6.20432">
        <ele>764</ele>
        <time>2025-05-30T20:23:54+00:00</time>
      </trkpt>
      <trkpt lat="45.87363" lon="6.20433">
        <ele>767</ele>
        <time>2025-05-30T20:23:57+00:00</time>
      </trkpt>
      <trkpt lat="45.87372" lon="6.20438">
        <ele>768</ele>
        <time>2025-05-30T20:24:00+00:00</time>
      </trkpt>
      <trkpt lat="45.87382" lon="6.20437">
        <ele>770</ele>
        <time>2025-05-30T20:24:03+00:00</time>
      </trkpt>
      <trkpt lat="45.87392" lon="6.20436">
        <ele>771</ele>
        <time>2025-05-30T20:24:06+00:00</time>
      </trkpt>
      <trkpt lat="45.87401" lon="6.20438">
        <ele>773</ele>
        <time>2025-05-30T20:24:09+00:00</time>
      </trkpt>
      <trkpt lat="45.87412" lon="6.20438">
        <ele>776</ele>
        <time>2025-05-30T20:24:12+00:00</time>
      </trkpt>
      <trkpt lat="45.87421" lon="6.20439">
        <ele>778</ele>
        <time>2025-05-30T20:24:15+00:00</time>
      </trkpt>
      <trkpt lat="45.87431" lon="6.20442">
        <ele>774</ele>
        <time>2025-05-30T20:24:18+00:00</time>
      </trkpt>
      <trkpt lat="45.8745" lon="6.20439">
        <ele>778</ele>
        <time>2025-05-30T20:24:21+00:00</time>
      </trkpt>
      <trkpt lat="45.87459" lon="6.20433">
        <ele>780</ele>
        <time>2025-05-30T20:24:24+00:00</time>
      </trkpt>
      <trkpt lat="45.87467" lon="6.20429">
        <ele>785</ele>
        <time>2025-05-30T20:24:27+00:00</time>
      </trkpt>
      <trkpt lat="45.87477" lon="6.2043">
        <ele>779</ele>
        <time>2025-05-30T20:24:30+00:00</time>
      </trkpt>
      <trkpt lat="45.87487" lon="6.20433">
        <ele>780</ele>
        <time>2025-05-30T20:24:33+00:00</time>
      </trkpt>
      <trkpt lat="45.87496" lon="6.20431">
        <ele>780</ele>
        <time>2025-05-30T20:24:36+00:00</time>
      </trkpt>
      <trkpt lat="45.87505" lon="6.20435">
        <ele>785</ele>
        <time>2025-05-30T20:24:39+00:00</time>
      </trkpt>
      <trkpt lat="45.87515" lon="6.20435">
        <ele>787</ele>
        <time>2025-05-30T20:24:42+00:00</time>
      </trkpt>
      <trkpt lat="45.87524" lon="6.20437">
        <ele>788</ele>
        <time>2025-05-30T20:24:45+00:00</time>
      </trkpt>
      <trkpt lat="45.87533" lon="6.20434">
        <ele>789</ele>
        <time>2025-05-30T20:24:48+00:00</time>
      </trkpt>
      <trkpt lat="45.87542" lon="6.20428">
        <ele>795</ele>
        <time>2025-05-30T20:24:51+00:00</time>
      </trkpt>
      <trkpt lat="45.87554" lon="6.20425">
        <ele>797</ele>
        <time>2025-05-30T20:24:54+00:00</time>
      </trkpt>
      <trkpt lat="45.87565" lon="6.20421">
        <ele>799</ele>
        <time>2025-05-30T20:24:57+00:00</time>
      </trkpt>
      <trkpt lat="45.87574" lon="6.20416">
        <ele>807</ele>
        <time>2025-05-30T20:25:00+00:00</time>
      </trkpt>
      <trkpt lat="45.87582" lon="6.2041">
        <ele>819</ele>
        <time>2025-05-30T20:25:03+00:00</time>
      </trkpt>
      <trkpt lat="45.87592" lon="6.20404">
        <ele>807</ele>
        <time>2025-05-30T20:25:06+00:00</time>
      </trkpt>
      <trkpt lat="45.87602" lon="6.20403">
        <ele>818</ele>
        <time>2025-05-30T20:25:09+00:00</time>
      </trkpt>
      <trkpt lat="45.87611" lon="6.20406">
        <ele>810</ele>
        <time>2025-05-30T20:25:12+00:00</time>
      </trkpt>
      <trkpt lat="45.87621" lon="6.20406">
        <ele>814</ele>
        <time>2025-05-30T20:25:15+00:00</time>
      </trkpt>
      <trkpt lat="45.8763" lon="6.204">
        <ele>814</ele>
        <time>2025-05-30T20:25:18+00:00</time>
      </trkpt>
      <trkpt lat="45.87638" lon="6.20393">
        <ele>820</ele>
        <time>2025-05-30T20:25:21+00:00</time>
      </trkpt>
      <trkpt lat="45.87657" lon="6.20386">
        <ele>828</ele>
        <time>2025-05-30T20:25:24+00:00</time>
      </trkpt>
      <trkpt lat="45.87676" lon="6.20378">
        <ele>837</ele>
        <time>2025-05-30T20:25:27+00:00</time>
      </trkpt>
      <trkpt lat="45.87685" lon="6.20378">
        <ele>838</ele>
        <time>2025-05-30T20:25:30+00:00</time>
      </trkpt>
      <trkpt lat="45.87705" lon="6.2037">
        <ele>841</ele>
        <time>2025-05-30T20:25:33+00:00</time>
      </trkpt>
      <trkpt lat="45.87734" lon="6.20365">
        <ele>845</ele>
        <time>2025-05-30T20:25:36+00:00</time>
      </trkpt>
      <trkpt lat="45.87742" lon="6.20359">
        <ele>851</ele>
        <time>2025-05-30T20:25:39+00:00</time>
      </trkpt>
      <trkpt lat="45.87751" lon="6.20355">
        <ele>851</ele>
        <time>2025-05-30T20:25:42+00:00</time>
      </trkpt>
      <trkpt lat="45.87758" lon="6.20345">
        <ele>859</ele>
        <time>2025-05-30T20:25:45+00:00</time>
      </trkpt>
      <trkpt lat="45.87768" lon="6.20323">
        <ele>865</ele>
        <time>2025-05-30T20:25:48+00:00</time>
      </trkpt>
      <trkpt lat="45.87776" lon="6.20313">
        <ele>861</ele>
        <time>2025-05-30T20:25:51+00:00</time>
      </trkpt>
      <trkpt lat="45.87782" lon="6.20301">
        <ele>856</ele>
        <time>2025-05-30T20:25:54+00:00</time>
      </trkpt>
      <trkpt lat="45.87784" lon="6.20287">
        <ele>861</ele>
        <time>2025-05-30T20:25:57+00:00</time>
      </trkpt>
      <trkpt lat="45.87787" lon="6.20273">
        <ele>865</ele>
        <time>2025-05-30T20:26:00+00:00</time>
      </trkpt>
      <trkpt lat="45.87795" lon="6.20262">
        <ele>862</ele>
        <time>2025-05-30T20:26:03+00:00</time>
      </trkpt>
      <trkpt lat="45.87798" lon="6.2025">
        <ele>870</ele>
        <time>2025-05-30T20:26:06+00:00</time>
      </trkpt>
      <trkpt lat="45.87811" lon="6.20239">
        <ele>863</ele>
        <time>2025-05-30T20:26:09+00:00</time>
      </trkpt>
      <trkpt lat="45.87816" lon="6.20237">
        <ele>865</ele>
        <time>2025-05-30T20:26:12+00:00</time>
      </trkpt>
      <trkpt lat="45.87827" lon="6.20238">
        <ele>863</ele>
        <time>2025-05-30T20:26:15+00:00</time>
      </trkpt>
      <trkpt lat="45.87835" lon="6.2024">
        <ele>864</ele>
        <time>2025-05-30T20:26:18+00:00</time>
      </trkpt>
      <trkpt lat="45.87851" lon="6.20246">
        <ele>870</ele>
        <time>2025-05-30T20:26:21+00:00</time>
      </trkpt>
      <trkpt lat="45.87856" lon="6.20245">
        <ele>870</ele>
        <time>2025-05-30T20:26:24+00:00</time>
      </trkpt>
      <trkpt lat="45.87867" lon="6.20242">
        <ele>871</ele>
        <time>2025-05-30T20:26:27+00:00</time>
      </trkpt>
      <trkpt lat="45.87879" lon="6.20246">
        <ele>869</ele>
        <time>2025-05-30T20:26:30+00:00</time>
      </trkpt>
      <trkpt lat="45.8789" lon="6.20247">
        <ele>870</ele>
        <time>2025-05-30T20:26:33+00:00</time>
      </trkpt>
      <trkpt lat="45.87909" lon="6.20243">
        <ele>869</ele>
        <time>2025-05-30T20:26:36+00:00</time>
      </trkpt>
      <trkpt lat="45.87932" lon="6.20239">
        <ele>871</ele>
        <time>2025-05-30T20:26:39+00:00</time>
      </trkpt>
      <trkpt lat="45.8794" lon="6.20235">
        <ele>871</ele>
        <time>2025-05-30T20:26:42+00:00</time>
      </trkpt>
      <trkpt lat="45.8795" lon="6.20233">
        <ele>871</ele>
        <time>2025-05-30T20:26:45+00:00</time>
      </trkpt>
      <trkpt lat="45.87971" lon="6.20233">
        <ele>870</ele>
        <time>2025-05-30T20:26:48+00:00</time>
      </trkpt>
      <trkpt lat="45.87995" lon="6.20235">
        <ele>869</ele>
        <time>2025-05-30T20:26:51+00:00</time>
      </trkpt>
      <trkpt lat="45.88019" lon="6.20237">
        <ele>868</ele>
        <time>2025-05-30T20:26:54+00:00</time>
      </trkpt>
      <trkpt lat="45.88029" lon="6.20233">
        <ele>865</ele>
        <time>2025-05-30T20:26:57+00:00</time>
      </trkpt>
      <trkpt lat="45.88049" lon="6.2023">
        <ele>861</ele>
        <time>2025-05-30T20:27:00+00:00</time>
      </trkpt>
      <trkpt lat="45.88071" lon="6.20226">
        <ele>859</ele>
        <time>2025-05-30T20:27:03+00:00</time>
      </trkpt>
      <trkpt lat="45.88081" lon="6.20227">
        <ele>853</ele>
        <time>2025-05-30T20:27:06+00:00</time>
      </trkpt>
      <trkpt lat="45.88091" lon="6.20222">
        <ele>857</ele>
        <time>2025-05-30T20:27:09+00:00</time>
      </trkpt>
      <trkpt lat="45.88099" lon="6.20213">
        <ele>854</ele>
        <time>2025-05-30T20:27:12+00:00</time>
      </trkpt>
      <trkpt lat="45.88105" lon="6.20203">
        <ele>861</ele>
        <time>2025-05-30T20:27:15+00:00</time>
      </trkpt>
      <trkpt lat="45.88102" lon="6.20191">
        <ele>858</ele>
        <time>2025-05-30T20:27:18+00:00</time>
      </trkpt>
      <trkpt lat="45.88109" lon="6.20179">
        <ele>865</ele>
        <time>2025-05-30T20:27:21+00:00</time>
      </trkpt>
      <trkpt lat="45.88116" lon="6.20171">
        <ele>861</ele>
        <time>2025-05-30T20:27:24+00:00</time>
      </trkpt>
      <trkpt lat="45.88125" lon="6.20167">
        <ele>865</ele>
        <time>2025-05-30T20:27:27+00:00</time>
      </trkpt>
      <trkpt lat="45.88135" lon="6.20166">
        <ele>859</ele>
        <time>2025-05-30T20:27:30+00:00</time>
      </trkpt>
      <trkpt lat="45.88138" lon="6.20179">
        <ele>846</ele>
        <time>2025-05-30T20:27:33+00:00</time>
      </trkpt>
      <trkpt lat="45.88148" lon="6.20185">
        <ele>833</ele>
        <time>2025-05-30T20:27:36+00:00</time>
      </trkpt>
      <trkpt lat="45.88171" lon="6.20212">
        <ele>843</ele>
        <time>2025-05-30T20:27:39+00:00</time>
      </trkpt>
      <trkpt lat="45.8818" lon="6.20216">
        <ele>844</ele>
        <time>2025-05-30T20:27:42+00:00</time>
      </trkpt>
      <trkpt lat="45.88188" lon="6.20222">
        <ele>848</ele>
        <time>2025-05-30T20:27:45+00:00</time>
      </trkpt>
      <trkpt lat="45.88199" lon="6.20227">
        <ele>849</ele>
        <time>2025-05-30T20:27:48+00:00</time>
      </trkpt>
      <trkpt lat="45.88205" lon="6.20236">
        <ele>854</ele>
        <time>2025-05-30T20:27:51+00:00</time>
      </trkpt>
      <trkpt lat="45.88215" lon="6.20243">
        <ele>855</ele>
        <time>2025-05-30T20:27:54+00:00</time>
      </trkpt>
      <trkpt lat="45.88222" lon="6.20253">
        <ele>856</ele>
        <time>2025-05-30T20:27:57+00:00</time>
      </trkpt>
      <trkpt lat="45.88232" lon="6.20257">
        <ele>858</ele>
        <time>2025-05-30T20:28:00+00:00</time>
      </trkpt>
      <trkpt lat="45.88238" lon="6.20268">
        <ele>856</ele>
        <time>2025-05-30T20:28:03+00:00</time>
      </trkpt>
      <trkpt lat="45.88257" lon="6.20272">
        <ele>856</ele>
        <time>2025-05-30T20:28:06+00:00</time>
      </trkpt>
      <trkpt lat="45.88265" lon="6.20278">
        <ele>858</ele>
        <time>2025-05-30T20:28:09+00:00</time>
      </trkpt>
      <trkpt lat="45.88273" lon="6.20282">
        <ele>855</ele>
        <time>2025-05-30T20:28:12+00:00</time>
      </trkpt>
      <trkpt lat="45.88284" lon="6.20284">
        <ele>856</ele>
        <time>2025-05-30T20:28:15+00:00</time>
      </trkpt>
      <trkpt lat="45.88295" lon="6.20287">
        <ele>857</ele>
        <time>2025-05-30T20:28:18+00:00</time>
      </trkpt>
      <trkpt lat="45.88305" lon="6.20292">
        <ele>855</ele>
        <time>2025-05-30T20:28:21+00:00</time>
      </trkpt>
      <trkpt lat="45.88314" lon="6.20297">
        <ele>851</ele>
        <time>2025-05-30T20:28:24+00:00</time>
      </trkpt>
      <trkpt lat="45.88323" lon="6.20299">
        <ele>853</ele>
        <time>2025-05-30T20:28:27+00:00</time>
      </trkpt>
      <trkpt lat="45.88333" lon="6.20298">
        <ele>855</ele>
        <time>2025-05-30T20:28:30+00:00</time>
      </trkpt>
      <trkpt lat="45.88345" lon="6.20299">
        <ele>855</ele>
        <time>2025-05-30T20:28:33+00:00</time>
      </trkpt>
      <trkpt lat="45.88355" lon="6.20298">
        <ele>855</ele>
        <time>2025-05-30T20:28:36+00:00</time>
      </trkpt>
      <trkpt lat="45.88365" lon="6.20291">
        <ele>857</ele>
        <time>2025-05-30T20:28:39+00:00</time>
      </trkpt>
      <trkpt lat="45.88375" lon="6.20289">
        <ele>866</ele>
        <time>2025-05-30T20:28:42+00:00</time>
      </trkpt>
      <trkpt lat="45.88385" lon="6.20285">
        <ele>869</ele>
        <time>2025-05-30T20:28:45+00:00</time>
      </trkpt>
      <trkpt lat="45.88394" lon="6.20285">
        <ele>870</ele>
        <time>2025-05-30T20:28:48+00:00</time>
      </trkpt>
      <trkpt lat="45.88403" lon="6.2028">
        <ele>871</ele>
        <time>2025-05-30T20:28:51+00:00</time>
      </trkpt>
      <trkpt lat="45.88412" lon="6.20277">
        <ele>875</ele>
        <time>2025-05-30T20:28:54+00:00</time>
      </trkpt>
      <trkpt lat="45.88424" lon="6.20275">
        <ele>876</ele>
        <time>2025-05-30T20:28:57+00:00</time>
      </trkpt>
      <trkpt lat="45.88436" lon="6.20277">
        <ele>875</ele>
        <time>2025-05-30T20:29:00+00:00</time>
      </trkpt>
      <trkpt lat="45.88446" lon="6.2027">
        <ele>874</ele>
        <time>2025-05-30T20:29:03+00:00</time>
      </trkpt>
      <trkpt lat="45.88456" lon="6.20266">
        <ele>874</ele>
        <time>2025-05-30T20:29:06+00:00</time>
      </trkpt>
      <trkpt lat="45.88466" lon="6.20266">
        <ele>874</ele>
        <time>2025-05-30T20:29:09+00:00</time>
      </trkpt>
      <trkpt lat="45.88476" lon="6.20268">
        <ele>874</ele>
        <time>2025-05-30T20:29:12+00:00</time>
      </trkpt>
      <trkpt lat="45.88485" lon="6.20274">
        <ele>870</ele>
        <time>2025-05-30T20:29:15+00:00</time>
      </trkpt>
      <trkpt lat="45.88493" lon="6.20265">
        <ele>879</ele>
        <time>2025-05-30T20:29:18+00:00</time>
      </trkpt>
      <trkpt lat="45.88503" lon="6.20264">
        <ele>875</ele>
        <time>2025-05-30T20:29:21+00:00</time>
      </trkpt>
      <trkpt lat="45.8851" lon="6.20255">
        <ele>884</ele>
        <time>2025-05-30T20:29:24+00:00</time>
      </trkpt>
      <trkpt lat="45.88519" lon="6.2025">
        <ele>884</ele>
        <time>2025-05-30T20:29:27+00:00</time>
      </trkpt>
      <trkpt lat="45.88528" lon="6.20248">
        <ele>892</ele>
        <time>2025-05-30T20:29:30+00:00</time>
      </trkpt>
      <trkpt lat="45.88531" lon="6.20248">
        <ele>895</ele>
        <time>2025-05-30T20:29:33+00:00</time>
      </trkpt>
      <trkpt lat="45.88538" lon="6.20248">
        <ele>895</ele>
        <time>2025-05-30T20:29:36+00:00</time>
      </trkpt>
      <trkpt lat="45.88551" lon="6.20246">
        <ele>899</ele>
        <time>2025-05-30T20:29:39+00:00</time>
      </trkpt>
      <trkpt lat="45.8857" lon="6.20239">
        <ele>906</ele>
        <time>2025-05-30T20:29:42+00:00</time>
      </trkpt>
      <trkpt lat="45.88581" lon="6.20237">
        <ele>913</ele>
        <time>2025-05-30T20:29:45+00:00</time>
      </trkpt>
      <trkpt lat="45.88589" lon="6.20233">
        <ele>913</ele>
        <time>2025-05-30T20:29:48+00:00</time>
      </trkpt>
      <trkpt lat="45.886" lon="6.20229">
        <ele>924</ele>
        <time>2025-05-30T20:29:51+00:00</time>
      </trkpt>
      <trkpt lat="45.88609" lon="6.20228">
        <ele>926</ele>
        <time>2025-05-30T20:29:54+00:00</time>
      </trkpt>
      <trkpt lat="45.88612" lon="6.20224">
        <ele>927</ele>
        <time>2025-05-30T20:29:57+00:00</time>
      </trkpt>
      <trkpt lat="45.8862" lon="6.2022">
        <ele>928</ele>
        <time>2025-05-30T20:30:00+00:00</time>
      </trkpt>
      <trkpt lat="45.8863" lon="6.20218">
        <ele>936</ele>
        <time>2025-05-30T20:30:03+00:00</time>
      </trkpt>
      <trkpt lat="45.88639" lon="6.20213">
        <ele>936</ele>
        <time>2025-05-30T20:30:06+00:00</time>
      </trkpt>
      <trkpt lat="45.88648" lon="6.20211">
        <ele>938</ele>
        <time>2025-05-30T20:30:09+00:00</time>
      </trkpt>
      <trkpt lat="45.88656" lon="6.20205">
        <ele>944</ele>
        <time>2025-05-30T20:30:12+00:00</time>
      </trkpt>
      <trkpt lat="45.88675" lon="6.20198">
        <ele>949</ele>
        <time>2025-05-30T20:30:15+00:00</time>
      </trkpt>
      <trkpt lat="45.88686" lon="6.20197">
        <ele>949</ele>
        <time>2025-05-30T20:30:18+00:00</time>
      </trkpt>
      <trkpt lat="45.88695" lon="6.20199">
        <ele>952</ele>
        <time>2025-05-30T20:30:21+00:00</time>
      </trkpt>
      <trkpt lat="45.88705" lon="6.20199">
        <ele>952</ele>
        <time>2025-05-30T20:30:24+00:00</time>
      </trkpt>
      <trkpt lat="45.88712" lon="6.20192">
        <ele>953</ele>
        <time>2025-05-30T20:30:27+00:00</time>
      </trkpt>
      <trkpt lat="45.88721" lon="6.20186">
        <ele>958</ele>
        <time>2025-05-30T20:30:30+00:00</time>
      </trkpt>
      <trkpt lat="45.8873" lon="6.20184">
        <ele>958</ele>
        <time>2025-05-30T20:30:33+00:00</time>
      </trkpt>
      <trkpt lat="45.88734" lon="6.20182">
        <ele>957</ele>
        <time>2025-05-30T20:30:36+00:00</time>
      </trkpt>
      <trkpt lat="45.88749" lon="6.20175">
        <ele>959</ele>
        <time>2025-05-30T20:30:39+00:00</time>
      </trkpt>
      <trkpt lat="45.88758" lon="6.20173">
        <ele>957</ele>
        <time>2025-05-30T20:30:42+00:00</time>
      </trkpt>
      <trkpt lat="45.88769" lon="6.20173">
        <ele>956</ele>
        <time>2025-05-30T20:30:45+00:00</time>
      </trkpt>
      <trkpt lat="45.88779" lon="6.20176">
        <ele>959</ele>
        <time>2025-05-30T20:30:48+00:00</time>
      </trkpt>
      <trkpt lat="45.88787" lon="6.20178">
        <ele>962</ele>
        <time>2025-05-30T20:30:51+00:00</time>
      </trkpt>
      <trkpt lat="45.88799" lon="6.20177">
        <ele>961</ele>
        <time>2025-05-30T20:30:54+00:00</time>
      </trkpt>
      <trkpt lat="45.88808" lon="6.20183">
        <ele>962</ele>
        <time>2025-05-30T20:30:57+00:00</time>
      </trkpt>
      <trkpt lat="45.88817" lon="6.20187">
        <ele>960</ele>
        <time>2025-05-30T20:31:00+00:00</time>
      </trkpt>
      <trkpt lat="45.88827" lon="6.20188">
        <ele>963</ele>
        <time>2025-05-30T20:31:03+00:00</time>
      </trkpt>
      <trkpt lat="45.88847" lon="6.20183">
        <ele>960</ele>
        <time>2025-05-30T20:31:06+00:00</time>
      </trkpt>
      <trkpt lat="45.88856" lon="6.20176">
        <ele>962</ele>
        <time>2025-05-30T20:31:09+00:00</time>
      </trkpt>
      <trkpt lat="45.88866" lon="6.20172">
        <ele>960</ele>
        <time>2025-05-30T20:31:12+00:00</time>
      </trkpt>
      <trkpt lat="45.88884" lon="6.20183">
        <ele>959</ele>
        <time>2025-05-30T20:31:15+00:00</time>
      </trkpt>
      <trkpt lat="45.88893" lon="6.20184">
        <ele>955</ele>
        <time>2025-05-30T20:31:18+00:00</time>
      </trkpt>
      <trkpt lat="45.88904" lon="6.20188">
        <ele>959</ele>
        <time>2025-05-30T20:31:21+00:00</time>
      </trkpt>
      <trkpt lat="45.88915" lon="6.20191">
        <ele>958</ele>
        <time>2025-05-30T20:31:24+00:00</time>
      </trkpt>
      <trkpt lat="45.88924" lon="6.20197">
        <ele>961</ele>
        <time>2025-05-30T20:31:27+00:00</time>
      </trkpt>
      <trkpt lat="45.88933" lon="6.20199">
        <ele>968</ele>
        <time>2025-05-30T20:31:30+00:00</time>
      </trkpt>
      <trkpt lat="45.88941" lon="6.20193">
        <ele>971</ele>
        <time>2025-05-30T20:31:33+00:00</time>
      </trkpt>
      <trkpt lat="45.8895" lon="6.20197">
        <ele>974</ele>
        <time>2025-05-30T20:31:36+00:00</time>
      </trkpt>
      <trkpt lat="45.88959" lon="6.20197">
        <ele>974</ele>
        <time>2025-05-30T20:31:39+00:00</time>
      </trkpt>
      <trkpt lat="45.88969" lon="6.20195">
        <ele>976</ele>
        <time>2025-05-30T20:31:42+00:00</time>
      </trkpt>
      <trkpt lat="45.88979" lon="6.20195">
        <ele>978</ele>
        <time>2025-05-30T20:31:45+00:00</time>
      </trkpt>
      <trkpt lat="45.88988" lon="6.20196">
        <ele>980</ele>
        <time>2025-05-30T20:31:48+00:00</time>
      </trkpt>
      <trkpt lat="45.88998" lon="6.20195">
        <ele>983</ele>
        <time>2025-05-30T20:31:51+00:00</time>
      </trkpt>
      <trkpt lat="45.89006" lon="6.20191">
        <ele>984</ele>
        <time>2025-05-30T20:31:54+00:00</time>
      </trkpt>
      <trkpt lat="45.89025" lon="6.2019">
        <ele>985</ele>
        <time>2025-05-30T20:31:57+00:00</time>
      </trkpt>
      <trkpt lat="45.89035" lon="6.20189">
        <ele>992</ele>
        <time>2025-05-30T20:32:00+00:00</time>
      </trkpt>
      <trkpt lat="45.89044" lon="6.20184">
        <ele>993</ele>
        <time>2025-05-30T20:32:03+00:00</time>
      </trkpt>
      <trkpt lat="45.89076" lon="6.20183">
        <ele>996</ele>
        <time>2025-05-30T20:32:06+00:00</time>
      </trkpt>
      <trkpt lat="45.89085" lon="6.20182">
        <ele>996</ele>
        <time>2025-05-30T20:32:09+00:00</time>
      </trkpt>
      <trkpt lat="45.89095" lon="6.20186">
        <ele>997</ele>
        <time>2025-05-30T20:32:12+00:00</time>
      </trkpt>
      <trkpt lat="45.89105" lon="6.20183">
        <ele>998</ele>
        <time>2025-05-30T20:32:15+00:00</time>
      </trkpt>
      <trkpt lat="45.89125" lon="6.20184">
        <ele>1004</ele>
        <time>2025-05-30T20:32:18+00:00</time>
      </trkpt>
      <trkpt lat="45.89143" lon="6.20177">
        <ele>1011</ele>
        <time>2025-05-30T20:32:21+00:00</time>
      </trkpt>
      <trkpt lat="45.89153" lon="6.20171">
        <ele>1012</ele>
        <time>2025-05-30T20:32:24+00:00</time>
      </trkpt>
      <trkpt lat="45.89171" lon="6.20171">
        <ele>1013</ele>
        <time>2025-05-30T20:32:27+00:00</time>
      </trkpt>
      <trkpt lat="45.89181" lon="6.20172">
        <ele>1013</ele>
        <time>2025-05-30T20:32:30+00:00</time>
      </trkpt>
      <trkpt lat="45.89191" lon="6.20179">
        <ele>1014</ele>
        <time>2025-05-30T20:32:33+00:00</time>
      </trkpt>
      <trkpt lat="45.89201" lon="6.20182">
        <ele>1013</ele>
        <time>2025-05-30T20:32:36+00:00</time>
      </trkpt>
      <trkpt lat="45.89211" lon="6.20178">
        <ele>1019</ele>
        <time>2025-05-30T20:32:39+00:00</time>
      </trkpt>
      <trkpt lat="45.89221" lon="6.20184">
        <ele>1018</ele>
        <time>2025-05-30T20:32:42+00:00</time>
      </trkpt>
      <trkpt lat="45.8923" lon="6.20185">
        <ele>1024</ele>
        <time>2025-05-30T20:32:45+00:00</time>
      </trkpt>
      <trkpt lat="45.8925" lon="6.20183">
        <ele>1025</ele>
        <time>2025-05-30T20:32:48+00:00</time>
      </trkpt>
      <trkpt lat="45.89259" lon="6.20186">
        <ele>1028</ele>
        <time>2025-05-30T20:32:51+00:00</time>
      </trkpt>
      <trkpt lat="45.89269" lon="6.20191">
        <ele>1025</ele>
        <time>2025-05-30T20:32:54+00:00</time>
      </trkpt>
      <trkpt lat="45.89278" lon="6.20194">
        <ele>1026</ele>
        <time>2025-05-30T20:32:57+00:00</time>
      </trkpt>
      <trkpt lat="45.89287" lon="6.20193">
        <ele>1028</ele>
        <time>2025-05-30T20:33:00+00:00</time>
      </trkpt>
      <trkpt lat="45.89296" lon="6.20197">
        <ele>1033</ele>
        <time>2025-05-30T20:33:03+00:00</time>
      </trkpt>
      <trkpt lat="45.89306" lon="6.20203">
        <ele>1033</ele>
        <time>2025-05-30T20:33:06+00:00</time>
      </trkpt>
      <trkpt lat="45.89316" lon="6.20202">
        <ele>1035</ele>
        <time>2025-05-30T20:33:09+00:00</time>
      </trkpt>
      <trkpt lat="45.89326" lon="6.20205">
        <ele>1038</ele>
        <time>2025-05-30T20:33:12+00:00</time>
      </trkpt>
      <trkpt lat="45.89335" lon="6.20202">
        <ele>1040</ele>
        <time>2025-05-30T20:33:15+00:00</time>
      </trkpt>
      <trkpt lat="45.89346" lon="6.202">
        <ele>1046</ele>
        <time>2025-05-30T20:33:18+00:00</time>
      </trkpt>
      <trkpt lat="45.89355" lon="6.20196">
        <ele>1043</ele>
        <time>2025-05-30T20:33:21+00:00</time>
      </trkpt>
      <trkpt lat="45.89366" lon="6.20197">
        <ele>1049</ele>
        <time>2025-05-30T20:33:24+00:00</time>
      </trkpt>
      <trkpt lat="45.89374" lon="6.2019">
        <ele>1047</ele>
        <time>2025-05-30T20:33:27+00:00</time>
      </trkpt>
      <trkpt lat="45.89381" lon="6.20181">
        <ele>1050</ele>
        <time>2025-05-30T20:33:30+00:00</time>
      </trkpt>
      <trkpt lat="45.89401" lon="6.20176">
        <ele>1052</ele>
        <time>2025-05-30T20:33:33+00:00</time>
      </trkpt>
      <trkpt lat="45.8941" lon="6.20171">
        <ele>1052</ele>
        <time>2025-05-30T20:33:36+00:00</time>
      </trkpt>
      <trkpt lat="45.89429" lon="6.2017">
        <ele>1052</ele>
        <time>2025-05-30T20:33:39+00:00</time>
      </trkpt>
      <trkpt lat="45.89448" lon="6.20169">
        <ele>1064</ele>
        <time>2025-05-30T20:33:42+00:00</time>
      </trkpt>
      <trkpt lat="45.89457" lon="6.20164">
        <ele>1065</ele>
        <time>2025-05-30T20:33:45+00:00</time>
      </trkpt>
      <trkpt lat="45.89475" lon="6.20161">
        <ele>1066</ele>
        <time>2025-05-30T20:33:48+00:00</time>
      </trkpt>
      <trkpt lat="45.89482" lon="6.20154">
        <ele>1073</ele>
        <time>2025-05-30T20:33:51+00:00</time>
      </trkpt>
      <trkpt lat="45.89483" lon="6.20154">
        <ele>1073</ele>
        <time>2025-05-30T20:33:54+00:00</time>
      </trkpt>
      <trkpt lat="45.89484" lon="6.20149">
        <ele>1077</ele>
        <time>2025-05-30T20:33:57+00:00</time>
      </trkpt>
      <trkpt lat="45.89489" lon="6.20138">
        <ele>1082</ele>
        <time>2025-05-30T20:34:00+00:00</time>
      </trkpt>
      <trkpt lat="45.89496" lon="6.2013">
        <ele>1082</ele>
        <time>2025-05-30T20:34:03+00:00</time>
      </trkpt>
      <trkpt lat="45.89499" lon="6.20116">
        <ele>1084</ele>
        <time>2025-05-30T20:34:06+00:00</time>
      </trkpt>
      <trkpt lat="45.89502" lon="6.20105">
        <ele>1084</ele>
        <time>2025-05-30T20:34:09+00:00</time>
      </trkpt>
      <trkpt lat="45.89501" lon="6.20091">
        <ele>1085</ele>
        <time>2025-05-30T20:34:12+00:00</time>
      </trkpt>
      <trkpt lat="45.89507" lon="6.20079">
        <ele>1085</ele>
        <time>2025-05-30T20:34:15+00:00</time>
      </trkpt>
      <trkpt lat="45.89515" lon="6.20072">
        <ele>1086</ele>
        <time>2025-05-30T20:34:18+00:00</time>
      </trkpt>
      <trkpt lat="45.89526" lon="6.2007">
        <ele>1082</ele>
        <time>2025-05-30T20:34:21+00:00</time>
      </trkpt>
      <trkpt lat="45.89536" lon="6.20067">
        <ele>1085</ele>
        <time>2025-05-30T20:34:24+00:00</time>
      </trkpt>
      <trkpt lat="45.89544" lon="6.2006">
        <ele>1079</ele>
        <time>2025-05-30T20:34:27+00:00</time>
      </trkpt>
      <trkpt lat="45.8955" lon="6.2005">
        <ele>1074</ele>
        <time>2025-05-30T20:34:30+00:00</time>
      </trkpt>
      <trkpt lat="45.89546" lon="6.20036">
        <ele>1075</ele>
        <time>2025-05-30T20:34:33+00:00</time>
      </trkpt>
      <trkpt lat="45.89542" lon="6.20025">
        <ele>1068</ele>
        <time>2025-05-30T20:34:36+00:00</time>
      </trkpt>
      <trkpt lat="45.89535" lon="6.20011">
        <ele>1071</ele>
        <time>2025-05-30T20:34:39+00:00</time>
      </trkpt>
      <trkpt lat="45.8953" lon="6.19998">
        <ele>1065</ele>
        <time>2025-05-30T20:34:42+00:00</time>
      </trkpt>
      <trkpt lat="45.89524" lon="6.19985">
        <ele>1066</ele>
        <time>2025-05-30T20:34:45+00:00</time>
      </trkpt>
      <trkpt lat="45.89514" lon="6.19963">
        <ele>1062</ele>
        <time>2025-05-30T20:34:48+00:00</time>
      </trkpt>
      <trkpt lat="45.89508" lon="6.19953">
        <ele>1061</ele>
        <time>2025-05-30T20:34:51+00:00</time>
      </trkpt>
      <trkpt lat="45.89499" lon="6.19947">
        <ele>1058</ele>
        <time>2025-05-30T20:34:54+00:00</time>
      </trkpt>
      <trkpt lat="45.89491" lon="6.19941">
        <ele>1058</ele>
        <time>2025-05-30T20:34:57+00:00</time>
      </trkpt>
      <trkpt lat="45.89483" lon="6.1993">
        <ele>1056</ele>
        <time>2025-05-30T20:35:00+00:00</time>
      </trkpt>
      <trkpt lat="45.89477" lon="6.1992">
        <ele>1045</ele>
        <time>2025-05-30T20:35:03+00:00</time>
      </trkpt>
      <trkpt lat="45.8947" lon="6.19911">
        <ele>1045</ele>
        <time>2025-05-30T20:35:06+00:00</time>
      </trkpt>
      <trkpt lat="45.89461" lon="6.19902">
        <ele>1044</ele>
        <time>2025-05-30T20:35:09+00:00</time>
      </trkpt>
      <trkpt lat="45.89454" lon="6.19892">
        <ele>1041</ele>
        <time>2025-05-30T20:35:12+00:00</time>
      </trkpt>
      <trkpt lat="45.89452" lon="6.1989">
        <ele>1036</ele>
        <time>2025-05-30T20:35:15+00:00</time>
      </trkpt>
      <trkpt lat="45.89429" lon="6.19867">
        <ele>1032</ele>
        <time>2025-05-30T20:35:18+00:00</time>
      </trkpt>
      <trkpt lat="45.8942" lon="6.1986">
        <ele>1028</ele>
        <time>2025-05-30T20:35:21+00:00</time>
      </trkpt>
      <trkpt lat="45.89411" lon="6.1985">
        <ele>1030</ele>
        <time>2025-05-30T20:35:24+00:00</time>
      </trkpt>
      <trkpt lat="45.89391" lon="6.19837">
        <ele>1028</ele>
        <time>2025-05-30T20:35:27+00:00</time>
      </trkpt>
      <trkpt lat="45.89374" lon="6.19822">
        <ele>1026</ele>
        <time>2025-05-30T20:35:30+00:00</time>
      </trkpt>
      <trkpt lat="45.89365" lon="6.19817">
        <ele>1024</ele>
        <time>2025-05-30T20:35:33+00:00</time>
      </trkpt>
      <trkpt lat="45.89358" lon="6.19809">
        <ele>1019</ele>
        <time>2025-05-30T20:35:36+00:00</time>
      </trkpt>
      <trkpt lat="45.8935" lon="6.19802">
        <ele>1019</ele>
        <time>2025-05-30T20:35:39+00:00</time>
      </trkpt>
      <trkpt lat="45.89345" lon="6.19789">
        <ele>1016</ele>
        <time>2025-05-30T20:35:42+00:00</time>
      </trkpt>
      <trkpt lat="45.89336" lon="6.19779">
        <ele>1018</ele>
        <time>2025-05-30T20:35:45+00:00</time>
      </trkpt>
      <trkpt lat="45.89321" lon="6.19766">
        <ele>1017</ele>
        <time>2025-05-30T20:35:48+00:00</time>
      </trkpt>
      <trkpt lat="45.8931" lon="6.19755">
        <ele>1017</ele>
        <time>2025-05-30T20:35:51+00:00</time>
      </trkpt>
      <trkpt lat="45.89294" lon="6.19735">
        <ele>1020</ele>
        <time>2025-05-30T20:35:54+00:00</time>
      </trkpt>
      <trkpt lat="45.89279" lon="6.19714">
        <ele>1023</ele>
        <time>2025-05-30T20:35:57+00:00</time>
      </trkpt>
      <trkpt lat="45.89269" lon="6.19705">
        <ele>1024</ele>
        <time>2025-05-30T20:36:00+00:00</time>
      </trkpt>
      <trkpt lat="45.89262" lon="6.19695">
        <ele>1023</ele>
        <time>2025-05-30T20:36:03+00:00</time>
      </trkpt>
      <trkpt lat="45.89244" lon="6.19681">
        <ele>1026</ele>
        <time>2025-05-30T20:36:06+00:00</time>
      </trkpt>
      <trkpt lat="45.89227" lon="6.19664">
        <ele>1028</ele>
        <time>2025-05-30T20:36:09+00:00</time>
      </trkpt>
      <trkpt lat="45.8921" lon="6.19648">
        <ele>1030</ele>
        <time>2025-05-30T20:36:12+00:00</time>
      </trkpt>
      <trkpt lat="45.89203" lon="6.19639">
        <ele>1031</ele>
        <time>2025-05-30T20:36:15+00:00</time>
      </trkpt>
      <trkpt lat="45.89193" lon="6.1963">
        <ele>1031</ele>
        <time>2025-05-30T20:36:18+00:00</time>
      </trkpt>
      <trkpt lat="45.89175" lon="6.19616">
        <ele>1033</ele>
        <time>2025-05-30T20:36:21+00:00</time>
      </trkpt>
      <trkpt lat="45.89168" lon="6.19608">
        <ele>1035</ele>
        <time>2025-05-30T20:36:24+00:00</time>
      </trkpt>
      <trkpt lat="45.89159" lon="6.19602">
        <ele>1034</ele>
        <time>2025-05-30T20:36:27+00:00</time>
      </trkpt>
      <trkpt lat="45.89151" lon="6.19594">
        <ele>1035</ele>
        <time>2025-05-30T20:36:30+00:00</time>
      </trkpt>
      <trkpt lat="45.89145" lon="6.19582">
        <ele>1036</ele>
        <time>2025-05-30T20:36:33+00:00</time>
      </trkpt>
      <trkpt lat="45.89138" lon="6.1957">
        <ele>1036</ele>
        <time>2025-05-30T20:36:36+00:00</time>
      </trkpt>
      <trkpt lat="45.89133" lon="6.19558">
        <ele>1037</ele>
        <time>2025-05-30T20:36:39+00:00</time>
      </trkpt>
      <trkpt lat="45.89121" lon="6.19534">
        <ele>1038</ele>
        <time>2025-05-30T20:36:42+00:00</time>
      </trkpt>
      <trkpt lat="45.89107" lon="6.1951">
        <ele>1042</ele>
        <time>2025-05-30T20:36:45+00:00</time>
      </trkpt>
      <trkpt lat="45.89103" lon="6.19498">
        <ele>1042</ele>
        <time>2025-05-30T20:36:48+00:00</time>
      </trkpt>
      <trkpt lat="45.89099" lon="6.19485">
        <ele>1044</ele>
        <time>2025-05-30T20:36:51+00:00</time>
      </trkpt>
      <trkpt lat="45.89082" lon="6.19463">
        <ele>1045</ele>
        <time>2025-05-30T20:36:54+00:00</time>
      </trkpt>
      <trkpt lat="45.89076" lon="6.19452">
        <ele>1046</ele>
        <time>2025-05-30T20:36:57+00:00</time>
      </trkpt>
      <trkpt lat="45.89068" lon="6.1944">
        <ele>1048</ele>
        <time>2025-05-30T20:37:00+00:00</time>
      </trkpt>
      <trkpt lat="45.89047" lon="6.19412">
        <ele>1053</ele>
        <time>2025-05-30T20:37:03+00:00</time>
      </trkpt>
      <trkpt lat="45.8904" lon="6.194">
        <ele>1051</ele>
        <time>2025-05-30T20:37:06+00:00</time>
      </trkpt>
      <trkpt lat="45.89029" lon="6.19389">
        <ele>1053</ele>
        <time>2025-05-30T20:37:09+00:00</time>
      </trkpt>
      <trkpt lat="45.89016" lon="6.19372">
        <ele>1054</ele>
        <time>2025-05-30T20:37:12+00:00</time>
      </trkpt>
      <trkpt lat="45.89016" lon="6.19359">
        <ele>1053</ele>
        <time>2025-05-30T20:37:15+00:00</time>
      </trkpt>
      <trkpt lat="45.89026" lon="6.19364">
        <ele>1052</ele>
        <time>2025-05-30T20:37:18+00:00</time>
      </trkpt>
      <trkpt lat="45.89037" lon="6.19367">
        <ele>1051</ele>
        <time>2025-05-30T20:37:21+00:00</time>
      </trkpt>
      <trkpt lat="45.89047" lon="6.19366">
        <ele>1050</ele>
        <time>2025-05-30T20:37:24+00:00</time>
      </trkpt>
      <trkpt lat="45.89057" lon="6.19369">
        <ele>1047</ele>
        <time>2025-05-30T20:37:27+00:00</time>
      </trkpt>
      <trkpt lat="45.8908" lon="6.19361">
        <ele>1045</ele>
        <time>2025-05-30T20:37:30+00:00</time>
      </trkpt>
      <trkpt lat="45.89089" lon="6.19361">
        <ele>1043</ele>
        <time>2025-05-30T20:37:33+00:00</time>
      </trkpt>
      <trkpt lat="45.89098" lon="6.19362">
        <ele>1042</ele>
        <time>2025-05-30T20:37:36+00:00</time>
      </trkpt>
      <trkpt lat="45.89109" lon="6.19356">
        <ele>1043</ele>
        <time>2025-05-30T20:37:39+00:00</time>
      </trkpt>
      <trkpt lat="45.89119" lon="6.19354">
        <ele>1041</ele>
        <time>2025-05-30T20:37:42+00:00</time>
      </trkpt>
      <trkpt lat="45.89127" lon="6.19347">
        <ele>1043</ele>
        <time>2025-05-30T20:37:45+00:00</time>
      </trkpt>
      <trkpt lat="45.89145" lon="6.1933">
        <ele>1047</ele>
        <time>2025-05-30T20:37:48+00:00</time>
      </trkpt>
      <trkpt lat="45.89153" lon="6.19321">
        <ele>1046</ele>
        <time>2025-05-30T20:37:51+00:00</time>
      </trkpt>
      <trkpt lat="45.8916" lon="6.19312">
        <ele>1055</ele>
        <time>2025-05-30T20:37:54+00:00</time>
      </trkpt>
      <trkpt lat="45.89178" lon="6.19298">
        <ele>1063</ele>
        <time>2025-05-30T20:37:57+00:00</time>
      </trkpt>
      <trkpt lat="45.89187" lon="6.19293">
        <ele>1061</ele>
        <time>2025-05-30T20:38:00+00:00</time>
      </trkpt>
      <trkpt lat="45.89196" lon="6.19289">
        <ele>1062</ele>
        <time>2025-05-30T20:38:03+00:00</time>
      </trkpt>
      <trkpt lat="45.89206" lon="6.19286">
        <ele>1064</ele>
        <time>2025-05-30T20:38:06+00:00</time>
      </trkpt>
      <trkpt lat="45.89216" lon="6.1928">
        <ele>1062</ele>
        <time>2025-05-30T20:38:09+00:00</time>
      </trkpt>
      <trkpt lat="45.89226" lon="6.19273">
        <ele>1066</ele>
        <time>2025-05-30T20:38:12+00:00</time>
      </trkpt>
      <trkpt lat="45.89244" lon="6.19263">
        <ele>1067</ele>
        <time>2025-05-30T20:38:15+00:00</time>
      </trkpt>
      <trkpt lat="45.89252" lon="6.19254">
        <ele>1073</ele>
        <time>2025-05-30T20:38:18+00:00</time>
      </trkpt>
      <trkpt lat="45.89258" lon="6.19245">
        <ele>1076</ele>
        <time>2025-05-30T20:38:21+00:00</time>
      </trkpt>
      <trkpt lat="45.89263" lon="6.19233">
        <ele>1077</ele>
        <time>2025-05-30T20:38:24+00:00</time>
      </trkpt>
      <trkpt lat="45.89254" lon="6.19232">
        <ele>1079</ele>
        <time>2025-05-30T20:38:27+00:00</time>
      </trkpt>
      <trkpt lat="45.8924" lon="6.19234">
        <ele>1083</ele>
        <time>2025-05-30T20:38:30+00:00</time>
      </trkpt>
      <trkpt lat="45.89225" lon="6.19237">
        <ele>1089</ele>
        <time>2025-05-30T20:38:33+00:00</time>
      </trkpt>
      <trkpt lat="45.89227" lon="6.19223">
        <ele>1091</ele>
        <time>2025-05-30T20:38:36+00:00</time>
      </trkpt>
      <trkpt lat="45.89217" lon="6.19226">
        <ele>1094</ele>
        <time>2025-05-30T20:38:39+00:00</time>
      </trkpt>
      <trkpt lat="45.89207" lon="6.19227">
        <ele>1097</ele>
        <time>2025-05-30T20:38:42+00:00</time>
      </trkpt>
      <trkpt lat="45.89196" lon="6.19228">
        <ele>1099</ele>
        <time>2025-05-30T20:38:45+00:00</time>
      </trkpt>
      <trkpt lat="45.89186" lon="6.19228">
        <ele>1100</ele>
        <time>2025-05-30T20:38:48+00:00</time>
      </trkpt>
      <trkpt lat="45.89157" lon="6.19221">
        <ele>1104</ele>
        <time>2025-05-30T20:38:51+00:00</time>
      </trkpt>
      <trkpt lat="45.89147" lon="6.19217">
        <ele>1109</ele>
        <time>2025-05-30T20:38:54+00:00</time>
      </trkpt>
      <trkpt lat="45.89138" lon="6.19214">
        <ele>1110</ele>
        <time>2025-05-30T20:38:57+00:00</time>
      </trkpt>
      <trkpt lat="45.89129" lon="6.19207">
        <ele>1114</ele>
        <time>2025-05-30T20:39:00+00:00</time>
      </trkpt>
      <trkpt lat="45.89119" lon="6.19209">
        <ele>1115</ele>
        <time>2025-05-30T20:39:03+00:00</time>
      </trkpt>
      <trkpt lat="45.89109" lon="6.19209">
        <ele>1118</ele>
        <time>2025-05-30T20:39:06+00:00</time>
      </trkpt>
      <trkpt lat="45.891" lon="6.19206">
        <ele>1120</ele>
        <time>2025-05-30T20:39:09+00:00</time>
      </trkpt>
      <trkpt lat="45.8909" lon="6.19205">
        <ele>1122</ele>
        <time>2025-05-30T20:39:12+00:00</time>
      </trkpt>
      <trkpt lat="45.8908" lon="6.19202">
        <ele>1123</ele>
        <time>2025-05-30T20:39:15+00:00</time>
      </trkpt>
      <trkpt lat="45.89072" lon="6.19196">
        <ele>1128</ele>
        <time>2025-05-30T20:39:18+00:00</time>
      </trkpt>
      <trkpt lat="45.89062" lon="6.19192">
        <ele>1129</ele>
        <time>2025-05-30T20:39:21+00:00</time>
      </trkpt>
      <trkpt lat="45.89058" lon="6.19165">
        <ele>1133</ele>
        <time>2025-05-30T20:39:24+00:00</time>
      </trkpt>
      <trkpt lat="45.89061" lon="6.19152">
        <ele>1136</ele>
        <time>2025-05-30T20:39:27+00:00</time>
      </trkpt>
      <trkpt lat="45.89068" lon="6.19143">
        <ele>1137</ele>
        <time>2025-05-30T20:39:30+00:00</time>
      </trkpt>
      <trkpt lat="45.89077" lon="6.19136">
        <ele>1142</ele>
        <time>2025-05-30T20:39:33+00:00</time>
      </trkpt>
      <trkpt lat="45.89086" lon="6.19131">
        <ele>1145</ele>
        <time>2025-05-30T20:39:36+00:00</time>
      </trkpt>
      <trkpt lat="45.89081" lon="6.1912">
        <ele>1147</ele>
        <time>2025-05-30T20:39:39+00:00</time>
      </trkpt>
      <trkpt lat="45.89089" lon="6.19115">
        <ele>1150</ele>
        <time>2025-05-30T20:39:42+00:00</time>
      </trkpt>
      <trkpt lat="45.89097" lon="6.19108">
        <ele>1155</ele>
        <time>2025-05-30T20:39:45+00:00</time>
      </trkpt>
      <trkpt lat="45.89101" lon="6.19095">
        <ele>1160</ele>
        <time>2025-05-30T20:39:48+00:00</time>
      </trkpt>
      <trkpt lat="45.89106" lon="6.19088">
        <ele>1167</ele>
        <time>2025-05-30T20:39:51+00:00</time>
      </trkpt>
      <trkpt lat="45.89107" lon="6.19087">
        <ele>1167</ele>
        <time>2025-05-30T20:39:54+00:00</time>
      </trkpt>
      <trkpt lat="45.89117" lon="6.19085">
        <ele>1165</ele>
        <time>2025-05-30T20:39:57+00:00</time>
      </trkpt>
      <trkpt lat="45.89108" lon="6.19081">
        <ele>1167</ele>
        <time>2025-05-30T20:40:00+00:00</time>
      </trkpt>
      <trkpt lat="45.891" lon="6.19088">
        <ele>1168</ele>
        <time>2025-05-30T20:40:03+00:00</time>
      </trkpt>
      <trkpt lat="45.89091" lon="6.19081">
        <ele>1168</ele>
        <time>2025-05-30T20:40:06+00:00</time>
      </trkpt>
      <trkpt lat="45.89088" lon="6.19079">
        <ele>1181</ele>
        <time>2025-05-30T20:40:09+00:00</time>
      </trkpt>
      <trkpt lat="45.89085" lon="6.19078">
        <ele>1181</ele>
        <time>2025-05-30T20:40:12+00:00</time>
      </trkpt>
      <trkpt lat="45.89077" lon="6.19073">
        <ele>1182</ele>
        <time>2025-05-30T20:40:15+00:00</time>
      </trkpt>
      <trkpt lat="45.89074" lon="6.19069">
        <ele>1187</ele>
        <time>2025-05-30T20:40:18+00:00</time>
      </trkpt>
      <trkpt lat="45.8907" lon="6.19068">
        <ele>1187</ele>
        <time>2025-05-30T20:40:21+00:00</time>
      </trkpt>
      <trkpt lat="45.89066" lon="6.19061">
        <ele>1188</ele>
        <time>2025-05-30T20:40:24+00:00</time>
      </trkpt>
      <trkpt lat="45.8906" lon="6.19056">
        <ele>1192</ele>
        <time>2025-05-30T20:40:27+00:00</time>
      </trkpt>
      <trkpt lat="45.89059" lon="6.19054">
        <ele>1192</ele>
        <time>2025-05-30T20:40:30+00:00</time>
      </trkpt>
      <trkpt lat="45.89059" lon="6.19046">
        <ele>1194</ele>
        <time>2025-05-30T20:40:33+00:00</time>
      </trkpt>
      <trkpt lat="45.89058" lon="6.19041">
        <ele>1194</ele>
        <time>2025-05-30T20:40:36+00:00</time>
      </trkpt>
      <trkpt lat="45.89058" lon="6.19033">
        <ele>1195</ele>
        <time>2025-05-30T20:40:39+00:00</time>
      </trkpt>
      <trkpt lat="45.89059" lon="6.19031">
        <ele>1195</ele>
        <time>2025-05-30T20:40:42+00:00</time>
      </trkpt>
      <trkpt lat="45.89064" lon="6.19029">
        <ele>1201</ele>
        <time>2025-05-30T20:40:45+00:00</time>
      </trkpt>
      <trkpt lat="45.89072" lon="6.19027">
        <ele>1205</ele>
        <time>2025-05-30T20:40:48+00:00</time>
      </trkpt>
      <trkpt lat="45.89073" lon="6.19025">
        <ele>1205</ele>
        <time>2025-05-30T20:40:51+00:00</time>
      </trkpt>
      <trkpt lat="45.89073" lon="6.19022">
        <ele>1205</ele>
        <time>2025-05-30T20:40:54+00:00</time>
      </trkpt>
      <trkpt lat="45.89075" lon="6.19019">
        <ele>1209</ele>
        <time>2025-05-30T20:40:57+00:00</time>
      </trkpt>
      <trkpt lat="45.89079" lon="6.19013">
        <ele>1209</ele>
        <time>2025-05-30T20:41:00+00:00</time>
      </trkpt>
      <trkpt lat="45.89083" lon="6.1901">
        <ele>1215</ele>
        <time>2025-05-30T20:41:03+00:00</time>
      </trkpt>
      <trkpt lat="45.89083" lon="6.19004">
        <ele>1215</ele>
        <time>2025-05-30T20:41:06+00:00</time>
      </trkpt>
      <trkpt lat="45.89083" lon="6.19002">
        <ele>1215</ele>
        <time>2025-05-30T20:41:09+00:00</time>
      </trkpt>
      <trkpt lat="45.89092" lon="6.18991">
        <ele>1214</ele>
        <time>2025-05-30T20:41:12+00:00</time>
      </trkpt>
      <trkpt lat="45.89095" lon="6.1898">
        <ele>1220</ele>
        <time>2025-05-30T20:41:15+00:00</time>
      </trkpt>
      <trkpt lat="45.89099" lon="6.18971">
        <ele>1220</ele>
        <time>2025-05-30T20:41:18+00:00</time>
      </trkpt>
      <trkpt lat="45.89099" lon="6.18965">
        <ele>1219</ele>
        <time>2025-05-30T20:41:21+00:00</time>
      </trkpt>
      <trkpt lat="45.89104" lon="6.18958">
        <ele>1227</ele>
        <time>2025-05-30T20:41:24+00:00</time>
      </trkpt>
      <trkpt lat="45.89106" lon="6.18957">
        <ele>1227</ele>
        <time>2025-05-30T20:41:27+00:00</time>
      </trkpt>
      <trkpt lat="45.89112" lon="6.18954">
        <ele>1238</ele>
        <time>2025-05-30T20:41:30+00:00</time>
      </trkpt>
      <trkpt lat="45.8912" lon="6.18946">
        <ele>1234</ele>
        <time>2025-05-30T20:41:33+00:00</time>
      </trkpt>
      <trkpt lat="45.89129" lon="6.18941">
        <ele>1238</ele>
        <time>2025-05-30T20:41:36+00:00</time>
      </trkpt>
      <trkpt lat="45.89136" lon="6.18949">
        <ele>1241</ele>
        <time>2025-05-30T20:41:39+00:00</time>
      </trkpt>
      <trkpt lat="45.89136" lon="6.18957">
        <ele>1242</ele>
        <time>2025-05-30T20:41:42+00:00</time>
      </trkpt>
      <trkpt lat="45.89145" lon="6.18947">
        <ele>1244</ele>
        <time>2025-05-30T20:41:45+00:00</time>
      </trkpt>
      <trkpt lat="45.89148" lon="6.18943">
        <ele>1244</ele>
        <time>2025-05-30T20:41:48+00:00</time>
      </trkpt>
      <trkpt lat="45.89165" lon="6.18933">
        <ele>1249</ele>
        <time>2025-05-30T20:41:51+00:00</time>
      </trkpt>
      <trkpt lat="45.89174" lon="6.18934">
        <ele>1253</ele>
        <time>2025-05-30T20:41:54+00:00</time>
      </trkpt>
      <trkpt lat="45.89184" lon="6.18931">
        <ele>1255</ele>
        <time>2025-05-30T20:41:57+00:00</time>
      </trkpt>
      <trkpt lat="45.89192" lon="6.18925">
        <ele>1253</ele>
        <time>2025-05-30T20:42:00+00:00</time>
      </trkpt>
      <trkpt lat="45.89199" lon="6.18925">
        <ele>1253</ele>
        <time>2025-05-30T20:42:03+00:00</time>
      </trkpt>
      <trkpt lat="45.89209" lon="6.18933">
        <ele>1253</ele>
        <time>2025-05-30T20:42:06+00:00</time>
      </trkpt>
      <trkpt lat="45.89215" lon="6.18936">
        <ele>1253</ele>
        <time>2025-05-30T20:42:09+00:00</time>
      </trkpt>
      <trkpt lat="45.89245" lon="6.18944">
        <ele>1243</ele>
        <time>2025-05-30T20:42:12+00:00</time>
      </trkpt>
      <trkpt lat="45.89254" lon="6.18941">
        <ele>1240</ele>
        <time>2025-05-30T20:42:15+00:00</time>
      </trkpt>
      <trkpt lat="45.89263" lon="6.1894">
        <ele>1238</ele>
        <time>2025-05-30T20:42:18+00:00</time>
      </trkpt>
      <trkpt lat="45.89274" lon="6.18938">
        <ele>1239</ele>
        <time>2025-05-30T20:42:21+00:00</time>
      </trkpt>
      <trkpt lat="45.89284" lon="6.18938">
        <ele>1237</ele>
        <time>2025-05-30T20:42:24+00:00</time>
      </trkpt>
      <trkpt lat="45.89296" lon="6.18939">
        <ele>1232</ele>
        <time>2025-05-30T20:42:27+00:00</time>
      </trkpt>
      <trkpt lat="45.89305" lon="6.18937">
        <ele>1229</ele>
        <time>2025-05-30T20:42:30+00:00</time>
      </trkpt>
      <trkpt lat="45.89316" lon="6.18932">
        <ele>1227</ele>
        <time>2025-05-30T20:42:33+00:00</time>
      </trkpt>
      <trkpt lat="45.89328" lon="6.18929">
        <ele>1226</ele>
        <time>2025-05-30T20:42:36+00:00</time>
      </trkpt>
      <trkpt lat="45.89334" lon="6.18929">
        <ele>1224</ele>
        <time>2025-05-30T20:42:39+00:00</time>
      </trkpt>
      <trkpt lat="45.89356" lon="6.1893">
        <ele>1217</ele>
        <time>2025-05-30T20:42:42+00:00</time>
      </trkpt>
      <trkpt lat="45.89366" lon="6.18927">
        <ele>1217</ele>
        <time>2025-05-30T20:42:45+00:00</time>
      </trkpt>
      <trkpt lat="45.89376" lon="6.18922">
        <ele>1216</ele>
        <time>2025-05-30T20:42:48+00:00</time>
      </trkpt>
      <trkpt lat="45.89386" lon="6.1892">
        <ele>1214</ele>
        <time>2025-05-30T20:42:51+00:00</time>
      </trkpt>
      <trkpt lat="45.89395" lon="6.18922">
        <ele>1213</ele>
        <time>2025-05-30T20:42:54+00:00</time>
      </trkpt>
      <trkpt lat="45.89406" lon="6.18922">
        <ele>1210</ele>
        <time>2025-05-30T20:42:57+00:00</time>
      </trkpt>
      <trkpt lat="45.89425" lon="6.18927">
        <ele>1203</ele>
        <time>2025-05-30T20:43:00+00:00</time>
      </trkpt>
      <trkpt lat="45.89435" lon="6.18928">
        <ele>1201</ele>
        <time>2025-05-30T20:43:03+00:00</time>
      </trkpt>
      <trkpt lat="45.89444" lon="6.18928">
        <ele>1200</ele>
        <time>2025-05-30T20:43:06+00:00</time>
      </trkpt>
      <trkpt lat="45.89467" lon="6.1893">
        <ele>1195</ele>
        <time>2025-05-30T20:43:09+00:00</time>
      </trkpt>
      <trkpt lat="45.89476" lon="6.18934">
        <ele>1191</ele>
        <time>2025-05-30T20:43:12+00:00</time>
      </trkpt>
      <trkpt lat="45.89497" lon="6.18937">
        <ele>1188</ele>
        <time>2025-05-30T20:43:15+00:00</time>
      </trkpt>
      <trkpt lat="45.89518" lon="6.18943">
        <ele>1183</ele>
        <time>2025-05-30T20:43:18+00:00</time>
      </trkpt>
      <trkpt lat="45.89528" lon="6.18945">
        <ele>1182</ele>
        <time>2025-05-30T20:43:21+00:00</time>
      </trkpt>
      <trkpt lat="45.89539" lon="6.18943">
        <ele>1179</ele>
        <time>2025-05-30T20:43:24+00:00</time>
      </trkpt>
      <trkpt lat="45.8956" lon="6.18948">
        <ele>1175</ele>
        <time>2025-05-30T20:43:27+00:00</time>
      </trkpt>
      <trkpt lat="45.8957" lon="6.18951">
        <ele>1172</ele>
        <time>2025-05-30T20:43:30+00:00</time>
      </trkpt>
      <trkpt lat="45.89579" lon="6.18951">
        <ele>1170</ele>
        <time>2025-05-30T20:43:33+00:00</time>
      </trkpt>
      <trkpt lat="45.89592" lon="6.18954">
        <ele>1166</ele>
        <time>2025-05-30T20:43:36+00:00</time>
      </trkpt>
      <trkpt lat="45.89601" lon="6.18953">
        <ele>1164</ele>
        <time>2025-05-30T20:43:39+00:00</time>
      </trkpt>
      <trkpt lat="45.8961" lon="6.18954">
        <ele>1164</ele>
        <time>2025-05-30T20:43:42+00:00</time>
      </trkpt>
      <trkpt lat="45.89621" lon="6.18956">
        <ele>1162</ele>
        <time>2025-05-30T20:43:45+00:00</time>
      </trkpt>
      <trkpt lat="45.8963" lon="6.18962">
        <ele>1156</ele>
        <time>2025-05-30T20:43:48+00:00</time>
      </trkpt>
      <trkpt lat="45.89661" lon="6.18965">
        <ele>1152</ele>
        <time>2025-05-30T20:43:51+00:00</time>
      </trkpt>
      <trkpt lat="45.89672" lon="6.18964">
        <ele>1150</ele>
        <time>2025-05-30T20:43:54+00:00</time>
      </trkpt>
      <trkpt lat="45.89692" lon="6.18965">
        <ele>1147</ele>
        <time>2025-05-30T20:43:57+00:00</time>
      </trkpt>
      <trkpt lat="45.89714" lon="6.18968">
        <ele>1143</ele>
        <time>2025-05-30T20:44:00+00:00</time>
      </trkpt>
      <trkpt lat="45.89725" lon="6.18975">
        <ele>1137</ele>
        <time>2025-05-30T20:44:03+00:00</time>
      </trkpt>
      <trkpt lat="45.89733" lon="6.18982">
        <ele>1135</ele>
        <time>2025-05-30T20:44:06+00:00</time>
      </trkpt>
      <trkpt lat="45.89754" lon="6.18988">
        <ele>1130</ele>
        <time>2025-05-30T20:44:09+00:00</time>
      </trkpt>
      <trkpt lat="45.89763" lon="6.18989">
        <ele>1128</ele>
        <time>2025-05-30T20:44:12+00:00</time>
      </trkpt>
      <trkpt lat="45.89784" lon="6.18993">
        <ele>1121</ele>
        <time>2025-05-30T20:44:15+00:00</time>
      </trkpt>
      <trkpt lat="45.89795" lon="6.18993">
        <ele>1118</ele>
        <time>2025-05-30T20:44:18+00:00</time>
      </trkpt>
      <trkpt lat="45.89814" lon="6.18996">
        <ele>1113</ele>
        <time>2025-05-30T20:44:21+00:00</time>
      </trkpt>
      <trkpt lat="45.89825" lon="6.18996">
        <ele>1112</ele>
        <time>2025-05-30T20:44:24+00:00</time>
      </trkpt>
      <trkpt lat="45.89845" lon="6.18996">
        <ele>1109</ele>
        <time>2025-05-30T20:44:27+00:00</time>
      </trkpt>
      <trkpt lat="45.89856" lon="6.18994">
        <ele>1108</ele>
        <time>2025-05-30T20:44:30+00:00</time>
      </trkpt>
      <trkpt lat="45.89876" lon="6.18993">
        <ele>1106</ele>
        <time>2025-05-30T20:44:33+00:00</time>
      </trkpt>
      <trkpt lat="45.89898" lon="6.18991">
        <ele>1104</ele>
        <time>2025-05-30T20:44:36+00:00</time>
      </trkpt>
      <trkpt lat="45.89908" lon="6.18986">
        <ele>1104</ele>
        <time>2025-05-30T20:44:39+00:00</time>
      </trkpt>
      <trkpt lat="45.8993" lon="6.18981">
        <ele>1097</ele>
        <time>2025-05-30T20:44:42+00:00</time>
      </trkpt>
      <trkpt lat="45.89941" lon="6.18976">
        <ele>1096</ele>
        <time>2025-05-30T20:44:45+00:00</time>
      </trkpt>
      <trkpt lat="45.89951" lon="6.18969">
        <ele>1096</ele>
        <time>2025-05-30T20:44:48+00:00</time>
      </trkpt>
      <trkpt lat="45.89962" lon="6.18967">
        <ele>1094</ele>
        <time>2025-05-30T20:44:51+00:00</time>
      </trkpt>
      <trkpt lat="45.89971" lon="6.18964">
        <ele>1094</ele>
        <time>2025-05-30T20:44:54+00:00</time>
      </trkpt>
      <trkpt lat="45.90009" lon="6.18942">
        <ele>1093</ele>
        <time>2025-05-30T20:44:57+00:00</time>
      </trkpt>
      <trkpt lat="45.90019" lon="6.18938">
        <ele>1095</ele>
        <time>2025-05-30T20:45:00+00:00</time>
      </trkpt>
      <trkpt lat="45.90029" lon="6.18932">
        <ele>1090</ele>
        <time>2025-05-30T20:45:03+00:00</time>
      </trkpt>
      <trkpt lat="45.90039" lon="6.18928">
        <ele>1090</ele>
        <time>2025-05-30T20:45:06+00:00</time>
      </trkpt>
      <trkpt lat="45.90049" lon="6.1892">
        <ele>1091</ele>
        <time>2025-05-30T20:45:09+00:00</time>
      </trkpt>
      <trkpt lat="45.90058" lon="6.18912">
        <ele>1089</ele>
        <time>2025-05-30T20:45:12+00:00</time>
      </trkpt>
      <trkpt lat="45.90067" lon="6.18904">
        <ele>1090</ele>
        <time>2025-05-30T20:45:15+00:00</time>
      </trkpt>
      <trkpt lat="45.90076" lon="6.18904">
        <ele>1092</ele>
        <time>2025-05-30T20:45:18+00:00</time>
      </trkpt>
      <trkpt lat="45.90087" lon="6.18902">
        <ele>1090</ele>
        <time>2025-05-30T20:45:21+00:00</time>
      </trkpt>
      <trkpt lat="45.90106" lon="6.18896">
        <ele>1087</ele>
        <time>2025-05-30T20:45:24+00:00</time>
      </trkpt>
      <trkpt lat="45.90118" lon="6.18893">
        <ele>1092</ele>
        <time>2025-05-30T20:45:27+00:00</time>
      </trkpt>
      <trkpt lat="45.90148" lon="6.18882">
        <ele>1085</ele>
        <time>2025-05-30T20:45:30+00:00</time>
      </trkpt>
      <trkpt lat="45.90176" lon="6.18865">
        <ele>1081</ele>
        <time>2025-05-30T20:45:33+00:00</time>
      </trkpt>
      <trkpt lat="45.90185" lon="6.18858">
        <ele>1082</ele>
        <time>2025-05-30T20:45:36+00:00</time>
      </trkpt>
      <trkpt lat="45.90215" lon="6.18846">
        <ele>1082</ele>
        <time>2025-05-30T20:45:39+00:00</time>
      </trkpt>
      <trkpt lat="45.90222" lon="6.18836">
        <ele>1081</ele>
        <time>2025-05-30T20:45:42+00:00</time>
      </trkpt>
      <trkpt lat="45.9023" lon="6.1883">
        <ele>1079</ele>
        <time>2025-05-30T20:45:45+00:00</time>
      </trkpt>
      <trkpt lat="45.90239" lon="6.18827">
        <ele>1083</ele>
        <time>2025-05-30T20:45:48+00:00</time>
      </trkpt>
      <trkpt lat="45.90259" lon="6.18817">
        <ele>1083</ele>
        <time>2025-05-30T20:45:51+00:00</time>
      </trkpt>
      <trkpt lat="45.90278" lon="6.18811">
        <ele>1080</ele>
        <time>2025-05-30T20:45:54+00:00</time>
      </trkpt>
      <trkpt lat="45.90289" lon="6.18803">
        <ele>1079</ele>
        <time>2025-05-30T20:45:57+00:00</time>
      </trkpt>
      <trkpt lat="45.90309" lon="6.18799">
        <ele>1078</ele>
        <time>2025-05-30T20:46:00+00:00</time>
      </trkpt>
      <trkpt lat="45.90319" lon="6.18796">
        <ele>1075</ele>
        <time>2025-05-30T20:46:03+00:00</time>
      </trkpt>
      <trkpt lat="45.90329" lon="6.18789">
        <ele>1076</ele>
        <time>2025-05-30T20:46:06+00:00</time>
      </trkpt>
      <trkpt lat="45.90341" lon="6.18784">
        <ele>1069</ele>
        <time>2025-05-30T20:46:09+00:00</time>
      </trkpt>
      <trkpt lat="45.90349" lon="6.18775">
        <ele>1076</ele>
        <time>2025-05-30T20:46:12+00:00</time>
      </trkpt>
      <trkpt lat="45.90377" lon="6.18757">
        <ele>1076</ele>
        <time>2025-05-30T20:46:15+00:00</time>
      </trkpt>
      <trkpt lat="45.90404" lon="6.18735">
        <ele>1074</ele>
        <time>2025-05-30T20:46:18+00:00</time>
      </trkpt>
      <trkpt lat="45.90424" lon="6.18721">
        <ele>1075</ele>
        <time>2025-05-30T20:46:21+00:00</time>
      </trkpt>
      <trkpt lat="45.90432" lon="6.18712">
        <ele>1078</ele>
        <time>2025-05-30T20:46:24+00:00</time>
      </trkpt>
      <trkpt lat="45.90441" lon="6.18708">
        <ele>1077</ele>
        <time>2025-05-30T20:46:27+00:00</time>
      </trkpt>
      <trkpt lat="45.90447" lon="6.18697">
        <ele>1077</ele>
        <time>2025-05-30T20:46:30+00:00</time>
      </trkpt>
      <trkpt lat="45.90439" lon="6.18688">
        <ele>1080</ele>
        <time>2025-05-30T20:46:33+00:00</time>
      </trkpt>
      <trkpt lat="45.90436" lon="6.18675">
        <ele>1085</ele>
        <time>2025-05-30T20:46:36+00:00</time>
      </trkpt>
      <trkpt lat="45.90443" lon="6.18665">
        <ele>1083</ele>
        <time>2025-05-30T20:46:39+00:00</time>
      </trkpt>
      <trkpt lat="45.9045" lon="6.18658">
        <ele>1089</ele>
        <time>2025-05-30T20:46:42+00:00</time>
      </trkpt>
      <trkpt lat="45.90459" lon="6.18652">
        <ele>1089</ele>
        <time>2025-05-30T20:46:45+00:00</time>
      </trkpt>
      <trkpt lat="45.90467" lon="6.18645">
        <ele>1086</ele>
        <time>2025-05-30T20:46:48+00:00</time>
      </trkpt>
      <trkpt lat="45.90475" lon="6.18635">
        <ele>1089</ele>
        <time>2025-05-30T20:46:51+00:00</time>
      </trkpt>
      <trkpt lat="45.90482" lon="6.18625">
        <ele>1086</ele>
        <time>2025-05-30T20:46:54+00:00</time>
      </trkpt>
      <trkpt lat="45.90485" lon="6.18623">
        <ele>1089</ele>
        <time>2025-05-30T20:46:57+00:00</time>
      </trkpt>
      <trkpt lat="45.90486" lon="6.1862">
        <ele>1089</ele>
        <time>2025-05-30T20:47:00+00:00</time>
      </trkpt>
      <trkpt lat="45.90489" lon="6.18608">
        <ele>1092</ele>
        <time>2025-05-30T20:47:03+00:00</time>
      </trkpt>
      <trkpt lat="45.90488" lon="6.18596">
        <ele>1087</ele>
        <time>2025-05-30T20:47:06+00:00</time>
      </trkpt>
      <trkpt lat="45.90482" lon="6.18584">
        <ele>1087</ele>
        <time>2025-05-30T20:47:09+00:00</time>
      </trkpt>
      <trkpt lat="45.90482" lon="6.1857">
        <ele>1089</ele>
        <time>2025-05-30T20:47:12+00:00</time>
      </trkpt>
      <trkpt lat="45.90486" lon="6.18557">
        <ele>1094</ele>
        <time>2025-05-30T20:47:15+00:00</time>
      </trkpt>
      <trkpt lat="45.90489" lon="6.18546">
        <ele>1097</ele>
        <time>2025-05-30T20:47:18+00:00</time>
      </trkpt>
      <trkpt lat="45.90491" lon="6.18543">
        <ele>1095</ele>
        <time>2025-05-30T20:47:21+00:00</time>
      </trkpt>
      <trkpt lat="45.90494" lon="6.18531">
        <ele>1101</ele>
        <time>2025-05-30T20:47:24+00:00</time>
      </trkpt>
      <trkpt lat="45.905" lon="6.1852">
        <ele>1106</ele>
        <time>2025-05-30T20:47:27+00:00</time>
      </trkpt>
      <trkpt lat="45.90507" lon="6.18512">
        <ele>1101</ele>
        <time>2025-05-30T20:47:30+00:00</time>
      </trkpt>
      <trkpt lat="45.90519" lon="6.18501">
        <ele>1100</ele>
        <time>2025-05-30T20:47:33+00:00</time>
      </trkpt>
      <trkpt lat="45.90526" lon="6.18489">
        <ele>1100</ele>
        <time>2025-05-30T20:47:36+00:00</time>
      </trkpt>
      <trkpt lat="45.90529" lon="6.18476">
        <ele>1102</ele>
        <time>2025-05-30T20:47:39+00:00</time>
      </trkpt>
      <trkpt lat="45.90529" lon="6.18463">
        <ele>1102</ele>
        <time>2025-05-30T20:47:42+00:00</time>
      </trkpt>
      <trkpt lat="45.90527" lon="6.18449">
        <ele>1100</ele>
        <time>2025-05-30T20:47:45+00:00</time>
      </trkpt>
      <trkpt lat="45.9053" lon="6.18436">
        <ele>1099</ele>
        <time>2025-05-30T20:47:48+00:00</time>
      </trkpt>
      <trkpt lat="45.90543" lon="6.18416">
        <ele>1097</ele>
        <time>2025-05-30T20:47:51+00:00</time>
      </trkpt>
      <trkpt lat="45.90551" lon="6.18408">
        <ele>1097</ele>
        <time>2025-05-30T20:47:54+00:00</time>
      </trkpt>
      <trkpt lat="45.90565" lon="6.18389">
        <ele>1094</ele>
        <time>2025-05-30T20:47:57+00:00</time>
      </trkpt>
      <trkpt lat="45.90574" lon="6.18383">
        <ele>1090</ele>
        <time>2025-05-30T20:48:00+00:00</time>
      </trkpt>
      <trkpt lat="45.90583" lon="6.18381">
        <ele>1086</ele>
        <time>2025-05-30T20:48:03+00:00</time>
      </trkpt>
      <trkpt lat="45.9059" lon="6.18373">
        <ele>1083</ele>
        <time>2025-05-30T20:48:06+00:00</time>
      </trkpt>
      <trkpt lat="45.90599" lon="6.18365">
        <ele>1085</ele>
        <time>2025-05-30T20:48:09+00:00</time>
      </trkpt>
      <trkpt lat="45.90603" lon="6.18352">
        <ele>1084</ele>
        <time>2025-05-30T20:48:12+00:00</time>
      </trkpt>
      <trkpt lat="45.90613" lon="6.18328">
        <ele>1084</ele>
        <time>2025-05-30T20:48:15+00:00</time>
      </trkpt>
      <trkpt lat="45.90619" lon="6.18315">
        <ele>1085</ele>
        <time>2025-05-30T20:48:18+00:00</time>
      </trkpt>
      <trkpt lat="45.90621" lon="6.18302">
        <ele>1084</ele>
        <time>2025-05-30T20:48:21+00:00</time>
      </trkpt>
      <trkpt lat="45.90622" lon="6.18287">
        <ele>1085</ele>
        <time>2025-05-30T20:48:24+00:00</time>
      </trkpt>
      <trkpt lat="45.90625" lon="6.18274">
        <ele>1080</ele>
        <time>2025-05-30T20:48:27+00:00</time>
      </trkpt>
      <trkpt lat="45.90636" lon="6.18251">
        <ele>1076</ele>
        <time>2025-05-30T20:48:30+00:00</time>
      </trkpt>
      <trkpt lat="45.90638" lon="6.18238">
        <ele>1078</ele>
        <time>2025-05-30T20:48:33+00:00</time>
      </trkpt>
      <trkpt lat="45.90647" lon="6.18211">
        <ele>1076</ele>
        <time>2025-05-30T20:48:36+00:00</time>
      </trkpt>
      <trkpt lat="45.9065" lon="6.18196">
        <ele>1076</ele>
        <time>2025-05-30T20:48:39+00:00</time>
      </trkpt>
      <trkpt lat="45.90654" lon="6.18184">
        <ele>1076</ele>
        <time>2025-05-30T20:48:42+00:00</time>
      </trkpt>
      <trkpt lat="45.90655" lon="6.18169">
        <ele>1079</ele>
        <time>2025-05-30T20:48:45+00:00</time>
      </trkpt>
      <trkpt lat="45.9066" lon="6.18126">
        <ele>1075</ele>
        <time>2025-05-30T20:48:48+00:00</time>
      </trkpt>
      <trkpt lat="45.90664" lon="6.18113">
        <ele>1075</ele>
        <time>2025-05-30T20:48:51+00:00</time>
      </trkpt>
      <trkpt lat="45.90664" lon="6.18098">
        <ele>1074</ele>
        <time>2025-05-30T20:48:54+00:00</time>
      </trkpt>
      <trkpt lat="45.90665" lon="6.18082">
        <ele>1074</ele>
        <time>2025-05-30T20:48:57+00:00</time>
      </trkpt>
      <trkpt lat="45.90668" lon="6.18066">
        <ele>1072</ele>
        <time>2025-05-30T20:49:00+00:00</time>
      </trkpt>
      <trkpt lat="45.90672" lon="6.18054">
        <ele>1069</ele>
        <time>2025-05-30T20:49:03+00:00</time>
      </trkpt>
      <trkpt lat="45.90688" lon="6.18031">
        <ele>1069</ele>
        <time>2025-05-30T20:49:06+00:00</time>
      </trkpt>
      <trkpt lat="45.90694" lon="6.18018">
        <ele>1064</ele>
        <time>2025-05-30T20:49:09+00:00</time>
      </trkpt>
      <trkpt lat="45.90698" lon="6.17988">
        <ele>1061</ele>
        <time>2025-05-30T20:49:12+00:00</time>
      </trkpt>
      <trkpt lat="45.90705" lon="6.17963">
        <ele>1056</ele>
        <time>2025-05-30T20:49:15+00:00</time>
      </trkpt>
      <trkpt lat="45.90707" lon="6.17946">
        <ele>1056</ele>
        <time>2025-05-30T20:49:18+00:00</time>
      </trkpt>
      <trkpt lat="45.90704" lon="6.17934">
        <ele>1055</ele>
        <time>2025-05-30T20:49:21+00:00</time>
      </trkpt>
      <trkpt lat="45.907" lon="6.1792">
        <ele>1055</ele>
        <time>2025-05-30T20:49:24+00:00</time>
      </trkpt>
      <trkpt lat="45.90702" lon="6.17906">
        <ele>1052</ele>
        <time>2025-05-30T20:49:27+00:00</time>
      </trkpt>
      <trkpt lat="45.90704" lon="6.17893">
        <ele>1051</ele>
        <time>2025-05-30T20:49:30+00:00</time>
      </trkpt>
      <trkpt lat="45.90707" lon="6.1788">
        <ele>1050</ele>
        <time>2025-05-30T20:49:33+00:00</time>
      </trkpt>
      <trkpt lat="45.9071" lon="6.17865">
        <ele>1048</ele>
        <time>2025-05-30T20:49:36+00:00</time>
      </trkpt>
      <trkpt lat="45.9071" lon="6.17851">
        <ele>1044</ele>
        <time>2025-05-30T20:49:39+00:00</time>
      </trkpt>
      <trkpt lat="45.90713" lon="6.17837">
        <ele>1043</ele>
        <time>2025-05-30T20:49:42+00:00</time>
      </trkpt>
      <trkpt lat="45.90723" lon="6.17796">
        <ele>1033</ele>
        <time>2025-05-30T20:49:45+00:00</time>
      </trkpt>
      <trkpt lat="45.90726" lon="6.17766">
        <ele>1029</ele>
        <time>2025-05-30T20:49:48+00:00</time>
      </trkpt>
      <trkpt lat="45.90732" lon="6.17734">
        <ele>1023</ele>
        <time>2025-05-30T20:49:51+00:00</time>
      </trkpt>
      <trkpt lat="45.90732" lon="6.17721">
        <ele>1022</ele>
        <time>2025-05-30T20:49:54+00:00</time>
      </trkpt>
      <trkpt lat="45.90732" lon="6.17705">
        <ele>1021</ele>
        <time>2025-05-30T20:49:57+00:00</time>
      </trkpt>
      <trkpt lat="45.90745" lon="6.1768">
        <ele>1015</ele>
        <time>2025-05-30T20:50:00+00:00</time>
      </trkpt>
      <trkpt lat="45.90747" lon="6.17666">
        <ele>1014</ele>
        <time>2025-05-30T20:50:03+00:00</time>
      </trkpt>
      <trkpt lat="45.90748" lon="6.1764">
        <ele>1012</ele>
        <time>2025-05-30T20:50:06+00:00</time>
      </trkpt>
      <trkpt lat="45.90746" lon="6.17624">
        <ele>1010</ele>
        <time>2025-05-30T20:50:09+00:00</time>
      </trkpt>
      <trkpt lat="45.9075" lon="6.17611">
        <ele>1001</ele>
        <time>2025-05-30T20:50:12+00:00</time>
      </trkpt>
      <trkpt lat="45.90754" lon="6.17599">
        <ele>998</ele>
        <time>2025-05-30T20:50:15+00:00</time>
      </trkpt>
      <trkpt lat="45.90756" lon="6.17584">
        <ele>997</ele>
        <time>2025-05-30T20:50:18+00:00</time>
      </trkpt>
      <trkpt lat="45.90759" lon="6.17571">
        <ele>996</ele>
        <time>2025-05-30T20:50:21+00:00</time>
      </trkpt>
      <trkpt lat="45.90754" lon="6.17528">
        <ele>986</ele>
        <time>2025-05-30T20:50:24+00:00</time>
      </trkpt>
      <trkpt lat="45.90758" lon="6.175">
        <ele>981</ele>
        <time>2025-05-30T20:50:27+00:00</time>
      </trkpt>
      <trkpt lat="45.90763" lon="6.17487">
        <ele>975</ele>
        <time>2025-05-30T20:50:30+00:00</time>
      </trkpt>
      <trkpt lat="45.90762" lon="6.17474">
        <ele>973</ele>
        <time>2025-05-30T20:50:33+00:00</time>
      </trkpt>
      <trkpt lat="45.90767" lon="6.17462">
        <ele>972</ele>
        <time>2025-05-30T20:50:36+00:00</time>
      </trkpt>
      <trkpt lat="45.90771" lon="6.17434">
        <ele>963</ele>
        <time>2025-05-30T20:50:39+00:00</time>
      </trkpt>
      <trkpt lat="45.90776" lon="6.17422">
        <ele>961</ele>
        <time>2025-05-30T20:50:42+00:00</time>
      </trkpt>
      <trkpt lat="45.90781" lon="6.17411">
        <ele>956</ele>
        <time>2025-05-30T20:50:45+00:00</time>
      </trkpt>
      <trkpt lat="45.9079" lon="6.17402">
        <ele>954</ele>
        <time>2025-05-30T20:50:48+00:00</time>
      </trkpt>
      <trkpt lat="45.90797" lon="6.17392">
        <ele>948</ele>
        <time>2025-05-30T20:50:51+00:00</time>
      </trkpt>
      <trkpt lat="45.90802" lon="6.17379">
        <ele>940</ele>
        <time>2025-05-30T20:50:54+00:00</time>
      </trkpt>
      <trkpt lat="45.908" lon="6.17364">
        <ele>939</ele>
        <time>2025-05-30T20:50:57+00:00</time>
      </trkpt>
      <trkpt lat="45.90803" lon="6.17336">
        <ele>937</ele>
        <time>2025-05-30T20:51:00+00:00</time>
      </trkpt>
      <trkpt lat="45.90802" lon="6.17323">
        <ele>934</ele>
        <time>2025-05-30T20:51:03+00:00</time>
      </trkpt>
      <trkpt lat="45.90805" lon="6.1731">
        <ele>932</ele>
        <time>2025-05-30T20:51:06+00:00</time>
      </trkpt>
      <trkpt lat="45.90812" lon="6.17283">
        <ele>921</ele>
        <time>2025-05-30T20:51:09+00:00</time>
      </trkpt>
      <trkpt lat="45.9082" lon="6.17276">
        <ele>920</ele>
        <time>2025-05-30T20:51:12+00:00</time>
      </trkpt>
      <trkpt lat="45.90827" lon="6.17268">
        <ele>917</ele>
        <time>2025-05-30T20:51:15+00:00</time>
      </trkpt>
      <trkpt lat="45.90834" lon="6.1726">
        <ele>915</ele>
        <time>2025-05-30T20:51:18+00:00</time>
      </trkpt>
      <trkpt lat="45.90844" lon="6.17256">
        <ele>915</ele>
        <time>2025-05-30T20:51:21+00:00</time>
      </trkpt>
      <trkpt lat="45.90855" lon="6.17258">
        <ele>915</ele>
        <time>2025-05-30T20:51:24+00:00</time>
      </trkpt>
      <trkpt lat="45.90863" lon="6.17264">
        <ele>913</ele>
        <time>2025-05-30T20:51:27+00:00</time>
      </trkpt>
      <trkpt lat="45.90877" lon="6.17285">
        <ele>911</ele>
        <time>2025-05-30T20:51:30+00:00</time>
      </trkpt>
      <trkpt lat="45.90879" lon="6.17299">
        <ele>910</ele>
        <time>2025-05-30T20:51:33+00:00</time>
      </trkpt>
      <trkpt lat="45.90885" lon="6.17313">
        <ele>906</ele>
        <time>2025-05-30T20:51:36+00:00</time>
      </trkpt>
      <trkpt lat="45.90891" lon="6.17324">
        <ele>904</ele>
        <time>2025-05-30T20:51:39+00:00</time>
      </trkpt>
      <trkpt lat="45.90908" lon="6.17339">
        <ele>900</ele>
        <time>2025-05-30T20:51:42+00:00</time>
      </trkpt>
      <trkpt lat="45.90915" lon="6.1735">
        <ele>898</ele>
        <time>2025-05-30T20:51:45+00:00</time>
      </trkpt>
      <trkpt lat="45.90924" lon="6.17356">
        <ele>895</ele>
        <time>2025-05-30T20:51:48+00:00</time>
      </trkpt>
      <trkpt lat="45.90932" lon="6.17363">
        <ele>892</ele>
        <time>2025-05-30T20:51:51+00:00</time>
      </trkpt>
      <trkpt lat="45.90949" lon="6.17386">
        <ele>889</ele>
        <time>2025-05-30T20:51:54+00:00</time>
      </trkpt>
      <trkpt lat="45.90958" lon="6.17392">
        <ele>887</ele>
        <time>2025-05-30T20:51:57+00:00</time>
      </trkpt>
      <trkpt lat="45.90979" lon="6.17422">
        <ele>884</ele>
        <time>2025-05-30T20:52:00+00:00</time>
      </trkpt>
      <trkpt lat="45.90987" lon="6.17429">
        <ele>884</ele>
        <time>2025-05-30T20:52:03+00:00</time>
      </trkpt>
      <trkpt lat="45.90994" lon="6.17438">
        <ele>883</ele>
        <time>2025-05-30T20:52:06+00:00</time>
      </trkpt>
      <trkpt lat="45.91002" lon="6.17446">
        <ele>883</ele>
        <time>2025-05-30T20:52:09+00:00</time>
      </trkpt>
      <trkpt lat="45.91012" lon="6.17447">
        <ele>883</ele>
        <time>2025-05-30T20:52:12+00:00</time>
      </trkpt>
      <trkpt lat="45.9102" lon="6.17453">
        <ele>880</ele>
        <time>2025-05-30T20:52:15+00:00</time>
      </trkpt>
      <trkpt lat="45.91027" lon="6.17466">
        <ele>879</ele>
        <time>2025-05-30T20:52:18+00:00</time>
      </trkpt>
      <trkpt lat="45.9103" lon="6.17479">
        <ele>876</ele>
        <time>2025-05-30T20:52:21+00:00</time>
      </trkpt>
      <trkpt lat="45.91032" lon="6.17495">
        <ele>874</ele>
        <time>2025-05-30T20:52:24+00:00</time>
      </trkpt>
      <trkpt lat="45.91028" lon="6.17509">
        <ele>873</ele>
        <time>2025-05-30T20:52:27+00:00</time>
      </trkpt>
      <trkpt lat="45.91028" lon="6.17523">
        <ele>864</ele>
        <time>2025-05-30T20:52:30+00:00</time>
      </trkpt>
      <trkpt lat="45.91032" lon="6.17536">
        <ele>861</ele>
        <time>2025-05-30T20:52:33+00:00</time>
      </trkpt>
      <trkpt lat="45.91038" lon="6.17546">
        <ele>858</ele>
        <time>2025-05-30T20:52:36+00:00</time>
      </trkpt>
      <trkpt lat="45.91046" lon="6.17554">
        <ele>855</ele>
        <time>2025-05-30T20:52:39+00:00</time>
      </trkpt>
      <trkpt lat="45.91053" lon="6.17563">
        <ele>852</ele>
        <time>2025-05-30T20:52:42+00:00</time>
      </trkpt>
      <trkpt lat="45.91067" lon="6.17584">
        <ele>843</ele>
        <time>2025-05-30T20:52:45+00:00</time>
      </trkpt>
      <trkpt lat="45.91075" lon="6.17592">
        <ele>841</ele>
        <time>2025-05-30T20:52:48+00:00</time>
      </trkpt>
      <trkpt lat="45.9108" lon="6.17603">
        <ele>839</ele>
        <time>2025-05-30T20:52:51+00:00</time>
      </trkpt>
      <trkpt lat="45.91087" lon="6.17612">
        <ele>840</ele>
        <time>2025-05-30T20:52:54+00:00</time>
      </trkpt>
      <trkpt lat="45.91093" lon="6.17627">
        <ele>839</ele>
        <time>2025-05-30T20:52:57+00:00</time>
      </trkpt>
      <trkpt lat="45.91103" lon="6.17632">
        <ele>839</ele>
        <time>2025-05-30T20:53:00+00:00</time>
      </trkpt>
      <trkpt lat="45.91115" lon="6.17659">
        <ele>838</ele>
        <time>2025-05-30T20:53:03+00:00</time>
      </trkpt>
      <trkpt lat="45.91131" lon="6.17698">
        <ele>838</ele>
        <time>2025-05-30T20:53:06+00:00</time>
      </trkpt>
      <trkpt lat="45.91147" lon="6.17734">
        <ele>837</ele>
        <time>2025-05-30T20:53:09+00:00</time>
      </trkpt>
      <trkpt lat="45.91174" lon="6.17793">
        <ele>832</ele>
        <time>2025-05-30T20:53:12+00:00</time>
      </trkpt>
      <trkpt lat="45.91197" lon="6.17812">
        <ele>829</ele>
        <time>2025-05-30T20:53:15+00:00</time>
      </trkpt>
      <trkpt lat="45.91226" lon="6.17835">
        <ele>826</ele>
        <time>2025-05-30T20:53:18+00:00</time>
      </trkpt>
      <trkpt lat="45.91248" lon="6.17859">
        <ele>825</ele>
        <time>2025-05-30T20:53:21+00:00</time>
      </trkpt>
      <trkpt lat="45.91281" lon="6.17895">
        <ele>820</ele>
        <time>2025-05-30T20:53:24+00:00</time>
      </trkpt>
      <trkpt lat="45.91306" lon="6.17907">
        <ele>820</ele>
        <time>2025-05-30T20:53:27+00:00</time>
      </trkpt>
      <trkpt lat="45.91339" lon="6.17924">
        <ele>812</ele>
        <time>2025-05-30T20:53:30+00:00</time>
      </trkpt>
      <trkpt lat="45.91385" lon="6.17927">
        <ele>812</ele>
        <time>2025-05-30T20:53:33+00:00</time>
      </trkpt>
      <trkpt lat="45.91414" lon="6.17917">
        <ele>804</ele>
        <time>2025-05-30T20:53:36+00:00</time>
      </trkpt>
      <trkpt lat="45.91436" lon="6.179">
        <ele>799</ele>
        <time>2025-05-30T20:53:39+00:00</time>
      </trkpt>
      <trkpt lat="45.91434" lon="6.17916">
        <ele>799</ele>
        <time>2025-05-30T20:53:42+00:00</time>
      </trkpt>
      <trkpt lat="45.91427" lon="6.17951">
        <ele>796</ele>
        <time>2025-05-30T20:53:45+00:00</time>
      </trkpt>
      <trkpt lat="45.91412" lon="6.17973">
        <ele>796</ele>
        <time>2025-05-30T20:53:48+00:00</time>
      </trkpt>
      <trkpt lat="45.9139" lon="6.17982">
        <ele>796</ele>
        <time>2025-05-30T20:53:51+00:00</time>
      </trkpt>
      <trkpt lat="45.91357" lon="6.17984">
        <ele>789</ele>
        <time>2025-05-30T20:53:54+00:00</time>
      </trkpt>
      <trkpt lat="45.91345" lon="6.17993">
        <ele>787</ele>
        <time>2025-05-30T20:53:57+00:00</time>
      </trkpt>
      <trkpt lat="45.91324" lon="6.18018">
        <ele>784</ele>
        <time>2025-05-30T20:54:00+00:00</time>
      </trkpt>
      <trkpt lat="45.91305" lon="6.18047">
        <ele>778</ele>
        <time>2025-05-30T20:54:03+00:00</time>
      </trkpt>
      <trkpt lat="45.91309" lon="6.18052">
        <ele>777</ele>
        <time>2025-05-30T20:54:06+00:00</time>
      </trkpt>
      <trkpt lat="45.91331" lon="6.18083">
        <ele>771</ele>
        <time>2025-05-30T20:54:09+00:00</time>
      </trkpt>
      <trkpt lat="45.91335" lon="6.18108">
        <ele>769</ele>
        <time>2025-05-30T20:54:12+00:00</time>
      </trkpt>
      <trkpt lat="45.91345" lon="6.18102">
        <ele>768</ele>
        <time>2025-05-30T20:54:15+00:00</time>
      </trkpt>
      <trkpt lat="45.91367" lon="6.18102">
        <ele>765</ele>
        <time>2025-05-30T20:54:18+00:00</time>
      </trkpt>
      <trkpt lat="45.9139" lon="6.18093">
        <ele>763</ele>
        <time>2025-05-30T20:54:21+00:00</time>
      </trkpt>
      <trkpt lat="45.91414" lon="6.1808">
        <ele>761</ele>
        <time>2025-05-30T20:54:24+00:00</time>
      </trkpt>
      <trkpt lat="45.91434" lon="6.18069">
        <ele>760</ele>
        <time>2025-05-30T20:54:27+00:00</time>
      </trkpt>
      <trkpt lat="45.91459" lon="6.18072">
        <ele>755</ele>
        <time>2025-05-30T20:54:30+00:00</time>
      </trkpt>
      <trkpt lat="45.91493" lon="6.18062">
        <ele>752</ele>
        <time>2025-05-30T20:54:33+00:00</time>
      </trkpt>
      <trkpt lat="45.91533" lon="6.1805">
        <ele>745</ele>
        <time>2025-05-30T20:54:36+00:00</time>
      </trkpt>
      <trkpt lat="45.91545" lon="6.18032">
        <ele>745</ele>
        <time>2025-05-30T20:54:39+00:00</time>
      </trkpt>
      <trkpt lat="45.91548" lon="6.18007">
        <ele>745</ele>
        <time>2025-05-30T20:54:42+00:00</time>
      </trkpt>
      <trkpt lat="45.91551" lon="6.17977">
        <ele>740</ele>
        <time>2025-05-30T20:54:45+00:00</time>
      </trkpt>
      <trkpt lat="45.91551" lon="6.17943">
        <ele>740</ele>
        <time>2025-05-30T20:54:48+00:00</time>
      </trkpt>
      <trkpt lat="45.91552" lon="6.17908">
        <ele>738</ele>
        <time>2025-05-30T20:54:51+00:00</time>
      </trkpt>
      <trkpt lat="45.91575" lon="6.17855">
        <ele>736</ele>
        <time>2025-05-30T20:54:54+00:00</time>
      </trkpt>
      <trkpt lat="45.91573" lon="6.17813">
        <ele>737</ele>
        <time>2025-05-30T20:54:57+00:00</time>
      </trkpt>
      <trkpt lat="45.9157" lon="6.17779">
        <ele>735</ele>
        <time>2025-05-30T20:55:00+00:00</time>
      </trkpt>
      <trkpt lat="45.91581" lon="6.17757">
        <ele>734</ele>
        <time>2025-05-30T20:55:03+00:00</time>
      </trkpt>
      <trkpt lat="45.91592" lon="6.17767">
        <ele>727</ele>
        <time>2025-05-30T20:55:06+00:00</time>
      </trkpt>
      <trkpt lat="45.91593" lon="6.17799">
        <ele>727</ele>
        <time>2025-05-30T20:55:09+00:00</time>
      </trkpt>
      <trkpt lat="45.91594" lon="6.17851">
        <ele>723</ele>
        <time>2025-05-30T20:55:12+00:00</time>
      </trkpt>
      <trkpt lat="45.91597" lon="6.17885">
        <ele>723</ele>
        <time>2025-05-30T20:55:15+00:00</time>
      </trkpt>
      <trkpt lat="45.91601" lon="6.17918">
        <ele>718</ele>
        <time>2025-05-30T20:55:18+00:00</time>
      </trkpt>
      <trkpt lat="45.91606" lon="6.17956">
        <ele>718</ele>
        <time>2025-05-30T20:55:21+00:00</time>
      </trkpt>
      <trkpt lat="45.91612" lon="6.18007">
        <ele>714</ele>
        <time>2025-05-30T20:55:24+00:00</time>
      </trkpt>
      <trkpt lat="45.91632" lon="6.18021">
        <ele>712</ele>
        <time>2025-05-30T20:55:27+00:00</time>
      </trkpt>
      <trkpt lat="45.91643" lon="6.18004">
        <ele>712</ele>
        <time>2025-05-30T20:55:30+00:00</time>
      </trkpt>
      <trkpt lat="45.91645" lon="6.17979">
        <ele>710</ele>
        <time>2025-05-30T20:55:33+00:00</time>
      </trkpt>
      <trkpt lat="45.9164" lon="6.17935">
        <ele>706</ele>
        <time>2025-05-30T20:55:36+00:00</time>
      </trkpt>
      <trkpt lat="45.91636" lon="6.17904">
        <ele>706</ele>
        <time>2025-05-30T20:55:39+00:00</time>
      </trkpt>
      <trkpt lat="45.91637" lon="6.17871">
        <ele>706</ele>
        <time>2025-05-30T20:55:42+00:00</time>
      </trkpt>
      <trkpt lat="45.9165" lon="6.17822">
        <ele>703</ele>
        <time>2025-05-30T20:55:45+00:00</time>
      </trkpt>
      <trkpt lat="45.91658" lon="6.17777">
        <ele>699</ele>
        <time>2025-05-30T20:55:48+00:00</time>
      </trkpt>
      <trkpt lat="45.91675" lon="6.17743">
        <ele>693</ele>
        <time>2025-05-30T20:55:51+00:00</time>
      </trkpt>
      <trkpt lat="45.91691" lon="6.177">
        <ele>690</ele>
        <time>2025-05-30T20:55:54+00:00</time>
      </trkpt>
      <trkpt lat="45.91702" lon="6.17651">
        <ele>688</ele>
        <time>2025-05-30T20:55:57+00:00</time>
      </trkpt>
      <trkpt lat="45.91704" lon="6.17612">
        <ele>686</ele>
        <time>2025-05-30T20:56:00+00:00</time>
      </trkpt>
      <trkpt lat="45.91697" lon="6.17569">
        <ele>682</ele>
        <time>2025-05-30T20:56:03+00:00</time>
      </trkpt>
      <trkpt lat="45.91696" lon="6.17537">
        <ele>682</ele>
        <time>2025-05-30T20:56:06+00:00</time>
      </trkpt>
      <trkpt lat="45.91697" lon="6.17503">
        <ele>681</ele>
        <time>2025-05-30T20:56:09+00:00</time>
      </trkpt>
      <trkpt lat="45.91697" lon="6.17468">
        <ele>678</ele>
        <time>2025-05-30T20:56:12+00:00</time>
      </trkpt>
      <trkpt lat="45.91692" lon="6.1743">
        <ele>671</ele>
        <time>2025-05-30T20:56:15+00:00</time>
      </trkpt>
      <trkpt lat="45.91685" lon="6.17376">
        <ele>667</ele>
        <time>2025-05-30T20:56:18+00:00</time>
      </trkpt>
      <trkpt lat="45.91671" lon="6.17349">
        <ele>666</ele>
        <time>2025-05-30T20:56:21+00:00</time>
      </trkpt>
      <trkpt lat="45.91656" lon="6.17322">
        <ele>666</ele>
        <time>2025-05-30T20:56:24+00:00</time>
      </trkpt>
      <trkpt lat="45.91641" lon="6.17262">
        <ele>659</ele>
        <time>2025-05-30T20:56:27+00:00</time>
      </trkpt>
      <trkpt lat="45.91627" lon="6.17234">
        <ele>657</ele>
        <time>2025-05-30T20:56:30+00:00</time>
      </trkpt>
      <trkpt lat="45.91613" lon="6.17204">
        <ele>654</ele>
        <time>2025-05-30T20:56:33+00:00</time>
      </trkpt>
      <trkpt lat="45.91597" lon="6.17153">
        <ele>655</ele>
        <time>2025-05-30T20:56:36+00:00</time>
      </trkpt>
      <trkpt lat="45.91576" lon="6.17151">
        <ele>655</ele>
        <time>2025-05-30T20:56:39+00:00</time>
      </trkpt>
      <trkpt lat="45.91544" lon="6.17126">
        <ele>656</ele>
        <time>2025-05-30T20:56:42+00:00</time>
      </trkpt>
      <trkpt lat="45.91529" lon="6.17113">
        <ele>660</ele>
        <time>2025-05-30T20:56:45+00:00</time>
      </trkpt>
      <trkpt lat="45.91517" lon="6.17096">
        <ele>658</ele>
        <time>2025-05-30T20:56:48+00:00</time>
      </trkpt>
      <trkpt lat="45.91497" lon="6.17086">
        <ele>657</ele>
        <time>2025-05-30T20:56:51+00:00</time>
      </trkpt>
      <trkpt lat="45.91479" lon="6.17065">
        <ele>657</ele>
        <time>2025-05-30T20:56:54+00:00</time>
      </trkpt>
      <trkpt lat="45.91469" lon="6.17055">
        <ele>656</ele>
        <time>2025-05-30T20:56:57+00:00</time>
      </trkpt>
      <trkpt lat="45.91449" lon="6.17041">
        <ele>657</ele>
        <time>2025-05-30T20:57:00+00:00</time>
      </trkpt>
      <trkpt lat="45.9144" lon="6.17032">
        <ele>657</ele>
        <time>2025-05-30T20:57:03+00:00</time>
      </trkpt>
      <trkpt lat="45.91423" lon="6.1702">
        <ele>658</ele>
        <time>2025-05-30T20:57:06+00:00</time>
      </trkpt>
      <trkpt lat="45.91414" lon="6.17018">
        <ele>655</ele>
        <time>2025-05-30T20:57:09+00:00</time>
      </trkpt>
      <trkpt lat="45.91404" lon="6.17017">
        <ele>660</ele>
        <time>2025-05-30T20:57:12+00:00</time>
      </trkpt>
      <trkpt lat="45.91395" lon="6.17011">
        <ele>662</ele>
        <time>2025-05-30T20:57:15+00:00</time>
      </trkpt>
      <trkpt lat="45.91386" lon="6.17009">
        <ele>662</ele>
        <time>2025-05-30T20:57:18+00:00</time>
      </trkpt>
      <trkpt lat="45.91374" lon="6.17003">
        <ele>664</ele>
        <time>2025-05-30T20:57:21+00:00</time>
      </trkpt>
      <trkpt lat="45.91362" lon="6.16991">
        <ele>664</ele>
        <time>2025-05-30T20:57:24+00:00</time>
      </trkpt>
      <trkpt lat="45.91358" lon="6.16986">
        <ele>664</ele>
        <time>2025-05-30T20:57:27+00:00</time>
      </trkpt>
      <trkpt lat="45.9135" lon="6.16979">
        <ele>662</ele>
        <time>2025-05-30T20:57:30+00:00</time>
      </trkpt>
      <trkpt lat="45.91346" lon="6.16971">
        <ele>661</ele>
        <time>2025-05-30T20:57:33+00:00</time>
      </trkpt>
      <trkpt lat="45.91341" lon="6.16965">
        <ele>664</ele>
        <time>2025-05-30T20:57:36+00:00</time>
      </trkpt>
      <trkpt lat="45.91339" lon="6.16962">
        <ele>666</ele>
        <time>2025-05-30T20:57:39+00:00</time>
      </trkpt>
      <trkpt lat="45.91335" lon="6.16946">
        <ele>659</ele>
        <time>2025-05-30T20:57:42+00:00</time>
      </trkpt>
      <trkpt lat="45.91321" lon="6.16918">
        <ele>654</ele>
        <time>2025-05-30T20:57:45+00:00</time>
      </trkpt>
      <trkpt lat="45.91307" lon="6.16889">
        <ele>649</ele>
        <time>2025-05-30T20:57:48+00:00</time>
      </trkpt>
      <trkpt lat="45.91302" lon="6.16877">
        <ele>646</ele>
        <time>2025-05-30T20:57:51+00:00</time>
      </trkpt>
      <trkpt lat="45.91297" lon="6.16863">
        <ele>644</ele>
        <time>2025-05-30T20:57:54+00:00</time>
      </trkpt>
      <trkpt lat="45.91275" lon="6.16836">
        <ele>638</ele>
        <time>2025-05-30T20:57:57+00:00</time>
      </trkpt>
      <trkpt lat="45.9127" lon="6.16825">
        <ele>636</ele>
        <time>2025-05-30T20:58:00+00:00</time>
      </trkpt>
      <trkpt lat="45.91264" lon="6.16817">
        <ele>634</ele>
        <time>2025-05-30T20:58:03+00:00</time>
      </trkpt>
      <trkpt lat="45.91257" lon="6.16806">
        <ele>633</ele>
        <time>2025-05-30T20:58:06+00:00</time>
      </trkpt>
      <trkpt lat="45.9125" lon="6.16798">
        <ele>631</ele>
        <time>2025-05-30T20:58:09+00:00</time>
      </trkpt>
      <trkpt lat="45.91241" lon="6.16791">
        <ele>631</ele>
        <time>2025-05-30T20:58:12+00:00</time>
      </trkpt>
      <trkpt lat="45.91221" lon="6.16783">
        <ele>628</ele>
        <time>2025-05-30T20:58:15+00:00</time>
      </trkpt>
      <trkpt lat="45.91202" lon="6.16771">
        <ele>623</ele>
        <time>2025-05-30T20:58:18+00:00</time>
      </trkpt>
      <trkpt lat="45.91184" lon="6.16755">
        <ele>618</ele>
        <time>2025-05-30T20:58:21+00:00</time>
      </trkpt>
      <trkpt lat="45.91173" lon="6.16747">
        <ele>615</ele>
        <time>2025-05-30T20:58:24+00:00</time>
      </trkpt>
      <trkpt lat="45.91164" lon="6.16739">
        <ele>612</ele>
        <time>2025-05-30T20:58:27+00:00</time>
      </trkpt>
      <trkpt lat="45.91156" lon="6.16732">
        <ele>612</ele>
        <time>2025-05-30T20:58:30+00:00</time>
      </trkpt>
      <trkpt lat="45.91146" lon="6.16727">
        <ele>609</ele>
        <time>2025-05-30T20:58:33+00:00</time>
      </trkpt>
      <trkpt lat="45.91138" lon="6.1672">
        <ele>608</ele>
        <time>2025-05-30T20:58:36+00:00</time>
      </trkpt>
      <trkpt lat="45.91131" lon="6.1671">
        <ele>601</ele>
        <time>2025-05-30T20:58:39+00:00</time>
      </trkpt>
      <trkpt lat="45.91121" lon="6.16705">
        <ele>598</ele>
        <time>2025-05-30T20:58:42+00:00</time>
      </trkpt>
      <trkpt lat="45.91115" lon="6.16695">
        <ele>595</ele>
        <time>2025-05-30T20:58:45+00:00</time>
      </trkpt>
      <trkpt lat="45.91115" lon="6.16681">
        <ele>594</ele>
        <time>2025-05-30T20:58:48+00:00</time>
      </trkpt>
      <trkpt lat="45.91109" lon="6.16666">
        <ele>589</ele>
        <time>2025-05-30T20:58:51+00:00</time>
      </trkpt>
      <trkpt lat="45.91101" lon="6.1666">
        <ele>585</ele>
        <time>2025-05-30T20:58:54+00:00</time>
      </trkpt>
      <trkpt lat="45.91093" lon="6.16655">
        <ele>585</ele>
        <time>2025-05-30T20:58:57+00:00</time>
      </trkpt>
      <trkpt lat="45.91083" lon="6.16655">
        <ele>585</ele>
        <time>2025-05-30T20:59:00+00:00</time>
      </trkpt>
      <trkpt lat="45.91074" lon="6.16651">
        <ele>584</ele>
        <time>2025-05-30T20:59:03+00:00</time>
      </trkpt>
      <trkpt lat="45.91064" lon="6.16652">
        <ele>584</ele>
        <time>2025-05-30T20:59:06+00:00</time>
      </trkpt>
      <trkpt lat="45.91047" lon="6.16644">
        <ele>582</ele>
        <time>2025-05-30T20:59:09+00:00</time>
      </trkpt>
      <trkpt lat="45.91036" lon="6.16642">
        <ele>583</ele>
        <time>2025-05-30T20:59:12+00:00</time>
      </trkpt>
      <trkpt lat="45.91026" lon="6.16637">
        <ele>581</ele>
        <time>2025-05-30T20:59:15+00:00</time>
      </trkpt>
      <trkpt lat="45.91017" lon="6.16631">
        <ele>581</ele>
        <time>2025-05-30T20:59:18+00:00</time>
      </trkpt>
      <trkpt lat="45.91007" lon="6.16627">
        <ele>579</ele>
        <time>2025-05-30T20:59:21+00:00</time>
      </trkpt>
      <trkpt lat="45.90986" lon="6.16626">
        <ele>581</ele>
        <time>2025-05-30T20:59:24+00:00</time>
      </trkpt>
      <trkpt lat="45.90965" lon="6.16628">
        <ele>581</ele>
        <time>2025-05-30T20:59:27+00:00</time>
      </trkpt>
      <trkpt lat="45.90955" lon="6.16633">
        <ele>585</ele>
        <time>2025-05-30T20:59:30+00:00</time>
      </trkpt>
      <trkpt lat="45.90954" lon="6.16636">
        <ele>585</ele>
        <time>2025-05-30T20:59:33+00:00</time>
      </trkpt>
      <trkpt lat="45.90931" lon="6.16631">
        <ele>583</ele>
        <time>2025-05-30T20:59:36+00:00</time>
      </trkpt>
      <trkpt lat="45.90922" lon="6.16625">
        <ele>585</ele>
        <time>2025-05-30T20:59:39+00:00</time>
      </trkpt>
      <trkpt lat="45.90912" lon="6.16622">
        <ele>585</ele>
        <time>2025-05-30T20:59:42+00:00</time>
      </trkpt>
      <trkpt lat="45.90902" lon="6.16621">
        <ele>585</ele>
        <time>2025-05-30T20:59:45+00:00</time>
      </trkpt>
      <trkpt lat="45.90893" lon="6.16623">
        <ele>586</ele>
        <time>2025-05-30T20:59:48+00:00</time>
      </trkpt>
      <trkpt lat="45.90882" lon="6.1662">
        <ele>583</ele>
        <time>2025-05-30T20:59:51+00:00</time>
      </trkpt>
      <trkpt lat="45.90863" lon="6.16618">
        <ele>588</ele>
        <time>2025-05-30T20:59:54+00:00</time>
      </trkpt>
      <trkpt lat="45.90853" lon="6.1662">
        <ele>589</ele>
        <time>2025-05-30T20:59:57+00:00</time>
      </trkpt>
      <trkpt lat="45.90843" lon="6.16614">
        <ele>587</ele>
        <time>2025-05-30T21:00:00+00:00</time>
      </trkpt>
      <trkpt lat="45.90832" lon="6.1661">
        <ele>590</ele>
        <time>2025-05-30T21:00:03+00:00</time>
      </trkpt>
      <trkpt lat="45.90823" lon="6.16606">
        <ele>587</ele>
        <time>2025-05-30T21:00:06+00:00</time>
      </trkpt>
      <trkpt lat="45.90813" lon="6.16603">
        <ele>588</ele>
        <time>2025-05-30T21:00:09+00:00</time>
      </trkpt>
      <trkpt lat="45.90803" lon="6.16603">
        <ele>590</ele>
        <time>2025-05-30T21:00:12+00:00</time>
      </trkpt>
      <trkpt lat="45.90793" lon="6.16599">
        <ele>582</ele>
        <time>2025-05-30T21:00:15+00:00</time>
      </trkpt>
      <trkpt lat="45.90784" lon="6.16606">
        <ele>589</ele>
        <time>2025-05-30T21:00:18+00:00</time>
      </trkpt>
      <trkpt lat="45.90774" lon="6.166">
        <ele>586</ele>
        <time>2025-05-30T21:00:21+00:00</time>
      </trkpt>
      <trkpt lat="45.90766" lon="6.16593">
        <ele>589</ele>
        <time>2025-05-30T21:00:24+00:00</time>
      </trkpt>
      <trkpt lat="45.90755" lon="6.16592">
        <ele>590</ele>
        <time>2025-05-30T21:00:27+00:00</time>
      </trkpt>
      <trkpt lat="45.90743" lon="6.16589">
        <ele>584</ele>
        <time>2025-05-30T21:00:30+00:00</time>
      </trkpt>
      <trkpt lat="45.90734" lon="6.1658">
        <ele>583</ele>
        <time>2025-05-30T21:00:33+00:00</time>
      </trkpt>
      <trkpt lat="45.90725" lon="6.16574">
        <ele>579</ele>
        <time>2025-05-30T21:00:36+00:00</time>
      </trkpt>
      <trkpt lat="45.90716" lon="6.16567">
        <ele>577</ele>
        <time>2025-05-30T21:00:39+00:00</time>
      </trkpt>
      <trkpt lat="45.90707" lon="6.1656">
        <ele>575</ele>
        <time>2025-05-30T21:00:42+00:00</time>
      </trkpt>
      <trkpt lat="45.90699" lon="6.16551">
        <ele>572</ele>
        <time>2025-05-30T21:00:45+00:00</time>
      </trkpt>
      <trkpt lat="45.9069" lon="6.16557">
        <ele>574</ele>
        <time>2025-05-30T21:00:48+00:00</time>
      </trkpt>
      <trkpt lat="45.90681" lon="6.16551">
        <ele>576</ele>
        <time>2025-05-30T21:00:51+00:00</time>
      </trkpt>
      <trkpt lat="45.9067" lon="6.16542">
        <ele>573</ele>
        <time>2025-05-30T21:00:54+00:00</time>
      </trkpt>
      <trkpt lat="45.90652" lon="6.16525">
        <ele>562</ele>
        <time>2025-05-30T21:00:57+00:00</time>
      </trkpt>
      <trkpt lat="45.90638" lon="6.16513">
        <ele>561</ele>
        <time>2025-05-30T21:01:00+00:00</time>
      </trkpt>
      <trkpt lat="45.90627" lon="6.16504">
        <ele>559</ele>
        <time>2025-05-30T21:01:03+00:00</time>
      </trkpt>
      <trkpt lat="45.90609" lon="6.16494">
        <ele>555</ele>
        <time>2025-05-30T21:01:06+00:00</time>
      </trkpt>
      <trkpt lat="45.90601" lon="6.16486">
        <ele>550</ele>
        <time>2025-05-30T21:01:09+00:00</time>
      </trkpt>
      <trkpt lat="45.90584" lon="6.16473">
        <ele>547</ele>
        <time>2025-05-30T21:01:12+00:00</time>
      </trkpt>
      <trkpt lat="45.90576" lon="6.16463">
        <ele>544</ele>
        <time>2025-05-30T21:01:15+00:00</time>
      </trkpt>
      <trkpt lat="45.90567" lon="6.16456">
        <ele>541</ele>
        <time>2025-05-30T21:01:18+00:00</time>
      </trkpt>
      <trkpt lat="45.90559" lon="6.1645">
        <ele>538</ele>
        <time>2025-05-30T21:01:21+00:00</time>
      </trkpt>
      <trkpt lat="45.90541" lon="6.16436">
        <ele>535</ele>
        <time>2025-05-30T21:01:24+00:00</time>
      </trkpt>
      <trkpt lat="45.90532" lon="6.16427">
        <ele>532</ele>
        <time>2025-05-30T21:01:27+00:00</time>
      </trkpt>
      <trkpt lat="45.90524" lon="6.16417">
        <ele>527</ele>
        <time>2025-05-30T21:01:30+00:00</time>
      </trkpt>
      <trkpt lat="45.90514" lon="6.16406">
        <ele>526</ele>
        <time>2025-05-30T21:01:33+00:00</time>
      </trkpt>
      <trkpt lat="45.90507" lon="6.16401">
        <ele>527</ele>
        <time>2025-05-30T21:01:36+00:00</time>
      </trkpt>
      <trkpt lat="45.9049" lon="6.16392">
        <ele>524</ele>
        <time>2025-05-30T21:01:39+00:00</time>
      </trkpt>
      <trkpt lat="45.9048" lon="6.16385">
        <ele>520</ele>
        <time>2025-05-30T21:01:42+00:00</time>
      </trkpt>
      <trkpt lat="45.90472" lon="6.16375">
        <ele>517</ele>
        <time>2025-05-30T21:01:45+00:00</time>
      </trkpt>
      <trkpt lat="45.90465" lon="6.16364">
        <ele>515</ele>
        <time>2025-05-30T21:01:48+00:00</time>
      </trkpt>
      <trkpt lat="45.90462" lon="6.16348">
        <ele>508</ele>
        <time>2025-05-30T21:01:51+00:00</time>
      </trkpt>
      <trkpt lat="45.90457" lon="6.16337">
        <ele>506</ele>
        <time>2025-05-30T21:01:54+00:00</time>
      </trkpt>
      <trkpt lat="45.90455" lon="6.16322">
        <ele>504</ele>
        <time>2025-05-30T21:01:57+00:00</time>
      </trkpt>
      <trkpt lat="45.90457" lon="6.16305">
        <ele>500</ele>
        <time>2025-05-30T21:02:00+00:00</time>
      </trkpt>
      <trkpt lat="45.90459" lon="6.1627">
        <ele>491</ele>
        <time>2025-05-30T21:02:03+00:00</time>
      </trkpt>
      <trkpt lat="45.90459" lon="6.16222">
        <ele>480</ele>
        <time>2025-05-30T21:02:06+00:00</time>
      </trkpt>
      <trkpt lat="45.90459" lon="6.1621">
        <ele>480</ele>
        <time>2025-05-30T21:02:09+00:00</time>
      </trkpt>
      <trkpt lat="45.90453" lon="6.1618">
        <ele>476</ele>
        <time>2025-05-30T21:02:12+00:00</time>
      </trkpt>
      <trkpt lat="45.90447" lon="6.16166">
        <ele>472</ele>
        <time>2025-05-30T21:02:15+00:00</time>
      </trkpt>
      <trkpt lat="45.90444" lon="6.16161">
        <ele>472</ele>
        <time>2025-05-30T21:02:18+00:00</time>
      </trkpt>
      <trkpt lat="45.90436" lon="6.16147">
        <ele>469</ele>
        <time>2025-05-30T21:02:21+00:00</time>
      </trkpt>
      <trkpt lat="45.90427" lon="6.16135">
        <ele>467</ele>
        <time>2025-05-30T21:02:24+00:00</time>
      </trkpt>
      <trkpt lat="45.90424" lon="6.16129">
        <ele>466</ele>
        <time>2025-05-30T21:02:27+00:00</time>
      </trkpt>
      <trkpt lat="45.90421" lon="6.16117">
        <ele>465</ele>
        <time>2025-05-30T21:02:30+00:00</time>
      </trkpt>
      <trkpt lat="45.90419" lon="6.1611">
        <ele>464</ele>
        <time>2025-05-30T21:02:33+00:00</time>
      </trkpt>
      <trkpt lat="45.90416" lon="6.16097">
        <ele>461</ele>
        <time>2025-05-30T21:02:36+00:00</time>
      </trkpt>
      <trkpt lat="45.90407" lon="6.16075">
        <ele>459</ele>
        <time>2025-05-30T21:02:39+00:00</time>
      </trkpt>
      <trkpt lat="45.90405" lon="6.16068">
        <ele>458</ele>
        <time>2025-05-30T21:02:42+00:00</time>
      </trkpt>
      <trkpt lat="45.90403" lon="6.16064">
        <ele>458</ele>
        <time>2025-05-30T21:02:45+00:00</time>
      </trkpt>
      <trkpt lat="45.90401" lon="6.16057">
        <ele>456</ele>
        <time>2025-05-30T21:02:48+00:00</time>
      </trkpt>
      <trkpt lat="45.90398" lon="6.16047">
        <ele>454</ele>
        <time>2025-05-30T21:02:51+00:00</time>
      </trkpt>
      <trkpt lat="45.90395" lon="6.16039">
        <ele>453</ele>
        <time>2025-05-30T21:02:54+00:00</time>
      </trkpt>
      <trkpt lat="45.90393" lon="6.16028">
        <ele>452</ele>
        <time>2025-05-30T21:02:57+00:00</time>
      </trkpt>
      <trkpt lat="45.90394" lon="6.16024">
        <ele>452</ele>
        <time>2025-05-30T21:03:00+00:00</time>
      </trkpt>
      <trkpt lat="45.90395" lon="6.16009">
        <ele>450</ele>
        <time>2025-05-30T21:03:03+00:00</time>
      </trkpt>
      <trkpt lat="45.90397" lon="6.16">
        <ele>450</ele>
        <time>2025-05-30T21:03:06+00:00</time>
      </trkpt>
      <trkpt lat="45.90397" lon="6.15995">
        <ele>449</ele>
        <time>2025-05-30T21:03:09+00:00</time>
      </trkpt>
      <trkpt lat="45.90398" lon="6.15992">
        <ele>449</ele>
        <time>2025-05-30T21:03:12+00:00</time>
      </trkpt>
      <trkpt lat="45.90411" lon="6.15986">
        <ele>448</ele>
        <time>2025-05-30T21:03:15+00:00</time>
      </trkpt>
      <trkpt lat="45.90434" lon="6.15974">
        <ele>448</ele>
        <time>2025-05-30T21:03:18+00:00</time>
      </trkpt>
      <trkpt lat="45.90456" lon="6.15963">
        <ele>448</ele>
        <time>2025-05-30T21:03:21+00:00</time>
      </trkpt>
      <trkpt lat="45.90484" lon="6.15933">
        <ele>448</ele>
        <time>2025-05-30T21:03:24+00:00</time>
      </trkpt>
      <trkpt lat="45.90504" lon="6.15915">
        <ele>448</ele>
        <time>2025-05-30T21:03:27+00:00</time>
      </trkpt>
      <trkpt lat="45.90523" lon="6.15896">
        <ele>448</ele>
        <time>2025-05-30T21:03:30+00:00</time>
      </trkpt>
      <trkpt lat="45.90545" lon="6.1588">
        <ele>448</ele>
        <time>2025-05-30T21:03:33+00:00</time>
      </trkpt>
      <trkpt lat="45.9057" lon="6.15862">
        <ele>448</ele>
        <time>2025-05-30T21:03:36+00:00</time>
      </trkpt>
      <trkpt lat="45.90582" lon="6.15846">
        <ele>449</ele>
        <time>2025-05-30T21:03:39+00:00</time>
      </trkpt>
      <trkpt lat="45.90592" lon="6.15807">
        <ele>449</ele>
        <time>2025-05-30T21:03:42+00:00</time>
      </trkpt>
      <trkpt lat="45.90616" lon="6.15798">
        <ele>449</ele>
        <time>2025-05-30T21:03:45+00:00</time>
      </trkpt>
      <trkpt lat="45.90641" lon="6.15788">
        <ele>449</ele>
        <time>2025-05-30T21:03:48+00:00</time>
      </trkpt>
      <trkpt lat="45.90652" lon="6.15844">
        <ele>450</ele>
        <time>2025-05-30T21:03:51+00:00</time>
      </trkpt>
      <trkpt lat="45.90683" lon="6.1583">
        <ele>450</ele>
        <time>2025-05-30T21:03:54+00:00</time>
      </trkpt>
      <trkpt lat="45.90705" lon="6.15832">
        <ele>451</ele>
        <time>2025-05-30T21:03:57+00:00</time>
      </trkpt>
      <trkpt lat="45.90731" lon="6.15817">
        <ele>451</ele>
        <time>2025-05-30T21:04:00+00:00</time>
      </trkpt>
      <trkpt lat="45.90742" lon="6.15787">
        <ele>450</ele>
        <time>2025-05-30T21:04:03+00:00</time>
      </trkpt>
      <trkpt lat="45.90773" lon="6.15774">
        <ele>450</ele>
        <time>2025-05-30T21:04:06+00:00</time>
      </trkpt>
      <trkpt lat="45.90766" lon="6.1573">
        <ele>450</ele>
        <time>2025-05-30T21:04:09+00:00</time>
      </trkpt>
      <trkpt lat="45.90758" lon="6.15686">
        <ele>450</ele>
        <time>2025-05-30T21:04:12+00:00</time>
      </trkpt>
      <trkpt lat="45.9075" lon="6.15642">
        <ele>449</ele>
        <time>2025-05-30T21:04:15+00:00</time>
      </trkpt>
      <trkpt lat="45.90717" lon="6.15654">
        <ele>449</ele>
        <time>2025-05-30T21:04:18+00:00</time>
      </trkpt>
      <trkpt lat="45.90685" lon="6.15667">
        <ele>449</ele>
        <time>2025-05-30T21:04:21+00:00</time>
      </trkpt>
      <trkpt lat="45.90636" lon="6.15686">
        <ele>449</ele>
        <time>2025-05-30T21:04:24+00:00</time>
      </trkpt>
      <trkpt lat="45.90632" lon="6.15705">
        <ele>449</ele>
        <time>2025-05-30T21:04:27+00:00</time>
      </trkpt>
      <trkpt lat="45.90615" lon="6.1571">
        <ele>449</ele>
        <time>2025-05-30T21:04:30+00:00</time>
      </trkpt>
      <trkpt lat="45.90596" lon="6.15716">
        <ele>448</ele>
        <time>2025-05-30T21:04:33+00:00</time>
      </trkpt>
      <trkpt lat="45.90598" lon="6.15725">
        <ele>448</ele>
        <time>2025-05-30T21:04:36+00:00</time>
      </trkpt>
      <trkpt lat="45.90633" lon="6.15711">
        <ele>449</ele>
        <time>2025-05-30T21:04:39+00:00</time>
      </trkpt>
    </trkseg>
  </trk>
</gpx>
