<?xml version="1.0" encoding="UTF-8"?>
<gpx xmlns:xsi="http://www.w3.org/2001/XMLSchema-instance" xsi:schemaLocation="http://www.topografix.com/GPX/1/1 http://www.topografix.com/GPX/1/1/gpx.xsd" creator="StravaGPX" version="1.1" xmlns="http://www.topografix.com/GPX/1/1">
 <trk>
  <name>Sierre Zinal. Merci 🙏</name>
  <type>running</type>
  <trkseg>
   <trkpt lat="46.2899260" lon="7.5638600">
    <ele>563.5</ele>
   </trkpt>
   <trkpt lat="46.2899240" lon="7.5638680">
    <ele>563.5</ele>
   </trkpt>
   <trkpt lat="46.2899220" lon="7.5638770">
    <ele>563.5</ele>
   </trkpt>
   <trkpt lat="46.2899200" lon="7.5638850">
    <ele>563.5</ele>
   </trkpt>
   <trkpt lat="46.2899180" lon="7.5638930">
    <ele>563.5</ele>
   </trkpt>
   <trkpt lat="46.2899160" lon="7.5639020">
    <ele>563.6</ele>
   </trkpt>
   <trkpt lat="46.2899120" lon="7.5639280">
    <ele>563.6</ele>
   </trkpt>
   <trkpt lat="46.2899060" lon="7.5639670">
    <ele>563.7</ele>
   </trkpt>
   <trkpt lat="46.2899010" lon="7.5640070">
    <ele>563.8</ele>
   </trkpt>
   <trkpt lat="46.2898990" lon="7.5640600">
    <ele>563.9</ele>
   </trkpt>
   <trkpt lat="46.2898970" lon="7.5641120">
    <ele>564.0</ele>
   </trkpt>
   <trkpt lat="46.2899010" lon="7.5641760">
    <ele>564.2</ele>
   </trkpt>
   <trkpt lat="46.2899050" lon="7.5642400">
    <ele>564.5</ele>
   </trkpt>
   <trkpt lat="46.2899100" lon="7.5643120">
    <ele>564.8</ele>
   </trkpt>
   <trkpt lat="46.2899150" lon="7.5643850">
    <ele>565.0</ele>
   </trkpt>
   <trkpt lat="46.2899200" lon="7.5644580">
    <ele>565.3</ele>
   </trkpt>
   <trkpt lat="46.2899240" lon="7.5645320">
    <ele>565.6</ele>
   </trkpt>
   <trkpt lat="46.2899280" lon="7.5646040">
    <ele>565.9</ele>
   </trkpt>
   <trkpt lat="46.2899330" lon="7.5646770">
    <ele>566.3</ele>
   </trkpt>
   <trkpt lat="46.2899290" lon="7.5647460">
    <ele>566.6</ele>
   </trkpt>
   <trkpt lat="46.2899240" lon="7.5648150">
    <ele>567.0</ele>
   </trkpt>
   <trkpt lat="46.2899040" lon="7.5648680">
    <ele>567.4</ele>
   </trkpt>
   <trkpt lat="46.2898840" lon="7.5649220">
    <ele>567.9</ele>
   </trkpt>
   <trkpt lat="46.2898520" lon="7.5649440">
    <ele>568.3</ele>
   </trkpt>
   <trkpt lat="46.2898200" lon="7.5649660">
    <ele>568.6</ele>
   </trkpt>
   <trkpt lat="46.2897860" lon="7.5649530">
    <ele>569.0</ele>
   </trkpt>
   <trkpt lat="46.2897520" lon="7.5649400">
    <ele>569.4</ele>
   </trkpt>
   <trkpt lat="46.2897220" lon="7.5649000">
    <ele>569.9</ele>
   </trkpt>
   <trkpt lat="46.2896910" lon="7.5648600">
    <ele>570.3</ele>
   </trkpt>
   <trkpt lat="46.2896630" lon="7.5648080">
    <ele>570.8</ele>
   </trkpt>
   <trkpt lat="46.2896350" lon="7.5647560">
    <ele>571.3</ele>
   </trkpt>
   <trkpt lat="46.2896060" lon="7.5647080">
    <ele>571.8</ele>
   </trkpt>
   <trkpt lat="46.2895770" lon="7.5646590">
    <ele>572.2</ele>
   </trkpt>
   <trkpt lat="46.2895480" lon="7.5646110">
    <ele>572.6</ele>
   </trkpt>
   <trkpt lat="46.2895170" lon="7.5645680">
    <ele>572.9</ele>
   </trkpt>
   <trkpt lat="46.2894880" lon="7.5645250">
    <ele>573.3</ele>
   </trkpt>
   <trkpt lat="46.2894600" lon="7.5644840">
    <ele>573.8</ele>
   </trkpt>
   <trkpt lat="46.2894330" lon="7.5644430">
    <ele>574.2</ele>
   </trkpt>
   <trkpt lat="46.2894070" lon="7.5644070">
    <ele>574.5</ele>
   </trkpt>
   <trkpt lat="46.2893820" lon="7.5643700">
    <ele>574.8</ele>
   </trkpt>
   <trkpt lat="46.2893550" lon="7.5643360">
    <ele>575.1</ele>
   </trkpt>
   <trkpt lat="46.2893270" lon="7.5643020">
    <ele>575.2</ele>
   </trkpt>
   <trkpt lat="46.2893010" lon="7.5642650">
    <ele>575.4</ele>
   </trkpt>
   <trkpt lat="46.2892760" lon="7.5642290">
    <ele>575.5</ele>
   </trkpt>
   <trkpt lat="46.2892550" lon="7.5641890">
    <ele>575.6</ele>
   </trkpt>
   <trkpt lat="46.2892340" lon="7.5641490">
    <ele>575.7</ele>
   </trkpt>
   <trkpt lat="46.2892140" lon="7.5641040">
    <ele>575.7</ele>
   </trkpt>
   <trkpt lat="46.2891950" lon="7.5640580">
    <ele>575.8</ele>
   </trkpt>
   <trkpt lat="46.2891770" lon="7.5640060">
    <ele>575.9</ele>
   </trkpt>
   <trkpt lat="46.2891600" lon="7.5639530">
    <ele>575.9</ele>
   </trkpt>
   <trkpt lat="46.2891450" lon="7.5639000">
    <ele>576.0</ele>
   </trkpt>
   <trkpt lat="46.2891300" lon="7.5638480">
    <ele>576.1</ele>
   </trkpt>
   <trkpt lat="46.2891140" lon="7.5637950">
    <ele>576.2</ele>
   </trkpt>
   <trkpt lat="46.2890980" lon="7.5637430">
    <ele>576.4</ele>
   </trkpt>
   <trkpt lat="46.2890820" lon="7.5636910">
    <ele>576.5</ele>
   </trkpt>
   <trkpt lat="46.2890660" lon="7.5636400">
    <ele>576.7</ele>
   </trkpt>
   <trkpt lat="46.2890500" lon="7.5635880">
    <ele>577.0</ele>
   </trkpt>
   <trkpt lat="46.2890330" lon="7.5635370">
    <ele>577.3</ele>
   </trkpt>
   <trkpt lat="46.2890180" lon="7.5634860">
    <ele>577.5</ele>
   </trkpt>
   <trkpt lat="46.2890020" lon="7.5634350">
    <ele>577.9</ele>
   </trkpt>
   <trkpt lat="46.2889880" lon="7.5633860">
    <ele>578.2</ele>
   </trkpt>
   <trkpt lat="46.2889750" lon="7.5633360">
    <ele>578.5</ele>
   </trkpt>
   <trkpt lat="46.2889630" lon="7.5632860">
    <ele>578.8</ele>
   </trkpt>
   <trkpt lat="46.2889520" lon="7.5632350">
    <ele>579.1</ele>
   </trkpt>
   <trkpt lat="46.2889440" lon="7.5631840">
    <ele>579.4</ele>
   </trkpt>
   <trkpt lat="46.2889360" lon="7.5631320">
    <ele>579.8</ele>
   </trkpt>
   <trkpt lat="46.2889300" lon="7.5630790">
    <ele>580.1</ele>
   </trkpt>
   <trkpt lat="46.2889240" lon="7.5630250">
    <ele>580.4</ele>
   </trkpt>
   <trkpt lat="46.2889190" lon="7.5629710">
    <ele>580.7</ele>
   </trkpt>
   <trkpt lat="46.2889150" lon="7.5629180">
    <ele>581.1</ele>
   </trkpt>
   <trkpt lat="46.2889100" lon="7.5628600">
    <ele>581.4</ele>
   </trkpt>
   <trkpt lat="46.2889040" lon="7.5628030">
    <ele>581.7</ele>
   </trkpt>
   <trkpt lat="46.2888950" lon="7.5627470">
    <ele>582.1</ele>
   </trkpt>
   <trkpt lat="46.2888860" lon="7.5626910">
    <ele>582.4</ele>
   </trkpt>
   <trkpt lat="46.2888720" lon="7.5626370">
    <ele>582.8</ele>
   </trkpt>
   <trkpt lat="46.2888590" lon="7.5625830">
    <ele>583.1</ele>
   </trkpt>
   <trkpt lat="46.2888420" lon="7.5625330">
    <ele>583.5</ele>
   </trkpt>
   <trkpt lat="46.2888250" lon="7.5624830">
    <ele>583.8</ele>
   </trkpt>
   <trkpt lat="46.2888060" lon="7.5624360">
    <ele>584.2</ele>
   </trkpt>
   <trkpt lat="46.2887870" lon="7.5623900">
    <ele>584.5</ele>
   </trkpt>
   <trkpt lat="46.2887660" lon="7.5623470">
    <ele>584.8</ele>
   </trkpt>
   <trkpt lat="46.2887450" lon="7.5623040">
    <ele>585.1</ele>
   </trkpt>
   <trkpt lat="46.2887220" lon="7.5622620">
    <ele>585.5</ele>
   </trkpt>
   <trkpt lat="46.2886990" lon="7.5622200">
    <ele>585.8</ele>
   </trkpt>
   <trkpt lat="46.2886750" lon="7.5621760">
    <ele>586.1</ele>
   </trkpt>
   <trkpt lat="46.2886520" lon="7.5621330">
    <ele>586.5</ele>
   </trkpt>
   <trkpt lat="46.2886270" lon="7.5620890">
    <ele>586.8</ele>
   </trkpt>
   <trkpt lat="46.2886010" lon="7.5620450">
    <ele>587.2</ele>
   </trkpt>
   <trkpt lat="46.2885750" lon="7.5620050">
    <ele>587.5</ele>
   </trkpt>
   <trkpt lat="46.2885490" lon="7.5619640">
    <ele>587.8</ele>
   </trkpt>
   <trkpt lat="46.2885200" lon="7.5619280">
    <ele>588.2</ele>
   </trkpt>
   <trkpt lat="46.2884910" lon="7.5618920">
    <ele>588.5</ele>
   </trkpt>
   <trkpt lat="46.2884590" lon="7.5618610">
    <ele>588.8</ele>
   </trkpt>
   <trkpt lat="46.2884270" lon="7.5618310">
    <ele>589.2</ele>
   </trkpt>
   <trkpt lat="46.2883930" lon="7.5618040">
    <ele>589.5</ele>
   </trkpt>
   <trkpt lat="46.2883600" lon="7.5617770">
    <ele>589.8</ele>
   </trkpt>
   <trkpt lat="46.2883240" lon="7.5617540">
    <ele>590.2</ele>
   </trkpt>
   <trkpt lat="46.2882880" lon="7.5617320">
    <ele>590.5</ele>
   </trkpt>
   <trkpt lat="46.2882520" lon="7.5617140">
    <ele>590.9</ele>
   </trkpt>
   <trkpt lat="46.2882160" lon="7.5616960">
    <ele>591.2</ele>
   </trkpt>
   <trkpt lat="46.2881790" lon="7.5616810">
    <ele>591.5</ele>
   </trkpt>
   <trkpt lat="46.2881420" lon="7.5616650">
    <ele>591.9</ele>
   </trkpt>
   <trkpt lat="46.2881050" lon="7.5616490">
    <ele>592.2</ele>
   </trkpt>
   <trkpt lat="46.2880690" lon="7.5616330">
    <ele>592.5</ele>
   </trkpt>
   <trkpt lat="46.2880340" lon="7.5616130">
    <ele>592.9</ele>
   </trkpt>
   <trkpt lat="46.2879990" lon="7.5615930">
    <ele>593.2</ele>
   </trkpt>
   <trkpt lat="46.2879630" lon="7.5615710">
    <ele>593.5</ele>
   </trkpt>
   <trkpt lat="46.2879280" lon="7.5615500">
    <ele>593.9</ele>
   </trkpt>
   <trkpt lat="46.2878920" lon="7.5615260">
    <ele>594.2</ele>
   </trkpt>
   <trkpt lat="46.2878560" lon="7.5615030">
    <ele>594.6</ele>
   </trkpt>
   <trkpt lat="46.2878200" lon="7.5614750">
    <ele>594.9</ele>
   </trkpt>
   <trkpt lat="46.2877840" lon="7.5614470">
    <ele>595.3</ele>
   </trkpt>
   <trkpt lat="46.2877500" lon="7.5614150">
    <ele>595.6</ele>
   </trkpt>
   <trkpt lat="46.2877160" lon="7.5613830">
    <ele>596.0</ele>
   </trkpt>
   <trkpt lat="46.2876840" lon="7.5613490">
    <ele>596.3</ele>
   </trkpt>
   <trkpt lat="46.2876530" lon="7.5613160">
    <ele>596.7</ele>
   </trkpt>
   <trkpt lat="46.2876250" lon="7.5612830">
    <ele>597.0</ele>
   </trkpt>
   <trkpt lat="46.2875970" lon="7.5612490">
    <ele>597.3</ele>
   </trkpt>
   <trkpt lat="46.2875690" lon="7.5612150">
    <ele>597.6</ele>
   </trkpt>
   <trkpt lat="46.2875410" lon="7.5611810">
    <ele>597.9</ele>
   </trkpt>
   <trkpt lat="46.2875130" lon="7.5611460">
    <ele>598.2</ele>
   </trkpt>
   <trkpt lat="46.2874850" lon="7.5611100">
    <ele>598.5</ele>
   </trkpt>
   <trkpt lat="46.2874590" lon="7.5610700">
    <ele>598.7</ele>
   </trkpt>
   <trkpt lat="46.2874320" lon="7.5610300">
    <ele>599.0</ele>
   </trkpt>
   <trkpt lat="46.2874060" lon="7.5609890">
    <ele>599.3</ele>
   </trkpt>
   <trkpt lat="46.2873790" lon="7.5609490">
    <ele>599.5</ele>
   </trkpt>
   <trkpt lat="46.2873510" lon="7.5609090">
    <ele>599.8</ele>
   </trkpt>
   <trkpt lat="46.2873230" lon="7.5608700">
    <ele>600.1</ele>
   </trkpt>
   <trkpt lat="46.2872930" lon="7.5608320">
    <ele>600.4</ele>
   </trkpt>
   <trkpt lat="46.2872620" lon="7.5607940">
    <ele>600.7</ele>
   </trkpt>
   <trkpt lat="46.2872310" lon="7.5607570">
    <ele>600.9</ele>
   </trkpt>
   <trkpt lat="46.2871990" lon="7.5607190">
    <ele>601.1</ele>
   </trkpt>
   <trkpt lat="46.2871690" lon="7.5606830">
    <ele>601.3</ele>
   </trkpt>
   <trkpt lat="46.2871400" lon="7.5606470">
    <ele>601.5</ele>
   </trkpt>
   <trkpt lat="46.2871110" lon="7.5606100">
    <ele>601.7</ele>
   </trkpt>
   <trkpt lat="46.2870830" lon="7.5605730">
    <ele>601.9</ele>
   </trkpt>
   <trkpt lat="46.2870550" lon="7.5605350">
    <ele>602.1</ele>
   </trkpt>
   <trkpt lat="46.2870280" lon="7.5604970">
    <ele>602.4</ele>
   </trkpt>
   <trkpt lat="46.2870010" lon="7.5604580">
    <ele>602.8</ele>
   </trkpt>
   <trkpt lat="46.2869750" lon="7.5604190">
    <ele>603.1</ele>
   </trkpt>
   <trkpt lat="46.2869480" lon="7.5603790">
    <ele>603.5</ele>
   </trkpt>
   <trkpt lat="46.2869220" lon="7.5603390">
    <ele>603.8</ele>
   </trkpt>
   <trkpt lat="46.2868960" lon="7.5602980">
    <ele>604.1</ele>
   </trkpt>
   <trkpt lat="46.2868710" lon="7.5602570">
    <ele>604.4</ele>
   </trkpt>
   <trkpt lat="46.2868460" lon="7.5602130">
    <ele>604.7</ele>
   </trkpt>
   <trkpt lat="46.2868210" lon="7.5601700">
    <ele>605.0</ele>
   </trkpt>
   <trkpt lat="46.2867990" lon="7.5601240">
    <ele>605.3</ele>
   </trkpt>
   <trkpt lat="46.2867760" lon="7.5600790">
    <ele>605.6</ele>
   </trkpt>
   <trkpt lat="46.2867540" lon="7.5600320">
    <ele>605.9</ele>
   </trkpt>
   <trkpt lat="46.2867320" lon="7.5599850">
    <ele>606.2</ele>
   </trkpt>
   <trkpt lat="46.2867090" lon="7.5599390">
    <ele>606.4</ele>
   </trkpt>
   <trkpt lat="46.2866870" lon="7.5598920">
    <ele>606.7</ele>
   </trkpt>
   <trkpt lat="46.2866640" lon="7.5598420">
    <ele>607.0</ele>
   </trkpt>
   <trkpt lat="46.2866410" lon="7.5597930">
    <ele>607.3</ele>
   </trkpt>
   <trkpt lat="46.2866170" lon="7.5597410">
    <ele>607.6</ele>
   </trkpt>
   <trkpt lat="46.2865940" lon="7.5596890">
    <ele>608.0</ele>
   </trkpt>
   <trkpt lat="46.2865700" lon="7.5596350">
    <ele>608.3</ele>
   </trkpt>
   <trkpt lat="46.2865470" lon="7.5595820">
    <ele>608.6</ele>
   </trkpt>
   <trkpt lat="46.2865230" lon="7.5595300">
    <ele>608.9</ele>
   </trkpt>
   <trkpt lat="46.2865000" lon="7.5594780">
    <ele>609.2</ele>
   </trkpt>
   <trkpt lat="46.2864770" lon="7.5594290">
    <ele>609.6</ele>
   </trkpt>
   <trkpt lat="46.2864550" lon="7.5593800">
    <ele>609.9</ele>
   </trkpt>
   <trkpt lat="46.2864310" lon="7.5593330">
    <ele>610.2</ele>
   </trkpt>
   <trkpt lat="46.2864080" lon="7.5592860">
    <ele>610.5</ele>
   </trkpt>
   <trkpt lat="46.2863850" lon="7.5592410">
    <ele>610.8</ele>
   </trkpt>
   <trkpt lat="46.2863610" lon="7.5591970">
    <ele>611.2</ele>
   </trkpt>
   <trkpt lat="46.2863340" lon="7.5591540">
    <ele>611.5</ele>
   </trkpt>
   <trkpt lat="46.2863070" lon="7.5591100">
    <ele>611.8</ele>
   </trkpt>
   <trkpt lat="46.2862790" lon="7.5590660">
    <ele>612.2</ele>
   </trkpt>
   <trkpt lat="46.2862510" lon="7.5590220">
    <ele>612.5</ele>
   </trkpt>
   <trkpt lat="46.2862230" lon="7.5589780">
    <ele>612.8</ele>
   </trkpt>
   <trkpt lat="46.2861950" lon="7.5589330">
    <ele>613.2</ele>
   </trkpt>
   <trkpt lat="46.2861700" lon="7.5588890">
    <ele>613.5</ele>
   </trkpt>
   <trkpt lat="46.2861440" lon="7.5588450">
    <ele>613.8</ele>
   </trkpt>
   <trkpt lat="46.2861200" lon="7.5588000">
    <ele>614.1</ele>
   </trkpt>
   <trkpt lat="46.2860960" lon="7.5587560">
    <ele>614.4</ele>
   </trkpt>
   <trkpt lat="46.2860730" lon="7.5587120">
    <ele>614.7</ele>
   </trkpt>
   <trkpt lat="46.2860500" lon="7.5586680">
    <ele>615.1</ele>
   </trkpt>
   <trkpt lat="46.2860240" lon="7.5586250">
    <ele>615.4</ele>
   </trkpt>
   <trkpt lat="46.2859990" lon="7.5585810">
    <ele>615.7</ele>
   </trkpt>
   <trkpt lat="46.2859710" lon="7.5585380">
    <ele>616.1</ele>
   </trkpt>
   <trkpt lat="46.2859430" lon="7.5584950">
    <ele>616.4</ele>
   </trkpt>
   <trkpt lat="46.2859140" lon="7.5584520">
    <ele>616.8</ele>
   </trkpt>
   <trkpt lat="46.2858850" lon="7.5584080">
    <ele>617.1</ele>
   </trkpt>
   <trkpt lat="46.2858560" lon="7.5583640">
    <ele>617.5</ele>
   </trkpt>
   <trkpt lat="46.2858280" lon="7.5583200">
    <ele>617.9</ele>
   </trkpt>
   <trkpt lat="46.2857990" lon="7.5582770">
    <ele>618.3</ele>
   </trkpt>
   <trkpt lat="46.2857700" lon="7.5582340">
    <ele>618.7</ele>
   </trkpt>
   <trkpt lat="46.2857430" lon="7.5581910">
    <ele>619.0</ele>
   </trkpt>
   <trkpt lat="46.2857160" lon="7.5581480">
    <ele>619.4</ele>
   </trkpt>
   <trkpt lat="46.2856940" lon="7.5581070">
    <ele>619.7</ele>
   </trkpt>
   <trkpt lat="46.2856730" lon="7.5580650">
    <ele>620.1</ele>
   </trkpt>
   <trkpt lat="46.2856590" lon="7.5580240">
    <ele>620.4</ele>
   </trkpt>
   <trkpt lat="46.2856450" lon="7.5579840">
    <ele>620.6</ele>
   </trkpt>
   <trkpt lat="46.2856370" lon="7.5579420">
    <ele>620.9</ele>
   </trkpt>
   <trkpt lat="46.2856280" lon="7.5579010">
    <ele>621.2</ele>
   </trkpt>
   <trkpt lat="46.2856160" lon="7.5578580">
    <ele>621.5</ele>
   </trkpt>
   <trkpt lat="46.2856040" lon="7.5578150">
    <ele>621.8</ele>
   </trkpt>
   <trkpt lat="46.2855870" lon="7.5577700">
    <ele>622.2</ele>
   </trkpt>
   <trkpt lat="46.2855710" lon="7.5577250">
    <ele>622.5</ele>
   </trkpt>
   <trkpt lat="46.2855510" lon="7.5576800">
    <ele>622.9</ele>
   </trkpt>
   <trkpt lat="46.2855310" lon="7.5576350">
    <ele>623.2</ele>
   </trkpt>
   <trkpt lat="46.2855100" lon="7.5575890">
    <ele>623.6</ele>
   </trkpt>
   <trkpt lat="46.2854880" lon="7.5575430">
    <ele>623.9</ele>
   </trkpt>
   <trkpt lat="46.2854670" lon="7.5574940">
    <ele>624.3</ele>
   </trkpt>
   <trkpt lat="46.2854450" lon="7.5574460">
    <ele>624.7</ele>
   </trkpt>
   <trkpt lat="46.2854240" lon="7.5573970">
    <ele>625.0</ele>
   </trkpt>
   <trkpt lat="46.2854030" lon="7.5573490">
    <ele>625.3</ele>
   </trkpt>
   <trkpt lat="46.2853810" lon="7.5573000">
    <ele>625.7</ele>
   </trkpt>
   <trkpt lat="46.2853590" lon="7.5572520">
    <ele>626.0</ele>
   </trkpt>
   <trkpt lat="46.2853380" lon="7.5572020">
    <ele>626.3</ele>
   </trkpt>
   <trkpt lat="46.2853160" lon="7.5571530">
    <ele>626.6</ele>
   </trkpt>
   <trkpt lat="46.2852960" lon="7.5571050">
    <ele>626.9</ele>
   </trkpt>
   <trkpt lat="46.2852760" lon="7.5570570">
    <ele>627.2</ele>
   </trkpt>
   <trkpt lat="46.2852560" lon="7.5570100">
    <ele>627.5</ele>
   </trkpt>
   <trkpt lat="46.2852350" lon="7.5569630">
    <ele>627.8</ele>
   </trkpt>
   <trkpt lat="46.2852130" lon="7.5569180">
    <ele>628.1</ele>
   </trkpt>
   <trkpt lat="46.2851910" lon="7.5568720">
    <ele>628.4</ele>
   </trkpt>
   <trkpt lat="46.2851680" lon="7.5568290">
    <ele>628.7</ele>
   </trkpt>
   <trkpt lat="46.2851440" lon="7.5567850">
    <ele>629.0</ele>
   </trkpt>
   <trkpt lat="46.2851170" lon="7.5567430">
    <ele>629.4</ele>
   </trkpt>
   <trkpt lat="46.2850910" lon="7.5567020">
    <ele>629.7</ele>
   </trkpt>
   <trkpt lat="46.2850620" lon="7.5566620">
    <ele>630.0</ele>
   </trkpt>
   <trkpt lat="46.2850330" lon="7.5566220">
    <ele>630.4</ele>
   </trkpt>
   <trkpt lat="46.2850030" lon="7.5565860">
    <ele>630.7</ele>
   </trkpt>
   <trkpt lat="46.2849730" lon="7.5565500">
    <ele>631.1</ele>
   </trkpt>
   <trkpt lat="46.2849420" lon="7.5565170">
    <ele>631.4</ele>
   </trkpt>
   <trkpt lat="46.2849110" lon="7.5564840">
    <ele>631.8</ele>
   </trkpt>
   <trkpt lat="46.2848790" lon="7.5564540">
    <ele>632.1</ele>
   </trkpt>
   <trkpt lat="46.2848480" lon="7.5564230">
    <ele>632.5</ele>
   </trkpt>
   <trkpt lat="46.2848140" lon="7.5563960">
    <ele>632.8</ele>
   </trkpt>
   <trkpt lat="46.2847800" lon="7.5563680">
    <ele>633.1</ele>
   </trkpt>
   <trkpt lat="46.2847460" lon="7.5563410">
    <ele>633.4</ele>
   </trkpt>
   <trkpt lat="46.2847120" lon="7.5563150">
    <ele>633.6</ele>
   </trkpt>
   <trkpt lat="46.2846800" lon="7.5562880">
    <ele>633.8</ele>
   </trkpt>
   <trkpt lat="46.2846470" lon="7.5562600">
    <ele>634.0</ele>
   </trkpt>
   <trkpt lat="46.2846200" lon="7.5562470">
    <ele>634.2</ele>
   </trkpt>
   <trkpt lat="46.2845930" lon="7.5562330">
    <ele>634.4</ele>
   </trkpt>
   <trkpt lat="46.2845880" lon="7.5562450">
    <ele>634.5</ele>
   </trkpt>
   <trkpt lat="46.2845830" lon="7.5562560">
    <ele>634.5</ele>
   </trkpt>
   <trkpt lat="46.2845980" lon="7.5562880">
    <ele>635.0</ele>
   </trkpt>
   <trkpt lat="46.2846120" lon="7.5563190">
    <ele>635.5</ele>
   </trkpt>
   <trkpt lat="46.2846300" lon="7.5563560">
    <ele>636.2</ele>
   </trkpt>
   <trkpt lat="46.2846480" lon="7.5563940">
    <ele>636.9</ele>
   </trkpt>
   <trkpt lat="46.2846550" lon="7.5564280">
    <ele>637.4</ele>
   </trkpt>
   <trkpt lat="46.2846620" lon="7.5564620">
    <ele>638.0</ele>
   </trkpt>
   <trkpt lat="46.2846520" lon="7.5564810">
    <ele>638.4</ele>
   </trkpt>
   <trkpt lat="46.2846420" lon="7.5564990">
    <ele>638.8</ele>
   </trkpt>
   <trkpt lat="46.2846180" lon="7.5564990">
    <ele>639.4</ele>
   </trkpt>
   <trkpt lat="46.2845950" lon="7.5564990">
    <ele>640.0</ele>
   </trkpt>
   <trkpt lat="46.2845740" lon="7.5564830">
    <ele>640.5</ele>
   </trkpt>
   <trkpt lat="46.2845540" lon="7.5564670">
    <ele>641.1</ele>
   </trkpt>
   <trkpt lat="46.2845370" lon="7.5564390">
    <ele>641.6</ele>
   </trkpt>
   <trkpt lat="46.2845210" lon="7.5564110">
    <ele>642.2</ele>
   </trkpt>
   <trkpt lat="46.2845090" lon="7.5563760">
    <ele>642.7</ele>
   </trkpt>
   <trkpt lat="46.2844970" lon="7.5563410">
    <ele>643.1</ele>
   </trkpt>
   <trkpt lat="46.2844830" lon="7.5563050">
    <ele>643.6</ele>
   </trkpt>
   <trkpt lat="46.2844680" lon="7.5562680">
    <ele>644.0</ele>
   </trkpt>
   <trkpt lat="46.2844540" lon="7.5562330">
    <ele>644.4</ele>
   </trkpt>
   <trkpt lat="46.2844400" lon="7.5561970">
    <ele>644.8</ele>
   </trkpt>
   <trkpt lat="46.2844300" lon="7.5561620">
    <ele>645.2</ele>
   </trkpt>
   <trkpt lat="46.2844210" lon="7.5561270">
    <ele>645.6</ele>
   </trkpt>
   <trkpt lat="46.2844140" lon="7.5560910">
    <ele>646.0</ele>
   </trkpt>
   <trkpt lat="46.2844070" lon="7.5560550">
    <ele>646.4</ele>
   </trkpt>
   <trkpt lat="46.2844030" lon="7.5560170">
    <ele>646.8</ele>
   </trkpt>
   <trkpt lat="46.2843990" lon="7.5559790">
    <ele>647.2</ele>
   </trkpt>
   <trkpt lat="46.2843950" lon="7.5559420">
    <ele>647.7</ele>
   </trkpt>
   <trkpt lat="46.2843900" lon="7.5559060">
    <ele>648.1</ele>
   </trkpt>
   <trkpt lat="46.2843930" lon="7.5558720">
    <ele>648.6</ele>
   </trkpt>
   <trkpt lat="46.2843960" lon="7.5558380">
    <ele>649.0</ele>
   </trkpt>
   <trkpt lat="46.2844050" lon="7.5558050">
    <ele>649.4</ele>
   </trkpt>
   <trkpt lat="46.2844140" lon="7.5557720">
    <ele>649.9</ele>
   </trkpt>
   <trkpt lat="46.2844190" lon="7.5557390">
    <ele>650.3</ele>
   </trkpt>
   <trkpt lat="46.2844240" lon="7.5557060">
    <ele>650.7</ele>
   </trkpt>
   <trkpt lat="46.2844210" lon="7.5556730">
    <ele>651.1</ele>
   </trkpt>
   <trkpt lat="46.2844180" lon="7.5556410">
    <ele>651.5</ele>
   </trkpt>
   <trkpt lat="46.2844140" lon="7.5556080">
    <ele>651.9</ele>
   </trkpt>
   <trkpt lat="46.2844090" lon="7.5555760">
    <ele>652.4</ele>
   </trkpt>
   <trkpt lat="46.2844050" lon="7.5555450">
    <ele>652.8</ele>
   </trkpt>
   <trkpt lat="46.2844020" lon="7.5555140">
    <ele>653.2</ele>
   </trkpt>
   <trkpt lat="46.2843960" lon="7.5554840">
    <ele>653.5</ele>
   </trkpt>
   <trkpt lat="46.2843910" lon="7.5554550">
    <ele>653.9</ele>
   </trkpt>
   <trkpt lat="46.2843810" lon="7.5554250">
    <ele>654.4</ele>
   </trkpt>
   <trkpt lat="46.2843720" lon="7.5553950">
    <ele>654.8</ele>
   </trkpt>
   <trkpt lat="46.2843620" lon="7.5553610">
    <ele>655.4</ele>
   </trkpt>
   <trkpt lat="46.2843530" lon="7.5553280">
    <ele>655.9</ele>
   </trkpt>
   <trkpt lat="46.2843410" lon="7.5552910">
    <ele>656.5</ele>
   </trkpt>
   <trkpt lat="46.2843280" lon="7.5552530">
    <ele>657.1</ele>
   </trkpt>
   <trkpt lat="46.2843100" lon="7.5552150">
    <ele>657.7</ele>
   </trkpt>
   <trkpt lat="46.2842920" lon="7.5551770">
    <ele>658.4</ele>
   </trkpt>
   <trkpt lat="46.2842650" lon="7.5551420">
    <ele>659.2</ele>
   </trkpt>
   <trkpt lat="46.2842380" lon="7.5551060">
    <ele>659.9</ele>
   </trkpt>
   <trkpt lat="46.2842090" lon="7.5550710">
    <ele>660.7</ele>
   </trkpt>
   <trkpt lat="46.2841790" lon="7.5550350">
    <ele>661.4</ele>
   </trkpt>
   <trkpt lat="46.2841500" lon="7.5549990">
    <ele>662.0</ele>
   </trkpt>
   <trkpt lat="46.2841190" lon="7.5549640">
    <ele>662.6</ele>
   </trkpt>
   <trkpt lat="46.2840890" lon="7.5549290">
    <ele>663.2</ele>
   </trkpt>
   <trkpt lat="46.2840550" lon="7.5548960">
    <ele>663.8</ele>
   </trkpt>
   <trkpt lat="46.2840210" lon="7.5548630">
    <ele>664.3</ele>
   </trkpt>
   <trkpt lat="46.2839870" lon="7.5548300">
    <ele>664.9</ele>
   </trkpt>
   <trkpt lat="46.2839520" lon="7.5547970">
    <ele>665.5</ele>
   </trkpt>
   <trkpt lat="46.2839100" lon="7.5547630">
    <ele>666.3</ele>
   </trkpt>
   <trkpt lat="46.2838690" lon="7.5547280">
    <ele>667.0</ele>
   </trkpt>
   <trkpt lat="46.2838110" lon="7.5546960">
    <ele>667.9</ele>
   </trkpt>
   <trkpt lat="46.2837530" lon="7.5546650">
    <ele>668.9</ele>
   </trkpt>
   <trkpt lat="46.2836930" lon="7.5546360">
    <ele>670.0</ele>
   </trkpt>
   <trkpt lat="46.2836330" lon="7.5546080">
    <ele>671.3</ele>
   </trkpt>
   <trkpt lat="46.2835870" lon="7.5545820">
    <ele>672.3</ele>
   </trkpt>
   <trkpt lat="46.2835420" lon="7.5545550">
    <ele>673.3</ele>
   </trkpt>
   <trkpt lat="46.2835140" lon="7.5545290">
    <ele>674.0</ele>
   </trkpt>
   <trkpt lat="46.2834870" lon="7.5545020">
    <ele>674.7</ele>
   </trkpt>
   <trkpt lat="46.2834680" lon="7.5544770">
    <ele>675.3</ele>
   </trkpt>
   <trkpt lat="46.2834500" lon="7.5544510">
    <ele>675.8</ele>
   </trkpt>
   <trkpt lat="46.2834360" lon="7.5544240">
    <ele>676.3</ele>
   </trkpt>
   <trkpt lat="46.2834210" lon="7.5543970">
    <ele>676.8</ele>
   </trkpt>
   <trkpt lat="46.2834060" lon="7.5543680">
    <ele>677.4</ele>
   </trkpt>
   <trkpt lat="46.2833920" lon="7.5543390">
    <ele>677.9</ele>
   </trkpt>
   <trkpt lat="46.2833760" lon="7.5543110">
    <ele>678.5</ele>
   </trkpt>
   <trkpt lat="46.2833610" lon="7.5542830">
    <ele>679.0</ele>
   </trkpt>
   <trkpt lat="46.2833510" lon="7.5542390">
    <ele>679.7</ele>
   </trkpt>
   <trkpt lat="46.2833460" lon="7.5542210">
    <ele>680.1</ele>
   </trkpt>
   <trkpt lat="46.2833400" lon="7.5542030">
    <ele>680.4</ele>
   </trkpt>
   <trkpt lat="46.2833290" lon="7.5541780">
    <ele>680.9</ele>
   </trkpt>
   <trkpt lat="46.2833000" lon="7.5541530">
    <ele>681.7</ele>
   </trkpt>
   <trkpt lat="46.2832700" lon="7.5541270">
    <ele>682.5</ele>
   </trkpt>
   <trkpt lat="46.2832390" lon="7.5541010">
    <ele>683.3</ele>
   </trkpt>
   <trkpt lat="46.2832090" lon="7.5540740">
    <ele>684.2</ele>
   </trkpt>
   <trkpt lat="46.2831860" lon="7.5540460">
    <ele>684.8</ele>
   </trkpt>
   <trkpt lat="46.2831620" lon="7.5540180">
    <ele>685.5</ele>
   </trkpt>
   <trkpt lat="46.2831450" lon="7.5539900">
    <ele>686.1</ele>
   </trkpt>
   <trkpt lat="46.2831270" lon="7.5539610">
    <ele>686.7</ele>
   </trkpt>
   <trkpt lat="46.2831110" lon="7.5539330">
    <ele>687.3</ele>
   </trkpt>
   <trkpt lat="46.2830960" lon="7.5539050">
    <ele>687.8</ele>
   </trkpt>
   <trkpt lat="46.2830810" lon="7.5538770">
    <ele>688.3</ele>
   </trkpt>
   <trkpt lat="46.2830660" lon="7.5538500">
    <ele>688.8</ele>
   </trkpt>
   <trkpt lat="46.2830510" lon="7.5538240">
    <ele>689.3</ele>
   </trkpt>
   <trkpt lat="46.2830370" lon="7.5537980">
    <ele>689.7</ele>
   </trkpt>
   <trkpt lat="46.2830260" lon="7.5537700">
    <ele>690.2</ele>
   </trkpt>
   <trkpt lat="46.2830160" lon="7.5537420">
    <ele>690.5</ele>
   </trkpt>
   <trkpt lat="46.2830120" lon="7.5537110">
    <ele>690.9</ele>
   </trkpt>
   <trkpt lat="46.2830080" lon="7.5536810">
    <ele>691.3</ele>
   </trkpt>
   <trkpt lat="46.2830030" lon="7.5536450">
    <ele>691.7</ele>
   </trkpt>
   <trkpt lat="46.2829990" lon="7.5536100">
    <ele>692.1</ele>
   </trkpt>
   <trkpt lat="46.2829880" lon="7.5535710">
    <ele>692.6</ele>
   </trkpt>
   <trkpt lat="46.2829780" lon="7.5535320">
    <ele>693.0</ele>
   </trkpt>
   <trkpt lat="46.2829630" lon="7.5534940">
    <ele>693.5</ele>
   </trkpt>
   <trkpt lat="46.2829470" lon="7.5534570">
    <ele>694.0</ele>
   </trkpt>
   <trkpt lat="46.2829320" lon="7.5534220">
    <ele>694.5</ele>
   </trkpt>
   <trkpt lat="46.2829160" lon="7.5533880">
    <ele>694.9</ele>
   </trkpt>
   <trkpt lat="46.2829010" lon="7.5533570">
    <ele>695.3</ele>
   </trkpt>
   <trkpt lat="46.2828860" lon="7.5533250">
    <ele>695.8</ele>
   </trkpt>
   <trkpt lat="46.2828690" lon="7.5532940">
    <ele>696.2</ele>
   </trkpt>
   <trkpt lat="46.2828510" lon="7.5532640">
    <ele>696.7</ele>
   </trkpt>
   <trkpt lat="46.2828350" lon="7.5532330">
    <ele>697.2</ele>
   </trkpt>
   <trkpt lat="46.2828180" lon="7.5532020">
    <ele>697.6</ele>
   </trkpt>
   <trkpt lat="46.2828000" lon="7.5531740">
    <ele>698.1</ele>
   </trkpt>
   <trkpt lat="46.2827810" lon="7.5531460">
    <ele>698.6</ele>
   </trkpt>
   <trkpt lat="46.2827570" lon="7.5531220">
    <ele>699.2</ele>
   </trkpt>
   <trkpt lat="46.2827330" lon="7.5530980">
    <ele>699.7</ele>
   </trkpt>
   <trkpt lat="46.2827100" lon="7.5530770">
    <ele>700.2</ele>
   </trkpt>
   <trkpt lat="46.2826870" lon="7.5530550">
    <ele>700.7</ele>
   </trkpt>
   <trkpt lat="46.2826680" lon="7.5530310">
    <ele>701.1</ele>
   </trkpt>
   <trkpt lat="46.2826490" lon="7.5530080">
    <ele>701.6</ele>
   </trkpt>
   <trkpt lat="46.2826330" lon="7.5529830">
    <ele>702.0</ele>
   </trkpt>
   <trkpt lat="46.2826170" lon="7.5529580">
    <ele>702.3</ele>
   </trkpt>
   <trkpt lat="46.2826020" lon="7.5529320">
    <ele>702.7</ele>
   </trkpt>
   <trkpt lat="46.2825870" lon="7.5529060">
    <ele>703.1</ele>
   </trkpt>
   <trkpt lat="46.2825690" lon="7.5528810">
    <ele>703.5</ele>
   </trkpt>
   <trkpt lat="46.2825510" lon="7.5528560">
    <ele>703.9</ele>
   </trkpt>
   <trkpt lat="46.2825270" lon="7.5528340">
    <ele>704.4</ele>
   </trkpt>
   <trkpt lat="46.2825020" lon="7.5528130">
    <ele>704.8</ele>
   </trkpt>
   <trkpt lat="46.2824720" lon="7.5527940">
    <ele>705.4</ele>
   </trkpt>
   <trkpt lat="46.2824420" lon="7.5527760">
    <ele>706.0</ele>
   </trkpt>
   <trkpt lat="46.2824080" lon="7.5527600">
    <ele>706.6</ele>
   </trkpt>
   <trkpt lat="46.2823740" lon="7.5527450">
    <ele>707.2</ele>
   </trkpt>
   <trkpt lat="46.2823430" lon="7.5527320">
    <ele>707.8</ele>
   </trkpt>
   <trkpt lat="46.2823120" lon="7.5527190">
    <ele>708.3</ele>
   </trkpt>
   <trkpt lat="46.2822860" lon="7.5527060">
    <ele>708.8</ele>
   </trkpt>
   <trkpt lat="46.2822610" lon="7.5526930">
    <ele>709.2</ele>
   </trkpt>
   <trkpt lat="46.2822370" lon="7.5526770">
    <ele>709.7</ele>
   </trkpt>
   <trkpt lat="46.2822130" lon="7.5526600">
    <ele>710.1</ele>
   </trkpt>
   <trkpt lat="46.2821860" lon="7.5526410">
    <ele>710.6</ele>
   </trkpt>
   <trkpt lat="46.2821580" lon="7.5526220">
    <ele>711.1</ele>
   </trkpt>
   <trkpt lat="46.2821260" lon="7.5526010">
    <ele>711.7</ele>
   </trkpt>
   <trkpt lat="46.2820930" lon="7.5525800">
    <ele>712.3</ele>
   </trkpt>
   <trkpt lat="46.2820600" lon="7.5525600">
    <ele>712.8</ele>
   </trkpt>
   <trkpt lat="46.2820270" lon="7.5525390">
    <ele>713.4</ele>
   </trkpt>
   <trkpt lat="46.2819960" lon="7.5525200">
    <ele>714.0</ele>
   </trkpt>
   <trkpt lat="46.2819650" lon="7.5525000">
    <ele>714.5</ele>
   </trkpt>
   <trkpt lat="46.2819390" lon="7.5524820">
    <ele>715.0</ele>
   </trkpt>
   <trkpt lat="46.2819130" lon="7.5524650">
    <ele>715.5</ele>
   </trkpt>
   <trkpt lat="46.2818880" lon="7.5524490">
    <ele>715.9</ele>
   </trkpt>
   <trkpt lat="46.2818640" lon="7.5524330">
    <ele>716.4</ele>
   </trkpt>
   <trkpt lat="46.2818400" lon="7.5524180">
    <ele>716.8</ele>
   </trkpt>
   <trkpt lat="46.2818160" lon="7.5524020">
    <ele>717.2</ele>
   </trkpt>
   <trkpt lat="46.2817950" lon="7.5523830">
    <ele>717.6</ele>
   </trkpt>
   <trkpt lat="46.2817730" lon="7.5523640">
    <ele>718.0</ele>
   </trkpt>
   <trkpt lat="46.2817490" lon="7.5523430">
    <ele>718.5</ele>
   </trkpt>
   <trkpt lat="46.2817240" lon="7.5523230">
    <ele>719.0</ele>
   </trkpt>
   <trkpt lat="46.2816970" lon="7.5522970">
    <ele>719.5</ele>
   </trkpt>
   <trkpt lat="46.2816690" lon="7.5522720">
    <ele>720.1</ele>
   </trkpt>
   <trkpt lat="46.2816410" lon="7.5522460">
    <ele>720.6</ele>
   </trkpt>
   <trkpt lat="46.2816140" lon="7.5522210">
    <ele>721.2</ele>
   </trkpt>
   <trkpt lat="46.2815890" lon="7.5521990">
    <ele>721.7</ele>
   </trkpt>
   <trkpt lat="46.2815650" lon="7.5521770">
    <ele>722.2</ele>
   </trkpt>
   <trkpt lat="46.2815390" lon="7.5521560">
    <ele>722.6</ele>
   </trkpt>
   <trkpt lat="46.2815140" lon="7.5521360">
    <ele>723.1</ele>
   </trkpt>
   <trkpt lat="46.2814860" lon="7.5521170">
    <ele>723.5</ele>
   </trkpt>
   <trkpt lat="46.2814590" lon="7.5520990">
    <ele>723.9</ele>
   </trkpt>
   <trkpt lat="46.2814310" lon="7.5520830">
    <ele>724.3</ele>
   </trkpt>
   <trkpt lat="46.2814020" lon="7.5520670">
    <ele>724.6</ele>
   </trkpt>
   <trkpt lat="46.2813730" lon="7.5520470">
    <ele>725.0</ele>
   </trkpt>
   <trkpt lat="46.2813430" lon="7.5520270">
    <ele>725.4</ele>
   </trkpt>
   <trkpt lat="46.2813130" lon="7.5520080">
    <ele>725.8</ele>
   </trkpt>
   <trkpt lat="46.2812780" lon="7.5519870">
    <ele>726.3</ele>
   </trkpt>
   <trkpt lat="46.2812430" lon="7.5519670">
    <ele>726.8</ele>
   </trkpt>
   <trkpt lat="46.2812110" lon="7.5519460">
    <ele>727.4</ele>
   </trkpt>
   <trkpt lat="46.2811790" lon="7.5519250">
    <ele>728.0</ele>
   </trkpt>
   <trkpt lat="46.2811540" lon="7.5519010">
    <ele>728.5</ele>
   </trkpt>
   <trkpt lat="46.2811280" lon="7.5518770">
    <ele>729.1</ele>
   </trkpt>
   <trkpt lat="46.2811110" lon="7.5518520">
    <ele>729.5</ele>
   </trkpt>
   <trkpt lat="46.2810930" lon="7.5518270">
    <ele>730.0</ele>
   </trkpt>
   <trkpt lat="46.2810760" lon="7.5518040">
    <ele>730.4</ele>
   </trkpt>
   <trkpt lat="46.2810590" lon="7.5517810">
    <ele>730.7</ele>
   </trkpt>
   <trkpt lat="46.2810380" lon="7.5517620">
    <ele>731.1</ele>
   </trkpt>
   <trkpt lat="46.2810180" lon="7.5517430">
    <ele>731.4</ele>
   </trkpt>
   <trkpt lat="46.2809970" lon="7.5517250">
    <ele>731.7</ele>
   </trkpt>
   <trkpt lat="46.2809760" lon="7.5517070">
    <ele>731.9</ele>
   </trkpt>
   <trkpt lat="46.2809540" lon="7.5516860">
    <ele>732.2</ele>
   </trkpt>
   <trkpt lat="46.2809330" lon="7.5516650">
    <ele>732.4</ele>
   </trkpt>
   <trkpt lat="46.2809120" lon="7.5516390">
    <ele>732.6</ele>
   </trkpt>
   <trkpt lat="46.2808920" lon="7.5516130">
    <ele>732.8</ele>
   </trkpt>
   <trkpt lat="46.2808730" lon="7.5515840">
    <ele>733.1</ele>
   </trkpt>
   <trkpt lat="46.2808550" lon="7.5515550">
    <ele>733.3</ele>
   </trkpt>
   <trkpt lat="46.2808380" lon="7.5515210">
    <ele>733.6</ele>
   </trkpt>
   <trkpt lat="46.2808210" lon="7.5514880">
    <ele>734.0</ele>
   </trkpt>
   <trkpt lat="46.2808000" lon="7.5514530">
    <ele>734.4</ele>
   </trkpt>
   <trkpt lat="46.2807790" lon="7.5514180">
    <ele>734.9</ele>
   </trkpt>
   <trkpt lat="46.2807580" lon="7.5513830">
    <ele>735.4</ele>
   </trkpt>
   <trkpt lat="46.2807380" lon="7.5513490">
    <ele>735.9</ele>
   </trkpt>
   <trkpt lat="46.2807210" lon="7.5513170">
    <ele>736.4</ele>
   </trkpt>
   <trkpt lat="46.2807050" lon="7.5512840">
    <ele>737.0</ele>
   </trkpt>
   <trkpt lat="46.2806950" lon="7.5512550">
    <ele>737.4</ele>
   </trkpt>
   <trkpt lat="46.2806850" lon="7.5512260">
    <ele>737.9</ele>
   </trkpt>
   <trkpt lat="46.2806790" lon="7.5512000">
    <ele>738.2</ele>
   </trkpt>
   <trkpt lat="46.2806720" lon="7.5511740">
    <ele>738.6</ele>
   </trkpt>
   <trkpt lat="46.2806700" lon="7.5511550">
    <ele>738.9</ele>
   </trkpt>
   <trkpt lat="46.2806680" lon="7.5511360">
    <ele>739.1</ele>
   </trkpt>
   <trkpt lat="46.2806600" lon="7.5511180">
    <ele>739.4</ele>
   </trkpt>
   <trkpt lat="46.2806510" lon="7.5511000">
    <ele>739.7</ele>
   </trkpt>
   <trkpt lat="46.2806320" lon="7.5510740">
    <ele>740.2</ele>
   </trkpt>
   <trkpt lat="46.2806130" lon="7.5510470">
    <ele>740.7</ele>
   </trkpt>
   <trkpt lat="46.2805920" lon="7.5510060">
    <ele>741.2</ele>
   </trkpt>
   <trkpt lat="46.2805710" lon="7.5509640">
    <ele>741.8</ele>
   </trkpt>
   <trkpt lat="46.2805480" lon="7.5509160">
    <ele>742.4</ele>
   </trkpt>
   <trkpt lat="46.2805260" lon="7.5508670">
    <ele>743.0</ele>
   </trkpt>
   <trkpt lat="46.2805070" lon="7.5508210">
    <ele>743.5</ele>
   </trkpt>
   <trkpt lat="46.2804880" lon="7.5507750">
    <ele>744.1</ele>
   </trkpt>
   <trkpt lat="46.2804710" lon="7.5507360">
    <ele>744.6</ele>
   </trkpt>
   <trkpt lat="46.2804540" lon="7.5506970">
    <ele>745.1</ele>
   </trkpt>
   <trkpt lat="46.2804410" lon="7.5506640">
    <ele>745.6</ele>
   </trkpt>
   <trkpt lat="46.2804270" lon="7.5506300">
    <ele>746.1</ele>
   </trkpt>
   <trkpt lat="46.2804140" lon="7.5506020">
    <ele>746.5</ele>
   </trkpt>
   <trkpt lat="46.2804010" lon="7.5505750">
    <ele>746.9</ele>
   </trkpt>
   <trkpt lat="46.2803890" lon="7.5505530">
    <ele>747.3</ele>
   </trkpt>
   <trkpt lat="46.2803760" lon="7.5505310">
    <ele>747.7</ele>
   </trkpt>
   <trkpt lat="46.2803670" lon="7.5505130">
    <ele>747.9</ele>
   </trkpt>
   <trkpt lat="46.2803580" lon="7.5504950">
    <ele>748.2</ele>
   </trkpt>
   <trkpt lat="46.2803520" lon="7.5504760">
    <ele>748.5</ele>
   </trkpt>
   <trkpt lat="46.2803470" lon="7.5504580">
    <ele>748.7</ele>
   </trkpt>
   <trkpt lat="46.2803400" lon="7.5504390">
    <ele>749.0</ele>
   </trkpt>
   <trkpt lat="46.2803330" lon="7.5504210">
    <ele>749.2</ele>
   </trkpt>
   <trkpt lat="46.2803130" lon="7.5504020">
    <ele>749.6</ele>
   </trkpt>
   <trkpt lat="46.2802930" lon="7.5503830">
    <ele>750.0</ele>
   </trkpt>
   <trkpt lat="46.2802590" lon="7.5503710">
    <ele>750.5</ele>
   </trkpt>
   <trkpt lat="46.2802250" lon="7.5503580">
    <ele>750.9</ele>
   </trkpt>
   <trkpt lat="46.2801870" lon="7.5503530">
    <ele>751.4</ele>
   </trkpt>
   <trkpt lat="46.2801490" lon="7.5503470">
    <ele>751.8</ele>
   </trkpt>
   <trkpt lat="46.2801150" lon="7.5503480">
    <ele>752.2</ele>
   </trkpt>
   <trkpt lat="46.2800800" lon="7.5503490">
    <ele>752.5</ele>
   </trkpt>
   <trkpt lat="46.2800480" lon="7.5503570">
    <ele>752.9</ele>
   </trkpt>
   <trkpt lat="46.2800160" lon="7.5503660">
    <ele>753.3</ele>
   </trkpt>
   <trkpt lat="46.2799900" lon="7.5503770">
    <ele>753.7</ele>
   </trkpt>
   <trkpt lat="46.2799650" lon="7.5503880">
    <ele>754.0</ele>
   </trkpt>
   <trkpt lat="46.2799440" lon="7.5503850">
    <ele>754.3</ele>
   </trkpt>
   <trkpt lat="46.2799240" lon="7.5503830">
    <ele>754.6</ele>
   </trkpt>
   <trkpt lat="46.2799020" lon="7.5503620">
    <ele>755.0</ele>
   </trkpt>
   <trkpt lat="46.2798790" lon="7.5503410">
    <ele>755.3</ele>
   </trkpt>
   <trkpt lat="46.2798530" lon="7.5503050">
    <ele>755.8</ele>
   </trkpt>
   <trkpt lat="46.2798260" lon="7.5502700">
    <ele>756.3</ele>
   </trkpt>
   <trkpt lat="46.2798020" lon="7.5502280">
    <ele>756.8</ele>
   </trkpt>
   <trkpt lat="46.2797780" lon="7.5501860">
    <ele>757.3</ele>
   </trkpt>
   <trkpt lat="46.2797640" lon="7.5501440">
    <ele>757.7</ele>
   </trkpt>
   <trkpt lat="46.2797490" lon="7.5501010">
    <ele>758.1</ele>
   </trkpt>
   <trkpt lat="46.2797370" lon="7.5500610">
    <ele>758.6</ele>
   </trkpt>
   <trkpt lat="46.2797260" lon="7.5500210">
    <ele>759.0</ele>
   </trkpt>
   <trkpt lat="46.2797140" lon="7.5499820">
    <ele>759.4</ele>
   </trkpt>
   <trkpt lat="46.2797020" lon="7.5499440">
    <ele>759.9</ele>
   </trkpt>
   <trkpt lat="46.2796850" lon="7.5499110">
    <ele>760.4</ele>
   </trkpt>
   <trkpt lat="46.2796680" lon="7.5498780">
    <ele>760.9</ele>
   </trkpt>
   <trkpt lat="46.2796450" lon="7.5498510">
    <ele>761.5</ele>
   </trkpt>
   <trkpt lat="46.2796220" lon="7.5498240">
    <ele>762.0</ele>
   </trkpt>
   <trkpt lat="46.2795960" lon="7.5498030">
    <ele>762.6</ele>
   </trkpt>
   <trkpt lat="46.2795700" lon="7.5497820">
    <ele>763.2</ele>
   </trkpt>
   <trkpt lat="46.2795400" lon="7.5497640">
    <ele>763.9</ele>
   </trkpt>
   <trkpt lat="46.2795110" lon="7.5497470">
    <ele>764.5</ele>
   </trkpt>
   <trkpt lat="46.2794830" lon="7.5497320">
    <ele>765.2</ele>
   </trkpt>
   <trkpt lat="46.2794550" lon="7.5497170">
    <ele>766.1</ele>
   </trkpt>
   <trkpt lat="46.2794400" lon="7.5497140">
    <ele>766.6</ele>
   </trkpt>
   <trkpt lat="46.2794250" lon="7.5497110">
    <ele>767.0</ele>
   </trkpt>
   <trkpt lat="46.2794220" lon="7.5497260">
    <ele>767.3</ele>
   </trkpt>
   <trkpt lat="46.2794190" lon="7.5497410">
    <ele>767.6</ele>
   </trkpt>
   <trkpt lat="46.2794240" lon="7.5497700">
    <ele>768.1</ele>
   </trkpt>
   <trkpt lat="46.2794290" lon="7.5497990">
    <ele>768.7</ele>
   </trkpt>
   <trkpt lat="46.2794340" lon="7.5498350">
    <ele>769.4</ele>
   </trkpt>
   <trkpt lat="46.2794380" lon="7.5498710">
    <ele>770.0</ele>
   </trkpt>
   <trkpt lat="46.2794350" lon="7.5499030">
    <ele>770.6</ele>
   </trkpt>
   <trkpt lat="46.2794310" lon="7.5499350">
    <ele>771.1</ele>
   </trkpt>
   <trkpt lat="46.2794170" lon="7.5499560">
    <ele>771.6</ele>
   </trkpt>
   <trkpt lat="46.2794040" lon="7.5499780">
    <ele>772.1</ele>
   </trkpt>
   <trkpt lat="46.2793830" lon="7.5499880">
    <ele>772.6</ele>
   </trkpt>
   <trkpt lat="46.2793620" lon="7.5499970">
    <ele>773.1</ele>
   </trkpt>
   <trkpt lat="46.2793390" lon="7.5500050">
    <ele>773.6</ele>
   </trkpt>
   <trkpt lat="46.2793170" lon="7.5500130">
    <ele>774.1</ele>
   </trkpt>
   <trkpt lat="46.2792940" lon="7.5500210">
    <ele>774.7</ele>
   </trkpt>
   <trkpt lat="46.2792710" lon="7.5500280">
    <ele>775.1</ele>
   </trkpt>
   <trkpt lat="46.2792490" lon="7.5500360">
    <ele>775.6</ele>
   </trkpt>
   <trkpt lat="46.2792260" lon="7.5500440">
    <ele>776.0</ele>
   </trkpt>
   <trkpt lat="46.2792040" lon="7.5500510">
    <ele>776.4</ele>
   </trkpt>
   <trkpt lat="46.2791810" lon="7.5500580">
    <ele>776.8</ele>
   </trkpt>
   <trkpt lat="46.2791590" lon="7.5500650">
    <ele>777.1</ele>
   </trkpt>
   <trkpt lat="46.2791370" lon="7.5500710">
    <ele>777.4</ele>
   </trkpt>
   <trkpt lat="46.2791180" lon="7.5500870">
    <ele>777.7</ele>
   </trkpt>
   <trkpt lat="46.2791000" lon="7.5501020">
    <ele>777.9</ele>
   </trkpt>
   <trkpt lat="46.2790780" lon="7.5501220">
    <ele>778.1</ele>
   </trkpt>
   <trkpt lat="46.2790550" lon="7.5501410">
    <ele>778.3</ele>
   </trkpt>
   <trkpt lat="46.2790290" lon="7.5501550">
    <ele>778.5</ele>
   </trkpt>
   <trkpt lat="46.2790030" lon="7.5501690">
    <ele>778.7</ele>
   </trkpt>
   <trkpt lat="46.2789740" lon="7.5501740">
    <ele>778.8</ele>
   </trkpt>
   <trkpt lat="46.2789450" lon="7.5501790">
    <ele>779.0</ele>
   </trkpt>
   <trkpt lat="46.2789140" lon="7.5501750">
    <ele>779.1</ele>
   </trkpt>
   <trkpt lat="46.2788830" lon="7.5501700">
    <ele>779.3</ele>
   </trkpt>
   <trkpt lat="46.2788540" lon="7.5501620">
    <ele>779.4</ele>
   </trkpt>
   <trkpt lat="46.2788250" lon="7.5501540">
    <ele>779.5</ele>
   </trkpt>
   <trkpt lat="46.2787960" lon="7.5501450">
    <ele>779.6</ele>
   </trkpt>
   <trkpt lat="46.2787670" lon="7.5501350">
    <ele>779.7</ele>
   </trkpt>
   <trkpt lat="46.2787360" lon="7.5501190">
    <ele>779.7</ele>
   </trkpt>
   <trkpt lat="46.2787050" lon="7.5501030">
    <ele>779.8</ele>
   </trkpt>
   <trkpt lat="46.2786710" lon="7.5500800">
    <ele>779.9</ele>
   </trkpt>
   <trkpt lat="46.2786370" lon="7.5500570">
    <ele>780.0</ele>
   </trkpt>
   <trkpt lat="46.2785950" lon="7.5500340">
    <ele>780.0</ele>
   </trkpt>
   <trkpt lat="46.2785540" lon="7.5500110">
    <ele>780.2</ele>
   </trkpt>
   <trkpt lat="46.2785150" lon="7.5499940">
    <ele>780.3</ele>
   </trkpt>
   <trkpt lat="46.2784750" lon="7.5499770">
    <ele>780.5</ele>
   </trkpt>
   <trkpt lat="46.2784400" lon="7.5499660">
    <ele>780.8</ele>
   </trkpt>
   <trkpt lat="46.2784060" lon="7.5499560">
    <ele>781.1</ele>
   </trkpt>
   <trkpt lat="46.2783770" lon="7.5499520">
    <ele>781.3</ele>
   </trkpt>
   <trkpt lat="46.2783480" lon="7.5499490">
    <ele>781.6</ele>
   </trkpt>
   <trkpt lat="46.2783250" lon="7.5499520">
    <ele>781.8</ele>
   </trkpt>
   <trkpt lat="46.2783020" lon="7.5499540">
    <ele>782.1</ele>
   </trkpt>
   <trkpt lat="46.2782810" lon="7.5499600">
    <ele>782.3</ele>
   </trkpt>
   <trkpt lat="46.2782600" lon="7.5499660">
    <ele>782.6</ele>
   </trkpt>
   <trkpt lat="46.2782380" lon="7.5499710">
    <ele>782.8</ele>
   </trkpt>
   <trkpt lat="46.2782170" lon="7.5499770">
    <ele>783.1</ele>
   </trkpt>
   <trkpt lat="46.2781900" lon="7.5499800">
    <ele>783.5</ele>
   </trkpt>
   <trkpt lat="46.2781630" lon="7.5499840">
    <ele>783.8</ele>
   </trkpt>
   <trkpt lat="46.2781410" lon="7.5499810">
    <ele>784.1</ele>
   </trkpt>
   <trkpt lat="46.2781190" lon="7.5499780">
    <ele>784.4</ele>
   </trkpt>
   <trkpt lat="46.2781020" lon="7.5499640">
    <ele>784.7</ele>
   </trkpt>
   <trkpt lat="46.2780850" lon="7.5499510">
    <ele>785.0</ele>
   </trkpt>
   <trkpt lat="46.2780660" lon="7.5499380">
    <ele>785.3</ele>
   </trkpt>
   <trkpt lat="46.2780480" lon="7.5499240">
    <ele>785.6</ele>
   </trkpt>
   <trkpt lat="46.2780280" lon="7.5499170">
    <ele>785.9</ele>
   </trkpt>
   <trkpt lat="46.2780080" lon="7.5499090">
    <ele>786.3</ele>
   </trkpt>
   <trkpt lat="46.2779830" lon="7.5499030">
    <ele>786.6</ele>
   </trkpt>
   <trkpt lat="46.2779580" lon="7.5498980">
    <ele>787.0</ele>
   </trkpt>
   <trkpt lat="46.2779290" lon="7.5498930">
    <ele>787.4</ele>
   </trkpt>
   <trkpt lat="46.2779010" lon="7.5498890">
    <ele>787.9</ele>
   </trkpt>
   <trkpt lat="46.2778720" lon="7.5498870">
    <ele>788.3</ele>
   </trkpt>
   <trkpt lat="46.2778440" lon="7.5498860">
    <ele>788.7</ele>
   </trkpt>
   <trkpt lat="46.2778210" lon="7.5498830">
    <ele>789.1</ele>
   </trkpt>
   <trkpt lat="46.2777990" lon="7.5498800">
    <ele>789.5</ele>
   </trkpt>
   <trkpt lat="46.2777760" lon="7.5498780">
    <ele>789.9</ele>
   </trkpt>
   <trkpt lat="46.2777540" lon="7.5498760">
    <ele>790.2</ele>
   </trkpt>
   <trkpt lat="46.2777260" lon="7.5498780">
    <ele>790.7</ele>
   </trkpt>
   <trkpt lat="46.2776980" lon="7.5498800">
    <ele>791.2</ele>
   </trkpt>
   <trkpt lat="46.2776630" lon="7.5498820">
    <ele>791.7</ele>
   </trkpt>
   <trkpt lat="46.2776280" lon="7.5498840">
    <ele>792.3</ele>
   </trkpt>
   <trkpt lat="46.2775850" lon="7.5498810">
    <ele>793.2</ele>
   </trkpt>
   <trkpt lat="46.2775410" lon="7.5498780">
    <ele>794.2</ele>
   </trkpt>
   <trkpt lat="46.2774990" lon="7.5498750">
    <ele>795.2</ele>
   </trkpt>
   <trkpt lat="46.2774560" lon="7.5498720">
    <ele>796.2</ele>
   </trkpt>
   <trkpt lat="46.2774200" lon="7.5498730">
    <ele>797.1</ele>
   </trkpt>
   <trkpt lat="46.2773850" lon="7.5498740">
    <ele>797.9</ele>
   </trkpt>
   <trkpt lat="46.2773520" lon="7.5498770">
    <ele>798.7</ele>
   </trkpt>
   <trkpt lat="46.2773180" lon="7.5498790">
    <ele>799.6</ele>
   </trkpt>
   <trkpt lat="46.2772850" lon="7.5498760">
    <ele>800.4</ele>
   </trkpt>
   <trkpt lat="46.2772520" lon="7.5498730">
    <ele>801.3</ele>
   </trkpt>
   <trkpt lat="46.2772260" lon="7.5498700">
    <ele>801.9</ele>
   </trkpt>
   <trkpt lat="46.2772000" lon="7.5498670">
    <ele>802.6</ele>
   </trkpt>
   <trkpt lat="46.2771820" lon="7.5498760">
    <ele>803.1</ele>
   </trkpt>
   <trkpt lat="46.2771640" lon="7.5498850">
    <ele>803.6</ele>
   </trkpt>
   <trkpt lat="46.2771510" lon="7.5499090">
    <ele>804.1</ele>
   </trkpt>
   <trkpt lat="46.2771380" lon="7.5499330">
    <ele>804.6</ele>
   </trkpt>
   <trkpt lat="46.2771290" lon="7.5499700">
    <ele>805.2</ele>
   </trkpt>
   <trkpt lat="46.2771200" lon="7.5500070">
    <ele>805.8</ele>
   </trkpt>
   <trkpt lat="46.2771140" lon="7.5500480">
    <ele>806.4</ele>
   </trkpt>
   <trkpt lat="46.2771090" lon="7.5500900">
    <ele>806.9</ele>
   </trkpt>
   <trkpt lat="46.2771030" lon="7.5501370">
    <ele>807.5</ele>
   </trkpt>
   <trkpt lat="46.2770970" lon="7.5501850">
    <ele>808.1</ele>
   </trkpt>
   <trkpt lat="46.2770850" lon="7.5502310">
    <ele>808.7</ele>
   </trkpt>
   <trkpt lat="46.2770730" lon="7.5502760">
    <ele>809.3</ele>
   </trkpt>
   <trkpt lat="46.2770540" lon="7.5503080">
    <ele>809.7</ele>
   </trkpt>
   <trkpt lat="46.2770360" lon="7.5503400">
    <ele>810.2</ele>
   </trkpt>
   <trkpt lat="46.2770120" lon="7.5503620">
    <ele>810.6</ele>
   </trkpt>
   <trkpt lat="46.2769880" lon="7.5503840">
    <ele>811.1</ele>
   </trkpt>
   <trkpt lat="46.2769640" lon="7.5504040">
    <ele>811.5</ele>
   </trkpt>
   <trkpt lat="46.2769400" lon="7.5504250">
    <ele>812.0</ele>
   </trkpt>
   <trkpt lat="46.2769170" lon="7.5504470">
    <ele>812.5</ele>
   </trkpt>
   <trkpt lat="46.2768940" lon="7.5504700">
    <ele>813.0</ele>
   </trkpt>
   <trkpt lat="46.2768700" lon="7.5504920">
    <ele>813.4</ele>
   </trkpt>
   <trkpt lat="46.2768470" lon="7.5505140">
    <ele>813.9</ele>
   </trkpt>
   <trkpt lat="46.2768270" lon="7.5505270">
    <ele>814.3</ele>
   </trkpt>
   <trkpt lat="46.2768080" lon="7.5505410">
    <ele>814.6</ele>
   </trkpt>
   <trkpt lat="46.2767890" lon="7.5505440">
    <ele>814.9</ele>
   </trkpt>
   <trkpt lat="46.2767700" lon="7.5505480">
    <ele>815.2</ele>
   </trkpt>
   <trkpt lat="46.2767470" lon="7.5505400">
    <ele>815.6</ele>
   </trkpt>
   <trkpt lat="46.2767240" lon="7.5505310">
    <ele>816.0</ele>
   </trkpt>
   <trkpt lat="46.2767000" lon="7.5505150">
    <ele>816.4</ele>
   </trkpt>
   <trkpt lat="46.2766750" lon="7.5504990">
    <ele>816.8</ele>
   </trkpt>
   <trkpt lat="46.2766520" lon="7.5504830">
    <ele>817.2</ele>
   </trkpt>
   <trkpt lat="46.2766280" lon="7.5504660">
    <ele>817.6</ele>
   </trkpt>
   <trkpt lat="46.2766050" lon="7.5504450">
    <ele>818.0</ele>
   </trkpt>
   <trkpt lat="46.2765810" lon="7.5504240">
    <ele>818.5</ele>
   </trkpt>
   <trkpt lat="46.2765560" lon="7.5504010">
    <ele>819.0</ele>
   </trkpt>
   <trkpt lat="46.2765310" lon="7.5503790">
    <ele>819.4</ele>
   </trkpt>
   <trkpt lat="46.2765050" lon="7.5503590">
    <ele>819.9</ele>
   </trkpt>
   <trkpt lat="46.2764790" lon="7.5503390">
    <ele>820.4</ele>
   </trkpt>
   <trkpt lat="46.2764550" lon="7.5503190">
    <ele>820.9</ele>
   </trkpt>
   <trkpt lat="46.2764300" lon="7.5503000">
    <ele>821.4</ele>
   </trkpt>
   <trkpt lat="46.2764040" lon="7.5502790">
    <ele>821.9</ele>
   </trkpt>
   <trkpt lat="46.2763780" lon="7.5502580">
    <ele>822.4</ele>
   </trkpt>
   <trkpt lat="46.2763480" lon="7.5502370">
    <ele>822.9</ele>
   </trkpt>
   <trkpt lat="46.2763190" lon="7.5502160">
    <ele>823.4</ele>
   </trkpt>
   <trkpt lat="46.2762890" lon="7.5501950">
    <ele>823.9</ele>
   </trkpt>
   <trkpt lat="46.2762590" lon="7.5501750">
    <ele>824.4</ele>
   </trkpt>
   <trkpt lat="46.2762250" lon="7.5501510">
    <ele>824.9</ele>
   </trkpt>
   <trkpt lat="46.2761910" lon="7.5501280">
    <ele>825.3</ele>
   </trkpt>
   <trkpt lat="46.2761540" lon="7.5501020">
    <ele>825.8</ele>
   </trkpt>
   <trkpt lat="46.2761170" lon="7.5500770">
    <ele>826.2</ele>
   </trkpt>
   <trkpt lat="46.2760760" lon="7.5500460">
    <ele>826.6</ele>
   </trkpt>
   <trkpt lat="46.2760350" lon="7.5500160">
    <ele>827.1</ele>
   </trkpt>
   <trkpt lat="46.2760010" lon="7.5499930">
    <ele>827.5</ele>
   </trkpt>
   <trkpt lat="46.2759670" lon="7.5499700">
    <ele>827.9</ele>
   </trkpt>
   <trkpt lat="46.2759390" lon="7.5499530">
    <ele>828.2</ele>
   </trkpt>
   <trkpt lat="46.2759120" lon="7.5499360">
    <ele>828.5</ele>
   </trkpt>
   <trkpt lat="46.2758850" lon="7.5499060">
    <ele>828.9</ele>
   </trkpt>
   <trkpt lat="46.2758580" lon="7.5498760">
    <ele>829.2</ele>
   </trkpt>
   <trkpt lat="46.2758320" lon="7.5498340">
    <ele>829.7</ele>
   </trkpt>
   <trkpt lat="46.2758050" lon="7.5497930">
    <ele>830.2</ele>
   </trkpt>
   <trkpt lat="46.2757780" lon="7.5497500">
    <ele>830.8</ele>
   </trkpt>
   <trkpt lat="46.2757510" lon="7.5497080">
    <ele>831.4</ele>
   </trkpt>
   <trkpt lat="46.2757200" lon="7.5496780">
    <ele>832.0</ele>
   </trkpt>
   <trkpt lat="46.2756890" lon="7.5496490">
    <ele>832.7</ele>
   </trkpt>
   <trkpt lat="46.2756580" lon="7.5496430">
    <ele>833.2</ele>
   </trkpt>
   <trkpt lat="46.2756270" lon="7.5496380">
    <ele>833.8</ele>
   </trkpt>
   <trkpt lat="46.2755940" lon="7.5496510">
    <ele>834.3</ele>
   </trkpt>
   <trkpt lat="46.2755620" lon="7.5496650">
    <ele>834.8</ele>
   </trkpt>
   <trkpt lat="46.2755300" lon="7.5496890">
    <ele>835.4</ele>
   </trkpt>
   <trkpt lat="46.2754980" lon="7.5497140">
    <ele>836.0</ele>
   </trkpt>
   <trkpt lat="46.2754680" lon="7.5497380">
    <ele>836.5</ele>
   </trkpt>
   <trkpt lat="46.2754370" lon="7.5497620">
    <ele>837.1</ele>
   </trkpt>
   <trkpt lat="46.2754070" lon="7.5497860">
    <ele>837.7</ele>
   </trkpt>
   <trkpt lat="46.2753740" lon="7.5498020">
    <ele>838.3</ele>
   </trkpt>
   <trkpt lat="46.2753410" lon="7.5498170">
    <ele>838.8</ele>
   </trkpt>
   <trkpt lat="46.2753030" lon="7.5498300">
    <ele>839.5</ele>
   </trkpt>
   <trkpt lat="46.2752660" lon="7.5498430">
    <ele>840.1</ele>
   </trkpt>
   <trkpt lat="46.2752280" lon="7.5498510">
    <ele>840.7</ele>
   </trkpt>
   <trkpt lat="46.2751900" lon="7.5498590">
    <ele>841.4</ele>
   </trkpt>
   <trkpt lat="46.2751540" lon="7.5498640">
    <ele>841.9</ele>
   </trkpt>
   <trkpt lat="46.2751180" lon="7.5498690">
    <ele>842.5</ele>
   </trkpt>
   <trkpt lat="46.2750860" lon="7.5498750">
    <ele>843.0</ele>
   </trkpt>
   <trkpt lat="46.2750550" lon="7.5498810">
    <ele>843.5</ele>
   </trkpt>
   <trkpt lat="46.2750260" lon="7.5498940">
    <ele>844.0</ele>
   </trkpt>
   <trkpt lat="46.2749970" lon="7.5499060">
    <ele>844.4</ele>
   </trkpt>
   <trkpt lat="46.2749680" lon="7.5499210">
    <ele>844.9</ele>
   </trkpt>
   <trkpt lat="46.2749400" lon="7.5499360">
    <ele>845.3</ele>
   </trkpt>
   <trkpt lat="46.2749080" lon="7.5499490">
    <ele>845.8</ele>
   </trkpt>
   <trkpt lat="46.2748770" lon="7.5499630">
    <ele>846.3</ele>
   </trkpt>
   <trkpt lat="46.2748460" lon="7.5499740">
    <ele>846.7</ele>
   </trkpt>
   <trkpt lat="46.2748150" lon="7.5499860">
    <ele>847.2</ele>
   </trkpt>
   <trkpt lat="46.2747860" lon="7.5499990">
    <ele>847.7</ele>
   </trkpt>
   <trkpt lat="46.2747580" lon="7.5500120">
    <ele>848.2</ele>
   </trkpt>
   <trkpt lat="46.2747300" lon="7.5500260">
    <ele>848.6</ele>
   </trkpt>
   <trkpt lat="46.2747020" lon="7.5500400">
    <ele>849.1</ele>
   </trkpt>
   <trkpt lat="46.2746750" lon="7.5500540">
    <ele>849.6</ele>
   </trkpt>
   <trkpt lat="46.2746480" lon="7.5500670">
    <ele>850.1</ele>
   </trkpt>
   <trkpt lat="46.2746230" lon="7.5500790">
    <ele>850.6</ele>
   </trkpt>
   <trkpt lat="46.2745970" lon="7.5500910">
    <ele>851.1</ele>
   </trkpt>
   <trkpt lat="46.2745720" lon="7.5501010">
    <ele>851.6</ele>
   </trkpt>
   <trkpt lat="46.2745470" lon="7.5501110">
    <ele>852.1</ele>
   </trkpt>
   <trkpt lat="46.2745190" lon="7.5501170">
    <ele>852.6</ele>
   </trkpt>
   <trkpt lat="46.2744920" lon="7.5501240">
    <ele>853.1</ele>
   </trkpt>
   <trkpt lat="46.2744640" lon="7.5501350">
    <ele>853.6</ele>
   </trkpt>
   <trkpt lat="46.2744370" lon="7.5501470">
    <ele>854.1</ele>
   </trkpt>
   <trkpt lat="46.2744090" lon="7.5501590">
    <ele>854.6</ele>
   </trkpt>
   <trkpt lat="46.2743800" lon="7.5501700">
    <ele>855.1</ele>
   </trkpt>
   <trkpt lat="46.2743510" lon="7.5501930">
    <ele>857.9</ele>
   </trkpt>
   <trkpt lat="46.2743440" lon="7.5502010">
    <ele>857.9</ele>
   </trkpt>
   <trkpt lat="46.2743370" lon="7.5502100">
    <ele>858.0</ele>
   </trkpt>
   <trkpt lat="46.2743380" lon="7.5502230">
    <ele>858.0</ele>
   </trkpt>
   <trkpt lat="46.2743600" lon="7.5502350">
    <ele>858.2</ele>
   </trkpt>
   <trkpt lat="46.2743830" lon="7.5502470">
    <ele>858.3</ele>
   </trkpt>
   <trkpt lat="46.2744200" lon="7.5502560">
    <ele>858.4</ele>
   </trkpt>
   <trkpt lat="46.2744560" lon="7.5502660">
    <ele>858.5</ele>
   </trkpt>
   <trkpt lat="46.2744970" lon="7.5502730">
    <ele>858.7</ele>
   </trkpt>
   <trkpt lat="46.2745380" lon="7.5502810">
    <ele>858.8</ele>
   </trkpt>
   <trkpt lat="46.2745770" lon="7.5502920">
    <ele>859.0</ele>
   </trkpt>
   <trkpt lat="46.2746160" lon="7.5503030">
    <ele>859.1</ele>
   </trkpt>
   <trkpt lat="46.2746530" lon="7.5503180">
    <ele>859.2</ele>
   </trkpt>
   <trkpt lat="46.2746900" lon="7.5503330">
    <ele>859.3</ele>
   </trkpt>
   <trkpt lat="46.2747200" lon="7.5503480">
    <ele>859.4</ele>
   </trkpt>
   <trkpt lat="46.2747500" lon="7.5503640">
    <ele>859.5</ele>
   </trkpt>
   <trkpt lat="46.2747720" lon="7.5503800">
    <ele>859.6</ele>
   </trkpt>
   <trkpt lat="46.2747940" lon="7.5503970">
    <ele>859.7</ele>
   </trkpt>
   <trkpt lat="46.2748180" lon="7.5504160">
    <ele>859.7</ele>
   </trkpt>
   <trkpt lat="46.2748420" lon="7.5504340">
    <ele>859.8</ele>
   </trkpt>
   <trkpt lat="46.2748740" lon="7.5504530">
    <ele>859.9</ele>
   </trkpt>
   <trkpt lat="46.2749050" lon="7.5504730">
    <ele>860.0</ele>
   </trkpt>
   <trkpt lat="46.2749420" lon="7.5504960">
    <ele>860.1</ele>
   </trkpt>
   <trkpt lat="46.2749790" lon="7.5505190">
    <ele>860.3</ele>
   </trkpt>
   <trkpt lat="46.2750130" lon="7.5505470">
    <ele>860.6</ele>
   </trkpt>
   <trkpt lat="46.2750470" lon="7.5505750">
    <ele>860.9</ele>
   </trkpt>
   <trkpt lat="46.2750680" lon="7.5506030">
    <ele>861.1</ele>
   </trkpt>
   <trkpt lat="46.2750900" lon="7.5506300">
    <ele>861.9</ele>
   </trkpt>
   <trkpt lat="46.2751040" lon="7.5506500">
    <ele>862.4</ele>
   </trkpt>
   <trkpt lat="46.2751180" lon="7.5506710">
    <ele>862.9</ele>
   </trkpt>
   <trkpt lat="46.2751280" lon="7.5506910">
    <ele>863.4</ele>
   </trkpt>
   <trkpt lat="46.2751390" lon="7.5507110">
    <ele>863.9</ele>
   </trkpt>
   <trkpt lat="46.2751480" lon="7.5507360">
    <ele>864.4</ele>
   </trkpt>
   <trkpt lat="46.2751580" lon="7.5507610">
    <ele>865.0</ele>
   </trkpt>
   <trkpt lat="46.2751640" lon="7.5507920">
    <ele>865.7</ele>
   </trkpt>
   <trkpt lat="46.2751700" lon="7.5508230">
    <ele>866.3</ele>
   </trkpt>
   <trkpt lat="46.2751720" lon="7.5508560">
    <ele>867.0</ele>
   </trkpt>
   <trkpt lat="46.2751740" lon="7.5508900">
    <ele>867.6</ele>
   </trkpt>
   <trkpt lat="46.2751800" lon="7.5509170">
    <ele>868.1</ele>
   </trkpt>
   <trkpt lat="46.2751850" lon="7.5509450">
    <ele>868.6</ele>
   </trkpt>
   <trkpt lat="46.2752010" lon="7.5509630">
    <ele>869.1</ele>
   </trkpt>
   <trkpt lat="46.2752160" lon="7.5509810">
    <ele>869.5</ele>
   </trkpt>
   <trkpt lat="46.2752390" lon="7.5509920">
    <ele>870.0</ele>
   </trkpt>
   <trkpt lat="46.2752620" lon="7.5510040">
    <ele>870.5</ele>
   </trkpt>
   <trkpt lat="46.2752840" lon="7.5510150">
    <ele>870.9</ele>
   </trkpt>
   <trkpt lat="46.2753070" lon="7.5510270">
    <ele>871.3</ele>
   </trkpt>
   <trkpt lat="46.2753290" lon="7.5510470">
    <ele>871.7</ele>
   </trkpt>
   <trkpt lat="46.2753520" lon="7.5510670">
    <ele>872.1</ele>
   </trkpt>
   <trkpt lat="46.2753750" lon="7.5510960">
    <ele>872.5</ele>
   </trkpt>
   <trkpt lat="46.2753980" lon="7.5511260">
    <ele>872.9</ele>
   </trkpt>
   <trkpt lat="46.2754210" lon="7.5511600">
    <ele>873.2</ele>
   </trkpt>
   <trkpt lat="46.2754450" lon="7.5511930">
    <ele>873.6</ele>
   </trkpt>
   <trkpt lat="46.2754720" lon="7.5512260">
    <ele>874.0</ele>
   </trkpt>
   <trkpt lat="46.2754990" lon="7.5512590">
    <ele>874.5</ele>
   </trkpt>
   <trkpt lat="46.2755290" lon="7.5512900">
    <ele>874.9</ele>
   </trkpt>
   <trkpt lat="46.2755590" lon="7.5513200">
    <ele>875.3</ele>
   </trkpt>
   <trkpt lat="46.2755900" lon="7.5513460">
    <ele>875.7</ele>
   </trkpt>
   <trkpt lat="46.2756210" lon="7.5513720">
    <ele>876.1</ele>
   </trkpt>
   <trkpt lat="46.2756470" lon="7.5513950">
    <ele>876.5</ele>
   </trkpt>
   <trkpt lat="46.2756740" lon="7.5514180">
    <ele>877.0</ele>
   </trkpt>
   <trkpt lat="46.2756930" lon="7.5514430">
    <ele>877.5</ele>
   </trkpt>
   <trkpt lat="46.2757120" lon="7.5514670">
    <ele>877.9</ele>
   </trkpt>
   <trkpt lat="46.2757180" lon="7.5514910">
    <ele>878.3</ele>
   </trkpt>
   <trkpt lat="46.2757240" lon="7.5515140">
    <ele>878.7</ele>
   </trkpt>
   <trkpt lat="46.2757160" lon="7.5515370">
    <ele>879.1</ele>
   </trkpt>
   <trkpt lat="46.2757080" lon="7.5515600">
    <ele>879.5</ele>
   </trkpt>
   <trkpt lat="46.2756910" lon="7.5515860">
    <ele>880.1</ele>
   </trkpt>
   <trkpt lat="46.2756730" lon="7.5516130">
    <ele>880.8</ele>
   </trkpt>
   <trkpt lat="46.2756590" lon="7.5516430">
    <ele>881.7</ele>
   </trkpt>
   <trkpt lat="46.2756450" lon="7.5516730">
    <ele>882.5</ele>
   </trkpt>
   <trkpt lat="46.2756370" lon="7.5516960">
    <ele>883.2</ele>
   </trkpt>
   <trkpt lat="46.2756300" lon="7.5517180">
    <ele>883.7</ele>
   </trkpt>
   <trkpt lat="46.2756240" lon="7.5517360">
    <ele>884.2</ele>
   </trkpt>
   <trkpt lat="46.2756180" lon="7.5517530">
    <ele>884.7</ele>
   </trkpt>
   <trkpt lat="46.2756120" lon="7.5517710">
    <ele>885.2</ele>
   </trkpt>
   <trkpt lat="46.2756070" lon="7.5517890">
    <ele>885.7</ele>
   </trkpt>
   <trkpt lat="46.2756010" lon="7.5518080">
    <ele>886.2</ele>
   </trkpt>
   <trkpt lat="46.2755960" lon="7.5518260">
    <ele>886.7</ele>
   </trkpt>
   <trkpt lat="46.2755880" lon="7.5518470">
    <ele>887.4</ele>
   </trkpt>
   <trkpt lat="46.2755800" lon="7.5518670">
    <ele>888.0</ele>
   </trkpt>
   <trkpt lat="46.2755690" lon="7.5518890">
    <ele>888.8</ele>
   </trkpt>
   <trkpt lat="46.2755590" lon="7.5519110">
    <ele>889.5</ele>
   </trkpt>
   <trkpt lat="46.2755480" lon="7.5519300">
    <ele>890.2</ele>
   </trkpt>
   <trkpt lat="46.2755380" lon="7.5519490">
    <ele>890.9</ele>
   </trkpt>
   <trkpt lat="46.2755260" lon="7.5519590">
    <ele>891.5</ele>
   </trkpt>
   <trkpt lat="46.2755140" lon="7.5519690">
    <ele>892.1</ele>
   </trkpt>
   <trkpt lat="46.2755000" lon="7.5519780">
    <ele>892.7</ele>
   </trkpt>
   <trkpt lat="46.2754860" lon="7.5519870">
    <ele>893.4</ele>
   </trkpt>
   <trkpt lat="46.2754730" lon="7.5520000">
    <ele>894.1</ele>
   </trkpt>
   <trkpt lat="46.2754600" lon="7.5520140">
    <ele>894.7</ele>
   </trkpt>
   <trkpt lat="46.2754530" lon="7.5520270">
    <ele>895.2</ele>
   </trkpt>
   <trkpt lat="46.2754460" lon="7.5520410">
    <ele>895.7</ele>
   </trkpt>
   <trkpt lat="46.2754420" lon="7.5520530">
    <ele>896.1</ele>
   </trkpt>
   <trkpt lat="46.2754390" lon="7.5520640">
    <ele>896.5</ele>
   </trkpt>
   <trkpt lat="46.2754310" lon="7.5520800">
    <ele>897.1</ele>
   </trkpt>
   <trkpt lat="46.2754230" lon="7.5520960">
    <ele>897.6</ele>
   </trkpt>
   <trkpt lat="46.2754080" lon="7.5521130">
    <ele>898.4</ele>
   </trkpt>
   <trkpt lat="46.2753930" lon="7.5521290">
    <ele>899.2</ele>
   </trkpt>
   <trkpt lat="46.2753770" lon="7.5521440">
    <ele>900.0</ele>
   </trkpt>
   <trkpt lat="46.2753610" lon="7.5521590">
    <ele>900.9</ele>
   </trkpt>
   <trkpt lat="46.2753480" lon="7.5521740">
    <ele>901.6</ele>
   </trkpt>
   <trkpt lat="46.2753360" lon="7.5521880">
    <ele>902.2</ele>
   </trkpt>
   <trkpt lat="46.2753270" lon="7.5522060">
    <ele>902.9</ele>
   </trkpt>
   <trkpt lat="46.2753180" lon="7.5522240">
    <ele>903.5</ele>
   </trkpt>
   <trkpt lat="46.2753130" lon="7.5522420">
    <ele>904.1</ele>
   </trkpt>
   <trkpt lat="46.2753070" lon="7.5522600">
    <ele>904.7</ele>
   </trkpt>
   <trkpt lat="46.2753040" lon="7.5522740">
    <ele>905.1</ele>
   </trkpt>
   <trkpt lat="46.2753010" lon="7.5522880">
    <ele>905.5</ele>
   </trkpt>
   <trkpt lat="46.2752940" lon="7.5522970">
    <ele>906.0</ele>
   </trkpt>
   <trkpt lat="46.2752870" lon="7.5523070">
    <ele>906.4</ele>
   </trkpt>
   <trkpt lat="46.2752720" lon="7.5523160">
    <ele>907.1</ele>
   </trkpt>
   <trkpt lat="46.2752570" lon="7.5523260">
    <ele>907.8</ele>
   </trkpt>
   <trkpt lat="46.2752420" lon="7.5523360">
    <ele>908.5</ele>
   </trkpt>
   <trkpt lat="46.2752270" lon="7.5523460">
    <ele>909.2</ele>
   </trkpt>
   <trkpt lat="46.2752140" lon="7.5523560">
    <ele>909.9</ele>
   </trkpt>
   <trkpt lat="46.2752030" lon="7.5523660">
    <ele>910.5</ele>
   </trkpt>
   <trkpt lat="46.2751970" lon="7.5523790">
    <ele>910.9</ele>
   </trkpt>
   <trkpt lat="46.2751910" lon="7.5523910">
    <ele>911.4</ele>
   </trkpt>
   <trkpt lat="46.2751920" lon="7.5524060">
    <ele>911.9</ele>
   </trkpt>
   <trkpt lat="46.2751920" lon="7.5524210">
    <ele>912.3</ele>
   </trkpt>
   <trkpt lat="46.2751950" lon="7.5524390">
    <ele>912.9</ele>
   </trkpt>
   <trkpt lat="46.2751990" lon="7.5524580">
    <ele>913.5</ele>
   </trkpt>
   <trkpt lat="46.2751980" lon="7.5524780">
    <ele>914.2</ele>
   </trkpt>
   <trkpt lat="46.2751970" lon="7.5524980">
    <ele>914.8</ele>
   </trkpt>
   <trkpt lat="46.2751950" lon="7.5525080">
    <ele>915.1</ele>
   </trkpt>
   <trkpt lat="46.2751940" lon="7.5525190">
    <ele>915.5</ele>
   </trkpt>
   <trkpt lat="46.2751920" lon="7.5525290">
    <ele>915.8</ele>
   </trkpt>
   <trkpt lat="46.2751910" lon="7.5525390">
    <ele>916.2</ele>
   </trkpt>
   <trkpt lat="46.2751890" lon="7.5525510">
    <ele>916.6</ele>
   </trkpt>
   <trkpt lat="46.2751870" lon="7.5525620">
    <ele>916.9</ele>
   </trkpt>
   <trkpt lat="46.2751840" lon="7.5525720">
    <ele>917.3</ele>
   </trkpt>
   <trkpt lat="46.2751820" lon="7.5525820">
    <ele>917.6</ele>
   </trkpt>
   <trkpt lat="46.2751740" lon="7.5525970">
    <ele>918.2</ele>
   </trkpt>
   <trkpt lat="46.2751650" lon="7.5526130">
    <ele>918.9</ele>
   </trkpt>
   <trkpt lat="46.2751520" lon="7.5526300">
    <ele>919.7</ele>
   </trkpt>
   <trkpt lat="46.2751380" lon="7.5526470">
    <ele>920.5</ele>
   </trkpt>
   <trkpt lat="46.2751240" lon="7.5526590">
    <ele>921.3</ele>
   </trkpt>
   <trkpt lat="46.2751110" lon="7.5526720">
    <ele>922.0</ele>
   </trkpt>
   <trkpt lat="46.2751010" lon="7.5526840">
    <ele>922.6</ele>
   </trkpt>
   <trkpt lat="46.2750920" lon="7.5526960">
    <ele>923.2</ele>
   </trkpt>
   <trkpt lat="46.2750870" lon="7.5527090">
    <ele>923.6</ele>
   </trkpt>
   <trkpt lat="46.2750820" lon="7.5527220">
    <ele>924.1</ele>
   </trkpt>
   <trkpt lat="46.2750840" lon="7.5527340">
    <ele>924.5</ele>
   </trkpt>
   <trkpt lat="46.2750850" lon="7.5527450">
    <ele>924.8</ele>
   </trkpt>
   <trkpt lat="46.2750860" lon="7.5527550">
    <ele>925.1</ele>
   </trkpt>
   <trkpt lat="46.2750880" lon="7.5527650">
    <ele>925.5</ele>
   </trkpt>
   <trkpt lat="46.2750830" lon="7.5527720">
    <ele>925.8</ele>
   </trkpt>
   <trkpt lat="46.2750790" lon="7.5527800">
    <ele>926.1</ele>
   </trkpt>
   <trkpt lat="46.2750640" lon="7.5527870">
    <ele>926.8</ele>
   </trkpt>
   <trkpt lat="46.2750500" lon="7.5527950">
    <ele>927.5</ele>
   </trkpt>
   <trkpt lat="46.2750340" lon="7.5528120">
    <ele>928.4</ele>
   </trkpt>
   <trkpt lat="46.2750190" lon="7.5528300">
    <ele>929.3</ele>
   </trkpt>
   <trkpt lat="46.2750140" lon="7.5528570">
    <ele>930.2</ele>
   </trkpt>
   <trkpt lat="46.2750080" lon="7.5528840">
    <ele>931.0</ele>
   </trkpt>
   <trkpt lat="46.2750140" lon="7.5529100">
    <ele>931.9</ele>
   </trkpt>
   <trkpt lat="46.2750200" lon="7.5529360">
    <ele>932.7</ele>
   </trkpt>
   <trkpt lat="46.2750310" lon="7.5529550">
    <ele>933.5</ele>
   </trkpt>
   <trkpt lat="46.2750410" lon="7.5529740">
    <ele>934.2</ele>
   </trkpt>
   <trkpt lat="46.2750510" lon="7.5529900">
    <ele>934.8</ele>
   </trkpt>
   <trkpt lat="46.2750610" lon="7.5530050">
    <ele>935.4</ele>
   </trkpt>
   <trkpt lat="46.2750690" lon="7.5530220">
    <ele>936.0</ele>
   </trkpt>
   <trkpt lat="46.2750770" lon="7.5530390">
    <ele>936.6</ele>
   </trkpt>
   <trkpt lat="46.2750770" lon="7.5530530">
    <ele>937.0</ele>
   </trkpt>
   <trkpt lat="46.2750770" lon="7.5530670">
    <ele>937.3</ele>
   </trkpt>
   <trkpt lat="46.2750750" lon="7.5530860">
    <ele>937.9</ele>
   </trkpt>
   <trkpt lat="46.2750740" lon="7.5531050">
    <ele>938.4</ele>
   </trkpt>
   <trkpt lat="46.2750740" lon="7.5531290">
    <ele>939.1</ele>
   </trkpt>
   <trkpt lat="46.2750750" lon="7.5531530">
    <ele>939.7</ele>
   </trkpt>
   <trkpt lat="46.2750720" lon="7.5531710">
    <ele>940.2</ele>
   </trkpt>
   <trkpt lat="46.2750690" lon="7.5531880">
    <ele>940.7</ele>
   </trkpt>
   <trkpt lat="46.2750580" lon="7.5531980">
    <ele>941.1</ele>
   </trkpt>
   <trkpt lat="46.2750470" lon="7.5532070">
    <ele>941.6</ele>
   </trkpt>
   <trkpt lat="46.2750320" lon="7.5532150">
    <ele>942.2</ele>
   </trkpt>
   <trkpt lat="46.2750160" lon="7.5532240">
    <ele>942.9</ele>
   </trkpt>
   <trkpt lat="46.2750020" lon="7.5532360">
    <ele>943.5</ele>
   </trkpt>
   <trkpt lat="46.2749870" lon="7.5532480">
    <ele>944.1</ele>
   </trkpt>
   <trkpt lat="46.2749760" lon="7.5532610">
    <ele>944.7</ele>
   </trkpt>
   <trkpt lat="46.2749650" lon="7.5532730">
    <ele>945.2</ele>
   </trkpt>
   <trkpt lat="46.2749540" lon="7.5532840">
    <ele>945.7</ele>
   </trkpt>
   <trkpt lat="46.2749430" lon="7.5532960">
    <ele>946.2</ele>
   </trkpt>
   <trkpt lat="46.2749300" lon="7.5533060">
    <ele>946.8</ele>
   </trkpt>
   <trkpt lat="46.2749180" lon="7.5533170">
    <ele>947.3</ele>
   </trkpt>
   <trkpt lat="46.2749040" lon="7.5533250">
    <ele>947.9</ele>
   </trkpt>
   <trkpt lat="46.2748890" lon="7.5533340">
    <ele>948.5</ele>
   </trkpt>
   <trkpt lat="46.2748820" lon="7.5533440">
    <ele>948.9</ele>
   </trkpt>
   <trkpt lat="46.2748750" lon="7.5533540">
    <ele>949.2</ele>
   </trkpt>
   <trkpt lat="46.2748800" lon="7.5533650">
    <ele>949.6</ele>
   </trkpt>
   <trkpt lat="46.2748850" lon="7.5533760">
    <ele>949.9</ele>
   </trkpt>
   <trkpt lat="46.2748990" lon="7.5533880">
    <ele>950.2</ele>
   </trkpt>
   <trkpt lat="46.2749140" lon="7.5534010">
    <ele>950.6</ele>
   </trkpt>
   <trkpt lat="46.2749350" lon="7.5534140">
    <ele>951.1</ele>
   </trkpt>
   <trkpt lat="46.2749560" lon="7.5534280">
    <ele>951.6</ele>
   </trkpt>
   <trkpt lat="46.2749790" lon="7.5534400">
    <ele>952.1</ele>
   </trkpt>
   <trkpt lat="46.2750020" lon="7.5534520">
    <ele>952.6</ele>
   </trkpt>
   <trkpt lat="46.2750250" lon="7.5534630">
    <ele>953.1</ele>
   </trkpt>
   <trkpt lat="46.2750490" lon="7.5534750">
    <ele>953.6</ele>
   </trkpt>
   <trkpt lat="46.2750740" lon="7.5534930">
    <ele>954.2</ele>
   </trkpt>
   <trkpt lat="46.2750980" lon="7.5535100">
    <ele>954.8</ele>
   </trkpt>
   <trkpt lat="46.2751190" lon="7.5535310">
    <ele>955.4</ele>
   </trkpt>
   <trkpt lat="46.2751400" lon="7.5535530">
    <ele>955.9</ele>
   </trkpt>
   <trkpt lat="46.2751540" lon="7.5535760">
    <ele>956.5</ele>
   </trkpt>
   <trkpt lat="46.2751680" lon="7.5535990">
    <ele>957.0</ele>
   </trkpt>
   <trkpt lat="46.2751740" lon="7.5536200">
    <ele>957.4</ele>
   </trkpt>
   <trkpt lat="46.2751800" lon="7.5536410">
    <ele>957.8</ele>
   </trkpt>
   <trkpt lat="46.2751840" lon="7.5536610">
    <ele>958.2</ele>
   </trkpt>
   <trkpt lat="46.2751870" lon="7.5536810">
    <ele>958.5</ele>
   </trkpt>
   <trkpt lat="46.2751930" lon="7.5537040">
    <ele>959.0</ele>
   </trkpt>
   <trkpt lat="46.2751990" lon="7.5537280">
    <ele>959.4</ele>
   </trkpt>
   <trkpt lat="46.2752110" lon="7.5537590">
    <ele>960.1</ele>
   </trkpt>
   <trkpt lat="46.2752240" lon="7.5537900">
    <ele>960.8</ele>
   </trkpt>
   <trkpt lat="46.2752380" lon="7.5538190">
    <ele>961.5</ele>
   </trkpt>
   <trkpt lat="46.2752530" lon="7.5538480">
    <ele>962.2</ele>
   </trkpt>
   <trkpt lat="46.2752670" lon="7.5538730">
    <ele>962.8</ele>
   </trkpt>
   <trkpt lat="46.2752820" lon="7.5538980">
    <ele>963.5</ele>
   </trkpt>
   <trkpt lat="46.2752960" lon="7.5539230">
    <ele>964.1</ele>
   </trkpt>
   <trkpt lat="46.2753100" lon="7.5539480">
    <ele>964.8</ele>
   </trkpt>
   <trkpt lat="46.2753200" lon="7.5539730">
    <ele>965.4</ele>
   </trkpt>
   <trkpt lat="46.2753300" lon="7.5539990">
    <ele>966.0</ele>
   </trkpt>
   <trkpt lat="46.2753370" lon="7.5540230">
    <ele>966.5</ele>
   </trkpt>
   <trkpt lat="46.2753440" lon="7.5540470">
    <ele>967.1</ele>
   </trkpt>
   <trkpt lat="46.2753480" lon="7.5540710">
    <ele>967.6</ele>
   </trkpt>
   <trkpt lat="46.2753520" lon="7.5540950">
    <ele>968.1</ele>
   </trkpt>
   <trkpt lat="46.2753590" lon="7.5541170">
    <ele>968.6</ele>
   </trkpt>
   <trkpt lat="46.2753670" lon="7.5541400">
    <ele>969.2</ele>
   </trkpt>
   <trkpt lat="46.2753810" lon="7.5541580">
    <ele>969.8</ele>
   </trkpt>
   <trkpt lat="46.2753950" lon="7.5541770">
    <ele>970.4</ele>
   </trkpt>
   <trkpt lat="46.2754110" lon="7.5541970">
    <ele>971.1</ele>
   </trkpt>
   <trkpt lat="46.2754270" lon="7.5542170">
    <ele>971.7</ele>
   </trkpt>
   <trkpt lat="46.2754400" lon="7.5542380">
    <ele>972.3</ele>
   </trkpt>
   <trkpt lat="46.2754540" lon="7.5542590">
    <ele>973.0</ele>
   </trkpt>
   <trkpt lat="46.2754650" lon="7.5542810">
    <ele>973.6</ele>
   </trkpt>
   <trkpt lat="46.2754760" lon="7.5543020">
    <ele>974.2</ele>
   </trkpt>
   <trkpt lat="46.2754860" lon="7.5543230">
    <ele>974.8</ele>
   </trkpt>
   <trkpt lat="46.2754960" lon="7.5543450">
    <ele>975.4</ele>
   </trkpt>
   <trkpt lat="46.2755070" lon="7.5543650">
    <ele>975.9</ele>
   </trkpt>
   <trkpt lat="46.2755180" lon="7.5543850">
    <ele>976.5</ele>
   </trkpt>
   <trkpt lat="46.2755270" lon="7.5544030">
    <ele>977.0</ele>
   </trkpt>
   <trkpt lat="46.2755360" lon="7.5544220">
    <ele>977.6</ele>
   </trkpt>
   <trkpt lat="46.2755480" lon="7.5544380">
    <ele>978.1</ele>
   </trkpt>
   <trkpt lat="46.2755590" lon="7.5544530">
    <ele>978.6</ele>
   </trkpt>
   <trkpt lat="46.2755730" lon="7.5544670">
    <ele>979.2</ele>
   </trkpt>
   <trkpt lat="46.2755860" lon="7.5544800">
    <ele>979.8</ele>
   </trkpt>
   <trkpt lat="46.2755980" lon="7.5544930">
    <ele>980.3</ele>
   </trkpt>
   <trkpt lat="46.2756090" lon="7.5545050">
    <ele>980.8</ele>
   </trkpt>
   <trkpt lat="46.2756180" lon="7.5545200">
    <ele>981.3</ele>
   </trkpt>
   <trkpt lat="46.2756270" lon="7.5545350">
    <ele>981.8</ele>
   </trkpt>
   <trkpt lat="46.2756380" lon="7.5545560">
    <ele>982.4</ele>
   </trkpt>
   <trkpt lat="46.2756490" lon="7.5545770">
    <ele>983.1</ele>
   </trkpt>
   <trkpt lat="46.2756600" lon="7.5546000">
    <ele>983.8</ele>
   </trkpt>
   <trkpt lat="46.2756720" lon="7.5546240">
    <ele>984.5</ele>
   </trkpt>
   <trkpt lat="46.2756810" lon="7.5546430">
    <ele>985.0</ele>
   </trkpt>
   <trkpt lat="46.2756910" lon="7.5546630">
    <ele>985.6</ele>
   </trkpt>
   <trkpt lat="46.2757010" lon="7.5546800">
    <ele>986.1</ele>
   </trkpt>
   <trkpt lat="46.2757100" lon="7.5546970">
    <ele>986.5</ele>
   </trkpt>
   <trkpt lat="46.2757230" lon="7.5547140">
    <ele>987.0</ele>
   </trkpt>
   <trkpt lat="46.2757370" lon="7.5547300">
    <ele>987.5</ele>
   </trkpt>
   <trkpt lat="46.2757530" lon="7.5547460">
    <ele>988.0</ele>
   </trkpt>
   <trkpt lat="46.2757700" lon="7.5547620">
    <ele>988.4</ele>
   </trkpt>
   <trkpt lat="46.2757850" lon="7.5547750">
    <ele>988.8</ele>
   </trkpt>
   <trkpt lat="46.2757990" lon="7.5547880">
    <ele>989.1</ele>
   </trkpt>
   <trkpt lat="46.2758110" lon="7.5548060">
    <ele>989.4</ele>
   </trkpt>
   <trkpt lat="46.2758240" lon="7.5548230">
    <ele>989.7</ele>
   </trkpt>
   <trkpt lat="46.2758340" lon="7.5548430">
    <ele>989.9</ele>
   </trkpt>
   <trkpt lat="46.2758450" lon="7.5548630">
    <ele>990.0</ele>
   </trkpt>
   <trkpt lat="46.2758590" lon="7.5548890">
    <ele>990.2</ele>
   </trkpt>
   <trkpt lat="46.2758730" lon="7.5549150">
    <ele>990.4</ele>
   </trkpt>
   <trkpt lat="46.2758940" lon="7.5549440">
    <ele>990.6</ele>
   </trkpt>
   <trkpt lat="46.2759150" lon="7.5549720">
    <ele>990.7</ele>
   </trkpt>
   <trkpt lat="46.2759420" lon="7.5549940">
    <ele>990.9</ele>
   </trkpt>
   <trkpt lat="46.2759690" lon="7.5550160">
    <ele>991.2</ele>
   </trkpt>
   <trkpt lat="46.2759980" lon="7.5550210">
    <ele>991.5</ele>
   </trkpt>
   <trkpt lat="46.2760280" lon="7.5550260">
    <ele>991.9</ele>
   </trkpt>
   <trkpt lat="46.2760530" lon="7.5550240">
    <ele>992.5</ele>
   </trkpt>
   <trkpt lat="46.2760790" lon="7.5550210">
    <ele>993.1</ele>
   </trkpt>
   <trkpt lat="46.2760970" lon="7.5550250">
    <ele>993.6</ele>
   </trkpt>
   <trkpt lat="46.2761160" lon="7.5550290">
    <ele>994.2</ele>
   </trkpt>
   <trkpt lat="46.2761230" lon="7.5550400">
    <ele>994.6</ele>
   </trkpt>
   <trkpt lat="46.2761310" lon="7.5550500">
    <ele>994.9</ele>
   </trkpt>
   <trkpt lat="46.2761370" lon="7.5550660">
    <ele>995.4</ele>
   </trkpt>
   <trkpt lat="46.2761430" lon="7.5550820">
    <ele>995.9</ele>
   </trkpt>
   <trkpt lat="46.2761520" lon="7.5551000">
    <ele>996.5</ele>
   </trkpt>
   <trkpt lat="46.2761610" lon="7.5551180">
    <ele>997.1</ele>
   </trkpt>
   <trkpt lat="46.2761710" lon="7.5551350">
    <ele>997.8</ele>
   </trkpt>
   <trkpt lat="46.2761800" lon="7.5551520">
    <ele>998.4</ele>
   </trkpt>
   <trkpt lat="46.2761860" lon="7.5551630">
    <ele>998.8</ele>
   </trkpt>
   <trkpt lat="46.2761920" lon="7.5551750">
    <ele>999.3</ele>
   </trkpt>
   <trkpt lat="46.2761920" lon="7.5551840">
    <ele>999.5</ele>
   </trkpt>
   <trkpt lat="46.2761910" lon="7.5551940">
    <ele>999.8</ele>
   </trkpt>
   <trkpt lat="46.2761760" lon="7.5552140">
    <ele>1000.7</ele>
   </trkpt>
   <trkpt lat="46.2761690" lon="7.5552240">
    <ele>1001.1</ele>
   </trkpt>
   <trkpt lat="46.2761630" lon="7.5552340">
    <ele>1001.5</ele>
   </trkpt>
   <trkpt lat="46.2761560" lon="7.5552440">
    <ele>1001.9</ele>
   </trkpt>
   <trkpt lat="46.2761500" lon="7.5552550">
    <ele>1002.3</ele>
   </trkpt>
   <trkpt lat="46.2761430" lon="7.5552650">
    <ele>1002.7</ele>
   </trkpt>
   <trkpt lat="46.2761370" lon="7.5552750">
    <ele>1003.1</ele>
   </trkpt>
   <trkpt lat="46.2761300" lon="7.5552850">
    <ele>1003.5</ele>
   </trkpt>
   <trkpt lat="46.2761230" lon="7.5552950">
    <ele>1003.9</ele>
   </trkpt>
   <trkpt lat="46.2761170" lon="7.5553050">
    <ele>1004.3</ele>
   </trkpt>
   <trkpt lat="46.2761100" lon="7.5553160">
    <ele>1004.7</ele>
   </trkpt>
   <trkpt lat="46.2761040" lon="7.5553260">
    <ele>1005.1</ele>
   </trkpt>
   <trkpt lat="46.2760970" lon="7.5553360">
    <ele>1005.5</ele>
   </trkpt>
   <trkpt lat="46.2761010" lon="7.5553470">
    <ele>1005.8</ele>
   </trkpt>
   <trkpt lat="46.2761180" lon="7.5553650">
    <ele>1006.7</ele>
   </trkpt>
   <trkpt lat="46.2761350" lon="7.5553830">
    <ele>1007.5</ele>
   </trkpt>
   <trkpt lat="46.2761510" lon="7.5554010">
    <ele>1008.4</ele>
   </trkpt>
   <trkpt lat="46.2761680" lon="7.5554100">
    <ele>1009.1</ele>
   </trkpt>
   <trkpt lat="46.2761840" lon="7.5554180">
    <ele>1009.8</ele>
   </trkpt>
   <trkpt lat="46.2761970" lon="7.5554240">
    <ele>1010.4</ele>
   </trkpt>
   <trkpt lat="46.2762100" lon="7.5554300">
    <ele>1011.0</ele>
   </trkpt>
   <trkpt lat="46.2762210" lon="7.5554400">
    <ele>1011.5</ele>
   </trkpt>
   <trkpt lat="46.2762320" lon="7.5554500">
    <ele>1012.0</ele>
   </trkpt>
   <trkpt lat="46.2762410" lon="7.5554610">
    <ele>1012.5</ele>
   </trkpt>
   <trkpt lat="46.2762500" lon="7.5554710">
    <ele>1013.0</ele>
   </trkpt>
   <trkpt lat="46.2762580" lon="7.5554820">
    <ele>1013.5</ele>
   </trkpt>
   <trkpt lat="46.2762670" lon="7.5554930">
    <ele>1014.0</ele>
   </trkpt>
   <trkpt lat="46.2762750" lon="7.5555010">
    <ele>1014.4</ele>
   </trkpt>
   <trkpt lat="46.2762830" lon="7.5555100">
    <ele>1014.8</ele>
   </trkpt>
   <trkpt lat="46.2762900" lon="7.5555190">
    <ele>1015.2</ele>
   </trkpt>
   <trkpt lat="46.2762970" lon="7.5555290">
    <ele>1015.6</ele>
   </trkpt>
   <trkpt lat="46.2763070" lon="7.5555440">
    <ele>1016.2</ele>
   </trkpt>
   <trkpt lat="46.2763170" lon="7.5555590">
    <ele>1016.8</ele>
   </trkpt>
   <trkpt lat="46.2763240" lon="7.5555740">
    <ele>1017.3</ele>
   </trkpt>
   <trkpt lat="46.2763320" lon="7.5555900">
    <ele>1017.9</ele>
   </trkpt>
   <trkpt lat="46.2763380" lon="7.5556010">
    <ele>1018.3</ele>
   </trkpt>
   <trkpt lat="46.2763440" lon="7.5556130">
    <ele>1018.7</ele>
   </trkpt>
   <trkpt lat="46.2763520" lon="7.5556210">
    <ele>1019.1</ele>
   </trkpt>
   <trkpt lat="46.2763610" lon="7.5556300">
    <ele>1019.5</ele>
   </trkpt>
   <trkpt lat="46.2763700" lon="7.5556380">
    <ele>1019.9</ele>
   </trkpt>
   <trkpt lat="46.2763800" lon="7.5556470">
    <ele>1020.4</ele>
   </trkpt>
   <trkpt lat="46.2763900" lon="7.5556540">
    <ele>1020.8</ele>
   </trkpt>
   <trkpt lat="46.2763990" lon="7.5556620">
    <ele>1021.2</ele>
   </trkpt>
   <trkpt lat="46.2764140" lon="7.5556680">
    <ele>1021.8</ele>
   </trkpt>
   <trkpt lat="46.2764280" lon="7.5556750">
    <ele>1022.3</ele>
   </trkpt>
   <trkpt lat="46.2764450" lon="7.5556830">
    <ele>1022.9</ele>
   </trkpt>
   <trkpt lat="46.2764620" lon="7.5556920">
    <ele>1023.5</ele>
   </trkpt>
   <trkpt lat="46.2764790" lon="7.5557040">
    <ele>1024.2</ele>
   </trkpt>
   <trkpt lat="46.2764950" lon="7.5557160">
    <ele>1024.8</ele>
   </trkpt>
   <trkpt lat="46.2765110" lon="7.5557300">
    <ele>1025.4</ele>
   </trkpt>
   <trkpt lat="46.2765270" lon="7.5557440">
    <ele>1026.0</ele>
   </trkpt>
   <trkpt lat="46.2765440" lon="7.5557570">
    <ele>1026.6</ele>
   </trkpt>
   <trkpt lat="46.2765610" lon="7.5557710">
    <ele>1027.2</ele>
   </trkpt>
   <trkpt lat="46.2765790" lon="7.5557820">
    <ele>1027.8</ele>
   </trkpt>
   <trkpt lat="46.2765970" lon="7.5557920">
    <ele>1028.4</ele>
   </trkpt>
   <trkpt lat="46.2766130" lon="7.5558040">
    <ele>1028.9</ele>
   </trkpt>
   <trkpt lat="46.2766300" lon="7.5558150">
    <ele>1029.5</ele>
   </trkpt>
   <trkpt lat="46.2766450" lon="7.5558250">
    <ele>1030.0</ele>
   </trkpt>
   <trkpt lat="46.2766610" lon="7.5558360">
    <ele>1030.5</ele>
   </trkpt>
   <trkpt lat="46.2766760" lon="7.5558400">
    <ele>1031.0</ele>
   </trkpt>
   <trkpt lat="46.2766920" lon="7.5558440">
    <ele>1031.4</ele>
   </trkpt>
   <trkpt lat="46.2767070" lon="7.5558460">
    <ele>1031.9</ele>
   </trkpt>
   <trkpt lat="46.2767220" lon="7.5558480">
    <ele>1032.3</ele>
   </trkpt>
   <trkpt lat="46.2767370" lon="7.5558530">
    <ele>1032.8</ele>
   </trkpt>
   <trkpt lat="46.2767510" lon="7.5558590">
    <ele>1033.2</ele>
   </trkpt>
   <trkpt lat="46.2767630" lon="7.5558660">
    <ele>1033.6</ele>
   </trkpt>
   <trkpt lat="46.2767760" lon="7.5558740">
    <ele>1034.0</ele>
   </trkpt>
   <trkpt lat="46.2767880" lon="7.5558830">
    <ele>1034.4</ele>
   </trkpt>
   <trkpt lat="46.2768010" lon="7.5558920">
    <ele>1034.8</ele>
   </trkpt>
   <trkpt lat="46.2768170" lon="7.5558980">
    <ele>1035.3</ele>
   </trkpt>
   <trkpt lat="46.2768340" lon="7.5559050">
    <ele>1035.8</ele>
   </trkpt>
   <trkpt lat="46.2768540" lon="7.5559090">
    <ele>1036.4</ele>
   </trkpt>
   <trkpt lat="46.2768750" lon="7.5559130">
    <ele>1037.0</ele>
   </trkpt>
   <trkpt lat="46.2768920" lon="7.5559120">
    <ele>1037.5</ele>
   </trkpt>
   <trkpt lat="46.2769090" lon="7.5559110">
    <ele>1038.0</ele>
   </trkpt>
   <trkpt lat="46.2769270" lon="7.5559190">
    <ele>1038.5</ele>
   </trkpt>
   <trkpt lat="46.2769460" lon="7.5559270">
    <ele>1039.0</ele>
   </trkpt>
   <trkpt lat="46.2769690" lon="7.5559450">
    <ele>1039.6</ele>
   </trkpt>
   <trkpt lat="46.2769920" lon="7.5559640">
    <ele>1040.2</ele>
   </trkpt>
   <trkpt lat="46.2770180" lon="7.5559880">
    <ele>1040.9</ele>
   </trkpt>
   <trkpt lat="46.2770430" lon="7.5560120">
    <ele>1041.5</ele>
   </trkpt>
   <trkpt lat="46.2770680" lon="7.5560360">
    <ele>1042.1</ele>
   </trkpt>
   <trkpt lat="46.2770920" lon="7.5560600">
    <ele>1042.6</ele>
   </trkpt>
   <trkpt lat="46.2771190" lon="7.5560830">
    <ele>1043.2</ele>
   </trkpt>
   <trkpt lat="46.2771450" lon="7.5561070">
    <ele>1043.8</ele>
   </trkpt>
   <trkpt lat="46.2771720" lon="7.5561310">
    <ele>1044.4</ele>
   </trkpt>
   <trkpt lat="46.2771990" lon="7.5561520">
    <ele>1045.0</ele>
   </trkpt>
   <trkpt lat="46.2772260" lon="7.5561730">
    <ele>1045.6</ele>
   </trkpt>
   <trkpt lat="46.2772510" lon="7.5561890">
    <ele>1046.2</ele>
   </trkpt>
   <trkpt lat="46.2772760" lon="7.5562040">
    <ele>1046.8</ele>
   </trkpt>
   <trkpt lat="46.2772990" lon="7.5562150">
    <ele>1047.4</ele>
   </trkpt>
   <trkpt lat="46.2773220" lon="7.5562260">
    <ele>1048.0</ele>
   </trkpt>
   <trkpt lat="46.2773400" lon="7.5562320">
    <ele>1048.5</ele>
   </trkpt>
   <trkpt lat="46.2773570" lon="7.5562380">
    <ele>1048.9</ele>
   </trkpt>
   <trkpt lat="46.2773760" lon="7.5562470">
    <ele>1049.5</ele>
   </trkpt>
   <trkpt lat="46.2773960" lon="7.5562550">
    <ele>1050.0</ele>
   </trkpt>
   <trkpt lat="46.2774150" lon="7.5562680">
    <ele>1050.6</ele>
   </trkpt>
   <trkpt lat="46.2774340" lon="7.5562810">
    <ele>1051.3</ele>
   </trkpt>
   <trkpt lat="46.2774540" lon="7.5562940">
    <ele>1051.9</ele>
   </trkpt>
   <trkpt lat="46.2774730" lon="7.5563070">
    <ele>1052.6</ele>
   </trkpt>
   <trkpt lat="46.2774930" lon="7.5563220">
    <ele>1053.2</ele>
   </trkpt>
   <trkpt lat="46.2775120" lon="7.5563360">
    <ele>1053.9</ele>
   </trkpt>
   <trkpt lat="46.2775340" lon="7.5563500">
    <ele>1054.6</ele>
   </trkpt>
   <trkpt lat="46.2775560" lon="7.5563640">
    <ele>1055.3</ele>
   </trkpt>
   <trkpt lat="46.2775780" lon="7.5563720">
    <ele>1056.0</ele>
   </trkpt>
   <trkpt lat="46.2776000" lon="7.5563790">
    <ele>1056.6</ele>
   </trkpt>
   <trkpt lat="46.2776170" lon="7.5563810">
    <ele>1057.1</ele>
   </trkpt>
   <trkpt lat="46.2776340" lon="7.5563830">
    <ele>1057.6</ele>
   </trkpt>
   <trkpt lat="46.2776450" lon="7.5563880">
    <ele>1057.8</ele>
   </trkpt>
   <trkpt lat="46.2776570" lon="7.5563930">
    <ele>1058.1</ele>
   </trkpt>
   <trkpt lat="46.2776660" lon="7.5563990">
    <ele>1058.4</ele>
   </trkpt>
   <trkpt lat="46.2776760" lon="7.5564050">
    <ele>1058.6</ele>
   </trkpt>
   <trkpt lat="46.2776890" lon="7.5564100">
    <ele>1059.0</ele>
   </trkpt>
   <trkpt lat="46.2777020" lon="7.5564150">
    <ele>1059.2</ele>
   </trkpt>
   <trkpt lat="46.2777210" lon="7.5564220">
    <ele>1059.6</ele>
   </trkpt>
   <trkpt lat="46.2777410" lon="7.5564300">
    <ele>1060.1</ele>
   </trkpt>
   <trkpt lat="46.2777640" lon="7.5564350">
    <ele>1060.5</ele>
   </trkpt>
   <trkpt lat="46.2777860" lon="7.5564390">
    <ele>1060.9</ele>
   </trkpt>
   <trkpt lat="46.2778120" lon="7.5564410">
    <ele>1061.4</ele>
   </trkpt>
   <trkpt lat="46.2778370" lon="7.5564430">
    <ele>1061.8</ele>
   </trkpt>
   <trkpt lat="46.2778600" lon="7.5564450">
    <ele>1062.3</ele>
   </trkpt>
   <trkpt lat="46.2778840" lon="7.5564480">
    <ele>1062.7</ele>
   </trkpt>
   <trkpt lat="46.2779000" lon="7.5564530">
    <ele>1063.0</ele>
   </trkpt>
   <trkpt lat="46.2779160" lon="7.5564590">
    <ele>1063.4</ele>
   </trkpt>
   <trkpt lat="46.2779280" lon="7.5564640">
    <ele>1063.6</ele>
   </trkpt>
   <trkpt lat="46.2779390" lon="7.5564700">
    <ele>1063.9</ele>
   </trkpt>
   <trkpt lat="46.2779560" lon="7.5564770">
    <ele>1064.2</ele>
   </trkpt>
   <trkpt lat="46.2779740" lon="7.5564830">
    <ele>1064.6</ele>
   </trkpt>
   <trkpt lat="46.2779960" lon="7.5564950">
    <ele>1065.2</ele>
   </trkpt>
   <trkpt lat="46.2780190" lon="7.5565060">
    <ele>1065.7</ele>
   </trkpt>
   <trkpt lat="46.2780410" lon="7.5565240">
    <ele>1066.2</ele>
   </trkpt>
   <trkpt lat="46.2780630" lon="7.5565410">
    <ele>1066.8</ele>
   </trkpt>
   <trkpt lat="46.2780780" lon="7.5565640">
    <ele>1067.2</ele>
   </trkpt>
   <trkpt lat="46.2780920" lon="7.5565870">
    <ele>1067.7</ele>
   </trkpt>
   <trkpt lat="46.2781010" lon="7.5566130">
    <ele>1068.2</ele>
   </trkpt>
   <trkpt lat="46.2781090" lon="7.5566390">
    <ele>1068.6</ele>
   </trkpt>
   <trkpt lat="46.2781170" lon="7.5566650">
    <ele>1069.1</ele>
   </trkpt>
   <trkpt lat="46.2781230" lon="7.5566910">
    <ele>1069.5</ele>
   </trkpt>
   <trkpt lat="46.2781340" lon="7.5567160">
    <ele>1070.0</ele>
   </trkpt>
   <trkpt lat="46.2781440" lon="7.5567410">
    <ele>1070.5</ele>
   </trkpt>
   <trkpt lat="46.2781600" lon="7.5567610">
    <ele>1071.1</ele>
   </trkpt>
   <trkpt lat="46.2781760" lon="7.5567810">
    <ele>1071.7</ele>
   </trkpt>
   <trkpt lat="46.2781920" lon="7.5568000">
    <ele>1072.2</ele>
   </trkpt>
   <trkpt lat="46.2782070" lon="7.5568180">
    <ele>1072.7</ele>
   </trkpt>
   <trkpt lat="46.2782190" lon="7.5568320">
    <ele>1073.2</ele>
   </trkpt>
   <trkpt lat="46.2782310" lon="7.5568460">
    <ele>1073.6</ele>
   </trkpt>
   <trkpt lat="46.2782450" lon="7.5568580">
    <ele>1074.0</ele>
   </trkpt>
   <trkpt lat="46.2782600" lon="7.5568700">
    <ele>1074.5</ele>
   </trkpt>
   <trkpt lat="46.2782760" lon="7.5568830">
    <ele>1075.0</ele>
   </trkpt>
   <trkpt lat="46.2782930" lon="7.5568950">
    <ele>1075.6</ele>
   </trkpt>
   <trkpt lat="46.2783120" lon="7.5569100">
    <ele>1076.2</ele>
   </trkpt>
   <trkpt lat="46.2783300" lon="7.5569240">
    <ele>1076.8</ele>
   </trkpt>
   <trkpt lat="46.2783480" lon="7.5569410">
    <ele>1077.4</ele>
   </trkpt>
   <trkpt lat="46.2783650" lon="7.5569570">
    <ele>1078.0</ele>
   </trkpt>
   <trkpt lat="46.2783800" lon="7.5569700">
    <ele>1078.5</ele>
   </trkpt>
   <trkpt lat="46.2783950" lon="7.5569830">
    <ele>1079.0</ele>
   </trkpt>
   <trkpt lat="46.2784100" lon="7.5569920">
    <ele>1079.4</ele>
   </trkpt>
   <trkpt lat="46.2784250" lon="7.5570000">
    <ele>1079.9</ele>
   </trkpt>
   <trkpt lat="46.2784430" lon="7.5570130">
    <ele>1080.5</ele>
   </trkpt>
   <trkpt lat="46.2784610" lon="7.5570260">
    <ele>1081.0</ele>
   </trkpt>
   <trkpt lat="46.2784750" lon="7.5570420">
    <ele>1081.5</ele>
   </trkpt>
   <trkpt lat="46.2784900" lon="7.5570590">
    <ele>1082.0</ele>
   </trkpt>
   <trkpt lat="46.2785040" lon="7.5570730">
    <ele>1082.5</ele>
   </trkpt>
   <trkpt lat="46.2785180" lon="7.5570880">
    <ele>1083.0</ele>
   </trkpt>
   <trkpt lat="46.2785340" lon="7.5571060">
    <ele>1083.5</ele>
   </trkpt>
   <trkpt lat="46.2785510" lon="7.5571240">
    <ele>1084.1</ele>
   </trkpt>
   <trkpt lat="46.2785680" lon="7.5571450">
    <ele>1084.6</ele>
   </trkpt>
   <trkpt lat="46.2785840" lon="7.5571670">
    <ele>1085.2</ele>
   </trkpt>
   <trkpt lat="46.2785990" lon="7.5571890">
    <ele>1085.7</ele>
   </trkpt>
   <trkpt lat="46.2786140" lon="7.5572120">
    <ele>1086.2</ele>
   </trkpt>
   <trkpt lat="46.2786300" lon="7.5572380">
    <ele>1086.8</ele>
   </trkpt>
   <trkpt lat="46.2786460" lon="7.5572640">
    <ele>1087.4</ele>
   </trkpt>
   <trkpt lat="46.2786610" lon="7.5572910">
    <ele>1088.0</ele>
   </trkpt>
   <trkpt lat="46.2786750" lon="7.5573190">
    <ele>1088.6</ele>
   </trkpt>
   <trkpt lat="46.2786920" lon="7.5573440">
    <ele>1089.2</ele>
   </trkpt>
   <trkpt lat="46.2787090" lon="7.5573700">
    <ele>1089.9</ele>
   </trkpt>
   <trkpt lat="46.2787260" lon="7.5573970">
    <ele>1090.5</ele>
   </trkpt>
   <trkpt lat="46.2787430" lon="7.5574240">
    <ele>1091.1</ele>
   </trkpt>
   <trkpt lat="46.2787580" lon="7.5574480">
    <ele>1091.6</ele>
   </trkpt>
   <trkpt lat="46.2787740" lon="7.5574710">
    <ele>1092.1</ele>
   </trkpt>
   <trkpt lat="46.2787900" lon="7.5574890">
    <ele>1092.6</ele>
   </trkpt>
   <trkpt lat="46.2788050" lon="7.5575070">
    <ele>1093.0</ele>
   </trkpt>
   <trkpt lat="46.2788210" lon="7.5575250">
    <ele>1093.4</ele>
   </trkpt>
   <trkpt lat="46.2788360" lon="7.5575430">
    <ele>1093.8</ele>
   </trkpt>
   <trkpt lat="46.2788520" lon="7.5575630">
    <ele>1094.2</ele>
   </trkpt>
   <trkpt lat="46.2788680" lon="7.5575830">
    <ele>1094.6</ele>
   </trkpt>
   <trkpt lat="46.2788810" lon="7.5576020">
    <ele>1095.0</ele>
   </trkpt>
   <trkpt lat="46.2788950" lon="7.5576220">
    <ele>1095.4</ele>
   </trkpt>
   <trkpt lat="46.2789080" lon="7.5576370">
    <ele>1095.7</ele>
   </trkpt>
   <trkpt lat="46.2789220" lon="7.5576520">
    <ele>1096.1</ele>
   </trkpt>
   <trkpt lat="46.2789380" lon="7.5576590">
    <ele>1096.5</ele>
   </trkpt>
   <trkpt lat="46.2789530" lon="7.5576670">
    <ele>1096.8</ele>
   </trkpt>
   <trkpt lat="46.2789720" lon="7.5576730">
    <ele>1097.2</ele>
   </trkpt>
   <trkpt lat="46.2789920" lon="7.5576790">
    <ele>1097.7</ele>
   </trkpt>
   <trkpt lat="46.2790090" lon="7.5576930">
    <ele>1098.1</ele>
   </trkpt>
   <trkpt lat="46.2790260" lon="7.5577070">
    <ele>1098.6</ele>
   </trkpt>
   <trkpt lat="46.2790380" lon="7.5577300">
    <ele>1099.0</ele>
   </trkpt>
   <trkpt lat="46.2790500" lon="7.5577520">
    <ele>1099.5</ele>
   </trkpt>
   <trkpt lat="46.2790580" lon="7.5577750">
    <ele>1099.9</ele>
   </trkpt>
   <trkpt lat="46.2790650" lon="7.5577990">
    <ele>1100.4</ele>
   </trkpt>
   <trkpt lat="46.2790720" lon="7.5578200">
    <ele>1100.8</ele>
   </trkpt>
   <trkpt lat="46.2790790" lon="7.5578400">
    <ele>1101.2</ele>
   </trkpt>
   <trkpt lat="46.2790830" lon="7.5578590">
    <ele>1101.5</ele>
   </trkpt>
   <trkpt lat="46.2790880" lon="7.5578780">
    <ele>1101.9</ele>
   </trkpt>
   <trkpt lat="46.2790900" lon="7.5579000">
    <ele>1102.3</ele>
   </trkpt>
   <trkpt lat="46.2790910" lon="7.5579220">
    <ele>1102.7</ele>
   </trkpt>
   <trkpt lat="46.2790940" lon="7.5579500">
    <ele>1103.2</ele>
   </trkpt>
   <trkpt lat="46.2790970" lon="7.5579770">
    <ele>1103.7</ele>
   </trkpt>
   <trkpt lat="46.2791050" lon="7.5580050">
    <ele>1104.2</ele>
   </trkpt>
   <trkpt lat="46.2791140" lon="7.5580320">
    <ele>1104.7</ele>
   </trkpt>
   <trkpt lat="46.2791260" lon="7.5580540">
    <ele>1105.3</ele>
   </trkpt>
   <trkpt lat="46.2791380" lon="7.5580750">
    <ele>1105.7</ele>
   </trkpt>
   <trkpt lat="46.2791510" lon="7.5580930">
    <ele>1106.2</ele>
   </trkpt>
   <trkpt lat="46.2791640" lon="7.5581110">
    <ele>1106.7</ele>
   </trkpt>
   <trkpt lat="46.2791740" lon="7.5581290">
    <ele>1107.1</ele>
   </trkpt>
   <trkpt lat="46.2791840" lon="7.5581470">
    <ele>1107.5</ele>
   </trkpt>
   <trkpt lat="46.2791900" lon="7.5581690">
    <ele>1107.9</ele>
   </trkpt>
   <trkpt lat="46.2791970" lon="7.5581910">
    <ele>1108.4</ele>
   </trkpt>
   <trkpt lat="46.2792050" lon="7.5582150">
    <ele>1108.9</ele>
   </trkpt>
   <trkpt lat="46.2792130" lon="7.5582390">
    <ele>1109.3</ele>
   </trkpt>
   <trkpt lat="46.2792200" lon="7.5582650">
    <ele>1109.9</ele>
   </trkpt>
   <trkpt lat="46.2792270" lon="7.5582920">
    <ele>1110.4</ele>
   </trkpt>
   <trkpt lat="46.2792310" lon="7.5583170">
    <ele>1110.9</ele>
   </trkpt>
   <trkpt lat="46.2792360" lon="7.5583430">
    <ele>1111.5</ele>
   </trkpt>
   <trkpt lat="46.2792410" lon="7.5583610">
    <ele>1111.9</ele>
   </trkpt>
   <trkpt lat="46.2792460" lon="7.5583800">
    <ele>1112.3</ele>
   </trkpt>
   <trkpt lat="46.2792520" lon="7.5583880">
    <ele>1112.6</ele>
   </trkpt>
   <trkpt lat="46.2792570" lon="7.5583970">
    <ele>1112.8</ele>
   </trkpt>
   <trkpt lat="46.2792640" lon="7.5584000">
    <ele>1113.1</ele>
   </trkpt>
   <trkpt lat="46.2792700" lon="7.5584030">
    <ele>1113.3</ele>
   </trkpt>
   <trkpt lat="46.2792790" lon="7.5584090">
    <ele>1113.6</ele>
   </trkpt>
   <trkpt lat="46.2792880" lon="7.5584150">
    <ele>1114.0</ele>
   </trkpt>
   <trkpt lat="46.2793010" lon="7.5584220">
    <ele>1114.4</ele>
   </trkpt>
   <trkpt lat="46.2793140" lon="7.5584300">
    <ele>1114.9</ele>
   </trkpt>
   <trkpt lat="46.2793250" lon="7.5584350">
    <ele>1115.4</ele>
   </trkpt>
   <trkpt lat="46.2793360" lon="7.5584400">
    <ele>1115.8</ele>
   </trkpt>
   <trkpt lat="46.2793500" lon="7.5584460">
    <ele>1116.3</ele>
   </trkpt>
   <trkpt lat="46.2793640" lon="7.5584530">
    <ele>1116.9</ele>
   </trkpt>
   <trkpt lat="46.2793760" lon="7.5584660">
    <ele>1117.5</ele>
   </trkpt>
   <trkpt lat="46.2793870" lon="7.5584790">
    <ele>1118.0</ele>
   </trkpt>
   <trkpt lat="46.2794000" lon="7.5584950">
    <ele>1118.7</ele>
   </trkpt>
   <trkpt lat="46.2794130" lon="7.5585110">
    <ele>1119.3</ele>
   </trkpt>
   <trkpt lat="46.2794290" lon="7.5585320">
    <ele>1120.2</ele>
   </trkpt>
   <trkpt lat="46.2794440" lon="7.5585540">
    <ele>1121.0</ele>
   </trkpt>
   <trkpt lat="46.2794590" lon="7.5585770">
    <ele>1121.8</ele>
   </trkpt>
   <trkpt lat="46.2794750" lon="7.5586000">
    <ele>1122.6</ele>
   </trkpt>
   <trkpt lat="46.2794900" lon="7.5586220">
    <ele>1123.4</ele>
   </trkpt>
   <trkpt lat="46.2795060" lon="7.5586440">
    <ele>1124.2</ele>
   </trkpt>
   <trkpt lat="46.2795200" lon="7.5586660">
    <ele>1125.0</ele>
   </trkpt>
   <trkpt lat="46.2795340" lon="7.5586890">
    <ele>1125.8</ele>
   </trkpt>
   <trkpt lat="46.2795400" lon="7.5587150">
    <ele>1126.5</ele>
   </trkpt>
   <trkpt lat="46.2795460" lon="7.5587400">
    <ele>1126.9</ele>
   </trkpt>
   <trkpt lat="46.2795430" lon="7.5587700">
    <ele>1127.1</ele>
   </trkpt>
   <trkpt lat="46.2795390" lon="7.5588010">
    <ele>1127.4</ele>
   </trkpt>
   <trkpt lat="46.2795300" lon="7.5588370">
    <ele>1127.7</ele>
   </trkpt>
   <trkpt lat="46.2795200" lon="7.5588730">
    <ele>1128.0</ele>
   </trkpt>
   <trkpt lat="46.2795090" lon="7.5589090">
    <ele>1128.3</ele>
   </trkpt>
   <trkpt lat="46.2794980" lon="7.5589460">
    <ele>1128.7</ele>
   </trkpt>
   <trkpt lat="46.2794880" lon="7.5589780">
    <ele>1129.1</ele>
   </trkpt>
   <trkpt lat="46.2794770" lon="7.5590100">
    <ele>1129.5</ele>
   </trkpt>
   <trkpt lat="46.2794660" lon="7.5590410">
    <ele>1129.8</ele>
   </trkpt>
   <trkpt lat="46.2794550" lon="7.5590720">
    <ele>1130.3</ele>
   </trkpt>
   <trkpt lat="46.2794420" lon="7.5591070">
    <ele>1130.8</ele>
   </trkpt>
   <trkpt lat="46.2794290" lon="7.5591420">
    <ele>1131.3</ele>
   </trkpt>
   <trkpt lat="46.2794170" lon="7.5591820">
    <ele>1131.9</ele>
   </trkpt>
   <trkpt lat="46.2794060" lon="7.5592230">
    <ele>1132.6</ele>
   </trkpt>
   <trkpt lat="46.2793940" lon="7.5592580">
    <ele>1133.1</ele>
   </trkpt>
   <trkpt lat="46.2793830" lon="7.5592930">
    <ele>1133.7</ele>
   </trkpt>
   <trkpt lat="46.2793710" lon="7.5593220">
    <ele>1134.2</ele>
   </trkpt>
   <trkpt lat="46.2793600" lon="7.5593500">
    <ele>1134.8</ele>
   </trkpt>
   <trkpt lat="46.2793490" lon="7.5593760">
    <ele>1135.3</ele>
   </trkpt>
   <trkpt lat="46.2793370" lon="7.5594010">
    <ele>1135.7</ele>
   </trkpt>
   <trkpt lat="46.2793280" lon="7.5594250">
    <ele>1136.2</ele>
   </trkpt>
   <trkpt lat="46.2793190" lon="7.5594490">
    <ele>1136.6</ele>
   </trkpt>
   <trkpt lat="46.2793140" lon="7.5594750">
    <ele>1137.1</ele>
   </trkpt>
   <trkpt lat="46.2793090" lon="7.5595020">
    <ele>1137.6</ele>
   </trkpt>
   <trkpt lat="46.2793050" lon="7.5595340">
    <ele>1138.1</ele>
   </trkpt>
   <trkpt lat="46.2793020" lon="7.5595660">
    <ele>1138.7</ele>
   </trkpt>
   <trkpt lat="46.2792990" lon="7.5595960">
    <ele>1139.2</ele>
   </trkpt>
   <trkpt lat="46.2792950" lon="7.5596260">
    <ele>1139.7</ele>
   </trkpt>
   <trkpt lat="46.2792910" lon="7.5596520">
    <ele>1140.2</ele>
   </trkpt>
   <trkpt lat="46.2792880" lon="7.5596780">
    <ele>1140.6</ele>
   </trkpt>
   <trkpt lat="46.2792810" lon="7.5596980">
    <ele>1141.0</ele>
   </trkpt>
   <trkpt lat="46.2792750" lon="7.5597190">
    <ele>1141.4</ele>
   </trkpt>
   <trkpt lat="46.2792590" lon="7.5597370">
    <ele>1142.0</ele>
   </trkpt>
   <trkpt lat="46.2792430" lon="7.5597550">
    <ele>1142.5</ele>
   </trkpt>
   <trkpt lat="46.2792230" lon="7.5597760">
    <ele>1143.1</ele>
   </trkpt>
   <trkpt lat="46.2792020" lon="7.5597970">
    <ele>1143.8</ele>
   </trkpt>
   <trkpt lat="46.2791840" lon="7.5598180">
    <ele>1144.5</ele>
   </trkpt>
   <trkpt lat="46.2791660" lon="7.5598380">
    <ele>1145.1</ele>
   </trkpt>
   <trkpt lat="46.2791480" lon="7.5598600">
    <ele>1145.8</ele>
   </trkpt>
   <trkpt lat="46.2791300" lon="7.5598810">
    <ele>1146.4</ele>
   </trkpt>
   <trkpt lat="46.2791080" lon="7.5599080">
    <ele>1147.2</ele>
   </trkpt>
   <trkpt lat="46.2790870" lon="7.5599360">
    <ele>1148.0</ele>
   </trkpt>
   <trkpt lat="46.2790700" lon="7.5599580">
    <ele>1148.7</ele>
   </trkpt>
   <trkpt lat="46.2790520" lon="7.5599800">
    <ele>1149.4</ele>
   </trkpt>
   <trkpt lat="46.2790410" lon="7.5599990">
    <ele>1149.9</ele>
   </trkpt>
   <trkpt lat="46.2790310" lon="7.5600170">
    <ele>1150.3</ele>
   </trkpt>
   <trkpt lat="46.2790220" lon="7.5600380">
    <ele>1150.9</ele>
   </trkpt>
   <trkpt lat="46.2790130" lon="7.5600590">
    <ele>1151.4</ele>
   </trkpt>
   <trkpt lat="46.2790050" lon="7.5600770">
    <ele>1151.8</ele>
   </trkpt>
   <trkpt lat="46.2789970" lon="7.5600940">
    <ele>1152.3</ele>
   </trkpt>
   <trkpt lat="46.2789880" lon="7.5601090">
    <ele>1152.7</ele>
   </trkpt>
   <trkpt lat="46.2789800" lon="7.5601230">
    <ele>1153.1</ele>
   </trkpt>
   <trkpt lat="46.2789670" lon="7.5601420">
    <ele>1153.7</ele>
   </trkpt>
   <trkpt lat="46.2789540" lon="7.5601610">
    <ele>1154.3</ele>
   </trkpt>
   <trkpt lat="46.2789420" lon="7.5601840">
    <ele>1155.0</ele>
   </trkpt>
   <trkpt lat="46.2789300" lon="7.5602080">
    <ele>1155.6</ele>
   </trkpt>
   <trkpt lat="46.2789180" lon="7.5602320">
    <ele>1156.3</ele>
   </trkpt>
   <trkpt lat="46.2789150" lon="7.5602560">
    <ele>1156.9</ele>
   </trkpt>
   <trkpt lat="46.2789120" lon="7.5602800">
    <ele>1157.5</ele>
   </trkpt>
   <trkpt lat="46.2789140" lon="7.5603060">
    <ele>1158.1</ele>
   </trkpt>
   <trkpt lat="46.2789160" lon="7.5603310">
    <ele>1158.7</ele>
   </trkpt>
   <trkpt lat="46.2789170" lon="7.5603530">
    <ele>1159.2</ele>
   </trkpt>
   <trkpt lat="46.2789180" lon="7.5603740">
    <ele>1159.7</ele>
   </trkpt>
   <trkpt lat="46.2789160" lon="7.5603960">
    <ele>1160.2</ele>
   </trkpt>
   <trkpt lat="46.2789150" lon="7.5604170">
    <ele>1160.7</ele>
   </trkpt>
   <trkpt lat="46.2789120" lon="7.5604350">
    <ele>1161.1</ele>
   </trkpt>
   <trkpt lat="46.2789100" lon="7.5604540">
    <ele>1161.6</ele>
   </trkpt>
   <trkpt lat="46.2789100" lon="7.5604780">
    <ele>1162.1</ele>
   </trkpt>
   <trkpt lat="46.2789100" lon="7.5605020">
    <ele>1162.7</ele>
   </trkpt>
   <trkpt lat="46.2789130" lon="7.5605310">
    <ele>1163.3</ele>
   </trkpt>
   <trkpt lat="46.2789160" lon="7.5605600">
    <ele>1163.9</ele>
   </trkpt>
   <trkpt lat="46.2789220" lon="7.5605890">
    <ele>1164.5</ele>
   </trkpt>
   <trkpt lat="46.2789270" lon="7.5606180">
    <ele>1165.0</ele>
   </trkpt>
   <trkpt lat="46.2789320" lon="7.5606480">
    <ele>1165.5</ele>
   </trkpt>
   <trkpt lat="46.2789370" lon="7.5606770">
    <ele>1166.0</ele>
   </trkpt>
   <trkpt lat="46.2789370" lon="7.5607090">
    <ele>1166.5</ele>
   </trkpt>
   <trkpt lat="46.2789370" lon="7.5607410">
    <ele>1167.0</ele>
   </trkpt>
   <trkpt lat="46.2789320" lon="7.5607770">
    <ele>1167.5</ele>
   </trkpt>
   <trkpt lat="46.2789280" lon="7.5608140">
    <ele>1168.0</ele>
   </trkpt>
   <trkpt lat="46.2789270" lon="7.5608530">
    <ele>1168.5</ele>
   </trkpt>
   <trkpt lat="46.2789270" lon="7.5608930">
    <ele>1168.9</ele>
   </trkpt>
   <trkpt lat="46.2789280" lon="7.5609340">
    <ele>1169.4</ele>
   </trkpt>
   <trkpt lat="46.2789290" lon="7.5609740">
    <ele>1169.9</ele>
   </trkpt>
   <trkpt lat="46.2789370" lon="7.5610180">
    <ele>1170.5</ele>
   </trkpt>
   <trkpt lat="46.2789450" lon="7.5610610">
    <ele>1171.0</ele>
   </trkpt>
   <trkpt lat="46.2789550" lon="7.5611020">
    <ele>1171.5</ele>
   </trkpt>
   <trkpt lat="46.2789660" lon="7.5611430">
    <ele>1172.1</ele>
   </trkpt>
   <trkpt lat="46.2789690" lon="7.5611730">
    <ele>1172.5</ele>
   </trkpt>
   <trkpt lat="46.2789730" lon="7.5612030">
    <ele>1173.0</ele>
   </trkpt>
   <trkpt lat="46.2789720" lon="7.5612240">
    <ele>1173.3</ele>
   </trkpt>
   <trkpt lat="46.2789710" lon="7.5612460">
    <ele>1173.6</ele>
   </trkpt>
   <trkpt lat="46.2789710" lon="7.5612690">
    <ele>1173.9</ele>
   </trkpt>
   <trkpt lat="46.2789700" lon="7.5612920">
    <ele>1174.3</ele>
   </trkpt>
   <trkpt lat="46.2789640" lon="7.5613210">
    <ele>1174.8</ele>
   </trkpt>
   <trkpt lat="46.2789580" lon="7.5613490">
    <ele>1175.3</ele>
   </trkpt>
   <trkpt lat="46.2789490" lon="7.5613790">
    <ele>1175.9</ele>
   </trkpt>
   <trkpt lat="46.2789410" lon="7.5614090">
    <ele>1176.4</ele>
   </trkpt>
   <trkpt lat="46.2789350" lon="7.5614380">
    <ele>1177.0</ele>
   </trkpt>
   <trkpt lat="46.2789290" lon="7.5614670">
    <ele>1177.5</ele>
   </trkpt>
   <trkpt lat="46.2789260" lon="7.5614930">
    <ele>1178.0</ele>
   </trkpt>
   <trkpt lat="46.2789230" lon="7.5615190">
    <ele>1178.5</ele>
   </trkpt>
   <trkpt lat="46.2789250" lon="7.5615440">
    <ele>1179.0</ele>
   </trkpt>
   <trkpt lat="46.2789270" lon="7.5615700">
    <ele>1179.5</ele>
   </trkpt>
   <trkpt lat="46.2789320" lon="7.5616000">
    <ele>1180.1</ele>
   </trkpt>
   <trkpt lat="46.2789360" lon="7.5616310">
    <ele>1180.8</ele>
   </trkpt>
   <trkpt lat="46.2789420" lon="7.5616630">
    <ele>1181.4</ele>
   </trkpt>
   <trkpt lat="46.2789490" lon="7.5616950">
    <ele>1182.1</ele>
   </trkpt>
   <trkpt lat="46.2789590" lon="7.5617210">
    <ele>1182.7</ele>
   </trkpt>
   <trkpt lat="46.2789700" lon="7.5617470">
    <ele>1183.4</ele>
   </trkpt>
   <trkpt lat="46.2789790" lon="7.5617680">
    <ele>1183.9</ele>
   </trkpt>
   <trkpt lat="46.2789870" lon="7.5617890">
    <ele>1184.5</ele>
   </trkpt>
   <trkpt lat="46.2789930" lon="7.5618100">
    <ele>1185.0</ele>
   </trkpt>
   <trkpt lat="46.2789980" lon="7.5618310">
    <ele>1185.5</ele>
   </trkpt>
   <trkpt lat="46.2790080" lon="7.5618540">
    <ele>1186.1</ele>
   </trkpt>
   <trkpt lat="46.2790190" lon="7.5618770">
    <ele>1186.7</ele>
   </trkpt>
   <trkpt lat="46.2790290" lon="7.5619040">
    <ele>1187.4</ele>
   </trkpt>
   <trkpt lat="46.2790390" lon="7.5619310">
    <ele>1188.2</ele>
   </trkpt>
   <trkpt lat="46.2790390" lon="7.5619570">
    <ele>1188.8</ele>
   </trkpt>
   <trkpt lat="46.2790400" lon="7.5619820">
    <ele>1189.4</ele>
   </trkpt>
   <trkpt lat="46.2790320" lon="7.5620030">
    <ele>1190.0</ele>
   </trkpt>
   <trkpt lat="46.2790240" lon="7.5620240">
    <ele>1190.6</ele>
   </trkpt>
   <trkpt lat="46.2790150" lon="7.5620440">
    <ele>1191.2</ele>
   </trkpt>
   <trkpt lat="46.2790060" lon="7.5620630">
    <ele>1191.8</ele>
   </trkpt>
   <trkpt lat="46.2790010" lon="7.5620830">
    <ele>1192.3</ele>
   </trkpt>
   <trkpt lat="46.2789960" lon="7.5621030">
    <ele>1192.9</ele>
   </trkpt>
   <trkpt lat="46.2789940" lon="7.5621240">
    <ele>1193.4</ele>
   </trkpt>
   <trkpt lat="46.2789930" lon="7.5621460">
    <ele>1193.9</ele>
   </trkpt>
   <trkpt lat="46.2790000" lon="7.5621660">
    <ele>1194.4</ele>
   </trkpt>
   <trkpt lat="46.2790060" lon="7.5621860">
    <ele>1195.0</ele>
   </trkpt>
   <trkpt lat="46.2790120" lon="7.5622080">
    <ele>1195.5</ele>
   </trkpt>
   <trkpt lat="46.2790180" lon="7.5622310">
    <ele>1196.1</ele>
   </trkpt>
   <trkpt lat="46.2790220" lon="7.5622550">
    <ele>1196.7</ele>
   </trkpt>
   <trkpt lat="46.2790260" lon="7.5622800">
    <ele>1197.2</ele>
   </trkpt>
   <trkpt lat="46.2790300" lon="7.5623030">
    <ele>1197.8</ele>
   </trkpt>
   <trkpt lat="46.2790340" lon="7.5623260">
    <ele>1198.3</ele>
   </trkpt>
   <trkpt lat="46.2790400" lon="7.5623470">
    <ele>1198.8</ele>
   </trkpt>
   <trkpt lat="46.2790460" lon="7.5623670">
    <ele>1199.3</ele>
   </trkpt>
   <trkpt lat="46.2790460" lon="7.5623870">
    <ele>1199.7</ele>
   </trkpt>
   <trkpt lat="46.2790460" lon="7.5624080">
    <ele>1200.2</ele>
   </trkpt>
   <trkpt lat="46.2790410" lon="7.5624270">
    <ele>1200.6</ele>
   </trkpt>
   <trkpt lat="46.2790360" lon="7.5624470">
    <ele>1201.1</ele>
   </trkpt>
   <trkpt lat="46.2790300" lon="7.5624650">
    <ele>1201.5</ele>
   </trkpt>
   <trkpt lat="46.2790240" lon="7.5624830">
    <ele>1201.9</ele>
   </trkpt>
   <trkpt lat="46.2790270" lon="7.5625000">
    <ele>1202.3</ele>
   </trkpt>
   <trkpt lat="46.2790290" lon="7.5625180">
    <ele>1202.7</ele>
   </trkpt>
   <trkpt lat="46.2790410" lon="7.5625410">
    <ele>1203.4</ele>
   </trkpt>
   <trkpt lat="46.2790520" lon="7.5625640">
    <ele>1204.0</ele>
   </trkpt>
   <trkpt lat="46.2790690" lon="7.5625870">
    <ele>1204.7</ele>
   </trkpt>
   <trkpt lat="46.2790850" lon="7.5626100">
    <ele>1205.4</ele>
   </trkpt>
   <trkpt lat="46.2790900" lon="7.5626430">
    <ele>1206.1</ele>
   </trkpt>
   <trkpt lat="46.2790950" lon="7.5626750">
    <ele>1206.8</ele>
   </trkpt>
   <trkpt lat="46.2790850" lon="7.5627130">
    <ele>1207.7</ele>
   </trkpt>
   <trkpt lat="46.2790750" lon="7.5627510">
    <ele>1208.5</ele>
   </trkpt>
   <trkpt lat="46.2790610" lon="7.5627870">
    <ele>1209.4</ele>
   </trkpt>
   <trkpt lat="46.2790480" lon="7.5628240">
    <ele>1210.3</ele>
   </trkpt>
   <trkpt lat="46.2790370" lon="7.5628520">
    <ele>1211.0</ele>
   </trkpt>
   <trkpt lat="46.2790250" lon="7.5628800">
    <ele>1211.7</ele>
   </trkpt>
   <trkpt lat="46.2790150" lon="7.5629040">
    <ele>1212.2</ele>
   </trkpt>
   <trkpt lat="46.2790050" lon="7.5629280">
    <ele>1212.8</ele>
   </trkpt>
   <trkpt lat="46.2789940" lon="7.5629470">
    <ele>1213.4</ele>
   </trkpt>
   <trkpt lat="46.2789840" lon="7.5629660">
    <ele>1213.9</ele>
   </trkpt>
   <trkpt lat="46.2789710" lon="7.5629790">
    <ele>1214.3</ele>
   </trkpt>
   <trkpt lat="46.2789580" lon="7.5629930">
    <ele>1214.8</ele>
   </trkpt>
   <trkpt lat="46.2789430" lon="7.5630060">
    <ele>1215.4</ele>
   </trkpt>
   <trkpt lat="46.2789290" lon="7.5630190">
    <ele>1215.9</ele>
   </trkpt>
   <trkpt lat="46.2789140" lon="7.5630310">
    <ele>1216.4</ele>
   </trkpt>
   <trkpt lat="46.2789000" lon="7.5630440">
    <ele>1216.9</ele>
   </trkpt>
   <trkpt lat="46.2788820" lon="7.5630600">
    <ele>1217.5</ele>
   </trkpt>
   <trkpt lat="46.2788640" lon="7.5630770">
    <ele>1218.1</ele>
   </trkpt>
   <trkpt lat="46.2788390" lon="7.5630980">
    <ele>1218.9</ele>
   </trkpt>
   <trkpt lat="46.2788140" lon="7.5631190">
    <ele>1219.8</ele>
   </trkpt>
   <trkpt lat="46.2787880" lon="7.5631360">
    <ele>1220.6</ele>
   </trkpt>
   <trkpt lat="46.2787620" lon="7.5631530">
    <ele>1221.5</ele>
   </trkpt>
   <trkpt lat="46.2787570" lon="7.5631540">
    <ele>1221.7</ele>
   </trkpt>
   <trkpt lat="46.2787510" lon="7.5631540">
    <ele>1221.9</ele>
   </trkpt>
   <trkpt lat="46.2787460" lon="7.5631540">
    <ele>1222.1</ele>
   </trkpt>
   <trkpt lat="46.2787410" lon="7.5631550">
    <ele>1222.2</ele>
   </trkpt>
   <trkpt lat="46.2787360" lon="7.5631530">
    <ele>1222.4</ele>
   </trkpt>
   <trkpt lat="46.2787310" lon="7.5631510">
    <ele>1222.6</ele>
   </trkpt>
   <trkpt lat="46.2787380" lon="7.5631470">
    <ele>1222.8</ele>
   </trkpt>
   <trkpt lat="46.2787450" lon="7.5631430">
    <ele>1223.1</ele>
   </trkpt>
   <trkpt lat="46.2787530" lon="7.5631350">
    <ele>1223.4</ele>
   </trkpt>
   <trkpt lat="46.2787610" lon="7.5631270">
    <ele>1223.7</ele>
   </trkpt>
   <trkpt lat="46.2787620" lon="7.5631200">
    <ele>1223.9</ele>
   </trkpt>
   <trkpt lat="46.2787620" lon="7.5631120">
    <ele>1224.1</ele>
   </trkpt>
   <trkpt lat="46.2787490" lon="7.5631090">
    <ele>1224.6</ele>
   </trkpt>
   <trkpt lat="46.2787350" lon="7.5631050">
    <ele>1225.0</ele>
   </trkpt>
   <trkpt lat="46.2787110" lon="7.5631050">
    <ele>1225.9</ele>
   </trkpt>
   <trkpt lat="46.2786870" lon="7.5631040">
    <ele>1226.8</ele>
   </trkpt>
   <trkpt lat="46.2786650" lon="7.5631030">
    <ele>1227.6</ele>
   </trkpt>
   <trkpt lat="46.2786440" lon="7.5631030">
    <ele>1228.4</ele>
   </trkpt>
   <trkpt lat="46.2786270" lon="7.5631010">
    <ele>1229.0</ele>
   </trkpt>
   <trkpt lat="46.2786110" lon="7.5631000">
    <ele>1229.7</ele>
   </trkpt>
   <trkpt lat="46.2785990" lon="7.5630990">
    <ele>1230.2</ele>
   </trkpt>
   <trkpt lat="46.2785860" lon="7.5630980">
    <ele>1230.7</ele>
   </trkpt>
   <trkpt lat="46.2785740" lon="7.5630970">
    <ele>1231.2</ele>
   </trkpt>
   <trkpt lat="46.2785610" lon="7.5630960">
    <ele>1231.8</ele>
   </trkpt>
   <trkpt lat="46.2785480" lon="7.5630960">
    <ele>1232.3</ele>
   </trkpt>
   <trkpt lat="46.2785340" lon="7.5630960">
    <ele>1233.0</ele>
   </trkpt>
   <trkpt lat="46.2785180" lon="7.5630950">
    <ele>1233.7</ele>
   </trkpt>
   <trkpt lat="46.2785030" lon="7.5630950">
    <ele>1234.4</ele>
   </trkpt>
   <trkpt lat="46.2784880" lon="7.5630940">
    <ele>1235.1</ele>
   </trkpt>
   <trkpt lat="46.2784730" lon="7.5630920">
    <ele>1235.8</ele>
   </trkpt>
   <trkpt lat="46.2784570" lon="7.5630960">
    <ele>1236.6</ele>
   </trkpt>
   <trkpt lat="46.2784410" lon="7.5631000">
    <ele>1237.4</ele>
   </trkpt>
   <trkpt lat="46.2784290" lon="7.5631090">
    <ele>1238.1</ele>
   </trkpt>
   <trkpt lat="46.2784170" lon="7.5631180">
    <ele>1238.8</ele>
   </trkpt>
   <trkpt lat="46.2784050" lon="7.5631320">
    <ele>1239.5</ele>
   </trkpt>
   <trkpt lat="46.2783940" lon="7.5631470">
    <ele>1240.3</ele>
   </trkpt>
   <trkpt lat="46.2783810" lon="7.5631610">
    <ele>1241.1</ele>
   </trkpt>
   <trkpt lat="46.2783670" lon="7.5631760">
    <ele>1242.0</ele>
   </trkpt>
   <trkpt lat="46.2783510" lon="7.5631860">
    <ele>1242.8</ele>
   </trkpt>
   <trkpt lat="46.2783360" lon="7.5631970">
    <ele>1243.7</ele>
   </trkpt>
   <trkpt lat="46.2783300" lon="7.5632000">
    <ele>1244.0</ele>
   </trkpt>
   <trkpt lat="46.2783240" lon="7.5632040">
    <ele>1244.3</ele>
   </trkpt>
   <trkpt lat="46.2783190" lon="7.5632070">
    <ele>1244.5</ele>
   </trkpt>
   <trkpt lat="46.2783070" lon="7.5632090">
    <ele>1245.1</ele>
   </trkpt>
   <trkpt lat="46.2782950" lon="7.5632120">
    <ele>1245.7</ele>
   </trkpt>
   <trkpt lat="46.2782890" lon="7.5632040">
    <ele>1246.1</ele>
   </trkpt>
   <trkpt lat="46.2782840" lon="7.5631950">
    <ele>1246.4</ele>
   </trkpt>
   <trkpt lat="46.2782780" lon="7.5631810">
    <ele>1246.9</ele>
   </trkpt>
   <trkpt lat="46.2782720" lon="7.5631660">
    <ele>1247.5</ele>
   </trkpt>
   <trkpt lat="46.2782620" lon="7.5631580">
    <ele>1248.0</ele>
   </trkpt>
   <trkpt lat="46.2782530" lon="7.5631490">
    <ele>1248.5</ele>
   </trkpt>
   <trkpt lat="46.2782420" lon="7.5631500">
    <ele>1249.0</ele>
   </trkpt>
   <trkpt lat="46.2782310" lon="7.5631510">
    <ele>1249.5</ele>
   </trkpt>
   <trkpt lat="46.2782160" lon="7.5631660">
    <ele>1250.3</ele>
   </trkpt>
   <trkpt lat="46.2782020" lon="7.5631810">
    <ele>1251.1</ele>
   </trkpt>
   <trkpt lat="46.2781850" lon="7.5632000">
    <ele>1252.0</ele>
   </trkpt>
   <trkpt lat="46.2781680" lon="7.5632180">
    <ele>1252.9</ele>
   </trkpt>
   <trkpt lat="46.2781460" lon="7.5632340">
    <ele>1254.0</ele>
   </trkpt>
   <trkpt lat="46.2781240" lon="7.5632500">
    <ele>1255.1</ele>
   </trkpt>
   <trkpt lat="46.2780980" lon="7.5632610">
    <ele>1256.2</ele>
   </trkpt>
   <trkpt lat="46.2780720" lon="7.5632710">
    <ele>1257.4</ele>
   </trkpt>
   <trkpt lat="46.2780460" lon="7.5632750">
    <ele>1258.5</ele>
   </trkpt>
   <trkpt lat="46.2780200" lon="7.5632780">
    <ele>1259.5</ele>
   </trkpt>
   <trkpt lat="46.2780130" lon="7.5632730">
    <ele>1259.8</ele>
   </trkpt>
   <trkpt lat="46.2780060" lon="7.5632670">
    <ele>1260.1</ele>
   </trkpt>
   <trkpt lat="46.2780020" lon="7.5632550">
    <ele>1260.5</ele>
   </trkpt>
   <trkpt lat="46.2779970" lon="7.5632420">
    <ele>1260.9</ele>
   </trkpt>
   <trkpt lat="46.2779960" lon="7.5632290">
    <ele>1261.2</ele>
   </trkpt>
   <trkpt lat="46.2779950" lon="7.5632170">
    <ele>1261.5</ele>
   </trkpt>
   <trkpt lat="46.2779930" lon="7.5632040">
    <ele>1261.9</ele>
   </trkpt>
   <trkpt lat="46.2779910" lon="7.5631900">
    <ele>1262.2</ele>
   </trkpt>
   <trkpt lat="46.2779850" lon="7.5631780">
    <ele>1262.6</ele>
   </trkpt>
   <trkpt lat="46.2779790" lon="7.5631660">
    <ele>1263.0</ele>
   </trkpt>
   <trkpt lat="46.2779700" lon="7.5631550">
    <ele>1263.5</ele>
   </trkpt>
   <trkpt lat="46.2779620" lon="7.5631440">
    <ele>1263.9</ele>
   </trkpt>
   <trkpt lat="46.2779520" lon="7.5631330">
    <ele>1264.3</ele>
   </trkpt>
   <trkpt lat="46.2779420" lon="7.5631220">
    <ele>1264.8</ele>
   </trkpt>
   <trkpt lat="46.2779340" lon="7.5631090">
    <ele>1265.3</ele>
   </trkpt>
   <trkpt lat="46.2779260" lon="7.5630970">
    <ele>1265.7</ele>
   </trkpt>
   <trkpt lat="46.2779140" lon="7.5630860">
    <ele>1266.3</ele>
   </trkpt>
   <trkpt lat="46.2779020" lon="7.5630740">
    <ele>1266.8</ele>
   </trkpt>
   <trkpt lat="46.2778840" lon="7.5630650">
    <ele>1267.6</ele>
   </trkpt>
   <trkpt lat="46.2778650" lon="7.5630560">
    <ele>1268.3</ele>
   </trkpt>
   <trkpt lat="46.2778450" lon="7.5630480">
    <ele>1269.1</ele>
   </trkpt>
   <trkpt lat="46.2778250" lon="7.5630400">
    <ele>1270.0</ele>
   </trkpt>
   <trkpt lat="46.2778130" lon="7.5630330">
    <ele>1270.5</ele>
   </trkpt>
   <trkpt lat="46.2778010" lon="7.5630250">
    <ele>1271.0</ele>
   </trkpt>
   <trkpt lat="46.2777960" lon="7.5630140">
    <ele>1271.4</ele>
   </trkpt>
   <trkpt lat="46.2777920" lon="7.5630040">
    <ele>1271.7</ele>
   </trkpt>
   <trkpt lat="46.2777870" lon="7.5629900">
    <ele>1272.2</ele>
   </trkpt>
   <trkpt lat="46.2777810" lon="7.5629770">
    <ele>1272.6</ele>
   </trkpt>
   <trkpt lat="46.2777720" lon="7.5629600">
    <ele>1273.2</ele>
   </trkpt>
   <trkpt lat="46.2777630" lon="7.5629440">
    <ele>1273.8</ele>
   </trkpt>
   <trkpt lat="46.2777550" lon="7.5629270">
    <ele>1274.4</ele>
   </trkpt>
   <trkpt lat="46.2777460" lon="7.5629100">
    <ele>1275.0</ele>
   </trkpt>
   <trkpt lat="46.2777330" lon="7.5628910">
    <ele>1275.8</ele>
   </trkpt>
   <trkpt lat="46.2777200" lon="7.5628730">
    <ele>1276.6</ele>
   </trkpt>
   <trkpt lat="46.2777080" lon="7.5628540">
    <ele>1277.3</ele>
   </trkpt>
   <trkpt lat="46.2776970" lon="7.5628340">
    <ele>1278.1</ele>
   </trkpt>
   <trkpt lat="46.2776840" lon="7.5628200">
    <ele>1278.8</ele>
   </trkpt>
   <trkpt lat="46.2776720" lon="7.5628050">
    <ele>1279.5</ele>
   </trkpt>
   <trkpt lat="46.2776580" lon="7.5627930">
    <ele>1280.3</ele>
   </trkpt>
   <trkpt lat="46.2776440" lon="7.5627800">
    <ele>1281.0</ele>
   </trkpt>
   <trkpt lat="46.2776320" lon="7.5627670">
    <ele>1281.7</ele>
   </trkpt>
   <trkpt lat="46.2776210" lon="7.5627540">
    <ele>1282.4</ele>
   </trkpt>
   <trkpt lat="46.2776100" lon="7.5627430">
    <ele>1283.0</ele>
   </trkpt>
   <trkpt lat="46.2776000" lon="7.5627320">
    <ele>1283.5</ele>
   </trkpt>
   <trkpt lat="46.2775850" lon="7.5627280">
    <ele>1284.2</ele>
   </trkpt>
   <trkpt lat="46.2775710" lon="7.5627240">
    <ele>1284.9</ele>
   </trkpt>
   <trkpt lat="46.2775530" lon="7.5627170">
    <ele>1285.7</ele>
   </trkpt>
   <trkpt lat="46.2775360" lon="7.5627090">
    <ele>1286.5</ele>
   </trkpt>
   <trkpt lat="46.2775310" lon="7.5626900">
    <ele>1287.2</ele>
   </trkpt>
   <trkpt lat="46.2775270" lon="7.5626710">
    <ele>1287.8</ele>
   </trkpt>
   <trkpt lat="46.2775310" lon="7.5626480">
    <ele>1288.5</ele>
   </trkpt>
   <trkpt lat="46.2775340" lon="7.5626250">
    <ele>1289.2</ele>
   </trkpt>
   <trkpt lat="46.2775340" lon="7.5626060">
    <ele>1289.8</ele>
   </trkpt>
   <trkpt lat="46.2775340" lon="7.5625860">
    <ele>1290.4</ele>
   </trkpt>
   <trkpt lat="46.2775360" lon="7.5625830">
    <ele>1290.5</ele>
   </trkpt>
   <trkpt lat="46.2775380" lon="7.5625800">
    <ele>1290.7</ele>
   </trkpt>
   <trkpt lat="46.2775390" lon="7.5625770">
    <ele>1290.8</ele>
   </trkpt>
   <trkpt lat="46.2775410" lon="7.5625740">
    <ele>1290.9</ele>
   </trkpt>
   <trkpt lat="46.2775490" lon="7.5625720">
    <ele>1291.2</ele>
   </trkpt>
   <trkpt lat="46.2775570" lon="7.5625700">
    <ele>1291.6</ele>
   </trkpt>
   <trkpt lat="46.2775630" lon="7.5625750">
    <ele>1291.9</ele>
   </trkpt>
   <trkpt lat="46.2775690" lon="7.5625790">
    <ele>1292.2</ele>
   </trkpt>
   <trkpt lat="46.2775700" lon="7.5625900">
    <ele>1292.5</ele>
   </trkpt>
   <trkpt lat="46.2775710" lon="7.5626020">
    <ele>1292.8</ele>
   </trkpt>
   <trkpt lat="46.2775620" lon="7.5626180">
    <ele>1293.4</ele>
   </trkpt>
   <trkpt lat="46.2775540" lon="7.5626350">
    <ele>1294.0</ele>
   </trkpt>
   <trkpt lat="46.2775370" lon="7.5626550">
    <ele>1294.9</ele>
   </trkpt>
   <trkpt lat="46.2775200" lon="7.5626760">
    <ele>1295.8</ele>
   </trkpt>
   <trkpt lat="46.2775030" lon="7.5626970">
    <ele>1296.7</ele>
   </trkpt>
   <trkpt lat="46.2774860" lon="7.5627190">
    <ele>1297.6</ele>
   </trkpt>
   <trkpt lat="46.2774760" lon="7.5627390">
    <ele>1298.2</ele>
   </trkpt>
   <trkpt lat="46.2774660" lon="7.5627590">
    <ele>1298.9</ele>
   </trkpt>
   <trkpt lat="46.2774640" lon="7.5627770">
    <ele>1299.4</ele>
   </trkpt>
   <trkpt lat="46.2774620" lon="7.5627960">
    <ele>1299.9</ele>
   </trkpt>
   <trkpt lat="46.2774620" lon="7.5628120">
    <ele>1300.4</ele>
   </trkpt>
   <trkpt lat="46.2774620" lon="7.5628290">
    <ele>1300.8</ele>
   </trkpt>
   <trkpt lat="46.2774530" lon="7.5628480">
    <ele>1301.5</ele>
   </trkpt>
   <trkpt lat="46.2774450" lon="7.5628670">
    <ele>1302.1</ele>
   </trkpt>
   <trkpt lat="46.2774340" lon="7.5628820">
    <ele>1302.7</ele>
   </trkpt>
   <trkpt lat="46.2774230" lon="7.5628980">
    <ele>1303.3</ele>
   </trkpt>
   <trkpt lat="46.2774140" lon="7.5629030">
    <ele>1303.7</ele>
   </trkpt>
   <trkpt lat="46.2774050" lon="7.5629080">
    <ele>1304.1</ele>
   </trkpt>
   <trkpt lat="46.2773940" lon="7.5629060">
    <ele>1304.5</ele>
   </trkpt>
   <trkpt lat="46.2773830" lon="7.5629040">
    <ele>1305.0</ele>
   </trkpt>
   <trkpt lat="46.2773710" lon="7.5628980">
    <ele>1305.5</ele>
   </trkpt>
   <trkpt lat="46.2773590" lon="7.5628910">
    <ele>1306.0</ele>
   </trkpt>
   <trkpt lat="46.2773520" lon="7.5628790">
    <ele>1306.5</ele>
   </trkpt>
   <trkpt lat="46.2773440" lon="7.5628680">
    <ele>1306.9</ele>
   </trkpt>
   <trkpt lat="46.2773420" lon="7.5628530">
    <ele>1307.3</ele>
   </trkpt>
   <trkpt lat="46.2773390" lon="7.5628370">
    <ele>1307.8</ele>
   </trkpt>
   <trkpt lat="46.2773330" lon="7.5628230">
    <ele>1308.3</ele>
   </trkpt>
   <trkpt lat="46.2773270" lon="7.5628100">
    <ele>1308.8</ele>
   </trkpt>
   <trkpt lat="46.2773140" lon="7.5627990">
    <ele>1309.4</ele>
   </trkpt>
   <trkpt lat="46.2773020" lon="7.5627880">
    <ele>1310.1</ele>
   </trkpt>
   <trkpt lat="46.2772910" lon="7.5627760">
    <ele>1310.7</ele>
   </trkpt>
   <trkpt lat="46.2772790" lon="7.5627630">
    <ele>1311.4</ele>
   </trkpt>
   <trkpt lat="46.2772660" lon="7.5627490">
    <ele>1312.2</ele>
   </trkpt>
   <trkpt lat="46.2772520" lon="7.5627350">
    <ele>1313.0</ele>
   </trkpt>
   <trkpt lat="46.2772470" lon="7.5627300">
    <ele>1313.3</ele>
   </trkpt>
   <trkpt lat="46.2772420" lon="7.5627240">
    <ele>1313.6</ele>
   </trkpt>
   <trkpt lat="46.2772370" lon="7.5627190">
    <ele>1313.8</ele>
   </trkpt>
   <trkpt lat="46.2772320" lon="7.5627140">
    <ele>1314.1</ele>
   </trkpt>
   <trkpt lat="46.2772270" lon="7.5627120">
    <ele>1314.4</ele>
   </trkpt>
   <trkpt lat="46.2772220" lon="7.5627110">
    <ele>1314.6</ele>
   </trkpt>
   <trkpt lat="46.2772150" lon="7.5627150">
    <ele>1315.0</ele>
   </trkpt>
   <trkpt lat="46.2772070" lon="7.5627190">
    <ele>1315.4</ele>
   </trkpt>
   <trkpt lat="46.2772010" lon="7.5627260">
    <ele>1315.7</ele>
   </trkpt>
   <trkpt lat="46.2771940" lon="7.5627340">
    <ele>1316.1</ele>
   </trkpt>
   <trkpt lat="46.2771930" lon="7.5627370">
    <ele>1316.2</ele>
   </trkpt>
   <trkpt lat="46.2771920" lon="7.5627400">
    <ele>1316.4</ele>
   </trkpt>
   <trkpt lat="46.2771910" lon="7.5627420">
    <ele>1316.4</ele>
   </trkpt>
   <trkpt lat="46.2771900" lon="7.5627450">
    <ele>1316.5</ele>
   </trkpt>
   <trkpt lat="46.2771860" lon="7.5627490">
    <ele>1316.8</ele>
   </trkpt>
   <trkpt lat="46.2771820" lon="7.5627530">
    <ele>1317.0</ele>
   </trkpt>
   <trkpt lat="46.2771700" lon="7.5627550">
    <ele>1317.5</ele>
   </trkpt>
   <trkpt lat="46.2771580" lon="7.5627560">
    <ele>1318.1</ele>
   </trkpt>
   <trkpt lat="46.2771390" lon="7.5627550">
    <ele>1318.9</ele>
   </trkpt>
   <trkpt lat="46.2771200" lon="7.5627540">
    <ele>1319.8</ele>
   </trkpt>
   <trkpt lat="46.2771020" lon="7.5627470">
    <ele>1320.6</ele>
   </trkpt>
   <trkpt lat="46.2770850" lon="7.5627400">
    <ele>1321.4</ele>
   </trkpt>
   <trkpt lat="46.2770720" lon="7.5627300">
    <ele>1322.1</ele>
   </trkpt>
   <trkpt lat="46.2770590" lon="7.5627200">
    <ele>1322.7</ele>
   </trkpt>
   <trkpt lat="46.2770440" lon="7.5627120">
    <ele>1323.4</ele>
   </trkpt>
   <trkpt lat="46.2770280" lon="7.5627040">
    <ele>1324.1</ele>
   </trkpt>
   <trkpt lat="46.2770090" lon="7.5627010">
    <ele>1325.0</ele>
   </trkpt>
   <trkpt lat="46.2769900" lon="7.5626970">
    <ele>1325.8</ele>
   </trkpt>
   <trkpt lat="46.2769690" lon="7.5626950">
    <ele>1326.7</ele>
   </trkpt>
   <trkpt lat="46.2769480" lon="7.5626920">
    <ele>1327.6</ele>
   </trkpt>
   <trkpt lat="46.2769320" lon="7.5626840">
    <ele>1328.4</ele>
   </trkpt>
   <trkpt lat="46.2769150" lon="7.5626770">
    <ele>1329.1</ele>
   </trkpt>
   <trkpt lat="46.2769070" lon="7.5626630">
    <ele>1329.7</ele>
   </trkpt>
   <trkpt lat="46.2768990" lon="7.5626500">
    <ele>1330.2</ele>
   </trkpt>
   <trkpt lat="46.2768960" lon="7.5626400">
    <ele>1330.5</ele>
   </trkpt>
   <trkpt lat="46.2768930" lon="7.5626300">
    <ele>1330.8</ele>
   </trkpt>
   <trkpt lat="46.2768890" lon="7.5626210">
    <ele>1331.1</ele>
   </trkpt>
   <trkpt lat="46.2768850" lon="7.5626120">
    <ele>1331.4</ele>
   </trkpt>
   <trkpt lat="46.2768810" lon="7.5626040">
    <ele>1331.6</ele>
   </trkpt>
   <trkpt lat="46.2768780" lon="7.5626050">
    <ele>1331.8</ele>
   </trkpt>
   <trkpt lat="46.2768760" lon="7.5626070">
    <ele>1331.9</ele>
   </trkpt>
   <trkpt lat="46.2768740" lon="7.5626080">
    <ele>1331.9</ele>
   </trkpt>
   <trkpt lat="46.2768710" lon="7.5626090">
    <ele>1332.1</ele>
   </trkpt>
   <trkpt lat="46.2768690" lon="7.5626100">
    <ele>1332.2</ele>
   </trkpt>
   <trkpt lat="46.2768640" lon="7.5626140">
    <ele>1332.4</ele>
   </trkpt>
   <trkpt lat="46.2768590" lon="7.5626180">
    <ele>1332.6</ele>
   </trkpt>
   <trkpt lat="46.2768540" lon="7.5626130">
    <ele>1332.8</ele>
   </trkpt>
   <trkpt lat="46.2768490" lon="7.5626070">
    <ele>1333.1</ele>
   </trkpt>
   <trkpt lat="46.2768380" lon="7.5625930">
    <ele>1333.6</ele>
   </trkpt>
   <trkpt lat="46.2768280" lon="7.5625800">
    <ele>1334.1</ele>
   </trkpt>
   <trkpt lat="46.2768060" lon="7.5625630">
    <ele>1335.1</ele>
   </trkpt>
   <trkpt lat="46.2767840" lon="7.5625460">
    <ele>1335.9</ele>
   </trkpt>
   <trkpt lat="46.2767540" lon="7.5625330">
    <ele>1337.1</ele>
   </trkpt>
   <trkpt lat="46.2767240" lon="7.5625190">
    <ele>1338.2</ele>
   </trkpt>
   <trkpt lat="46.2766980" lon="7.5625070">
    <ele>1339.2</ele>
   </trkpt>
   <trkpt lat="46.2766710" lon="7.5624950">
    <ele>1340.2</ele>
   </trkpt>
   <trkpt lat="46.2766510" lon="7.5624850">
    <ele>1340.9</ele>
   </trkpt>
   <trkpt lat="46.2766310" lon="7.5624750">
    <ele>1341.7</ele>
   </trkpt>
   <trkpt lat="46.2766240" lon="7.5624710">
    <ele>1342.0</ele>
   </trkpt>
   <trkpt lat="46.2766170" lon="7.5624670">
    <ele>1342.3</ele>
   </trkpt>
   <trkpt lat="46.2766100" lon="7.5624640">
    <ele>1342.5</ele>
   </trkpt>
   <trkpt lat="46.2766030" lon="7.5624600">
    <ele>1342.8</ele>
   </trkpt>
   <trkpt lat="46.2765970" lon="7.5624530">
    <ele>1343.1</ele>
   </trkpt>
   <trkpt lat="46.2765910" lon="7.5624460">
    <ele>1343.4</ele>
   </trkpt>
   <trkpt lat="46.2765830" lon="7.5624340">
    <ele>1343.8</ele>
   </trkpt>
   <trkpt lat="46.2765760" lon="7.5624220">
    <ele>1344.2</ele>
   </trkpt>
   <trkpt lat="46.2765670" lon="7.5624050">
    <ele>1344.7</ele>
   </trkpt>
   <trkpt lat="46.2765580" lon="7.5623870">
    <ele>1345.3</ele>
   </trkpt>
   <trkpt lat="46.2765500" lon="7.5623690">
    <ele>1345.8</ele>
   </trkpt>
   <trkpt lat="46.2765420" lon="7.5623500">
    <ele>1346.4</ele>
   </trkpt>
   <trkpt lat="46.2765340" lon="7.5623320">
    <ele>1346.9</ele>
   </trkpt>
   <trkpt lat="46.2765260" lon="7.5623130">
    <ele>1347.5</ele>
   </trkpt>
   <trkpt lat="46.2765190" lon="7.5622930">
    <ele>1348.1</ele>
   </trkpt>
   <trkpt lat="46.2765110" lon="7.5622720">
    <ele>1348.7</ele>
   </trkpt>
   <trkpt lat="46.2765020" lon="7.5622520">
    <ele>1349.3</ele>
   </trkpt>
   <trkpt lat="46.2764930" lon="7.5622310">
    <ele>1349.9</ele>
   </trkpt>
   <trkpt lat="46.2764770" lon="7.5622170">
    <ele>1350.6</ele>
   </trkpt>
   <trkpt lat="46.2764620" lon="7.5622030">
    <ele>1351.3</ele>
   </trkpt>
   <trkpt lat="46.2764450" lon="7.5621930">
    <ele>1352.1</ele>
   </trkpt>
   <trkpt lat="46.2764280" lon="7.5621830">
    <ele>1352.8</ele>
   </trkpt>
   <trkpt lat="46.2764140" lon="7.5621710">
    <ele>1353.5</ele>
   </trkpt>
   <trkpt lat="46.2764000" lon="7.5621580">
    <ele>1354.2</ele>
   </trkpt>
   <trkpt lat="46.2763880" lon="7.5621480">
    <ele>1354.8</ele>
   </trkpt>
   <trkpt lat="46.2763760" lon="7.5621380">
    <ele>1355.4</ele>
   </trkpt>
   <trkpt lat="46.2763650" lon="7.5621320">
    <ele>1355.9</ele>
   </trkpt>
   <trkpt lat="46.2763550" lon="7.5621270">
    <ele>1356.3</ele>
   </trkpt>
   <trkpt lat="46.2763460" lon="7.5621250">
    <ele>1356.7</ele>
   </trkpt>
   <trkpt lat="46.2763370" lon="7.5621230">
    <ele>1357.1</ele>
   </trkpt>
   <trkpt lat="46.2763320" lon="7.5621270">
    <ele>1357.3</ele>
   </trkpt>
   <trkpt lat="46.2763270" lon="7.5621310">
    <ele>1357.6</ele>
   </trkpt>
   <trkpt lat="46.2763310" lon="7.5621440">
    <ele>1358.0</ele>
   </trkpt>
   <trkpt lat="46.2763350" lon="7.5621570">
    <ele>1358.4</ele>
   </trkpt>
   <trkpt lat="46.2763410" lon="7.5621720">
    <ele>1358.9</ele>
   </trkpt>
   <trkpt lat="46.2763460" lon="7.5621860">
    <ele>1359.4</ele>
   </trkpt>
   <trkpt lat="46.2763440" lon="7.5621940">
    <ele>1359.6</ele>
   </trkpt>
   <trkpt lat="46.2763420" lon="7.5622020">
    <ele>1359.9</ele>
   </trkpt>
   <trkpt lat="46.2763340" lon="7.5621940">
    <ele>1360.3</ele>
   </trkpt>
   <trkpt lat="46.2763250" lon="7.5621860">
    <ele>1360.7</ele>
   </trkpt>
   <trkpt lat="46.2763130" lon="7.5621640">
    <ele>1361.0</ele>
   </trkpt>
   <trkpt lat="46.2763020" lon="7.5621430">
    <ele>1361.2</ele>
   </trkpt>
   <trkpt lat="46.2762890" lon="7.5621130">
    <ele>1361.5</ele>
   </trkpt>
   <trkpt lat="46.2762760" lon="7.5620840">
    <ele>1361.8</ele>
   </trkpt>
   <trkpt lat="46.2762610" lon="7.5620510">
    <ele>1362.2</ele>
   </trkpt>
   <trkpt lat="46.2762460" lon="7.5620190">
    <ele>1362.5</ele>
   </trkpt>
   <trkpt lat="46.2762270" lon="7.5619890">
    <ele>1362.9</ele>
   </trkpt>
   <trkpt lat="46.2762080" lon="7.5619590">
    <ele>1363.3</ele>
   </trkpt>
   <trkpt lat="46.2761920" lon="7.5619290">
    <ele>1363.6</ele>
   </trkpt>
   <trkpt lat="46.2761750" lon="7.5618990">
    <ele>1363.9</ele>
   </trkpt>
   <trkpt lat="46.2761610" lon="7.5618680">
    <ele>1364.3</ele>
   </trkpt>
   <trkpt lat="46.2761470" lon="7.5618370">
    <ele>1364.6</ele>
   </trkpt>
   <trkpt lat="46.2761300" lon="7.5618070">
    <ele>1364.9</ele>
   </trkpt>
   <trkpt lat="46.2761140" lon="7.5617770">
    <ele>1365.2</ele>
   </trkpt>
   <trkpt lat="46.2760890" lon="7.5617510">
    <ele>1365.6</ele>
   </trkpt>
   <trkpt lat="46.2760650" lon="7.5617250">
    <ele>1366.0</ele>
   </trkpt>
   <trkpt lat="46.2760340" lon="7.5617010">
    <ele>1366.4</ele>
   </trkpt>
   <trkpt lat="46.2760030" lon="7.5616780">
    <ele>1366.8</ele>
   </trkpt>
   <trkpt lat="46.2759720" lon="7.5616590">
    <ele>1367.2</ele>
   </trkpt>
   <trkpt lat="46.2759400" lon="7.5616410">
    <ele>1367.5</ele>
   </trkpt>
   <trkpt lat="46.2759160" lon="7.5616230">
    <ele>1367.8</ele>
   </trkpt>
   <trkpt lat="46.2758910" lon="7.5616040">
    <ele>1368.1</ele>
   </trkpt>
   <trkpt lat="46.2758760" lon="7.5615830">
    <ele>1368.3</ele>
   </trkpt>
   <trkpt lat="46.2758600" lon="7.5615610">
    <ele>1368.5</ele>
   </trkpt>
   <trkpt lat="46.2758510" lon="7.5615400">
    <ele>1368.7</ele>
   </trkpt>
   <trkpt lat="46.2758430" lon="7.5615180">
    <ele>1368.9</ele>
   </trkpt>
   <trkpt lat="46.2758310" lon="7.5615020">
    <ele>1369.1</ele>
   </trkpt>
   <trkpt lat="46.2758200" lon="7.5614860">
    <ele>1369.2</ele>
   </trkpt>
   <trkpt lat="46.2758030" lon="7.5614720">
    <ele>1369.4</ele>
   </trkpt>
   <trkpt lat="46.2757870" lon="7.5614570">
    <ele>1369.6</ele>
   </trkpt>
   <trkpt lat="46.2757770" lon="7.5614420">
    <ele>1369.8</ele>
   </trkpt>
   <trkpt lat="46.2757670" lon="7.5614260">
    <ele>1370.0</ele>
   </trkpt>
   <trkpt lat="46.2757680" lon="7.5614110">
    <ele>1370.1</ele>
   </trkpt>
   <trkpt lat="46.2757690" lon="7.5613960">
    <ele>1370.2</ele>
   </trkpt>
   <trkpt lat="46.2757730" lon="7.5613800">
    <ele>1370.4</ele>
   </trkpt>
   <trkpt lat="46.2757760" lon="7.5613630">
    <ele>1370.5</ele>
   </trkpt>
   <trkpt lat="46.2757650" lon="7.5613500">
    <ele>1370.7</ele>
   </trkpt>
   <trkpt lat="46.2757530" lon="7.5613370">
    <ele>1370.9</ele>
   </trkpt>
   <trkpt lat="46.2757340" lon="7.5613330">
    <ele>1371.2</ele>
   </trkpt>
   <trkpt lat="46.2757150" lon="7.5613300">
    <ele>1371.5</ele>
   </trkpt>
   <trkpt lat="46.2756990" lon="7.5613400">
    <ele>1371.8</ele>
   </trkpt>
   <trkpt lat="46.2756840" lon="7.5613500">
    <ele>1372.1</ele>
   </trkpt>
   <trkpt lat="46.2756810" lon="7.5613660">
    <ele>1372.3</ele>
   </trkpt>
   <trkpt lat="46.2756780" lon="7.5613820">
    <ele>1372.5</ele>
   </trkpt>
   <trkpt lat="46.2756870" lon="7.5613950">
    <ele>1372.7</ele>
   </trkpt>
   <trkpt lat="46.2756970" lon="7.5614080">
    <ele>1372.9</ele>
   </trkpt>
   <trkpt lat="46.2757170" lon="7.5614180">
    <ele>1373.3</ele>
   </trkpt>
   <trkpt lat="46.2757370" lon="7.5614290">
    <ele>1373.7</ele>
   </trkpt>
   <trkpt lat="46.2757630" lon="7.5614410">
    <ele>1374.2</ele>
   </trkpt>
   <trkpt lat="46.2757900" lon="7.5614520">
    <ele>1374.6</ele>
   </trkpt>
   <trkpt lat="46.2758160" lon="7.5614700">
    <ele>1375.1</ele>
   </trkpt>
   <trkpt lat="46.2758420" lon="7.5614870">
    <ele>1375.5</ele>
   </trkpt>
   <trkpt lat="46.2758620" lon="7.5615080">
    <ele>1375.9</ele>
   </trkpt>
   <trkpt lat="46.2758820" lon="7.5615290">
    <ele>1376.3</ele>
   </trkpt>
   <trkpt lat="46.2758970" lon="7.5615540">
    <ele>1376.6</ele>
   </trkpt>
   <trkpt lat="46.2759110" lon="7.5615790">
    <ele>1377.0</ele>
   </trkpt>
   <trkpt lat="46.2759240" lon="7.5616060">
    <ele>1377.3</ele>
   </trkpt>
   <trkpt lat="46.2759370" lon="7.5616320">
    <ele>1377.7</ele>
   </trkpt>
   <trkpt lat="46.2759460" lon="7.5616600">
    <ele>1378.0</ele>
   </trkpt>
   <trkpt lat="46.2759540" lon="7.5616870">
    <ele>1378.3</ele>
   </trkpt>
   <trkpt lat="46.2759540" lon="7.5617100">
    <ele>1378.6</ele>
   </trkpt>
   <trkpt lat="46.2759530" lon="7.5617340">
    <ele>1378.9</ele>
   </trkpt>
   <trkpt lat="46.2759440" lon="7.5617460">
    <ele>1379.1</ele>
   </trkpt>
   <trkpt lat="46.2759350" lon="7.5617590">
    <ele>1379.3</ele>
   </trkpt>
   <trkpt lat="46.2759200" lon="7.5617620">
    <ele>1379.6</ele>
   </trkpt>
   <trkpt lat="46.2759050" lon="7.5617660">
    <ele>1379.9</ele>
   </trkpt>
   <trkpt lat="46.2758910" lon="7.5617660">
    <ele>1380.2</ele>
   </trkpt>
   <trkpt lat="46.2758780" lon="7.5617660">
    <ele>1380.5</ele>
   </trkpt>
   <trkpt lat="46.2758650" lon="7.5617660">
    <ele>1380.8</ele>
   </trkpt>
   <trkpt lat="46.2758480" lon="7.5617680">
    <ele>1381.2</ele>
   </trkpt>
   <trkpt lat="46.2758310" lon="7.5617710">
    <ele>1381.7</ele>
   </trkpt>
   <trkpt lat="46.2758130" lon="7.5617790">
    <ele>1382.1</ele>
   </trkpt>
   <trkpt lat="46.2757950" lon="7.5617870">
    <ele>1382.7</ele>
   </trkpt>
   <trkpt lat="46.2757730" lon="7.5617980">
    <ele>1383.3</ele>
   </trkpt>
   <trkpt lat="46.2757520" lon="7.5618080">
    <ele>1384.0</ele>
   </trkpt>
   <trkpt lat="46.2757250" lon="7.5618170">
    <ele>1384.8</ele>
   </trkpt>
   <trkpt lat="46.2756990" lon="7.5618250">
    <ele>1385.7</ele>
   </trkpt>
   <trkpt lat="46.2756740" lon="7.5618340">
    <ele>1386.5</ele>
   </trkpt>
   <trkpt lat="46.2756500" lon="7.5618430">
    <ele>1387.4</ele>
   </trkpt>
   <trkpt lat="46.2756290" lon="7.5618520">
    <ele>1388.1</ele>
   </trkpt>
   <trkpt lat="46.2756070" lon="7.5618610">
    <ele>1388.9</ele>
   </trkpt>
   <trkpt lat="46.2755840" lon="7.5618740">
    <ele>1389.7</ele>
   </trkpt>
   <trkpt lat="46.2755610" lon="7.5618870">
    <ele>1390.5</ele>
   </trkpt>
   <trkpt lat="46.2755420" lon="7.5619090">
    <ele>1391.4</ele>
   </trkpt>
   <trkpt lat="46.2755230" lon="7.5619310">
    <ele>1392.2</ele>
   </trkpt>
   <trkpt lat="46.2755080" lon="7.5619580">
    <ele>1392.9</ele>
   </trkpt>
   <trkpt lat="46.2754930" lon="7.5619850">
    <ele>1393.7</ele>
   </trkpt>
   <trkpt lat="46.2754810" lon="7.5620110">
    <ele>1394.4</ele>
   </trkpt>
   <trkpt lat="46.2754690" lon="7.5620370">
    <ele>1395.1</ele>
   </trkpt>
   <trkpt lat="46.2754630" lon="7.5620580">
    <ele>1395.5</ele>
   </trkpt>
   <trkpt lat="46.2754570" lon="7.5620790">
    <ele>1396.1</ele>
   </trkpt>
   <trkpt lat="46.2754570" lon="7.5620900">
    <ele>1396.3</ele>
   </trkpt>
   <trkpt lat="46.2754560" lon="7.5621020">
    <ele>1396.6</ele>
   </trkpt>
   <trkpt lat="46.2754550" lon="7.5621130">
    <ele>1396.9</ele>
   </trkpt>
   <trkpt lat="46.2754650" lon="7.5621210">
    <ele>1397.3</ele>
   </trkpt>
   <trkpt lat="46.2754750" lon="7.5621290">
    <ele>1397.7</ele>
   </trkpt>
   <trkpt lat="46.2754810" lon="7.5621420">
    <ele>1398.0</ele>
   </trkpt>
   <trkpt lat="46.2754870" lon="7.5621560">
    <ele>1398.4</ele>
   </trkpt>
   <trkpt lat="46.2754800" lon="7.5621800">
    <ele>1399.1</ele>
   </trkpt>
   <trkpt lat="46.2754730" lon="7.5622040">
    <ele>1399.7</ele>
   </trkpt>
   <trkpt lat="46.2754540" lon="7.5622370">
    <ele>1400.7</ele>
   </trkpt>
   <trkpt lat="46.2754340" lon="7.5622700">
    <ele>1401.8</ele>
   </trkpt>
   <trkpt lat="46.2754130" lon="7.5623000">
    <ele>1402.8</ele>
   </trkpt>
   <trkpt lat="46.2753930" lon="7.5623300">
    <ele>1403.8</ele>
   </trkpt>
   <trkpt lat="46.2753800" lon="7.5623520">
    <ele>1404.5</ele>
   </trkpt>
   <trkpt lat="46.2753670" lon="7.5623730">
    <ele>1405.2</ele>
   </trkpt>
   <trkpt lat="46.2753640" lon="7.5623930">
    <ele>1405.7</ele>
   </trkpt>
   <trkpt lat="46.2753620" lon="7.5624130">
    <ele>1406.2</ele>
   </trkpt>
   <trkpt lat="46.2753620" lon="7.5624340">
    <ele>1406.7</ele>
   </trkpt>
   <trkpt lat="46.2753630" lon="7.5624560">
    <ele>1407.3</ele>
   </trkpt>
   <trkpt lat="46.2753700" lon="7.5624730">
    <ele>1407.8</ele>
   </trkpt>
   <trkpt lat="46.2753760" lon="7.5624900">
    <ele>1408.3</ele>
   </trkpt>
   <trkpt lat="46.2753880" lon="7.5625010">
    <ele>1408.8</ele>
   </trkpt>
   <trkpt lat="46.2754010" lon="7.5625110">
    <ele>1409.4</ele>
   </trkpt>
   <trkpt lat="46.2754060" lon="7.5625140">
    <ele>1409.6</ele>
   </trkpt>
   <trkpt lat="46.2754110" lon="7.5625170">
    <ele>1409.8</ele>
   </trkpt>
   <trkpt lat="46.2754130" lon="7.5625180">
    <ele>1409.9</ele>
   </trkpt>
   <trkpt lat="46.2754160" lon="7.5625190">
    <ele>1410.0</ele>
   </trkpt>
   <trkpt lat="46.2754130" lon="7.5625260">
    <ele>1410.2</ele>
   </trkpt>
   <trkpt lat="46.2754110" lon="7.5625340">
    <ele>1410.5</ele>
   </trkpt>
   <trkpt lat="46.2754050" lon="7.5625500">
    <ele>1411.0</ele>
   </trkpt>
   <trkpt lat="46.2753990" lon="7.5625670">
    <ele>1411.5</ele>
   </trkpt>
   <trkpt lat="46.2753900" lon="7.5625870">
    <ele>1412.2</ele>
   </trkpt>
   <trkpt lat="46.2753800" lon="7.5626080">
    <ele>1412.9</ele>
   </trkpt>
   <trkpt lat="46.2753730" lon="7.5626240">
    <ele>1413.5</ele>
   </trkpt>
   <trkpt lat="46.2753660" lon="7.5626410">
    <ele>1414.1</ele>
   </trkpt>
   <trkpt lat="46.2753650" lon="7.5626530">
    <ele>1414.5</ele>
   </trkpt>
   <trkpt lat="46.2753640" lon="7.5626650">
    <ele>1414.8</ele>
   </trkpt>
   <trkpt lat="46.2753650" lon="7.5626790">
    <ele>1415.2</ele>
   </trkpt>
   <trkpt lat="46.2753650" lon="7.5626920">
    <ele>1415.6</ele>
   </trkpt>
   <trkpt lat="46.2753630" lon="7.5627090">
    <ele>1416.1</ele>
   </trkpt>
   <trkpt lat="46.2753600" lon="7.5627250">
    <ele>1416.6</ele>
   </trkpt>
   <trkpt lat="46.2753570" lon="7.5627410">
    <ele>1417.0</ele>
   </trkpt>
   <trkpt lat="46.2753540" lon="7.5627580">
    <ele>1417.5</ele>
   </trkpt>
   <trkpt lat="46.2753550" lon="7.5627770">
    <ele>1418.0</ele>
   </trkpt>
   <trkpt lat="46.2753560" lon="7.5627950">
    <ele>1418.5</ele>
   </trkpt>
   <trkpt lat="46.2753590" lon="7.5628170">
    <ele>1419.1</ele>
   </trkpt>
   <trkpt lat="46.2753610" lon="7.5628400">
    <ele>1419.7</ele>
   </trkpt>
   <trkpt lat="46.2753610" lon="7.5628620">
    <ele>1420.2</ele>
   </trkpt>
   <trkpt lat="46.2753600" lon="7.5628850">
    <ele>1420.8</ele>
   </trkpt>
   <trkpt lat="46.2753610" lon="7.5629100">
    <ele>1421.4</ele>
   </trkpt>
   <trkpt lat="46.2753610" lon="7.5629340">
    <ele>1421.9</ele>
   </trkpt>
   <trkpt lat="46.2753610" lon="7.5629670">
    <ele>1422.6</ele>
   </trkpt>
   <trkpt lat="46.2753610" lon="7.5630000">
    <ele>1423.3</ele>
   </trkpt>
   <trkpt lat="46.2753650" lon="7.5630370">
    <ele>1424.1</ele>
   </trkpt>
   <trkpt lat="46.2753690" lon="7.5630740">
    <ele>1424.9</ele>
   </trkpt>
   <trkpt lat="46.2753720" lon="7.5631080">
    <ele>1425.5</ele>
   </trkpt>
   <trkpt lat="46.2753750" lon="7.5631430">
    <ele>1426.1</ele>
   </trkpt>
   <trkpt lat="46.2753760" lon="7.5631760">
    <ele>1426.7</ele>
   </trkpt>
   <trkpt lat="46.2753770" lon="7.5632080">
    <ele>1427.3</ele>
   </trkpt>
   <trkpt lat="46.2753770" lon="7.5632130">
    <ele>1427.4</ele>
   </trkpt>
   <trkpt lat="46.2753780" lon="7.5632180">
    <ele>1427.5</ele>
   </trkpt>
   <trkpt lat="46.2753790" lon="7.5632230">
    <ele>1427.6</ele>
   </trkpt>
   <trkpt lat="46.2753800" lon="7.5632290">
    <ele>1427.7</ele>
   </trkpt>
   <trkpt lat="46.2753800" lon="7.5632420">
    <ele>1427.9</ele>
   </trkpt>
   <trkpt lat="46.2753790" lon="7.5632550">
    <ele>1428.1</ele>
   </trkpt>
   <trkpt lat="46.2753700" lon="7.5632720">
    <ele>1428.7</ele>
   </trkpt>
   <trkpt lat="46.2753600" lon="7.5632890">
    <ele>1429.2</ele>
   </trkpt>
   <trkpt lat="46.2753480" lon="7.5633110">
    <ele>1429.8</ele>
   </trkpt>
   <trkpt lat="46.2753350" lon="7.5633330">
    <ele>1430.5</ele>
   </trkpt>
   <trkpt lat="46.2753190" lon="7.5633590">
    <ele>1431.3</ele>
   </trkpt>
   <trkpt lat="46.2753030" lon="7.5633840">
    <ele>1432.1</ele>
   </trkpt>
   <trkpt lat="46.2752940" lon="7.5633970">
    <ele>1432.6</ele>
   </trkpt>
   <trkpt lat="46.2752850" lon="7.5634100">
    <ele>1433.0</ele>
   </trkpt>
   <trkpt lat="46.2752790" lon="7.5634240">
    <ele>1433.4</ele>
   </trkpt>
   <trkpt lat="46.2752730" lon="7.5634390">
    <ele>1433.8</ele>
   </trkpt>
   <trkpt lat="46.2752750" lon="7.5634500">
    <ele>1434.1</ele>
   </trkpt>
   <trkpt lat="46.2752760" lon="7.5634610">
    <ele>1434.3</ele>
   </trkpt>
   <trkpt lat="46.2752750" lon="7.5634740">
    <ele>1434.6</ele>
   </trkpt>
   <trkpt lat="46.2752730" lon="7.5634880">
    <ele>1435.0</ele>
   </trkpt>
   <trkpt lat="46.2752650" lon="7.5635030">
    <ele>1435.4</ele>
   </trkpt>
   <trkpt lat="46.2752570" lon="7.5635190">
    <ele>1435.9</ele>
   </trkpt>
   <trkpt lat="46.2752470" lon="7.5635370">
    <ele>1436.5</ele>
   </trkpt>
   <trkpt lat="46.2752370" lon="7.5635550">
    <ele>1437.0</ele>
   </trkpt>
   <trkpt lat="46.2752240" lon="7.5635760">
    <ele>1437.7</ele>
   </trkpt>
   <trkpt lat="46.2752120" lon="7.5635980">
    <ele>1438.3</ele>
   </trkpt>
   <trkpt lat="46.2752030" lon="7.5636200">
    <ele>1438.9</ele>
   </trkpt>
   <trkpt lat="46.2751950" lon="7.5636420">
    <ele>1439.4</ele>
   </trkpt>
   <trkpt lat="46.2751910" lon="7.5636650">
    <ele>1440.0</ele>
   </trkpt>
   <trkpt lat="46.2751870" lon="7.5636880">
    <ele>1440.5</ele>
   </trkpt>
   <trkpt lat="46.2751830" lon="7.5637120">
    <ele>1441.1</ele>
   </trkpt>
   <trkpt lat="46.2751800" lon="7.5637360">
    <ele>1441.6</ele>
   </trkpt>
   <trkpt lat="46.2751780" lon="7.5637580">
    <ele>1441.9</ele>
   </trkpt>
   <trkpt lat="46.2751770" lon="7.5637800">
    <ele>1442.2</ele>
   </trkpt>
   <trkpt lat="46.2751780" lon="7.5638000">
    <ele>1442.5</ele>
   </trkpt>
   <trkpt lat="46.2751790" lon="7.5638190">
    <ele>1442.8</ele>
   </trkpt>
   <trkpt lat="46.2751810" lon="7.5638480">
    <ele>1443.2</ele>
   </trkpt>
   <trkpt lat="46.2751830" lon="7.5638560">
    <ele>1443.4</ele>
   </trkpt>
   <trkpt lat="46.2751840" lon="7.5638640">
    <ele>1443.5</ele>
   </trkpt>
   <trkpt lat="46.2751850" lon="7.5638720">
    <ele>1443.6</ele>
   </trkpt>
   <trkpt lat="46.2751870" lon="7.5638800">
    <ele>1443.7</ele>
   </trkpt>
   <trkpt lat="46.2751880" lon="7.5638880">
    <ele>1443.8</ele>
   </trkpt>
   <trkpt lat="46.2751890" lon="7.5638960">
    <ele>1444.0</ele>
   </trkpt>
   <trkpt lat="46.2751910" lon="7.5639040">
    <ele>1444.1</ele>
   </trkpt>
   <trkpt lat="46.2751920" lon="7.5639120">
    <ele>1444.2</ele>
   </trkpt>
   <trkpt lat="46.2751930" lon="7.5639200">
    <ele>1444.3</ele>
   </trkpt>
   <trkpt lat="46.2751950" lon="7.5639280">
    <ele>1444.5</ele>
   </trkpt>
   <trkpt lat="46.2751790" lon="7.5639320">
    <ele>1445.1</ele>
   </trkpt>
   <trkpt lat="46.2751640" lon="7.5639360">
    <ele>1445.5</ele>
   </trkpt>
   <trkpt lat="46.2751440" lon="7.5639420">
    <ele>1446.0</ele>
   </trkpt>
   <trkpt lat="46.2751250" lon="7.5639480">
    <ele>1446.6</ele>
   </trkpt>
   <trkpt lat="46.2751040" lon="7.5639560">
    <ele>1447.2</ele>
   </trkpt>
   <trkpt lat="46.2750830" lon="7.5639630">
    <ele>1447.8</ele>
   </trkpt>
   <trkpt lat="46.2750610" lon="7.5639710">
    <ele>1448.5</ele>
   </trkpt>
   <trkpt lat="46.2750400" lon="7.5639790">
    <ele>1449.1</ele>
   </trkpt>
   <trkpt lat="46.2750210" lon="7.5639890">
    <ele>1449.8</ele>
   </trkpt>
   <trkpt lat="46.2750020" lon="7.5640000">
    <ele>1450.4</ele>
   </trkpt>
   <trkpt lat="46.2749900" lon="7.5640130">
    <ele>1450.9</ele>
   </trkpt>
   <trkpt lat="46.2749790" lon="7.5640260">
    <ele>1451.4</ele>
   </trkpt>
   <trkpt lat="46.2749690" lon="7.5640420">
    <ele>1451.9</ele>
   </trkpt>
   <trkpt lat="46.2749530" lon="7.5640660">
    <ele>1452.6</ele>
   </trkpt>
   <trkpt lat="46.2749460" lon="7.5640740">
    <ele>1452.9</ele>
   </trkpt>
   <trkpt lat="46.2749390" lon="7.5640820">
    <ele>1453.2</ele>
   </trkpt>
   <trkpt lat="46.2749330" lon="7.5640900">
    <ele>1453.5</ele>
   </trkpt>
   <trkpt lat="46.2749260" lon="7.5640980">
    <ele>1453.8</ele>
   </trkpt>
   <trkpt lat="46.2749200" lon="7.5641060">
    <ele>1454.1</ele>
   </trkpt>
   <trkpt lat="46.2749130" lon="7.5641140">
    <ele>1454.4</ele>
   </trkpt>
   <trkpt lat="46.2749070" lon="7.5641220">
    <ele>1454.7</ele>
   </trkpt>
   <trkpt lat="46.2749000" lon="7.5641300">
    <ele>1455.0</ele>
   </trkpt>
   <trkpt lat="46.2748800" lon="7.5641430">
    <ele>1455.8</ele>
   </trkpt>
   <trkpt lat="46.2748610" lon="7.5641570">
    <ele>1456.5</ele>
   </trkpt>
   <trkpt lat="46.2748370" lon="7.5641720">
    <ele>1457.4</ele>
   </trkpt>
   <trkpt lat="46.2748130" lon="7.5641860">
    <ele>1458.3</ele>
   </trkpt>
   <trkpt lat="46.2747920" lon="7.5641950">
    <ele>1459.1</ele>
   </trkpt>
   <trkpt lat="46.2747720" lon="7.5642050">
    <ele>1459.9</ele>
   </trkpt>
   <trkpt lat="46.2747570" lon="7.5642160">
    <ele>1460.5</ele>
   </trkpt>
   <trkpt lat="46.2747410" lon="7.5642270">
    <ele>1461.1</ele>
   </trkpt>
   <trkpt lat="46.2747330" lon="7.5642420">
    <ele>1461.6</ele>
   </trkpt>
   <trkpt lat="46.2747250" lon="7.5642570">
    <ele>1462.0</ele>
   </trkpt>
   <trkpt lat="46.2747150" lon="7.5642730">
    <ele>1462.6</ele>
   </trkpt>
   <trkpt lat="46.2747060" lon="7.5642890">
    <ele>1463.1</ele>
   </trkpt>
   <trkpt lat="46.2746960" lon="7.5642980">
    <ele>1463.5</ele>
   </trkpt>
   <trkpt lat="46.2746850" lon="7.5643070">
    <ele>1464.0</ele>
   </trkpt>
   <trkpt lat="46.2746790" lon="7.5643050">
    <ele>1464.2</ele>
   </trkpt>
   <trkpt lat="46.2746730" lon="7.5643030">
    <ele>1464.4</ele>
   </trkpt>
   <trkpt lat="46.2746700" lon="7.5642890">
    <ele>1464.6</ele>
   </trkpt>
   <trkpt lat="46.2746670" lon="7.5642760">
    <ele>1464.8</ele>
   </trkpt>
   <trkpt lat="46.2746660" lon="7.5642660">
    <ele>1464.9</ele>
   </trkpt>
   <trkpt lat="46.2746640" lon="7.5642560">
    <ele>1465.1</ele>
   </trkpt>
   <trkpt lat="46.2746630" lon="7.5642450">
    <ele>1465.2</ele>
   </trkpt>
   <trkpt lat="46.2746610" lon="7.5642340">
    <ele>1465.4</ele>
   </trkpt>
   <trkpt lat="46.2746590" lon="7.5642220">
    <ele>1465.6</ele>
   </trkpt>
   <trkpt lat="46.2746640" lon="7.5642090">
    <ele>1465.8</ele>
   </trkpt>
   <trkpt lat="46.2746690" lon="7.5641970">
    <ele>1466.0</ele>
   </trkpt>
   <trkpt lat="46.2746800" lon="7.5641800">
    <ele>1466.3</ele>
   </trkpt>
   <trkpt lat="46.2746920" lon="7.5641630">
    <ele>1466.6</ele>
   </trkpt>
   <trkpt lat="46.2747020" lon="7.5641400">
    <ele>1467.0</ele>
   </trkpt>
   <trkpt lat="46.2747120" lon="7.5641180">
    <ele>1467.3</ele>
   </trkpt>
   <trkpt lat="46.2747160" lon="7.5640910">
    <ele>1467.7</ele>
   </trkpt>
   <trkpt lat="46.2747200" lon="7.5640650">
    <ele>1468.0</ele>
   </trkpt>
   <trkpt lat="46.2747130" lon="7.5640350">
    <ele>1468.4</ele>
   </trkpt>
   <trkpt lat="46.2747070" lon="7.5640060">
    <ele>1468.8</ele>
   </trkpt>
   <trkpt lat="46.2746950" lon="7.5639740">
    <ele>1469.2</ele>
   </trkpt>
   <trkpt lat="46.2746840" lon="7.5639430">
    <ele>1469.6</ele>
   </trkpt>
   <trkpt lat="46.2746670" lon="7.5639070">
    <ele>1470.0</ele>
   </trkpt>
   <trkpt lat="46.2746500" lon="7.5638720">
    <ele>1470.4</ele>
   </trkpt>
   <trkpt lat="46.2746320" lon="7.5638350">
    <ele>1470.7</ele>
   </trkpt>
   <trkpt lat="46.2746130" lon="7.5637980">
    <ele>1471.0</ele>
   </trkpt>
   <trkpt lat="46.2745960" lon="7.5637590">
    <ele>1471.3</ele>
   </trkpt>
   <trkpt lat="46.2745790" lon="7.5637190">
    <ele>1471.5</ele>
   </trkpt>
   <trkpt lat="46.2745580" lon="7.5636750">
    <ele>1471.7</ele>
   </trkpt>
   <trkpt lat="46.2745360" lon="7.5636310">
    <ele>1471.8</ele>
   </trkpt>
   <trkpt lat="46.2745150" lon="7.5635930">
    <ele>1472.0</ele>
   </trkpt>
   <trkpt lat="46.2744940" lon="7.5635550">
    <ele>1472.2</ele>
   </trkpt>
   <trkpt lat="46.2744780" lon="7.5635260">
    <ele>1472.3</ele>
   </trkpt>
   <trkpt lat="46.2744630" lon="7.5634970">
    <ele>1472.4</ele>
   </trkpt>
   <trkpt lat="46.2744500" lon="7.5634700">
    <ele>1472.6</ele>
   </trkpt>
   <trkpt lat="46.2744360" lon="7.5634430">
    <ele>1472.7</ele>
   </trkpt>
   <trkpt lat="46.2744220" lon="7.5634110">
    <ele>1473.0</ele>
   </trkpt>
   <trkpt lat="46.2744070" lon="7.5633790">
    <ele>1473.2</ele>
   </trkpt>
   <trkpt lat="46.2743900" lon="7.5633460">
    <ele>1473.4</ele>
   </trkpt>
   <trkpt lat="46.2743720" lon="7.5633140">
    <ele>1473.7</ele>
   </trkpt>
   <trkpt lat="46.2743540" lon="7.5632850">
    <ele>1474.0</ele>
   </trkpt>
   <trkpt lat="46.2743350" lon="7.5632560">
    <ele>1474.4</ele>
   </trkpt>
   <trkpt lat="46.2743160" lon="7.5632260">
    <ele>1474.8</ele>
   </trkpt>
   <trkpt lat="46.2742970" lon="7.5631960">
    <ele>1475.2</ele>
   </trkpt>
   <trkpt lat="46.2742700" lon="7.5631680">
    <ele>1475.7</ele>
   </trkpt>
   <trkpt lat="46.2742440" lon="7.5631410">
    <ele>1476.3</ele>
   </trkpt>
   <trkpt lat="46.2742140" lon="7.5631260">
    <ele>1476.9</ele>
   </trkpt>
   <trkpt lat="46.2741840" lon="7.5631110">
    <ele>1477.5</ele>
   </trkpt>
   <trkpt lat="46.2741610" lon="7.5631050">
    <ele>1478.0</ele>
   </trkpt>
   <trkpt lat="46.2741370" lon="7.5630990">
    <ele>1478.5</ele>
   </trkpt>
   <trkpt lat="46.2741170" lon="7.5630970">
    <ele>1479.0</ele>
   </trkpt>
   <trkpt lat="46.2740970" lon="7.5630960">
    <ele>1479.4</ele>
   </trkpt>
   <trkpt lat="46.2740760" lon="7.5630960">
    <ele>1479.9</ele>
   </trkpt>
   <trkpt lat="46.2740540" lon="7.5630970">
    <ele>1480.4</ele>
   </trkpt>
   <trkpt lat="46.2740280" lon="7.5630950">
    <ele>1481.0</ele>
   </trkpt>
   <trkpt lat="46.2740010" lon="7.5630930">
    <ele>1481.7</ele>
   </trkpt>
   <trkpt lat="46.2739800" lon="7.5630870">
    <ele>1482.2</ele>
   </trkpt>
   <trkpt lat="46.2739590" lon="7.5630810">
    <ele>1482.7</ele>
   </trkpt>
   <trkpt lat="46.2739420" lon="7.5630790">
    <ele>1483.1</ele>
   </trkpt>
   <trkpt lat="46.2739250" lon="7.5630770">
    <ele>1483.6</ele>
   </trkpt>
   <trkpt lat="46.2739090" lon="7.5630810">
    <ele>1484.0</ele>
   </trkpt>
   <trkpt lat="46.2738930" lon="7.5630850">
    <ele>1484.4</ele>
   </trkpt>
   <trkpt lat="46.2738710" lon="7.5630950">
    <ele>1485.0</ele>
   </trkpt>
   <trkpt lat="46.2738500" lon="7.5631060">
    <ele>1485.7</ele>
   </trkpt>
   <trkpt lat="46.2738280" lon="7.5631150">
    <ele>1486.3</ele>
   </trkpt>
   <trkpt lat="46.2738060" lon="7.5631250">
    <ele>1487.0</ele>
   </trkpt>
   <trkpt lat="46.2738000" lon="7.5631280">
    <ele>1487.2</ele>
   </trkpt>
   <trkpt lat="46.2737950" lon="7.5631310">
    <ele>1487.3</ele>
   </trkpt>
   <trkpt lat="46.2737890" lon="7.5631340">
    <ele>1487.5</ele>
   </trkpt>
   <trkpt lat="46.2737820" lon="7.5631410">
    <ele>1487.7</ele>
   </trkpt>
   <trkpt lat="46.2737750" lon="7.5631480">
    <ele>1488.0</ele>
   </trkpt>
   <trkpt lat="46.2737670" lon="7.5631560">
    <ele>1488.2</ele>
   </trkpt>
   <trkpt lat="46.2737590" lon="7.5631640">
    <ele>1488.5</ele>
   </trkpt>
   <trkpt lat="46.2737470" lon="7.5631730">
    <ele>1488.9</ele>
   </trkpt>
   <trkpt lat="46.2737350" lon="7.5631810">
    <ele>1489.3</ele>
   </trkpt>
   <trkpt lat="46.2737260" lon="7.5631910">
    <ele>1489.6</ele>
   </trkpt>
   <trkpt lat="46.2737160" lon="7.5632020">
    <ele>1489.9</ele>
   </trkpt>
   <trkpt lat="46.2737100" lon="7.5632140">
    <ele>1490.2</ele>
   </trkpt>
   <trkpt lat="46.2737030" lon="7.5632260">
    <ele>1490.5</ele>
   </trkpt>
   <trkpt lat="46.2736930" lon="7.5632410">
    <ele>1490.9</ele>
   </trkpt>
   <trkpt lat="46.2736830" lon="7.5632570">
    <ele>1491.4</ele>
   </trkpt>
   <trkpt lat="46.2736740" lon="7.5632780">
    <ele>1491.9</ele>
   </trkpt>
   <trkpt lat="46.2736640" lon="7.5632990">
    <ele>1492.3</ele>
   </trkpt>
   <trkpt lat="46.2736560" lon="7.5633270">
    <ele>1493.0</ele>
   </trkpt>
   <trkpt lat="46.2736470" lon="7.5633560">
    <ele>1493.6</ele>
   </trkpt>
   <trkpt lat="46.2736420" lon="7.5633850">
    <ele>1494.2</ele>
   </trkpt>
   <trkpt lat="46.2736370" lon="7.5634150">
    <ele>1494.8</ele>
   </trkpt>
   <trkpt lat="46.2736380" lon="7.5634420">
    <ele>1495.4</ele>
   </trkpt>
   <trkpt lat="46.2736390" lon="7.5634700">
    <ele>1496.0</ele>
   </trkpt>
   <trkpt lat="46.2736420" lon="7.5634950">
    <ele>1496.6</ele>
   </trkpt>
   <trkpt lat="46.2736460" lon="7.5635210">
    <ele>1497.2</ele>
   </trkpt>
   <trkpt lat="46.2736510" lon="7.5635380">
    <ele>1497.6</ele>
   </trkpt>
   <trkpt lat="46.2736570" lon="7.5635560">
    <ele>1498.0</ele>
   </trkpt>
   <trkpt lat="46.2736630" lon="7.5635680">
    <ele>1498.3</ele>
   </trkpt>
   <trkpt lat="46.2736700" lon="7.5635800">
    <ele>1498.7</ele>
   </trkpt>
   <trkpt lat="46.2736720" lon="7.5635940">
    <ele>1499.0</ele>
   </trkpt>
   <trkpt lat="46.2736750" lon="7.5636070">
    <ele>1499.3</ele>
   </trkpt>
   <trkpt lat="46.2736780" lon="7.5636300">
    <ele>1499.8</ele>
   </trkpt>
   <trkpt lat="46.2736810" lon="7.5636520">
    <ele>1500.3</ele>
   </trkpt>
   <trkpt lat="46.2736880" lon="7.5636810">
    <ele>1501.0</ele>
   </trkpt>
   <trkpt lat="46.2736950" lon="7.5637090">
    <ele>1501.7</ele>
   </trkpt>
   <trkpt lat="46.2736970" lon="7.5637300">
    <ele>1502.2</ele>
   </trkpt>
   <trkpt lat="46.2737000" lon="7.5637500">
    <ele>1502.6</ele>
   </trkpt>
   <trkpt lat="46.2737020" lon="7.5637700">
    <ele>1503.1</ele>
   </trkpt>
   <trkpt lat="46.2736940" lon="7.5637980">
    <ele>1503.8</ele>
   </trkpt>
   <trkpt lat="46.2736870" lon="7.5638250">
    <ele>1504.4</ele>
   </trkpt>
   <trkpt lat="46.2736750" lon="7.5638480">
    <ele>1505.1</ele>
   </trkpt>
   <trkpt lat="46.2736640" lon="7.5638710">
    <ele>1505.7</ele>
   </trkpt>
   <trkpt lat="46.2736530" lon="7.5638900">
    <ele>1506.3</ele>
   </trkpt>
   <trkpt lat="46.2736430" lon="7.5639080">
    <ele>1506.8</ele>
   </trkpt>
   <trkpt lat="46.2736390" lon="7.5639200">
    <ele>1507.1</ele>
   </trkpt>
   <trkpt lat="46.2736360" lon="7.5639320">
    <ele>1507.4</ele>
   </trkpt>
   <trkpt lat="46.2736370" lon="7.5639430">
    <ele>1507.7</ele>
   </trkpt>
   <trkpt lat="46.2736390" lon="7.5639550">
    <ele>1508.0</ele>
   </trkpt>
   <trkpt lat="46.2736390" lon="7.5639710">
    <ele>1508.3</ele>
   </trkpt>
   <trkpt lat="46.2736400" lon="7.5639870">
    <ele>1508.7</ele>
   </trkpt>
   <trkpt lat="46.2736390" lon="7.5640050">
    <ele>1509.1</ele>
   </trkpt>
   <trkpt lat="46.2736380" lon="7.5640230">
    <ele>1509.6</ele>
   </trkpt>
   <trkpt lat="46.2736340" lon="7.5640450">
    <ele>1510.2</ele>
   </trkpt>
   <trkpt lat="46.2736310" lon="7.5640670">
    <ele>1510.7</ele>
   </trkpt>
   <trkpt lat="46.2736260" lon="7.5640880">
    <ele>1511.3</ele>
   </trkpt>
   <trkpt lat="46.2736220" lon="7.5641100">
    <ele>1511.8</ele>
   </trkpt>
   <trkpt lat="46.2736200" lon="7.5641310">
    <ele>1512.4</ele>
   </trkpt>
   <trkpt lat="46.2736170" lon="7.5641520">
    <ele>1512.9</ele>
   </trkpt>
   <trkpt lat="46.2736180" lon="7.5641700">
    <ele>1513.4</ele>
   </trkpt>
   <trkpt lat="46.2736190" lon="7.5641880">
    <ele>1513.9</ele>
   </trkpt>
   <trkpt lat="46.2736200" lon="7.5642030">
    <ele>1514.3</ele>
   </trkpt>
   <trkpt lat="46.2736220" lon="7.5642180">
    <ele>1514.6</ele>
   </trkpt>
   <trkpt lat="46.2736240" lon="7.5642360">
    <ele>1515.1</ele>
   </trkpt>
   <trkpt lat="46.2736270" lon="7.5642540">
    <ele>1515.6</ele>
   </trkpt>
   <trkpt lat="46.2736270" lon="7.5642780">
    <ele>1516.2</ele>
   </trkpt>
   <trkpt lat="46.2736280" lon="7.5643010">
    <ele>1516.8</ele>
   </trkpt>
   <trkpt lat="46.2736310" lon="7.5643300">
    <ele>1517.6</ele>
   </trkpt>
   <trkpt lat="46.2736330" lon="7.5643580">
    <ele>1518.3</ele>
   </trkpt>
   <trkpt lat="46.2736350" lon="7.5643870">
    <ele>1519.0</ele>
   </trkpt>
   <trkpt lat="46.2736370" lon="7.5644160">
    <ele>1519.7</ele>
   </trkpt>
   <trkpt lat="46.2736360" lon="7.5644400">
    <ele>1520.3</ele>
   </trkpt>
   <trkpt lat="46.2736350" lon="7.5644640">
    <ele>1520.9</ele>
   </trkpt>
   <trkpt lat="46.2736310" lon="7.5644840">
    <ele>1521.4</ele>
   </trkpt>
   <trkpt lat="46.2736280" lon="7.5645050">
    <ele>1521.9</ele>
   </trkpt>
   <trkpt lat="46.2736200" lon="7.5645260">
    <ele>1522.4</ele>
   </trkpt>
   <trkpt lat="46.2736120" lon="7.5645470">
    <ele>1523.0</ele>
   </trkpt>
   <trkpt lat="46.2736020" lon="7.5645690">
    <ele>1523.6</ele>
   </trkpt>
   <trkpt lat="46.2735920" lon="7.5645920">
    <ele>1524.3</ele>
   </trkpt>
   <trkpt lat="46.2735850" lon="7.5646100">
    <ele>1524.8</ele>
   </trkpt>
   <trkpt lat="46.2735770" lon="7.5646280">
    <ele>1525.3</ele>
   </trkpt>
   <trkpt lat="46.2735730" lon="7.5646370">
    <ele>1525.5</ele>
   </trkpt>
   <trkpt lat="46.2735690" lon="7.5646460">
    <ele>1525.8</ele>
   </trkpt>
   <trkpt lat="46.2735650" lon="7.5646550">
    <ele>1526.0</ele>
   </trkpt>
   <trkpt lat="46.2735590" lon="7.5646640">
    <ele>1526.3</ele>
   </trkpt>
   <trkpt lat="46.2735540" lon="7.5646740">
    <ele>1526.6</ele>
   </trkpt>
   <trkpt lat="46.2735470" lon="7.5646840">
    <ele>1526.9</ele>
   </trkpt>
   <trkpt lat="46.2735410" lon="7.5646950">
    <ele>1527.2</ele>
   </trkpt>
   <trkpt lat="46.2735320" lon="7.5647030">
    <ele>1527.6</ele>
   </trkpt>
   <trkpt lat="46.2735220" lon="7.5647120">
    <ele>1528.0</ele>
   </trkpt>
   <trkpt lat="46.2735150" lon="7.5647180">
    <ele>1528.2</ele>
   </trkpt>
   <trkpt lat="46.2735070" lon="7.5647250">
    <ele>1528.6</ele>
   </trkpt>
   <trkpt lat="46.2735030" lon="7.5647380">
    <ele>1528.9</ele>
   </trkpt>
   <trkpt lat="46.2735000" lon="7.5647520">
    <ele>1529.2</ele>
   </trkpt>
   <trkpt lat="46.2735000" lon="7.5647680">
    <ele>1529.6</ele>
   </trkpt>
   <trkpt lat="46.2735000" lon="7.5647850">
    <ele>1530.0</ele>
   </trkpt>
   <trkpt lat="46.2735010" lon="7.5648050">
    <ele>1530.4</ele>
   </trkpt>
   <trkpt lat="46.2735010" lon="7.5648250">
    <ele>1530.9</ele>
   </trkpt>
   <trkpt lat="46.2734970" lon="7.5648490">
    <ele>1531.5</ele>
   </trkpt>
   <trkpt lat="46.2734930" lon="7.5648730">
    <ele>1532.0</ele>
   </trkpt>
   <trkpt lat="46.2734860" lon="7.5648980">
    <ele>1532.7</ele>
   </trkpt>
   <trkpt lat="46.2734790" lon="7.5649220">
    <ele>1533.3</ele>
   </trkpt>
   <trkpt lat="46.2734720" lon="7.5649480">
    <ele>1534.0</ele>
   </trkpt>
   <trkpt lat="46.2734660" lon="7.5649730">
    <ele>1534.6</ele>
   </trkpt>
   <trkpt lat="46.2734600" lon="7.5649920">
    <ele>1535.1</ele>
   </trkpt>
   <trkpt lat="46.2734540" lon="7.5650100">
    <ele>1535.6</ele>
   </trkpt>
   <trkpt lat="46.2734490" lon="7.5650240">
    <ele>1536.0</ele>
   </trkpt>
   <trkpt lat="46.2734440" lon="7.5650370">
    <ele>1536.4</ele>
   </trkpt>
   <trkpt lat="46.2734410" lon="7.5650510">
    <ele>1536.7</ele>
   </trkpt>
   <trkpt lat="46.2734380" lon="7.5650660">
    <ele>1537.1</ele>
   </trkpt>
   <trkpt lat="46.2734300" lon="7.5650900">
    <ele>1537.7</ele>
   </trkpt>
   <trkpt lat="46.2734220" lon="7.5651130">
    <ele>1538.4</ele>
   </trkpt>
   <trkpt lat="46.2734080" lon="7.5651480">
    <ele>1539.3</ele>
   </trkpt>
   <trkpt lat="46.2733940" lon="7.5651820">
    <ele>1540.3</ele>
   </trkpt>
   <trkpt lat="46.2733810" lon="7.5652120">
    <ele>1541.1</ele>
   </trkpt>
   <trkpt lat="46.2733670" lon="7.5652420">
    <ele>1541.9</ele>
   </trkpt>
   <trkpt lat="46.2733490" lon="7.5652590">
    <ele>1542.6</ele>
   </trkpt>
   <trkpt lat="46.2733310" lon="7.5652750">
    <ele>1543.3</ele>
   </trkpt>
   <trkpt lat="46.2733160" lon="7.5652840">
    <ele>1543.8</ele>
   </trkpt>
   <trkpt lat="46.2733020" lon="7.5652920">
    <ele>1544.3</ele>
   </trkpt>
   <trkpt lat="46.2732950" lon="7.5653010">
    <ele>1544.6</ele>
   </trkpt>
   <trkpt lat="46.2732880" lon="7.5653100">
    <ele>1544.9</ele>
   </trkpt>
   <trkpt lat="46.2732840" lon="7.5653210">
    <ele>1545.2</ele>
   </trkpt>
   <trkpt lat="46.2732810" lon="7.5653320">
    <ele>1545.5</ele>
   </trkpt>
   <trkpt lat="46.2732800" lon="7.5653350">
    <ele>1545.5</ele>
   </trkpt>
   <trkpt lat="46.2732790" lon="7.5653380">
    <ele>1545.6</ele>
   </trkpt>
   <trkpt lat="46.2732780" lon="7.5653420">
    <ele>1545.7</ele>
   </trkpt>
   <trkpt lat="46.2732770" lon="7.5653450">
    <ele>1545.8</ele>
   </trkpt>
   <trkpt lat="46.2732760" lon="7.5653480">
    <ele>1545.9</ele>
   </trkpt>
   <trkpt lat="46.2732790" lon="7.5653550">
    <ele>1546.1</ele>
   </trkpt>
   <trkpt lat="46.2732820" lon="7.5653620">
    <ele>1546.2</ele>
   </trkpt>
   <trkpt lat="46.2732930" lon="7.5653770">
    <ele>1546.7</ele>
   </trkpt>
   <trkpt lat="46.2733040" lon="7.5653920">
    <ele>1547.2</ele>
   </trkpt>
   <trkpt lat="46.2733230" lon="7.5654100">
    <ele>1548.0</ele>
   </trkpt>
   <trkpt lat="46.2733430" lon="7.5654280">
    <ele>1548.8</ele>
   </trkpt>
   <trkpt lat="46.2733590" lon="7.5654440">
    <ele>1549.5</ele>
   </trkpt>
   <trkpt lat="46.2733750" lon="7.5654610">
    <ele>1550.2</ele>
   </trkpt>
   <trkpt lat="46.2733830" lon="7.5654770">
    <ele>1550.7</ele>
   </trkpt>
   <trkpt lat="46.2733920" lon="7.5654940">
    <ele>1551.2</ele>
   </trkpt>
   <trkpt lat="46.2733930" lon="7.5655150">
    <ele>1551.7</ele>
   </trkpt>
   <trkpt lat="46.2733950" lon="7.5655360">
    <ele>1552.2</ele>
   </trkpt>
   <trkpt lat="46.2733970" lon="7.5655470">
    <ele>1552.5</ele>
   </trkpt>
   <trkpt lat="46.2733990" lon="7.5655590">
    <ele>1552.8</ele>
   </trkpt>
   <trkpt lat="46.2734000" lon="7.5655710">
    <ele>1553.1</ele>
   </trkpt>
   <trkpt lat="46.2734020" lon="7.5655820">
    <ele>1553.4</ele>
   </trkpt>
   <trkpt lat="46.2734030" lon="7.5656010">
    <ele>1553.8</ele>
   </trkpt>
   <trkpt lat="46.2734040" lon="7.5656190">
    <ele>1554.3</ele>
   </trkpt>
   <trkpt lat="46.2734030" lon="7.5656320">
    <ele>1554.6</ele>
   </trkpt>
   <trkpt lat="46.2734030" lon="7.5656450">
    <ele>1554.9</ele>
   </trkpt>
   <trkpt lat="46.2734040" lon="7.5656510">
    <ele>1555.1</ele>
   </trkpt>
   <trkpt lat="46.2734060" lon="7.5656580">
    <ele>1555.3</ele>
   </trkpt>
   <trkpt lat="46.2734120" lon="7.5656660">
    <ele>1555.6</ele>
   </trkpt>
   <trkpt lat="46.2734170" lon="7.5656750">
    <ele>1555.9</ele>
   </trkpt>
   <trkpt lat="46.2734230" lon="7.5656950">
    <ele>1556.4</ele>
   </trkpt>
   <trkpt lat="46.2734280" lon="7.5657160">
    <ele>1557.0</ele>
   </trkpt>
   <trkpt lat="46.2734290" lon="7.5657430">
    <ele>1557.7</ele>
   </trkpt>
   <trkpt lat="46.2734290" lon="7.5657710">
    <ele>1558.5</ele>
   </trkpt>
   <trkpt lat="46.2734250" lon="7.5657920">
    <ele>1559.1</ele>
   </trkpt>
   <trkpt lat="46.2734210" lon="7.5658140">
    <ele>1559.7</ele>
   </trkpt>
   <trkpt lat="46.2734150" lon="7.5658260">
    <ele>1560.1</ele>
   </trkpt>
   <trkpt lat="46.2734100" lon="7.5658380">
    <ele>1560.5</ele>
   </trkpt>
   <trkpt lat="46.2733990" lon="7.5658570">
    <ele>1561.2</ele>
   </trkpt>
   <trkpt lat="46.2733890" lon="7.5658770">
    <ele>1561.9</ele>
   </trkpt>
   <trkpt lat="46.2733810" lon="7.5658880">
    <ele>1562.3</ele>
   </trkpt>
   <trkpt lat="46.2733730" lon="7.5658990">
    <ele>1562.7</ele>
   </trkpt>
   <trkpt lat="46.2733620" lon="7.5659020">
    <ele>1563.2</ele>
   </trkpt>
   <trkpt lat="46.2733520" lon="7.5659050">
    <ele>1563.6</ele>
   </trkpt>
   <trkpt lat="46.2733400" lon="7.5659100">
    <ele>1564.1</ele>
   </trkpt>
   <trkpt lat="46.2733280" lon="7.5659150">
    <ele>1564.6</ele>
   </trkpt>
   <trkpt lat="46.2733190" lon="7.5659220">
    <ele>1565.0</ele>
   </trkpt>
   <trkpt lat="46.2733110" lon="7.5659290">
    <ele>1565.3</ele>
   </trkpt>
   <trkpt lat="46.2733020" lon="7.5659360">
    <ele>1565.7</ele>
   </trkpt>
   <trkpt lat="46.2732940" lon="7.5659450">
    <ele>1566.1</ele>
   </trkpt>
   <trkpt lat="46.2732860" lon="7.5659540">
    <ele>1566.5</ele>
   </trkpt>
   <trkpt lat="46.2732820" lon="7.5659680">
    <ele>1566.9</ele>
   </trkpt>
   <trkpt lat="46.2732790" lon="7.5659810">
    <ele>1567.3</ele>
   </trkpt>
   <trkpt lat="46.2732840" lon="7.5660020">
    <ele>1567.8</ele>
   </trkpt>
   <trkpt lat="46.2732890" lon="7.5660240">
    <ele>1568.4</ele>
   </trkpt>
   <trkpt lat="46.2733000" lon="7.5660480">
    <ele>1569.2</ele>
   </trkpt>
   <trkpt lat="46.2733110" lon="7.5660720">
    <ele>1569.9</ele>
   </trkpt>
   <trkpt lat="46.2733260" lon="7.5660930">
    <ele>1570.7</ele>
   </trkpt>
   <trkpt lat="46.2733420" lon="7.5661150">
    <ele>1571.5</ele>
   </trkpt>
   <trkpt lat="46.2733600" lon="7.5661320">
    <ele>1572.3</ele>
   </trkpt>
   <trkpt lat="46.2733790" lon="7.5661490">
    <ele>1573.1</ele>
   </trkpt>
   <trkpt lat="46.2733950" lon="7.5661610">
    <ele>1573.7</ele>
   </trkpt>
   <trkpt lat="46.2734100" lon="7.5661730">
    <ele>1574.3</ele>
   </trkpt>
   <trkpt lat="46.2734180" lon="7.5661850">
    <ele>1574.7</ele>
   </trkpt>
   <trkpt lat="46.2734260" lon="7.5661960">
    <ele>1575.1</ele>
   </trkpt>
   <trkpt lat="46.2734270" lon="7.5662090">
    <ele>1575.5</ele>
   </trkpt>
   <trkpt lat="46.2734290" lon="7.5662220">
    <ele>1575.8</ele>
   </trkpt>
   <trkpt lat="46.2734170" lon="7.5662420">
    <ele>1576.5</ele>
   </trkpt>
   <trkpt lat="46.2734060" lon="7.5662610">
    <ele>1577.1</ele>
   </trkpt>
   <trkpt lat="46.2733900" lon="7.5662900">
    <ele>1578.0</ele>
   </trkpt>
   <trkpt lat="46.2733740" lon="7.5663200">
    <ele>1579.0</ele>
   </trkpt>
   <trkpt lat="46.2733600" lon="7.5663510">
    <ele>1579.9</ele>
   </trkpt>
   <trkpt lat="46.2733450" lon="7.5663810">
    <ele>1580.8</ele>
   </trkpt>
   <trkpt lat="46.2733310" lon="7.5664090">
    <ele>1581.7</ele>
   </trkpt>
   <trkpt lat="46.2733170" lon="7.5664370">
    <ele>1582.5</ele>
   </trkpt>
   <trkpt lat="46.2733040" lon="7.5664630">
    <ele>1583.3</ele>
   </trkpt>
   <trkpt lat="46.2732920" lon="7.5664880">
    <ele>1584.1</ele>
   </trkpt>
   <trkpt lat="46.2732890" lon="7.5665040">
    <ele>1584.5</ele>
   </trkpt>
   <trkpt lat="46.2732870" lon="7.5665200">
    <ele>1585.0</ele>
   </trkpt>
   <trkpt lat="46.2732920" lon="7.5665270">
    <ele>1585.2</ele>
   </trkpt>
   <trkpt lat="46.2732980" lon="7.5665340">
    <ele>1585.5</ele>
   </trkpt>
   <trkpt lat="46.2733020" lon="7.5665450">
    <ele>1585.8</ele>
   </trkpt>
   <trkpt lat="46.2733070" lon="7.5665560">
    <ele>1586.2</ele>
   </trkpt>
   <trkpt lat="46.2733090" lon="7.5665710">
    <ele>1586.6</ele>
   </trkpt>
   <trkpt lat="46.2733120" lon="7.5665860">
    <ele>1587.0</ele>
   </trkpt>
   <trkpt lat="46.2733110" lon="7.5666000">
    <ele>1587.3</ele>
   </trkpt>
   <trkpt lat="46.2733110" lon="7.5666140">
    <ele>1587.7</ele>
   </trkpt>
   <trkpt lat="46.2733100" lon="7.5666290">
    <ele>1588.1</ele>
   </trkpt>
   <trkpt lat="46.2733100" lon="7.5666430">
    <ele>1588.5</ele>
   </trkpt>
   <trkpt lat="46.2733130" lon="7.5666550">
    <ele>1588.8</ele>
   </trkpt>
   <trkpt lat="46.2733170" lon="7.5666670">
    <ele>1589.1</ele>
   </trkpt>
   <trkpt lat="46.2733190" lon="7.5666790">
    <ele>1589.5</ele>
   </trkpt>
   <trkpt lat="46.2733200" lon="7.5666920">
    <ele>1589.8</ele>
   </trkpt>
   <trkpt lat="46.2733080" lon="7.5667110">
    <ele>1590.5</ele>
   </trkpt>
   <trkpt lat="46.2732950" lon="7.5667290">
    <ele>1591.1</ele>
   </trkpt>
   <trkpt lat="46.2732760" lon="7.5667430">
    <ele>1591.9</ele>
   </trkpt>
   <trkpt lat="46.2732560" lon="7.5667570">
    <ele>1592.8</ele>
   </trkpt>
   <trkpt lat="46.2732420" lon="7.5667560">
    <ele>1593.3</ele>
   </trkpt>
   <trkpt lat="46.2732280" lon="7.5667560">
    <ele>1593.8</ele>
   </trkpt>
   <trkpt lat="46.2732190" lon="7.5667440">
    <ele>1594.2</ele>
   </trkpt>
   <trkpt lat="46.2732110" lon="7.5667320">
    <ele>1594.6</ele>
   </trkpt>
   <trkpt lat="46.2732040" lon="7.5667160">
    <ele>1595.0</ele>
   </trkpt>
   <trkpt lat="46.2731980" lon="7.5667000">
    <ele>1595.4</ele>
   </trkpt>
   <trkpt lat="46.2731870" lon="7.5666810">
    <ele>1596.0</ele>
   </trkpt>
   <trkpt lat="46.2731770" lon="7.5666610">
    <ele>1596.5</ele>
   </trkpt>
   <trkpt lat="46.2731590" lon="7.5666410">
    <ele>1597.1</ele>
   </trkpt>
   <trkpt lat="46.2731420" lon="7.5666200">
    <ele>1597.7</ele>
   </trkpt>
   <trkpt lat="46.2731200" lon="7.5666060">
    <ele>1598.3</ele>
   </trkpt>
   <trkpt lat="46.2730980" lon="7.5665920">
    <ele>1598.9</ele>
   </trkpt>
   <trkpt lat="46.2730770" lon="7.5665850">
    <ele>1599.3</ele>
   </trkpt>
   <trkpt lat="46.2730560" lon="7.5665780">
    <ele>1599.8</ele>
   </trkpt>
   <trkpt lat="46.2730330" lon="7.5665710">
    <ele>1600.2</ele>
   </trkpt>
   <trkpt lat="46.2730110" lon="7.5665650">
    <ele>1600.6</ele>
   </trkpt>
   <trkpt lat="46.2729880" lon="7.5665620">
    <ele>1601.1</ele>
   </trkpt>
   <trkpt lat="46.2729640" lon="7.5665590">
    <ele>1601.5</ele>
   </trkpt>
   <trkpt lat="46.2729450" lon="7.5665650">
    <ele>1601.8</ele>
   </trkpt>
   <trkpt lat="46.2729260" lon="7.5665710">
    <ele>1602.2</ele>
   </trkpt>
   <trkpt lat="46.2729140" lon="7.5665810">
    <ele>1602.4</ele>
   </trkpt>
   <trkpt lat="46.2729020" lon="7.5665910">
    <ele>1602.6</ele>
   </trkpt>
   <trkpt lat="46.2728900" lon="7.5666040">
    <ele>1602.9</ele>
   </trkpt>
   <trkpt lat="46.2728770" lon="7.5666160">
    <ele>1603.2</ele>
   </trkpt>
   <trkpt lat="46.2728610" lon="7.5666280">
    <ele>1603.5</ele>
   </trkpt>
   <trkpt lat="46.2728450" lon="7.5666400">
    <ele>1603.8</ele>
   </trkpt>
   <trkpt lat="46.2728250" lon="7.5666480">
    <ele>1604.2</ele>
   </trkpt>
   <trkpt lat="46.2728040" lon="7.5666570">
    <ele>1604.6</ele>
   </trkpt>
   <trkpt lat="46.2727810" lon="7.5666640">
    <ele>1605.0</ele>
   </trkpt>
   <trkpt lat="46.2727570" lon="7.5666710">
    <ele>1605.5</ele>
   </trkpt>
   <trkpt lat="46.2727330" lon="7.5666770">
    <ele>1606.0</ele>
   </trkpt>
   <trkpt lat="46.2727090" lon="7.5666830">
    <ele>1606.5</ele>
   </trkpt>
   <trkpt lat="46.2726860" lon="7.5666900">
    <ele>1607.0</ele>
   </trkpt>
   <trkpt lat="46.2726640" lon="7.5666960">
    <ele>1607.5</ele>
   </trkpt>
   <trkpt lat="46.2726400" lon="7.5667000">
    <ele>1608.0</ele>
   </trkpt>
   <trkpt lat="46.2726170" lon="7.5667040">
    <ele>1608.5</ele>
   </trkpt>
   <trkpt lat="46.2725990" lon="7.5667040">
    <ele>1609.0</ele>
   </trkpt>
   <trkpt lat="46.2725800" lon="7.5667050">
    <ele>1609.4</ele>
   </trkpt>
   <trkpt lat="46.2725660" lon="7.5667070">
    <ele>1609.8</ele>
   </trkpt>
   <trkpt lat="46.2725510" lon="7.5667080">
    <ele>1610.2</ele>
   </trkpt>
   <trkpt lat="46.2725370" lon="7.5667150">
    <ele>1610.6</ele>
   </trkpt>
   <trkpt lat="46.2725220" lon="7.5667210">
    <ele>1611.0</ele>
   </trkpt>
   <trkpt lat="46.2725110" lon="7.5667360">
    <ele>1611.4</ele>
   </trkpt>
   <trkpt lat="46.2725000" lon="7.5667520">
    <ele>1611.9</ele>
   </trkpt>
   <trkpt lat="46.2724890" lon="7.5667680">
    <ele>1612.3</ele>
   </trkpt>
   <trkpt lat="46.2724830" lon="7.5667850">
    <ele>1612.7</ele>
   </trkpt>
   <trkpt lat="46.2724770" lon="7.5668030">
    <ele>1613.1</ele>
   </trkpt>
   <trkpt lat="46.2724720" lon="7.5668180">
    <ele>1613.5</ele>
   </trkpt>
   <trkpt lat="46.2724680" lon="7.5668330">
    <ele>1613.8</ele>
   </trkpt>
   <trkpt lat="46.2724640" lon="7.5668480">
    <ele>1614.2</ele>
   </trkpt>
   <trkpt lat="46.2724600" lon="7.5668630">
    <ele>1614.6</ele>
   </trkpt>
   <trkpt lat="46.2724550" lon="7.5668850">
    <ele>1615.1</ele>
   </trkpt>
   <trkpt lat="46.2724510" lon="7.5669070">
    <ele>1615.6</ele>
   </trkpt>
   <trkpt lat="46.2724460" lon="7.5669360">
    <ele>1616.3</ele>
   </trkpt>
   <trkpt lat="46.2724410" lon="7.5669650">
    <ele>1617.1</ele>
   </trkpt>
   <trkpt lat="46.2724360" lon="7.5669950">
    <ele>1617.8</ele>
   </trkpt>
   <trkpt lat="46.2724310" lon="7.5670250">
    <ele>1618.6</ele>
   </trkpt>
   <trkpt lat="46.2724240" lon="7.5670430">
    <ele>1619.1</ele>
   </trkpt>
   <trkpt lat="46.2724170" lon="7.5670600">
    <ele>1619.6</ele>
   </trkpt>
   <trkpt lat="46.2724120" lon="7.5670730">
    <ele>1620.0</ele>
   </trkpt>
   <trkpt lat="46.2724070" lon="7.5670870">
    <ele>1620.4</ele>
   </trkpt>
   <trkpt lat="46.2724090" lon="7.5670990">
    <ele>1620.7</ele>
   </trkpt>
   <trkpt lat="46.2724110" lon="7.5671120">
    <ele>1621.1</ele>
   </trkpt>
   <trkpt lat="46.2724180" lon="7.5671180">
    <ele>1621.4</ele>
   </trkpt>
   <trkpt lat="46.2724260" lon="7.5671250">
    <ele>1621.7</ele>
   </trkpt>
   <trkpt lat="46.2724330" lon="7.5671310">
    <ele>1622.0</ele>
   </trkpt>
   <trkpt lat="46.2724450" lon="7.5671370">
    <ele>1622.5</ele>
   </trkpt>
   <trkpt lat="46.2724560" lon="7.5671440">
    <ele>1622.9</ele>
   </trkpt>
   <trkpt lat="46.2724670" lon="7.5671560">
    <ele>1623.4</ele>
   </trkpt>
   <trkpt lat="46.2724770" lon="7.5671690">
    <ele>1624.0</ele>
   </trkpt>
   <trkpt lat="46.2724860" lon="7.5671860">
    <ele>1624.5</ele>
   </trkpt>
   <trkpt lat="46.2724950" lon="7.5672040">
    <ele>1625.1</ele>
   </trkpt>
   <trkpt lat="46.2725070" lon="7.5672210">
    <ele>1625.7</ele>
   </trkpt>
   <trkpt lat="46.2725180" lon="7.5672390">
    <ele>1626.3</ele>
   </trkpt>
   <trkpt lat="46.2725280" lon="7.5672590">
    <ele>1626.9</ele>
   </trkpt>
   <trkpt lat="46.2725380" lon="7.5672800">
    <ele>1627.6</ele>
   </trkpt>
   <trkpt lat="46.2725390" lon="7.5673040">
    <ele>1628.2</ele>
   </trkpt>
   <trkpt lat="46.2725400" lon="7.5673270">
    <ele>1628.8</ele>
   </trkpt>
   <trkpt lat="46.2725360" lon="7.5673390">
    <ele>1629.1</ele>
   </trkpt>
   <trkpt lat="46.2725320" lon="7.5673500">
    <ele>1629.4</ele>
   </trkpt>
   <trkpt lat="46.2725260" lon="7.5673680">
    <ele>1629.9</ele>
   </trkpt>
   <trkpt lat="46.2725190" lon="7.5673860">
    <ele>1630.4</ele>
   </trkpt>
   <trkpt lat="46.2725210" lon="7.5674080">
    <ele>1630.9</ele>
   </trkpt>
   <trkpt lat="46.2725280" lon="7.5674400">
    <ele>1631.7</ele>
   </trkpt>
   <trkpt lat="46.2725330" lon="7.5674500">
    <ele>1632.0</ele>
   </trkpt>
   <trkpt lat="46.2725380" lon="7.5674600">
    <ele>1632.3</ele>
   </trkpt>
   <trkpt lat="46.2725430" lon="7.5674700">
    <ele>1632.6</ele>
   </trkpt>
   <trkpt lat="46.2725480" lon="7.5674800">
    <ele>1632.8</ele>
   </trkpt>
   <trkpt lat="46.2725530" lon="7.5674900">
    <ele>1633.1</ele>
   </trkpt>
   <trkpt lat="46.2725580" lon="7.5675000">
    <ele>1633.4</ele>
   </trkpt>
   <trkpt lat="46.2725720" lon="7.5675160">
    <ele>1634.0</ele>
   </trkpt>
   <trkpt lat="46.2725860" lon="7.5675320">
    <ele>1634.6</ele>
   </trkpt>
   <trkpt lat="46.2725990" lon="7.5675500">
    <ele>1635.2</ele>
   </trkpt>
   <trkpt lat="46.2726130" lon="7.5675670">
    <ele>1635.8</ele>
   </trkpt>
   <trkpt lat="46.2726250" lon="7.5675850">
    <ele>1636.4</ele>
   </trkpt>
   <trkpt lat="46.2726380" lon="7.5676030">
    <ele>1637.0</ele>
   </trkpt>
   <trkpt lat="46.2726500" lon="7.5676170">
    <ele>1637.5</ele>
   </trkpt>
   <trkpt lat="46.2726620" lon="7.5676320">
    <ele>1638.0</ele>
   </trkpt>
   <trkpt lat="46.2726730" lon="7.5676450">
    <ele>1638.4</ele>
   </trkpt>
   <trkpt lat="46.2726830" lon="7.5676590">
    <ele>1638.9</ele>
   </trkpt>
   <trkpt lat="46.2726940" lon="7.5676710">
    <ele>1639.3</ele>
   </trkpt>
   <trkpt lat="46.2727040" lon="7.5676840">
    <ele>1639.7</ele>
   </trkpt>
   <trkpt lat="46.2727160" lon="7.5676980">
    <ele>1640.2</ele>
   </trkpt>
   <trkpt lat="46.2727290" lon="7.5677120">
    <ele>1640.7</ele>
   </trkpt>
   <trkpt lat="46.2727500" lon="7.5677370">
    <ele>1641.5</ele>
   </trkpt>
   <trkpt lat="46.2727710" lon="7.5677620">
    <ele>1642.3</ele>
   </trkpt>
   <trkpt lat="46.2728020" lon="7.5677840">
    <ele>1643.3</ele>
   </trkpt>
   <trkpt lat="46.2728320" lon="7.5678060">
    <ele>1644.2</ele>
   </trkpt>
   <trkpt lat="46.2728680" lon="7.5678220">
    <ele>1645.2</ele>
   </trkpt>
   <trkpt lat="46.2729040" lon="7.5678380">
    <ele>1646.1</ele>
   </trkpt>
   <trkpt lat="46.2729340" lon="7.5678620">
    <ele>1646.9</ele>
   </trkpt>
   <trkpt lat="46.2729650" lon="7.5678860">
    <ele>1647.6</ele>
   </trkpt>
   <trkpt lat="46.2729870" lon="7.5679120">
    <ele>1648.2</ele>
   </trkpt>
   <trkpt lat="46.2730080" lon="7.5679390">
    <ele>1648.8</ele>
   </trkpt>
   <trkpt lat="46.2730220" lon="7.5679630">
    <ele>1649.2</ele>
   </trkpt>
   <trkpt lat="46.2730370" lon="7.5679870">
    <ele>1649.6</ele>
   </trkpt>
   <trkpt lat="46.2730450" lon="7.5680140">
    <ele>1650.0</ele>
   </trkpt>
   <trkpt lat="46.2730520" lon="7.5680410">
    <ele>1650.3</ele>
   </trkpt>
   <trkpt lat="46.2730540" lon="7.5680700">
    <ele>1650.7</ele>
   </trkpt>
   <trkpt lat="46.2730560" lon="7.5680980">
    <ele>1651.0</ele>
   </trkpt>
   <trkpt lat="46.2730580" lon="7.5681240">
    <ele>1651.3</ele>
   </trkpt>
   <trkpt lat="46.2730600" lon="7.5681500">
    <ele>1651.7</ele>
   </trkpt>
   <trkpt lat="46.2730660" lon="7.5681750">
    <ele>1652.0</ele>
   </trkpt>
   <trkpt lat="46.2730710" lon="7.5682000">
    <ele>1652.3</ele>
   </trkpt>
   <trkpt lat="46.2730740" lon="7.5682290">
    <ele>1652.6</ele>
   </trkpt>
   <trkpt lat="46.2730770" lon="7.5682570">
    <ele>1653.0</ele>
   </trkpt>
   <trkpt lat="46.2730820" lon="7.5682860">
    <ele>1653.3</ele>
   </trkpt>
   <trkpt lat="46.2730870" lon="7.5683150">
    <ele>1653.7</ele>
   </trkpt>
   <trkpt lat="46.2731030" lon="7.5683470">
    <ele>1654.1</ele>
   </trkpt>
   <trkpt lat="46.2731190" lon="7.5683790">
    <ele>1654.6</ele>
   </trkpt>
   <trkpt lat="46.2731430" lon="7.5684150">
    <ele>1655.2</ele>
   </trkpt>
   <trkpt lat="46.2731660" lon="7.5684520">
    <ele>1655.7</ele>
   </trkpt>
   <trkpt lat="46.2731820" lon="7.5684850">
    <ele>1656.1</ele>
   </trkpt>
   <trkpt lat="46.2731980" lon="7.5685170">
    <ele>1656.5</ele>
   </trkpt>
   <trkpt lat="46.2732030" lon="7.5685350">
    <ele>1656.7</ele>
   </trkpt>
   <trkpt lat="46.2732080" lon="7.5685530">
    <ele>1656.9</ele>
   </trkpt>
   <trkpt lat="46.2732130" lon="7.5685700">
    <ele>1657.1</ele>
   </trkpt>
   <trkpt lat="46.2732180" lon="7.5685910">
    <ele>1657.4</ele>
   </trkpt>
   <trkpt lat="46.2732220" lon="7.5686120">
    <ele>1657.6</ele>
   </trkpt>
   <trkpt lat="46.2732270" lon="7.5686300">
    <ele>1657.8</ele>
   </trkpt>
   <trkpt lat="46.2732320" lon="7.5686490">
    <ele>1658.0</ele>
   </trkpt>
   <trkpt lat="46.2732360" lon="7.5686710">
    <ele>1658.3</ele>
   </trkpt>
   <trkpt lat="46.2732410" lon="7.5686930">
    <ele>1658.6</ele>
   </trkpt>
   <trkpt lat="46.2732450" lon="7.5687130">
    <ele>1658.9</ele>
   </trkpt>
   <trkpt lat="46.2732480" lon="7.5687340">
    <ele>1659.1</ele>
   </trkpt>
   <trkpt lat="46.2732520" lon="7.5687540">
    <ele>1659.4</ele>
   </trkpt>
   <trkpt lat="46.2732530" lon="7.5687870">
    <ele>1659.8</ele>
   </trkpt>
   <trkpt lat="46.2732530" lon="7.5688190">
    <ele>1660.3</ele>
   </trkpt>
   <trkpt lat="46.2732500" lon="7.5688380">
    <ele>1660.5</ele>
   </trkpt>
   <trkpt lat="46.2732460" lon="7.5688580">
    <ele>1660.8</ele>
   </trkpt>
   <trkpt lat="46.2732430" lon="7.5688770">
    <ele>1661.1</ele>
   </trkpt>
   <trkpt lat="46.2732360" lon="7.5689110">
    <ele>1661.5</ele>
   </trkpt>
   <trkpt lat="46.2732290" lon="7.5689440">
    <ele>1662.0</ele>
   </trkpt>
   <trkpt lat="46.2732270" lon="7.5689810">
    <ele>1662.5</ele>
   </trkpt>
   <trkpt lat="46.2732250" lon="7.5690180">
    <ele>1662.9</ele>
   </trkpt>
   <trkpt lat="46.2732240" lon="7.5690500">
    <ele>1663.3</ele>
   </trkpt>
   <trkpt lat="46.2732240" lon="7.5690820">
    <ele>1663.8</ele>
   </trkpt>
   <trkpt lat="46.2732230" lon="7.5691120">
    <ele>1664.1</ele>
   </trkpt>
   <trkpt lat="46.2732220" lon="7.5691410">
    <ele>1664.5</ele>
   </trkpt>
   <trkpt lat="46.2732190" lon="7.5691710">
    <ele>1664.9</ele>
   </trkpt>
   <trkpt lat="46.2732160" lon="7.5692020">
    <ele>1665.3</ele>
   </trkpt>
   <trkpt lat="46.2732170" lon="7.5692350">
    <ele>1665.8</ele>
   </trkpt>
   <trkpt lat="46.2732170" lon="7.5692690">
    <ele>1666.4</ele>
   </trkpt>
   <trkpt lat="46.2732190" lon="7.5692950">
    <ele>1666.8</ele>
   </trkpt>
   <trkpt lat="46.2732200" lon="7.5693220">
    <ele>1667.2</ele>
   </trkpt>
   <trkpt lat="46.2732170" lon="7.5693420">
    <ele>1667.6</ele>
   </trkpt>
   <trkpt lat="46.2732140" lon="7.5693630">
    <ele>1668.0</ele>
   </trkpt>
   <trkpt lat="46.2732120" lon="7.5693830">
    <ele>1668.3</ele>
   </trkpt>
   <trkpt lat="46.2732090" lon="7.5694030">
    <ele>1668.7</ele>
   </trkpt>
   <trkpt lat="46.2732120" lon="7.5694320">
    <ele>1669.2</ele>
   </trkpt>
   <trkpt lat="46.2732150" lon="7.5694610">
    <ele>1669.8</ele>
   </trkpt>
   <trkpt lat="46.2732190" lon="7.5694880">
    <ele>1670.3</ele>
   </trkpt>
   <trkpt lat="46.2732230" lon="7.5695160">
    <ele>1670.9</ele>
   </trkpt>
   <trkpt lat="46.2732230" lon="7.5695470">
    <ele>1671.5</ele>
   </trkpt>
   <trkpt lat="46.2732240" lon="7.5695780">
    <ele>1672.1</ele>
   </trkpt>
   <trkpt lat="46.2732200" lon="7.5696150">
    <ele>1672.9</ele>
   </trkpt>
   <trkpt lat="46.2732160" lon="7.5696510">
    <ele>1673.6</ele>
   </trkpt>
   <trkpt lat="46.2732180" lon="7.5696920">
    <ele>1674.4</ele>
   </trkpt>
   <trkpt lat="46.2732200" lon="7.5697330">
    <ele>1675.2</ele>
   </trkpt>
   <trkpt lat="46.2732300" lon="7.5697740">
    <ele>1676.0</ele>
   </trkpt>
   <trkpt lat="46.2732390" lon="7.5698150">
    <ele>1676.8</ele>
   </trkpt>
   <trkpt lat="46.2732530" lon="7.5698520">
    <ele>1677.6</ele>
   </trkpt>
   <trkpt lat="46.2732670" lon="7.5698890">
    <ele>1678.3</ele>
   </trkpt>
   <trkpt lat="46.2732780" lon="7.5699260">
    <ele>1679.0</ele>
   </trkpt>
   <trkpt lat="46.2732890" lon="7.5699630">
    <ele>1679.7</ele>
   </trkpt>
   <trkpt lat="46.2732940" lon="7.5700010">
    <ele>1680.4</ele>
   </trkpt>
   <trkpt lat="46.2732990" lon="7.5700400">
    <ele>1681.1</ele>
   </trkpt>
   <trkpt lat="46.2733050" lon="7.5700710">
    <ele>1681.7</ele>
   </trkpt>
   <trkpt lat="46.2733110" lon="7.5701020">
    <ele>1682.3</ele>
   </trkpt>
   <trkpt lat="46.2733170" lon="7.5701240">
    <ele>1682.7</ele>
   </trkpt>
   <trkpt lat="46.2733240" lon="7.5701450">
    <ele>1683.1</ele>
   </trkpt>
   <trkpt lat="46.2733290" lon="7.5701590">
    <ele>1683.4</ele>
   </trkpt>
   <trkpt lat="46.2733340" lon="7.5701740">
    <ele>1683.8</ele>
   </trkpt>
   <trkpt lat="46.2733390" lon="7.5701820">
    <ele>1684.0</ele>
   </trkpt>
   <trkpt lat="46.2733440" lon="7.5701910">
    <ele>1684.2</ele>
   </trkpt>
   <trkpt lat="46.2733470" lon="7.5701990">
    <ele>1684.4</ele>
   </trkpt>
   <trkpt lat="46.2733500" lon="7.5702060">
    <ele>1684.6</ele>
   </trkpt>
   <trkpt lat="46.2733450" lon="7.5702270">
    <ele>1685.0</ele>
   </trkpt>
   <trkpt lat="46.2733400" lon="7.5702480">
    <ele>1685.5</ele>
   </trkpt>
   <trkpt lat="46.2733370" lon="7.5702860">
    <ele>1686.2</ele>
   </trkpt>
   <trkpt lat="46.2733340" lon="7.5703240">
    <ele>1687.0</ele>
   </trkpt>
   <trkpt lat="46.2733350" lon="7.5703620">
    <ele>1687.8</ele>
   </trkpt>
   <trkpt lat="46.2733360" lon="7.5704000">
    <ele>1688.6</ele>
   </trkpt>
   <trkpt lat="46.2733420" lon="7.5704230">
    <ele>1689.1</ele>
   </trkpt>
   <trkpt lat="46.2733480" lon="7.5704450">
    <ele>1689.6</ele>
   </trkpt>
   <trkpt lat="46.2733550" lon="7.5704520">
    <ele>1689.8</ele>
   </trkpt>
   <trkpt lat="46.2733620" lon="7.5704590">
    <ele>1690.1</ele>
   </trkpt>
   <trkpt lat="46.2733710" lon="7.5704620">
    <ele>1690.3</ele>
   </trkpt>
   <trkpt lat="46.2733790" lon="7.5704660">
    <ele>1690.6</ele>
   </trkpt>
   <trkpt lat="46.2733890" lon="7.5704740">
    <ele>1690.9</ele>
   </trkpt>
   <trkpt lat="46.2733990" lon="7.5704820">
    <ele>1691.2</ele>
   </trkpt>
   <trkpt lat="46.2734040" lon="7.5704970">
    <ele>1691.5</ele>
   </trkpt>
   <trkpt lat="46.2734100" lon="7.5705130">
    <ele>1691.8</ele>
   </trkpt>
   <trkpt lat="46.2734110" lon="7.5705330">
    <ele>1692.1</ele>
   </trkpt>
   <trkpt lat="46.2734120" lon="7.5705520">
    <ele>1692.5</ele>
   </trkpt>
   <trkpt lat="46.2734140" lon="7.5705770">
    <ele>1692.9</ele>
   </trkpt>
   <trkpt lat="46.2734160" lon="7.5706020">
    <ele>1693.3</ele>
   </trkpt>
   <trkpt lat="46.2734230" lon="7.5706370">
    <ele>1693.9</ele>
   </trkpt>
   <trkpt lat="46.2734300" lon="7.5706720">
    <ele>1694.5</ele>
   </trkpt>
   <trkpt lat="46.2734380" lon="7.5707130">
    <ele>1695.2</ele>
   </trkpt>
   <trkpt lat="46.2734470" lon="7.5707550">
    <ele>1695.9</ele>
   </trkpt>
   <trkpt lat="46.2734590" lon="7.5707890">
    <ele>1696.5</ele>
   </trkpt>
   <trkpt lat="46.2734710" lon="7.5708220">
    <ele>1697.2</ele>
   </trkpt>
   <trkpt lat="46.2734880" lon="7.5708460">
    <ele>1697.8</ele>
   </trkpt>
   <trkpt lat="46.2735060" lon="7.5708690">
    <ele>1698.4</ele>
   </trkpt>
   <trkpt lat="46.2735330" lon="7.5709040">
    <ele>1699.2</ele>
   </trkpt>
   <trkpt lat="46.2735440" lon="7.5709190">
    <ele>1699.6</ele>
   </trkpt>
   <trkpt lat="46.2735540" lon="7.5709330">
    <ele>1700.0</ele>
   </trkpt>
   <trkpt lat="46.2735680" lon="7.5709550">
    <ele>1700.4</ele>
   </trkpt>
   <trkpt lat="46.2735830" lon="7.5709790">
    <ele>1700.9</ele>
   </trkpt>
   <trkpt lat="46.2735980" lon="7.5710040">
    <ele>1701.4</ele>
   </trkpt>
   <trkpt lat="46.2736150" lon="7.5710310">
    <ele>1701.9</ele>
   </trkpt>
   <trkpt lat="46.2736310" lon="7.5710580">
    <ele>1702.3</ele>
   </trkpt>
   <trkpt lat="46.2736490" lon="7.5710850">
    <ele>1702.8</ele>
   </trkpt>
   <trkpt lat="46.2736660" lon="7.5711120">
    <ele>1703.2</ele>
   </trkpt>
   <trkpt lat="46.2736830" lon="7.5711420">
    <ele>1703.6</ele>
   </trkpt>
   <trkpt lat="46.2736990" lon="7.5711720">
    <ele>1703.9</ele>
   </trkpt>
   <trkpt lat="46.2737110" lon="7.5712020">
    <ele>1704.2</ele>
   </trkpt>
   <trkpt lat="46.2737230" lon="7.5712330">
    <ele>1704.4</ele>
   </trkpt>
   <trkpt lat="46.2737310" lon="7.5712620">
    <ele>1704.7</ele>
   </trkpt>
   <trkpt lat="46.2737390" lon="7.5712920">
    <ele>1704.9</ele>
   </trkpt>
   <trkpt lat="46.2737440" lon="7.5713230">
    <ele>1705.2</ele>
   </trkpt>
   <trkpt lat="46.2737500" lon="7.5713550">
    <ele>1705.4</ele>
   </trkpt>
   <trkpt lat="46.2737570" lon="7.5713870">
    <ele>1705.7</ele>
   </trkpt>
   <trkpt lat="46.2737640" lon="7.5714200">
    <ele>1706.0</ele>
   </trkpt>
   <trkpt lat="46.2737740" lon="7.5714550">
    <ele>1706.3</ele>
   </trkpt>
   <trkpt lat="46.2737850" lon="7.5714900">
    <ele>1706.7</ele>
   </trkpt>
   <trkpt lat="46.2738030" lon="7.5715300">
    <ele>1707.1</ele>
   </trkpt>
   <trkpt lat="46.2738200" lon="7.5715700">
    <ele>1707.6</ele>
   </trkpt>
   <trkpt lat="46.2738370" lon="7.5716020">
    <ele>1708.0</ele>
   </trkpt>
   <trkpt lat="46.2738540" lon="7.5716340">
    <ele>1708.4</ele>
   </trkpt>
   <trkpt lat="46.2738670" lon="7.5716600">
    <ele>1708.8</ele>
   </trkpt>
   <trkpt lat="46.2738800" lon="7.5716860">
    <ele>1709.1</ele>
   </trkpt>
   <trkpt lat="46.2738920" lon="7.5717100">
    <ele>1709.4</ele>
   </trkpt>
   <trkpt lat="46.2739040" lon="7.5717340">
    <ele>1709.7</ele>
   </trkpt>
   <trkpt lat="46.2739170" lon="7.5717600">
    <ele>1710.1</ele>
   </trkpt>
   <trkpt lat="46.2739300" lon="7.5717860">
    <ele>1710.4</ele>
   </trkpt>
   <trkpt lat="46.2739420" lon="7.5718180">
    <ele>1710.7</ele>
   </trkpt>
   <trkpt lat="46.2739550" lon="7.5718510">
    <ele>1711.1</ele>
   </trkpt>
   <trkpt lat="46.2739700" lon="7.5718840">
    <ele>1711.4</ele>
   </trkpt>
   <trkpt lat="46.2739860" lon="7.5719180">
    <ele>1711.7</ele>
   </trkpt>
   <trkpt lat="46.2740050" lon="7.5719500">
    <ele>1712.0</ele>
   </trkpt>
   <trkpt lat="46.2740240" lon="7.5719820">
    <ele>1712.3</ele>
   </trkpt>
   <trkpt lat="46.2740430" lon="7.5720160">
    <ele>1712.5</ele>
   </trkpt>
   <trkpt lat="46.2740630" lon="7.5720500">
    <ele>1712.7</ele>
   </trkpt>
   <trkpt lat="46.2740760" lon="7.5720890">
    <ele>1712.9</ele>
   </trkpt>
   <trkpt lat="46.2740900" lon="7.5721280">
    <ele>1713.1</ele>
   </trkpt>
   <trkpt lat="46.2740960" lon="7.5721750">
    <ele>1713.3</ele>
   </trkpt>
   <trkpt lat="46.2741010" lon="7.5722230">
    <ele>1713.6</ele>
   </trkpt>
   <trkpt lat="46.2740960" lon="7.5722700">
    <ele>1713.8</ele>
   </trkpt>
   <trkpt lat="46.2740910" lon="7.5723170">
    <ele>1714.1</ele>
   </trkpt>
   <trkpt lat="46.2740870" lon="7.5723550">
    <ele>1714.4</ele>
   </trkpt>
   <trkpt lat="46.2740820" lon="7.5723930">
    <ele>1714.7</ele>
   </trkpt>
   <trkpt lat="46.2740890" lon="7.5724240">
    <ele>1714.9</ele>
   </trkpt>
   <trkpt lat="46.2740960" lon="7.5724540">
    <ele>1715.2</ele>
   </trkpt>
   <trkpt lat="46.2741120" lon="7.5724860">
    <ele>1715.5</ele>
   </trkpt>
   <trkpt lat="46.2741280" lon="7.5725180">
    <ele>1715.8</ele>
   </trkpt>
   <trkpt lat="46.2741540" lon="7.5725530">
    <ele>1716.1</ele>
   </trkpt>
   <trkpt lat="46.2741810" lon="7.5725880">
    <ele>1716.5</ele>
   </trkpt>
   <trkpt lat="46.2742130" lon="7.5726220">
    <ele>1716.8</ele>
   </trkpt>
   <trkpt lat="46.2742460" lon="7.5726560">
    <ele>1717.2</ele>
   </trkpt>
   <trkpt lat="46.2742770" lon="7.5726900">
    <ele>1717.6</ele>
   </trkpt>
   <trkpt lat="46.2743080" lon="7.5727240">
    <ele>1717.9</ele>
   </trkpt>
   <trkpt lat="46.2743350" lon="7.5727570">
    <ele>1718.3</ele>
   </trkpt>
   <trkpt lat="46.2743630" lon="7.5727910">
    <ele>1718.7</ele>
   </trkpt>
   <trkpt lat="46.2743890" lon="7.5728250">
    <ele>1719.1</ele>
   </trkpt>
   <trkpt lat="46.2744160" lon="7.5728590">
    <ele>1719.5</ele>
   </trkpt>
   <trkpt lat="46.2744410" lon="7.5728900">
    <ele>1719.9</ele>
   </trkpt>
   <trkpt lat="46.2744660" lon="7.5729220">
    <ele>1720.3</ele>
   </trkpt>
   <trkpt lat="46.2744900" lon="7.5729450">
    <ele>1720.7</ele>
   </trkpt>
   <trkpt lat="46.2745140" lon="7.5729690">
    <ele>1721.0</ele>
   </trkpt>
   <trkpt lat="46.2745340" lon="7.5729910">
    <ele>1721.3</ele>
   </trkpt>
   <trkpt lat="46.2745550" lon="7.5730130">
    <ele>1721.5</ele>
   </trkpt>
   <trkpt lat="46.2745650" lon="7.5730430">
    <ele>1721.8</ele>
   </trkpt>
   <trkpt lat="46.2745760" lon="7.5730730">
    <ele>1722.0</ele>
   </trkpt>
   <trkpt lat="46.2745820" lon="7.5731150">
    <ele>1722.2</ele>
   </trkpt>
   <trkpt lat="46.2745880" lon="7.5731580">
    <ele>1722.5</ele>
   </trkpt>
   <trkpt lat="46.2745960" lon="7.5732050">
    <ele>1722.7</ele>
   </trkpt>
   <trkpt lat="46.2746050" lon="7.5732510">
    <ele>1723.0</ele>
   </trkpt>
   <trkpt lat="46.2746130" lon="7.5732930">
    <ele>1723.2</ele>
   </trkpt>
   <trkpt lat="46.2746210" lon="7.5733350">
    <ele>1723.5</ele>
   </trkpt>
   <trkpt lat="46.2746230" lon="7.5733720">
    <ele>1723.8</ele>
   </trkpt>
   <trkpt lat="46.2746250" lon="7.5734090">
    <ele>1724.1</ele>
   </trkpt>
   <trkpt lat="46.2746290" lon="7.5734480">
    <ele>1724.4</ele>
   </trkpt>
   <trkpt lat="46.2746330" lon="7.5734880">
    <ele>1724.7</ele>
   </trkpt>
   <trkpt lat="46.2746400" lon="7.5735300">
    <ele>1725.1</ele>
   </trkpt>
   <trkpt lat="46.2746480" lon="7.5735710">
    <ele>1725.6</ele>
   </trkpt>
   <trkpt lat="46.2746550" lon="7.5736110">
    <ele>1726.0</ele>
   </trkpt>
   <trkpt lat="46.2746620" lon="7.5736510">
    <ele>1726.4</ele>
   </trkpt>
   <trkpt lat="46.2746730" lon="7.5736890">
    <ele>1726.9</ele>
   </trkpt>
   <trkpt lat="46.2746830" lon="7.5737270">
    <ele>1727.4</ele>
   </trkpt>
   <trkpt lat="46.2746900" lon="7.5737700">
    <ele>1727.9</ele>
   </trkpt>
   <trkpt lat="46.2746970" lon="7.5738130">
    <ele>1728.5</ele>
   </trkpt>
   <trkpt lat="46.2746900" lon="7.5738650">
    <ele>1729.2</ele>
   </trkpt>
   <trkpt lat="46.2746830" lon="7.5739180">
    <ele>1729.8</ele>
   </trkpt>
   <trkpt lat="46.2746680" lon="7.5739660">
    <ele>1730.5</ele>
   </trkpt>
   <trkpt lat="46.2746530" lon="7.5740140">
    <ele>1731.1</ele>
   </trkpt>
   <trkpt lat="46.2746420" lon="7.5740470">
    <ele>1731.4</ele>
   </trkpt>
   <trkpt lat="46.2746310" lon="7.5740810">
    <ele>1731.8</ele>
   </trkpt>
   <trkpt lat="46.2746280" lon="7.5741050">
    <ele>1732.0</ele>
   </trkpt>
   <trkpt lat="46.2746250" lon="7.5741280">
    <ele>1732.3</ele>
   </trkpt>
   <trkpt lat="46.2746270" lon="7.5741550">
    <ele>1732.5</ele>
   </trkpt>
   <trkpt lat="46.2746290" lon="7.5741820">
    <ele>1732.8</ele>
   </trkpt>
   <trkpt lat="46.2746260" lon="7.5742170">
    <ele>1733.1</ele>
   </trkpt>
   <trkpt lat="46.2746240" lon="7.5742520">
    <ele>1733.4</ele>
   </trkpt>
   <trkpt lat="46.2746160" lon="7.5742900">
    <ele>1733.8</ele>
   </trkpt>
   <trkpt lat="46.2746070" lon="7.5743270">
    <ele>1734.1</ele>
   </trkpt>
   <trkpt lat="46.2746000" lon="7.5743590">
    <ele>1734.5</ele>
   </trkpt>
   <trkpt lat="46.2745930" lon="7.5743910">
    <ele>1734.8</ele>
   </trkpt>
   <trkpt lat="46.2745890" lon="7.5744180">
    <ele>1735.2</ele>
   </trkpt>
   <trkpt lat="46.2745860" lon="7.5744450">
    <ele>1735.5</ele>
   </trkpt>
   <trkpt lat="46.2745850" lon="7.5744760">
    <ele>1735.9</ele>
   </trkpt>
   <trkpt lat="46.2745840" lon="7.5745060">
    <ele>1736.2</ele>
   </trkpt>
   <trkpt lat="46.2745800" lon="7.5745470">
    <ele>1736.8</ele>
   </trkpt>
   <trkpt lat="46.2745760" lon="7.5745870">
    <ele>1737.4</ele>
   </trkpt>
   <trkpt lat="46.2745660" lon="7.5746510">
    <ele>1738.4</ele>
   </trkpt>
   <trkpt lat="46.2745640" lon="7.5746740">
    <ele>1738.8</ele>
   </trkpt>
   <trkpt lat="46.2745620" lon="7.5746970">
    <ele>1739.2</ele>
   </trkpt>
   <trkpt lat="46.2745590" lon="7.5747190">
    <ele>1739.6</ele>
   </trkpt>
   <trkpt lat="46.2745570" lon="7.5747420">
    <ele>1740.0</ele>
   </trkpt>
   <trkpt lat="46.2745640" lon="7.5747570">
    <ele>1740.3</ele>
   </trkpt>
   <trkpt lat="46.2745820" lon="7.5747660">
    <ele>1740.8</ele>
   </trkpt>
   <trkpt lat="46.2746000" lon="7.5747750">
    <ele>1741.4</ele>
   </trkpt>
   <trkpt lat="46.2746140" lon="7.5747850">
    <ele>1741.8</ele>
   </trkpt>
   <trkpt lat="46.2746280" lon="7.5747950">
    <ele>1742.2</ele>
   </trkpt>
   <trkpt lat="46.2746360" lon="7.5748070">
    <ele>1742.6</ele>
   </trkpt>
   <trkpt lat="46.2746440" lon="7.5748200">
    <ele>1742.9</ele>
   </trkpt>
   <trkpt lat="46.2746510" lon="7.5748310">
    <ele>1743.2</ele>
   </trkpt>
   <trkpt lat="46.2746580" lon="7.5748420">
    <ele>1743.5</ele>
   </trkpt>
   <trkpt lat="46.2746690" lon="7.5748530">
    <ele>1743.9</ele>
   </trkpt>
   <trkpt lat="46.2746800" lon="7.5748640">
    <ele>1744.3</ele>
   </trkpt>
   <trkpt lat="46.2746930" lon="7.5748790">
    <ele>1744.8</ele>
   </trkpt>
   <trkpt lat="46.2747060" lon="7.5748940">
    <ele>1745.3</ele>
   </trkpt>
   <trkpt lat="46.2747170" lon="7.5749140">
    <ele>1745.8</ele>
   </trkpt>
   <trkpt lat="46.2747280" lon="7.5749340">
    <ele>1746.4</ele>
   </trkpt>
   <trkpt lat="46.2747320" lon="7.5749630">
    <ele>1747.1</ele>
   </trkpt>
   <trkpt lat="46.2747360" lon="7.5749930">
    <ele>1747.8</ele>
   </trkpt>
   <trkpt lat="46.2747390" lon="7.5750250">
    <ele>1748.6</ele>
   </trkpt>
   <trkpt lat="46.2747430" lon="7.5750570">
    <ele>1749.4</ele>
   </trkpt>
   <trkpt lat="46.2747470" lon="7.5750880">
    <ele>1750.2</ele>
   </trkpt>
   <trkpt lat="46.2747520" lon="7.5751190">
    <ele>1751.1</ele>
   </trkpt>
   <trkpt lat="46.2747590" lon="7.5751470">
    <ele>1751.9</ele>
   </trkpt>
   <trkpt lat="46.2747660" lon="7.5751750">
    <ele>1752.7</ele>
   </trkpt>
   <trkpt lat="46.2747760" lon="7.5751990">
    <ele>1753.5</ele>
   </trkpt>
   <trkpt lat="46.2747870" lon="7.5752230">
    <ele>1754.2</ele>
   </trkpt>
   <trkpt lat="46.2748020" lon="7.5752420">
    <ele>1755.0</ele>
   </trkpt>
   <trkpt lat="46.2748170" lon="7.5752600">
    <ele>1755.8</ele>
   </trkpt>
   <trkpt lat="46.2748370" lon="7.5752760">
    <ele>1756.7</ele>
   </trkpt>
   <trkpt lat="46.2748570" lon="7.5752920">
    <ele>1757.6</ele>
   </trkpt>
   <trkpt lat="46.2748690" lon="7.5753120">
    <ele>1758.3</ele>
   </trkpt>
   <trkpt lat="46.2748810" lon="7.5753320">
    <ele>1759.0</ele>
   </trkpt>
   <trkpt lat="46.2748830" lon="7.5753630">
    <ele>1759.8</ele>
   </trkpt>
   <trkpt lat="46.2748860" lon="7.5753930">
    <ele>1760.5</ele>
   </trkpt>
   <trkpt lat="46.2748870" lon="7.5754250">
    <ele>1761.3</ele>
   </trkpt>
   <trkpt lat="46.2748890" lon="7.5754560">
    <ele>1762.0</ele>
   </trkpt>
   <trkpt lat="46.2748930" lon="7.5754820">
    <ele>1762.5</ele>
   </trkpt>
   <trkpt lat="46.2748970" lon="7.5755080">
    <ele>1763.1</ele>
   </trkpt>
   <trkpt lat="46.2748970" lon="7.5755340">
    <ele>1763.6</ele>
   </trkpt>
   <trkpt lat="46.2748970" lon="7.5755590">
    <ele>1764.1</ele>
   </trkpt>
   <trkpt lat="46.2748970" lon="7.5755860">
    <ele>1764.5</ele>
   </trkpt>
   <trkpt lat="46.2748970" lon="7.5756130">
    <ele>1765.0</ele>
   </trkpt>
   <trkpt lat="46.2749000" lon="7.5756380">
    <ele>1765.4</ele>
   </trkpt>
   <trkpt lat="46.2749030" lon="7.5756640">
    <ele>1765.8</ele>
   </trkpt>
   <trkpt lat="46.2749090" lon="7.5756860">
    <ele>1766.2</ele>
   </trkpt>
   <trkpt lat="46.2749150" lon="7.5757080">
    <ele>1766.6</ele>
   </trkpt>
   <trkpt lat="46.2749250" lon="7.5757320">
    <ele>1767.0</ele>
   </trkpt>
   <trkpt lat="46.2749350" lon="7.5757570">
    <ele>1767.4</ele>
   </trkpt>
   <trkpt lat="46.2749480" lon="7.5757860">
    <ele>1767.8</ele>
   </trkpt>
   <trkpt lat="46.2749620" lon="7.5758140">
    <ele>1768.3</ele>
   </trkpt>
   <trkpt lat="46.2749760" lon="7.5758460">
    <ele>1768.8</ele>
   </trkpt>
   <trkpt lat="46.2749890" lon="7.5758780">
    <ele>1769.3</ele>
   </trkpt>
   <trkpt lat="46.2750010" lon="7.5759070">
    <ele>1769.8</ele>
   </trkpt>
   <trkpt lat="46.2750140" lon="7.5759360">
    <ele>1770.3</ele>
   </trkpt>
   <trkpt lat="46.2750250" lon="7.5759580">
    <ele>1770.7</ele>
   </trkpt>
   <trkpt lat="46.2750360" lon="7.5759810">
    <ele>1771.2</ele>
   </trkpt>
   <trkpt lat="46.2750500" lon="7.5759990">
    <ele>1771.6</ele>
   </trkpt>
   <trkpt lat="46.2750640" lon="7.5760170">
    <ele>1772.0</ele>
   </trkpt>
   <trkpt lat="46.2750760" lon="7.5760340">
    <ele>1772.5</ele>
   </trkpt>
   <trkpt lat="46.2750880" lon="7.5760510">
    <ele>1772.9</ele>
   </trkpt>
   <trkpt lat="46.2750900" lon="7.5760750">
    <ele>1773.3</ele>
   </trkpt>
   <trkpt lat="46.2750920" lon="7.5760990">
    <ele>1773.7</ele>
   </trkpt>
   <trkpt lat="46.2750940" lon="7.5761330">
    <ele>1774.4</ele>
   </trkpt>
   <trkpt lat="46.2750950" lon="7.5761670">
    <ele>1775.0</ele>
   </trkpt>
   <trkpt lat="46.2751000" lon="7.5762040">
    <ele>1775.7</ele>
   </trkpt>
   <trkpt lat="46.2751060" lon="7.5762420">
    <ele>1776.4</ele>
   </trkpt>
   <trkpt lat="46.2751100" lon="7.5762770">
    <ele>1777.1</ele>
   </trkpt>
   <trkpt lat="46.2751140" lon="7.5763120">
    <ele>1777.7</ele>
   </trkpt>
   <trkpt lat="46.2751200" lon="7.5763370">
    <ele>1778.3</ele>
   </trkpt>
   <trkpt lat="46.2751260" lon="7.5763620">
    <ele>1778.8</ele>
   </trkpt>
   <trkpt lat="46.2751340" lon="7.5763790">
    <ele>1779.3</ele>
   </trkpt>
   <trkpt lat="46.2751420" lon="7.5763950">
    <ele>1779.7</ele>
   </trkpt>
   <trkpt lat="46.2751490" lon="7.5764120">
    <ele>1780.1</ele>
   </trkpt>
   <trkpt lat="46.2751560" lon="7.5764300">
    <ele>1780.5</ele>
   </trkpt>
   <trkpt lat="46.2751610" lon="7.5764440">
    <ele>1780.8</ele>
   </trkpt>
   <trkpt lat="46.2751670" lon="7.5764580">
    <ele>1781.2</ele>
   </trkpt>
   <trkpt lat="46.2751680" lon="7.5764670">
    <ele>1781.4</ele>
   </trkpt>
   <trkpt lat="46.2751700" lon="7.5764770">
    <ele>1781.6</ele>
   </trkpt>
   <trkpt lat="46.2751670" lon="7.5764870">
    <ele>1781.8</ele>
   </trkpt>
   <trkpt lat="46.2751640" lon="7.5764960">
    <ele>1782.0</ele>
   </trkpt>
   <trkpt lat="46.2751560" lon="7.5765180">
    <ele>1782.5</ele>
   </trkpt>
   <trkpt lat="46.2751470" lon="7.5765390">
    <ele>1783.0</ele>
   </trkpt>
   <trkpt lat="46.2751380" lon="7.5765680">
    <ele>1783.6</ele>
   </trkpt>
   <trkpt lat="46.2751300" lon="7.5765980">
    <ele>1784.2</ele>
   </trkpt>
   <trkpt lat="46.2751200" lon="7.5766230">
    <ele>1784.7</ele>
   </trkpt>
   <trkpt lat="46.2751100" lon="7.5766480">
    <ele>1785.2</ele>
   </trkpt>
   <trkpt lat="46.2751010" lon="7.5766690">
    <ele>1785.6</ele>
   </trkpt>
   <trkpt lat="46.2750920" lon="7.5766900">
    <ele>1786.1</ele>
   </trkpt>
   <trkpt lat="46.2750870" lon="7.5767120">
    <ele>1786.4</ele>
   </trkpt>
   <trkpt lat="46.2750830" lon="7.5767340">
    <ele>1786.8</ele>
   </trkpt>
   <trkpt lat="46.2750830" lon="7.5767590">
    <ele>1787.2</ele>
   </trkpt>
   <trkpt lat="46.2750830" lon="7.5767840">
    <ele>1787.7</ele>
   </trkpt>
   <trkpt lat="46.2750830" lon="7.5768100">
    <ele>1788.1</ele>
   </trkpt>
   <trkpt lat="46.2750830" lon="7.5768360">
    <ele>1788.5</ele>
   </trkpt>
   <trkpt lat="46.2750870" lon="7.5768680">
    <ele>1789.1</ele>
   </trkpt>
   <trkpt lat="46.2750910" lon="7.5769000">
    <ele>1789.7</ele>
   </trkpt>
   <trkpt lat="46.2751000" lon="7.5769350">
    <ele>1790.3</ele>
   </trkpt>
   <trkpt lat="46.2751090" lon="7.5769690">
    <ele>1791.0</ele>
   </trkpt>
   <trkpt lat="46.2751250" lon="7.5769990">
    <ele>1791.7</ele>
   </trkpt>
   <trkpt lat="46.2751410" lon="7.5770280">
    <ele>1792.4</ele>
   </trkpt>
   <trkpt lat="46.2751600" lon="7.5770460">
    <ele>1793.0</ele>
   </trkpt>
   <trkpt lat="46.2751780" lon="7.5770640">
    <ele>1793.6</ele>
   </trkpt>
   <trkpt lat="46.2751940" lon="7.5770780">
    <ele>1794.1</ele>
   </trkpt>
   <trkpt lat="46.2752090" lon="7.5770920">
    <ele>1794.6</ele>
   </trkpt>
   <trkpt lat="46.2752160" lon="7.5771060">
    <ele>1794.9</ele>
   </trkpt>
   <trkpt lat="46.2752230" lon="7.5771210">
    <ele>1795.3</ele>
   </trkpt>
   <trkpt lat="46.2752270" lon="7.5771350">
    <ele>1795.6</ele>
   </trkpt>
   <trkpt lat="46.2752310" lon="7.5771500">
    <ele>1795.9</ele>
   </trkpt>
   <trkpt lat="46.2752350" lon="7.5771660">
    <ele>1796.2</ele>
   </trkpt>
   <trkpt lat="46.2752380" lon="7.5771820">
    <ele>1796.5</ele>
   </trkpt>
   <trkpt lat="46.2752420" lon="7.5772030">
    <ele>1797.0</ele>
   </trkpt>
   <trkpt lat="46.2752460" lon="7.5772240">
    <ele>1797.4</ele>
   </trkpt>
   <trkpt lat="46.2752540" lon="7.5772480">
    <ele>1797.9</ele>
   </trkpt>
   <trkpt lat="46.2752610" lon="7.5772720">
    <ele>1798.4</ele>
   </trkpt>
   <trkpt lat="46.2752740" lon="7.5772950">
    <ele>1799.0</ele>
   </trkpt>
   <trkpt lat="46.2752870" lon="7.5773170">
    <ele>1799.6</ele>
   </trkpt>
   <trkpt lat="46.2753040" lon="7.5773340">
    <ele>1800.2</ele>
   </trkpt>
   <trkpt lat="46.2753200" lon="7.5773500">
    <ele>1800.7</ele>
   </trkpt>
   <trkpt lat="46.2753410" lon="7.5773650">
    <ele>1801.3</ele>
   </trkpt>
   <trkpt lat="46.2753610" lon="7.5773800">
    <ele>1802.0</ele>
   </trkpt>
   <trkpt lat="46.2753830" lon="7.5773990">
    <ele>1802.7</ele>
   </trkpt>
   <trkpt lat="46.2754050" lon="7.5774190">
    <ele>1803.3</ele>
   </trkpt>
   <trkpt lat="46.2754200" lon="7.5774480">
    <ele>1804.0</ele>
   </trkpt>
   <trkpt lat="46.2754360" lon="7.5774770">
    <ele>1804.6</ele>
   </trkpt>
   <trkpt lat="46.2754450" lon="7.5775140">
    <ele>1805.2</ele>
   </trkpt>
   <trkpt lat="46.2754540" lon="7.5775510">
    <ele>1805.8</ele>
   </trkpt>
   <trkpt lat="46.2754600" lon="7.5775970">
    <ele>1806.5</ele>
   </trkpt>
   <trkpt lat="46.2754650" lon="7.5776430">
    <ele>1807.1</ele>
   </trkpt>
   <trkpt lat="46.2754710" lon="7.5776900">
    <ele>1807.8</ele>
   </trkpt>
   <trkpt lat="46.2754780" lon="7.5777380">
    <ele>1808.5</ele>
   </trkpt>
   <trkpt lat="46.2754800" lon="7.5777800">
    <ele>1809.1</ele>
   </trkpt>
   <trkpt lat="46.2754820" lon="7.5778220">
    <ele>1809.7</ele>
   </trkpt>
   <trkpt lat="46.2754810" lon="7.5778570">
    <ele>1810.3</ele>
   </trkpt>
   <trkpt lat="46.2754810" lon="7.5778910">
    <ele>1810.8</ele>
   </trkpt>
   <trkpt lat="46.2754820" lon="7.5779220">
    <ele>1811.4</ele>
   </trkpt>
   <trkpt lat="46.2754840" lon="7.5779530">
    <ele>1812.0</ele>
   </trkpt>
   <trkpt lat="46.2754900" lon="7.5779830">
    <ele>1812.6</ele>
   </trkpt>
   <trkpt lat="46.2754950" lon="7.5780130">
    <ele>1813.2</ele>
   </trkpt>
   <trkpt lat="46.2754990" lon="7.5780410">
    <ele>1813.8</ele>
   </trkpt>
   <trkpt lat="46.2755040" lon="7.5780680">
    <ele>1814.4</ele>
   </trkpt>
   <trkpt lat="46.2755070" lon="7.5780930">
    <ele>1814.9</ele>
   </trkpt>
   <trkpt lat="46.2755090" lon="7.5781180">
    <ele>1815.5</ele>
   </trkpt>
   <trkpt lat="46.2755140" lon="7.5781410">
    <ele>1816.0</ele>
   </trkpt>
   <trkpt lat="46.2755180" lon="7.5781630">
    <ele>1816.4</ele>
   </trkpt>
   <trkpt lat="46.2755250" lon="7.5781770">
    <ele>1816.8</ele>
   </trkpt>
   <trkpt lat="46.2755320" lon="7.5781910">
    <ele>1817.2</ele>
   </trkpt>
   <trkpt lat="46.2755430" lon="7.5782000">
    <ele>1817.6</ele>
   </trkpt>
   <trkpt lat="46.2755530" lon="7.5782090">
    <ele>1817.9</ele>
   </trkpt>
   <trkpt lat="46.2755650" lon="7.5782180">
    <ele>1818.3</ele>
   </trkpt>
   <trkpt lat="46.2755770" lon="7.5782260">
    <ele>1818.6</ele>
   </trkpt>
   <trkpt lat="46.2755920" lon="7.5782380">
    <ele>1819.1</ele>
   </trkpt>
   <trkpt lat="46.2756070" lon="7.5782500">
    <ele>1819.5</ele>
   </trkpt>
   <trkpt lat="46.2756210" lon="7.5782730">
    <ele>1820.0</ele>
   </trkpt>
   <trkpt lat="46.2756350" lon="7.5782960">
    <ele>1820.5</ele>
   </trkpt>
   <trkpt lat="46.2756450" lon="7.5783260">
    <ele>1821.0</ele>
   </trkpt>
   <trkpt lat="46.2756560" lon="7.5783570">
    <ele>1821.6</ele>
   </trkpt>
   <trkpt lat="46.2756630" lon="7.5783860">
    <ele>1822.0</ele>
   </trkpt>
   <trkpt lat="46.2756700" lon="7.5784150">
    <ele>1822.5</ele>
   </trkpt>
   <trkpt lat="46.2756710" lon="7.5784440">
    <ele>1822.9</ele>
   </trkpt>
   <trkpt lat="46.2756730" lon="7.5784740">
    <ele>1823.4</ele>
   </trkpt>
   <trkpt lat="46.2756710" lon="7.5785100">
    <ele>1823.9</ele>
   </trkpt>
   <trkpt lat="46.2756690" lon="7.5785450">
    <ele>1824.5</ele>
   </trkpt>
   <trkpt lat="46.2756710" lon="7.5785790">
    <ele>1825.0</ele>
   </trkpt>
   <trkpt lat="46.2756720" lon="7.5786120">
    <ele>1825.6</ele>
   </trkpt>
   <trkpt lat="46.2756750" lon="7.5786400">
    <ele>1826.1</ele>
   </trkpt>
   <trkpt lat="46.2756790" lon="7.5786690">
    <ele>1826.6</ele>
   </trkpt>
   <trkpt lat="46.2756800" lon="7.5786940">
    <ele>1827.1</ele>
   </trkpt>
   <trkpt lat="46.2756800" lon="7.5787190">
    <ele>1827.6</ele>
   </trkpt>
   <trkpt lat="46.2756760" lon="7.5787360">
    <ele>1827.9</ele>
   </trkpt>
   <trkpt lat="46.2756730" lon="7.5787530">
    <ele>1828.3</ele>
   </trkpt>
   <trkpt lat="46.2756660" lon="7.5787640">
    <ele>1828.6</ele>
   </trkpt>
   <trkpt lat="46.2756600" lon="7.5787760">
    <ele>1828.9</ele>
   </trkpt>
   <trkpt lat="46.2756520" lon="7.5787850">
    <ele>1829.2</ele>
   </trkpt>
   <trkpt lat="46.2756440" lon="7.5787940">
    <ele>1829.6</ele>
   </trkpt>
   <trkpt lat="46.2756350" lon="7.5788010">
    <ele>1829.9</ele>
   </trkpt>
   <trkpt lat="46.2756260" lon="7.5788080">
    <ele>1830.2</ele>
   </trkpt>
   <trkpt lat="46.2756200" lon="7.5788170">
    <ele>1830.5</ele>
   </trkpt>
   <trkpt lat="46.2756140" lon="7.5788260">
    <ele>1830.8</ele>
   </trkpt>
   <trkpt lat="46.2756080" lon="7.5788490">
    <ele>1831.4</ele>
   </trkpt>
   <trkpt lat="46.2756030" lon="7.5788720">
    <ele>1832.0</ele>
   </trkpt>
   <trkpt lat="46.2755990" lon="7.5789140">
    <ele>1833.1</ele>
   </trkpt>
   <trkpt lat="46.2755940" lon="7.5789560">
    <ele>1834.2</ele>
   </trkpt>
   <trkpt lat="46.2755960" lon="7.5789950">
    <ele>1835.2</ele>
   </trkpt>
   <trkpt lat="46.2755970" lon="7.5790340">
    <ele>1836.3</ele>
   </trkpt>
   <trkpt lat="46.2756030" lon="7.5790560">
    <ele>1836.9</ele>
   </trkpt>
   <trkpt lat="46.2756090" lon="7.5790780">
    <ele>1837.5</ele>
   </trkpt>
   <trkpt lat="46.2756160" lon="7.5790930">
    <ele>1838.0</ele>
   </trkpt>
   <trkpt lat="46.2756220" lon="7.5791090">
    <ele>1838.5</ele>
   </trkpt>
   <trkpt lat="46.2756280" lon="7.5791220">
    <ele>1838.9</ele>
   </trkpt>
   <trkpt lat="46.2756330" lon="7.5791360">
    <ele>1839.2</ele>
   </trkpt>
   <trkpt lat="46.2756360" lon="7.5791480">
    <ele>1839.6</ele>
   </trkpt>
   <trkpt lat="46.2756400" lon="7.5791600">
    <ele>1839.9</ele>
   </trkpt>
   <trkpt lat="46.2756390" lon="7.5791750">
    <ele>1840.2</ele>
   </trkpt>
   <trkpt lat="46.2756390" lon="7.5791900">
    <ele>1840.6</ele>
   </trkpt>
   <trkpt lat="46.2756360" lon="7.5792070">
    <ele>1841.0</ele>
   </trkpt>
   <trkpt lat="46.2756340" lon="7.5792250">
    <ele>1841.4</ele>
   </trkpt>
   <trkpt lat="46.2756330" lon="7.5792440">
    <ele>1841.8</ele>
   </trkpt>
   <trkpt lat="46.2756330" lon="7.5792630">
    <ele>1842.1</ele>
   </trkpt>
   <trkpt lat="46.2756360" lon="7.5792850">
    <ele>1842.6</ele>
   </trkpt>
   <trkpt lat="46.2756400" lon="7.5793070">
    <ele>1843.0</ele>
   </trkpt>
   <trkpt lat="46.2756450" lon="7.5793320">
    <ele>1843.4</ele>
   </trkpt>
   <trkpt lat="46.2756500" lon="7.5793570">
    <ele>1843.9</ele>
   </trkpt>
   <trkpt lat="46.2756560" lon="7.5793830">
    <ele>1844.3</ele>
   </trkpt>
   <trkpt lat="46.2756620" lon="7.5794090">
    <ele>1844.6</ele>
   </trkpt>
   <trkpt lat="46.2756710" lon="7.5794400">
    <ele>1845.0</ele>
   </trkpt>
   <trkpt lat="46.2756800" lon="7.5794700">
    <ele>1845.4</ele>
   </trkpt>
   <trkpt lat="46.2756960" lon="7.5795110">
    <ele>1845.8</ele>
   </trkpt>
   <trkpt lat="46.2757110" lon="7.5795520">
    <ele>1846.2</ele>
   </trkpt>
   <trkpt lat="46.2757270" lon="7.5795990">
    <ele>1846.5</ele>
   </trkpt>
   <trkpt lat="46.2757420" lon="7.5796460">
    <ele>1846.9</ele>
   </trkpt>
   <trkpt lat="46.2757540" lon="7.5796890">
    <ele>1847.2</ele>
   </trkpt>
   <trkpt lat="46.2757660" lon="7.5797320">
    <ele>1847.5</ele>
   </trkpt>
   <trkpt lat="46.2757710" lon="7.5797700">
    <ele>1847.8</ele>
   </trkpt>
   <trkpt lat="46.2757760" lon="7.5798070">
    <ele>1848.2</ele>
   </trkpt>
   <trkpt lat="46.2757780" lon="7.5798390">
    <ele>1848.5</ele>
   </trkpt>
   <trkpt lat="46.2757810" lon="7.5798710">
    <ele>1848.8</ele>
   </trkpt>
   <trkpt lat="46.2757810" lon="7.5799010">
    <ele>1849.1</ele>
   </trkpt>
   <trkpt lat="46.2757810" lon="7.5799310">
    <ele>1849.4</ele>
   </trkpt>
   <trkpt lat="46.2757770" lon="7.5799570">
    <ele>1849.6</ele>
   </trkpt>
   <trkpt lat="46.2757720" lon="7.5799830">
    <ele>1849.9</ele>
   </trkpt>
   <trkpt lat="46.2757660" lon="7.5800050">
    <ele>1850.2</ele>
   </trkpt>
   <trkpt lat="46.2757600" lon="7.5800280">
    <ele>1850.4</ele>
   </trkpt>
   <trkpt lat="46.2757550" lon="7.5800490">
    <ele>1850.6</ele>
   </trkpt>
   <trkpt lat="46.2757500" lon="7.5800710">
    <ele>1850.9</ele>
   </trkpt>
   <trkpt lat="46.2757450" lon="7.5800990">
    <ele>1851.2</ele>
   </trkpt>
   <trkpt lat="46.2757390" lon="7.5801270">
    <ele>1851.5</ele>
   </trkpt>
   <trkpt lat="46.2757340" lon="7.5801670">
    <ele>1851.9</ele>
   </trkpt>
   <trkpt lat="46.2757290" lon="7.5802060">
    <ele>1852.3</ele>
   </trkpt>
   <trkpt lat="46.2757270" lon="7.5802560">
    <ele>1852.8</ele>
   </trkpt>
   <trkpt lat="46.2757240" lon="7.5803060">
    <ele>1853.3</ele>
   </trkpt>
   <trkpt lat="46.2757220" lon="7.5803600">
    <ele>1853.8</ele>
   </trkpt>
   <trkpt lat="46.2757200" lon="7.5804140">
    <ele>1854.3</ele>
   </trkpt>
   <trkpt lat="46.2757130" lon="7.5804670">
    <ele>1854.7</ele>
   </trkpt>
   <trkpt lat="46.2757070" lon="7.5805200">
    <ele>1855.1</ele>
   </trkpt>
   <trkpt lat="46.2757040" lon="7.5805670">
    <ele>1855.3</ele>
   </trkpt>
   <trkpt lat="46.2757020" lon="7.5806150">
    <ele>1855.5</ele>
   </trkpt>
   <trkpt lat="46.2757060" lon="7.5806620">
    <ele>1855.7</ele>
   </trkpt>
   <trkpt lat="46.2757100" lon="7.5807100">
    <ele>1855.8</ele>
   </trkpt>
   <trkpt lat="46.2757180" lon="7.5807750">
    <ele>1855.8</ele>
   </trkpt>
   <trkpt lat="46.2757250" lon="7.5808410">
    <ele>1855.8</ele>
   </trkpt>
   <trkpt lat="46.2757290" lon="7.5809100">
    <ele>1855.7</ele>
   </trkpt>
   <trkpt lat="46.2757330" lon="7.5809790">
    <ele>1855.6</ele>
   </trkpt>
   <trkpt lat="46.2757310" lon="7.5810370">
    <ele>1855.6</ele>
   </trkpt>
   <trkpt lat="46.2757290" lon="7.5810940">
    <ele>1855.7</ele>
   </trkpt>
   <trkpt lat="46.2757220" lon="7.5811360">
    <ele>1855.8</ele>
   </trkpt>
   <trkpt lat="46.2757140" lon="7.5811770">
    <ele>1855.9</ele>
   </trkpt>
   <trkpt lat="46.2757060" lon="7.5812140">
    <ele>1856.0</ele>
   </trkpt>
   <trkpt lat="46.2756980" lon="7.5812510">
    <ele>1856.2</ele>
   </trkpt>
   <trkpt lat="46.2757010" lon="7.5813000">
    <ele>1856.5</ele>
   </trkpt>
   <trkpt lat="46.2757040" lon="7.5813480">
    <ele>1856.8</ele>
   </trkpt>
   <trkpt lat="46.2757130" lon="7.5814030">
    <ele>1857.1</ele>
   </trkpt>
   <trkpt lat="46.2757220" lon="7.5814590">
    <ele>1857.4</ele>
   </trkpt>
   <trkpt lat="46.2757280" lon="7.5815250">
    <ele>1857.7</ele>
   </trkpt>
   <trkpt lat="46.2757350" lon="7.5815910">
    <ele>1858.0</ele>
   </trkpt>
   <trkpt lat="46.2757350" lon="7.5816660">
    <ele>1858.2</ele>
   </trkpt>
   <trkpt lat="46.2757350" lon="7.5817410">
    <ele>1858.3</ele>
   </trkpt>
   <trkpt lat="46.2757300" lon="7.5817950">
    <ele>1858.4</ele>
   </trkpt>
   <trkpt lat="46.2757250" lon="7.5818490">
    <ele>1858.5</ele>
   </trkpt>
   <trkpt lat="46.2757130" lon="7.5819210">
    <ele>1858.7</ele>
   </trkpt>
   <trkpt lat="46.2757010" lon="7.5819920">
    <ele>1858.9</ele>
   </trkpt>
   <trkpt lat="46.2756900" lon="7.5820640">
    <ele>1859.2</ele>
   </trkpt>
   <trkpt lat="46.2756770" lon="7.5821060">
    <ele>1859.5</ele>
   </trkpt>
   <trkpt lat="46.2756640" lon="7.5821480">
    <ele>1859.7</ele>
   </trkpt>
   <trkpt lat="46.2756570" lon="7.5821820">
    <ele>1859.9</ele>
   </trkpt>
   <trkpt lat="46.2756490" lon="7.5822170">
    <ele>1860.1</ele>
   </trkpt>
   <trkpt lat="46.2756420" lon="7.5822430">
    <ele>1860.2</ele>
   </trkpt>
   <trkpt lat="46.2756350" lon="7.5822690">
    <ele>1860.3</ele>
   </trkpt>
   <trkpt lat="46.2756220" lon="7.5822820">
    <ele>1860.4</ele>
   </trkpt>
   <trkpt lat="46.2756090" lon="7.5822950">
    <ele>1860.5</ele>
   </trkpt>
   <trkpt lat="46.2755860" lon="7.5822960">
    <ele>1860.6</ele>
   </trkpt>
   <trkpt lat="46.2755630" lon="7.5822970">
    <ele>1860.8</ele>
   </trkpt>
   <trkpt lat="46.2755350" lon="7.5822990">
    <ele>1860.9</ele>
   </trkpt>
   <trkpt lat="46.2755080" lon="7.5823000">
    <ele>1861.1</ele>
   </trkpt>
   <trkpt lat="46.2754810" lon="7.5823020">
    <ele>1861.3</ele>
   </trkpt>
   <trkpt lat="46.2754530" lon="7.5823030">
    <ele>1861.5</ele>
   </trkpt>
   <trkpt lat="46.2754260" lon="7.5823020">
    <ele>1861.6</ele>
   </trkpt>
   <trkpt lat="46.2753980" lon="7.5823010">
    <ele>1861.8</ele>
   </trkpt>
   <trkpt lat="46.2753690" lon="7.5822970">
    <ele>1862.0</ele>
   </trkpt>
   <trkpt lat="46.2753390" lon="7.5822920">
    <ele>1862.2</ele>
   </trkpt>
   <trkpt lat="46.2753070" lon="7.5822930">
    <ele>1862.4</ele>
   </trkpt>
   <trkpt lat="46.2752750" lon="7.5822930">
    <ele>1862.6</ele>
   </trkpt>
   <trkpt lat="46.2752370" lon="7.5822970">
    <ele>1862.8</ele>
   </trkpt>
   <trkpt lat="46.2751990" lon="7.5823010">
    <ele>1863.1</ele>
   </trkpt>
   <trkpt lat="46.2751640" lon="7.5823060">
    <ele>1863.4</ele>
   </trkpt>
   <trkpt lat="46.2751290" lon="7.5823110">
    <ele>1863.6</ele>
   </trkpt>
   <trkpt lat="46.2751140" lon="7.5823300">
    <ele>1863.8</ele>
   </trkpt>
   <trkpt lat="46.2750980" lon="7.5823490">
    <ele>1863.9</ele>
   </trkpt>
   <trkpt lat="46.2750920" lon="7.5823710">
    <ele>1864.0</ele>
   </trkpt>
   <trkpt lat="46.2750860" lon="7.5823930">
    <ele>1864.1</ele>
   </trkpt>
   <trkpt lat="46.2750780" lon="7.5824170">
    <ele>1864.3</ele>
   </trkpt>
   <trkpt lat="46.2750700" lon="7.5824410">
    <ele>1864.3</ele>
   </trkpt>
   <trkpt lat="46.2750530" lon="7.5824710">
    <ele>1864.5</ele>
   </trkpt>
   <trkpt lat="46.2750360" lon="7.5825020">
    <ele>1864.6</ele>
   </trkpt>
   <trkpt lat="46.2750160" lon="7.5825380">
    <ele>1864.8</ele>
   </trkpt>
   <trkpt lat="46.2749960" lon="7.5825740">
    <ele>1865.0</ele>
   </trkpt>
   <trkpt lat="46.2749820" lon="7.5826170">
    <ele>1865.2</ele>
   </trkpt>
   <trkpt lat="46.2749690" lon="7.5826600">
    <ele>1865.5</ele>
   </trkpt>
   <trkpt lat="46.2749650" lon="7.5827110">
    <ele>1865.8</ele>
   </trkpt>
   <trkpt lat="46.2749610" lon="7.5827630">
    <ele>1866.2</ele>
   </trkpt>
   <trkpt lat="46.2749600" lon="7.5828150">
    <ele>1866.7</ele>
   </trkpt>
   <trkpt lat="46.2749590" lon="7.5828660">
    <ele>1867.1</ele>
   </trkpt>
   <trkpt lat="46.2749510" lon="7.5829140">
    <ele>1867.5</ele>
   </trkpt>
   <trkpt lat="46.2749430" lon="7.5829620">
    <ele>1867.8</ele>
   </trkpt>
   <trkpt lat="46.2749300" lon="7.5830100">
    <ele>1868.2</ele>
   </trkpt>
   <trkpt lat="46.2749160" lon="7.5830570">
    <ele>1868.6</ele>
   </trkpt>
   <trkpt lat="46.2749050" lon="7.5831170">
    <ele>1869.0</ele>
   </trkpt>
   <trkpt lat="46.2748940" lon="7.5831760">
    <ele>1869.4</ele>
   </trkpt>
   <trkpt lat="46.2748830" lon="7.5832470">
    <ele>1869.9</ele>
   </trkpt>
   <trkpt lat="46.2748730" lon="7.5833170">
    <ele>1870.4</ele>
   </trkpt>
   <trkpt lat="46.2748600" lon="7.5833870">
    <ele>1870.8</ele>
   </trkpt>
   <trkpt lat="46.2748480" lon="7.5834570">
    <ele>1871.3</ele>
   </trkpt>
   <trkpt lat="46.2748320" lon="7.5835240">
    <ele>1871.8</ele>
   </trkpt>
   <trkpt lat="46.2748160" lon="7.5835920">
    <ele>1872.3</ele>
   </trkpt>
   <trkpt lat="46.2748000" lon="7.5836520">
    <ele>1872.7</ele>
   </trkpt>
   <trkpt lat="46.2747830" lon="7.5837120">
    <ele>1873.2</ele>
   </trkpt>
   <trkpt lat="46.2747690" lon="7.5837680">
    <ele>1873.6</ele>
   </trkpt>
   <trkpt lat="46.2747550" lon="7.5838250">
    <ele>1873.9</ele>
   </trkpt>
   <trkpt lat="46.2747420" lon="7.5838750">
    <ele>1874.2</ele>
   </trkpt>
   <trkpt lat="46.2747290" lon="7.5839260">
    <ele>1874.5</ele>
   </trkpt>
   <trkpt lat="46.2747200" lon="7.5839740">
    <ele>1874.7</ele>
   </trkpt>
   <trkpt lat="46.2747100" lon="7.5840230">
    <ele>1874.9</ele>
   </trkpt>
   <trkpt lat="46.2746980" lon="7.5840690">
    <ele>1875.1</ele>
   </trkpt>
   <trkpt lat="46.2746860" lon="7.5841150">
    <ele>1875.3</ele>
   </trkpt>
   <trkpt lat="46.2746680" lon="7.5841580">
    <ele>1875.5</ele>
   </trkpt>
   <trkpt lat="46.2746510" lon="7.5842000">
    <ele>1875.6</ele>
   </trkpt>
   <trkpt lat="46.2746280" lon="7.5842440">
    <ele>1875.7</ele>
   </trkpt>
   <trkpt lat="46.2746060" lon="7.5842870">
    <ele>1875.8</ele>
   </trkpt>
   <trkpt lat="46.2745820" lon="7.5843350">
    <ele>1875.8</ele>
   </trkpt>
   <trkpt lat="46.2745590" lon="7.5843830">
    <ele>1875.8</ele>
   </trkpt>
   <trkpt lat="46.2745370" lon="7.5844370">
    <ele>1875.9</ele>
   </trkpt>
   <trkpt lat="46.2745160" lon="7.5844900">
    <ele>1875.9</ele>
   </trkpt>
   <trkpt lat="46.2744970" lon="7.5845450">
    <ele>1876.0</ele>
   </trkpt>
   <trkpt lat="46.2744790" lon="7.5846000">
    <ele>1876.1</ele>
   </trkpt>
   <trkpt lat="46.2744600" lon="7.5846550">
    <ele>1876.3</ele>
   </trkpt>
   <trkpt lat="46.2744420" lon="7.5847090">
    <ele>1876.4</ele>
   </trkpt>
   <trkpt lat="46.2744260" lon="7.5847620">
    <ele>1876.5</ele>
   </trkpt>
   <trkpt lat="46.2744110" lon="7.5848160">
    <ele>1876.5</ele>
   </trkpt>
   <trkpt lat="46.2744030" lon="7.5848670">
    <ele>1876.6</ele>
   </trkpt>
   <trkpt lat="46.2743960" lon="7.5849190">
    <ele>1876.5</ele>
   </trkpt>
   <trkpt lat="46.2743960" lon="7.5849720">
    <ele>1876.4</ele>
   </trkpt>
   <trkpt lat="46.2743960" lon="7.5850250">
    <ele>1876.2</ele>
   </trkpt>
   <trkpt lat="46.2744010" lon="7.5850800">
    <ele>1876.0</ele>
   </trkpt>
   <trkpt lat="46.2744050" lon="7.5851350">
    <ele>1875.7</ele>
   </trkpt>
   <trkpt lat="46.2744100" lon="7.5851910">
    <ele>1875.4</ele>
   </trkpt>
   <trkpt lat="46.2744140" lon="7.5852460">
    <ele>1875.2</ele>
   </trkpt>
   <trkpt lat="46.2744130" lon="7.5853020">
    <ele>1874.9</ele>
   </trkpt>
   <trkpt lat="46.2744110" lon="7.5853590">
    <ele>1874.7</ele>
   </trkpt>
   <trkpt lat="46.2744050" lon="7.5854150">
    <ele>1874.5</ele>
   </trkpt>
   <trkpt lat="46.2743990" lon="7.5854710">
    <ele>1874.4</ele>
   </trkpt>
   <trkpt lat="46.2743880" lon="7.5855270">
    <ele>1874.2</ele>
   </trkpt>
   <trkpt lat="46.2743770" lon="7.5855820">
    <ele>1874.1</ele>
   </trkpt>
   <trkpt lat="46.2743640" lon="7.5856340">
    <ele>1874.0</ele>
   </trkpt>
   <trkpt lat="46.2743510" lon="7.5856860">
    <ele>1873.9</ele>
   </trkpt>
   <trkpt lat="46.2743390" lon="7.5857320">
    <ele>1873.8</ele>
   </trkpt>
   <trkpt lat="46.2743280" lon="7.5857780">
    <ele>1873.7</ele>
   </trkpt>
   <trkpt lat="46.2743190" lon="7.5858180">
    <ele>1873.7</ele>
   </trkpt>
   <trkpt lat="46.2743100" lon="7.5858580">
    <ele>1873.7</ele>
   </trkpt>
   <trkpt lat="46.2743030" lon="7.5858920">
    <ele>1873.8</ele>
   </trkpt>
   <trkpt lat="46.2742970" lon="7.5859270">
    <ele>1873.9</ele>
   </trkpt>
   <trkpt lat="46.2742920" lon="7.5859570">
    <ele>1873.9</ele>
   </trkpt>
   <trkpt lat="46.2742870" lon="7.5859870">
    <ele>1874.0</ele>
   </trkpt>
   <trkpt lat="46.2742810" lon="7.5860170">
    <ele>1874.1</ele>
   </trkpt>
   <trkpt lat="46.2742760" lon="7.5860470">
    <ele>1874.2</ele>
   </trkpt>
   <trkpt lat="46.2742700" lon="7.5860800">
    <ele>1874.3</ele>
   </trkpt>
   <trkpt lat="46.2742650" lon="7.5861130">
    <ele>1874.6</ele>
   </trkpt>
   <trkpt lat="46.2742650" lon="7.5861490">
    <ele>1874.8</ele>
   </trkpt>
   <trkpt lat="46.2742660" lon="7.5861850">
    <ele>1875.0</ele>
   </trkpt>
   <trkpt lat="46.2742770" lon="7.5862210">
    <ele>1875.3</ele>
   </trkpt>
   <trkpt lat="46.2742880" lon="7.5862570">
    <ele>1875.6</ele>
   </trkpt>
   <trkpt lat="46.2743060" lon="7.5862910">
    <ele>1875.9</ele>
   </trkpt>
   <trkpt lat="46.2743240" lon="7.5863250">
    <ele>1876.3</ele>
   </trkpt>
   <trkpt lat="46.2743480" lon="7.5863560">
    <ele>1876.6</ele>
   </trkpt>
   <trkpt lat="46.2743710" lon="7.5863860">
    <ele>1877.0</ele>
   </trkpt>
   <trkpt lat="46.2743970" lon="7.5864150">
    <ele>1877.4</ele>
   </trkpt>
   <trkpt lat="46.2744230" lon="7.5864440">
    <ele>1877.8</ele>
   </trkpt>
   <trkpt lat="46.2744470" lon="7.5864760">
    <ele>1878.2</ele>
   </trkpt>
   <trkpt lat="46.2744720" lon="7.5865080">
    <ele>1878.6</ele>
   </trkpt>
   <trkpt lat="46.2744930" lon="7.5865410">
    <ele>1878.9</ele>
   </trkpt>
   <trkpt lat="46.2745140" lon="7.5865740">
    <ele>1879.3</ele>
   </trkpt>
   <trkpt lat="46.2745340" lon="7.5866040">
    <ele>1879.7</ele>
   </trkpt>
   <trkpt lat="46.2745530" lon="7.5866330">
    <ele>1880.0</ele>
   </trkpt>
   <trkpt lat="46.2745720" lon="7.5866610">
    <ele>1880.3</ele>
   </trkpt>
   <trkpt lat="46.2745910" lon="7.5866900">
    <ele>1880.6</ele>
   </trkpt>
   <trkpt lat="46.2746120" lon="7.5867200">
    <ele>1881.0</ele>
   </trkpt>
   <trkpt lat="46.2746340" lon="7.5867510">
    <ele>1881.3</ele>
   </trkpt>
   <trkpt lat="46.2746560" lon="7.5867880">
    <ele>1881.6</ele>
   </trkpt>
   <trkpt lat="46.2746780" lon="7.5868240">
    <ele>1882.0</ele>
   </trkpt>
   <trkpt lat="46.2747000" lon="7.5868650">
    <ele>1882.4</ele>
   </trkpt>
   <trkpt lat="46.2747220" lon="7.5869050">
    <ele>1882.8</ele>
   </trkpt>
   <trkpt lat="46.2747430" lon="7.5869440">
    <ele>1883.1</ele>
   </trkpt>
   <trkpt lat="46.2747640" lon="7.5869820">
    <ele>1883.5</ele>
   </trkpt>
   <trkpt lat="46.2747830" lon="7.5870200">
    <ele>1883.9</ele>
   </trkpt>
   <trkpt lat="46.2748020" lon="7.5870590">
    <ele>1884.3</ele>
   </trkpt>
   <trkpt lat="46.2748200" lon="7.5870990">
    <ele>1884.6</ele>
   </trkpt>
   <trkpt lat="46.2748380" lon="7.5871400">
    <ele>1885.0</ele>
   </trkpt>
   <trkpt lat="46.2748530" lon="7.5871810">
    <ele>1885.4</ele>
   </trkpt>
   <trkpt lat="46.2748670" lon="7.5872220">
    <ele>1885.7</ele>
   </trkpt>
   <trkpt lat="46.2748790" lon="7.5872680">
    <ele>1886.1</ele>
   </trkpt>
   <trkpt lat="46.2748910" lon="7.5873140">
    <ele>1886.5</ele>
   </trkpt>
   <trkpt lat="46.2749040" lon="7.5873600">
    <ele>1886.9</ele>
   </trkpt>
   <trkpt lat="46.2749160" lon="7.5874060">
    <ele>1887.2</ele>
   </trkpt>
   <trkpt lat="46.2749210" lon="7.5874560">
    <ele>1887.6</ele>
   </trkpt>
   <trkpt lat="46.2749270" lon="7.5875060">
    <ele>1887.9</ele>
   </trkpt>
   <trkpt lat="46.2749190" lon="7.5875670">
    <ele>1888.4</ele>
   </trkpt>
   <trkpt lat="46.2749120" lon="7.5876280">
    <ele>1888.8</ele>
   </trkpt>
   <trkpt lat="46.2749010" lon="7.5877000">
    <ele>1889.2</ele>
   </trkpt>
   <trkpt lat="46.2748900" lon="7.5877720">
    <ele>1889.7</ele>
   </trkpt>
   <trkpt lat="46.2748890" lon="7.5878390">
    <ele>1890.1</ele>
   </trkpt>
   <trkpt lat="46.2748880" lon="7.5879060">
    <ele>1890.5</ele>
   </trkpt>
   <trkpt lat="46.2748940" lon="7.5879510">
    <ele>1890.7</ele>
   </trkpt>
   <trkpt lat="46.2748990" lon="7.5879970">
    <ele>1891.0</ele>
   </trkpt>
   <trkpt lat="46.2749070" lon="7.5880240">
    <ele>1891.1</ele>
   </trkpt>
   <trkpt lat="46.2749150" lon="7.5880520">
    <ele>1891.3</ele>
   </trkpt>
   <trkpt lat="46.2749210" lon="7.5880820">
    <ele>1891.5</ele>
   </trkpt>
   <trkpt lat="46.2749280" lon="7.5881130">
    <ele>1891.7</ele>
   </trkpt>
   <trkpt lat="46.2749360" lon="7.5881490">
    <ele>1891.9</ele>
   </trkpt>
   <trkpt lat="46.2749440" lon="7.5881840">
    <ele>1892.1</ele>
   </trkpt>
   <trkpt lat="46.2749580" lon="7.5882110">
    <ele>1892.3</ele>
   </trkpt>
   <trkpt lat="46.2749720" lon="7.5882370">
    <ele>1892.5</ele>
   </trkpt>
   <trkpt lat="46.2749950" lon="7.5882440">
    <ele>1892.7</ele>
   </trkpt>
   <trkpt lat="46.2750170" lon="7.5882510">
    <ele>1892.9</ele>
   </trkpt>
   <trkpt lat="46.2750450" lon="7.5882500">
    <ele>1893.2</ele>
   </trkpt>
   <trkpt lat="46.2750720" lon="7.5882490">
    <ele>1893.4</ele>
   </trkpt>
   <trkpt lat="46.2750940" lon="7.5882620">
    <ele>1893.6</ele>
   </trkpt>
   <trkpt lat="46.2751150" lon="7.5882760">
    <ele>1893.8</ele>
   </trkpt>
   <trkpt lat="46.2751250" lon="7.5883070">
    <ele>1894.0</ele>
   </trkpt>
   <trkpt lat="46.2751350" lon="7.5883390">
    <ele>1894.2</ele>
   </trkpt>
   <trkpt lat="46.2751350" lon="7.5883830">
    <ele>1894.5</ele>
   </trkpt>
   <trkpt lat="46.2751340" lon="7.5884270">
    <ele>1894.8</ele>
   </trkpt>
   <trkpt lat="46.2751270" lon="7.5884670">
    <ele>1895.0</ele>
   </trkpt>
   <trkpt lat="46.2751200" lon="7.5885070">
    <ele>1895.2</ele>
   </trkpt>
   <trkpt lat="46.2751100" lon="7.5885400">
    <ele>1895.5</ele>
   </trkpt>
   <trkpt lat="46.2751000" lon="7.5885740">
    <ele>1895.7</ele>
   </trkpt>
   <trkpt lat="46.2750890" lon="7.5886160">
    <ele>1896.0</ele>
   </trkpt>
   <trkpt lat="46.2750780" lon="7.5886570">
    <ele>1896.2</ele>
   </trkpt>
   <trkpt lat="46.2750680" lon="7.5887060">
    <ele>1896.6</ele>
   </trkpt>
   <trkpt lat="46.2750580" lon="7.5887540">
    <ele>1896.9</ele>
   </trkpt>
   <trkpt lat="46.2750500" lon="7.5888110">
    <ele>1897.2</ele>
   </trkpt>
   <trkpt lat="46.2750410" lon="7.5888690">
    <ele>1897.6</ele>
   </trkpt>
   <trkpt lat="46.2750380" lon="7.5889330">
    <ele>1898.0</ele>
   </trkpt>
   <trkpt lat="46.2750340" lon="7.5889970">
    <ele>1898.4</ele>
   </trkpt>
   <trkpt lat="46.2750430" lon="7.5890560">
    <ele>1898.8</ele>
   </trkpt>
   <trkpt lat="46.2750510" lon="7.5891150">
    <ele>1899.1</ele>
   </trkpt>
   <trkpt lat="46.2750690" lon="7.5891690">
    <ele>1899.5</ele>
   </trkpt>
   <trkpt lat="46.2750860" lon="7.5892240">
    <ele>1899.9</ele>
   </trkpt>
   <trkpt lat="46.2751040" lon="7.5892780">
    <ele>1900.2</ele>
   </trkpt>
   <trkpt lat="46.2751220" lon="7.5893320">
    <ele>1900.6</ele>
   </trkpt>
   <trkpt lat="46.2751380" lon="7.5893850">
    <ele>1901.0</ele>
   </trkpt>
   <trkpt lat="46.2751530" lon="7.5894380">
    <ele>1901.4</ele>
   </trkpt>
   <trkpt lat="46.2751620" lon="7.5894910">
    <ele>1901.8</ele>
   </trkpt>
   <trkpt lat="46.2751710" lon="7.5895440">
    <ele>1902.1</ele>
   </trkpt>
   <trkpt lat="46.2751770" lon="7.5895940">
    <ele>1902.4</ele>
   </trkpt>
   <trkpt lat="46.2751840" lon="7.5896440">
    <ele>1902.8</ele>
   </trkpt>
   <trkpt lat="46.2751960" lon="7.5896870">
    <ele>1903.1</ele>
   </trkpt>
   <trkpt lat="46.2752070" lon="7.5897310">
    <ele>1903.5</ele>
   </trkpt>
   <trkpt lat="46.2752270" lon="7.5897690">
    <ele>1903.8</ele>
   </trkpt>
   <trkpt lat="46.2752460" lon="7.5898080">
    <ele>1904.2</ele>
   </trkpt>
   <trkpt lat="46.2752670" lon="7.5898450">
    <ele>1904.5</ele>
   </trkpt>
   <trkpt lat="46.2752890" lon="7.5898830">
    <ele>1904.9</ele>
   </trkpt>
   <trkpt lat="46.2753090" lon="7.5899240">
    <ele>1905.3</ele>
   </trkpt>
   <trkpt lat="46.2753300" lon="7.5899660">
    <ele>1905.7</ele>
   </trkpt>
   <trkpt lat="46.2753500" lon="7.5900100">
    <ele>1906.1</ele>
   </trkpt>
   <trkpt lat="46.2753700" lon="7.5900540">
    <ele>1906.4</ele>
   </trkpt>
   <trkpt lat="46.2753910" lon="7.5900970">
    <ele>1906.8</ele>
   </trkpt>
   <trkpt lat="46.2754110" lon="7.5901400">
    <ele>1907.1</ele>
   </trkpt>
   <trkpt lat="46.2754320" lon="7.5901800">
    <ele>1907.5</ele>
   </trkpt>
   <trkpt lat="46.2754530" lon="7.5902200">
    <ele>1907.8</ele>
   </trkpt>
   <trkpt lat="46.2754750" lon="7.5902610">
    <ele>1908.1</ele>
   </trkpt>
   <trkpt lat="46.2754970" lon="7.5903020">
    <ele>1908.5</ele>
   </trkpt>
   <trkpt lat="46.2755170" lon="7.5903400">
    <ele>1908.9</ele>
   </trkpt>
   <trkpt lat="46.2755380" lon="7.5903790">
    <ele>1909.3</ele>
   </trkpt>
   <trkpt lat="46.2755540" lon="7.5904110">
    <ele>1909.6</ele>
   </trkpt>
   <trkpt lat="46.2755700" lon="7.5904420">
    <ele>1909.9</ele>
   </trkpt>
   <trkpt lat="46.2755790" lon="7.5904700">
    <ele>1910.2</ele>
   </trkpt>
   <trkpt lat="46.2755880" lon="7.5904970">
    <ele>1910.4</ele>
   </trkpt>
   <trkpt lat="46.2756030" lon="7.5905230">
    <ele>1910.7</ele>
   </trkpt>
   <trkpt lat="46.2756170" lon="7.5905490">
    <ele>1911.0</ele>
   </trkpt>
   <trkpt lat="46.2756350" lon="7.5905710">
    <ele>1911.3</ele>
   </trkpt>
   <trkpt lat="46.2756540" lon="7.5905930">
    <ele>1911.7</ele>
   </trkpt>
   <trkpt lat="46.2756720" lon="7.5906150">
    <ele>1912.0</ele>
   </trkpt>
   <trkpt lat="46.2756870" lon="7.5906390">
    <ele>1912.2</ele>
   </trkpt>
   <trkpt lat="46.2757010" lon="7.5906640">
    <ele>1912.5</ele>
   </trkpt>
   <trkpt lat="46.2757090" lon="7.5906920">
    <ele>1912.8</ele>
   </trkpt>
   <trkpt lat="46.2757160" lon="7.5907190">
    <ele>1913.0</ele>
   </trkpt>
   <trkpt lat="46.2757250" lon="7.5907690">
    <ele>1913.4</ele>
   </trkpt>
   <trkpt lat="46.2757260" lon="7.5907920">
    <ele>1913.6</ele>
   </trkpt>
   <trkpt lat="46.2757280" lon="7.5908150">
    <ele>1913.8</ele>
   </trkpt>
   <trkpt lat="46.2757300" lon="7.5908490">
    <ele>1914.1</ele>
   </trkpt>
   <trkpt lat="46.2757240" lon="7.5909120">
    <ele>1914.6</ele>
   </trkpt>
   <trkpt lat="46.2757180" lon="7.5909760">
    <ele>1915.1</ele>
   </trkpt>
   <trkpt lat="46.2757130" lon="7.5910390">
    <ele>1915.6</ele>
   </trkpt>
   <trkpt lat="46.2756950" lon="7.5910740">
    <ele>1916.0</ele>
   </trkpt>
   <trkpt lat="46.2756770" lon="7.5911080">
    <ele>1916.3</ele>
   </trkpt>
   <trkpt lat="46.2756520" lon="7.5911270">
    <ele>1916.7</ele>
   </trkpt>
   <trkpt lat="46.2756260" lon="7.5911460">
    <ele>1917.0</ele>
   </trkpt>
   <trkpt lat="46.2755960" lon="7.5911650">
    <ele>1917.4</ele>
   </trkpt>
   <trkpt lat="46.2755660" lon="7.5911830">
    <ele>1917.8</ele>
   </trkpt>
   <trkpt lat="46.2755370" lon="7.5912030">
    <ele>1918.2</ele>
   </trkpt>
   <trkpt lat="46.2755080" lon="7.5912240">
    <ele>1918.6</ele>
   </trkpt>
   <trkpt lat="46.2754850" lon="7.5912430">
    <ele>1918.9</ele>
   </trkpt>
   <trkpt lat="46.2754620" lon="7.5912630">
    <ele>1919.2</ele>
   </trkpt>
   <trkpt lat="46.2754400" lon="7.5912910">
    <ele>1919.6</ele>
   </trkpt>
   <trkpt lat="46.2754170" lon="7.5913190">
    <ele>1919.9</ele>
   </trkpt>
   <trkpt lat="46.2753900" lon="7.5913590">
    <ele>1920.4</ele>
   </trkpt>
   <trkpt lat="46.2753640" lon="7.5913990">
    <ele>1920.8</ele>
   </trkpt>
   <trkpt lat="46.2753370" lon="7.5914500">
    <ele>1921.3</ele>
   </trkpt>
   <trkpt lat="46.2753110" lon="7.5915010">
    <ele>1921.8</ele>
   </trkpt>
   <trkpt lat="46.2752870" lon="7.5915560">
    <ele>1922.3</ele>
   </trkpt>
   <trkpt lat="46.2752630" lon="7.5916120">
    <ele>1922.8</ele>
   </trkpt>
   <trkpt lat="46.2752440" lon="7.5916640">
    <ele>1923.2</ele>
   </trkpt>
   <trkpt lat="46.2752250" lon="7.5917170">
    <ele>1923.7</ele>
   </trkpt>
   <trkpt lat="46.2752110" lon="7.5917560">
    <ele>1924.0</ele>
   </trkpt>
   <trkpt lat="46.2751980" lon="7.5917950">
    <ele>1924.3</ele>
   </trkpt>
   <trkpt lat="46.2751880" lon="7.5918280">
    <ele>1924.6</ele>
   </trkpt>
   <trkpt lat="46.2751780" lon="7.5918610">
    <ele>1924.9</ele>
   </trkpt>
   <trkpt lat="46.2751680" lon="7.5919000">
    <ele>1925.2</ele>
   </trkpt>
   <trkpt lat="46.2751580" lon="7.5919380">
    <ele>1925.5</ele>
   </trkpt>
   <trkpt lat="46.2751470" lon="7.5919810">
    <ele>1925.8</ele>
   </trkpt>
   <trkpt lat="46.2751350" lon="7.5920240">
    <ele>1926.2</ele>
   </trkpt>
   <trkpt lat="46.2751210" lon="7.5920700">
    <ele>1926.5</ele>
   </trkpt>
   <trkpt lat="46.2751060" lon="7.5921170">
    <ele>1926.9</ele>
   </trkpt>
   <trkpt lat="46.2750870" lon="7.5921640">
    <ele>1927.2</ele>
   </trkpt>
   <trkpt lat="46.2750680" lon="7.5922100">
    <ele>1927.6</ele>
   </trkpt>
   <trkpt lat="46.2750440" lon="7.5922530">
    <ele>1928.0</ele>
   </trkpt>
   <trkpt lat="46.2750210" lon="7.5922960">
    <ele>1928.4</ele>
   </trkpt>
   <trkpt lat="46.2749990" lon="7.5923320">
    <ele>1928.7</ele>
   </trkpt>
   <trkpt lat="46.2749770" lon="7.5923680">
    <ele>1929.0</ele>
   </trkpt>
   <trkpt lat="46.2749580" lon="7.5924050">
    <ele>1929.4</ele>
   </trkpt>
   <trkpt lat="46.2749380" lon="7.5924410">
    <ele>1929.7</ele>
   </trkpt>
   <trkpt lat="46.2749290" lon="7.5924820">
    <ele>1930.0</ele>
   </trkpt>
   <trkpt lat="46.2749200" lon="7.5925230">
    <ele>1930.2</ele>
   </trkpt>
   <trkpt lat="46.2749270" lon="7.5925670">
    <ele>1930.5</ele>
   </trkpt>
   <trkpt lat="46.2749340" lon="7.5926100">
    <ele>1930.7</ele>
   </trkpt>
   <trkpt lat="46.2749530" lon="7.5926540">
    <ele>1931.0</ele>
   </trkpt>
   <trkpt lat="46.2749710" lon="7.5926980">
    <ele>1931.2</ele>
   </trkpt>
   <trkpt lat="46.2749970" lon="7.5927410">
    <ele>1931.4</ele>
   </trkpt>
   <trkpt lat="46.2750230" lon="7.5927850">
    <ele>1931.6</ele>
   </trkpt>
   <trkpt lat="46.2750470" lon="7.5928290">
    <ele>1931.8</ele>
   </trkpt>
   <trkpt lat="46.2750710" lon="7.5928730">
    <ele>1932.0</ele>
   </trkpt>
   <trkpt lat="46.2750850" lon="7.5929210">
    <ele>1932.2</ele>
   </trkpt>
   <trkpt lat="46.2750980" lon="7.5929680">
    <ele>1932.3</ele>
   </trkpt>
   <trkpt lat="46.2750950" lon="7.5930130">
    <ele>1932.4</ele>
   </trkpt>
   <trkpt lat="46.2750910" lon="7.5930580">
    <ele>1932.6</ele>
   </trkpt>
   <trkpt lat="46.2750680" lon="7.5930920">
    <ele>1932.7</ele>
   </trkpt>
   <trkpt lat="46.2750450" lon="7.5931260">
    <ele>1932.9</ele>
   </trkpt>
   <trkpt lat="46.2750100" lon="7.5931500">
    <ele>1933.0</ele>
   </trkpt>
   <trkpt lat="46.2749760" lon="7.5931740">
    <ele>1933.2</ele>
   </trkpt>
   <trkpt lat="46.2749350" lon="7.5931840">
    <ele>1933.4</ele>
   </trkpt>
   <trkpt lat="46.2748950" lon="7.5931950">
    <ele>1933.6</ele>
   </trkpt>
   <trkpt lat="46.2748500" lon="7.5931960">
    <ele>1933.8</ele>
   </trkpt>
   <trkpt lat="46.2748050" lon="7.5931970">
    <ele>1934.0</ele>
   </trkpt>
   <trkpt lat="46.2747610" lon="7.5931960">
    <ele>1934.1</ele>
   </trkpt>
   <trkpt lat="46.2747170" lon="7.5931960">
    <ele>1934.2</ele>
   </trkpt>
   <trkpt lat="46.2746750" lon="7.5931910">
    <ele>1934.3</ele>
   </trkpt>
   <trkpt lat="46.2746330" lon="7.5931860">
    <ele>1934.4</ele>
   </trkpt>
   <trkpt lat="46.2745940" lon="7.5931790">
    <ele>1934.5</ele>
   </trkpt>
   <trkpt lat="46.2745540" lon="7.5931730">
    <ele>1934.6</ele>
   </trkpt>
   <trkpt lat="46.2745170" lon="7.5931720">
    <ele>1934.7</ele>
   </trkpt>
   <trkpt lat="46.2744800" lon="7.5931700">
    <ele>1934.9</ele>
   </trkpt>
   <trkpt lat="46.2744450" lon="7.5931820">
    <ele>1935.1</ele>
   </trkpt>
   <trkpt lat="46.2744100" lon="7.5931930">
    <ele>1935.3</ele>
   </trkpt>
   <trkpt lat="46.2743830" lon="7.5932210">
    <ele>1935.5</ele>
   </trkpt>
   <trkpt lat="46.2743570" lon="7.5932500">
    <ele>1935.7</ele>
   </trkpt>
   <trkpt lat="46.2743460" lon="7.5932980">
    <ele>1935.9</ele>
   </trkpt>
   <trkpt lat="46.2743350" lon="7.5933460">
    <ele>1936.0</ele>
   </trkpt>
   <trkpt lat="46.2743360" lon="7.5934060">
    <ele>1936.2</ele>
   </trkpt>
   <trkpt lat="46.2743380" lon="7.5934650">
    <ele>1936.3</ele>
   </trkpt>
   <trkpt lat="46.2743470" lon="7.5935310">
    <ele>1936.4</ele>
   </trkpt>
   <trkpt lat="46.2743560" lon="7.5935970">
    <ele>1936.6</ele>
   </trkpt>
   <trkpt lat="46.2743630" lon="7.5936640">
    <ele>1936.7</ele>
   </trkpt>
   <trkpt lat="46.2743690" lon="7.5937300">
    <ele>1936.8</ele>
   </trkpt>
   <trkpt lat="46.2743660" lon="7.5937910">
    <ele>1937.0</ele>
   </trkpt>
   <trkpt lat="46.2743630" lon="7.5938530">
    <ele>1937.1</ele>
   </trkpt>
   <trkpt lat="46.2743520" lon="7.5939100">
    <ele>1937.3</ele>
   </trkpt>
   <trkpt lat="46.2743410" lon="7.5939680">
    <ele>1937.4</ele>
   </trkpt>
   <trkpt lat="46.2743290" lon="7.5940240">
    <ele>1937.6</ele>
   </trkpt>
   <trkpt lat="46.2743160" lon="7.5940800">
    <ele>1937.7</ele>
   </trkpt>
   <trkpt lat="46.2743070" lon="7.5941400">
    <ele>1937.8</ele>
   </trkpt>
   <trkpt lat="46.2742980" lon="7.5942010">
    <ele>1937.9</ele>
   </trkpt>
   <trkpt lat="46.2742930" lon="7.5942630">
    <ele>1938.1</ele>
   </trkpt>
   <trkpt lat="46.2742880" lon="7.5943240">
    <ele>1938.2</ele>
   </trkpt>
   <trkpt lat="46.2742820" lon="7.5943860">
    <ele>1938.3</ele>
   </trkpt>
   <trkpt lat="46.2742770" lon="7.5944470">
    <ele>1938.4</ele>
   </trkpt>
   <trkpt lat="46.2742680" lon="7.5945070">
    <ele>1938.5</ele>
   </trkpt>
   <trkpt lat="46.2742600" lon="7.5945680">
    <ele>1938.6</ele>
   </trkpt>
   <trkpt lat="46.2742470" lon="7.5946270">
    <ele>1938.7</ele>
   </trkpt>
   <trkpt lat="46.2742340" lon="7.5946860">
    <ele>1938.8</ele>
   </trkpt>
   <trkpt lat="46.2742120" lon="7.5947290">
    <ele>1938.8</ele>
   </trkpt>
   <trkpt lat="46.2741910" lon="7.5947720">
    <ele>1938.9</ele>
   </trkpt>
   <trkpt lat="46.2741600" lon="7.5947930">
    <ele>1939.0</ele>
   </trkpt>
   <trkpt lat="46.2741280" lon="7.5948140">
    <ele>1939.0</ele>
   </trkpt>
   <trkpt lat="46.2740920" lon="7.5948170">
    <ele>1939.1</ele>
   </trkpt>
   <trkpt lat="46.2740550" lon="7.5948190">
    <ele>1939.2</ele>
   </trkpt>
   <trkpt lat="46.2740180" lon="7.5948150">
    <ele>1939.2</ele>
   </trkpt>
   <trkpt lat="46.2739800" lon="7.5948110">
    <ele>1939.3</ele>
   </trkpt>
   <trkpt lat="46.2739450" lon="7.5948150">
    <ele>1939.4</ele>
   </trkpt>
   <trkpt lat="46.2739100" lon="7.5948180">
    <ele>1939.5</ele>
   </trkpt>
   <trkpt lat="46.2738830" lon="7.5948410">
    <ele>1939.6</ele>
   </trkpt>
   <trkpt lat="46.2738570" lon="7.5948640">
    <ele>1939.7</ele>
   </trkpt>
   <trkpt lat="46.2738390" lon="7.5949050">
    <ele>1939.7</ele>
   </trkpt>
   <trkpt lat="46.2738210" lon="7.5949470">
    <ele>1939.8</ele>
   </trkpt>
   <trkpt lat="46.2738080" lon="7.5949990">
    <ele>1939.9</ele>
   </trkpt>
   <trkpt lat="46.2737950" lon="7.5950520">
    <ele>1940.0</ele>
   </trkpt>
   <trkpt lat="46.2737860" lon="7.5951050">
    <ele>1940.0</ele>
   </trkpt>
   <trkpt lat="46.2737770" lon="7.5951580">
    <ele>1940.1</ele>
   </trkpt>
   <trkpt lat="46.2737710" lon="7.5952140">
    <ele>1940.1</ele>
   </trkpt>
   <trkpt lat="46.2737650" lon="7.5952710">
    <ele>1940.2</ele>
   </trkpt>
   <trkpt lat="46.2737590" lon="7.5953300">
    <ele>1940.2</ele>
   </trkpt>
   <trkpt lat="46.2737540" lon="7.5953890">
    <ele>1940.3</ele>
   </trkpt>
   <trkpt lat="46.2737420" lon="7.5954370">
    <ele>1940.4</ele>
   </trkpt>
   <trkpt lat="46.2737310" lon="7.5954850">
    <ele>1940.4</ele>
   </trkpt>
   <trkpt lat="46.2737050" lon="7.5955090">
    <ele>1940.5</ele>
   </trkpt>
   <trkpt lat="46.2736800" lon="7.5955330">
    <ele>1940.5</ele>
   </trkpt>
   <trkpt lat="46.2736460" lon="7.5955380">
    <ele>1940.5</ele>
   </trkpt>
   <trkpt lat="46.2736130" lon="7.5955420">
    <ele>1940.6</ele>
   </trkpt>
   <trkpt lat="46.2735800" lon="7.5955450">
    <ele>1940.7</ele>
   </trkpt>
   <trkpt lat="46.2735470" lon="7.5955470">
    <ele>1940.7</ele>
   </trkpt>
   <trkpt lat="46.2735170" lon="7.5955560">
    <ele>1940.8</ele>
   </trkpt>
   <trkpt lat="46.2734880" lon="7.5955640">
    <ele>1940.8</ele>
   </trkpt>
   <trkpt lat="46.2734570" lon="7.5955800">
    <ele>1940.9</ele>
   </trkpt>
   <trkpt lat="46.2734270" lon="7.5955960">
    <ele>1940.9</ele>
   </trkpt>
   <trkpt lat="46.2733920" lon="7.5956170">
    <ele>1941.0</ele>
   </trkpt>
   <trkpt lat="46.2733570" lon="7.5956390">
    <ele>1941.1</ele>
   </trkpt>
   <trkpt lat="46.2733170" lon="7.5956570">
    <ele>1941.1</ele>
   </trkpt>
   <trkpt lat="46.2732770" lon="7.5956750">
    <ele>1941.2</ele>
   </trkpt>
   <trkpt lat="46.2732350" lon="7.5956820">
    <ele>1941.3</ele>
   </trkpt>
   <trkpt lat="46.2731930" lon="7.5956890">
    <ele>1941.3</ele>
   </trkpt>
   <trkpt lat="46.2731570" lon="7.5957000">
    <ele>1941.4</ele>
   </trkpt>
   <trkpt lat="46.2731220" lon="7.5957120">
    <ele>1941.4</ele>
   </trkpt>
   <trkpt lat="46.2730960" lon="7.5957410">
    <ele>1941.5</ele>
   </trkpt>
   <trkpt lat="46.2730710" lon="7.5957700">
    <ele>1941.5</ele>
   </trkpt>
   <trkpt lat="46.2730550" lon="7.5958200">
    <ele>1941.6</ele>
   </trkpt>
   <trkpt lat="46.2730390" lon="7.5958700">
    <ele>1941.6</ele>
   </trkpt>
   <trkpt lat="46.2730290" lon="7.5959390">
    <ele>1941.7</ele>
   </trkpt>
   <trkpt lat="46.2730180" lon="7.5960080">
    <ele>1941.7</ele>
   </trkpt>
   <trkpt lat="46.2730110" lon="7.5960870">
    <ele>1941.8</ele>
   </trkpt>
   <trkpt lat="46.2730030" lon="7.5961660">
    <ele>1941.9</ele>
   </trkpt>
   <trkpt lat="46.2729920" lon="7.5962350">
    <ele>1942.0</ele>
   </trkpt>
   <trkpt lat="46.2729810" lon="7.5963040">
    <ele>1942.1</ele>
   </trkpt>
   <trkpt lat="46.2729680" lon="7.5963620">
    <ele>1942.1</ele>
   </trkpt>
   <trkpt lat="46.2729550" lon="7.5964200">
    <ele>1942.2</ele>
   </trkpt>
   <trkpt lat="46.2729420" lon="7.5964750">
    <ele>1942.3</ele>
   </trkpt>
   <trkpt lat="46.2729280" lon="7.5965310">
    <ele>1942.3</ele>
   </trkpt>
   <trkpt lat="46.2729080" lon="7.5965850">
    <ele>1942.4</ele>
   </trkpt>
   <trkpt lat="46.2728880" lon="7.5966390">
    <ele>1942.5</ele>
   </trkpt>
   <trkpt lat="46.2728620" lon="7.5966850">
    <ele>1942.5</ele>
   </trkpt>
   <trkpt lat="46.2728360" lon="7.5967300">
    <ele>1942.6</ele>
   </trkpt>
   <trkpt lat="46.2728170" lon="7.5967710">
    <ele>1942.6</ele>
   </trkpt>
   <trkpt lat="46.2727970" lon="7.5968120">
    <ele>1942.6</ele>
   </trkpt>
   <trkpt lat="46.2727860" lon="7.5968520">
    <ele>1942.6</ele>
   </trkpt>
   <trkpt lat="46.2727740" lon="7.5968920">
    <ele>1942.7</ele>
   </trkpt>
   <trkpt lat="46.2727650" lon="7.5969310">
    <ele>1942.7</ele>
   </trkpt>
   <trkpt lat="46.2727560" lon="7.5969700">
    <ele>1942.7</ele>
   </trkpt>
   <trkpt lat="46.2727500" lon="7.5970110">
    <ele>1942.7</ele>
   </trkpt>
   <trkpt lat="46.2727430" lon="7.5970510">
    <ele>1942.7</ele>
   </trkpt>
   <trkpt lat="46.2727330" lon="7.5970960">
    <ele>1942.7</ele>
   </trkpt>
   <trkpt lat="46.2727240" lon="7.5971400">
    <ele>1942.7</ele>
   </trkpt>
   <trkpt lat="46.2727070" lon="7.5971790">
    <ele>1942.8</ele>
   </trkpt>
   <trkpt lat="46.2726900" lon="7.5972180">
    <ele>1942.8</ele>
   </trkpt>
   <trkpt lat="46.2726700" lon="7.5972570">
    <ele>1942.8</ele>
   </trkpt>
   <trkpt lat="46.2726500" lon="7.5972960">
    <ele>1942.9</ele>
   </trkpt>
   <trkpt lat="46.2726370" lon="7.5973460">
    <ele>1942.9</ele>
   </trkpt>
   <trkpt lat="46.2726250" lon="7.5973950">
    <ele>1943.0</ele>
   </trkpt>
   <trkpt lat="46.2726090" lon="7.5974490">
    <ele>1943.0</ele>
   </trkpt>
   <trkpt lat="46.2725940" lon="7.5975020">
    <ele>1943.1</ele>
   </trkpt>
   <trkpt lat="46.2725620" lon="7.5975370">
    <ele>1943.1</ele>
   </trkpt>
   <trkpt lat="46.2725300" lon="7.5975720">
    <ele>1943.2</ele>
   </trkpt>
   <trkpt lat="46.2724930" lon="7.5975810">
    <ele>1943.2</ele>
   </trkpt>
   <trkpt lat="46.2724550" lon="7.5975900">
    <ele>1943.3</ele>
   </trkpt>
   <trkpt lat="46.2724180" lon="7.5975990">
    <ele>1943.4</ele>
   </trkpt>
   <trkpt lat="46.2723670" lon="7.5976070">
    <ele>1943.4</ele>
   </trkpt>
   <trkpt lat="46.2723150" lon="7.5976150">
    <ele>1943.5</ele>
   </trkpt>
   <trkpt lat="46.2722730" lon="7.5976260">
    <ele>1943.6</ele>
   </trkpt>
   <trkpt lat="46.2722320" lon="7.5976380">
    <ele>1943.7</ele>
   </trkpt>
   <trkpt lat="46.2722080" lon="7.5976620">
    <ele>1943.8</ele>
   </trkpt>
   <trkpt lat="46.2721840" lon="7.5976870">
    <ele>1944.0</ele>
   </trkpt>
   <trkpt lat="46.2721690" lon="7.5977080">
    <ele>1944.1</ele>
   </trkpt>
   <trkpt lat="46.2721550" lon="7.5977280">
    <ele>1944.2</ele>
   </trkpt>
   <trkpt lat="46.2721430" lon="7.5977370">
    <ele>1944.3</ele>
   </trkpt>
   <trkpt lat="46.2721310" lon="7.5977470">
    <ele>1944.4</ele>
   </trkpt>
   <trkpt lat="46.2721250" lon="7.5977470">
    <ele>1944.5</ele>
   </trkpt>
   <trkpt lat="46.2721190" lon="7.5977460">
    <ele>1944.5</ele>
   </trkpt>
   <trkpt lat="46.2721080" lon="7.5977390">
    <ele>1944.6</ele>
   </trkpt>
   <trkpt lat="46.2720970" lon="7.5977320">
    <ele>1944.7</ele>
   </trkpt>
   <trkpt lat="46.2720780" lon="7.5977230">
    <ele>1944.9</ele>
   </trkpt>
   <trkpt lat="46.2720600" lon="7.5977130">
    <ele>1945.1</ele>
   </trkpt>
   <trkpt lat="46.2720380" lon="7.5977050">
    <ele>1945.4</ele>
   </trkpt>
   <trkpt lat="46.2720170" lon="7.5976970">
    <ele>1945.6</ele>
   </trkpt>
   <trkpt lat="46.2719930" lon="7.5976930">
    <ele>1945.9</ele>
   </trkpt>
   <trkpt lat="46.2719690" lon="7.5976880">
    <ele>1946.2</ele>
   </trkpt>
   <trkpt lat="46.2719560" lon="7.5976880">
    <ele>1946.4</ele>
   </trkpt>
   <trkpt lat="46.2719420" lon="7.5976890">
    <ele>1946.6</ele>
   </trkpt>
   <trkpt lat="46.2719280" lon="7.5976890">
    <ele>1946.7</ele>
   </trkpt>
   <trkpt lat="46.2719150" lon="7.5976900">
    <ele>1946.9</ele>
   </trkpt>
   <trkpt lat="46.2719020" lon="7.5976950">
    <ele>1947.1</ele>
   </trkpt>
   <trkpt lat="46.2718880" lon="7.5976990">
    <ele>1947.3</ele>
   </trkpt>
   <trkpt lat="46.2718800" lon="7.5977080">
    <ele>1947.4</ele>
   </trkpt>
   <trkpt lat="46.2718720" lon="7.5977170">
    <ele>1947.6</ele>
   </trkpt>
   <trkpt lat="46.2718580" lon="7.5977270">
    <ele>1947.8</ele>
   </trkpt>
   <trkpt lat="46.2718450" lon="7.5977370">
    <ele>1948.0</ele>
   </trkpt>
   <trkpt lat="46.2718210" lon="7.5977380">
    <ele>1948.3</ele>
   </trkpt>
   <trkpt lat="46.2718110" lon="7.5977380">
    <ele>1948.5</ele>
   </trkpt>
   <trkpt lat="46.2718020" lon="7.5977380">
    <ele>1948.6</ele>
   </trkpt>
   <trkpt lat="46.2717880" lon="7.5977390">
    <ele>1948.8</ele>
   </trkpt>
   <trkpt lat="46.2717560" lon="7.5977230">
    <ele>1949.3</ele>
   </trkpt>
   <trkpt lat="46.2717240" lon="7.5977080">
    <ele>1949.8</ele>
   </trkpt>
   <trkpt lat="46.2716930" lon="7.5976920">
    <ele>1950.3</ele>
   </trkpt>
   <trkpt lat="46.2716610" lon="7.5976680">
    <ele>1950.8</ele>
   </trkpt>
   <trkpt lat="46.2716300" lon="7.5976430">
    <ele>1951.2</ele>
   </trkpt>
   <trkpt lat="46.2715980" lon="7.5976180">
    <ele>1951.8</ele>
   </trkpt>
   <trkpt lat="46.2715660" lon="7.5975920">
    <ele>1952.3</ele>
   </trkpt>
   <trkpt lat="46.2715290" lon="7.5975670">
    <ele>1952.9</ele>
   </trkpt>
   <trkpt lat="46.2714920" lon="7.5975420">
    <ele>1953.5</ele>
   </trkpt>
   <trkpt lat="46.2714580" lon="7.5975200">
    <ele>1954.1</ele>
   </trkpt>
   <trkpt lat="46.2714240" lon="7.5974980">
    <ele>1954.7</ele>
   </trkpt>
   <trkpt lat="46.2713950" lon="7.5974820">
    <ele>1955.1</ele>
   </trkpt>
   <trkpt lat="46.2713660" lon="7.5974650">
    <ele>1955.6</ele>
   </trkpt>
   <trkpt lat="46.2713290" lon="7.5974500">
    <ele>1956.2</ele>
   </trkpt>
   <trkpt lat="46.2712910" lon="7.5974340">
    <ele>1956.8</ele>
   </trkpt>
   <trkpt lat="46.2712510" lon="7.5974140">
    <ele>1957.4</ele>
   </trkpt>
   <trkpt lat="46.2712110" lon="7.5973950">
    <ele>1958.1</ele>
   </trkpt>
   <trkpt lat="46.2711770" lon="7.5973770">
    <ele>1958.7</ele>
   </trkpt>
   <trkpt lat="46.2711420" lon="7.5973600">
    <ele>1959.2</ele>
   </trkpt>
   <trkpt lat="46.2711110" lon="7.5973480">
    <ele>1959.8</ele>
   </trkpt>
   <trkpt lat="46.2710800" lon="7.5973360">
    <ele>1960.3</ele>
   </trkpt>
   <trkpt lat="46.2710480" lon="7.5973280">
    <ele>1960.8</ele>
   </trkpt>
   <trkpt lat="46.2710170" lon="7.5973210">
    <ele>1961.3</ele>
   </trkpt>
   <trkpt lat="46.2709790" lon="7.5973180">
    <ele>1961.9</ele>
   </trkpt>
   <trkpt lat="46.2709410" lon="7.5973160">
    <ele>1962.5</ele>
   </trkpt>
   <trkpt lat="46.2709030" lon="7.5973190">
    <ele>1963.1</ele>
   </trkpt>
   <trkpt lat="46.2708640" lon="7.5973220">
    <ele>1963.8</ele>
   </trkpt>
   <trkpt lat="46.2708290" lon="7.5973270">
    <ele>1964.3</ele>
   </trkpt>
   <trkpt lat="46.2707930" lon="7.5973310">
    <ele>1964.9</ele>
   </trkpt>
   <trkpt lat="46.2707570" lon="7.5973310">
    <ele>1965.5</ele>
   </trkpt>
   <trkpt lat="46.2707210" lon="7.5973310">
    <ele>1966.1</ele>
   </trkpt>
   <trkpt lat="46.2706840" lon="7.5973250">
    <ele>1966.7</ele>
   </trkpt>
   <trkpt lat="46.2706470" lon="7.5973200">
    <ele>1967.4</ele>
   </trkpt>
   <trkpt lat="46.2706150" lon="7.5973100">
    <ele>1968.0</ele>
   </trkpt>
   <trkpt lat="46.2705820" lon="7.5973000">
    <ele>1968.6</ele>
   </trkpt>
   <trkpt lat="46.2705510" lon="7.5972810">
    <ele>1969.2</ele>
   </trkpt>
   <trkpt lat="46.2705200" lon="7.5972630">
    <ele>1969.9</ele>
   </trkpt>
   <trkpt lat="46.2704910" lon="7.5972370">
    <ele>1970.6</ele>
   </trkpt>
   <trkpt lat="46.2704620" lon="7.5972110">
    <ele>1971.3</ele>
   </trkpt>
   <trkpt lat="46.2704380" lon="7.5971800">
    <ele>1971.9</ele>
   </trkpt>
   <trkpt lat="46.2704140" lon="7.5971500">
    <ele>1972.6</ele>
   </trkpt>
   <trkpt lat="46.2703940" lon="7.5971250">
    <ele>1973.1</ele>
   </trkpt>
   <trkpt lat="46.2703730" lon="7.5971000">
    <ele>1973.7</ele>
   </trkpt>
   <trkpt lat="46.2703520" lon="7.5970790">
    <ele>1974.2</ele>
   </trkpt>
   <trkpt lat="46.2703300" lon="7.5970590">
    <ele>1974.7</ele>
   </trkpt>
   <trkpt lat="46.2703060" lon="7.5970470">
    <ele>1975.2</ele>
   </trkpt>
   <trkpt lat="46.2702830" lon="7.5970350">
    <ele>1975.7</ele>
   </trkpt>
   <trkpt lat="46.2702560" lon="7.5970270">
    <ele>1976.3</ele>
   </trkpt>
   <trkpt lat="46.2702300" lon="7.5970190">
    <ele>1976.8</ele>
   </trkpt>
   <trkpt lat="46.2702020" lon="7.5970120">
    <ele>1977.3</ele>
   </trkpt>
   <trkpt lat="46.2701730" lon="7.5970050">
    <ele>1977.9</ele>
   </trkpt>
   <trkpt lat="46.2701460" lon="7.5970000">
    <ele>1978.5</ele>
   </trkpt>
   <trkpt lat="46.2701190" lon="7.5969950">
    <ele>1979.0</ele>
   </trkpt>
   <trkpt lat="46.2700910" lon="7.5969900">
    <ele>1979.5</ele>
   </trkpt>
   <trkpt lat="46.2700630" lon="7.5969860">
    <ele>1980.1</ele>
   </trkpt>
   <trkpt lat="46.2700380" lon="7.5969770">
    <ele>1980.5</ele>
   </trkpt>
   <trkpt lat="46.2700130" lon="7.5969670">
    <ele>1981.0</ele>
   </trkpt>
   <trkpt lat="46.2699890" lon="7.5969570">
    <ele>1981.5</ele>
   </trkpt>
   <trkpt lat="46.2699650" lon="7.5969460">
    <ele>1982.0</ele>
   </trkpt>
   <trkpt lat="46.2699430" lon="7.5969440">
    <ele>1982.4</ele>
   </trkpt>
   <trkpt lat="46.2699210" lon="7.5969410">
    <ele>1982.8</ele>
   </trkpt>
   <trkpt lat="46.2699000" lon="7.5969420">
    <ele>1983.2</ele>
   </trkpt>
   <trkpt lat="46.2698780" lon="7.5969440">
    <ele>1983.6</ele>
   </trkpt>
   <trkpt lat="46.2698570" lon="7.5969450">
    <ele>1984.0</ele>
   </trkpt>
   <trkpt lat="46.2698340" lon="7.5969490">
    <ele>1984.4</ele>
   </trkpt>
   <trkpt lat="46.2698110" lon="7.5969530">
    <ele>1984.9</ele>
   </trkpt>
   <trkpt lat="46.2697940" lon="7.5969600">
    <ele>1985.2</ele>
   </trkpt>
   <trkpt lat="46.2697770" lon="7.5969670">
    <ele>1985.5</ele>
   </trkpt>
   <trkpt lat="46.2697620" lon="7.5969750">
    <ele>1985.8</ele>
   </trkpt>
   <trkpt lat="46.2697470" lon="7.5969830">
    <ele>1986.1</ele>
   </trkpt>
   <trkpt lat="46.2697290" lon="7.5969870">
    <ele>1986.5</ele>
   </trkpt>
   <trkpt lat="46.2697120" lon="7.5969920">
    <ele>1986.8</ele>
   </trkpt>
   <trkpt lat="46.2696930" lon="7.5969920">
    <ele>1987.2</ele>
   </trkpt>
   <trkpt lat="46.2696750" lon="7.5969930">
    <ele>1987.5</ele>
   </trkpt>
   <trkpt lat="46.2696600" lon="7.5969940">
    <ele>1987.8</ele>
   </trkpt>
   <trkpt lat="46.2696440" lon="7.5969950">
    <ele>1988.1</ele>
   </trkpt>
   <trkpt lat="46.2696310" lon="7.5970020">
    <ele>1988.4</ele>
   </trkpt>
   <trkpt lat="46.2696170" lon="7.5970090">
    <ele>1988.7</ele>
   </trkpt>
   <trkpt lat="46.2696010" lon="7.5970210">
    <ele>1989.0</ele>
   </trkpt>
   <trkpt lat="46.2695850" lon="7.5970330">
    <ele>1989.4</ele>
   </trkpt>
   <trkpt lat="46.2695640" lon="7.5970480">
    <ele>1989.8</ele>
   </trkpt>
   <trkpt lat="46.2695440" lon="7.5970630">
    <ele>1990.3</ele>
   </trkpt>
   <trkpt lat="46.2695220" lon="7.5970760">
    <ele>1990.7</ele>
   </trkpt>
   <trkpt lat="46.2695000" lon="7.5970890">
    <ele>1991.2</ele>
   </trkpt>
   <trkpt lat="46.2694770" lon="7.5970990">
    <ele>1991.7</ele>
   </trkpt>
   <trkpt lat="46.2694540" lon="7.5971100">
    <ele>1992.2</ele>
   </trkpt>
   <trkpt lat="46.2694320" lon="7.5971230">
    <ele>1992.6</ele>
   </trkpt>
   <trkpt lat="46.2694110" lon="7.5971370">
    <ele>1993.1</ele>
   </trkpt>
   <trkpt lat="46.2693950" lon="7.5971600">
    <ele>1993.6</ele>
   </trkpt>
   <trkpt lat="46.2693800" lon="7.5971840">
    <ele>1994.0</ele>
   </trkpt>
   <trkpt lat="46.2693710" lon="7.5972210">
    <ele>1994.5</ele>
   </trkpt>
   <trkpt lat="46.2693630" lon="7.5972580">
    <ele>1995.0</ele>
   </trkpt>
   <trkpt lat="46.2693620" lon="7.5973030">
    <ele>1995.6</ele>
   </trkpt>
   <trkpt lat="46.2693600" lon="7.5973490">
    <ele>1996.2</ele>
   </trkpt>
   <trkpt lat="46.2693630" lon="7.5973940">
    <ele>1996.8</ele>
   </trkpt>
   <trkpt lat="46.2693650" lon="7.5974400">
    <ele>1997.4</ele>
   </trkpt>
   <trkpt lat="46.2693690" lon="7.5974810">
    <ele>1997.9</ele>
   </trkpt>
   <trkpt lat="46.2693720" lon="7.5975220">
    <ele>1998.4</ele>
   </trkpt>
   <trkpt lat="46.2693730" lon="7.5975610">
    <ele>1998.9</ele>
   </trkpt>
   <trkpt lat="46.2693740" lon="7.5976000">
    <ele>1999.4</ele>
   </trkpt>
   <trkpt lat="46.2693700" lon="7.5976360">
    <ele>1999.9</ele>
   </trkpt>
   <trkpt lat="46.2693670" lon="7.5976720">
    <ele>2000.3</ele>
   </trkpt>
   <trkpt lat="46.2693580" lon="7.5977000">
    <ele>2000.7</ele>
   </trkpt>
   <trkpt lat="46.2693500" lon="7.5977280">
    <ele>2001.1</ele>
   </trkpt>
   <trkpt lat="46.2693410" lon="7.5977480">
    <ele>2001.4</ele>
   </trkpt>
   <trkpt lat="46.2693330" lon="7.5977680">
    <ele>2001.7</ele>
   </trkpt>
   <trkpt lat="46.2693300" lon="7.5977790">
    <ele>2001.8</ele>
   </trkpt>
   <trkpt lat="46.2693270" lon="7.5977900">
    <ele>2002.0</ele>
   </trkpt>
   <trkpt lat="46.2693300" lon="7.5977860">
    <ele>2002.0</ele>
   </trkpt>
   <trkpt lat="46.2693330" lon="7.5977820">
    <ele>2002.1</ele>
   </trkpt>
   <trkpt lat="46.2693450" lon="7.5977620">
    <ele>2002.4</ele>
   </trkpt>
   <trkpt lat="46.2693580" lon="7.5977430">
    <ele>2002.6</ele>
   </trkpt>
   <trkpt lat="46.2693770" lon="7.5977110">
    <ele>2003.1</ele>
   </trkpt>
   <trkpt lat="46.2693970" lon="7.5976790">
    <ele>2003.4</ele>
   </trkpt>
   <trkpt lat="46.2694170" lon="7.5976380">
    <ele>2003.9</ele>
   </trkpt>
   <trkpt lat="46.2694360" lon="7.5975980">
    <ele>2004.2</ele>
   </trkpt>
   <trkpt lat="46.2694530" lon="7.5975580">
    <ele>2004.5</ele>
   </trkpt>
   <trkpt lat="46.2694700" lon="7.5975170">
    <ele>2004.8</ele>
   </trkpt>
   <trkpt lat="46.2694870" lon="7.5974810">
    <ele>2005.1</ele>
   </trkpt>
   <trkpt lat="46.2695050" lon="7.5974440">
    <ele>2005.3</ele>
   </trkpt>
   <trkpt lat="46.2695270" lon="7.5974160">
    <ele>2005.5</ele>
   </trkpt>
   <trkpt lat="46.2695500" lon="7.5973880">
    <ele>2005.8</ele>
   </trkpt>
   <trkpt lat="46.2695740" lon="7.5973710">
    <ele>2005.9</ele>
   </trkpt>
   <trkpt lat="46.2695990" lon="7.5973550">
    <ele>2006.1</ele>
   </trkpt>
   <trkpt lat="46.2696230" lon="7.5973450">
    <ele>2006.3</ele>
   </trkpt>
   <trkpt lat="46.2696470" lon="7.5973360">
    <ele>2006.5</ele>
   </trkpt>
   <trkpt lat="46.2696700" lon="7.5973320">
    <ele>2006.7</ele>
   </trkpt>
   <trkpt lat="46.2696940" lon="7.5973290">
    <ele>2006.9</ele>
   </trkpt>
   <trkpt lat="46.2697200" lon="7.5973300">
    <ele>2007.1</ele>
   </trkpt>
   <trkpt lat="46.2697470" lon="7.5973320">
    <ele>2007.3</ele>
   </trkpt>
   <trkpt lat="46.2697800" lon="7.5973370">
    <ele>2007.6</ele>
   </trkpt>
   <trkpt lat="46.2698140" lon="7.5973430">
    <ele>2007.9</ele>
   </trkpt>
   <trkpt lat="46.2698420" lon="7.5973490">
    <ele>2008.1</ele>
   </trkpt>
   <trkpt lat="46.2698710" lon="7.5973560">
    <ele>2008.4</ele>
   </trkpt>
   <trkpt lat="46.2698820" lon="7.5973740">
    <ele>2008.6</ele>
   </trkpt>
   <trkpt lat="46.2698930" lon="7.5973920">
    <ele>2008.7</ele>
   </trkpt>
   <trkpt lat="46.2698830" lon="7.5974100">
    <ele>2009.0</ele>
   </trkpt>
   <trkpt lat="46.2698740" lon="7.5974280">
    <ele>2009.3</ele>
   </trkpt>
   <trkpt lat="46.2698510" lon="7.5974360">
    <ele>2009.8</ele>
   </trkpt>
   <trkpt lat="46.2698290" lon="7.5974450">
    <ele>2010.2</ele>
   </trkpt>
   <trkpt lat="46.2697970" lon="7.5974420">
    <ele>2010.8</ele>
   </trkpt>
   <trkpt lat="46.2697650" lon="7.5974390">
    <ele>2011.4</ele>
   </trkpt>
   <trkpt lat="46.2697310" lon="7.5974350">
    <ele>2012.1</ele>
   </trkpt>
   <trkpt lat="46.2696970" lon="7.5974310">
    <ele>2012.7</ele>
   </trkpt>
   <trkpt lat="46.2696670" lon="7.5974380">
    <ele>2013.2</ele>
   </trkpt>
   <trkpt lat="46.2696370" lon="7.5974450">
    <ele>2013.7</ele>
   </trkpt>
   <trkpt lat="46.2696120" lon="7.5974620">
    <ele>2014.2</ele>
   </trkpt>
   <trkpt lat="46.2695880" lon="7.5974790">
    <ele>2014.7</ele>
   </trkpt>
   <trkpt lat="46.2695670" lon="7.5975090">
    <ele>2015.2</ele>
   </trkpt>
   <trkpt lat="46.2695460" lon="7.5975380">
    <ele>2015.7</ele>
   </trkpt>
   <trkpt lat="46.2695280" lon="7.5975740">
    <ele>2016.3</ele>
   </trkpt>
   <trkpt lat="46.2695100" lon="7.5976100">
    <ele>2016.9</ele>
   </trkpt>
   <trkpt lat="46.2694990" lon="7.5976450">
    <ele>2017.4</ele>
   </trkpt>
   <trkpt lat="46.2694880" lon="7.5976790">
    <ele>2017.9</ele>
   </trkpt>
   <trkpt lat="46.2694780" lon="7.5977130">
    <ele>2018.4</ele>
   </trkpt>
   <trkpt lat="46.2694690" lon="7.5977480">
    <ele>2018.9</ele>
   </trkpt>
   <trkpt lat="46.2694570" lon="7.5977820">
    <ele>2019.4</ele>
   </trkpt>
   <trkpt lat="46.2694460" lon="7.5978160">
    <ele>2019.9</ele>
   </trkpt>
   <trkpt lat="46.2694340" lon="7.5978490">
    <ele>2020.4</ele>
   </trkpt>
   <trkpt lat="46.2694230" lon="7.5978830">
    <ele>2020.9</ele>
   </trkpt>
   <trkpt lat="46.2694140" lon="7.5979170">
    <ele>2021.4</ele>
   </trkpt>
   <trkpt lat="46.2694040" lon="7.5979500">
    <ele>2021.8</ele>
   </trkpt>
   <trkpt lat="46.2693930" lon="7.5979830">
    <ele>2022.2</ele>
   </trkpt>
   <trkpt lat="46.2693820" lon="7.5980160">
    <ele>2022.7</ele>
   </trkpt>
   <trkpt lat="46.2693710" lon="7.5980510">
    <ele>2023.1</ele>
   </trkpt>
   <trkpt lat="46.2693610" lon="7.5980870">
    <ele>2023.6</ele>
   </trkpt>
   <trkpt lat="46.2693540" lon="7.5981300">
    <ele>2024.1</ele>
   </trkpt>
   <trkpt lat="46.2693480" lon="7.5981720">
    <ele>2024.6</ele>
   </trkpt>
   <trkpt lat="46.2693400" lon="7.5982180">
    <ele>2025.2</ele>
   </trkpt>
   <trkpt lat="46.2693330" lon="7.5982630">
    <ele>2025.7</ele>
   </trkpt>
   <trkpt lat="46.2693240" lon="7.5983010">
    <ele>2026.2</ele>
   </trkpt>
   <trkpt lat="46.2693150" lon="7.5983400">
    <ele>2026.7</ele>
   </trkpt>
   <trkpt lat="46.2693090" lon="7.5983750">
    <ele>2027.1</ele>
   </trkpt>
   <trkpt lat="46.2693030" lon="7.5984110">
    <ele>2027.6</ele>
   </trkpt>
   <trkpt lat="46.2692980" lon="7.5984490">
    <ele>2028.1</ele>
   </trkpt>
   <trkpt lat="46.2692920" lon="7.5984870">
    <ele>2028.6</ele>
   </trkpt>
   <trkpt lat="46.2692860" lon="7.5985300">
    <ele>2029.1</ele>
   </trkpt>
   <trkpt lat="46.2692790" lon="7.5985730">
    <ele>2029.7</ele>
   </trkpt>
   <trkpt lat="46.2692700" lon="7.5986150">
    <ele>2030.2</ele>
   </trkpt>
   <trkpt lat="46.2692600" lon="7.5986560">
    <ele>2030.7</ele>
   </trkpt>
   <trkpt lat="46.2692530" lon="7.5986930">
    <ele>2031.2</ele>
   </trkpt>
   <trkpt lat="46.2692450" lon="7.5987300">
    <ele>2031.7</ele>
   </trkpt>
   <trkpt lat="46.2692430" lon="7.5987560">
    <ele>2032.0</ele>
   </trkpt>
   <trkpt lat="46.2692420" lon="7.5987820">
    <ele>2032.4</ele>
   </trkpt>
   <trkpt lat="46.2692460" lon="7.5988040">
    <ele>2032.7</ele>
   </trkpt>
   <trkpt lat="46.2692500" lon="7.5988260">
    <ele>2033.0</ele>
   </trkpt>
   <trkpt lat="46.2692540" lon="7.5988520">
    <ele>2033.3</ele>
   </trkpt>
   <trkpt lat="46.2692570" lon="7.5988770">
    <ele>2033.7</ele>
   </trkpt>
   <trkpt lat="46.2692570" lon="7.5989020">
    <ele>2034.0</ele>
   </trkpt>
   <trkpt lat="46.2692560" lon="7.5989270">
    <ele>2034.4</ele>
   </trkpt>
   <trkpt lat="46.2692540" lon="7.5989570">
    <ele>2034.8</ele>
   </trkpt>
   <trkpt lat="46.2692520" lon="7.5989870">
    <ele>2035.2</ele>
   </trkpt>
   <trkpt lat="46.2692530" lon="7.5990280">
    <ele>2035.7</ele>
   </trkpt>
   <trkpt lat="46.2692550" lon="7.5990700">
    <ele>2036.3</ele>
   </trkpt>
   <trkpt lat="46.2692600" lon="7.5991160">
    <ele>2036.9</ele>
   </trkpt>
   <trkpt lat="46.2692660" lon="7.5991620">
    <ele>2037.6</ele>
   </trkpt>
   <trkpt lat="46.2692730" lon="7.5992130">
    <ele>2038.2</ele>
   </trkpt>
   <trkpt lat="46.2692790" lon="7.5992650">
    <ele>2038.9</ele>
   </trkpt>
   <trkpt lat="46.2692810" lon="7.5993160">
    <ele>2039.5</ele>
   </trkpt>
   <trkpt lat="46.2692820" lon="7.5993680">
    <ele>2040.1</ele>
   </trkpt>
   <trkpt lat="46.2692770" lon="7.5994050">
    <ele>2040.6</ele>
   </trkpt>
   <trkpt lat="46.2692730" lon="7.5994420">
    <ele>2041.0</ele>
   </trkpt>
   <trkpt lat="46.2692650" lon="7.5994660">
    <ele>2041.3</ele>
   </trkpt>
   <trkpt lat="46.2692570" lon="7.5994900">
    <ele>2041.6</ele>
   </trkpt>
   <trkpt lat="46.2692430" lon="7.5995080">
    <ele>2041.9</ele>
   </trkpt>
   <trkpt lat="46.2692300" lon="7.5995250">
    <ele>2042.1</ele>
   </trkpt>
   <trkpt lat="46.2692100" lon="7.5995360">
    <ele>2042.5</ele>
   </trkpt>
   <trkpt lat="46.2691910" lon="7.5995460">
    <ele>2042.8</ele>
   </trkpt>
   <trkpt lat="46.2691660" lon="7.5995530">
    <ele>2043.2</ele>
   </trkpt>
   <trkpt lat="46.2691420" lon="7.5995590">
    <ele>2043.6</ele>
   </trkpt>
   <trkpt lat="46.2691160" lon="7.5995670">
    <ele>2044.0</ele>
   </trkpt>
   <trkpt lat="46.2690910" lon="7.5995740">
    <ele>2044.4</ele>
   </trkpt>
   <trkpt lat="46.2690620" lon="7.5995790">
    <ele>2044.7</ele>
   </trkpt>
   <trkpt lat="46.2690330" lon="7.5995840">
    <ele>2045.0</ele>
   </trkpt>
   <trkpt lat="46.2690020" lon="7.5995830">
    <ele>2045.4</ele>
   </trkpt>
   <trkpt lat="46.2689720" lon="7.5995810">
    <ele>2045.6</ele>
   </trkpt>
   <trkpt lat="46.2689290" lon="7.5995790">
    <ele>2046.0</ele>
   </trkpt>
   <trkpt lat="46.2688870" lon="7.5995770">
    <ele>2046.4</ele>
   </trkpt>
   <trkpt lat="46.2688320" lon="7.5995780">
    <ele>2046.8</ele>
   </trkpt>
   <trkpt lat="46.2687770" lon="7.5995790">
    <ele>2047.1</ele>
   </trkpt>
   <trkpt lat="46.2687110" lon="7.5995890">
    <ele>2047.6</ele>
   </trkpt>
   <trkpt lat="46.2686450" lon="7.5995990">
    <ele>2048.0</ele>
   </trkpt>
   <trkpt lat="46.2685820" lon="7.5996170">
    <ele>2048.5</ele>
   </trkpt>
   <trkpt lat="46.2685180" lon="7.5996340">
    <ele>2048.9</ele>
   </trkpt>
   <trkpt lat="46.2684620" lon="7.5996570">
    <ele>2049.3</ele>
   </trkpt>
   <trkpt lat="46.2684060" lon="7.5996790">
    <ele>2049.7</ele>
   </trkpt>
   <trkpt lat="46.2683540" lon="7.5996960">
    <ele>2050.0</ele>
   </trkpt>
   <trkpt lat="46.2683030" lon="7.5997140">
    <ele>2050.2</ele>
   </trkpt>
   <trkpt lat="46.2682520" lon="7.5997260">
    <ele>2050.5</ele>
   </trkpt>
   <trkpt lat="46.2682000" lon="7.5997390">
    <ele>2050.7</ele>
   </trkpt>
   <trkpt lat="46.2681510" lon="7.5997500">
    <ele>2050.9</ele>
   </trkpt>
   <trkpt lat="46.2681010" lon="7.5997620">
    <ele>2051.1</ele>
   </trkpt>
   <trkpt lat="46.2680480" lon="7.5997670">
    <ele>2051.3</ele>
   </trkpt>
   <trkpt lat="46.2679940" lon="7.5997720">
    <ele>2051.5</ele>
   </trkpt>
   <trkpt lat="46.2679290" lon="7.5997730">
    <ele>2051.8</ele>
   </trkpt>
   <trkpt lat="46.2678640" lon="7.5997740">
    <ele>2052.2</ele>
   </trkpt>
   <trkpt lat="46.2678090" lon="7.5997770">
    <ele>2052.4</ele>
   </trkpt>
   <trkpt lat="46.2677530" lon="7.5997800">
    <ele>2052.8</ele>
   </trkpt>
   <trkpt lat="46.2677200" lon="7.5997870">
    <ele>2052.9</ele>
   </trkpt>
   <trkpt lat="46.2676870" lon="7.5997950">
    <ele>2053.1</ele>
   </trkpt>
   <trkpt lat="46.2676620" lon="7.5998060">
    <ele>2053.3</ele>
   </trkpt>
   <trkpt lat="46.2676360" lon="7.5998170">
    <ele>2053.4</ele>
   </trkpt>
   <trkpt lat="46.2676030" lon="7.5998310">
    <ele>2053.6</ele>
   </trkpt>
   <trkpt lat="46.2675700" lon="7.5998460">
    <ele>2053.8</ele>
   </trkpt>
   <trkpt lat="46.2675220" lon="7.5998600">
    <ele>2054.0</ele>
   </trkpt>
   <trkpt lat="46.2674740" lon="7.5998750">
    <ele>2054.2</ele>
   </trkpt>
   <trkpt lat="46.2674260" lon="7.5998890">
    <ele>2054.3</ele>
   </trkpt>
   <trkpt lat="46.2673770" lon="7.5999030">
    <ele>2054.5</ele>
   </trkpt>
   <trkpt lat="46.2673320" lon="7.5999120">
    <ele>2054.6</ele>
   </trkpt>
   <trkpt lat="46.2672860" lon="7.5999220">
    <ele>2054.8</ele>
   </trkpt>
   <trkpt lat="46.2672390" lon="7.5999250">
    <ele>2054.9</ele>
   </trkpt>
   <trkpt lat="46.2671930" lon="7.5999290">
    <ele>2055.0</ele>
   </trkpt>
   <trkpt lat="46.2671500" lon="7.5999270">
    <ele>2055.1</ele>
   </trkpt>
   <trkpt lat="46.2671070" lon="7.5999250">
    <ele>2055.3</ele>
   </trkpt>
   <trkpt lat="46.2670780" lon="7.5999200">
    <ele>2055.3</ele>
   </trkpt>
   <trkpt lat="46.2670500" lon="7.5999160">
    <ele>2055.4</ele>
   </trkpt>
   <trkpt lat="46.2670360" lon="7.5999140">
    <ele>2055.5</ele>
   </trkpt>
   <trkpt lat="46.2670220" lon="7.5999120">
    <ele>2055.5</ele>
   </trkpt>
   <trkpt lat="46.2670100" lon="7.5999140">
    <ele>2055.5</ele>
   </trkpt>
   <trkpt lat="46.2669980" lon="7.5999170">
    <ele>2055.6</ele>
   </trkpt>
   <trkpt lat="46.2669810" lon="7.5999140">
    <ele>2055.6</ele>
   </trkpt>
   <trkpt lat="46.2669640" lon="7.5999120">
    <ele>2055.7</ele>
   </trkpt>
   <trkpt lat="46.2669470" lon="7.5998910">
    <ele>2055.7</ele>
   </trkpt>
   <trkpt lat="46.2669290" lon="7.5998700">
    <ele>2055.8</ele>
   </trkpt>
   <trkpt lat="46.2669190" lon="7.5998330">
    <ele>2055.9</ele>
   </trkpt>
   <trkpt lat="46.2669090" lon="7.5997960">
    <ele>2055.9</ele>
   </trkpt>
   <trkpt lat="46.2669060" lon="7.5997550">
    <ele>2056.0</ele>
   </trkpt>
   <trkpt lat="46.2669020" lon="7.5997140">
    <ele>2056.0</ele>
   </trkpt>
   <trkpt lat="46.2669000" lon="7.5996760">
    <ele>2056.0</ele>
   </trkpt>
   <trkpt lat="46.2668970" lon="7.5996380">
    <ele>2056.1</ele>
   </trkpt>
   <trkpt lat="46.2668900" lon="7.5996090">
    <ele>2056.1</ele>
   </trkpt>
   <trkpt lat="46.2668830" lon="7.5995800">
    <ele>2056.1</ele>
   </trkpt>
   <trkpt lat="46.2668630" lon="7.5995650">
    <ele>2056.1</ele>
   </trkpt>
   <trkpt lat="46.2668440" lon="7.5995500">
    <ele>2056.1</ele>
   </trkpt>
   <trkpt lat="46.2668130" lon="7.5995400">
    <ele>2056.1</ele>
   </trkpt>
   <trkpt lat="46.2667820" lon="7.5995300">
    <ele>2056.0</ele>
   </trkpt>
   <trkpt lat="46.2667460" lon="7.5995110">
    <ele>2056.0</ele>
   </trkpt>
   <trkpt lat="46.2667100" lon="7.5994930">
    <ele>2056.0</ele>
   </trkpt>
   <trkpt lat="46.2666780" lon="7.5994660">
    <ele>2056.0</ele>
   </trkpt>
   <trkpt lat="46.2666470" lon="7.5994380">
    <ele>2056.0</ele>
   </trkpt>
   <trkpt lat="46.2666220" lon="7.5994030">
    <ele>2056.0</ele>
   </trkpt>
   <trkpt lat="46.2665970" lon="7.5993680">
    <ele>2056.1</ele>
   </trkpt>
   <trkpt lat="46.2665700" lon="7.5993320">
    <ele>2056.1</ele>
   </trkpt>
   <trkpt lat="46.2665440" lon="7.5992960">
    <ele>2056.1</ele>
   </trkpt>
   <trkpt lat="46.2665150" lon="7.5992660">
    <ele>2056.2</ele>
   </trkpt>
   <trkpt lat="46.2664860" lon="7.5992360">
    <ele>2056.2</ele>
   </trkpt>
   <trkpt lat="46.2664540" lon="7.5992140">
    <ele>2056.2</ele>
   </trkpt>
   <trkpt lat="46.2664230" lon="7.5991910">
    <ele>2056.2</ele>
   </trkpt>
   <trkpt lat="46.2663920" lon="7.5991690">
    <ele>2056.2</ele>
   </trkpt>
   <trkpt lat="46.2663620" lon="7.5991460">
    <ele>2056.2</ele>
   </trkpt>
   <trkpt lat="46.2663350" lon="7.5991180">
    <ele>2056.2</ele>
   </trkpt>
   <trkpt lat="46.2663070" lon="7.5990900">
    <ele>2056.2</ele>
   </trkpt>
   <trkpt lat="46.2662830" lon="7.5990510">
    <ele>2056.2</ele>
   </trkpt>
   <trkpt lat="46.2662590" lon="7.5990130">
    <ele>2056.2</ele>
   </trkpt>
   <trkpt lat="46.2662470" lon="7.5989650">
    <ele>2056.2</ele>
   </trkpt>
   <trkpt lat="46.2662350" lon="7.5989180">
    <ele>2056.2</ele>
   </trkpt>
   <trkpt lat="46.2662360" lon="7.5988570">
    <ele>2056.2</ele>
   </trkpt>
   <trkpt lat="46.2662370" lon="7.5987960">
    <ele>2056.1</ele>
   </trkpt>
   <trkpt lat="46.2662470" lon="7.5987300">
    <ele>2056.1</ele>
   </trkpt>
   <trkpt lat="46.2662570" lon="7.5986650">
    <ele>2056.1</ele>
   </trkpt>
   <trkpt lat="46.2662620" lon="7.5985990">
    <ele>2056.1</ele>
   </trkpt>
   <trkpt lat="46.2662670" lon="7.5985330">
    <ele>2056.1</ele>
   </trkpt>
   <trkpt lat="46.2662620" lon="7.5984750">
    <ele>2056.2</ele>
   </trkpt>
   <trkpt lat="46.2662560" lon="7.5984160">
    <ele>2056.2</ele>
   </trkpt>
   <trkpt lat="46.2662430" lon="7.5983670">
    <ele>2056.2</ele>
   </trkpt>
   <trkpt lat="46.2662300" lon="7.5983180">
    <ele>2056.3</ele>
   </trkpt>
   <trkpt lat="46.2662130" lon="7.5982670">
    <ele>2056.4</ele>
   </trkpt>
   <trkpt lat="46.2661960" lon="7.5982170">
    <ele>2056.4</ele>
   </trkpt>
   <trkpt lat="46.2661850" lon="7.5981580">
    <ele>2056.5</ele>
   </trkpt>
   <trkpt lat="46.2661730" lon="7.5980980">
    <ele>2056.5</ele>
   </trkpt>
   <trkpt lat="46.2661640" lon="7.5980360">
    <ele>2056.5</ele>
   </trkpt>
   <trkpt lat="46.2661540" lon="7.5979740">
    <ele>2056.4</ele>
   </trkpt>
   <trkpt lat="46.2661410" lon="7.5979120">
    <ele>2056.3</ele>
   </trkpt>
   <trkpt lat="46.2661270" lon="7.5978500">
    <ele>2056.1</ele>
   </trkpt>
   <trkpt lat="46.2661080" lon="7.5977900">
    <ele>2055.9</ele>
   </trkpt>
   <trkpt lat="46.2660880" lon="7.5977310">
    <ele>2055.7</ele>
   </trkpt>
   <trkpt lat="46.2660670" lon="7.5976790">
    <ele>2055.5</ele>
   </trkpt>
   <trkpt lat="46.2660450" lon="7.5976260">
    <ele>2055.4</ele>
   </trkpt>
   <trkpt lat="46.2660230" lon="7.5975870">
    <ele>2055.3</ele>
   </trkpt>
   <trkpt lat="46.2660000" lon="7.5975470">
    <ele>2055.2</ele>
   </trkpt>
   <trkpt lat="46.2659760" lon="7.5975170">
    <ele>2055.2</ele>
   </trkpt>
   <trkpt lat="46.2659520" lon="7.5974870">
    <ele>2055.2</ele>
   </trkpt>
   <trkpt lat="46.2659220" lon="7.5974630">
    <ele>2055.1</ele>
   </trkpt>
   <trkpt lat="46.2658930" lon="7.5974400">
    <ele>2055.1</ele>
   </trkpt>
   <trkpt lat="46.2658630" lon="7.5974180">
    <ele>2055.1</ele>
   </trkpt>
   <trkpt lat="46.2658340" lon="7.5973960">
    <ele>2055.1</ele>
   </trkpt>
   <trkpt lat="46.2658050" lon="7.5973750">
    <ele>2055.0</ele>
   </trkpt>
   <trkpt lat="46.2657750" lon="7.5973540">
    <ele>2055.0</ele>
   </trkpt>
   <trkpt lat="46.2657460" lon="7.5973320">
    <ele>2055.0</ele>
   </trkpt>
   <trkpt lat="46.2657160" lon="7.5973090">
    <ele>2055.0</ele>
   </trkpt>
   <trkpt lat="46.2656830" lon="7.5972840">
    <ele>2055.0</ele>
   </trkpt>
   <trkpt lat="46.2656510" lon="7.5972600">
    <ele>2054.9</ele>
   </trkpt>
   <trkpt lat="46.2656150" lon="7.5972320">
    <ele>2054.9</ele>
   </trkpt>
   <trkpt lat="46.2655790" lon="7.5972050">
    <ele>2054.8</ele>
   </trkpt>
   <trkpt lat="46.2655450" lon="7.5971770">
    <ele>2054.8</ele>
   </trkpt>
   <trkpt lat="46.2655100" lon="7.5971490">
    <ele>2054.7</ele>
   </trkpt>
   <trkpt lat="46.2654740" lon="7.5971040">
    <ele>2054.7</ele>
   </trkpt>
   <trkpt lat="46.2654640" lon="7.5970860">
    <ele>2054.7</ele>
   </trkpt>
   <trkpt lat="46.2654540" lon="7.5970670">
    <ele>2054.7</ele>
   </trkpt>
   <trkpt lat="46.2654430" lon="7.5970490">
    <ele>2054.7</ele>
   </trkpt>
   <trkpt lat="46.2654330" lon="7.5970310">
    <ele>2054.7</ele>
   </trkpt>
   <trkpt lat="46.2654240" lon="7.5970120">
    <ele>2054.7</ele>
   </trkpt>
   <trkpt lat="46.2654040" lon="7.5969950">
    <ele>2054.6</ele>
   </trkpt>
   <trkpt lat="46.2653830" lon="7.5969790">
    <ele>2054.6</ele>
   </trkpt>
   <trkpt lat="46.2653630" lon="7.5969630">
    <ele>2054.6</ele>
   </trkpt>
   <trkpt lat="46.2653280" lon="7.5969400">
    <ele>2054.6</ele>
   </trkpt>
   <trkpt lat="46.2652920" lon="7.5969170">
    <ele>2054.6</ele>
   </trkpt>
   <trkpt lat="46.2652700" lon="7.5969000">
    <ele>2054.5</ele>
   </trkpt>
   <trkpt lat="46.2652490" lon="7.5968840">
    <ele>2054.5</ele>
   </trkpt>
   <trkpt lat="46.2652330" lon="7.5968780">
    <ele>2054.5</ele>
   </trkpt>
   <trkpt lat="46.2652180" lon="7.5968730">
    <ele>2054.5</ele>
   </trkpt>
   <trkpt lat="46.2652010" lon="7.5968810">
    <ele>2054.4</ele>
   </trkpt>
   <trkpt lat="46.2651840" lon="7.5968890">
    <ele>2054.4</ele>
   </trkpt>
   <trkpt lat="46.2651560" lon="7.5969050">
    <ele>2054.4</ele>
   </trkpt>
   <trkpt lat="46.2651280" lon="7.5969210">
    <ele>2054.3</ele>
   </trkpt>
   <trkpt lat="46.2650860" lon="7.5969330">
    <ele>2054.2</ele>
   </trkpt>
   <trkpt lat="46.2650450" lon="7.5969450">
    <ele>2054.1</ele>
   </trkpt>
   <trkpt lat="46.2649870" lon="7.5969510">
    <ele>2054.0</ele>
   </trkpt>
   <trkpt lat="46.2649280" lon="7.5969570">
    <ele>2053.9</ele>
   </trkpt>
   <trkpt lat="46.2648670" lon="7.5969660">
    <ele>2053.8</ele>
   </trkpt>
   <trkpt lat="46.2648060" lon="7.5969750">
    <ele>2053.8</ele>
   </trkpt>
   <trkpt lat="46.2647430" lon="7.5969810">
    <ele>2053.7</ele>
   </trkpt>
   <trkpt lat="46.2646800" lon="7.5969880">
    <ele>2053.7</ele>
   </trkpt>
   <trkpt lat="46.2646210" lon="7.5969770">
    <ele>2053.7</ele>
   </trkpt>
   <trkpt lat="46.2645610" lon="7.5969660">
    <ele>2053.7</ele>
   </trkpt>
   <trkpt lat="46.2645160" lon="7.5969420">
    <ele>2053.7</ele>
   </trkpt>
   <trkpt lat="46.2644700" lon="7.5969190">
    <ele>2053.6</ele>
   </trkpt>
   <trkpt lat="46.2644300" lon="7.5968880">
    <ele>2053.6</ele>
   </trkpt>
   <trkpt lat="46.2643910" lon="7.5968580">
    <ele>2053.6</ele>
   </trkpt>
   <trkpt lat="46.2643530" lon="7.5968210">
    <ele>2053.6</ele>
   </trkpt>
   <trkpt lat="46.2643150" lon="7.5967830">
    <ele>2053.7</ele>
   </trkpt>
   <trkpt lat="46.2642770" lon="7.5967420">
    <ele>2053.7</ele>
   </trkpt>
   <trkpt lat="46.2642390" lon="7.5967010">
    <ele>2053.8</ele>
   </trkpt>
   <trkpt lat="46.2641940" lon="7.5966470">
    <ele>2053.9</ele>
   </trkpt>
   <trkpt lat="46.2641490" lon="7.5965930">
    <ele>2054.0</ele>
   </trkpt>
   <trkpt lat="46.2641040" lon="7.5965260">
    <ele>2054.2</ele>
   </trkpt>
   <trkpt lat="46.2640590" lon="7.5964590">
    <ele>2054.3</ele>
   </trkpt>
   <trkpt lat="46.2640180" lon="7.5963830">
    <ele>2054.4</ele>
   </trkpt>
   <trkpt lat="46.2639780" lon="7.5963080">
    <ele>2054.6</ele>
   </trkpt>
   <trkpt lat="46.2639490" lon="7.5962350">
    <ele>2054.7</ele>
   </trkpt>
   <trkpt lat="46.2639200" lon="7.5961620">
    <ele>2054.8</ele>
   </trkpt>
   <trkpt lat="46.2639110" lon="7.5960960">
    <ele>2054.9</ele>
   </trkpt>
   <trkpt lat="46.2639030" lon="7.5960300">
    <ele>2054.9</ele>
   </trkpt>
   <trkpt lat="46.2639120" lon="7.5959720">
    <ele>2055.0</ele>
   </trkpt>
   <trkpt lat="46.2639210" lon="7.5959140">
    <ele>2055.0</ele>
   </trkpt>
   <trkpt lat="46.2639280" lon="7.5958610">
    <ele>2055.1</ele>
   </trkpt>
   <trkpt lat="46.2639350" lon="7.5958080">
    <ele>2055.1</ele>
   </trkpt>
   <trkpt lat="46.2639200" lon="7.5957580">
    <ele>2055.1</ele>
   </trkpt>
   <trkpt lat="46.2639060" lon="7.5957090">
    <ele>2055.2</ele>
   </trkpt>
   <trkpt lat="46.2638730" lon="7.5956650">
    <ele>2055.1</ele>
   </trkpt>
   <trkpt lat="46.2638410" lon="7.5956210">
    <ele>2055.1</ele>
   </trkpt>
   <trkpt lat="46.2638030" lon="7.5955860">
    <ele>2055.1</ele>
   </trkpt>
   <trkpt lat="46.2637650" lon="7.5955510">
    <ele>2055.0</ele>
   </trkpt>
   <trkpt lat="46.2637330" lon="7.5955220">
    <ele>2055.0</ele>
   </trkpt>
   <trkpt lat="46.2637010" lon="7.5954940">
    <ele>2055.0</ele>
   </trkpt>
   <trkpt lat="46.2636720" lon="7.5954760">
    <ele>2054.9</ele>
   </trkpt>
   <trkpt lat="46.2636430" lon="7.5954580">
    <ele>2054.9</ele>
   </trkpt>
   <trkpt lat="46.2636190" lon="7.5954430">
    <ele>2054.9</ele>
   </trkpt>
   <trkpt lat="46.2635950" lon="7.5954270">
    <ele>2054.9</ele>
   </trkpt>
   <trkpt lat="46.2635790" lon="7.5954090">
    <ele>2054.9</ele>
   </trkpt>
   <trkpt lat="46.2635630" lon="7.5953910">
    <ele>2054.9</ele>
   </trkpt>
   <trkpt lat="46.2635410" lon="7.5953700">
    <ele>2054.8</ele>
   </trkpt>
   <trkpt lat="46.2635190" lon="7.5953480">
    <ele>2054.8</ele>
   </trkpt>
   <trkpt lat="46.2634850" lon="7.5953230">
    <ele>2054.8</ele>
   </trkpt>
   <trkpt lat="46.2634520" lon="7.5952980">
    <ele>2054.8</ele>
   </trkpt>
   <trkpt lat="46.2634130" lon="7.5952680">
    <ele>2054.8</ele>
   </trkpt>
   <trkpt lat="46.2633750" lon="7.5952390">
    <ele>2054.8</ele>
   </trkpt>
   <trkpt lat="46.2633340" lon="7.5952100">
    <ele>2054.8</ele>
   </trkpt>
   <trkpt lat="46.2632930" lon="7.5951810">
    <ele>2054.8</ele>
   </trkpt>
   <trkpt lat="46.2632550" lon="7.5951540">
    <ele>2054.8</ele>
   </trkpt>
   <trkpt lat="46.2632170" lon="7.5951270">
    <ele>2054.8</ele>
   </trkpt>
   <trkpt lat="46.2631800" lon="7.5950980">
    <ele>2054.8</ele>
   </trkpt>
   <trkpt lat="46.2631420" lon="7.5950700">
    <ele>2054.8</ele>
   </trkpt>
   <trkpt lat="46.2631040" lon="7.5950350">
    <ele>2054.8</ele>
   </trkpt>
   <trkpt lat="46.2630660" lon="7.5950000">
    <ele>2054.8</ele>
   </trkpt>
   <trkpt lat="46.2630310" lon="7.5949590">
    <ele>2054.8</ele>
   </trkpt>
   <trkpt lat="46.2629960" lon="7.5949180">
    <ele>2054.8</ele>
   </trkpt>
   <trkpt lat="46.2629610" lon="7.5948760">
    <ele>2054.8</ele>
   </trkpt>
   <trkpt lat="46.2629260" lon="7.5948330">
    <ele>2054.7</ele>
   </trkpt>
   <trkpt lat="46.2628900" lon="7.5947900">
    <ele>2054.7</ele>
   </trkpt>
   <trkpt lat="46.2628530" lon="7.5947470">
    <ele>2054.7</ele>
   </trkpt>
   <trkpt lat="46.2628210" lon="7.5947120">
    <ele>2054.7</ele>
   </trkpt>
   <trkpt lat="46.2627720" lon="7.5946660">
    <ele>2054.8</ele>
   </trkpt>
   <trkpt lat="46.2627560" lon="7.5946540">
    <ele>2054.8</ele>
   </trkpt>
   <trkpt lat="46.2627400" lon="7.5946430">
    <ele>2054.8</ele>
   </trkpt>
   <trkpt lat="46.2627150" lon="7.5946250">
    <ele>2054.9</ele>
   </trkpt>
   <trkpt lat="46.2626650" lon="7.5946030">
    <ele>2054.9</ele>
   </trkpt>
   <trkpt lat="46.2626140" lon="7.5945810">
    <ele>2055.0</ele>
   </trkpt>
   <trkpt lat="46.2625680" lon="7.5945700">
    <ele>2055.0</ele>
   </trkpt>
   <trkpt lat="46.2625220" lon="7.5945590">
    <ele>2055.0</ele>
   </trkpt>
   <trkpt lat="46.2624810" lon="7.5945530">
    <ele>2055.0</ele>
   </trkpt>
   <trkpt lat="46.2624400" lon="7.5945480">
    <ele>2055.1</ele>
   </trkpt>
   <trkpt lat="46.2624000" lon="7.5945310">
    <ele>2055.1</ele>
   </trkpt>
   <trkpt lat="46.2623600" lon="7.5945150">
    <ele>2055.1</ele>
   </trkpt>
   <trkpt lat="46.2623230" lon="7.5944780">
    <ele>2055.1</ele>
   </trkpt>
   <trkpt lat="46.2622870" lon="7.5944410">
    <ele>2055.1</ele>
   </trkpt>
   <trkpt lat="46.2622510" lon="7.5943940">
    <ele>2055.2</ele>
   </trkpt>
   <trkpt lat="46.2622150" lon="7.5943480">
    <ele>2055.2</ele>
   </trkpt>
   <trkpt lat="46.2621770" lon="7.5942990">
    <ele>2055.3</ele>
   </trkpt>
   <trkpt lat="46.2621390" lon="7.5942510">
    <ele>2055.4</ele>
   </trkpt>
   <trkpt lat="46.2620960" lon="7.5942060">
    <ele>2055.4</ele>
   </trkpt>
   <trkpt lat="46.2620520" lon="7.5941610">
    <ele>2055.5</ele>
   </trkpt>
   <trkpt lat="46.2620050" lon="7.5941220">
    <ele>2055.5</ele>
   </trkpt>
   <trkpt lat="46.2619570" lon="7.5940820">
    <ele>2055.6</ele>
   </trkpt>
   <trkpt lat="46.2619140" lon="7.5940460">
    <ele>2055.6</ele>
   </trkpt>
   <trkpt lat="46.2618700" lon="7.5940090">
    <ele>2055.6</ele>
   </trkpt>
   <trkpt lat="46.2618360" lon="7.5939670">
    <ele>2055.6</ele>
   </trkpt>
   <trkpt lat="46.2618030" lon="7.5939240">
    <ele>2055.7</ele>
   </trkpt>
   <trkpt lat="46.2617760" lon="7.5938800">
    <ele>2055.7</ele>
   </trkpt>
   <trkpt lat="46.2617490" lon="7.5938360">
    <ele>2055.7</ele>
   </trkpt>
   <trkpt lat="46.2617160" lon="7.5937980">
    <ele>2055.7</ele>
   </trkpt>
   <trkpt lat="46.2616840" lon="7.5937600">
    <ele>2055.7</ele>
   </trkpt>
   <trkpt lat="46.2616450" lon="7.5937210">
    <ele>2055.7</ele>
   </trkpt>
   <trkpt lat="46.2616070" lon="7.5936820">
    <ele>2055.7</ele>
   </trkpt>
   <trkpt lat="46.2615610" lon="7.5936470">
    <ele>2055.7</ele>
   </trkpt>
   <trkpt lat="46.2615160" lon="7.5936120">
    <ele>2055.8</ele>
   </trkpt>
   <trkpt lat="46.2614690" lon="7.5935990">
    <ele>2055.8</ele>
   </trkpt>
   <trkpt lat="46.2614220" lon="7.5935870">
    <ele>2055.8</ele>
   </trkpt>
   <trkpt lat="46.2613800" lon="7.5935990">
    <ele>2055.9</ele>
   </trkpt>
   <trkpt lat="46.2613390" lon="7.5936100">
    <ele>2055.9</ele>
   </trkpt>
   <trkpt lat="46.2613000" lon="7.5936420">
    <ele>2056.0</ele>
   </trkpt>
   <trkpt lat="46.2612610" lon="7.5936730">
    <ele>2056.0</ele>
   </trkpt>
   <trkpt lat="46.2612230" lon="7.5937160">
    <ele>2056.1</ele>
   </trkpt>
   <trkpt lat="46.2611850" lon="7.5937580">
    <ele>2056.2</ele>
   </trkpt>
   <trkpt lat="46.2611520" lon="7.5938040">
    <ele>2056.3</ele>
   </trkpt>
   <trkpt lat="46.2611190" lon="7.5938500">
    <ele>2056.4</ele>
   </trkpt>
   <trkpt lat="46.2610890" lon="7.5938990">
    <ele>2056.5</ele>
   </trkpt>
   <trkpt lat="46.2610590" lon="7.5939470">
    <ele>2056.5</ele>
   </trkpt>
   <trkpt lat="46.2610320" lon="7.5939940">
    <ele>2056.6</ele>
   </trkpt>
   <trkpt lat="46.2610040" lon="7.5940410">
    <ele>2056.7</ele>
   </trkpt>
   <trkpt lat="46.2609790" lon="7.5940870">
    <ele>2056.8</ele>
   </trkpt>
   <trkpt lat="46.2609530" lon="7.5941330">
    <ele>2056.8</ele>
   </trkpt>
   <trkpt lat="46.2609280" lon="7.5941800">
    <ele>2056.9</ele>
   </trkpt>
   <trkpt lat="46.2609030" lon="7.5942270">
    <ele>2057.0</ele>
   </trkpt>
   <trkpt lat="46.2608790" lon="7.5942760">
    <ele>2057.0</ele>
   </trkpt>
   <trkpt lat="46.2608550" lon="7.5943250">
    <ele>2057.1</ele>
   </trkpt>
   <trkpt lat="46.2608330" lon="7.5943740">
    <ele>2057.2</ele>
   </trkpt>
   <trkpt lat="46.2608120" lon="7.5944230">
    <ele>2057.2</ele>
   </trkpt>
   <trkpt lat="46.2607890" lon="7.5944770">
    <ele>2057.3</ele>
   </trkpt>
   <trkpt lat="46.2607660" lon="7.5945320">
    <ele>2057.4</ele>
   </trkpt>
   <trkpt lat="46.2607420" lon="7.5945870">
    <ele>2057.5</ele>
   </trkpt>
   <trkpt lat="46.2607190" lon="7.5946430">
    <ele>2057.6</ele>
   </trkpt>
   <trkpt lat="46.2606950" lon="7.5947010">
    <ele>2057.6</ele>
   </trkpt>
   <trkpt lat="46.2606710" lon="7.5947600">
    <ele>2057.7</ele>
   </trkpt>
   <trkpt lat="46.2606520" lon="7.5948150">
    <ele>2057.8</ele>
   </trkpt>
   <trkpt lat="46.2606330" lon="7.5948700">
    <ele>2057.9</ele>
   </trkpt>
   <trkpt lat="46.2606100" lon="7.5949180">
    <ele>2057.9</ele>
   </trkpt>
   <trkpt lat="46.2605880" lon="7.5949660">
    <ele>2058.0</ele>
   </trkpt>
   <trkpt lat="46.2605590" lon="7.5950000">
    <ele>2058.1</ele>
   </trkpt>
   <trkpt lat="46.2605300" lon="7.5950340">
    <ele>2058.1</ele>
   </trkpt>
   <trkpt lat="46.2604900" lon="7.5950490">
    <ele>2058.2</ele>
   </trkpt>
   <trkpt lat="46.2604510" lon="7.5950640">
    <ele>2058.3</ele>
   </trkpt>
   <trkpt lat="46.2604020" lon="7.5950680">
    <ele>2058.4</ele>
   </trkpt>
   <trkpt lat="46.2603540" lon="7.5950720">
    <ele>2058.5</ele>
   </trkpt>
   <trkpt lat="46.2602990" lon="7.5950730">
    <ele>2058.5</ele>
   </trkpt>
   <trkpt lat="46.2602440" lon="7.5950740">
    <ele>2058.6</ele>
   </trkpt>
   <trkpt lat="46.2601900" lon="7.5950760">
    <ele>2058.7</ele>
   </trkpt>
   <trkpt lat="46.2601360" lon="7.5950780">
    <ele>2058.7</ele>
   </trkpt>
   <trkpt lat="46.2600850" lon="7.5950830">
    <ele>2058.8</ele>
   </trkpt>
   <trkpt lat="46.2600340" lon="7.5950870">
    <ele>2058.8</ele>
   </trkpt>
   <trkpt lat="46.2599840" lon="7.5950980">
    <ele>2058.9</ele>
   </trkpt>
   <trkpt lat="46.2599330" lon="7.5951080">
    <ele>2059.0</ele>
   </trkpt>
   <trkpt lat="46.2598830" lon="7.5951250">
    <ele>2059.0</ele>
   </trkpt>
   <trkpt lat="46.2598330" lon="7.5951410">
    <ele>2059.1</ele>
   </trkpt>
   <trkpt lat="46.2597830" lon="7.5951590">
    <ele>2059.2</ele>
   </trkpt>
   <trkpt lat="46.2597330" lon="7.5951760">
    <ele>2059.2</ele>
   </trkpt>
   <trkpt lat="46.2597040" lon="7.5951870">
    <ele>2059.2</ele>
   </trkpt>
   <trkpt lat="46.2596740" lon="7.5951980">
    <ele>2059.2</ele>
   </trkpt>
   <trkpt lat="46.2596240" lon="7.5952080">
    <ele>2059.2</ele>
   </trkpt>
   <trkpt lat="46.2596030" lon="7.5952120">
    <ele>2059.2</ele>
   </trkpt>
   <trkpt lat="46.2595830" lon="7.5952160">
    <ele>2059.2</ele>
   </trkpt>
   <trkpt lat="46.2595530" lon="7.5952220">
    <ele>2059.2</ele>
   </trkpt>
   <trkpt lat="46.2595220" lon="7.5952290">
    <ele>2059.2</ele>
   </trkpt>
   <trkpt lat="46.2594510" lon="7.5952360">
    <ele>2059.2</ele>
   </trkpt>
   <trkpt lat="46.2593790" lon="7.5952440">
    <ele>2059.2</ele>
   </trkpt>
   <trkpt lat="46.2593270" lon="7.5952550">
    <ele>2059.2</ele>
   </trkpt>
   <trkpt lat="46.2592550" lon="7.5952720">
    <ele>2056.0</ele>
   </trkpt>
   <trkpt lat="46.2592350" lon="7.5952770">
    <ele>2055.6</ele>
   </trkpt>
   <trkpt lat="46.2592150" lon="7.5952830">
    <ele>2054.2</ele>
   </trkpt>
   <trkpt lat="46.2591850" lon="7.5952910">
    <ele>2054.6</ele>
   </trkpt>
   <trkpt lat="46.2591140" lon="7.5953100">
    <ele>2052.4</ele>
   </trkpt>
   <trkpt lat="46.2590440" lon="7.5953300">
    <ele>2051.7</ele>
   </trkpt>
   <trkpt lat="46.2589740" lon="7.5953490">
    <ele>2050.2</ele>
   </trkpt>
   <trkpt lat="46.2589200" lon="7.5953750">
    <ele>2050.8</ele>
   </trkpt>
   <trkpt lat="46.2588660" lon="7.5954000">
    <ele>2049.7</ele>
   </trkpt>
   <trkpt lat="46.2588170" lon="7.5954280">
    <ele>2050.9</ele>
   </trkpt>
   <trkpt lat="46.2587690" lon="7.5954570">
    <ele>2050.1</ele>
   </trkpt>
   <trkpt lat="46.2587200" lon="7.5954790">
    <ele>2051.1</ele>
   </trkpt>
   <trkpt lat="46.2586710" lon="7.5955020">
    <ele>2052.3</ele>
   </trkpt>
   <trkpt lat="46.2586100" lon="7.5955140">
    <ele>2051.7</ele>
   </trkpt>
   <trkpt lat="46.2585500" lon="7.5955270">
    <ele>2051.3</ele>
   </trkpt>
   <trkpt lat="46.2585130" lon="7.5955370">
    <ele>2051.1</ele>
   </trkpt>
   <trkpt lat="46.2584770" lon="7.5955470">
    <ele>2052.4</ele>
   </trkpt>
   <trkpt lat="46.2584400" lon="7.5955560">
    <ele>2052.2</ele>
   </trkpt>
   <trkpt lat="46.2584040" lon="7.5955660">
    <ele>2052.0</ele>
   </trkpt>
   <trkpt lat="46.2583690" lon="7.5956000">
    <ele>2053.3</ele>
   </trkpt>
   <trkpt lat="46.2583340" lon="7.5956350">
    <ele>2055.0</ele>
   </trkpt>
   <trkpt lat="46.2582980" lon="7.5956690">
    <ele>2055.0</ele>
   </trkpt>
   <trkpt lat="46.2582820" lon="7.5956890">
    <ele>2055.9</ele>
   </trkpt>
   <trkpt lat="46.2582650" lon="7.5957100">
    <ele>2055.8</ele>
   </trkpt>
   <trkpt lat="46.2582490" lon="7.5957300">
    <ele>2057.2</ele>
   </trkpt>
   <trkpt lat="46.2582090" lon="7.5957460">
    <ele>2057.1</ele>
   </trkpt>
   <trkpt lat="46.2581690" lon="7.5957620">
    <ele>2058.6</ele>
   </trkpt>
   <trkpt lat="46.2581290" lon="7.5957780">
    <ele>2059.2</ele>
   </trkpt>
   <trkpt lat="46.2580960" lon="7.5957880">
    <ele>2059.4</ele>
   </trkpt>
   <trkpt lat="46.2580630" lon="7.5957980">
    <ele>2059.7</ele>
   </trkpt>
   <trkpt lat="46.2580410" lon="7.5958030">
    <ele>2061.4</ele>
   </trkpt>
   <trkpt lat="46.2580200" lon="7.5958080">
    <ele>2061.0</ele>
   </trkpt>
   <trkpt lat="46.2580070" lon="7.5958130">
    <ele>2061.3</ele>
   </trkpt>
   <trkpt lat="46.2579950" lon="7.5958190">
    <ele>2061.3</ele>
   </trkpt>
   <trkpt lat="46.2579880" lon="7.5958280">
    <ele>2061.3</ele>
   </trkpt>
   <trkpt lat="46.2579820" lon="7.5958380">
    <ele>2061.3</ele>
   </trkpt>
   <trkpt lat="46.2579750" lon="7.5958470">
    <ele>2061.3</ele>
   </trkpt>
   <trkpt lat="46.2579690" lon="7.5958560">
    <ele>2061.3</ele>
   </trkpt>
   <trkpt lat="46.2579630" lon="7.5958570">
    <ele>2061.3</ele>
   </trkpt>
   <trkpt lat="46.2579570" lon="7.5958580">
    <ele>2061.3</ele>
   </trkpt>
   <trkpt lat="46.2579550" lon="7.5958460">
    <ele>2061.3</ele>
   </trkpt>
   <trkpt lat="46.2579530" lon="7.5958330">
    <ele>2061.3</ele>
   </trkpt>
   <trkpt lat="46.2579450" lon="7.5958060">
    <ele>2061.3</ele>
   </trkpt>
   <trkpt lat="46.2579370" lon="7.5957790">
    <ele>2061.3</ele>
   </trkpt>
   <trkpt lat="46.2579220" lon="7.5957400">
    <ele>2061.3</ele>
   </trkpt>
   <trkpt lat="46.2579070" lon="7.5957010">
    <ele>2061.4</ele>
   </trkpt>
   <trkpt lat="46.2578860" lon="7.5956590">
    <ele>2061.4</ele>
   </trkpt>
   <trkpt lat="46.2578660" lon="7.5956170">
    <ele>2061.4</ele>
   </trkpt>
   <trkpt lat="46.2578450" lon="7.5955880">
    <ele>2061.4</ele>
   </trkpt>
   <trkpt lat="46.2578230" lon="7.5955580">
    <ele>2061.4</ele>
   </trkpt>
   <trkpt lat="46.2578050" lon="7.5955410">
    <ele>2061.4</ele>
   </trkpt>
   <trkpt lat="46.2577870" lon="7.5955230">
    <ele>2061.4</ele>
   </trkpt>
   <trkpt lat="46.2577640" lon="7.5954950">
    <ele>2061.4</ele>
   </trkpt>
   <trkpt lat="46.2577560" lon="7.5954840">
    <ele>2061.4</ele>
   </trkpt>
   <trkpt lat="46.2577480" lon="7.5954720">
    <ele>2061.4</ele>
   </trkpt>
   <trkpt lat="46.2577400" lon="7.5954600">
    <ele>2061.4</ele>
   </trkpt>
   <trkpt lat="46.2577320" lon="7.5954480">
    <ele>2061.4</ele>
   </trkpt>
   <trkpt lat="46.2577240" lon="7.5954350">
    <ele>2061.4</ele>
   </trkpt>
   <trkpt lat="46.2577040" lon="7.5954110">
    <ele>2061.4</ele>
   </trkpt>
   <trkpt lat="46.2576840" lon="7.5953870">
    <ele>2061.4</ele>
   </trkpt>
   <trkpt lat="46.2576490" lon="7.5953520">
    <ele>2061.4</ele>
   </trkpt>
   <trkpt lat="46.2576130" lon="7.5953170">
    <ele>2061.4</ele>
   </trkpt>
   <trkpt lat="46.2575680" lon="7.5952770">
    <ele>2061.4</ele>
   </trkpt>
   <trkpt lat="46.2575230" lon="7.5952380">
    <ele>2061.4</ele>
   </trkpt>
   <trkpt lat="46.2574840" lon="7.5951940">
    <ele>2061.3</ele>
   </trkpt>
   <trkpt lat="46.2574440" lon="7.5951510">
    <ele>2061.1</ele>
   </trkpt>
   <trkpt lat="46.2574070" lon="7.5951100">
    <ele>2061.0</ele>
   </trkpt>
   <trkpt lat="46.2573700" lon="7.5950690">
    <ele>2060.8</ele>
   </trkpt>
   <trkpt lat="46.2573310" lon="7.5950320">
    <ele>2060.7</ele>
   </trkpt>
   <trkpt lat="46.2572930" lon="7.5949960">
    <ele>2060.5</ele>
   </trkpt>
   <trkpt lat="46.2572540" lon="7.5949680">
    <ele>2060.4</ele>
   </trkpt>
   <trkpt lat="46.2572150" lon="7.5949390">
    <ele>2060.2</ele>
   </trkpt>
   <trkpt lat="46.2571730" lon="7.5949150">
    <ele>2060.1</ele>
   </trkpt>
   <trkpt lat="46.2571320" lon="7.5948910">
    <ele>2059.9</ele>
   </trkpt>
   <trkpt lat="46.2570920" lon="7.5948660">
    <ele>2059.8</ele>
   </trkpt>
   <trkpt lat="46.2570520" lon="7.5948410">
    <ele>2059.6</ele>
   </trkpt>
   <trkpt lat="46.2570200" lon="7.5948120">
    <ele>2059.5</ele>
   </trkpt>
   <trkpt lat="46.2569880" lon="7.5947830">
    <ele>2059.4</ele>
   </trkpt>
   <trkpt lat="46.2569640" lon="7.5947450">
    <ele>2059.3</ele>
   </trkpt>
   <trkpt lat="46.2569400" lon="7.5947080">
    <ele>2059.2</ele>
   </trkpt>
   <trkpt lat="46.2569200" lon="7.5946670">
    <ele>2059.1</ele>
   </trkpt>
   <trkpt lat="46.2569000" lon="7.5946270">
    <ele>2059.0</ele>
   </trkpt>
   <trkpt lat="46.2568790" lon="7.5945860">
    <ele>2058.8</ele>
   </trkpt>
   <trkpt lat="46.2568580" lon="7.5945450">
    <ele>2058.7</ele>
   </trkpt>
   <trkpt lat="46.2568360" lon="7.5944980">
    <ele>2058.6</ele>
   </trkpt>
   <trkpt lat="46.2568130" lon="7.5944510">
    <ele>2058.4</ele>
   </trkpt>
   <trkpt lat="46.2567940" lon="7.5944020">
    <ele>2058.3</ele>
   </trkpt>
   <trkpt lat="46.2567750" lon="7.5943540">
    <ele>2058.2</ele>
   </trkpt>
   <trkpt lat="46.2567560" lon="7.5943060">
    <ele>2058.0</ele>
   </trkpt>
   <trkpt lat="46.2567370" lon="7.5942570">
    <ele>2057.9</ele>
   </trkpt>
   <trkpt lat="46.2567200" lon="7.5942050">
    <ele>2057.8</ele>
   </trkpt>
   <trkpt lat="46.2567030" lon="7.5941520">
    <ele>2057.7</ele>
   </trkpt>
   <trkpt lat="46.2566850" lon="7.5941000">
    <ele>2057.6</ele>
   </trkpt>
   <trkpt lat="46.2566660" lon="7.5940490">
    <ele>2057.5</ele>
   </trkpt>
   <trkpt lat="46.2566400" lon="7.5940000">
    <ele>2057.3</ele>
   </trkpt>
   <trkpt lat="46.2566150" lon="7.5939520">
    <ele>2057.2</ele>
   </trkpt>
   <trkpt lat="46.2565830" lon="7.5939060">
    <ele>2057.0</ele>
   </trkpt>
   <trkpt lat="46.2565510" lon="7.5938610">
    <ele>2056.8</ele>
   </trkpt>
   <trkpt lat="46.2565130" lon="7.5938180">
    <ele>2056.6</ele>
   </trkpt>
   <trkpt lat="46.2564750" lon="7.5937750">
    <ele>2056.3</ele>
   </trkpt>
   <trkpt lat="46.2564340" lon="7.5937320">
    <ele>2056.0</ele>
   </trkpt>
   <trkpt lat="46.2563920" lon="7.5936890">
    <ele>2055.8</ele>
   </trkpt>
   <trkpt lat="46.2563550" lon="7.5936390">
    <ele>2055.5</ele>
   </trkpt>
   <trkpt lat="46.2563180" lon="7.5935890">
    <ele>2055.2</ele>
   </trkpt>
   <trkpt lat="46.2562890" lon="7.5935310">
    <ele>2054.9</ele>
   </trkpt>
   <trkpt lat="46.2562590" lon="7.5934730">
    <ele>2054.7</ele>
   </trkpt>
   <trkpt lat="46.2562360" lon="7.5934160">
    <ele>2054.4</ele>
   </trkpt>
   <trkpt lat="46.2562140" lon="7.5933600">
    <ele>2054.1</ele>
   </trkpt>
   <trkpt lat="46.2561910" lon="7.5933080">
    <ele>2053.9</ele>
   </trkpt>
   <trkpt lat="46.2561680" lon="7.5932550">
    <ele>2053.6</ele>
   </trkpt>
   <trkpt lat="46.2561410" lon="7.5932070">
    <ele>2053.3</ele>
   </trkpt>
   <trkpt lat="46.2561140" lon="7.5931590">
    <ele>2052.9</ele>
   </trkpt>
   <trkpt lat="46.2560900" lon="7.5931110">
    <ele>2052.6</ele>
   </trkpt>
   <trkpt lat="46.2560660" lon="7.5930640">
    <ele>2052.3</ele>
   </trkpt>
   <trkpt lat="46.2560460" lon="7.5930180">
    <ele>2051.9</ele>
   </trkpt>
   <trkpt lat="46.2560250" lon="7.5929720">
    <ele>2051.6</ele>
   </trkpt>
   <trkpt lat="46.2560000" lon="7.5929330">
    <ele>2051.3</ele>
   </trkpt>
   <trkpt lat="46.2559740" lon="7.5928940">
    <ele>2050.9</ele>
   </trkpt>
   <trkpt lat="46.2559440" lon="7.5928580">
    <ele>2050.5</ele>
   </trkpt>
   <trkpt lat="46.2559130" lon="7.5928220">
    <ele>2050.1</ele>
   </trkpt>
   <trkpt lat="46.2558780" lon="7.5927880">
    <ele>2049.7</ele>
   </trkpt>
   <trkpt lat="46.2558430" lon="7.5927540">
    <ele>2049.2</ele>
   </trkpt>
   <trkpt lat="46.2558070" lon="7.5927180">
    <ele>2048.8</ele>
   </trkpt>
   <trkpt lat="46.2557710" lon="7.5926830">
    <ele>2048.3</ele>
   </trkpt>
   <trkpt lat="46.2557310" lon="7.5926510">
    <ele>2047.8</ele>
   </trkpt>
   <trkpt lat="46.2556910" lon="7.5926190">
    <ele>2047.3</ele>
   </trkpt>
   <trkpt lat="46.2556480" lon="7.5925910">
    <ele>2046.7</ele>
   </trkpt>
   <trkpt lat="46.2556060" lon="7.5925630">
    <ele>2046.2</ele>
   </trkpt>
   <trkpt lat="46.2555720" lon="7.5925360">
    <ele>2045.8</ele>
   </trkpt>
   <trkpt lat="46.2555390" lon="7.5925080">
    <ele>2045.3</ele>
   </trkpt>
   <trkpt lat="46.2555180" lon="7.5924810">
    <ele>2045.0</ele>
   </trkpt>
   <trkpt lat="46.2554980" lon="7.5924550">
    <ele>2044.7</ele>
   </trkpt>
   <trkpt lat="46.2554850" lon="7.5924320">
    <ele>2044.4</ele>
   </trkpt>
   <trkpt lat="46.2554730" lon="7.5924090">
    <ele>2044.2</ele>
   </trkpt>
   <trkpt lat="46.2554530" lon="7.5923890">
    <ele>2043.9</ele>
   </trkpt>
   <trkpt lat="46.2554330" lon="7.5923700">
    <ele>2043.7</ele>
   </trkpt>
   <trkpt lat="46.2553960" lon="7.5923520">
    <ele>2043.2</ele>
   </trkpt>
   <trkpt lat="46.2553590" lon="7.5923350">
    <ele>2042.8</ele>
   </trkpt>
   <trkpt lat="46.2553100" lon="7.5923280">
    <ele>2042.3</ele>
   </trkpt>
   <trkpt lat="46.2552600" lon="7.5923210">
    <ele>2041.8</ele>
   </trkpt>
   <trkpt lat="46.2552050" lon="7.5923260">
    <ele>2041.3</ele>
   </trkpt>
   <trkpt lat="46.2551500" lon="7.5923300">
    <ele>2040.8</ele>
   </trkpt>
   <trkpt lat="46.2550950" lon="7.5923350">
    <ele>2040.3</ele>
   </trkpt>
   <trkpt lat="46.2550400" lon="7.5923400">
    <ele>2039.8</ele>
   </trkpt>
   <trkpt lat="46.2549900" lon="7.5923520">
    <ele>2039.3</ele>
   </trkpt>
   <trkpt lat="46.2549390" lon="7.5923630">
    <ele>2038.8</ele>
   </trkpt>
   <trkpt lat="46.2548920" lon="7.5923900">
    <ele>2038.2</ele>
   </trkpt>
   <trkpt lat="46.2548450" lon="7.5924170">
    <ele>2037.7</ele>
   </trkpt>
   <trkpt lat="46.2548000" lon="7.5924510">
    <ele>2037.1</ele>
   </trkpt>
   <trkpt lat="46.2547540" lon="7.5924840">
    <ele>2036.6</ele>
   </trkpt>
   <trkpt lat="46.2547060" lon="7.5925200">
    <ele>2035.9</ele>
   </trkpt>
   <trkpt lat="46.2546590" lon="7.5925560">
    <ele>2035.4</ele>
   </trkpt>
   <trkpt lat="46.2546140" lon="7.5925930">
    <ele>2034.8</ele>
   </trkpt>
   <trkpt lat="46.2545700" lon="7.5926290">
    <ele>2034.2</ele>
   </trkpt>
   <trkpt lat="46.2545290" lon="7.5926710">
    <ele>2033.7</ele>
   </trkpt>
   <trkpt lat="46.2544890" lon="7.5927120">
    <ele>2033.2</ele>
   </trkpt>
   <trkpt lat="46.2544470" lon="7.5927480">
    <ele>2032.8</ele>
   </trkpt>
   <trkpt lat="46.2544050" lon="7.5927830">
    <ele>2032.4</ele>
   </trkpt>
   <trkpt lat="46.2543660" lon="7.5928160">
    <ele>2032.1</ele>
   </trkpt>
   <trkpt lat="46.2543280" lon="7.5928490">
    <ele>2031.8</ele>
   </trkpt>
   <trkpt lat="46.2542960" lon="7.5928830">
    <ele>2031.6</ele>
   </trkpt>
   <trkpt lat="46.2542630" lon="7.5929180">
    <ele>2031.3</ele>
   </trkpt>
   <trkpt lat="46.2542280" lon="7.5929620">
    <ele>2031.0</ele>
   </trkpt>
   <trkpt lat="46.2542130" lon="7.5929780">
    <ele>2030.9</ele>
   </trkpt>
   <trkpt lat="46.2541990" lon="7.5929940">
    <ele>2030.7</ele>
   </trkpt>
   <trkpt lat="46.2541750" lon="7.5930160">
    <ele>2030.6</ele>
   </trkpt>
   <trkpt lat="46.2541450" lon="7.5930380">
    <ele>2028.9</ele>
   </trkpt>
   <trkpt lat="46.2541150" lon="7.5930590">
    <ele>2028.0</ele>
   </trkpt>
   <trkpt lat="46.2540650" lon="7.5931000">
    <ele>2025.7</ele>
   </trkpt>
   <trkpt lat="46.2540440" lon="7.5931190">
    <ele>2025.7</ele>
   </trkpt>
   <trkpt lat="46.2540240" lon="7.5931380">
    <ele>2024.2</ele>
   </trkpt>
   <trkpt lat="46.2539940" lon="7.5931670">
    <ele>2023.4</ele>
   </trkpt>
   <trkpt lat="46.2539610" lon="7.5931890">
    <ele>2022.5</ele>
   </trkpt>
   <trkpt lat="46.2539270" lon="7.5932120">
    <ele>2020.9</ele>
   </trkpt>
   <trkpt lat="46.2538930" lon="7.5932380">
    <ele>2020.0</ele>
   </trkpt>
   <trkpt lat="46.2538590" lon="7.5932640">
    <ele>2018.4</ele>
   </trkpt>
   <trkpt lat="46.2538380" lon="7.5932900">
    <ele>2017.6</ele>
   </trkpt>
   <trkpt lat="46.2538160" lon="7.5933170">
    <ele>2016.8</ele>
   </trkpt>
   <trkpt lat="46.2537940" lon="7.5933440">
    <ele>2015.5</ele>
   </trkpt>
   <trkpt lat="46.2537550" lon="7.5933960">
    <ele>2014.9</ele>
   </trkpt>
   <trkpt lat="46.2537160" lon="7.5934480">
    <ele>2015.0</ele>
   </trkpt>
   <trkpt lat="46.2536750" lon="7.5934980">
    <ele>2013.4</ele>
   </trkpt>
   <trkpt lat="46.2536330" lon="7.5935490">
    <ele>2012.7</ele>
   </trkpt>
   <trkpt lat="46.2535940" lon="7.5935990">
    <ele>2012.1</ele>
   </trkpt>
   <trkpt lat="46.2535550" lon="7.5936500">
    <ele>2010.2</ele>
   </trkpt>
   <trkpt lat="46.2535240" lon="7.5937080">
    <ele>2010.2</ele>
   </trkpt>
   <trkpt lat="46.2534920" lon="7.5937660">
    <ele>2009.7</ele>
   </trkpt>
   <trkpt lat="46.2534620" lon="7.5938270">
    <ele>2009.3</ele>
   </trkpt>
   <trkpt lat="46.2534310" lon="7.5938870">
    <ele>2009.4</ele>
   </trkpt>
   <trkpt lat="46.2533900" lon="7.5939510">
    <ele>2008.9</ele>
   </trkpt>
   <trkpt lat="46.2533480" lon="7.5940140">
    <ele>2007.8</ele>
   </trkpt>
   <trkpt lat="46.2533080" lon="7.5940810">
    <ele>2007.3</ele>
   </trkpt>
   <trkpt lat="46.2532680" lon="7.5941480">
    <ele>2007.3</ele>
   </trkpt>
   <trkpt lat="46.2532380" lon="7.5942210">
    <ele>2007.2</ele>
   </trkpt>
   <trkpt lat="46.2532070" lon="7.5942940">
    <ele>2006.7</ele>
   </trkpt>
   <trkpt lat="46.2531770" lon="7.5943570">
    <ele>2006.4</ele>
   </trkpt>
   <trkpt lat="46.2531480" lon="7.5944190">
    <ele>2005.8</ele>
   </trkpt>
   <trkpt lat="46.2531060" lon="7.5944640">
    <ele>2004.3</ele>
   </trkpt>
   <trkpt lat="46.2530650" lon="7.5945090">
    <ele>2003.6</ele>
   </trkpt>
   <trkpt lat="46.2530160" lon="7.5945460">
    <ele>2001.9</ele>
   </trkpt>
   <trkpt lat="46.2529680" lon="7.5945820">
    <ele>2000.3</ele>
   </trkpt>
   <trkpt lat="46.2529200" lon="7.5946220">
    <ele>1999.7</ele>
   </trkpt>
   <trkpt lat="46.2528730" lon="7.5946620">
    <ele>1998.1</ele>
   </trkpt>
   <trkpt lat="46.2528270" lon="7.5946970">
    <ele>1997.4</ele>
   </trkpt>
   <trkpt lat="46.2527810" lon="7.5947330">
    <ele>1995.3</ele>
   </trkpt>
   <trkpt lat="46.2527360" lon="7.5947580">
    <ele>1994.0</ele>
   </trkpt>
   <trkpt lat="46.2526910" lon="7.5947830">
    <ele>1991.9</ele>
   </trkpt>
   <trkpt lat="46.2526430" lon="7.5947970">
    <ele>1990.8</ele>
   </trkpt>
   <trkpt lat="46.2525960" lon="7.5948100">
    <ele>1988.5</ele>
   </trkpt>
   <trkpt lat="46.2525570" lon="7.5948300">
    <ele>1987.5</ele>
   </trkpt>
   <trkpt lat="46.2525180" lon="7.5948500">
    <ele>1984.5</ele>
   </trkpt>
   <trkpt lat="46.2524810" lon="7.5948820">
    <ele>1983.3</ele>
   </trkpt>
   <trkpt lat="46.2524440" lon="7.5949130">
    <ele>1982.2</ele>
   </trkpt>
   <trkpt lat="46.2524190" lon="7.5949300">
    <ele>1980.8</ele>
   </trkpt>
   <trkpt lat="46.2523770" lon="7.5949570">
    <ele>1980.0</ele>
   </trkpt>
   <trkpt lat="46.2523600" lon="7.5949680">
    <ele>1978.6</ele>
   </trkpt>
   <trkpt lat="46.2523440" lon="7.5949790">
    <ele>1977.2</ele>
   </trkpt>
   <trkpt lat="46.2523190" lon="7.5949950">
    <ele>1977.8</ele>
   </trkpt>
   <trkpt lat="46.2522450" lon="7.5950320">
    <ele>1974.0</ele>
   </trkpt>
   <trkpt lat="46.2521710" lon="7.5950690">
    <ele>1971.0</ele>
   </trkpt>
   <trkpt lat="46.2521030" lon="7.5950980">
    <ele>1967.1</ele>
   </trkpt>
   <trkpt lat="46.2520360" lon="7.5951280">
    <ele>1964.9</ele>
   </trkpt>
   <trkpt lat="46.2519740" lon="7.5951550">
    <ele>1961.6</ele>
   </trkpt>
   <trkpt lat="46.2519130" lon="7.5951830">
    <ele>1958.4</ele>
   </trkpt>
   <trkpt lat="46.2518750" lon="7.5952170">
    <ele>1957.0</ele>
   </trkpt>
   <trkpt lat="46.2518360" lon="7.5952520">
    <ele>1954.2</ele>
   </trkpt>
   <trkpt lat="46.2518300" lon="7.5953060">
    <ele>1954.8</ele>
   </trkpt>
   <trkpt lat="46.2518230" lon="7.5953600">
    <ele>1955.5</ele>
   </trkpt>
   <trkpt lat="46.2518320" lon="7.5954230">
    <ele>1956.9</ele>
   </trkpt>
   <trkpt lat="46.2518410" lon="7.5954870">
    <ele>1959.1</ele>
   </trkpt>
   <trkpt lat="46.2518520" lon="7.5955960">
    <ele>1961.3</ele>
   </trkpt>
   <trkpt lat="46.2518580" lon="7.5956400">
    <ele>1962.0</ele>
   </trkpt>
   <trkpt lat="46.2518640" lon="7.5956840">
    <ele>1962.6</ele>
   </trkpt>
   <trkpt lat="46.2518760" lon="7.5957510">
    <ele>1964.7</ele>
   </trkpt>
   <trkpt lat="46.2518800" lon="7.5958110">
    <ele>1966.1</ele>
   </trkpt>
   <trkpt lat="46.2518840" lon="7.5958710">
    <ele>1966.8</ele>
   </trkpt>
   <trkpt lat="46.2518760" lon="7.5959210">
    <ele>1967.4</ele>
   </trkpt>
   <trkpt lat="46.2518670" lon="7.5959720">
    <ele>1966.7</ele>
   </trkpt>
   <trkpt lat="46.2518400" lon="7.5960220">
    <ele>1966.7</ele>
   </trkpt>
   <trkpt lat="46.2518130" lon="7.5960720">
    <ele>1967.3</ele>
   </trkpt>
   <trkpt lat="46.2517730" lon="7.5961230">
    <ele>1965.5</ele>
   </trkpt>
   <trkpt lat="46.2517330" lon="7.5961750">
    <ele>1964.8</ele>
   </trkpt>
   <trkpt lat="46.2516980" lon="7.5962320">
    <ele>1964.9</ele>
   </trkpt>
   <trkpt lat="46.2516620" lon="7.5962900">
    <ele>1962.8</ele>
   </trkpt>
   <trkpt lat="46.2516250" lon="7.5963520">
    <ele>1962.2</ele>
   </trkpt>
   <trkpt lat="46.2515890" lon="7.5964150">
    <ele>1962.6</ele>
   </trkpt>
   <trkpt lat="46.2515420" lon="7.5964750">
    <ele>1960.9</ele>
   </trkpt>
   <trkpt lat="46.2514950" lon="7.5965350">
    <ele>1961.1</ele>
   </trkpt>
   <trkpt lat="46.2514510" lon="7.5965960">
    <ele>1959.0</ele>
   </trkpt>
   <trkpt lat="46.2514080" lon="7.5966570">
    <ele>1958.4</ele>
   </trkpt>
   <trkpt lat="46.2513650" lon="7.5967140">
    <ele>1957.3</ele>
   </trkpt>
   <trkpt lat="46.2513230" lon="7.5967710">
    <ele>1956.8</ele>
   </trkpt>
   <trkpt lat="46.2512790" lon="7.5968220">
    <ele>1956.5</ele>
   </trkpt>
   <trkpt lat="46.2512360" lon="7.5968730">
    <ele>1955.1</ele>
   </trkpt>
   <trkpt lat="46.2511620" lon="7.5969230">
    <ele>1955.0</ele>
   </trkpt>
   <trkpt lat="46.2511320" lon="7.5969360">
    <ele>1953.8</ele>
   </trkpt>
   <trkpt lat="46.2511010" lon="7.5969490">
    <ele>1952.5</ele>
   </trkpt>
   <trkpt lat="46.2510700" lon="7.5969620">
    <ele>1952.3</ele>
   </trkpt>
   <trkpt lat="46.2510390" lon="7.5969750">
    <ele>1950.0</ele>
   </trkpt>
   <trkpt lat="46.2509960" lon="7.5969870">
    <ele>1948.9</ele>
   </trkpt>
   <trkpt lat="46.2509700" lon="7.5970140">
    <ele>1949.0</ele>
   </trkpt>
   <trkpt lat="46.2509430" lon="7.5970420">
    <ele>1948.0</ele>
   </trkpt>
   <trkpt lat="46.2509130" lon="7.5970790">
    <ele>1947.9</ele>
   </trkpt>
   <trkpt lat="46.2508830" lon="7.5971170">
    <ele>1947.8</ele>
   </trkpt>
   <trkpt lat="46.2508500" lon="7.5971610">
    <ele>1947.6</ele>
   </trkpt>
   <trkpt lat="46.2508160" lon="7.5972040">
    <ele>1947.5</ele>
   </trkpt>
   <trkpt lat="46.2507830" lon="7.5972560">
    <ele>1947.5</ele>
   </trkpt>
   <trkpt lat="46.2507500" lon="7.5973080">
    <ele>1948.5</ele>
   </trkpt>
   <trkpt lat="46.2507120" lon="7.5973650">
    <ele>1947.6</ele>
   </trkpt>
   <trkpt lat="46.2506740" lon="7.5974210">
    <ele>1947.5</ele>
   </trkpt>
   <trkpt lat="46.2506360" lon="7.5974790">
    <ele>1948.1</ele>
   </trkpt>
   <trkpt lat="46.2505980" lon="7.5975370">
    <ele>1947.7</ele>
   </trkpt>
   <trkpt lat="46.2505680" lon="7.5975910">
    <ele>1947.3</ele>
   </trkpt>
   <trkpt lat="46.2505390" lon="7.5976450">
    <ele>1946.8</ele>
   </trkpt>
   <trkpt lat="46.2505140" lon="7.5976980">
    <ele>1947.0</ele>
   </trkpt>
   <trkpt lat="46.2504900" lon="7.5977520">
    <ele>1946.4</ele>
   </trkpt>
   <trkpt lat="46.2504660" lon="7.5978010">
    <ele>1945.8</ele>
   </trkpt>
   <trkpt lat="46.2504420" lon="7.5978510">
    <ele>1945.3</ele>
   </trkpt>
   <trkpt lat="46.2504250" lon="7.5979000">
    <ele>1945.8</ele>
   </trkpt>
   <trkpt lat="46.2504070" lon="7.5979490">
    <ele>1945.7</ele>
   </trkpt>
   <trkpt lat="46.2503950" lon="7.5980000">
    <ele>1946.1</ele>
   </trkpt>
   <trkpt lat="46.2503830" lon="7.5980500">
    <ele>1945.4</ele>
   </trkpt>
   <trkpt lat="46.2503830" lon="7.5980500">
    <ele>1945.4</ele>
   </trkpt>
   <trkpt lat="46.2503830" lon="7.5980500">
    <ele>1945.4</ele>
   </trkpt>
   <trkpt lat="46.2503830" lon="7.5980500">
    <ele>1945.4</ele>
   </trkpt>
   <trkpt lat="46.2503830" lon="7.5980500">
    <ele>1945.4</ele>
   </trkpt>
   <trkpt lat="46.2503830" lon="7.5980500">
    <ele>1945.4</ele>
   </trkpt>
   <trkpt lat="46.2503830" lon="7.5980500">
    <ele>1945.4</ele>
   </trkpt>
   <trkpt lat="46.2503830" lon="7.5980500">
    <ele>1945.3</ele>
   </trkpt>
   <trkpt lat="46.2503830" lon="7.5980500">
    <ele>1945.3</ele>
   </trkpt>
   <trkpt lat="46.2503830" lon="7.5980500">
    <ele>1945.3</ele>
   </trkpt>
   <trkpt lat="46.2503830" lon="7.5980500">
    <ele>1945.3</ele>
   </trkpt>
   <trkpt lat="46.2503830" lon="7.5980500">
    <ele>1945.3</ele>
   </trkpt>
   <trkpt lat="46.2503830" lon="7.5980500">
    <ele>1945.3</ele>
   </trkpt>
   <trkpt lat="46.2503830" lon="7.5980500">
    <ele>1945.2</ele>
   </trkpt>
   <trkpt lat="46.2503830" lon="7.5980500">
    <ele>1945.2</ele>
   </trkpt>
   <trkpt lat="46.2503830" lon="7.5980500">
    <ele>1945.2</ele>
   </trkpt>
   <trkpt lat="46.2503830" lon="7.5980500">
    <ele>1945.2</ele>
   </trkpt>
   <trkpt lat="46.2503830" lon="7.5980500">
    <ele>1945.2</ele>
   </trkpt>
   <trkpt lat="46.2503830" lon="7.5980500">
    <ele>1945.2</ele>
   </trkpt>
   <trkpt lat="46.2503830" lon="7.5980500">
    <ele>1945.2</ele>
   </trkpt>
   <trkpt lat="46.2503830" lon="7.5980500">
    <ele>1945.1</ele>
   </trkpt>
   <trkpt lat="46.2503830" lon="7.5980500">
    <ele>1945.1</ele>
   </trkpt>
   <trkpt lat="46.2503830" lon="7.5980500">
    <ele>1945.1</ele>
   </trkpt>
   <trkpt lat="46.2503830" lon="7.5980500">
    <ele>1945.1</ele>
   </trkpt>
   <trkpt lat="46.2503830" lon="7.5980500">
    <ele>1945.1</ele>
   </trkpt>
   <trkpt lat="46.2503830" lon="7.5980500">
    <ele>1945.1</ele>
   </trkpt>
   <trkpt lat="46.2503830" lon="7.5980500">
    <ele>1945.0</ele>
   </trkpt>
   <trkpt lat="46.2503830" lon="7.5980500">
    <ele>1945.0</ele>
   </trkpt>
   <trkpt lat="46.2503830" lon="7.5980500">
    <ele>1945.0</ele>
   </trkpt>
   <trkpt lat="46.2503830" lon="7.5980500">
    <ele>1945.0</ele>
   </trkpt>
   <trkpt lat="46.2503830" lon="7.5980500">
    <ele>1945.0</ele>
   </trkpt>
   <trkpt lat="46.2503830" lon="7.5980500">
    <ele>1945.0</ele>
   </trkpt>
   <trkpt lat="46.2503830" lon="7.5980500">
    <ele>1945.0</ele>
   </trkpt>
   <trkpt lat="46.2503830" lon="7.5980500">
    <ele>1944.9</ele>
   </trkpt>
   <trkpt lat="46.2503830" lon="7.5980500">
    <ele>1944.9</ele>
   </trkpt>
   <trkpt lat="46.2503830" lon="7.5980500">
    <ele>1944.9</ele>
   </trkpt>
   <trkpt lat="46.2503830" lon="7.5980500">
    <ele>1944.9</ele>
   </trkpt>
   <trkpt lat="46.2503830" lon="7.5980500">
    <ele>1944.9</ele>
   </trkpt>
   <trkpt lat="46.2503830" lon="7.5980500">
    <ele>1944.9</ele>
   </trkpt>
   <trkpt lat="46.2505530" lon="7.5997740">
    <ele>1957.0</ele>
   </trkpt>
   <trkpt lat="46.2505420" lon="7.5997810">
    <ele>1957.0</ele>
   </trkpt>
   <trkpt lat="46.2505300" lon="7.5997880">
    <ele>1955.7</ele>
   </trkpt>
   <trkpt lat="46.2505190" lon="7.5997950">
    <ele>1955.8</ele>
   </trkpt>
   <trkpt lat="46.2505080" lon="7.5998020">
    <ele>1955.8</ele>
   </trkpt>
   <trkpt lat="46.2504970" lon="7.5998090">
    <ele>1954.4</ele>
   </trkpt>
   <trkpt lat="46.2504850" lon="7.5998160">
    <ele>1954.3</ele>
   </trkpt>
   <trkpt lat="46.2504640" lon="7.5998330">
    <ele>1953.0</ele>
   </trkpt>
   <trkpt lat="46.2504350" lon="7.5998620">
    <ele>1951.8</ele>
   </trkpt>
   <trkpt lat="46.2504180" lon="7.5998880">
    <ele>1952.0</ele>
   </trkpt>
   <trkpt lat="46.2503890" lon="7.5999320">
    <ele>1950.9</ele>
   </trkpt>
   <trkpt lat="46.2503780" lon="7.5999500">
    <ele>1949.6</ele>
   </trkpt>
   <trkpt lat="46.2503660" lon="7.5999670">
    <ele>1949.8</ele>
   </trkpt>
   <trkpt lat="46.2503490" lon="7.5999940">
    <ele>1948.5</ele>
   </trkpt>
   <trkpt lat="46.2503080" lon="7.6000640">
    <ele>1947.4</ele>
   </trkpt>
   <trkpt lat="46.2502670" lon="7.6001340">
    <ele>1944.3</ele>
   </trkpt>
   <trkpt lat="46.2502440" lon="7.6001950">
    <ele>1944.9</ele>
   </trkpt>
   <trkpt lat="46.2502200" lon="7.6002550">
    <ele>1943.6</ele>
   </trkpt>
   <trkpt lat="46.2502140" lon="7.6003170">
    <ele>1944.3</ele>
   </trkpt>
   <trkpt lat="46.2502080" lon="7.6003790">
    <ele>1943.3</ele>
   </trkpt>
   <trkpt lat="46.2502090" lon="7.6004390">
    <ele>1945.5</ele>
   </trkpt>
   <trkpt lat="46.2502100" lon="7.6004990">
    <ele>1945.9</ele>
   </trkpt>
   <trkpt lat="46.2502060" lon="7.6005560">
    <ele>1944.8</ele>
   </trkpt>
   <trkpt lat="46.2502020" lon="7.6006140">
    <ele>1945.6</ele>
   </trkpt>
   <trkpt lat="46.2501890" lon="7.6006720">
    <ele>1946.0</ele>
   </trkpt>
   <trkpt lat="46.2501760" lon="7.6007300">
    <ele>1945.2</ele>
   </trkpt>
   <trkpt lat="46.2501450" lon="7.6007780">
    <ele>1944.6</ele>
   </trkpt>
   <trkpt lat="46.2501140" lon="7.6008260">
    <ele>1944.7</ele>
   </trkpt>
   <trkpt lat="46.2500710" lon="7.6008620">
    <ele>1943.3</ele>
   </trkpt>
   <trkpt lat="46.2500290" lon="7.6008970">
    <ele>1940.9</ele>
   </trkpt>
   <trkpt lat="46.2499890" lon="7.6009540">
    <ele>1940.7</ele>
   </trkpt>
   <trkpt lat="46.2499780" lon="7.6009790">
    <ele>1940.7</ele>
   </trkpt>
   <trkpt lat="46.2499670" lon="7.6010030">
    <ele>1939.8</ele>
   </trkpt>
   <trkpt lat="46.2499620" lon="7.6010450">
    <ele>1940.5</ele>
   </trkpt>
   <trkpt lat="46.2499750" lon="7.6010980">
    <ele>1942.8</ele>
   </trkpt>
   <trkpt lat="46.2499870" lon="7.6011520">
    <ele>1943.6</ele>
   </trkpt>
   <trkpt lat="46.2499920" lon="7.6012060">
    <ele>1944.4</ele>
   </trkpt>
   <trkpt lat="46.2499980" lon="7.6012600">
    <ele>1946.2</ele>
   </trkpt>
   <trkpt lat="46.2499780" lon="7.6013010">
    <ele>1947.1</ele>
   </trkpt>
   <trkpt lat="46.2499580" lon="7.6013420">
    <ele>1946.5</ele>
   </trkpt>
   <trkpt lat="46.2499270" lon="7.6013680">
    <ele>1945.1</ele>
   </trkpt>
   <trkpt lat="46.2498960" lon="7.6013950">
    <ele>1944.7</ele>
   </trkpt>
   <trkpt lat="46.2498670" lon="7.6014180">
    <ele>1943.5</ele>
   </trkpt>
   <trkpt lat="46.2498380" lon="7.6014420">
    <ele>1943.1</ele>
   </trkpt>
   <trkpt lat="46.2498170" lon="7.6014710">
    <ele>1942.6</ele>
   </trkpt>
   <trkpt lat="46.2497960" lon="7.6015010">
    <ele>1942.6</ele>
   </trkpt>
   <trkpt lat="46.2497770" lon="7.6015320">
    <ele>1942.1</ele>
   </trkpt>
   <trkpt lat="46.2497580" lon="7.6015630">
    <ele>1941.6</ele>
   </trkpt>
   <trkpt lat="46.2497360" lon="7.6015910">
    <ele>1941.6</ele>
   </trkpt>
   <trkpt lat="46.2497130" lon="7.6016180">
    <ele>1941.1</ele>
   </trkpt>
   <trkpt lat="46.2497140" lon="7.6016410">
    <ele>1942.1</ele>
   </trkpt>
   <trkpt lat="46.2497140" lon="7.6016630">
    <ele>1942.0</ele>
   </trkpt>
   <trkpt lat="46.2497150" lon="7.6016860">
    <ele>1943.0</ele>
   </trkpt>
   <trkpt lat="46.2497150" lon="7.6017080">
    <ele>1943.0</ele>
   </trkpt>
   <trkpt lat="46.2497150" lon="7.6017310">
    <ele>1944.0</ele>
   </trkpt>
   <trkpt lat="46.2497160" lon="7.6017540">
    <ele>1944.0</ele>
   </trkpt>
   <trkpt lat="46.2497160" lon="7.6017760">
    <ele>1945.0</ele>
   </trkpt>
   <trkpt lat="46.2497170" lon="7.6017990">
    <ele>1944.9</ele>
   </trkpt>
   <trkpt lat="46.2497170" lon="7.6018210">
    <ele>1945.8</ele>
   </trkpt>
   <trkpt lat="46.2497320" lon="7.6018940">
    <ele>1946.7</ele>
   </trkpt>
   <trkpt lat="46.2497470" lon="7.6019770">
    <ele>1949.9</ele>
   </trkpt>
   <trkpt lat="46.2497600" lon="7.6020840">
    <ele>1952.6</ele>
   </trkpt>
   <trkpt lat="46.2497740" lon="7.6021900">
    <ele>1955.9</ele>
   </trkpt>
   <trkpt lat="46.2497820" lon="7.6022960">
    <ele>1958.8</ele>
   </trkpt>
   <trkpt lat="46.2497910" lon="7.6024020">
    <ele>1960.4</ele>
   </trkpt>
   <trkpt lat="46.2497950" lon="7.6025000">
    <ele>1964.1</ele>
   </trkpt>
   <trkpt lat="46.2497990" lon="7.6025990">
    <ele>1966.3</ele>
   </trkpt>
   <trkpt lat="46.2497920" lon="7.6026800">
    <ele>1966.6</ele>
   </trkpt>
   <trkpt lat="46.2497860" lon="7.6027610">
    <ele>1968.0</ele>
   </trkpt>
   <trkpt lat="46.2497810" lon="7.6028340">
    <ele>1968.7</ele>
   </trkpt>
   <trkpt lat="46.2497770" lon="7.6029080">
    <ele>1970.1</ele>
   </trkpt>
   <trkpt lat="46.2497770" lon="7.6029820">
    <ele>1971.6</ele>
   </trkpt>
   <trkpt lat="46.2497770" lon="7.6030570">
    <ele>1973.1</ele>
   </trkpt>
   <trkpt lat="46.2497820" lon="7.6031300">
    <ele>1973.9</ele>
   </trkpt>
   <trkpt lat="46.2497880" lon="7.6032030">
    <ele>1975.2</ele>
   </trkpt>
   <trkpt lat="46.2497900" lon="7.6032750">
    <ele>1976.3</ele>
   </trkpt>
   <trkpt lat="46.2497920" lon="7.6033480">
    <ele>1976.9</ele>
   </trkpt>
   <trkpt lat="46.2497740" lon="7.6034100">
    <ele>1978.1</ele>
   </trkpt>
   <trkpt lat="46.2497570" lon="7.6034730">
    <ele>1977.5</ele>
   </trkpt>
   <trkpt lat="46.2497200" lon="7.6035270">
    <ele>1977.7</ele>
   </trkpt>
   <trkpt lat="46.2496820" lon="7.6035820">
    <ele>1977.2</ele>
   </trkpt>
   <trkpt lat="46.2496500" lon="7.6036330">
    <ele>1976.6</ele>
   </trkpt>
   <trkpt lat="46.2496170" lon="7.6036840">
    <ele>1976.1</ele>
   </trkpt>
   <trkpt lat="46.2495870" lon="7.6037340">
    <ele>1975.5</ele>
   </trkpt>
   <trkpt lat="46.2495580" lon="7.6037840">
    <ele>1975.7</ele>
   </trkpt>
   <trkpt lat="46.2495320" lon="7.6038320">
    <ele>1975.4</ele>
   </trkpt>
   <trkpt lat="46.2495060" lon="7.6038810">
    <ele>1975.0</ele>
   </trkpt>
   <trkpt lat="46.2494840" lon="7.6039310">
    <ele>1974.7</ele>
   </trkpt>
   <trkpt lat="46.2494610" lon="7.6039810">
    <ele>1974.2</ele>
   </trkpt>
   <trkpt lat="46.2494400" lon="7.6040370">
    <ele>1975.0</ele>
   </trkpt>
   <trkpt lat="46.2494190" lon="7.6040920">
    <ele>1975.4</ele>
   </trkpt>
   <trkpt lat="46.2494050" lon="7.6041520">
    <ele>1975.0</ele>
   </trkpt>
   <trkpt lat="46.2493900" lon="7.6042120">
    <ele>1975.8</ele>
   </trkpt>
   <trkpt lat="46.2493780" lon="7.6042690">
    <ele>1977.6</ele>
   </trkpt>
   <trkpt lat="46.2493650" lon="7.6043270">
    <ele>1977.5</ele>
   </trkpt>
   <trkpt lat="46.2493500" lon="7.6043730">
    <ele>1978.6</ele>
   </trkpt>
   <trkpt lat="46.2493360" lon="7.6044200">
    <ele>1978.8</ele>
   </trkpt>
   <trkpt lat="46.2493220" lon="7.6044560">
    <ele>1979.9</ele>
   </trkpt>
   <trkpt lat="46.2493090" lon="7.6044920">
    <ele>1980.3</ele>
   </trkpt>
   <trkpt lat="46.2492880" lon="7.6045190">
    <ele>1980.7</ele>
   </trkpt>
   <trkpt lat="46.2492670" lon="7.6045460">
    <ele>1980.7</ele>
   </trkpt>
   <trkpt lat="46.2492480" lon="7.6045730">
    <ele>1981.0</ele>
   </trkpt>
   <trkpt lat="46.2492280" lon="7.6046000">
    <ele>1981.3</ele>
   </trkpt>
   <trkpt lat="46.2492090" lon="7.6046300">
    <ele>1981.3</ele>
   </trkpt>
   <trkpt lat="46.2491910" lon="7.6046590">
    <ele>1981.7</ele>
   </trkpt>
   <trkpt lat="46.2491720" lon="7.6046900">
    <ele>1982.9</ele>
   </trkpt>
   <trkpt lat="46.2491540" lon="7.6047210">
    <ele>1982.0</ele>
   </trkpt>
   <trkpt lat="46.2491400" lon="7.6047510">
    <ele>1982.5</ele>
   </trkpt>
   <trkpt lat="46.2491250" lon="7.6047820">
    <ele>1983.8</ele>
   </trkpt>
   <trkpt lat="46.2491120" lon="7.6048130">
    <ele>1983.8</ele>
   </trkpt>
   <trkpt lat="46.2490990" lon="7.6048450">
    <ele>1984.4</ele>
   </trkpt>
   <trkpt lat="46.2490880" lon="7.6048750">
    <ele>1985.8</ele>
   </trkpt>
   <trkpt lat="46.2490780" lon="7.6049050">
    <ele>1986.5</ele>
   </trkpt>
   <trkpt lat="46.2490750" lon="7.6049370">
    <ele>1986.5</ele>
   </trkpt>
   <trkpt lat="46.2490720" lon="7.6049700">
    <ele>1987.9</ele>
   </trkpt>
   <trkpt lat="46.2490780" lon="7.6050110">
    <ele>1989.2</ele>
   </trkpt>
   <trkpt lat="46.2490850" lon="7.6050510">
    <ele>1991.1</ele>
   </trkpt>
   <trkpt lat="46.2490960" lon="7.6050970">
    <ele>1992.4</ele>
   </trkpt>
   <trkpt lat="46.2491070" lon="7.6051430">
    <ele>1993.6</ele>
   </trkpt>
   <trkpt lat="46.2491200" lon="7.6051910">
    <ele>1995.5</ele>
   </trkpt>
   <trkpt lat="46.2491330" lon="7.6052400">
    <ele>1996.8</ele>
   </trkpt>
   <trkpt lat="46.2491430" lon="7.6052930">
    <ele>2000.2</ele>
   </trkpt>
   <trkpt lat="46.2491520" lon="7.6053470">
    <ele>2001.7</ele>
   </trkpt>
   <trkpt lat="46.2491530" lon="7.6054010">
    <ele>2003.1</ele>
   </trkpt>
   <trkpt lat="46.2491540" lon="7.6054550">
    <ele>2004.6</ele>
   </trkpt>
   <trkpt lat="46.2491440" lon="7.6055040">
    <ele>2006.1</ele>
   </trkpt>
   <trkpt lat="46.2491340" lon="7.6055530">
    <ele>2007.7</ele>
   </trkpt>
   <trkpt lat="46.2491180" lon="7.6055970">
    <ele>2009.2</ele>
   </trkpt>
   <trkpt lat="46.2491020" lon="7.6056410">
    <ele>2010.7</ele>
   </trkpt>
   <trkpt lat="46.2490860" lon="7.6056870">
    <ele>2012.2</ele>
   </trkpt>
   <trkpt lat="46.2490700" lon="7.6057340">
    <ele>2013.7</ele>
   </trkpt>
   <trkpt lat="46.2490620" lon="7.6057840">
    <ele>2015.1</ele>
   </trkpt>
   <trkpt lat="46.2490530" lon="7.6058340">
    <ele>2016.4</ele>
   </trkpt>
   <trkpt lat="46.2490540" lon="7.6058840">
    <ele>2017.5</ele>
   </trkpt>
   <trkpt lat="46.2490550" lon="7.6059330">
    <ele>2018.5</ele>
   </trkpt>
   <trkpt lat="46.2490640" lon="7.6059760">
    <ele>2019.3</ele>
   </trkpt>
   <trkpt lat="46.2490730" lon="7.6060190">
    <ele>2020.1</ele>
   </trkpt>
   <trkpt lat="46.2490820" lon="7.6060610">
    <ele>2020.8</ele>
   </trkpt>
   <trkpt lat="46.2490910" lon="7.6061030">
    <ele>2021.6</ele>
   </trkpt>
   <trkpt lat="46.2490890" lon="7.6061470">
    <ele>2022.1</ele>
   </trkpt>
   <trkpt lat="46.2490870" lon="7.6061920">
    <ele>2022.4</ele>
   </trkpt>
   <trkpt lat="46.2490730" lon="7.6062340">
    <ele>2022.8</ele>
   </trkpt>
   <trkpt lat="46.2490590" lon="7.6062770">
    <ele>2023.2</ele>
   </trkpt>
   <trkpt lat="46.2490370" lon="7.6063140">
    <ele>2023.6</ele>
   </trkpt>
   <trkpt lat="46.2490140" lon="7.6063520">
    <ele>2024.0</ele>
   </trkpt>
   <trkpt lat="46.2489890" lon="7.6063820">
    <ele>2024.4</ele>
   </trkpt>
   <trkpt lat="46.2489640" lon="7.6064120">
    <ele>2024.8</ele>
   </trkpt>
   <trkpt lat="46.2489410" lon="7.6064370">
    <ele>2025.2</ele>
   </trkpt>
   <trkpt lat="46.2489180" lon="7.6064620">
    <ele>2025.5</ele>
   </trkpt>
   <trkpt lat="46.2488950" lon="7.6064880">
    <ele>2026.0</ele>
   </trkpt>
   <trkpt lat="46.2488720" lon="7.6065140">
    <ele>2026.4</ele>
   </trkpt>
   <trkpt lat="46.2488500" lon="7.6065430">
    <ele>2026.8</ele>
   </trkpt>
   <trkpt lat="46.2488270" lon="7.6065730">
    <ele>2027.4</ele>
   </trkpt>
   <trkpt lat="46.2488050" lon="7.6066020">
    <ele>2027.9</ele>
   </trkpt>
   <trkpt lat="46.2487830" lon="7.6066310">
    <ele>2028.5</ele>
   </trkpt>
   <trkpt lat="46.2487670" lon="7.6066600">
    <ele>2028.9</ele>
   </trkpt>
   <trkpt lat="46.2487500" lon="7.6066890">
    <ele>2029.4</ele>
   </trkpt>
   <trkpt lat="46.2487360" lon="7.6067130">
    <ele>2029.8</ele>
   </trkpt>
   <trkpt lat="46.2487210" lon="7.6067360">
    <ele>2030.2</ele>
   </trkpt>
   <trkpt lat="46.2487010" lon="7.6067570">
    <ele>2030.7</ele>
   </trkpt>
   <trkpt lat="46.2486660" lon="7.6067800">
    <ele>2031.5</ele>
   </trkpt>
   <trkpt lat="46.2486510" lon="7.6067830">
    <ele>2031.9</ele>
   </trkpt>
   <trkpt lat="46.2486360" lon="7.6067860">
    <ele>2032.2</ele>
   </trkpt>
   <trkpt lat="46.2486130" lon="7.6067910">
    <ele>2032.8</ele>
   </trkpt>
   <trkpt lat="46.2485780" lon="7.6067850">
    <ele>2033.6</ele>
   </trkpt>
   <trkpt lat="46.2485420" lon="7.6067800">
    <ele>2034.5</ele>
   </trkpt>
   <trkpt lat="46.2485210" lon="7.6067840">
    <ele>2035.1</ele>
   </trkpt>
   <trkpt lat="46.2484990" lon="7.6067870">
    <ele>2035.6</ele>
   </trkpt>
   <trkpt lat="46.2484820" lon="7.6067920">
    <ele>2036.0</ele>
   </trkpt>
   <trkpt lat="46.2484650" lon="7.6067970">
    <ele>2036.4</ele>
   </trkpt>
   <trkpt lat="46.2484500" lon="7.6067990">
    <ele>2036.8</ele>
   </trkpt>
   <trkpt lat="46.2484350" lon="7.6068010">
    <ele>2037.2</ele>
   </trkpt>
   <trkpt lat="46.2484200" lon="7.6068040">
    <ele>2037.5</ele>
   </trkpt>
   <trkpt lat="46.2484050" lon="7.6068070">
    <ele>2037.8</ele>
   </trkpt>
   <trkpt lat="46.2483880" lon="7.6068130">
    <ele>2038.2</ele>
   </trkpt>
   <trkpt lat="46.2483710" lon="7.6068190">
    <ele>2038.6</ele>
   </trkpt>
   <trkpt lat="46.2483510" lon="7.6068290">
    <ele>2039.0</ele>
   </trkpt>
   <trkpt lat="46.2483320" lon="7.6068390">
    <ele>2039.5</ele>
   </trkpt>
   <trkpt lat="46.2483110" lon="7.6068550">
    <ele>2040.0</ele>
   </trkpt>
   <trkpt lat="46.2482910" lon="7.6068710">
    <ele>2040.4</ele>
   </trkpt>
   <trkpt lat="46.2482740" lon="7.6068890">
    <ele>2040.9</ele>
   </trkpt>
   <trkpt lat="46.2482570" lon="7.6069080">
    <ele>2041.3</ele>
   </trkpt>
   <trkpt lat="46.2482410" lon="7.6069270">
    <ele>2041.7</ele>
   </trkpt>
   <trkpt lat="46.2482250" lon="7.6069470">
    <ele>2042.2</ele>
   </trkpt>
   <trkpt lat="46.2482110" lon="7.6069680">
    <ele>2042.6</ele>
   </trkpt>
   <trkpt lat="46.2481960" lon="7.6069890">
    <ele>2043.0</ele>
   </trkpt>
   <trkpt lat="46.2481820" lon="7.6070090">
    <ele>2043.4</ele>
   </trkpt>
   <trkpt lat="46.2481690" lon="7.6070300">
    <ele>2043.8</ele>
   </trkpt>
   <trkpt lat="46.2481560" lon="7.6070510">
    <ele>2044.1</ele>
   </trkpt>
   <trkpt lat="46.2481430" lon="7.6070720">
    <ele>2044.5</ele>
   </trkpt>
   <trkpt lat="46.2481280" lon="7.6070940">
    <ele>2044.8</ele>
   </trkpt>
   <trkpt lat="46.2481130" lon="7.6071170">
    <ele>2045.1</ele>
   </trkpt>
   <trkpt lat="46.2480940" lon="7.6071400">
    <ele>2045.5</ele>
   </trkpt>
   <trkpt lat="46.2480740" lon="7.6071630">
    <ele>2045.8</ele>
   </trkpt>
   <trkpt lat="46.2480520" lon="7.6071900">
    <ele>2046.2</ele>
   </trkpt>
   <trkpt lat="46.2480300" lon="7.6072180">
    <ele>2046.6</ele>
   </trkpt>
   <trkpt lat="46.2480040" lon="7.6072530">
    <ele>2047.0</ele>
   </trkpt>
   <trkpt lat="46.2479770" lon="7.6072880">
    <ele>2047.5</ele>
   </trkpt>
   <trkpt lat="46.2479520" lon="7.6073210">
    <ele>2047.9</ele>
   </trkpt>
   <trkpt lat="46.2479260" lon="7.6073550">
    <ele>2048.2</ele>
   </trkpt>
   <trkpt lat="46.2479020" lon="7.6073830">
    <ele>2048.5</ele>
   </trkpt>
   <trkpt lat="46.2478780" lon="7.6074110">
    <ele>2048.8</ele>
   </trkpt>
   <trkpt lat="46.2478570" lon="7.6074390">
    <ele>2049.0</ele>
   </trkpt>
   <trkpt lat="46.2478360" lon="7.6074670">
    <ele>2049.3</ele>
   </trkpt>
   <trkpt lat="46.2478180" lon="7.6074920">
    <ele>2049.5</ele>
   </trkpt>
   <trkpt lat="46.2478010" lon="7.6075180">
    <ele>2049.8</ele>
   </trkpt>
   <trkpt lat="46.2477870" lon="7.6075400">
    <ele>2050.1</ele>
   </trkpt>
   <trkpt lat="46.2477730" lon="7.6075620">
    <ele>2050.4</ele>
   </trkpt>
   <trkpt lat="46.2477570" lon="7.6075840">
    <ele>2050.7</ele>
   </trkpt>
   <trkpt lat="46.2477420" lon="7.6076050">
    <ele>2051.0</ele>
   </trkpt>
   <trkpt lat="46.2477240" lon="7.6076280">
    <ele>2051.4</ele>
   </trkpt>
   <trkpt lat="46.2477060" lon="7.6076510">
    <ele>2051.8</ele>
   </trkpt>
   <trkpt lat="46.2476800" lon="7.6076650">
    <ele>2052.2</ele>
   </trkpt>
   <trkpt lat="46.2476530" lon="7.6076790">
    <ele>2052.6</ele>
   </trkpt>
   <trkpt lat="46.2476190" lon="7.6076870">
    <ele>2053.0</ele>
   </trkpt>
   <trkpt lat="46.2475860" lon="7.6076950">
    <ele>2053.4</ele>
   </trkpt>
   <trkpt lat="46.2475430" lon="7.6076990">
    <ele>2053.9</ele>
   </trkpt>
   <trkpt lat="46.2475010" lon="7.6077030">
    <ele>2054.3</ele>
   </trkpt>
   <trkpt lat="46.2474560" lon="7.6077070">
    <ele>2054.8</ele>
   </trkpt>
   <trkpt lat="46.2474100" lon="7.6077120">
    <ele>2055.3</ele>
   </trkpt>
   <trkpt lat="46.2473730" lon="7.6077220">
    <ele>2055.6</ele>
   </trkpt>
   <trkpt lat="46.2473350" lon="7.6077320">
    <ele>2056.0</ele>
   </trkpt>
   <trkpt lat="46.2473010" lon="7.6077510">
    <ele>2056.4</ele>
   </trkpt>
   <trkpt lat="46.2472670" lon="7.6077700">
    <ele>2056.7</ele>
   </trkpt>
   <trkpt lat="46.2472320" lon="7.6077890">
    <ele>2057.1</ele>
   </trkpt>
   <trkpt lat="46.2471960" lon="7.6078070">
    <ele>2057.5</ele>
   </trkpt>
   <trkpt lat="46.2471590" lon="7.6078260">
    <ele>2057.9</ele>
   </trkpt>
   <trkpt lat="46.2471260" lon="7.6078450">
    <ele>2058.3</ele>
   </trkpt>
   <trkpt lat="46.2470930" lon="7.6078640">
    <ele>2058.7</ele>
   </trkpt>
   <trkpt lat="46.2470650" lon="7.6078820">
    <ele>2059.0</ele>
   </trkpt>
   <trkpt lat="46.2470370" lon="7.6078990">
    <ele>2059.3</ele>
   </trkpt>
   <trkpt lat="46.2470200" lon="7.6079170">
    <ele>2059.5</ele>
   </trkpt>
   <trkpt lat="46.2470020" lon="7.6079340">
    <ele>2059.7</ele>
   </trkpt>
   <trkpt lat="46.2469990" lon="7.6079470">
    <ele>2059.8</ele>
   </trkpt>
   <trkpt lat="46.2469960" lon="7.6079600">
    <ele>2059.9</ele>
   </trkpt>
   <trkpt lat="46.2470020" lon="7.6079650">
    <ele>2060.0</ele>
   </trkpt>
   <trkpt lat="46.2470080" lon="7.6079710">
    <ele>2060.1</ele>
   </trkpt>
   <trkpt lat="46.2470090" lon="7.6079680">
    <ele>2060.1</ele>
   </trkpt>
   <trkpt lat="46.2470110" lon="7.6079650">
    <ele>2060.2</ele>
   </trkpt>
   <trkpt lat="46.2469990" lon="7.6079570">
    <ele>2060.3</ele>
   </trkpt>
   <trkpt lat="46.2469870" lon="7.6079500">
    <ele>2060.4</ele>
   </trkpt>
   <trkpt lat="46.2469630" lon="7.6079410">
    <ele>2060.7</ele>
   </trkpt>
   <trkpt lat="46.2469400" lon="7.6079320">
    <ele>2060.9</ele>
   </trkpt>
   <trkpt lat="46.2469150" lon="7.6079220">
    <ele>2061.2</ele>
   </trkpt>
   <trkpt lat="46.2468900" lon="7.6079120">
    <ele>2061.5</ele>
   </trkpt>
   <trkpt lat="46.2468710" lon="7.6079020">
    <ele>2061.6</ele>
   </trkpt>
   <trkpt lat="46.2468510" lon="7.6078920">
    <ele>2061.8</ele>
   </trkpt>
   <trkpt lat="46.2468340" lon="7.6078820">
    <ele>2062.0</ele>
   </trkpt>
   <trkpt lat="46.2468170" lon="7.6078730">
    <ele>2062.1</ele>
   </trkpt>
   <trkpt lat="46.2467960" lon="7.6078630">
    <ele>2062.3</ele>
   </trkpt>
   <trkpt lat="46.2467750" lon="7.6078530">
    <ele>2062.5</ele>
   </trkpt>
   <trkpt lat="46.2467520" lon="7.6078420">
    <ele>2062.6</ele>
   </trkpt>
   <trkpt lat="46.2467290" lon="7.6078310">
    <ele>2062.8</ele>
   </trkpt>
   <trkpt lat="46.2467070" lon="7.6078240">
    <ele>2063.0</ele>
   </trkpt>
   <trkpt lat="46.2466850" lon="7.6078170">
    <ele>2063.1</ele>
   </trkpt>
   <trkpt lat="46.2466660" lon="7.6078150">
    <ele>2063.3</ele>
   </trkpt>
   <trkpt lat="46.2466480" lon="7.6078120">
    <ele>2063.4</ele>
   </trkpt>
   <trkpt lat="46.2466300" lon="7.6078110">
    <ele>2063.6</ele>
   </trkpt>
   <trkpt lat="46.2466120" lon="7.6078110">
    <ele>2063.8</ele>
   </trkpt>
   <trkpt lat="46.2465930" lon="7.6078120">
    <ele>2064.0</ele>
   </trkpt>
   <trkpt lat="46.2465730" lon="7.6078130">
    <ele>2064.2</ele>
   </trkpt>
   <trkpt lat="46.2465540" lon="7.6078160">
    <ele>2064.4</ele>
   </trkpt>
   <trkpt lat="46.2465350" lon="7.6078200">
    <ele>2064.6</ele>
   </trkpt>
   <trkpt lat="46.2465200" lon="7.6078290">
    <ele>2064.8</ele>
   </trkpt>
   <trkpt lat="46.2465050" lon="7.6078390">
    <ele>2065.0</ele>
   </trkpt>
   <trkpt lat="46.2464890" lon="7.6078520">
    <ele>2065.2</ele>
   </trkpt>
   <trkpt lat="46.2464730" lon="7.6078660">
    <ele>2065.4</ele>
   </trkpt>
   <trkpt lat="46.2464510" lon="7.6078750">
    <ele>2065.6</ele>
   </trkpt>
   <trkpt lat="46.2464290" lon="7.6078850">
    <ele>2065.9</ele>
   </trkpt>
   <trkpt lat="46.2464060" lon="7.6078900">
    <ele>2066.1</ele>
   </trkpt>
   <trkpt lat="46.2463830" lon="7.6078950">
    <ele>2066.3</ele>
   </trkpt>
   <trkpt lat="46.2463640" lon="7.6079010">
    <ele>2066.5</ele>
   </trkpt>
   <trkpt lat="46.2463450" lon="7.6079070">
    <ele>2066.7</ele>
   </trkpt>
   <trkpt lat="46.2463170" lon="7.6079150">
    <ele>2066.9</ele>
   </trkpt>
   <trkpt lat="46.2462890" lon="7.6079240">
    <ele>2067.2</ele>
   </trkpt>
   <trkpt lat="46.2462510" lon="7.6079330">
    <ele>2067.5</ele>
   </trkpt>
   <trkpt lat="46.2462120" lon="7.6079420">
    <ele>2067.9</ele>
   </trkpt>
   <trkpt lat="46.2461710" lon="7.6079520">
    <ele>2068.2</ele>
   </trkpt>
   <trkpt lat="46.2461310" lon="7.6079620">
    <ele>2068.5</ele>
   </trkpt>
   <trkpt lat="46.2460900" lon="7.6079690">
    <ele>2068.7</ele>
   </trkpt>
   <trkpt lat="46.2460490" lon="7.6079750">
    <ele>2069.0</ele>
   </trkpt>
   <trkpt lat="46.2460120" lon="7.6079670">
    <ele>2069.3</ele>
   </trkpt>
   <trkpt lat="46.2459750" lon="7.6079600">
    <ele>2069.5</ele>
   </trkpt>
   <trkpt lat="46.2459460" lon="7.6079410">
    <ele>2069.7</ele>
   </trkpt>
   <trkpt lat="46.2459170" lon="7.6079230">
    <ele>2070.0</ele>
   </trkpt>
   <trkpt lat="46.2458990" lon="7.6079030">
    <ele>2069.9</ele>
   </trkpt>
   <trkpt lat="46.2458800" lon="7.6078830">
    <ele>2069.7</ele>
   </trkpt>
   <trkpt lat="46.2458620" lon="7.6078650">
    <ele>2069.5</ele>
   </trkpt>
   <trkpt lat="46.2458450" lon="7.6078460">
    <ele>2069.2</ele>
   </trkpt>
   <trkpt lat="46.2458200" lon="7.6078200">
    <ele>2068.8</ele>
   </trkpt>
   <trkpt lat="46.2457950" lon="7.6077930">
    <ele>2068.3</ele>
   </trkpt>
   <trkpt lat="46.2457660" lon="7.6077520">
    <ele>2067.6</ele>
   </trkpt>
   <trkpt lat="46.2457370" lon="7.6077110">
    <ele>2066.8</ele>
   </trkpt>
   <trkpt lat="46.2457040" lon="7.6076650">
    <ele>2065.7</ele>
   </trkpt>
   <trkpt lat="46.2456720" lon="7.6076180">
    <ele>2064.6</ele>
   </trkpt>
   <trkpt lat="46.2456290" lon="7.6075760">
    <ele>2063.3</ele>
   </trkpt>
   <trkpt lat="46.2455860" lon="7.6075330">
    <ele>2062.0</ele>
   </trkpt>
   <trkpt lat="46.2455370" lon="7.6075000">
    <ele>2060.5</ele>
   </trkpt>
   <trkpt lat="46.2454880" lon="7.6074680">
    <ele>2059.1</ele>
   </trkpt>
   <trkpt lat="46.2454370" lon="7.6074400">
    <ele>2057.7</ele>
   </trkpt>
   <trkpt lat="46.2453860" lon="7.6074130">
    <ele>2056.5</ele>
   </trkpt>
   <trkpt lat="46.2453340" lon="7.6073820">
    <ele>2055.3</ele>
   </trkpt>
   <trkpt lat="46.2452820" lon="7.6073510">
    <ele>2054.2</ele>
   </trkpt>
   <trkpt lat="46.2452310" lon="7.6073150">
    <ele>2053.1</ele>
   </trkpt>
   <trkpt lat="46.2451800" lon="7.6072790">
    <ele>2052.1</ele>
   </trkpt>
   <trkpt lat="46.2451330" lon="7.6072410">
    <ele>2051.2</ele>
   </trkpt>
   <trkpt lat="46.2450870" lon="7.6072030">
    <ele>2050.4</ele>
   </trkpt>
   <trkpt lat="46.2450480" lon="7.6071670">
    <ele>2049.7</ele>
   </trkpt>
   <trkpt lat="46.2450080" lon="7.6071300">
    <ele>2049.1</ele>
   </trkpt>
   <trkpt lat="46.2449720" lon="7.6070960">
    <ele>2048.5</ele>
   </trkpt>
   <trkpt lat="46.2449360" lon="7.6070620">
    <ele>2048.0</ele>
   </trkpt>
   <trkpt lat="46.2449000" lon="7.6070270">
    <ele>2047.4</ele>
   </trkpt>
   <trkpt lat="46.2448630" lon="7.6069920">
    <ele>2046.8</ele>
   </trkpt>
   <trkpt lat="46.2448300" lon="7.6069490">
    <ele>2046.2</ele>
   </trkpt>
   <trkpt lat="46.2447970" lon="7.6069060">
    <ele>2045.6</ele>
   </trkpt>
   <trkpt lat="46.2447660" lon="7.6068490">
    <ele>2045.0</ele>
   </trkpt>
   <trkpt lat="46.2447350" lon="7.6067920">
    <ele>2044.4</ele>
   </trkpt>
   <trkpt lat="46.2447040" lon="7.6067260">
    <ele>2043.8</ele>
   </trkpt>
   <trkpt lat="46.2446730" lon="7.6066600">
    <ele>2043.3</ele>
   </trkpt>
   <trkpt lat="46.2446420" lon="7.6065930">
    <ele>2042.9</ele>
   </trkpt>
   <trkpt lat="46.2446100" lon="7.6065260">
    <ele>2042.5</ele>
   </trkpt>
   <trkpt lat="46.2445810" lon="7.6064570">
    <ele>2042.1</ele>
   </trkpt>
   <trkpt lat="46.2445510" lon="7.6063870">
    <ele>2041.7</ele>
   </trkpt>
   <trkpt lat="46.2445260" lon="7.6063140">
    <ele>2041.4</ele>
   </trkpt>
   <trkpt lat="46.2445010" lon="7.6062410">
    <ele>2041.2</ele>
   </trkpt>
   <trkpt lat="46.2444810" lon="7.6061730">
    <ele>2041.1</ele>
   </trkpt>
   <trkpt lat="46.2444620" lon="7.6061050">
    <ele>2041.3</ele>
   </trkpt>
   <trkpt lat="46.2444510" lon="7.6060430">
    <ele>2041.6</ele>
   </trkpt>
   <trkpt lat="46.2444390" lon="7.6059810">
    <ele>2042.0</ele>
   </trkpt>
   <trkpt lat="46.2444320" lon="7.6059270">
    <ele>2042.5</ele>
   </trkpt>
   <trkpt lat="46.2444240" lon="7.6058720">
    <ele>2043.0</ele>
   </trkpt>
   <trkpt lat="46.2444180" lon="7.6058270">
    <ele>2043.4</ele>
   </trkpt>
   <trkpt lat="46.2444120" lon="7.6057820">
    <ele>2043.8</ele>
   </trkpt>
   <trkpt lat="46.2444050" lon="7.6057460">
    <ele>2044.1</ele>
   </trkpt>
   <trkpt lat="46.2443990" lon="7.6057100">
    <ele>2044.4</ele>
   </trkpt>
   <trkpt lat="46.2443900" lon="7.6056810">
    <ele>2044.6</ele>
   </trkpt>
   <trkpt lat="46.2443820" lon="7.6056520">
    <ele>2044.8</ele>
   </trkpt>
   <trkpt lat="46.2443670" lon="7.6056240">
    <ele>2045.0</ele>
   </trkpt>
   <trkpt lat="46.2443520" lon="7.6055950">
    <ele>2045.2</ele>
   </trkpt>
   <trkpt lat="46.2443320" lon="7.6055670">
    <ele>2045.4</ele>
   </trkpt>
   <trkpt lat="46.2443120" lon="7.6055390">
    <ele>2045.6</ele>
   </trkpt>
   <trkpt lat="46.2442890" lon="7.6055110">
    <ele>2045.7</ele>
   </trkpt>
   <trkpt lat="46.2442650" lon="7.6054830">
    <ele>2045.8</ele>
   </trkpt>
   <trkpt lat="46.2442400" lon="7.6054580">
    <ele>2046.0</ele>
   </trkpt>
   <trkpt lat="46.2442160" lon="7.6054340">
    <ele>2046.1</ele>
   </trkpt>
   <trkpt lat="46.2441960" lon="7.6054100">
    <ele>2046.3</ele>
   </trkpt>
   <trkpt lat="46.2441760" lon="7.6053850">
    <ele>2046.5</ele>
   </trkpt>
   <trkpt lat="46.2441580" lon="7.6053570">
    <ele>2046.8</ele>
   </trkpt>
   <trkpt lat="46.2441410" lon="7.6053300">
    <ele>2047.1</ele>
   </trkpt>
   <trkpt lat="46.2441270" lon="7.6053060">
    <ele>2047.3</ele>
   </trkpt>
   <trkpt lat="46.2441130" lon="7.6052820">
    <ele>2047.6</ele>
   </trkpt>
   <trkpt lat="46.2440980" lon="7.6052680">
    <ele>2047.9</ele>
   </trkpt>
   <trkpt lat="46.2440830" lon="7.6052530">
    <ele>2048.2</ele>
   </trkpt>
   <trkpt lat="46.2440680" lon="7.6052440">
    <ele>2048.4</ele>
   </trkpt>
   <trkpt lat="46.2440520" lon="7.6052350">
    <ele>2048.7</ele>
   </trkpt>
   <trkpt lat="46.2440380" lon="7.6052260">
    <ele>2048.9</ele>
   </trkpt>
   <trkpt lat="46.2440250" lon="7.6052170">
    <ele>2049.2</ele>
   </trkpt>
   <trkpt lat="46.2440100" lon="7.6052000">
    <ele>2049.5</ele>
   </trkpt>
   <trkpt lat="46.2439960" lon="7.6051820">
    <ele>2049.8</ele>
   </trkpt>
   <trkpt lat="46.2439800" lon="7.6051600">
    <ele>2050.3</ele>
   </trkpt>
   <trkpt lat="46.2439650" lon="7.6051380">
    <ele>2050.6</ele>
   </trkpt>
   <trkpt lat="46.2439420" lon="7.6051170">
    <ele>2051.1</ele>
   </trkpt>
   <trkpt lat="46.2439200" lon="7.6050970">
    <ele>2051.6</ele>
   </trkpt>
   <trkpt lat="46.2438940" lon="7.6050780">
    <ele>2052.1</ele>
   </trkpt>
   <trkpt lat="46.2438680" lon="7.6050600">
    <ele>2052.7</ele>
   </trkpt>
   <trkpt lat="46.2438420" lon="7.6050390">
    <ele>2053.2</ele>
   </trkpt>
   <trkpt lat="46.2438170" lon="7.6050190">
    <ele>2053.6</ele>
   </trkpt>
   <trkpt lat="46.2437860" lon="7.6049970">
    <ele>2054.1</ele>
   </trkpt>
   <trkpt lat="46.2437560" lon="7.6049750">
    <ele>2054.6</ele>
   </trkpt>
   <trkpt lat="46.2437170" lon="7.6049540">
    <ele>2055.0</ele>
   </trkpt>
   <trkpt lat="46.2436790" lon="7.6049340">
    <ele>2055.3</ele>
   </trkpt>
   <trkpt lat="46.2436390" lon="7.6049140">
    <ele>2055.6</ele>
   </trkpt>
   <trkpt lat="46.2435990" lon="7.6048940">
    <ele>2055.9</ele>
   </trkpt>
   <trkpt lat="46.2435640" lon="7.6048730">
    <ele>2056.0</ele>
   </trkpt>
   <trkpt lat="46.2435290" lon="7.6048520">
    <ele>2056.2</ele>
   </trkpt>
   <trkpt lat="46.2434990" lon="7.6048260">
    <ele>2056.3</ele>
   </trkpt>
   <trkpt lat="46.2434700" lon="7.6048000">
    <ele>2056.4</ele>
   </trkpt>
   <trkpt lat="46.2434470" lon="7.6047660">
    <ele>2056.4</ele>
   </trkpt>
   <trkpt lat="46.2434240" lon="7.6047320">
    <ele>2056.4</ele>
   </trkpt>
   <trkpt lat="46.2434040" lon="7.6046940">
    <ele>2056.3</ele>
   </trkpt>
   <trkpt lat="46.2433830" lon="7.6046570">
    <ele>2056.1</ele>
   </trkpt>
   <trkpt lat="46.2433560" lon="7.6046180">
    <ele>2055.7</ele>
   </trkpt>
   <trkpt lat="46.2433290" lon="7.6045800">
    <ele>2055.3</ele>
   </trkpt>
   <trkpt lat="46.2432960" lon="7.6045370">
    <ele>2054.7</ele>
   </trkpt>
   <trkpt lat="46.2432640" lon="7.6044940">
    <ele>2054.0</ele>
   </trkpt>
   <trkpt lat="46.2432300" lon="7.6044410">
    <ele>2053.3</ele>
   </trkpt>
   <trkpt lat="46.2431960" lon="7.6043880">
    <ele>2052.5</ele>
   </trkpt>
   <trkpt lat="46.2431680" lon="7.6043340">
    <ele>2051.9</ele>
   </trkpt>
   <trkpt lat="46.2431270" lon="7.6042640">
    <ele>2051.2</ele>
   </trkpt>
   <trkpt lat="46.2431140" lon="7.6042470">
    <ele>2051.0</ele>
   </trkpt>
   <trkpt lat="46.2431000" lon="7.6042300">
    <ele>2050.9</ele>
   </trkpt>
   <trkpt lat="46.2430810" lon="7.6042050">
    <ele>2050.8</ele>
   </trkpt>
   <trkpt lat="46.2430610" lon="7.6041800">
    <ele>2050.8</ele>
   </trkpt>
   <trkpt lat="46.2430140" lon="7.6041400">
    <ele>2051.0</ele>
   </trkpt>
   <trkpt lat="46.2429670" lon="7.6041000">
    <ele>2051.4</ele>
   </trkpt>
   <trkpt lat="46.2429440" lon="7.6040820">
    <ele>2051.6</ele>
   </trkpt>
   <trkpt lat="46.2429210" lon="7.6040650">
    <ele>2051.7</ele>
   </trkpt>
   <trkpt lat="46.2428980" lon="7.6040470">
    <ele>2051.8</ele>
   </trkpt>
   <trkpt lat="46.2428830" lon="7.6040340">
    <ele>2051.9</ele>
   </trkpt>
   <trkpt lat="46.2428680" lon="7.6040200">
    <ele>2052.0</ele>
   </trkpt>
   <trkpt lat="46.2428530" lon="7.6040120">
    <ele>2052.0</ele>
   </trkpt>
   <trkpt lat="46.2428380" lon="7.6040040">
    <ele>2052.0</ele>
   </trkpt>
   <trkpt lat="46.2428070" lon="7.6039980">
    <ele>2052.0</ele>
   </trkpt>
   <trkpt lat="46.2427750" lon="7.6039910">
    <ele>2052.0</ele>
   </trkpt>
   <trkpt lat="46.2427260" lon="7.6039790">
    <ele>2052.0</ele>
   </trkpt>
   <trkpt lat="46.2426760" lon="7.6039660">
    <ele>2051.8</ele>
   </trkpt>
   <trkpt lat="46.2426480" lon="7.6039560">
    <ele>2051.7</ele>
   </trkpt>
   <trkpt lat="46.2426190" lon="7.6039460">
    <ele>2051.6</ele>
   </trkpt>
   <trkpt lat="46.2425910" lon="7.6039370">
    <ele>2051.4</ele>
   </trkpt>
   <trkpt lat="46.2425630" lon="7.6039270">
    <ele>2051.3</ele>
   </trkpt>
   <trkpt lat="46.2425630" lon="7.6039270">
    <ele>2051.3</ele>
   </trkpt>
   <trkpt lat="46.2425630" lon="7.6039270">
    <ele>2051.3</ele>
   </trkpt>
   <trkpt lat="46.2425630" lon="7.6039270">
    <ele>2051.3</ele>
   </trkpt>
   <trkpt lat="46.2425630" lon="7.6039270">
    <ele>2051.3</ele>
   </trkpt>
   <trkpt lat="46.2425630" lon="7.6039270">
    <ele>2051.3</ele>
   </trkpt>
   <trkpt lat="46.2425350" lon="7.6039230">
    <ele>2051.2</ele>
   </trkpt>
   <trkpt lat="46.2425210" lon="7.6039210">
    <ele>2051.2</ele>
   </trkpt>
   <trkpt lat="46.2425060" lon="7.6039190">
    <ele>2051.2</ele>
   </trkpt>
   <trkpt lat="46.2424920" lon="7.6039090">
    <ele>2051.2</ele>
   </trkpt>
   <trkpt lat="46.2424770" lon="7.6038990">
    <ele>2051.2</ele>
   </trkpt>
   <trkpt lat="46.2424580" lon="7.6038820">
    <ele>2051.2</ele>
   </trkpt>
   <trkpt lat="46.2424400" lon="7.6038660">
    <ele>2051.2</ele>
   </trkpt>
   <trkpt lat="46.2424110" lon="7.6038470">
    <ele>2051.3</ele>
   </trkpt>
   <trkpt lat="46.2423820" lon="7.6038280">
    <ele>2051.3</ele>
   </trkpt>
   <trkpt lat="46.2423420" lon="7.6038090">
    <ele>2051.4</ele>
   </trkpt>
   <trkpt lat="46.2423030" lon="7.6037900">
    <ele>2051.4</ele>
   </trkpt>
   <trkpt lat="46.2422560" lon="7.6037650">
    <ele>2051.5</ele>
   </trkpt>
   <trkpt lat="46.2422080" lon="7.6037390">
    <ele>2051.5</ele>
   </trkpt>
   <trkpt lat="46.2421600" lon="7.6037060">
    <ele>2051.4</ele>
   </trkpt>
   <trkpt lat="46.2421120" lon="7.6036720">
    <ele>2051.4</ele>
   </trkpt>
   <trkpt lat="46.2420730" lon="7.6036390">
    <ele>2051.3</ele>
   </trkpt>
   <trkpt lat="46.2420350" lon="7.6036050">
    <ele>2051.3</ele>
   </trkpt>
   <trkpt lat="46.2420050" lon="7.6035760">
    <ele>2051.3</ele>
   </trkpt>
   <trkpt lat="46.2419740" lon="7.6035480">
    <ele>2051.3</ele>
   </trkpt>
   <trkpt lat="46.2419460" lon="7.6035150">
    <ele>2051.3</ele>
   </trkpt>
   <trkpt lat="46.2419180" lon="7.6034830">
    <ele>2051.4</ele>
   </trkpt>
   <trkpt lat="46.2418870" lon="7.6034360">
    <ele>2051.5</ele>
   </trkpt>
   <trkpt lat="46.2418550" lon="7.6033900">
    <ele>2051.6</ele>
   </trkpt>
   <trkpt lat="46.2418160" lon="7.6033340">
    <ele>2051.8</ele>
   </trkpt>
   <trkpt lat="46.2417770" lon="7.6032780">
    <ele>2052.1</ele>
   </trkpt>
   <trkpt lat="46.2417380" lon="7.6032250">
    <ele>2052.5</ele>
   </trkpt>
   <trkpt lat="46.2417000" lon="7.6031730">
    <ele>2052.9</ele>
   </trkpt>
   <trkpt lat="46.2416650" lon="7.6031340">
    <ele>2053.2</ele>
   </trkpt>
   <trkpt lat="46.2416300" lon="7.6030960">
    <ele>2053.4</ele>
   </trkpt>
   <trkpt lat="46.2415980" lon="7.6030640">
    <ele>2053.4</ele>
   </trkpt>
   <trkpt lat="46.2415660" lon="7.6030320">
    <ele>2053.4</ele>
   </trkpt>
   <trkpt lat="46.2415300" lon="7.6029930">
    <ele>2053.3</ele>
   </trkpt>
   <trkpt lat="46.2414930" lon="7.6029540">
    <ele>2053.2</ele>
   </trkpt>
   <trkpt lat="46.2414530" lon="7.6029010">
    <ele>2053.1</ele>
   </trkpt>
   <trkpt lat="46.2414120" lon="7.6028480">
    <ele>2052.9</ele>
   </trkpt>
   <trkpt lat="46.2413750" lon="7.6027820">
    <ele>2052.5</ele>
   </trkpt>
   <trkpt lat="46.2413390" lon="7.6027160">
    <ele>2051.9</ele>
   </trkpt>
   <trkpt lat="46.2413080" lon="7.6026510">
    <ele>2051.2</ele>
   </trkpt>
   <trkpt lat="46.2412780" lon="7.6025860">
    <ele>2050.4</ele>
   </trkpt>
   <trkpt lat="46.2412510" lon="7.6025280">
    <ele>2049.7</ele>
   </trkpt>
   <trkpt lat="46.2412240" lon="7.6024710">
    <ele>2049.0</ele>
   </trkpt>
   <trkpt lat="46.2411930" lon="7.6024220">
    <ele>2048.3</ele>
   </trkpt>
   <trkpt lat="46.2411610" lon="7.6023740">
    <ele>2047.8</ele>
   </trkpt>
   <trkpt lat="46.2411250" lon="7.6023390">
    <ele>2047.4</ele>
   </trkpt>
   <trkpt lat="46.2410890" lon="7.6023040">
    <ele>2047.2</ele>
   </trkpt>
   <trkpt lat="46.2410520" lon="7.6022790">
    <ele>2047.1</ele>
   </trkpt>
   <trkpt lat="46.2410150" lon="7.6022530">
    <ele>2047.5</ele>
   </trkpt>
   <trkpt lat="46.2409840" lon="7.6022360">
    <ele>2047.9</ele>
   </trkpt>
   <trkpt lat="46.2409520" lon="7.6022190">
    <ele>2048.3</ele>
   </trkpt>
   <trkpt lat="46.2409250" lon="7.6022090">
    <ele>2048.7</ele>
   </trkpt>
   <trkpt lat="46.2408970" lon="7.6021990">
    <ele>2048.9</ele>
   </trkpt>
   <trkpt lat="46.2408710" lon="7.6021980">
    <ele>2049.1</ele>
   </trkpt>
   <trkpt lat="46.2408460" lon="7.6021970">
    <ele>2049.3</ele>
   </trkpt>
   <trkpt lat="46.2408220" lon="7.6022000">
    <ele>2049.5</ele>
   </trkpt>
   <trkpt lat="46.2407980" lon="7.6022030">
    <ele>2049.7</ele>
   </trkpt>
   <trkpt lat="46.2407780" lon="7.6022070">
    <ele>2049.8</ele>
   </trkpt>
   <trkpt lat="46.2407590" lon="7.6022100">
    <ele>2049.9</ele>
   </trkpt>
   <trkpt lat="46.2407400" lon="7.6022140">
    <ele>2050.0</ele>
   </trkpt>
   <trkpt lat="46.2407200" lon="7.6022170">
    <ele>2050.2</ele>
   </trkpt>
   <trkpt lat="46.2407010" lon="7.6022160">
    <ele>2050.4</ele>
   </trkpt>
   <trkpt lat="46.2406820" lon="7.6022150">
    <ele>2050.5</ele>
   </trkpt>
   <trkpt lat="46.2406660" lon="7.6022060">
    <ele>2050.7</ele>
   </trkpt>
   <trkpt lat="46.2406490" lon="7.6021970">
    <ele>2050.9</ele>
   </trkpt>
   <trkpt lat="46.2406340" lon="7.6021760">
    <ele>2051.1</ele>
   </trkpt>
   <trkpt lat="46.2406200" lon="7.6021560">
    <ele>2051.4</ele>
   </trkpt>
   <trkpt lat="46.2406050" lon="7.6021290">
    <ele>2051.7</ele>
   </trkpt>
   <trkpt lat="46.2405900" lon="7.6021020">
    <ele>2052.1</ele>
   </trkpt>
   <trkpt lat="46.2405720" lon="7.6020740">
    <ele>2052.5</ele>
   </trkpt>
   <trkpt lat="46.2405530" lon="7.6020460">
    <ele>2052.9</ele>
   </trkpt>
   <trkpt lat="46.2405340" lon="7.6020200">
    <ele>2053.3</ele>
   </trkpt>
   <trkpt lat="46.2405150" lon="7.6019950">
    <ele>2053.8</ele>
   </trkpt>
   <trkpt lat="46.2404950" lon="7.6019680">
    <ele>2054.3</ele>
   </trkpt>
   <trkpt lat="46.2404760" lon="7.6019420">
    <ele>2054.9</ele>
   </trkpt>
   <trkpt lat="46.2404510" lon="7.6019130">
    <ele>2055.5</ele>
   </trkpt>
   <trkpt lat="46.2404260" lon="7.6018850">
    <ele>2056.2</ele>
   </trkpt>
   <trkpt lat="46.2403960" lon="7.6018550">
    <ele>2057.0</ele>
   </trkpt>
   <trkpt lat="46.2403650" lon="7.6018250">
    <ele>2057.8</ele>
   </trkpt>
   <trkpt lat="46.2403350" lon="7.6017950">
    <ele>2058.6</ele>
   </trkpt>
   <trkpt lat="46.2403050" lon="7.6017660">
    <ele>2059.3</ele>
   </trkpt>
   <trkpt lat="46.2402810" lon="7.6017420">
    <ele>2059.8</ele>
   </trkpt>
   <trkpt lat="46.2402570" lon="7.6017180">
    <ele>2060.3</ele>
   </trkpt>
   <trkpt lat="46.2402350" lon="7.6016990">
    <ele>2060.7</ele>
   </trkpt>
   <trkpt lat="46.2402130" lon="7.6016800">
    <ele>2061.1</ele>
   </trkpt>
   <trkpt lat="46.2401930" lon="7.6016610">
    <ele>2061.4</ele>
   </trkpt>
   <trkpt lat="46.2401720" lon="7.6016430">
    <ele>2061.7</ele>
   </trkpt>
   <trkpt lat="46.2401500" lon="7.6016220">
    <ele>2061.9</ele>
   </trkpt>
   <trkpt lat="46.2401280" lon="7.6016010">
    <ele>2062.1</ele>
   </trkpt>
   <trkpt lat="46.2401010" lon="7.6015790">
    <ele>2062.3</ele>
   </trkpt>
   <trkpt lat="46.2400730" lon="7.6015570">
    <ele>2062.5</ele>
   </trkpt>
   <trkpt lat="46.2400390" lon="7.6015330">
    <ele>2062.8</ele>
   </trkpt>
   <trkpt lat="46.2400060" lon="7.6015100">
    <ele>2063.0</ele>
   </trkpt>
   <trkpt lat="46.2399740" lon="7.6014860">
    <ele>2063.3</ele>
   </trkpt>
   <trkpt lat="46.2399420" lon="7.6014610">
    <ele>2063.7</ele>
   </trkpt>
   <trkpt lat="46.2399160" lon="7.6014390">
    <ele>2064.0</ele>
   </trkpt>
   <trkpt lat="46.2398900" lon="7.6014180">
    <ele>2064.3</ele>
   </trkpt>
   <trkpt lat="46.2398660" lon="7.6014000">
    <ele>2064.6</ele>
   </trkpt>
   <trkpt lat="46.2398430" lon="7.6013830">
    <ele>2064.8</ele>
   </trkpt>
   <trkpt lat="46.2398200" lon="7.6013700">
    <ele>2065.0</ele>
   </trkpt>
   <trkpt lat="46.2397980" lon="7.6013570">
    <ele>2065.3</ele>
   </trkpt>
   <trkpt lat="46.2397780" lon="7.6013450">
    <ele>2065.5</ele>
   </trkpt>
   <trkpt lat="46.2397580" lon="7.6013340">
    <ele>2065.7</ele>
   </trkpt>
   <trkpt lat="46.2397390" lon="7.6013280">
    <ele>2065.9</ele>
   </trkpt>
   <trkpt lat="46.2397200" lon="7.6013220">
    <ele>2066.1</ele>
   </trkpt>
   <trkpt lat="46.2396930" lon="7.6013150">
    <ele>2066.4</ele>
   </trkpt>
   <trkpt lat="46.2396670" lon="7.6013090">
    <ele>2066.7</ele>
   </trkpt>
   <trkpt lat="46.2396410" lon="7.6012960">
    <ele>2067.0</ele>
   </trkpt>
   <trkpt lat="46.2396150" lon="7.6012840">
    <ele>2067.3</ele>
   </trkpt>
   <trkpt lat="46.2395970" lon="7.6012680">
    <ele>2067.6</ele>
   </trkpt>
   <trkpt lat="46.2395790" lon="7.6012530">
    <ele>2067.9</ele>
   </trkpt>
   <trkpt lat="46.2395620" lon="7.6012370">
    <ele>2068.1</ele>
   </trkpt>
   <trkpt lat="46.2395460" lon="7.6012220">
    <ele>2068.4</ele>
   </trkpt>
   <trkpt lat="46.2395280" lon="7.6012140">
    <ele>2068.6</ele>
   </trkpt>
   <trkpt lat="46.2395110" lon="7.6012060">
    <ele>2068.9</ele>
   </trkpt>
   <trkpt lat="46.2394910" lon="7.6012100">
    <ele>2069.1</ele>
   </trkpt>
   <trkpt lat="46.2394720" lon="7.6012140">
    <ele>2069.4</ele>
   </trkpt>
   <trkpt lat="46.2394490" lon="7.6012200">
    <ele>2069.7</ele>
   </trkpt>
   <trkpt lat="46.2394260" lon="7.6012260">
    <ele>2070.0</ele>
   </trkpt>
   <trkpt lat="46.2394060" lon="7.6012340">
    <ele>2070.3</ele>
   </trkpt>
   <trkpt lat="46.2393870" lon="7.6012410">
    <ele>2070.6</ele>
   </trkpt>
   <trkpt lat="46.2393710" lon="7.6012460">
    <ele>2070.9</ele>
   </trkpt>
   <trkpt lat="46.2393550" lon="7.6012510">
    <ele>2071.1</ele>
   </trkpt>
   <trkpt lat="46.2393320" lon="7.6012430">
    <ele>2071.5</ele>
   </trkpt>
   <trkpt lat="46.2393100" lon="7.6012350">
    <ele>2071.8</ele>
   </trkpt>
   <trkpt lat="46.2392760" lon="7.6012130">
    <ele>2072.3</ele>
   </trkpt>
   <trkpt lat="46.2392430" lon="7.6011910">
    <ele>2072.7</ele>
   </trkpt>
   <trkpt lat="46.2392060" lon="7.6011680">
    <ele>2073.1</ele>
   </trkpt>
   <trkpt lat="46.2391690" lon="7.6011460">
    <ele>2073.5</ele>
   </trkpt>
   <trkpt lat="46.2391350" lon="7.6011300">
    <ele>2073.8</ele>
   </trkpt>
   <trkpt lat="46.2391010" lon="7.6011150">
    <ele>2074.2</ele>
   </trkpt>
   <trkpt lat="46.2390730" lon="7.6011080">
    <ele>2074.4</ele>
   </trkpt>
   <trkpt lat="46.2390450" lon="7.6011000">
    <ele>2074.7</ele>
   </trkpt>
   <trkpt lat="46.2390220" lon="7.6010990">
    <ele>2074.9</ele>
   </trkpt>
   <trkpt lat="46.2389990" lon="7.6010970">
    <ele>2075.1</ele>
   </trkpt>
   <trkpt lat="46.2389780" lon="7.6010930">
    <ele>2075.4</ele>
   </trkpt>
   <trkpt lat="46.2389570" lon="7.6010880">
    <ele>2075.6</ele>
   </trkpt>
   <trkpt lat="46.2389320" lon="7.6010770">
    <ele>2075.9</ele>
   </trkpt>
   <trkpt lat="46.2389070" lon="7.6010660">
    <ele>2076.3</ele>
   </trkpt>
   <trkpt lat="46.2388800" lon="7.6010520">
    <ele>2076.6</ele>
   </trkpt>
   <trkpt lat="46.2388530" lon="7.6010380">
    <ele>2077.0</ele>
   </trkpt>
   <trkpt lat="46.2388110" lon="7.6010170">
    <ele>2077.7</ele>
   </trkpt>
   <trkpt lat="46.2387950" lon="7.6010080">
    <ele>2077.9</ele>
   </trkpt>
   <trkpt lat="46.2387780" lon="7.6009990">
    <ele>2078.2</ele>
   </trkpt>
   <trkpt lat="46.2387550" lon="7.6009860">
    <ele>2078.6</ele>
   </trkpt>
   <trkpt lat="46.2387240" lon="7.6009650">
    <ele>2079.1</ele>
   </trkpt>
   <trkpt lat="46.2386930" lon="7.6009440">
    <ele>2079.6</ele>
   </trkpt>
   <trkpt lat="46.2386610" lon="7.6009150">
    <ele>2080.2</ele>
   </trkpt>
   <trkpt lat="46.2386290" lon="7.6008870">
    <ele>2080.8</ele>
   </trkpt>
   <trkpt lat="46.2386040" lon="7.6008530">
    <ele>2081.4</ele>
   </trkpt>
   <trkpt lat="46.2385790" lon="7.6008190">
    <ele>2082.0</ele>
   </trkpt>
   <trkpt lat="46.2385630" lon="7.6007810">
    <ele>2082.5</ele>
   </trkpt>
   <trkpt lat="46.2385470" lon="7.6007440">
    <ele>2083.0</ele>
   </trkpt>
   <trkpt lat="46.2385340" lon="7.6007080">
    <ele>2083.5</ele>
   </trkpt>
   <trkpt lat="46.2385200" lon="7.6006730">
    <ele>2084.0</ele>
   </trkpt>
   <trkpt lat="46.2385030" lon="7.6006390">
    <ele>2084.6</ele>
   </trkpt>
   <trkpt lat="46.2384850" lon="7.6006060">
    <ele>2085.2</ele>
   </trkpt>
   <trkpt lat="46.2384610" lon="7.6005780">
    <ele>2085.8</ele>
   </trkpt>
   <trkpt lat="46.2384370" lon="7.6005510">
    <ele>2086.4</ele>
   </trkpt>
   <trkpt lat="46.2384060" lon="7.6005310">
    <ele>2087.0</ele>
   </trkpt>
   <trkpt lat="46.2383750" lon="7.6005120">
    <ele>2087.6</ele>
   </trkpt>
   <trkpt lat="46.2383410" lon="7.6004960">
    <ele>2088.3</ele>
   </trkpt>
   <trkpt lat="46.2383060" lon="7.6004800">
    <ele>2088.9</ele>
   </trkpt>
   <trkpt lat="46.2382740" lon="7.6004690">
    <ele>2089.3</ele>
   </trkpt>
   <trkpt lat="46.2382410" lon="7.6004570">
    <ele>2089.8</ele>
   </trkpt>
   <trkpt lat="46.2382120" lon="7.6004500">
    <ele>2090.3</ele>
   </trkpt>
   <trkpt lat="46.2381830" lon="7.6004430">
    <ele>2090.7</ele>
   </trkpt>
   <trkpt lat="46.2381560" lon="7.6004390">
    <ele>2091.2</ele>
   </trkpt>
   <trkpt lat="46.2381290" lon="7.6004360">
    <ele>2091.7</ele>
   </trkpt>
   <trkpt lat="46.2381000" lon="7.6004310">
    <ele>2092.2</ele>
   </trkpt>
   <trkpt lat="46.2380700" lon="7.6004250">
    <ele>2092.8</ele>
   </trkpt>
   <trkpt lat="46.2380420" lon="7.6004190">
    <ele>2093.4</ele>
   </trkpt>
   <trkpt lat="46.2380130" lon="7.6004130">
    <ele>2094.0</ele>
   </trkpt>
   <trkpt lat="46.2379860" lon="7.6004080">
    <ele>2094.6</ele>
   </trkpt>
   <trkpt lat="46.2379580" lon="7.6004040">
    <ele>2095.1</ele>
   </trkpt>
   <trkpt lat="46.2379320" lon="7.6004050">
    <ele>2095.7</ele>
   </trkpt>
   <trkpt lat="46.2379060" lon="7.6004060">
    <ele>2096.3</ele>
   </trkpt>
   <trkpt lat="46.2378820" lon="7.6004130">
    <ele>2096.8</ele>
   </trkpt>
   <trkpt lat="46.2378580" lon="7.6004190">
    <ele>2097.3</ele>
   </trkpt>
   <trkpt lat="46.2378380" lon="7.6004260">
    <ele>2097.8</ele>
   </trkpt>
   <trkpt lat="46.2378180" lon="7.6004320">
    <ele>2098.3</ele>
   </trkpt>
   <trkpt lat="46.2377980" lon="7.6004350">
    <ele>2098.7</ele>
   </trkpt>
   <trkpt lat="46.2377790" lon="7.6004370">
    <ele>2099.2</ele>
   </trkpt>
   <trkpt lat="46.2377610" lon="7.6004370">
    <ele>2099.6</ele>
   </trkpt>
   <trkpt lat="46.2377420" lon="7.6004360">
    <ele>2100.0</ele>
   </trkpt>
   <trkpt lat="46.2377260" lon="7.6004410">
    <ele>2100.4</ele>
   </trkpt>
   <trkpt lat="46.2377110" lon="7.6004450">
    <ele>2100.7</ele>
   </trkpt>
   <trkpt lat="46.2376980" lon="7.6004530">
    <ele>2101.1</ele>
   </trkpt>
   <trkpt lat="46.2376860" lon="7.6004600">
    <ele>2101.3</ele>
   </trkpt>
   <trkpt lat="46.2376770" lon="7.6004710">
    <ele>2101.6</ele>
   </trkpt>
   <trkpt lat="46.2376680" lon="7.6004810">
    <ele>2101.9</ele>
   </trkpt>
   <trkpt lat="46.2376630" lon="7.6004950">
    <ele>2102.1</ele>
   </trkpt>
   <trkpt lat="46.2376590" lon="7.6005090">
    <ele>2102.3</ele>
   </trkpt>
   <trkpt lat="46.2376570" lon="7.6005210">
    <ele>2102.5</ele>
   </trkpt>
   <trkpt lat="46.2376560" lon="7.6005340">
    <ele>2102.7</ele>
   </trkpt>
   <trkpt lat="46.2376490" lon="7.6005440">
    <ele>2102.9</ele>
   </trkpt>
   <trkpt lat="46.2376420" lon="7.6005530">
    <ele>2103.1</ele>
   </trkpt>
   <trkpt lat="46.2376250" lon="7.6005590">
    <ele>2103.5</ele>
   </trkpt>
   <trkpt lat="46.2376090" lon="7.6005640">
    <ele>2103.9</ele>
   </trkpt>
   <trkpt lat="46.2375880" lon="7.6005730">
    <ele>2104.3</ele>
   </trkpt>
   <trkpt lat="46.2375670" lon="7.6005830">
    <ele>2104.8</ele>
   </trkpt>
   <trkpt lat="46.2375430" lon="7.6005930">
    <ele>2105.3</ele>
   </trkpt>
   <trkpt lat="46.2375200" lon="7.6006040">
    <ele>2105.8</ele>
   </trkpt>
   <trkpt lat="46.2374940" lon="7.6006090">
    <ele>2106.4</ele>
   </trkpt>
   <trkpt lat="46.2374680" lon="7.6006150">
    <ele>2106.9</ele>
   </trkpt>
   <trkpt lat="46.2374430" lon="7.6006220">
    <ele>2107.5</ele>
   </trkpt>
   <trkpt lat="46.2374180" lon="7.6006300">
    <ele>2108.0</ele>
   </trkpt>
   <trkpt lat="46.2373920" lon="7.6006430">
    <ele>2108.6</ele>
   </trkpt>
   <trkpt lat="46.2373660" lon="7.6006570">
    <ele>2109.2</ele>
   </trkpt>
   <trkpt lat="46.2373370" lon="7.6006700">
    <ele>2109.9</ele>
   </trkpt>
   <trkpt lat="46.2373070" lon="7.6006820">
    <ele>2110.6</ele>
   </trkpt>
   <trkpt lat="46.2372720" lon="7.6006860">
    <ele>2111.3</ele>
   </trkpt>
   <trkpt lat="46.2372370" lon="7.6006900">
    <ele>2112.0</ele>
   </trkpt>
   <trkpt lat="46.2372060" lon="7.6006930">
    <ele>2112.6</ele>
   </trkpt>
   <trkpt lat="46.2371750" lon="7.6006960">
    <ele>2113.1</ele>
   </trkpt>
   <trkpt lat="46.2371500" lon="7.6006970">
    <ele>2113.4</ele>
   </trkpt>
   <trkpt lat="46.2371250" lon="7.6006990">
    <ele>2113.7</ele>
   </trkpt>
   <trkpt lat="46.2370730" lon="7.6006860">
    <ele>2114.1</ele>
   </trkpt>
   <trkpt lat="46.2370520" lon="7.6006820">
    <ele>2114.3</ele>
   </trkpt>
   <trkpt lat="46.2370310" lon="7.6006770">
    <ele>2114.6</ele>
   </trkpt>
   <trkpt lat="46.2370010" lon="7.6006720">
    <ele>2115.0</ele>
   </trkpt>
   <trkpt lat="46.2369680" lon="7.6006650">
    <ele>2115.5</ele>
   </trkpt>
   <trkpt lat="46.2369350" lon="7.6006580">
    <ele>2116.1</ele>
   </trkpt>
   <trkpt lat="46.2369070" lon="7.6006600">
    <ele>2116.5</ele>
   </trkpt>
   <trkpt lat="46.2368790" lon="7.6006620">
    <ele>2116.9</ele>
   </trkpt>
   <trkpt lat="46.2368600" lon="7.6006720">
    <ele>2117.2</ele>
   </trkpt>
   <trkpt lat="46.2368420" lon="7.6006820">
    <ele>2117.5</ele>
   </trkpt>
   <trkpt lat="46.2368250" lon="7.6006970">
    <ele>2117.8</ele>
   </trkpt>
   <trkpt lat="46.2368080" lon="7.6007120">
    <ele>2118.0</ele>
   </trkpt>
   <trkpt lat="46.2367850" lon="7.6007360">
    <ele>2118.4</ele>
   </trkpt>
   <trkpt lat="46.2367630" lon="7.6007590">
    <ele>2118.7</ele>
   </trkpt>
   <trkpt lat="46.2367320" lon="7.6007850">
    <ele>2119.1</ele>
   </trkpt>
   <trkpt lat="46.2367010" lon="7.6008100">
    <ele>2119.5</ele>
   </trkpt>
   <trkpt lat="46.2366610" lon="7.6008280">
    <ele>2120.0</ele>
   </trkpt>
   <trkpt lat="46.2366220" lon="7.6008470">
    <ele>2120.6</ele>
   </trkpt>
   <trkpt lat="46.2365940" lon="7.6008550">
    <ele>2120.9</ele>
   </trkpt>
   <trkpt lat="46.2365660" lon="7.6008620">
    <ele>2121.3</ele>
   </trkpt>
   <trkpt lat="46.2365270" lon="7.6008740">
    <ele>2121.8</ele>
   </trkpt>
   <trkpt lat="46.2364890" lon="7.6008860">
    <ele>2122.3</ele>
   </trkpt>
   <trkpt lat="46.2364510" lon="7.6008990">
    <ele>2122.7</ele>
   </trkpt>
   <trkpt lat="46.2364240" lon="7.6009140">
    <ele>2123.0</ele>
   </trkpt>
   <trkpt lat="46.2363980" lon="7.6009300">
    <ele>2123.3</ele>
   </trkpt>
   <trkpt lat="46.2363790" lon="7.6009430">
    <ele>2123.6</ele>
   </trkpt>
   <trkpt lat="46.2363400" lon="7.6009710">
    <ele>2124.0</ele>
   </trkpt>
   <trkpt lat="46.2363190" lon="7.6009870">
    <ele>2124.3</ele>
   </trkpt>
   <trkpt lat="46.2362990" lon="7.6010030">
    <ele>2124.5</ele>
   </trkpt>
   <trkpt lat="46.2362690" lon="7.6010270">
    <ele>2124.9</ele>
   </trkpt>
   <trkpt lat="46.2362330" lon="7.6010420">
    <ele>2125.3</ele>
   </trkpt>
   <trkpt lat="46.2361970" lon="7.6010570">
    <ele>2125.8</ele>
   </trkpt>
   <trkpt lat="46.2361580" lon="7.6010650">
    <ele>2126.4</ele>
   </trkpt>
   <trkpt lat="46.2361180" lon="7.6010740">
    <ele>2126.9</ele>
   </trkpt>
   <trkpt lat="46.2360820" lon="7.6010850">
    <ele>2127.5</ele>
   </trkpt>
   <trkpt lat="46.2360470" lon="7.6010950">
    <ele>2128.0</ele>
   </trkpt>
   <trkpt lat="46.2360030" lon="7.6011170">
    <ele>2128.7</ele>
   </trkpt>
   <trkpt lat="46.2359600" lon="7.6011380">
    <ele>2129.4</ele>
   </trkpt>
   <trkpt lat="46.2359060" lon="7.6011730">
    <ele>2130.3</ele>
   </trkpt>
   <trkpt lat="46.2358920" lon="7.6011810">
    <ele>2130.5</ele>
   </trkpt>
   <trkpt lat="46.2358780" lon="7.6011890">
    <ele>2130.7</ele>
   </trkpt>
   <trkpt lat="46.2358630" lon="7.6011980">
    <ele>2130.9</ele>
   </trkpt>
   <trkpt lat="46.2358490" lon="7.6012060">
    <ele>2131.2</ele>
   </trkpt>
   <trkpt lat="46.2358340" lon="7.6012150">
    <ele>2131.4</ele>
   </trkpt>
   <trkpt lat="46.2358200" lon="7.6012230">
    <ele>2131.6</ele>
   </trkpt>
   <trkpt lat="46.2357950" lon="7.6012290">
    <ele>2132.0</ele>
   </trkpt>
   <trkpt lat="46.2357590" lon="7.6012460">
    <ele>2132.6</ele>
   </trkpt>
   <trkpt lat="46.2357420" lon="7.6012540">
    <ele>2132.8</ele>
   </trkpt>
   <trkpt lat="46.2357250" lon="7.6012630">
    <ele>2133.1</ele>
   </trkpt>
   <trkpt lat="46.2356950" lon="7.6012800">
    <ele>2133.6</ele>
   </trkpt>
   <trkpt lat="46.2356720" lon="7.6013020">
    <ele>2134.0</ele>
   </trkpt>
   <trkpt lat="46.2356490" lon="7.6013240">
    <ele>2134.4</ele>
   </trkpt>
   <trkpt lat="46.2356310" lon="7.6013470">
    <ele>2134.8</ele>
   </trkpt>
   <trkpt lat="46.2356130" lon="7.6013700">
    <ele>2135.2</ele>
   </trkpt>
   <trkpt lat="46.2355950" lon="7.6013920">
    <ele>2135.5</ele>
   </trkpt>
   <trkpt lat="46.2355780" lon="7.6014130">
    <ele>2135.9</ele>
   </trkpt>
   <trkpt lat="46.2355610" lon="7.6014340">
    <ele>2136.2</ele>
   </trkpt>
   <trkpt lat="46.2355440" lon="7.6014550">
    <ele>2136.6</ele>
   </trkpt>
   <trkpt lat="46.2355290" lon="7.6014730">
    <ele>2136.9</ele>
   </trkpt>
   <trkpt lat="46.2355150" lon="7.6014920">
    <ele>2137.2</ele>
   </trkpt>
   <trkpt lat="46.2355000" lon="7.6015080">
    <ele>2137.5</ele>
   </trkpt>
   <trkpt lat="46.2354850" lon="7.6015240">
    <ele>2137.8</ele>
   </trkpt>
   <trkpt lat="46.2354710" lon="7.6015430">
    <ele>2138.1</ele>
   </trkpt>
   <trkpt lat="46.2354570" lon="7.6015620">
    <ele>2138.4</ele>
   </trkpt>
   <trkpt lat="46.2354460" lon="7.6015940">
    <ele>2138.7</ele>
   </trkpt>
   <trkpt lat="46.2354350" lon="7.6016260">
    <ele>2139.1</ele>
   </trkpt>
   <trkpt lat="46.2354270" lon="7.6016640">
    <ele>2139.6</ele>
   </trkpt>
   <trkpt lat="46.2354180" lon="7.6017010">
    <ele>2140.1</ele>
   </trkpt>
   <trkpt lat="46.2354120" lon="7.6017350">
    <ele>2140.5</ele>
   </trkpt>
   <trkpt lat="46.2354050" lon="7.6017680">
    <ele>2141.0</ele>
   </trkpt>
   <trkpt lat="46.2354030" lon="7.6017980">
    <ele>2141.4</ele>
   </trkpt>
   <trkpt lat="46.2354010" lon="7.6018270">
    <ele>2141.7</ele>
   </trkpt>
   <trkpt lat="46.2353970" lon="7.6018530">
    <ele>2142.1</ele>
   </trkpt>
   <trkpt lat="46.2353930" lon="7.6018790">
    <ele>2142.5</ele>
   </trkpt>
   <trkpt lat="46.2353850" lon="7.6019040">
    <ele>2142.9</ele>
   </trkpt>
   <trkpt lat="46.2353770" lon="7.6019290">
    <ele>2143.2</ele>
   </trkpt>
   <trkpt lat="46.2353670" lon="7.6019520">
    <ele>2143.6</ele>
   </trkpt>
   <trkpt lat="46.2353570" lon="7.6019750">
    <ele>2144.0</ele>
   </trkpt>
   <trkpt lat="46.2353410" lon="7.6019940">
    <ele>2144.4</ele>
   </trkpt>
   <trkpt lat="46.2353260" lon="7.6020130">
    <ele>2144.8</ele>
   </trkpt>
   <trkpt lat="46.2353090" lon="7.6020340">
    <ele>2145.3</ele>
   </trkpt>
   <trkpt lat="46.2352920" lon="7.6020540">
    <ele>2145.7</ele>
   </trkpt>
   <trkpt lat="46.2352810" lon="7.6020800">
    <ele>2146.2</ele>
   </trkpt>
   <trkpt lat="46.2352700" lon="7.6021070">
    <ele>2146.6</ele>
   </trkpt>
   <trkpt lat="46.2352650" lon="7.6021430">
    <ele>2147.1</ele>
   </trkpt>
   <trkpt lat="46.2352600" lon="7.6021790">
    <ele>2147.6</ele>
   </trkpt>
   <trkpt lat="46.2352550" lon="7.6022150">
    <ele>2148.1</ele>
   </trkpt>
   <trkpt lat="46.2352540" lon="7.6022570">
    <ele>2148.7</ele>
   </trkpt>
   <trkpt lat="46.2352520" lon="7.6023000">
    <ele>2149.3</ele>
   </trkpt>
   <trkpt lat="46.2352450" lon="7.6023280">
    <ele>2149.7</ele>
   </trkpt>
   <trkpt lat="46.2352370" lon="7.6023570">
    <ele>2150.1</ele>
   </trkpt>
   <trkpt lat="46.2352250" lon="7.6023770">
    <ele>2150.5</ele>
   </trkpt>
   <trkpt lat="46.2352130" lon="7.6023970">
    <ele>2150.8</ele>
   </trkpt>
   <trkpt lat="46.2352000" lon="7.6024170">
    <ele>2151.2</ele>
   </trkpt>
   <trkpt lat="46.2351880" lon="7.6024370">
    <ele>2151.5</ele>
   </trkpt>
   <trkpt lat="46.2351760" lon="7.6024580">
    <ele>2151.9</ele>
   </trkpt>
   <trkpt lat="46.2351640" lon="7.6024790">
    <ele>2152.2</ele>
   </trkpt>
   <trkpt lat="46.2351490" lon="7.6024940">
    <ele>2152.5</ele>
   </trkpt>
   <trkpt lat="46.2351350" lon="7.6025090">
    <ele>2152.9</ele>
   </trkpt>
   <trkpt lat="46.2351200" lon="7.6025240">
    <ele>2153.2</ele>
   </trkpt>
   <trkpt lat="46.2351060" lon="7.6025380">
    <ele>2153.5</ele>
   </trkpt>
   <trkpt lat="46.2350950" lon="7.6025590">
    <ele>2153.8</ele>
   </trkpt>
   <trkpt lat="46.2350840" lon="7.6025790">
    <ele>2154.1</ele>
   </trkpt>
   <trkpt lat="46.2350780" lon="7.6026050">
    <ele>2154.4</ele>
   </trkpt>
   <trkpt lat="46.2350720" lon="7.6026320">
    <ele>2154.8</ele>
   </trkpt>
   <trkpt lat="46.2350750" lon="7.6026670">
    <ele>2155.1</ele>
   </trkpt>
   <trkpt lat="46.2350780" lon="7.6027030">
    <ele>2155.5</ele>
   </trkpt>
   <trkpt lat="46.2350850" lon="7.6027410">
    <ele>2155.9</ele>
   </trkpt>
   <trkpt lat="46.2350920" lon="7.6027800">
    <ele>2156.2</ele>
   </trkpt>
   <trkpt lat="46.2350980" lon="7.6028170">
    <ele>2156.5</ele>
   </trkpt>
   <trkpt lat="46.2351040" lon="7.6028540">
    <ele>2156.8</ele>
   </trkpt>
   <trkpt lat="46.2351040" lon="7.6028900">
    <ele>2157.0</ele>
   </trkpt>
   <trkpt lat="46.2351040" lon="7.6029260">
    <ele>2157.2</ele>
   </trkpt>
   <trkpt lat="46.2350950" lon="7.6029570">
    <ele>2157.5</ele>
   </trkpt>
   <trkpt lat="46.2350850" lon="7.6029890">
    <ele>2157.7</ele>
   </trkpt>
   <trkpt lat="46.2350660" lon="7.6030140">
    <ele>2157.9</ele>
   </trkpt>
   <trkpt lat="46.2350470" lon="7.6030400">
    <ele>2158.2</ele>
   </trkpt>
   <trkpt lat="46.2350200" lon="7.6030580">
    <ele>2158.5</ele>
   </trkpt>
   <trkpt lat="46.2349930" lon="7.6030760">
    <ele>2158.8</ele>
   </trkpt>
   <trkpt lat="46.2349620" lon="7.6030930">
    <ele>2159.1</ele>
   </trkpt>
   <trkpt lat="46.2349320" lon="7.6031110">
    <ele>2159.5</ele>
   </trkpt>
   <trkpt lat="46.2349000" lon="7.6031290">
    <ele>2159.9</ele>
   </trkpt>
   <trkpt lat="46.2348680" lon="7.6031480">
    <ele>2160.3</ele>
   </trkpt>
   <trkpt lat="46.2348350" lon="7.6031670">
    <ele>2160.7</ele>
   </trkpt>
   <trkpt lat="46.2348020" lon="7.6031850">
    <ele>2161.1</ele>
   </trkpt>
   <trkpt lat="46.2347700" lon="7.6032080">
    <ele>2161.6</ele>
   </trkpt>
   <trkpt lat="46.2347370" lon="7.6032310">
    <ele>2162.0</ele>
   </trkpt>
   <trkpt lat="46.2347050" lon="7.6032560">
    <ele>2162.4</ele>
   </trkpt>
   <trkpt lat="46.2346720" lon="7.6032810">
    <ele>2162.8</ele>
   </trkpt>
   <trkpt lat="46.2346440" lon="7.6033030">
    <ele>2163.0</ele>
   </trkpt>
   <trkpt lat="46.2346160" lon="7.6033250">
    <ele>2163.3</ele>
   </trkpt>
   <trkpt lat="46.2345880" lon="7.6033470">
    <ele>2163.6</ele>
   </trkpt>
   <trkpt lat="46.2345610" lon="7.6033700">
    <ele>2163.9</ele>
   </trkpt>
   <trkpt lat="46.2345300" lon="7.6033920">
    <ele>2164.2</ele>
   </trkpt>
   <trkpt lat="46.2345000" lon="7.6034150">
    <ele>2164.6</ele>
   </trkpt>
   <trkpt lat="46.2344710" lon="7.6034370">
    <ele>2165.0</ele>
   </trkpt>
   <trkpt lat="46.2344410" lon="7.6034580">
    <ele>2165.5</ele>
   </trkpt>
   <trkpt lat="46.2344190" lon="7.6034850">
    <ele>2165.9</ele>
   </trkpt>
   <trkpt lat="46.2343960" lon="7.6035120">
    <ele>2166.4</ele>
   </trkpt>
   <trkpt lat="46.2343820" lon="7.6035450">
    <ele>2166.8</ele>
   </trkpt>
   <trkpt lat="46.2343670" lon="7.6035780">
    <ele>2167.2</ele>
   </trkpt>
   <trkpt lat="46.2343570" lon="7.6036150">
    <ele>2167.7</ele>
   </trkpt>
   <trkpt lat="46.2343470" lon="7.6036510">
    <ele>2168.0</ele>
   </trkpt>
   <trkpt lat="46.2343370" lon="7.6036860">
    <ele>2168.4</ele>
   </trkpt>
   <trkpt lat="46.2343260" lon="7.6037210">
    <ele>2168.7</ele>
   </trkpt>
   <trkpt lat="46.2343170" lon="7.6037560">
    <ele>2169.0</ele>
   </trkpt>
   <trkpt lat="46.2343070" lon="7.6037910">
    <ele>2169.3</ele>
   </trkpt>
   <trkpt lat="46.2342960" lon="7.6038270">
    <ele>2169.6</ele>
   </trkpt>
   <trkpt lat="46.2342840" lon="7.6038620">
    <ele>2169.8</ele>
   </trkpt>
   <trkpt lat="46.2342690" lon="7.6038930">
    <ele>2170.0</ele>
   </trkpt>
   <trkpt lat="46.2342540" lon="7.6039230">
    <ele>2170.3</ele>
   </trkpt>
   <trkpt lat="46.2342370" lon="7.6039530">
    <ele>2170.5</ele>
   </trkpt>
   <trkpt lat="46.2342190" lon="7.6039840">
    <ele>2170.8</ele>
   </trkpt>
   <trkpt lat="46.2342020" lon="7.6040150">
    <ele>2171.2</ele>
   </trkpt>
   <trkpt lat="46.2341850" lon="7.6040460">
    <ele>2171.5</ele>
   </trkpt>
   <trkpt lat="46.2341750" lon="7.6040820">
    <ele>2171.9</ele>
   </trkpt>
   <trkpt lat="46.2341660" lon="7.6041190">
    <ele>2172.3</ele>
   </trkpt>
   <trkpt lat="46.2341580" lon="7.6041550">
    <ele>2172.7</ele>
   </trkpt>
   <trkpt lat="46.2341500" lon="7.6041920">
    <ele>2173.1</ele>
   </trkpt>
   <trkpt lat="46.2341410" lon="7.6042260">
    <ele>2173.5</ele>
   </trkpt>
   <trkpt lat="46.2341320" lon="7.6042610">
    <ele>2173.9</ele>
   </trkpt>
   <trkpt lat="46.2341190" lon="7.6042860">
    <ele>2174.2</ele>
   </trkpt>
   <trkpt lat="46.2341060" lon="7.6043110">
    <ele>2174.6</ele>
   </trkpt>
   <trkpt lat="46.2340930" lon="7.6043360">
    <ele>2174.9</ele>
   </trkpt>
   <trkpt lat="46.2340800" lon="7.6043610">
    <ele>2175.2</ele>
   </trkpt>
   <trkpt lat="46.2340680" lon="7.6043910">
    <ele>2175.6</ele>
   </trkpt>
   <trkpt lat="46.2340560" lon="7.6044210">
    <ele>2175.9</ele>
   </trkpt>
   <trkpt lat="46.2340390" lon="7.6044410">
    <ele>2176.3</ele>
   </trkpt>
   <trkpt lat="46.2340220" lon="7.6044620">
    <ele>2176.6</ele>
   </trkpt>
   <trkpt lat="46.2340110" lon="7.6044860">
    <ele>2176.9</ele>
   </trkpt>
   <trkpt lat="46.2340000" lon="7.6045100">
    <ele>2177.2</ele>
   </trkpt>
   <trkpt lat="46.2339940" lon="7.6045440">
    <ele>2177.6</ele>
   </trkpt>
   <trkpt lat="46.2339890" lon="7.6045790">
    <ele>2178.0</ele>
   </trkpt>
   <trkpt lat="46.2339820" lon="7.6046170">
    <ele>2178.2</ele>
   </trkpt>
   <trkpt lat="46.2339760" lon="7.6046540">
    <ele>2178.4</ele>
   </trkpt>
   <trkpt lat="46.2339640" lon="7.6046880">
    <ele>2178.6</ele>
   </trkpt>
   <trkpt lat="46.2339520" lon="7.6047210">
    <ele>2178.8</ele>
   </trkpt>
   <trkpt lat="46.2339340" lon="7.6047520">
    <ele>2179.0</ele>
   </trkpt>
   <trkpt lat="46.2339150" lon="7.6047830">
    <ele>2179.2</ele>
   </trkpt>
   <trkpt lat="46.2338930" lon="7.6048120">
    <ele>2179.4</ele>
   </trkpt>
   <trkpt lat="46.2338710" lon="7.6048420">
    <ele>2179.6</ele>
   </trkpt>
   <trkpt lat="46.2338490" lon="7.6048670">
    <ele>2179.8</ele>
   </trkpt>
   <trkpt lat="46.2338270" lon="7.6048910">
    <ele>2180.0</ele>
   </trkpt>
   <trkpt lat="46.2338040" lon="7.6049100">
    <ele>2180.2</ele>
   </trkpt>
   <trkpt lat="46.2337820" lon="7.6049280">
    <ele>2180.4</ele>
   </trkpt>
   <trkpt lat="46.2337590" lon="7.6049420">
    <ele>2180.6</ele>
   </trkpt>
   <trkpt lat="46.2337370" lon="7.6049570">
    <ele>2180.9</ele>
   </trkpt>
   <trkpt lat="46.2337150" lon="7.6049700">
    <ele>2181.0</ele>
   </trkpt>
   <trkpt lat="46.2336930" lon="7.6049830">
    <ele>2181.2</ele>
   </trkpt>
   <trkpt lat="46.2336710" lon="7.6050000">
    <ele>2181.4</ele>
   </trkpt>
   <trkpt lat="46.2336490" lon="7.6050170">
    <ele>2181.5</ele>
   </trkpt>
   <trkpt lat="46.2336290" lon="7.6050360">
    <ele>2181.7</ele>
   </trkpt>
   <trkpt lat="46.2336080" lon="7.6050540">
    <ele>2181.8</ele>
   </trkpt>
   <trkpt lat="46.2335890" lon="7.6050740">
    <ele>2181.9</ele>
   </trkpt>
   <trkpt lat="46.2335690" lon="7.6050940">
    <ele>2182.0</ele>
   </trkpt>
   <trkpt lat="46.2335440" lon="7.6051150">
    <ele>2182.1</ele>
   </trkpt>
   <trkpt lat="46.2335200" lon="7.6051360">
    <ele>2182.2</ele>
   </trkpt>
   <trkpt lat="46.2334880" lon="7.6051570">
    <ele>2182.4</ele>
   </trkpt>
   <trkpt lat="46.2334570" lon="7.6051780">
    <ele>2182.6</ele>
   </trkpt>
   <trkpt lat="46.2334240" lon="7.6051990">
    <ele>2182.8</ele>
   </trkpt>
   <trkpt lat="46.2333910" lon="7.6052190">
    <ele>2183.1</ele>
   </trkpt>
   <trkpt lat="46.2333600" lon="7.6052410">
    <ele>2183.3</ele>
   </trkpt>
   <trkpt lat="46.2333280" lon="7.6052630">
    <ele>2183.5</ele>
   </trkpt>
   <trkpt lat="46.2333010" lon="7.6052880">
    <ele>2183.7</ele>
   </trkpt>
   <trkpt lat="46.2332730" lon="7.6053130">
    <ele>2183.9</ele>
   </trkpt>
   <trkpt lat="46.2332480" lon="7.6053420">
    <ele>2184.0</ele>
   </trkpt>
   <trkpt lat="46.2332220" lon="7.6053710">
    <ele>2184.1</ele>
   </trkpt>
   <trkpt lat="46.2331980" lon="7.6053990">
    <ele>2184.2</ele>
   </trkpt>
   <trkpt lat="46.2331740" lon="7.6054270">
    <ele>2184.3</ele>
   </trkpt>
   <trkpt lat="46.2331470" lon="7.6054480">
    <ele>2184.3</ele>
   </trkpt>
   <trkpt lat="46.2331200" lon="7.6054690">
    <ele>2184.3</ele>
   </trkpt>
   <trkpt lat="46.2330900" lon="7.6054850">
    <ele>2184.3</ele>
   </trkpt>
   <trkpt lat="46.2330590" lon="7.6055010">
    <ele>2184.3</ele>
   </trkpt>
   <trkpt lat="46.2330270" lon="7.6055180">
    <ele>2184.2</ele>
   </trkpt>
   <trkpt lat="46.2329950" lon="7.6055360">
    <ele>2184.2</ele>
   </trkpt>
   <trkpt lat="46.2329640" lon="7.6055600">
    <ele>2184.2</ele>
   </trkpt>
   <trkpt lat="46.2329320" lon="7.6055840">
    <ele>2184.3</ele>
   </trkpt>
   <trkpt lat="46.2329020" lon="7.6056130">
    <ele>2184.3</ele>
   </trkpt>
   <trkpt lat="46.2328720" lon="7.6056410">
    <ele>2184.4</ele>
   </trkpt>
   <trkpt lat="46.2328440" lon="7.6056690">
    <ele>2184.5</ele>
   </trkpt>
   <trkpt lat="46.2328170" lon="7.6056960">
    <ele>2184.6</ele>
   </trkpt>
   <trkpt lat="46.2327910" lon="7.6057210">
    <ele>2184.6</ele>
   </trkpt>
   <trkpt lat="46.2327650" lon="7.6057460">
    <ele>2184.7</ele>
   </trkpt>
   <trkpt lat="46.2327420" lon="7.6057680">
    <ele>2184.7</ele>
   </trkpt>
   <trkpt lat="46.2327180" lon="7.6057890">
    <ele>2184.7</ele>
   </trkpt>
   <trkpt lat="46.2326960" lon="7.6058150">
    <ele>2184.7</ele>
   </trkpt>
   <trkpt lat="46.2326740" lon="7.6058400">
    <ele>2184.7</ele>
   </trkpt>
   <trkpt lat="46.2326480" lon="7.6058690">
    <ele>2184.6</ele>
   </trkpt>
   <trkpt lat="46.2326220" lon="7.6058970">
    <ele>2184.6</ele>
   </trkpt>
   <trkpt lat="46.2325930" lon="7.6059230">
    <ele>2184.5</ele>
   </trkpt>
   <trkpt lat="46.2325640" lon="7.6059490">
    <ele>2184.5</ele>
   </trkpt>
   <trkpt lat="46.2325320" lon="7.6059690">
    <ele>2184.5</ele>
   </trkpt>
   <trkpt lat="46.2325000" lon="7.6059890">
    <ele>2184.6</ele>
   </trkpt>
   <trkpt lat="46.2324600" lon="7.6060010">
    <ele>2184.7</ele>
   </trkpt>
   <trkpt lat="46.2324210" lon="7.6060140">
    <ele>2184.8</ele>
   </trkpt>
   <trkpt lat="46.2323800" lon="7.6060250">
    <ele>2184.9</ele>
   </trkpt>
   <trkpt lat="46.2323380" lon="7.6060360">
    <ele>2185.0</ele>
   </trkpt>
   <trkpt lat="46.2322970" lon="7.6060490">
    <ele>2185.1</ele>
   </trkpt>
   <trkpt lat="46.2322560" lon="7.6060620">
    <ele>2185.2</ele>
   </trkpt>
   <trkpt lat="46.2322200" lon="7.6060790">
    <ele>2185.3</ele>
   </trkpt>
   <trkpt lat="46.2321840" lon="7.6060960">
    <ele>2185.5</ele>
   </trkpt>
   <trkpt lat="46.2321540" lon="7.6061220">
    <ele>2185.7</ele>
   </trkpt>
   <trkpt lat="46.2321250" lon="7.6061480">
    <ele>2185.8</ele>
   </trkpt>
   <trkpt lat="46.2320990" lon="7.6061850">
    <ele>2186.0</ele>
   </trkpt>
   <trkpt lat="46.2320740" lon="7.6062220">
    <ele>2186.2</ele>
   </trkpt>
   <trkpt lat="46.2320520" lon="7.6062650">
    <ele>2186.5</ele>
   </trkpt>
   <trkpt lat="46.2320310" lon="7.6063080">
    <ele>2186.7</ele>
   </trkpt>
   <trkpt lat="46.2320090" lon="7.6063510">
    <ele>2186.9</ele>
   </trkpt>
   <trkpt lat="46.2319870" lon="7.6063930">
    <ele>2187.0</ele>
   </trkpt>
   <trkpt lat="46.2319600" lon="7.6064280">
    <ele>2187.2</ele>
   </trkpt>
   <trkpt lat="46.2319320" lon="7.6064630">
    <ele>2187.3</ele>
   </trkpt>
   <trkpt lat="46.2319010" lon="7.6064900">
    <ele>2187.4</ele>
   </trkpt>
   <trkpt lat="46.2318690" lon="7.6065170">
    <ele>2187.5</ele>
   </trkpt>
   <trkpt lat="46.2318430" lon="7.6065390">
    <ele>2187.6</ele>
   </trkpt>
   <trkpt lat="46.2318160" lon="7.6065610">
    <ele>2187.7</ele>
   </trkpt>
   <trkpt lat="46.2317940" lon="7.6065830">
    <ele>2187.8</ele>
   </trkpt>
   <trkpt lat="46.2317710" lon="7.6066060">
    <ele>2187.8</ele>
   </trkpt>
   <trkpt lat="46.2317460" lon="7.6066350">
    <ele>2187.9</ele>
   </trkpt>
   <trkpt lat="46.2317210" lon="7.6066640">
    <ele>2187.9</ele>
   </trkpt>
   <trkpt lat="46.2316990" lon="7.6067040">
    <ele>2188.0</ele>
   </trkpt>
   <trkpt lat="46.2316770" lon="7.6067440">
    <ele>2188.1</ele>
   </trkpt>
   <trkpt lat="46.2316520" lon="7.6067920">
    <ele>2188.1</ele>
   </trkpt>
   <trkpt lat="46.2316280" lon="7.6068390">
    <ele>2188.2</ele>
   </trkpt>
   <trkpt lat="46.2316040" lon="7.6068830">
    <ele>2188.3</ele>
   </trkpt>
   <trkpt lat="46.2315800" lon="7.6069270">
    <ele>2188.4</ele>
   </trkpt>
   <trkpt lat="46.2315560" lon="7.6069620">
    <ele>2188.5</ele>
   </trkpt>
   <trkpt lat="46.2315310" lon="7.6069960">
    <ele>2188.5</ele>
   </trkpt>
   <trkpt lat="46.2315040" lon="7.6070250">
    <ele>2188.6</ele>
   </trkpt>
   <trkpt lat="46.2314770" lon="7.6070540">
    <ele>2188.6</ele>
   </trkpt>
   <trkpt lat="46.2314430" lon="7.6070820">
    <ele>2188.6</ele>
   </trkpt>
   <trkpt lat="46.2314100" lon="7.6071100">
    <ele>2188.5</ele>
   </trkpt>
   <trkpt lat="46.2313760" lon="7.6071440">
    <ele>2188.4</ele>
   </trkpt>
   <trkpt lat="46.2313430" lon="7.6071770">
    <ele>2188.3</ele>
   </trkpt>
   <trkpt lat="46.2313110" lon="7.6072160">
    <ele>2188.2</ele>
   </trkpt>
   <trkpt lat="46.2312780" lon="7.6072550">
    <ele>2188.0</ele>
   </trkpt>
   <trkpt lat="46.2312480" lon="7.6072950">
    <ele>2187.8</ele>
   </trkpt>
   <trkpt lat="46.2312170" lon="7.6073350">
    <ele>2187.6</ele>
   </trkpt>
   <trkpt lat="46.2311870" lon="7.6073750">
    <ele>2187.4</ele>
   </trkpt>
   <trkpt lat="46.2311570" lon="7.6074150">
    <ele>2187.1</ele>
   </trkpt>
   <trkpt lat="46.2311230" lon="7.6074520">
    <ele>2186.8</ele>
   </trkpt>
   <trkpt lat="46.2310890" lon="7.6074890">
    <ele>2186.5</ele>
   </trkpt>
   <trkpt lat="46.2310540" lon="7.6075210">
    <ele>2186.3</ele>
   </trkpt>
   <trkpt lat="46.2310180" lon="7.6075530">
    <ele>2185.9</ele>
   </trkpt>
   <trkpt lat="46.2309880" lon="7.6075880">
    <ele>2185.6</ele>
   </trkpt>
   <trkpt lat="46.2309570" lon="7.6076230">
    <ele>2185.2</ele>
   </trkpt>
   <trkpt lat="46.2309260" lon="7.6076590">
    <ele>2184.8</ele>
   </trkpt>
   <trkpt lat="46.2308950" lon="7.6076950">
    <ele>2184.5</ele>
   </trkpt>
   <trkpt lat="46.2308600" lon="7.6077290">
    <ele>2184.1</ele>
   </trkpt>
   <trkpt lat="46.2308240" lon="7.6077630">
    <ele>2183.7</ele>
   </trkpt>
   <trkpt lat="46.2307860" lon="7.6077920">
    <ele>2183.3</ele>
   </trkpt>
   <trkpt lat="46.2307480" lon="7.6078210">
    <ele>2182.8</ele>
   </trkpt>
   <trkpt lat="46.2307120" lon="7.6078460">
    <ele>2182.4</ele>
   </trkpt>
   <trkpt lat="46.2306760" lon="7.6078710">
    <ele>2181.9</ele>
   </trkpt>
   <trkpt lat="46.2306410" lon="7.6078980">
    <ele>2181.3</ele>
   </trkpt>
   <trkpt lat="46.2306060" lon="7.6079240">
    <ele>2180.9</ele>
   </trkpt>
   <trkpt lat="46.2305710" lon="7.6079550">
    <ele>2180.7</ele>
   </trkpt>
   <trkpt lat="46.2305370" lon="7.6079860">
    <ele>2180.5</ele>
   </trkpt>
   <trkpt lat="46.2305030" lon="7.6080220">
    <ele>2180.3</ele>
   </trkpt>
   <trkpt lat="46.2304700" lon="7.6080590">
    <ele>2180.1</ele>
   </trkpt>
   <trkpt lat="46.2304340" lon="7.6080980">
    <ele>2179.9</ele>
   </trkpt>
   <trkpt lat="46.2303970" lon="7.6081380">
    <ele>2179.7</ele>
   </trkpt>
   <trkpt lat="46.2303550" lon="7.6081800">
    <ele>2179.4</ele>
   </trkpt>
   <trkpt lat="46.2303140" lon="7.6082230">
    <ele>2179.1</ele>
   </trkpt>
   <trkpt lat="46.2302740" lon="7.6082690">
    <ele>2178.9</ele>
   </trkpt>
   <trkpt lat="46.2302350" lon="7.6083160">
    <ele>2178.6</ele>
   </trkpt>
   <trkpt lat="46.2302030" lon="7.6083690">
    <ele>2178.5</ele>
   </trkpt>
   <trkpt lat="46.2301720" lon="7.6084220">
    <ele>2178.3</ele>
   </trkpt>
   <trkpt lat="46.2301430" lon="7.6084730">
    <ele>2178.2</ele>
   </trkpt>
   <trkpt lat="46.2301150" lon="7.6085240">
    <ele>2178.2</ele>
   </trkpt>
   <trkpt lat="46.2300910" lon="7.6085690">
    <ele>2178.1</ele>
   </trkpt>
   <trkpt lat="46.2300670" lon="7.6086150">
    <ele>2178.0</ele>
   </trkpt>
   <trkpt lat="46.2300440" lon="7.6086540">
    <ele>2178.0</ele>
   </trkpt>
   <trkpt lat="46.2300200" lon="7.6086940">
    <ele>2177.9</ele>
   </trkpt>
   <trkpt lat="46.2299910" lon="7.6087260">
    <ele>2177.9</ele>
   </trkpt>
   <trkpt lat="46.2299610" lon="7.6087580">
    <ele>2177.8</ele>
   </trkpt>
   <trkpt lat="46.2299250" lon="7.6087860">
    <ele>2177.8</ele>
   </trkpt>
   <trkpt lat="46.2298880" lon="7.6088130">
    <ele>2177.7</ele>
   </trkpt>
   <trkpt lat="46.2298500" lon="7.6088370">
    <ele>2177.7</ele>
   </trkpt>
   <trkpt lat="46.2298120" lon="7.6088610">
    <ele>2177.8</ele>
   </trkpt>
   <trkpt lat="46.2297740" lon="7.6088930">
    <ele>2177.9</ele>
   </trkpt>
   <trkpt lat="46.2297350" lon="7.6089260">
    <ele>2178.0</ele>
   </trkpt>
   <trkpt lat="46.2296970" lon="7.6089730">
    <ele>2178.1</ele>
   </trkpt>
   <trkpt lat="46.2296590" lon="7.6090200">
    <ele>2178.2</ele>
   </trkpt>
   <trkpt lat="46.2296260" lon="7.6090680">
    <ele>2178.3</ele>
   </trkpt>
   <trkpt lat="46.2295930" lon="7.6091160">
    <ele>2178.4</ele>
   </trkpt>
   <trkpt lat="46.2295680" lon="7.6091660">
    <ele>2178.5</ele>
   </trkpt>
   <trkpt lat="46.2295430" lon="7.6092150">
    <ele>2178.6</ele>
   </trkpt>
   <trkpt lat="46.2295230" lon="7.6092660">
    <ele>2178.7</ele>
   </trkpt>
   <trkpt lat="46.2295030" lon="7.6093160">
    <ele>2178.8</ele>
   </trkpt>
   <trkpt lat="46.2294820" lon="7.6093650">
    <ele>2179.0</ele>
   </trkpt>
   <trkpt lat="46.2294610" lon="7.6094140">
    <ele>2179.1</ele>
   </trkpt>
   <trkpt lat="46.2294400" lon="7.6094640">
    <ele>2179.2</ele>
   </trkpt>
   <trkpt lat="46.2294200" lon="7.6095130">
    <ele>2179.3</ele>
   </trkpt>
   <trkpt lat="46.2293980" lon="7.6095630">
    <ele>2179.3</ele>
   </trkpt>
   <trkpt lat="46.2293760" lon="7.6096130">
    <ele>2179.4</ele>
   </trkpt>
   <trkpt lat="46.2293520" lon="7.6096630">
    <ele>2179.4</ele>
   </trkpt>
   <trkpt lat="46.2293280" lon="7.6097120">
    <ele>2179.4</ele>
   </trkpt>
   <trkpt lat="46.2293020" lon="7.6097600">
    <ele>2179.4</ele>
   </trkpt>
   <trkpt lat="46.2292770" lon="7.6098070">
    <ele>2179.4</ele>
   </trkpt>
   <trkpt lat="46.2292510" lon="7.6098530">
    <ele>2179.3</ele>
   </trkpt>
   <trkpt lat="46.2292250" lon="7.6098980">
    <ele>2179.0</ele>
   </trkpt>
   <trkpt lat="46.2292030" lon="7.6099420">
    <ele>2178.6</ele>
   </trkpt>
   <trkpt lat="46.2291800" lon="7.6099860">
    <ele>2178.2</ele>
   </trkpt>
   <trkpt lat="46.2291550" lon="7.6100200">
    <ele>2177.7</ele>
   </trkpt>
   <trkpt lat="46.2291310" lon="7.6100550">
    <ele>2177.2</ele>
   </trkpt>
   <trkpt lat="46.2291030" lon="7.6100880">
    <ele>2176.5</ele>
   </trkpt>
   <trkpt lat="46.2290750" lon="7.6101210">
    <ele>2175.8</ele>
   </trkpt>
   <trkpt lat="46.2290420" lon="7.6101550">
    <ele>2175.0</ele>
   </trkpt>
   <trkpt lat="46.2290100" lon="7.6101900">
    <ele>2174.5</ele>
   </trkpt>
   <trkpt lat="46.2289720" lon="7.6102250">
    <ele>2174.2</ele>
   </trkpt>
   <trkpt lat="46.2289350" lon="7.6102600">
    <ele>2173.8</ele>
   </trkpt>
   <trkpt lat="46.2288940" lon="7.6102930">
    <ele>2173.5</ele>
   </trkpt>
   <trkpt lat="46.2288540" lon="7.6103260">
    <ele>2173.3</ele>
   </trkpt>
   <trkpt lat="46.2288150" lon="7.6103540">
    <ele>2173.1</ele>
   </trkpt>
   <trkpt lat="46.2287760" lon="7.6103830">
    <ele>2172.9</ele>
   </trkpt>
   <trkpt lat="46.2287360" lon="7.6104040">
    <ele>2172.8</ele>
   </trkpt>
   <trkpt lat="46.2286970" lon="7.6104250">
    <ele>2172.7</ele>
   </trkpt>
   <trkpt lat="46.2286620" lon="7.6104500">
    <ele>2172.6</ele>
   </trkpt>
   <trkpt lat="46.2286270" lon="7.6104760">
    <ele>2172.6</ele>
   </trkpt>
   <trkpt lat="46.2286000" lon="7.6105130">
    <ele>2172.6</ele>
   </trkpt>
   <trkpt lat="46.2285740" lon="7.6105490">
    <ele>2172.6</ele>
   </trkpt>
   <trkpt lat="46.2285460" lon="7.6105910">
    <ele>2172.6</ele>
   </trkpt>
   <trkpt lat="46.2285190" lon="7.6106320">
    <ele>2172.6</ele>
   </trkpt>
   <trkpt lat="46.2284910" lon="7.6106770">
    <ele>2172.7</ele>
   </trkpt>
   <trkpt lat="46.2284630" lon="7.6107220">
    <ele>2172.8</ele>
   </trkpt>
   <trkpt lat="46.2284410" lon="7.6107730">
    <ele>2172.9</ele>
   </trkpt>
   <trkpt lat="46.2284190" lon="7.6108250">
    <ele>2173.0</ele>
   </trkpt>
   <trkpt lat="46.2284010" lon="7.6108800">
    <ele>2173.1</ele>
   </trkpt>
   <trkpt lat="46.2283830" lon="7.6109360">
    <ele>2173.2</ele>
   </trkpt>
   <trkpt lat="46.2283660" lon="7.6109920">
    <ele>2173.3</ele>
   </trkpt>
   <trkpt lat="46.2283480" lon="7.6110490">
    <ele>2173.2</ele>
   </trkpt>
   <trkpt lat="46.2283280" lon="7.6111020">
    <ele>2173.2</ele>
   </trkpt>
   <trkpt lat="46.2283090" lon="7.6111550">
    <ele>2173.1</ele>
   </trkpt>
   <trkpt lat="46.2282890" lon="7.6112040">
    <ele>2173.0</ele>
   </trkpt>
   <trkpt lat="46.2282690" lon="7.6112540">
    <ele>2172.9</ele>
   </trkpt>
   <trkpt lat="46.2282510" lon="7.6113090">
    <ele>2172.8</ele>
   </trkpt>
   <trkpt lat="46.2282340" lon="7.6113640">
    <ele>2172.7</ele>
   </trkpt>
   <trkpt lat="46.2282160" lon="7.6114220">
    <ele>2172.5</ele>
   </trkpt>
   <trkpt lat="46.2281990" lon="7.6114790">
    <ele>2172.4</ele>
   </trkpt>
   <trkpt lat="46.2281770" lon="7.6115310">
    <ele>2172.2</ele>
   </trkpt>
   <trkpt lat="46.2281550" lon="7.6115830">
    <ele>2172.1</ele>
   </trkpt>
   <trkpt lat="46.2281280" lon="7.6116290">
    <ele>2172.0</ele>
   </trkpt>
   <trkpt lat="46.2281000" lon="7.6116750">
    <ele>2171.9</ele>
   </trkpt>
   <trkpt lat="46.2280710" lon="7.6117190">
    <ele>2171.8</ele>
   </trkpt>
   <trkpt lat="46.2280420" lon="7.6117630">
    <ele>2171.6</ele>
   </trkpt>
   <trkpt lat="46.2280130" lon="7.6118080">
    <ele>2171.5</ele>
   </trkpt>
   <trkpt lat="46.2279840" lon="7.6118530">
    <ele>2171.3</ele>
   </trkpt>
   <trkpt lat="46.2279550" lon="7.6118970">
    <ele>2171.1</ele>
   </trkpt>
   <trkpt lat="46.2279260" lon="7.6119410">
    <ele>2170.9</ele>
   </trkpt>
   <trkpt lat="46.2278990" lon="7.6119860">
    <ele>2170.7</ele>
   </trkpt>
   <trkpt lat="46.2278720" lon="7.6120310">
    <ele>2170.5</ele>
   </trkpt>
   <trkpt lat="46.2278490" lon="7.6120800">
    <ele>2170.3</ele>
   </trkpt>
   <trkpt lat="46.2278250" lon="7.6121300">
    <ele>2170.1</ele>
   </trkpt>
   <trkpt lat="46.2278000" lon="7.6121810">
    <ele>2169.9</ele>
   </trkpt>
   <trkpt lat="46.2277760" lon="7.6122310">
    <ele>2169.7</ele>
   </trkpt>
   <trkpt lat="46.2277480" lon="7.6122800">
    <ele>2169.5</ele>
   </trkpt>
   <trkpt lat="46.2277200" lon="7.6123290">
    <ele>2169.3</ele>
   </trkpt>
   <trkpt lat="46.2276940" lon="7.6123770">
    <ele>2169.1</ele>
   </trkpt>
   <trkpt lat="46.2276680" lon="7.6124260">
    <ele>2168.9</ele>
   </trkpt>
   <trkpt lat="46.2276490" lon="7.6124790">
    <ele>2168.6</ele>
   </trkpt>
   <trkpt lat="46.2276300" lon="7.6125310">
    <ele>2168.3</ele>
   </trkpt>
   <trkpt lat="46.2276110" lon="7.6125840">
    <ele>2167.9</ele>
   </trkpt>
   <trkpt lat="46.2275970" lon="7.6126460">
    <ele>2167.4</ele>
   </trkpt>
   <trkpt lat="46.2275840" lon="7.6127080">
    <ele>2166.9</ele>
   </trkpt>
   <trkpt lat="46.2275680" lon="7.6127720">
    <ele>2166.3</ele>
   </trkpt>
   <trkpt lat="46.2275530" lon="7.6128360">
    <ele>2165.6</ele>
   </trkpt>
   <trkpt lat="46.2275330" lon="7.6128960">
    <ele>2165.0</ele>
   </trkpt>
   <trkpt lat="46.2275140" lon="7.6129570">
    <ele>2164.7</ele>
   </trkpt>
   <trkpt lat="46.2274900" lon="7.6130140">
    <ele>2164.4</ele>
   </trkpt>
   <trkpt lat="46.2274670" lon="7.6130710">
    <ele>2164.1</ele>
   </trkpt>
   <trkpt lat="46.2274330" lon="7.6131200">
    <ele>2163.8</ele>
   </trkpt>
   <trkpt lat="46.2273990" lon="7.6131690">
    <ele>2163.4</ele>
   </trkpt>
   <trkpt lat="46.2273690" lon="7.6132230">
    <ele>2163.1</ele>
   </trkpt>
   <trkpt lat="46.2273400" lon="7.6132780">
    <ele>2162.8</ele>
   </trkpt>
   <trkpt lat="46.2273280" lon="7.6133470">
    <ele>2162.4</ele>
   </trkpt>
   <trkpt lat="46.2273160" lon="7.6134160">
    <ele>2162.1</ele>
   </trkpt>
   <trkpt lat="46.2273160" lon="7.6134780">
    <ele>2161.7</ele>
   </trkpt>
   <trkpt lat="46.2273160" lon="7.6135400">
    <ele>2161.4</ele>
   </trkpt>
   <trkpt lat="46.2273190" lon="7.6136360">
    <ele>2160.9</ele>
   </trkpt>
   <trkpt lat="46.2273220" lon="7.6136720">
    <ele>2160.8</ele>
   </trkpt>
   <trkpt lat="46.2273240" lon="7.6137070">
    <ele>2160.6</ele>
   </trkpt>
   <trkpt lat="46.2273280" lon="7.6137590">
    <ele>2160.3</ele>
   </trkpt>
   <trkpt lat="46.2273360" lon="7.6138270">
    <ele>2159.9</ele>
   </trkpt>
   <trkpt lat="46.2273430" lon="7.6138940">
    <ele>2159.5</ele>
   </trkpt>
   <trkpt lat="46.2273500" lon="7.6139620">
    <ele>2159.1</ele>
   </trkpt>
   <trkpt lat="46.2273420" lon="7.6140830">
    <ele>2158.3</ele>
   </trkpt>
   <trkpt lat="46.2273330" lon="7.6142050">
    <ele>2157.3</ele>
   </trkpt>
   <trkpt lat="46.2273250" lon="7.6143270">
    <ele>2156.2</ele>
   </trkpt>
   <trkpt lat="46.2272820" lon="7.6144010">
    <ele>2155.3</ele>
   </trkpt>
   <trkpt lat="46.2272400" lon="7.6144750">
    <ele>2154.4</ele>
   </trkpt>
   <trkpt lat="46.2272010" lon="7.6145390">
    <ele>2153.7</ele>
   </trkpt>
   <trkpt lat="46.2271630" lon="7.6146040">
    <ele>2153.1</ele>
   </trkpt>
   <trkpt lat="46.2271460" lon="7.6146480">
    <ele>2152.8</ele>
   </trkpt>
   <trkpt lat="46.2271290" lon="7.6146920">
    <ele>2152.5</ele>
   </trkpt>
   <trkpt lat="46.2271170" lon="7.6147440">
    <ele>2152.2</ele>
   </trkpt>
   <trkpt lat="46.2271050" lon="7.6147970">
    <ele>2151.9</ele>
   </trkpt>
   <trkpt lat="46.2270880" lon="7.6148790">
    <ele>2151.5</ele>
   </trkpt>
   <trkpt lat="46.2270710" lon="7.6149620">
    <ele>2151.2</ele>
   </trkpt>
   <trkpt lat="46.2270580" lon="7.6150290">
    <ele>2151.0</ele>
   </trkpt>
   <trkpt lat="46.2270450" lon="7.6150960">
    <ele>2150.8</ele>
   </trkpt>
   <trkpt lat="46.2270370" lon="7.6151600">
    <ele>2150.7</ele>
   </trkpt>
   <trkpt lat="46.2270290" lon="7.6152250">
    <ele>2150.6</ele>
   </trkpt>
   <trkpt lat="46.2270240" lon="7.6152750">
    <ele>2150.6</ele>
   </trkpt>
   <trkpt lat="46.2270220" lon="7.6152950">
    <ele>2150.6</ele>
   </trkpt>
   <trkpt lat="46.2270200" lon="7.6153160">
    <ele>2150.5</ele>
   </trkpt>
   <trkpt lat="46.2270170" lon="7.6153460">
    <ele>2150.5</ele>
   </trkpt>
   <trkpt lat="46.2270010" lon="7.6154930">
    <ele>2150.5</ele>
   </trkpt>
   <trkpt lat="46.2269950" lon="7.6155480">
    <ele>2150.5</ele>
   </trkpt>
   <trkpt lat="46.2269900" lon="7.6156030">
    <ele>2150.5</ele>
   </trkpt>
   <trkpt lat="46.2269840" lon="7.6156770">
    <ele>2150.5</ele>
   </trkpt>
   <trkpt lat="46.2269620" lon="7.6157260">
    <ele>2150.4</ele>
   </trkpt>
   <trkpt lat="46.2269400" lon="7.6157740">
    <ele>2150.3</ele>
   </trkpt>
   <trkpt lat="46.2269030" lon="7.6158110">
    <ele>2150.2</ele>
   </trkpt>
   <trkpt lat="46.2268650" lon="7.6158480">
    <ele>2150.1</ele>
   </trkpt>
   <trkpt lat="46.2268280" lon="7.6158910">
    <ele>2150.0</ele>
   </trkpt>
   <trkpt lat="46.2267900" lon="7.6159350">
    <ele>2150.0</ele>
   </trkpt>
   <trkpt lat="46.2267600" lon="7.6159860">
    <ele>2149.9</ele>
   </trkpt>
   <trkpt lat="46.2267300" lon="7.6160370">
    <ele>2149.9</ele>
   </trkpt>
   <trkpt lat="46.2267010" lon="7.6160940">
    <ele>2150.0</ele>
   </trkpt>
   <trkpt lat="46.2266710" lon="7.6161500">
    <ele>2150.0</ele>
   </trkpt>
   <trkpt lat="46.2266360" lon="7.6162020">
    <ele>2150.1</ele>
   </trkpt>
   <trkpt lat="46.2266000" lon="7.6162530">
    <ele>2150.1</ele>
   </trkpt>
   <trkpt lat="46.2265690" lon="7.6162900">
    <ele>2150.1</ele>
   </trkpt>
   <trkpt lat="46.2265380" lon="7.6163260">
    <ele>2150.1</ele>
   </trkpt>
   <trkpt lat="46.2265070" lon="7.6163620">
    <ele>2150.1</ele>
   </trkpt>
   <trkpt lat="46.2264730" lon="7.6164070">
    <ele>2150.1</ele>
   </trkpt>
   <trkpt lat="46.2264390" lon="7.6164520">
    <ele>2150.0</ele>
   </trkpt>
   <trkpt lat="46.2264050" lon="7.6164960">
    <ele>2149.9</ele>
   </trkpt>
   <trkpt lat="46.2263800" lon="7.6165330">
    <ele>2149.9</ele>
   </trkpt>
   <trkpt lat="46.2263540" lon="7.6165690">
    <ele>2149.8</ele>
   </trkpt>
   <trkpt lat="46.2263340" lon="7.6166100">
    <ele>2149.7</ele>
   </trkpt>
   <trkpt lat="46.2263150" lon="7.6166510">
    <ele>2149.6</ele>
   </trkpt>
   <trkpt lat="46.2263150" lon="7.6166510">
    <ele>2149.6</ele>
   </trkpt>
   <trkpt lat="46.2263150" lon="7.6166510">
    <ele>2149.6</ele>
   </trkpt>
   <trkpt lat="46.2263150" lon="7.6166510">
    <ele>2149.6</ele>
   </trkpt>
   <trkpt lat="46.2263150" lon="7.6166510">
    <ele>2149.6</ele>
   </trkpt>
   <trkpt lat="46.2263150" lon="7.6166510">
    <ele>2149.6</ele>
   </trkpt>
   <trkpt lat="46.2263150" lon="7.6166510">
    <ele>2149.6</ele>
   </trkpt>
   <trkpt lat="46.2263150" lon="7.6166510">
    <ele>2149.6</ele>
   </trkpt>
   <trkpt lat="46.2263150" lon="7.6166510">
    <ele>2149.6</ele>
   </trkpt>
   <trkpt lat="46.2263150" lon="7.6166510">
    <ele>2149.6</ele>
   </trkpt>
   <trkpt lat="46.2263150" lon="7.6166510">
    <ele>2149.6</ele>
   </trkpt>
   <trkpt lat="46.2263150" lon="7.6166510">
    <ele>2149.6</ele>
   </trkpt>
   <trkpt lat="46.2263150" lon="7.6166510">
    <ele>2149.6</ele>
   </trkpt>
   <trkpt lat="46.2262780" lon="7.6173180">
    <ele>2146.9</ele>
   </trkpt>
   <trkpt lat="46.2262610" lon="7.6173320">
    <ele>2146.8</ele>
   </trkpt>
   <trkpt lat="46.2262430" lon="7.6173460">
    <ele>2146.6</ele>
   </trkpt>
   <trkpt lat="46.2262250" lon="7.6173600">
    <ele>2146.5</ele>
   </trkpt>
   <trkpt lat="46.2262070" lon="7.6173740">
    <ele>2146.3</ele>
   </trkpt>
   <trkpt lat="46.2261890" lon="7.6173880">
    <ele>2146.2</ele>
   </trkpt>
   <trkpt lat="46.2261720" lon="7.6174020">
    <ele>2146.0</ele>
   </trkpt>
   <trkpt lat="46.2261170" lon="7.6174300">
    <ele>2145.6</ele>
   </trkpt>
   <trkpt lat="46.2260790" lon="7.6174750">
    <ele>2145.3</ele>
   </trkpt>
   <trkpt lat="46.2260410" lon="7.6175210">
    <ele>2145.1</ele>
   </trkpt>
   <trkpt lat="46.2260240" lon="7.6175430">
    <ele>2145.0</ele>
   </trkpt>
   <trkpt lat="46.2260070" lon="7.6175650">
    <ele>2144.9</ele>
   </trkpt>
   <trkpt lat="46.2259810" lon="7.6176200">
    <ele>2144.8</ele>
   </trkpt>
   <trkpt lat="46.2259720" lon="7.6176540">
    <ele>2144.7</ele>
   </trkpt>
   <trkpt lat="46.2259620" lon="7.6176870">
    <ele>2144.6</ele>
   </trkpt>
   <trkpt lat="46.2259480" lon="7.6177370">
    <ele>2144.6</ele>
   </trkpt>
   <trkpt lat="46.2259840" lon="7.6178520">
    <ele>2144.5</ele>
   </trkpt>
   <trkpt lat="46.2260190" lon="7.6179670">
    <ele>2144.3</ele>
   </trkpt>
   <trkpt lat="46.2260550" lon="7.6180820">
    <ele>2144.1</ele>
   </trkpt>
   <trkpt lat="46.2261120" lon="7.6182430">
    <ele>2143.8</ele>
   </trkpt>
   <trkpt lat="46.2261860" lon="7.6184520">
    <ele>2143.4</ele>
   </trkpt>
   <trkpt lat="46.2262030" lon="7.6185000">
    <ele>2143.3</ele>
   </trkpt>
   <trkpt lat="46.2262200" lon="7.6185470">
    <ele>2143.2</ele>
   </trkpt>
   <trkpt lat="46.2262370" lon="7.6185940">
    <ele>2143.1</ele>
   </trkpt>
   <trkpt lat="46.2262550" lon="7.6186420">
    <ele>2143.1</ele>
   </trkpt>
   <trkpt lat="46.2262760" lon="7.6187010">
    <ele>2143.0</ele>
   </trkpt>
   <trkpt lat="46.2263340" lon="7.6188430">
    <ele>2142.7</ele>
   </trkpt>
   <trkpt lat="46.2263910" lon="7.6189850">
    <ele>2142.1</ele>
   </trkpt>
   <trkpt lat="46.2264430" lon="7.6191010">
    <ele>2141.5</ele>
   </trkpt>
   <trkpt lat="46.2264630" lon="7.6191470">
    <ele>2141.2</ele>
   </trkpt>
   <trkpt lat="46.2264840" lon="7.6191940">
    <ele>2141.0</ele>
   </trkpt>
   <trkpt lat="46.2265150" lon="7.6192630">
    <ele>2140.7</ele>
   </trkpt>
   <trkpt lat="46.2265610" lon="7.6193830">
    <ele>2140.3</ele>
   </trkpt>
   <trkpt lat="46.2265760" lon="7.6194340">
    <ele>2140.2</ele>
   </trkpt>
   <trkpt lat="46.2265910" lon="7.6194840">
    <ele>2140.1</ele>
   </trkpt>
   <trkpt lat="46.2266070" lon="7.6195350">
    <ele>2140.0</ele>
   </trkpt>
   <trkpt lat="46.2266220" lon="7.6195850">
    <ele>2139.9</ele>
   </trkpt>
   <trkpt lat="46.2266370" lon="7.6196360">
    <ele>2139.8</ele>
   </trkpt>
   <trkpt lat="46.2266520" lon="7.6196870">
    <ele>2139.8</ele>
   </trkpt>
   <trkpt lat="46.2266680" lon="7.6197370">
    <ele>2139.7</ele>
   </trkpt>
   <trkpt lat="46.2266830" lon="7.6197880">
    <ele>2139.7</ele>
   </trkpt>
   <trkpt lat="46.2267160" lon="7.6199390">
    <ele>2141.8</ele>
   </trkpt>
   <trkpt lat="46.2267050" lon="7.6200040">
    <ele>2142.2</ele>
   </trkpt>
   <trkpt lat="46.2266940" lon="7.6200700">
    <ele>2141.8</ele>
   </trkpt>
   <trkpt lat="46.2266580" lon="7.6200950">
    <ele>2140.9</ele>
   </trkpt>
   <trkpt lat="46.2266220" lon="7.6201210">
    <ele>2139.6</ele>
   </trkpt>
   <trkpt lat="46.2265720" lon="7.6201280">
    <ele>2137.2</ele>
   </trkpt>
   <trkpt lat="46.2265220" lon="7.6201340">
    <ele>2136.3</ele>
   </trkpt>
   <trkpt lat="46.2264580" lon="7.6201490">
    <ele>2134.1</ele>
   </trkpt>
   <trkpt lat="46.2264370" lon="7.6201580">
    <ele>2134.2</ele>
   </trkpt>
   <trkpt lat="46.2264150" lon="7.6201680">
    <ele>2133.2</ele>
   </trkpt>
   <trkpt lat="46.2263920" lon="7.6201890">
    <ele>2132.8</ele>
   </trkpt>
   <trkpt lat="46.2263770" lon="7.6202160">
    <ele>2132.8</ele>
   </trkpt>
   <trkpt lat="46.2263620" lon="7.6202420">
    <ele>2132.4</ele>
   </trkpt>
   <trkpt lat="46.2263460" lon="7.6202680">
    <ele>2133.0</ele>
   </trkpt>
   <trkpt lat="46.2263310" lon="7.6202930">
    <ele>2132.1</ele>
   </trkpt>
   <trkpt lat="46.2262940" lon="7.6203020">
    <ele>2131.3</ele>
   </trkpt>
   <trkpt lat="46.2262580" lon="7.6203110">
    <ele>2131.2</ele>
   </trkpt>
   <trkpt lat="46.2262000" lon="7.6203000">
    <ele>2129.1</ele>
   </trkpt>
   <trkpt lat="46.2261410" lon="7.6202890">
    <ele>2127.3</ele>
   </trkpt>
   <trkpt lat="46.2260810" lon="7.6202590">
    <ele>2124.7</ele>
   </trkpt>
   <trkpt lat="46.2260210" lon="7.6202300">
    <ele>2122.8</ele>
   </trkpt>
   <trkpt lat="46.2259620" lon="7.6202000">
    <ele>2120.2</ele>
   </trkpt>
   <trkpt lat="46.2258910" lon="7.6201590">
    <ele>2116.9</ele>
   </trkpt>
   <trkpt lat="46.2258210" lon="7.6201180">
    <ele>2114.2</ele>
   </trkpt>
   <trkpt lat="46.2257500" lon="7.6200770">
    <ele>2111.5</ele>
   </trkpt>
   <trkpt lat="46.2256360" lon="7.6200130">
    <ele>2107.3</ele>
   </trkpt>
   <trkpt lat="46.2255230" lon="7.6199490">
    <ele>2101.6</ele>
   </trkpt>
   <trkpt lat="46.2254580" lon="7.6199240">
    <ele>2099.4</ele>
   </trkpt>
   <trkpt lat="46.2253920" lon="7.6198980">
    <ele>2095.0</ele>
   </trkpt>
   <trkpt lat="46.2252950" lon="7.6198750">
    <ele>2090.9</ele>
   </trkpt>
   <trkpt lat="46.2251980" lon="7.6198520">
    <ele>2087.5</ele>
   </trkpt>
   <trkpt lat="46.2251330" lon="7.6198560">
    <ele>2085.5</ele>
   </trkpt>
   <trkpt lat="46.2250680" lon="7.6198600">
    <ele>2083.6</ele>
   </trkpt>
   <trkpt lat="46.2250240" lon="7.6198770">
    <ele>2082.3</ele>
   </trkpt>
   <trkpt lat="46.2249790" lon="7.6198950">
    <ele>2081.3</ele>
   </trkpt>
   <trkpt lat="46.2249440" lon="7.6199130">
    <ele>2079.4</ele>
   </trkpt>
   <trkpt lat="46.2249090" lon="7.6199320">
    <ele>2079.2</ele>
   </trkpt>
   <trkpt lat="46.2248480" lon="7.6199580">
    <ele>2077.7</ele>
   </trkpt>
   <trkpt lat="46.2248240" lon="7.6199680">
    <ele>2077.7</ele>
   </trkpt>
   <trkpt lat="46.2248000" lon="7.6199790">
    <ele>2077.7</ele>
   </trkpt>
   <trkpt lat="46.2247630" lon="7.6199930">
    <ele>2076.0</ele>
   </trkpt>
   <trkpt lat="46.2247260" lon="7.6200090">
    <ele>2075.9</ele>
   </trkpt>
   <trkpt lat="46.2246900" lon="7.6200260">
    <ele>2075.1</ele>
   </trkpt>
   <trkpt lat="46.2246710" lon="7.6200680">
    <ele>2075.2</ele>
   </trkpt>
   <trkpt lat="46.2246530" lon="7.6201090">
    <ele>2076.1</ele>
   </trkpt>
   <trkpt lat="46.2246490" lon="7.6201740">
    <ele>2076.4</ele>
   </trkpt>
   <trkpt lat="46.2246460" lon="7.6202380">
    <ele>2078.5</ele>
   </trkpt>
   <trkpt lat="46.2246560" lon="7.6203220">
    <ele>2081.3</ele>
   </trkpt>
   <trkpt lat="46.2246660" lon="7.6204050">
    <ele>2083.4</ele>
   </trkpt>
   <trkpt lat="46.2246870" lon="7.6205000">
    <ele>2086.4</ele>
   </trkpt>
   <trkpt lat="46.2247080" lon="7.6205940">
    <ele>2088.9</ele>
   </trkpt>
   <trkpt lat="46.2247350" lon="7.6206920">
    <ele>2092.2</ele>
   </trkpt>
   <trkpt lat="46.2247610" lon="7.6207900">
    <ele>2096.4</ele>
   </trkpt>
   <trkpt lat="46.2247880" lon="7.6208860">
    <ele>2099.4</ele>
   </trkpt>
   <trkpt lat="46.2248150" lon="7.6209820">
    <ele>2102.5</ele>
   </trkpt>
   <trkpt lat="46.2248500" lon="7.6210880">
    <ele>2107.0</ele>
   </trkpt>
   <trkpt lat="46.2248840" lon="7.6211940">
    <ele>2110.0</ele>
   </trkpt>
   <trkpt lat="46.2249220" lon="7.6212990">
    <ele>2114.4</ele>
   </trkpt>
   <trkpt lat="46.2249600" lon="7.6214040">
    <ele>2117.3</ele>
   </trkpt>
   <trkpt lat="46.2249880" lon="7.6214960">
    <ele>2120.2</ele>
   </trkpt>
   <trkpt lat="46.2250170" lon="7.6215880">
    <ele>2123.1</ele>
   </trkpt>
   <trkpt lat="46.2250350" lon="7.6216620">
    <ele>2125.2</ele>
   </trkpt>
   <trkpt lat="46.2250530" lon="7.6217370">
    <ele>2127.9</ele>
   </trkpt>
   <trkpt lat="46.2250610" lon="7.6217980">
    <ele>2128.9</ele>
   </trkpt>
   <trkpt lat="46.2250680" lon="7.6218590">
    <ele>2131.7</ele>
   </trkpt>
   <trkpt lat="46.2250620" lon="7.6219080">
    <ele>2132.3</ele>
   </trkpt>
   <trkpt lat="46.2250560" lon="7.6219560">
    <ele>2133.4</ele>
   </trkpt>
   <trkpt lat="46.2250340" lon="7.6219930">
    <ele>2134.0</ele>
   </trkpt>
   <trkpt lat="46.2250130" lon="7.6220300">
    <ele>2135.1</ele>
   </trkpt>
   <trkpt lat="46.2249850" lon="7.6220580">
    <ele>2134.5</ele>
   </trkpt>
   <trkpt lat="46.2249570" lon="7.6220870">
    <ele>2134.9</ele>
   </trkpt>
   <trkpt lat="46.2249280" lon="7.6221050">
    <ele>2134.3</ele>
   </trkpt>
   <trkpt lat="46.2248990" lon="7.6221220">
    <ele>2134.8</ele>
   </trkpt>
   <trkpt lat="46.2248650" lon="7.6221260">
    <ele>2134.3</ele>
   </trkpt>
   <trkpt lat="46.2248310" lon="7.6221290">
    <ele>2133.8</ele>
   </trkpt>
   <trkpt lat="46.2247870" lon="7.6221180">
    <ele>2132.8</ele>
   </trkpt>
   <trkpt lat="46.2247430" lon="7.6221070">
    <ele>2131.2</ele>
   </trkpt>
   <trkpt lat="46.2247140" lon="7.6220970">
    <ele>2130.6</ele>
   </trkpt>
   <trkpt lat="46.2246860" lon="7.6220860">
    <ele>2130.1</ele>
   </trkpt>
   <trkpt lat="46.2246390" lon="7.6220700">
    <ele>2129.1</ele>
   </trkpt>
   <trkpt lat="46.2245930" lon="7.6220530">
    <ele>2127.6</ele>
   </trkpt>
   <trkpt lat="46.2245480" lon="7.6220380">
    <ele>2126.7</ele>
   </trkpt>
   <trkpt lat="46.2245030" lon="7.6220230">
    <ele>2126.2</ele>
   </trkpt>
   <trkpt lat="46.2244540" lon="7.6220110">
    <ele>2124.2</ele>
   </trkpt>
   <trkpt lat="46.2244040" lon="7.6219990">
    <ele>2123.5</ele>
   </trkpt>
   <trkpt lat="46.2243610" lon="7.6219990">
    <ele>2123.2</ele>
   </trkpt>
   <trkpt lat="46.2243170" lon="7.6219990">
    <ele>2122.8</ele>
   </trkpt>
   <trkpt lat="46.2242820" lon="7.6220130">
    <ele>2122.6</ele>
   </trkpt>
   <trkpt lat="46.2242460" lon="7.6220260">
    <ele>2123.7</ele>
   </trkpt>
   <trkpt lat="46.2242130" lon="7.6220380">
    <ele>2123.6</ele>
   </trkpt>
   <trkpt lat="46.2241790" lon="7.6220510">
    <ele>2123.5</ele>
   </trkpt>
   <trkpt lat="46.2241530" lon="7.6220600">
    <ele>2123.4</ele>
   </trkpt>
   <trkpt lat="46.2241280" lon="7.6220690">
    <ele>2124.4</ele>
   </trkpt>
   <trkpt lat="46.2241050" lon="7.6220770">
    <ele>2124.4</ele>
   </trkpt>
   <trkpt lat="46.2240830" lon="7.6220840">
    <ele>2124.3</ele>
   </trkpt>
   <trkpt lat="46.2240560" lon="7.6220920">
    <ele>2124.3</ele>
   </trkpt>
   <trkpt lat="46.2240300" lon="7.6220990">
    <ele>2124.3</ele>
   </trkpt>
   <trkpt lat="46.2239930" lon="7.6220950">
    <ele>2124.3</ele>
   </trkpt>
   <trkpt lat="46.2239560" lon="7.6220920">
    <ele>2124.3</ele>
   </trkpt>
   <trkpt lat="46.2239150" lon="7.6220910">
    <ele>2124.2</ele>
   </trkpt>
   <trkpt lat="46.2238750" lon="7.6220910">
    <ele>2124.2</ele>
   </trkpt>
   <trkpt lat="46.2238420" lon="7.6221050">
    <ele>2124.2</ele>
   </trkpt>
   <trkpt lat="46.2238080" lon="7.6221190">
    <ele>2125.4</ele>
   </trkpt>
   <trkpt lat="46.2237720" lon="7.6221410">
    <ele>2125.4</ele>
   </trkpt>
   <trkpt lat="46.2237360" lon="7.6221640">
    <ele>2126.6</ele>
   </trkpt>
   <trkpt lat="46.2236960" lon="7.6221830">
    <ele>2126.9</ele>
   </trkpt>
   <trkpt lat="46.2236560" lon="7.6222020">
    <ele>2128.1</ele>
   </trkpt>
   <trkpt lat="46.2236100" lon="7.6222120">
    <ele>2128.3</ele>
   </trkpt>
   <trkpt lat="46.2235640" lon="7.6222220">
    <ele>2128.5</ele>
   </trkpt>
   <trkpt lat="46.2235160" lon="7.6222280">
    <ele>2128.7</ele>
   </trkpt>
   <trkpt lat="46.2234670" lon="7.6222330">
    <ele>2128.8</ele>
   </trkpt>
   <trkpt lat="46.2234210" lon="7.6222410">
    <ele>2130.0</ele>
   </trkpt>
   <trkpt lat="46.2233750" lon="7.6222490">
    <ele>2130.1</ele>
   </trkpt>
   <trkpt lat="46.2233340" lon="7.6222570">
    <ele>2130.1</ele>
   </trkpt>
   <trkpt lat="46.2232930" lon="7.6222640">
    <ele>2130.1</ele>
   </trkpt>
   <trkpt lat="46.2232520" lon="7.6222720">
    <ele>2130.0</ele>
   </trkpt>
   <trkpt lat="46.2232280" lon="7.6222710">
    <ele>2130.1</ele>
   </trkpt>
   <trkpt lat="46.2232050" lon="7.6222700">
    <ele>2130.1</ele>
   </trkpt>
   <trkpt lat="46.2231910" lon="7.6222570">
    <ele>2130.1</ele>
   </trkpt>
   <trkpt lat="46.2231780" lon="7.6222440">
    <ele>2130.1</ele>
   </trkpt>
   <trkpt lat="46.2231660" lon="7.6222240">
    <ele>2129.0</ele>
   </trkpt>
   <trkpt lat="46.2231550" lon="7.6222040">
    <ele>2129.1</ele>
   </trkpt>
   <trkpt lat="46.2231370" lon="7.6221810">
    <ele>2128.1</ele>
   </trkpt>
   <trkpt lat="46.2231190" lon="7.6221570">
    <ele>2128.1</ele>
   </trkpt>
   <trkpt lat="46.2230990" lon="7.6221410">
    <ele>2127.2</ele>
   </trkpt>
   <trkpt lat="46.2230780" lon="7.6221260">
    <ele>2127.2</ele>
   </trkpt>
   <trkpt lat="46.2230490" lon="7.6221130">
    <ele>2127.2</ele>
   </trkpt>
   <trkpt lat="46.2230210" lon="7.6221010">
    <ele>2126.3</ele>
   </trkpt>
   <trkpt lat="46.2229920" lon="7.6220900">
    <ele>2126.3</ele>
   </trkpt>
   <trkpt lat="46.2229630" lon="7.6220790">
    <ele>2126.3</ele>
   </trkpt>
   <trkpt lat="46.2229400" lon="7.6220680">
    <ele>2126.3</ele>
   </trkpt>
   <trkpt lat="46.2229160" lon="7.6220570">
    <ele>2125.2</ele>
   </trkpt>
   <trkpt lat="46.2228970" lon="7.6220470">
    <ele>2125.1</ele>
   </trkpt>
   <trkpt lat="46.2228780" lon="7.6220380">
    <ele>2125.2</ele>
   </trkpt>
   <trkpt lat="46.2228550" lon="7.6220260">
    <ele>2125.0</ele>
   </trkpt>
   <trkpt lat="46.2228330" lon="7.6220130">
    <ele>2123.8</ele>
   </trkpt>
   <trkpt lat="46.2228050" lon="7.6219970">
    <ele>2123.5</ele>
   </trkpt>
   <trkpt lat="46.2227770" lon="7.6219800">
    <ele>2123.3</ele>
   </trkpt>
   <trkpt lat="46.2227500" lon="7.6219700">
    <ele>2121.9</ele>
   </trkpt>
   <trkpt lat="46.2227240" lon="7.6219600">
    <ele>2121.9</ele>
   </trkpt>
   <trkpt lat="46.2227020" lon="7.6219750">
    <ele>2121.6</ele>
   </trkpt>
   <trkpt lat="46.2226800" lon="7.6219900">
    <ele>2122.4</ele>
   </trkpt>
   <trkpt lat="46.2226580" lon="7.6220250">
    <ele>2123.1</ele>
   </trkpt>
   <trkpt lat="46.2226370" lon="7.6220610">
    <ele>2123.1</ele>
   </trkpt>
   <trkpt lat="46.2226180" lon="7.6221080">
    <ele>2123.7</ele>
   </trkpt>
   <trkpt lat="46.2225990" lon="7.6221560">
    <ele>2124.9</ele>
   </trkpt>
   <trkpt lat="46.2225700" lon="7.6222110">
    <ele>2125.3</ele>
   </trkpt>
   <trkpt lat="46.2225420" lon="7.6222660">
    <ele>2125.7</ele>
   </trkpt>
   <trkpt lat="46.2225080" lon="7.6223220">
    <ele>2126.0</ele>
   </trkpt>
   <trkpt lat="46.2224750" lon="7.6223780">
    <ele>2127.0</ele>
   </trkpt>
   <trkpt lat="46.2224380" lon="7.6224320">
    <ele>2127.2</ele>
   </trkpt>
   <trkpt lat="46.2224010" lon="7.6224870">
    <ele>2127.4</ele>
   </trkpt>
   <trkpt lat="46.2223650" lon="7.6225410">
    <ele>2127.6</ele>
   </trkpt>
   <trkpt lat="46.2223250" lon="7.6225940">
    <ele>2127.6</ele>
   </trkpt>
   <trkpt lat="46.2222850" lon="7.6226470">
    <ele>2127.6</ele>
   </trkpt>
   <trkpt lat="46.2222430" lon="7.6227010">
    <ele>2126.8</ele>
   </trkpt>
   <trkpt lat="46.2222010" lon="7.6227560">
    <ele>2127.3</ele>
   </trkpt>
   <trkpt lat="46.2221550" lon="7.6228060">
    <ele>2126.7</ele>
   </trkpt>
   <trkpt lat="46.2221090" lon="7.6228560">
    <ele>2126.7</ele>
   </trkpt>
   <trkpt lat="46.2220570" lon="7.6228920">
    <ele>2126.1</ele>
   </trkpt>
   <trkpt lat="46.2220040" lon="7.6229280">
    <ele>2125.3</ele>
   </trkpt>
   <trkpt lat="46.2219510" lon="7.6229610">
    <ele>2124.7</ele>
   </trkpt>
   <trkpt lat="46.2218970" lon="7.6229930">
    <ele>2123.8</ele>
   </trkpt>
   <trkpt lat="46.2218510" lon="7.6230330">
    <ele>2123.1</ele>
   </trkpt>
   <trkpt lat="46.2218050" lon="7.6230720">
    <ele>2123.0</ele>
   </trkpt>
   <trkpt lat="46.2217630" lon="7.6231170">
    <ele>2122.6</ele>
   </trkpt>
   <trkpt lat="46.2217220" lon="7.6231610">
    <ele>2122.7</ele>
   </trkpt>
   <trkpt lat="46.2216810" lon="7.6232040">
    <ele>2122.3</ele>
   </trkpt>
   <trkpt lat="46.2216390" lon="7.6232470">
    <ele>2122.4</ele>
   </trkpt>
   <trkpt lat="46.2216000" lon="7.6232870">
    <ele>2122.5</ele>
   </trkpt>
   <trkpt lat="46.2215600" lon="7.6233270">
    <ele>2122.4</ele>
   </trkpt>
   <trkpt lat="46.2215230" lon="7.6233640">
    <ele>2122.7</ele>
   </trkpt>
   <trkpt lat="46.2214860" lon="7.6234010">
    <ele>2122.9</ele>
   </trkpt>
   <trkpt lat="46.2214480" lon="7.6234350">
    <ele>2122.6</ele>
   </trkpt>
   <trkpt lat="46.2214100" lon="7.6234690">
    <ele>2122.4</ele>
   </trkpt>
   <trkpt lat="46.2213680" lon="7.6234900">
    <ele>2122.5</ele>
   </trkpt>
   <trkpt lat="46.2213260" lon="7.6235110">
    <ele>2122.3</ele>
   </trkpt>
   <trkpt lat="46.2212820" lon="7.6235300">
    <ele>2122.4</ele>
   </trkpt>
   <trkpt lat="46.2212390" lon="7.6235490">
    <ele>2122.2</ele>
   </trkpt>
   <trkpt lat="46.2211930" lon="7.6235620">
    <ele>2121.9</ele>
   </trkpt>
   <trkpt lat="46.2211470" lon="7.6235750">
    <ele>2122.2</ele>
   </trkpt>
   <trkpt lat="46.2211040" lon="7.6235930">
    <ele>2122.1</ele>
   </trkpt>
   <trkpt lat="46.2210610" lon="7.6236100">
    <ele>2121.9</ele>
   </trkpt>
   <trkpt lat="46.2210260" lon="7.6236360">
    <ele>2122.1</ele>
   </trkpt>
   <trkpt lat="46.2209900" lon="7.6236620">
    <ele>2122.6</ele>
   </trkpt>
   <trkpt lat="46.2209570" lon="7.6236960">
    <ele>2122.4</ele>
   </trkpt>
   <trkpt lat="46.2209230" lon="7.6237290">
    <ele>2122.8</ele>
   </trkpt>
   <trkpt lat="46.2208930" lon="7.6237640">
    <ele>2123.2</ele>
   </trkpt>
   <trkpt lat="46.2208630" lon="7.6237980">
    <ele>2123.4</ele>
   </trkpt>
   <trkpt lat="46.2208290" lon="7.6238280">
    <ele>2123.7</ele>
   </trkpt>
   <trkpt lat="46.2207960" lon="7.6238580">
    <ele>2123.3</ele>
   </trkpt>
   <trkpt lat="46.2207600" lon="7.6238800">
    <ele>2123.2</ele>
   </trkpt>
   <trkpt lat="46.2207250" lon="7.6239030">
    <ele>2122.9</ele>
   </trkpt>
   <trkpt lat="46.2206910" lon="7.6239240">
    <ele>2123.4</ele>
   </trkpt>
   <trkpt lat="46.2206580" lon="7.6239450">
    <ele>2123.1</ele>
   </trkpt>
   <trkpt lat="46.2206330" lon="7.6239820">
    <ele>2123.4</ele>
   </trkpt>
   <trkpt lat="46.2206090" lon="7.6240190">
    <ele>2123.8</ele>
   </trkpt>
   <trkpt lat="46.2205890" lon="7.6240670">
    <ele>2124.5</ele>
   </trkpt>
   <trkpt lat="46.2205680" lon="7.6241140">
    <ele>2124.8</ele>
   </trkpt>
   <trkpt lat="46.2205360" lon="7.6241540">
    <ele>2125.0</ele>
   </trkpt>
   <trkpt lat="46.2205040" lon="7.6241940">
    <ele>2125.1</ele>
   </trkpt>
   <trkpt lat="46.2204670" lon="7.6242250">
    <ele>2125.3</ele>
   </trkpt>
   <trkpt lat="46.2204310" lon="7.6242560">
    <ele>2124.9</ele>
   </trkpt>
   <trkpt lat="46.2203960" lon="7.6242840">
    <ele>2124.3</ele>
   </trkpt>
   <trkpt lat="46.2203620" lon="7.6243120">
    <ele>2124.4</ele>
   </trkpt>
   <trkpt lat="46.2203370" lon="7.6243430">
    <ele>2124.4</ele>
   </trkpt>
   <trkpt lat="46.2203110" lon="7.6243740">
    <ele>2123.7</ele>
   </trkpt>
   <trkpt lat="46.2202880" lon="7.6243990">
    <ele>2124.5</ele>
   </trkpt>
   <trkpt lat="46.2202640" lon="7.6244250">
    <ele>2123.7</ele>
   </trkpt>
   <trkpt lat="46.2202350" lon="7.6244460">
    <ele>2123.7</ele>
   </trkpt>
   <trkpt lat="46.2202060" lon="7.6244680">
    <ele>2122.8</ele>
   </trkpt>
   <trkpt lat="46.2201720" lon="7.6244900">
    <ele>2122.7</ele>
   </trkpt>
   <trkpt lat="46.2201370" lon="7.6245120">
    <ele>2122.1</ele>
   </trkpt>
   <trkpt lat="46.2200970" lon="7.6245310">
    <ele>2121.3</ele>
   </trkpt>
   <trkpt lat="46.2200580" lon="7.6245500">
    <ele>2120.5</ele>
   </trkpt>
   <trkpt lat="46.2200050" lon="7.6245550">
    <ele>2119.1</ele>
   </trkpt>
   <trkpt lat="46.2199530" lon="7.6245600">
    <ele>2116.9</ele>
   </trkpt>
   <trkpt lat="46.2199070" lon="7.6245760">
    <ele>2115.9</ele>
   </trkpt>
   <trkpt lat="46.2198620" lon="7.6245930">
    <ele>2114.0</ele>
   </trkpt>
   <trkpt lat="46.2198290" lon="7.6246290">
    <ele>2113.7</ele>
   </trkpt>
   <trkpt lat="46.2197970" lon="7.6246660">
    <ele>2113.2</ele>
   </trkpt>
   <trkpt lat="46.2197730" lon="7.6247110">
    <ele>2112.7</ele>
   </trkpt>
   <trkpt lat="46.2197480" lon="7.6247560">
    <ele>2112.0</ele>
   </trkpt>
   <trkpt lat="46.2197240" lon="7.6247980">
    <ele>2112.6</ele>
   </trkpt>
   <trkpt lat="46.2197000" lon="7.6248410">
    <ele>2111.8</ele>
   </trkpt>
   <trkpt lat="46.2196640" lon="7.6248640">
    <ele>2111.1</ele>
   </trkpt>
   <trkpt lat="46.2196270" lon="7.6248860">
    <ele>2108.7</ele>
   </trkpt>
   <trkpt lat="46.2195750" lon="7.6248890">
    <ele>2107.5</ele>
   </trkpt>
   <trkpt lat="46.2195220" lon="7.6248910">
    <ele>2105.0</ele>
   </trkpt>
   <trkpt lat="46.2194560" lon="7.6248770">
    <ele>2102.4</ele>
   </trkpt>
   <trkpt lat="46.2193890" lon="7.6248630">
    <ele>2098.1</ele>
   </trkpt>
   <trkpt lat="46.2192720" lon="7.6248350">
    <ele>2092.4</ele>
   </trkpt>
   <trkpt lat="46.2192300" lon="7.6248310">
    <ele>2091.1</ele>
   </trkpt>
   <trkpt lat="46.2191890" lon="7.6248270">
    <ele>2089.8</ele>
   </trkpt>
   <trkpt lat="46.2191410" lon="7.6248390">
    <ele>2087.0</ele>
   </trkpt>
   <trkpt lat="46.2191220" lon="7.6248740">
    <ele>2086.3</ele>
   </trkpt>
   <trkpt lat="46.2191040" lon="7.6249090">
    <ele>2087.0</ele>
   </trkpt>
   <trkpt lat="46.2190860" lon="7.6249440">
    <ele>2086.7</ele>
   </trkpt>
   <trkpt lat="46.2190590" lon="7.6249940">
    <ele>2086.7</ele>
   </trkpt>
   <trkpt lat="46.2190310" lon="7.6250440">
    <ele>2086.8</ele>
   </trkpt>
   <trkpt lat="46.2190040" lon="7.6250940">
    <ele>2087.1</ele>
   </trkpt>
   <trkpt lat="46.2189640" lon="7.6251190">
    <ele>2087.4</ele>
   </trkpt>
   <trkpt lat="46.2189230" lon="7.6251440">
    <ele>2086.5</ele>
   </trkpt>
   <trkpt lat="46.2188630" lon="7.6251400">
    <ele>2084.7</ele>
   </trkpt>
   <trkpt lat="46.2188030" lon="7.6251360">
    <ele>2083.2</ele>
   </trkpt>
   <trkpt lat="46.2187230" lon="7.6251050">
    <ele>2080.1</ele>
   </trkpt>
   <trkpt lat="46.2186440" lon="7.6250730">
    <ele>2078.2</ele>
   </trkpt>
   <trkpt lat="46.2185580" lon="7.6250320">
    <ele>2075.1</ele>
   </trkpt>
   <trkpt lat="46.2184720" lon="7.6249900">
    <ele>2072.1</ele>
   </trkpt>
   <trkpt lat="46.2184050" lon="7.6249710">
    <ele>2069.9</ele>
   </trkpt>
   <trkpt lat="46.2183380" lon="7.6249520">
    <ele>2069.0</ele>
   </trkpt>
   <trkpt lat="46.2182910" lon="7.6249530">
    <ele>2068.0</ele>
   </trkpt>
   <trkpt lat="46.2182440" lon="7.6249550">
    <ele>2067.7</ele>
   </trkpt>
   <trkpt lat="46.2182120" lon="7.6249520">
    <ele>2067.3</ele>
   </trkpt>
   <trkpt lat="46.2181810" lon="7.6249490">
    <ele>2067.0</ele>
   </trkpt>
   <trkpt lat="46.2181200" lon="7.6249400">
    <ele>2065.1</ele>
   </trkpt>
   <trkpt lat="46.2180600" lon="7.6249320">
    <ele>2064.2</ele>
   </trkpt>
   <trkpt lat="46.2180050" lon="7.6249250">
    <ele>2063.4</ele>
   </trkpt>
   <trkpt lat="46.2179490" lon="7.6249180">
    <ele>2062.7</ele>
   </trkpt>
   <trkpt lat="46.2178940" lon="7.6249110">
    <ele>2062.2</ele>
   </trkpt>
   <trkpt lat="46.2178320" lon="7.6249090">
    <ele>2061.7</ele>
   </trkpt>
   <trkpt lat="46.2177710" lon="7.6249060">
    <ele>2061.3</ele>
   </trkpt>
   <trkpt lat="46.2177090" lon="7.6249040">
    <ele>2060.9</ele>
   </trkpt>
   <trkpt lat="46.2176480" lon="7.6249020">
    <ele>2060.6</ele>
   </trkpt>
   <trkpt lat="46.2175740" lon="7.6249080">
    <ele>2060.1</ele>
   </trkpt>
   <trkpt lat="46.2174770" lon="7.6249330">
    <ele>2059.1</ele>
   </trkpt>
   <trkpt lat="46.2174530" lon="7.6249520">
    <ele>2059.9</ele>
   </trkpt>
   <trkpt lat="46.2174300" lon="7.6249700">
    <ele>2059.6</ele>
   </trkpt>
   <trkpt lat="46.2173950" lon="7.6249980">
    <ele>2060.4</ele>
   </trkpt>
   <trkpt lat="46.2173810" lon="7.6250840">
    <ele>2062.8</ele>
   </trkpt>
   <trkpt lat="46.2173750" lon="7.6251180">
    <ele>2063.7</ele>
   </trkpt>
   <trkpt lat="46.2173690" lon="7.6251520">
    <ele>2063.7</ele>
   </trkpt>
   <trkpt lat="46.2173610" lon="7.6252040">
    <ele>2066.1</ele>
   </trkpt>
   <trkpt lat="46.2173560" lon="7.6252900">
    <ele>2068.4</ele>
   </trkpt>
   <trkpt lat="46.2173510" lon="7.6253760">
    <ele>2070.7</ele>
   </trkpt>
   <trkpt lat="46.2173400" lon="7.6254790">
    <ele>2072.9</ele>
   </trkpt>
   <trkpt lat="46.2173330" lon="7.6254970">
    <ele>2072.9</ele>
   </trkpt>
   <trkpt lat="46.2173270" lon="7.6255140">
    <ele>2074.3</ele>
   </trkpt>
   <trkpt lat="46.2173180" lon="7.6255410">
    <ele>2074.3</ele>
   </trkpt>
   <trkpt lat="46.2172980" lon="7.6255960">
    <ele>2076.6</ele>
   </trkpt>
   <trkpt lat="46.2172780" lon="7.6256510">
    <ele>2077.4</ele>
   </trkpt>
   <trkpt lat="46.2172580" lon="7.6257060">
    <ele>2078.7</ele>
   </trkpt>
   <trkpt lat="46.2172400" lon="7.6257440">
    <ele>2079.5</ele>
   </trkpt>
   <trkpt lat="46.2172220" lon="7.6257820">
    <ele>2080.3</ele>
   </trkpt>
   <trkpt lat="46.2171940" lon="7.6257900">
    <ele>2079.9</ele>
   </trkpt>
   <trkpt lat="46.2171660" lon="7.6257970">
    <ele>2079.5</ele>
   </trkpt>
   <trkpt lat="46.2171080" lon="7.6258030">
    <ele>2079.8</ele>
   </trkpt>
   <trkpt lat="46.2170500" lon="7.6258080">
    <ele>2078.9</ele>
   </trkpt>
   <trkpt lat="46.2170170" lon="7.6258200">
    <ele>2078.3</ele>
   </trkpt>
   <trkpt lat="46.2169600" lon="7.6258620">
    <ele>2078.1</ele>
   </trkpt>
   <trkpt lat="46.2169350" lon="7.6258910">
    <ele>2079.3</ele>
   </trkpt>
   <trkpt lat="46.2169100" lon="7.6259210">
    <ele>2078.6</ele>
   </trkpt>
   <trkpt lat="46.2168720" lon="7.6259650">
    <ele>2079.0</ele>
   </trkpt>
   <trkpt lat="46.2168330" lon="7.6260510">
    <ele>2080.0</ele>
   </trkpt>
   <trkpt lat="46.2168150" lon="7.6260800">
    <ele>2081.2</ele>
   </trkpt>
   <trkpt lat="46.2167960" lon="7.6261090">
    <ele>2081.7</ele>
   </trkpt>
   <trkpt lat="46.2167630" lon="7.6261410">
    <ele>2081.0</ele>
   </trkpt>
   <trkpt lat="46.2167470" lon="7.6262050">
    <ele>2082.4</ele>
   </trkpt>
   <trkpt lat="46.2167320" lon="7.6262680">
    <ele>2083.4</ele>
   </trkpt>
   <trkpt lat="46.2167520" lon="7.6263830">
    <ele>2086.5</ele>
   </trkpt>
   <trkpt lat="46.2167710" lon="7.6264980">
    <ele>2090.4</ele>
   </trkpt>
   <trkpt lat="46.2167840" lon="7.6265970">
    <ele>2092.9</ele>
   </trkpt>
   <trkpt lat="46.2167970" lon="7.6266960">
    <ele>2094.8</ele>
   </trkpt>
   <trkpt lat="46.2167880" lon="7.6267460">
    <ele>2096.8</ele>
   </trkpt>
   <trkpt lat="46.2167800" lon="7.6267960">
    <ele>2097.3</ele>
   </trkpt>
   <trkpt lat="46.2167710" lon="7.6268450">
    <ele>2098.5</ele>
   </trkpt>
   <trkpt lat="46.2167190" lon="7.6268670">
    <ele>2097.0</ele>
   </trkpt>
   <trkpt lat="46.2166670" lon="7.6268890">
    <ele>2097.5</ele>
   </trkpt>
   <trkpt lat="46.2166070" lon="7.6268860">
    <ele>2095.8</ele>
   </trkpt>
   <trkpt lat="46.2165480" lon="7.6268830">
    <ele>2094.4</ele>
   </trkpt>
   <trkpt lat="46.2164880" lon="7.6268750">
    <ele>2093.0</ele>
   </trkpt>
   <trkpt lat="46.2164270" lon="7.6268670">
    <ele>2090.1</ele>
   </trkpt>
   <trkpt lat="46.2163830" lon="7.6268710">
    <ele>2088.3</ele>
   </trkpt>
   <trkpt lat="46.2163390" lon="7.6268750">
    <ele>2088.7</ele>
   </trkpt>
   <trkpt lat="46.2163020" lon="7.6268910">
    <ele>2087.1</ele>
   </trkpt>
   <trkpt lat="46.2162640" lon="7.6269060">
    <ele>2086.3</ele>
   </trkpt>
   <trkpt lat="46.2162250" lon="7.6269220">
    <ele>2087.0</ele>
   </trkpt>
   <trkpt lat="46.2161600" lon="7.6269480">
    <ele>2085.5</ele>
   </trkpt>
   <trkpt lat="46.2161340" lon="7.6269590">
    <ele>2086.1</ele>
   </trkpt>
   <trkpt lat="46.2161080" lon="7.6269700">
    <ele>2085.3</ele>
   </trkpt>
   <trkpt lat="46.2160680" lon="7.6269860">
    <ele>2083.8</ele>
   </trkpt>
   <trkpt lat="46.2160280" lon="7.6270010">
    <ele>2084.4</ele>
   </trkpt>
   <trkpt lat="46.2159820" lon="7.6270110">
    <ele>2083.7</ele>
   </trkpt>
   <trkpt lat="46.2159350" lon="7.6270200">
    <ele>2082.5</ele>
   </trkpt>
   <trkpt lat="46.2158970" lon="7.6270120">
    <ele>2081.9</ele>
   </trkpt>
   <trkpt lat="46.2158340" lon="7.6270000">
    <ele>2079.1</ele>
   </trkpt>
   <trkpt lat="46.2158080" lon="7.6269950">
    <ele>2078.5</ele>
   </trkpt>
   <trkpt lat="46.2157830" lon="7.6269900">
    <ele>2077.8</ele>
   </trkpt>
   <trkpt lat="46.2157450" lon="7.6269830">
    <ele>2077.2</ele>
   </trkpt>
   <trkpt lat="46.2156490" lon="7.6269830">
    <ele>2075.2</ele>
   </trkpt>
   <trkpt lat="46.2155530" lon="7.6269830">
    <ele>2073.8</ele>
   </trkpt>
   <trkpt lat="46.2155000" lon="7.6270170">
    <ele>2074.5</ele>
   </trkpt>
   <trkpt lat="46.2154470" lon="7.6270510">
    <ele>2075.5</ele>
   </trkpt>
   <trkpt lat="46.2154190" lon="7.6271270">
    <ele>2076.5</ele>
   </trkpt>
   <trkpt lat="46.2154120" lon="7.6271580">
    <ele>2077.7</ele>
   </trkpt>
   <trkpt lat="46.2154060" lon="7.6271900">
    <ele>2079.2</ele>
   </trkpt>
   <trkpt lat="46.2154000" lon="7.6272210">
    <ele>2080.8</ele>
   </trkpt>
   <trkpt lat="46.2153930" lon="7.6272530">
    <ele>2080.8</ele>
   </trkpt>
   <trkpt lat="46.2153950" lon="7.6272880">
    <ele>2082.6</ele>
   </trkpt>
   <trkpt lat="46.2153980" lon="7.6273140">
    <ele>2084.3</ele>
   </trkpt>
   <trkpt lat="46.2154000" lon="7.6273410">
    <ele>2084.3</ele>
   </trkpt>
   <trkpt lat="46.2153940" lon="7.6273530">
    <ele>2086.1</ele>
   </trkpt>
   <trkpt lat="46.2153880" lon="7.6273650">
    <ele>2086.1</ele>
   </trkpt>
   <trkpt lat="46.2153550" lon="7.6273700">
    <ele>2085.3</ele>
   </trkpt>
   <trkpt lat="46.2153400" lon="7.6273720">
    <ele>2085.4</ele>
   </trkpt>
   <trkpt lat="46.2153260" lon="7.6273740">
    <ele>2085.0</ele>
   </trkpt>
   <trkpt lat="46.2153000" lon="7.6273780">
    <ele>2085.0</ele>
   </trkpt>
   <trkpt lat="46.2152690" lon="7.6273840">
    <ele>2084.6</ele>
   </trkpt>
   <trkpt lat="46.2152390" lon="7.6273890">
    <ele>2085.8</ele>
   </trkpt>
   <trkpt lat="46.2152300" lon="7.6274130">
    <ele>2085.4</ele>
   </trkpt>
   <trkpt lat="46.2152200" lon="7.6274380">
    <ele>2087.0</ele>
   </trkpt>
   <trkpt lat="46.2152110" lon="7.6274740">
    <ele>2088.4</ele>
   </trkpt>
   <trkpt lat="46.2152020" lon="7.6275110">
    <ele>2088.0</ele>
   </trkpt>
   <trkpt lat="46.2151770" lon="7.6275230">
    <ele>2089.1</ele>
   </trkpt>
   <trkpt lat="46.2151530" lon="7.6275350">
    <ele>2089.1</ele>
   </trkpt>
   <trkpt lat="46.2151290" lon="7.6275470">
    <ele>2088.7</ele>
   </trkpt>
   <trkpt lat="46.2150640" lon="7.6275240">
    <ele>2088.2</ele>
   </trkpt>
   <trkpt lat="46.2149990" lon="7.6275020">
    <ele>2086.2</ele>
   </trkpt>
   <trkpt lat="46.2149410" lon="7.6274700">
    <ele>2084.6</ele>
   </trkpt>
   <trkpt lat="46.2148830" lon="7.6274390">
    <ele>2084.6</ele>
   </trkpt>
   <trkpt lat="46.2148290" lon="7.6274090">
    <ele>2083.3</ele>
   </trkpt>
   <trkpt lat="46.2147750" lon="7.6273790">
    <ele>2082.1</ele>
   </trkpt>
   <trkpt lat="46.2147240" lon="7.6273540">
    <ele>2082.1</ele>
   </trkpt>
   <trkpt lat="46.2146730" lon="7.6273290">
    <ele>2081.2</ele>
   </trkpt>
   <trkpt lat="46.2146260" lon="7.6273100">
    <ele>2081.4</ele>
   </trkpt>
   <trkpt lat="46.2145780" lon="7.6272920">
    <ele>2080.6</ele>
   </trkpt>
   <trkpt lat="46.2145490" lon="7.6272980">
    <ele>2080.7</ele>
   </trkpt>
   <trkpt lat="46.2145200" lon="7.6273040">
    <ele>2081.9</ele>
   </trkpt>
   <trkpt lat="46.2144910" lon="7.6273170">
    <ele>2082.0</ele>
   </trkpt>
   <trkpt lat="46.2144620" lon="7.6273290">
    <ele>2082.1</ele>
   </trkpt>
   <trkpt lat="46.2144330" lon="7.6273430">
    <ele>2082.3</ele>
   </trkpt>
   <trkpt lat="46.2144040" lon="7.6273560">
    <ele>2083.4</ele>
   </trkpt>
   <trkpt lat="46.2143820" lon="7.6273810">
    <ele>2083.4</ele>
   </trkpt>
   <trkpt lat="46.2143600" lon="7.6274070">
    <ele>2084.4</ele>
   </trkpt>
   <trkpt lat="46.2143370" lon="7.6274380">
    <ele>2085.5</ele>
   </trkpt>
   <trkpt lat="46.2143150" lon="7.6274700">
    <ele>2085.6</ele>
   </trkpt>
   <trkpt lat="46.2142760" lon="7.6274790">
    <ele>2086.6</ele>
   </trkpt>
   <trkpt lat="46.2142370" lon="7.6274870">
    <ele>2086.7</ele>
   </trkpt>
   <trkpt lat="46.2141910" lon="7.6274720">
    <ele>2086.1</ele>
   </trkpt>
   <trkpt lat="46.2141450" lon="7.6274570">
    <ele>2086.2</ele>
   </trkpt>
   <trkpt lat="46.2140990" lon="7.6274420">
    <ele>2086.4</ele>
   </trkpt>
   <trkpt lat="46.2140530" lon="7.6274270">
    <ele>2085.7</ele>
   </trkpt>
   <trkpt lat="46.2139250" lon="7.6273670">
    <ele>2085.2</ele>
   </trkpt>
   <trkpt lat="46.2137960" lon="7.6273070">
    <ele>2084.5</ele>
   </trkpt>
   <trkpt lat="46.2136870" lon="7.6272630">
    <ele>2083.6</ele>
   </trkpt>
   <trkpt lat="46.2135780" lon="7.6272190">
    <ele>2082.7</ele>
   </trkpt>
   <trkpt lat="46.2135020" lon="7.6272160">
    <ele>2082.7</ele>
   </trkpt>
   <trkpt lat="46.2133950" lon="7.6272260">
    <ele>2083.0</ele>
   </trkpt>
   <trkpt lat="46.2133630" lon="7.6272400">
    <ele>2083.2</ele>
   </trkpt>
   <trkpt lat="46.2133300" lon="7.6272540">
    <ele>2083.4</ele>
   </trkpt>
   <trkpt lat="46.2133010" lon="7.6272950">
    <ele>2084.4</ele>
   </trkpt>
   <trkpt lat="46.2132710" lon="7.6273360">
    <ele>2085.3</ele>
   </trkpt>
   <trkpt lat="46.2132650" lon="7.6274090">
    <ele>2086.7</ele>
   </trkpt>
   <trkpt lat="46.2132590" lon="7.6274820">
    <ele>2088.1</ele>
   </trkpt>
   <trkpt lat="46.2132640" lon="7.6275700">
    <ele>2089.5</ele>
   </trkpt>
   <trkpt lat="46.2132690" lon="7.6276580">
    <ele>2091.1</ele>
   </trkpt>
   <trkpt lat="46.2132690" lon="7.6277430">
    <ele>2092.9</ele>
   </trkpt>
   <trkpt lat="46.2132640" lon="7.6278550">
    <ele>2094.9</ele>
   </trkpt>
   <trkpt lat="46.2132600" lon="7.6278830">
    <ele>2095.8</ele>
   </trkpt>
   <trkpt lat="46.2132550" lon="7.6279120">
    <ele>2096.8</ele>
   </trkpt>
   <trkpt lat="46.2132480" lon="7.6279540">
    <ele>2097.7</ele>
   </trkpt>
   <trkpt lat="46.2132290" lon="7.6280630">
    <ele>2099.6</ele>
   </trkpt>
   <trkpt lat="46.2132090" lon="7.6281720">
    <ele>2102.8</ele>
   </trkpt>
   <trkpt lat="46.2131920" lon="7.6282600">
    <ele>2104.9</ele>
   </trkpt>
   <trkpt lat="46.2131740" lon="7.6283480">
    <ele>2107.1</ele>
   </trkpt>
   <trkpt lat="46.2131590" lon="7.6284200">
    <ele>2109.1</ele>
   </trkpt>
   <trkpt lat="46.2131440" lon="7.6284910">
    <ele>2110.1</ele>
   </trkpt>
   <trkpt lat="46.2131290" lon="7.6285630">
    <ele>2112.3</ele>
   </trkpt>
   <trkpt lat="46.2131040" lon="7.6286050">
    <ele>2113.4</ele>
   </trkpt>
   <trkpt lat="46.2130780" lon="7.6286470">
    <ele>2114.7</ele>
   </trkpt>
   <trkpt lat="46.2130470" lon="7.6286750">
    <ele>2116.0</ele>
   </trkpt>
   <trkpt lat="46.2130160" lon="7.6287040">
    <ele>2116.2</ele>
   </trkpt>
   <trkpt lat="46.2129790" lon="7.6287090">
    <ele>2116.6</ele>
   </trkpt>
   <trkpt lat="46.2129420" lon="7.6287140">
    <ele>2116.7</ele>
   </trkpt>
   <trkpt lat="46.2128730" lon="7.6287170">
    <ele>2117.1</ele>
   </trkpt>
   <trkpt lat="46.2128040" lon="7.6287190">
    <ele>2118.6</ele>
   </trkpt>
   <trkpt lat="46.2127350" lon="7.6287220">
    <ele>2119.4</ele>
   </trkpt>
   <trkpt lat="46.2126890" lon="7.6287410">
    <ele>2119.7</ele>
   </trkpt>
   <trkpt lat="46.2126440" lon="7.6287600">
    <ele>2120.2</ele>
   </trkpt>
   <trkpt lat="46.2126190" lon="7.6288000">
    <ele>2121.5</ele>
   </trkpt>
   <trkpt lat="46.2125950" lon="7.6288410">
    <ele>2122.9</ele>
   </trkpt>
   <trkpt lat="46.2125840" lon="7.6289010">
    <ele>2125.1</ele>
   </trkpt>
   <trkpt lat="46.2125740" lon="7.6289600">
    <ele>2126.2</ele>
   </trkpt>
   <trkpt lat="46.2125410" lon="7.6290330">
    <ele>2128.9</ele>
   </trkpt>
   <trkpt lat="46.2125270" lon="7.6290600">
    <ele>2129.4</ele>
   </trkpt>
   <trkpt lat="46.2125130" lon="7.6290880">
    <ele>2130.6</ele>
   </trkpt>
   <trkpt lat="46.2124920" lon="7.6291270">
    <ele>2132.3</ele>
   </trkpt>
   <trkpt lat="46.2124780" lon="7.6291700">
    <ele>2133.5</ele>
   </trkpt>
   <trkpt lat="46.2124630" lon="7.6292140">
    <ele>2135.1</ele>
   </trkpt>
   <trkpt lat="46.2124490" lon="7.6292580">
    <ele>2136.2</ele>
   </trkpt>
   <trkpt lat="46.2124350" lon="7.6293020">
    <ele>2137.6</ele>
   </trkpt>
   <trkpt lat="46.2124040" lon="7.6293260">
    <ele>2138.9</ele>
   </trkpt>
   <trkpt lat="46.2123730" lon="7.6293500">
    <ele>2139.2</ele>
   </trkpt>
   <trkpt lat="46.2123440" lon="7.6293730">
    <ele>2140.6</ele>
   </trkpt>
   <trkpt lat="46.2123160" lon="7.6293970">
    <ele>2140.9</ele>
   </trkpt>
   <trkpt lat="46.2122810" lon="7.6294200">
    <ele>2142.4</ele>
   </trkpt>
   <trkpt lat="46.2122460" lon="7.6294420">
    <ele>2142.8</ele>
   </trkpt>
   <trkpt lat="46.2122040" lon="7.6294530">
    <ele>2144.6</ele>
   </trkpt>
   <trkpt lat="46.2121630" lon="7.6294650">
    <ele>2145.0</ele>
   </trkpt>
   <trkpt lat="46.2121180" lon="7.6294690">
    <ele>2145.8</ele>
   </trkpt>
   <trkpt lat="46.2120740" lon="7.6294740">
    <ele>2146.2</ele>
   </trkpt>
   <trkpt lat="46.2120360" lon="7.6294770">
    <ele>2146.6</ele>
   </trkpt>
   <trkpt lat="46.2119980" lon="7.6294800">
    <ele>2147.5</ele>
   </trkpt>
   <trkpt lat="46.2119750" lon="7.6294890">
    <ele>2147.6</ele>
   </trkpt>
   <trkpt lat="46.2119520" lon="7.6294980">
    <ele>2149.1</ele>
   </trkpt>
   <trkpt lat="46.2119380" lon="7.6295110">
    <ele>2149.6</ele>
   </trkpt>
   <trkpt lat="46.2119230" lon="7.6295240">
    <ele>2149.6</ele>
   </trkpt>
   <trkpt lat="46.2119210" lon="7.6295450">
    <ele>2150.6</ele>
   </trkpt>
   <trkpt lat="46.2119200" lon="7.6295660">
    <ele>2150.7</ele>
   </trkpt>
   <trkpt lat="46.2119250" lon="7.6295890">
    <ele>2151.7</ele>
   </trkpt>
   <trkpt lat="46.2119310" lon="7.6296130">
    <ele>2151.8</ele>
   </trkpt>
   <trkpt lat="46.2119420" lon="7.6296430">
    <ele>2152.9</ele>
   </trkpt>
   <trkpt lat="46.2119540" lon="7.6296730">
    <ele>2153.5</ele>
   </trkpt>
   <trkpt lat="46.2119640" lon="7.6297000">
    <ele>2153.6</ele>
   </trkpt>
   <trkpt lat="46.2119730" lon="7.6297280">
    <ele>2154.3</ele>
   </trkpt>
   <trkpt lat="46.2119730" lon="7.6297480">
    <ele>2155.4</ele>
   </trkpt>
   <trkpt lat="46.2119740" lon="7.6297680">
    <ele>2155.4</ele>
   </trkpt>
   <trkpt lat="46.2119640" lon="7.6297820">
    <ele>2155.8</ele>
   </trkpt>
   <trkpt lat="46.2119550" lon="7.6297950">
    <ele>2156.8</ele>
   </trkpt>
   <trkpt lat="46.2119410" lon="7.6298070">
    <ele>2157.2</ele>
   </trkpt>
   <trkpt lat="46.2119270" lon="7.6298190">
    <ele>2157.3</ele>
   </trkpt>
   <trkpt lat="46.2119120" lon="7.6298340">
    <ele>2158.6</ele>
   </trkpt>
   <trkpt lat="46.2118980" lon="7.6298480">
    <ele>2158.6</ele>
   </trkpt>
   <trkpt lat="46.2118850" lon="7.6298660">
    <ele>2158.7</ele>
   </trkpt>
   <trkpt lat="46.2118720" lon="7.6298850">
    <ele>2160.0</ele>
   </trkpt>
   <trkpt lat="46.2118610" lon="7.6299100">
    <ele>2160.0</ele>
   </trkpt>
   <trkpt lat="46.2118500" lon="7.6299350">
    <ele>2161.3</ele>
   </trkpt>
   <trkpt lat="46.2118400" lon="7.6299650">
    <ele>2162.3</ele>
   </trkpt>
   <trkpt lat="46.2118300" lon="7.6299960">
    <ele>2162.3</ele>
   </trkpt>
   <trkpt lat="46.2118230" lon="7.6300330">
    <ele>2163.5</ele>
   </trkpt>
   <trkpt lat="46.2118160" lon="7.6300700">
    <ele>2164.5</ele>
   </trkpt>
   <trkpt lat="46.2118060" lon="7.6301070">
    <ele>2165.4</ele>
   </trkpt>
   <trkpt lat="46.2117970" lon="7.6301440">
    <ele>2166.3</ele>
   </trkpt>
   <trkpt lat="46.2117850" lon="7.6301800">
    <ele>2167.4</ele>
   </trkpt>
   <trkpt lat="46.2117740" lon="7.6302160">
    <ele>2167.4</ele>
   </trkpt>
   <trkpt lat="46.2117630" lon="7.6302570">
    <ele>2168.5</ele>
   </trkpt>
   <trkpt lat="46.2117530" lon="7.6302980">
    <ele>2169.4</ele>
   </trkpt>
   <trkpt lat="46.2117390" lon="7.6303340">
    <ele>2170.4</ele>
   </trkpt>
   <trkpt lat="46.2117260" lon="7.6303700">
    <ele>2171.6</ele>
   </trkpt>
   <trkpt lat="46.2117030" lon="7.6303920">
    <ele>2172.8</ele>
   </trkpt>
   <trkpt lat="46.2116810" lon="7.6304140">
    <ele>2172.9</ele>
   </trkpt>
   <trkpt lat="46.2116430" lon="7.6304180">
    <ele>2173.3</ele>
   </trkpt>
   <trkpt lat="46.2116060" lon="7.6304220">
    <ele>2173.6</ele>
   </trkpt>
   <trkpt lat="46.2115580" lon="7.6304180">
    <ele>2173.8</ele>
   </trkpt>
   <trkpt lat="46.2115110" lon="7.6304150">
    <ele>2174.1</ele>
   </trkpt>
   <trkpt lat="46.2114680" lon="7.6304190">
    <ele>2174.3</ele>
   </trkpt>
   <trkpt lat="46.2114250" lon="7.6304240">
    <ele>2174.7</ele>
   </trkpt>
   <trkpt lat="46.2113900" lon="7.6304380">
    <ele>2175.8</ele>
   </trkpt>
   <trkpt lat="46.2113550" lon="7.6304510">
    <ele>2175.9</ele>
   </trkpt>
   <trkpt lat="46.2113250" lon="7.6304690">
    <ele>2176.1</ele>
   </trkpt>
   <trkpt lat="46.2112940" lon="7.6304860">
    <ele>2177.1</ele>
   </trkpt>
   <trkpt lat="46.2112660" lon="7.6305000">
    <ele>2177.2</ele>
   </trkpt>
   <trkpt lat="46.2112380" lon="7.6305140">
    <ele>2177.3</ele>
   </trkpt>
   <trkpt lat="46.2112140" lon="7.6305240">
    <ele>2178.3</ele>
   </trkpt>
   <trkpt lat="46.2111890" lon="7.6305350">
    <ele>2178.5</ele>
   </trkpt>
   <trkpt lat="46.2111670" lon="7.6305470">
    <ele>2178.7</ele>
   </trkpt>
   <trkpt lat="46.2111450" lon="7.6305580">
    <ele>2178.7</ele>
   </trkpt>
   <trkpt lat="46.2111270" lon="7.6305760">
    <ele>2179.8</ele>
   </trkpt>
   <trkpt lat="46.2111090" lon="7.6305930">
    <ele>2180.0</ele>
   </trkpt>
   <trkpt lat="46.2110940" lon="7.6306190">
    <ele>2180.9</ele>
   </trkpt>
   <trkpt lat="46.2110800" lon="7.6306440">
    <ele>2181.2</ele>
   </trkpt>
   <trkpt lat="46.2110660" lon="7.6306750">
    <ele>2182.0</ele>
   </trkpt>
   <trkpt lat="46.2110520" lon="7.6307060">
    <ele>2182.8</ele>
   </trkpt>
   <trkpt lat="46.2110400" lon="7.6307420">
    <ele>2183.8</ele>
   </trkpt>
   <trkpt lat="46.2110290" lon="7.6307780">
    <ele>2184.6</ele>
   </trkpt>
   <trkpt lat="46.2110240" lon="7.6308270">
    <ele>2185.5</ele>
   </trkpt>
   <trkpt lat="46.2110200" lon="7.6308760">
    <ele>2186.5</ele>
   </trkpt>
   <trkpt lat="46.2110180" lon="7.6309320">
    <ele>2187.4</ele>
   </trkpt>
   <trkpt lat="46.2110160" lon="7.6309890">
    <ele>2188.2</ele>
   </trkpt>
   <trkpt lat="46.2110090" lon="7.6310410">
    <ele>2189.9</ele>
   </trkpt>
   <trkpt lat="46.2110020" lon="7.6310940">
    <ele>2190.7</ele>
   </trkpt>
   <trkpt lat="46.2109850" lon="7.6311340">
    <ele>2191.6</ele>
   </trkpt>
   <trkpt lat="46.2109680" lon="7.6311740">
    <ele>2192.5</ele>
   </trkpt>
   <trkpt lat="46.2109400" lon="7.6311960">
    <ele>2192.6</ele>
   </trkpt>
   <trkpt lat="46.2109120" lon="7.6312170">
    <ele>2193.5</ele>
   </trkpt>
   <trkpt lat="46.2108770" lon="7.6312140">
    <ele>2193.4</ele>
   </trkpt>
   <trkpt lat="46.2108430" lon="7.6312100">
    <ele>2193.3</ele>
   </trkpt>
   <trkpt lat="46.2108100" lon="7.6311850">
    <ele>2193.2</ele>
   </trkpt>
   <trkpt lat="46.2107770" lon="7.6311590">
    <ele>2193.1</ele>
   </trkpt>
   <trkpt lat="46.2107470" lon="7.6311220">
    <ele>2193.0</ele>
   </trkpt>
   <trkpt lat="46.2107170" lon="7.6310840">
    <ele>2192.9</ele>
   </trkpt>
   <trkpt lat="46.2106900" lon="7.6310450">
    <ele>2192.8</ele>
   </trkpt>
   <trkpt lat="46.2106640" lon="7.6310060">
    <ele>2192.8</ele>
   </trkpt>
   <trkpt lat="46.2106450" lon="7.6309620">
    <ele>2192.8</ele>
   </trkpt>
   <trkpt lat="46.2106260" lon="7.6309190">
    <ele>2192.9</ele>
   </trkpt>
   <trkpt lat="46.2106140" lon="7.6308690">
    <ele>2193.0</ele>
   </trkpt>
   <trkpt lat="46.2106010" lon="7.6308200">
    <ele>2193.1</ele>
   </trkpt>
   <trkpt lat="46.2105930" lon="7.6307680">
    <ele>2193.3</ele>
   </trkpt>
   <trkpt lat="46.2105850" lon="7.6307160">
    <ele>2193.5</ele>
   </trkpt>
   <trkpt lat="46.2105810" lon="7.6306660">
    <ele>2193.7</ele>
   </trkpt>
   <trkpt lat="46.2105770" lon="7.6306160">
    <ele>2193.9</ele>
   </trkpt>
   <trkpt lat="46.2105740" lon="7.6305710">
    <ele>2194.1</ele>
   </trkpt>
   <trkpt lat="46.2105710" lon="7.6305260">
    <ele>2194.2</ele>
   </trkpt>
   <trkpt lat="46.2105570" lon="7.6304960">
    <ele>2194.3</ele>
   </trkpt>
   <trkpt lat="46.2105440" lon="7.6304670">
    <ele>2194.3</ele>
   </trkpt>
   <trkpt lat="46.2105170" lon="7.6304650">
    <ele>2194.3</ele>
   </trkpt>
   <trkpt lat="46.2104900" lon="7.6304630">
    <ele>2194.3</ele>
   </trkpt>
   <trkpt lat="46.2104510" lon="7.6304950">
    <ele>2194.1</ele>
   </trkpt>
   <trkpt lat="46.2104350" lon="7.6305080">
    <ele>2194.1</ele>
   </trkpt>
   <trkpt lat="46.2104200" lon="7.6305210">
    <ele>2194.0</ele>
   </trkpt>
   <trkpt lat="46.2103960" lon="7.6305400">
    <ele>2193.8</ele>
   </trkpt>
   <trkpt lat="46.2103550" lon="7.6305720">
    <ele>2193.6</ele>
   </trkpt>
   <trkpt lat="46.2103150" lon="7.6306040">
    <ele>2193.4</ele>
   </trkpt>
   <trkpt lat="46.2102740" lon="7.6306360">
    <ele>2193.3</ele>
   </trkpt>
   <trkpt lat="46.2102330" lon="7.6306690">
    <ele>2193.2</ele>
   </trkpt>
   <trkpt lat="46.2101820" lon="7.6307040">
    <ele>2193.1</ele>
   </trkpt>
   <trkpt lat="46.2101310" lon="7.6307400">
    <ele>2193.1</ele>
   </trkpt>
   <trkpt lat="46.2100980" lon="7.6307760">
    <ele>2193.2</ele>
   </trkpt>
   <trkpt lat="46.2100640" lon="7.6308110">
    <ele>2193.3</ele>
   </trkpt>
   <trkpt lat="46.2100370" lon="7.6308370">
    <ele>2193.5</ele>
   </trkpt>
   <trkpt lat="46.2100090" lon="7.6308630">
    <ele>2193.7</ele>
   </trkpt>
   <trkpt lat="46.2099640" lon="7.6308680">
    <ele>2194.0</ele>
   </trkpt>
   <trkpt lat="46.2099450" lon="7.6308700">
    <ele>2194.1</ele>
   </trkpt>
   <trkpt lat="46.2099270" lon="7.6308720">
    <ele>2194.2</ele>
   </trkpt>
   <trkpt lat="46.2099000" lon="7.6308760">
    <ele>2194.3</ele>
   </trkpt>
   <trkpt lat="46.2098450" lon="7.6308710">
    <ele>2194.7</ele>
   </trkpt>
   <trkpt lat="46.2097900" lon="7.6308670">
    <ele>2195.0</ele>
   </trkpt>
   <trkpt lat="46.2097350" lon="7.6308620">
    <ele>2195.3</ele>
   </trkpt>
   <trkpt lat="46.2096910" lon="7.6308560">
    <ele>2195.6</ele>
   </trkpt>
   <trkpt lat="46.2096470" lon="7.6308510">
    <ele>2195.9</ele>
   </trkpt>
   <trkpt lat="46.2096070" lon="7.6308420">
    <ele>2196.3</ele>
   </trkpt>
   <trkpt lat="46.2095670" lon="7.6308340">
    <ele>2196.7</ele>
   </trkpt>
   <trkpt lat="46.2095310" lon="7.6308340">
    <ele>2197.0</ele>
   </trkpt>
   <trkpt lat="46.2094950" lon="7.6308350">
    <ele>2197.4</ele>
   </trkpt>
   <trkpt lat="46.2094640" lon="7.6308440">
    <ele>2197.7</ele>
   </trkpt>
   <trkpt lat="46.2094320" lon="7.6308530">
    <ele>2198.0</ele>
   </trkpt>
   <trkpt lat="46.2094030" lon="7.6308710">
    <ele>2198.3</ele>
   </trkpt>
   <trkpt lat="46.2093740" lon="7.6308880">
    <ele>2198.5</ele>
   </trkpt>
   <trkpt lat="46.2093450" lon="7.6309020">
    <ele>2198.8</ele>
   </trkpt>
   <trkpt lat="46.2093160" lon="7.6309160">
    <ele>2199.1</ele>
   </trkpt>
   <trkpt lat="46.2092840" lon="7.6309150">
    <ele>2199.4</ele>
   </trkpt>
   <trkpt lat="46.2092530" lon="7.6309150">
    <ele>2199.7</ele>
   </trkpt>
   <trkpt lat="46.2092200" lon="7.6309070">
    <ele>2200.0</ele>
   </trkpt>
   <trkpt lat="46.2091870" lon="7.6309000">
    <ele>2200.3</ele>
   </trkpt>
   <trkpt lat="46.2091540" lon="7.6308890">
    <ele>2200.6</ele>
   </trkpt>
   <trkpt lat="46.2091200" lon="7.6308780">
    <ele>2200.9</ele>
   </trkpt>
   <trkpt lat="46.2090900" lon="7.6308640">
    <ele>2201.1</ele>
   </trkpt>
   <trkpt lat="46.2090590" lon="7.6308500">
    <ele>2201.4</ele>
   </trkpt>
   <trkpt lat="46.2090340" lon="7.6308380">
    <ele>2201.6</ele>
   </trkpt>
   <trkpt lat="46.2090100" lon="7.6308260">
    <ele>2201.9</ele>
   </trkpt>
   <trkpt lat="46.2089870" lon="7.6308190">
    <ele>2202.2</ele>
   </trkpt>
   <trkpt lat="46.2089640" lon="7.6308110">
    <ele>2202.4</ele>
   </trkpt>
   <trkpt lat="46.2089410" lon="7.6308060">
    <ele>2202.7</ele>
   </trkpt>
   <trkpt lat="46.2089180" lon="7.6308000">
    <ele>2202.9</ele>
   </trkpt>
   <trkpt lat="46.2088930" lon="7.6307860">
    <ele>2203.2</ele>
   </trkpt>
   <trkpt lat="46.2088680" lon="7.6307720">
    <ele>2203.4</ele>
   </trkpt>
   <trkpt lat="46.2088510" lon="7.6307470">
    <ele>2203.6</ele>
   </trkpt>
   <trkpt lat="46.2088330" lon="7.6307220">
    <ele>2203.8</ele>
   </trkpt>
   <trkpt lat="46.2088160" lon="7.6306980">
    <ele>2203.9</ele>
   </trkpt>
   <trkpt lat="46.2087990" lon="7.6306730">
    <ele>2204.1</ele>
   </trkpt>
   <trkpt lat="46.2087760" lon="7.6306110">
    <ele>2204.3</ele>
   </trkpt>
   <trkpt lat="46.2087530" lon="7.6305500">
    <ele>2204.6</ele>
   </trkpt>
   <trkpt lat="46.2087300" lon="7.6304880">
    <ele>2205.0</ele>
   </trkpt>
   <trkpt lat="46.2087200" lon="7.6304390">
    <ele>2205.3</ele>
   </trkpt>
   <trkpt lat="46.2087110" lon="7.6303900">
    <ele>2205.7</ele>
   </trkpt>
   <trkpt lat="46.2087030" lon="7.6303410">
    <ele>2206.1</ele>
   </trkpt>
   <trkpt lat="46.2086950" lon="7.6302910">
    <ele>2206.5</ele>
   </trkpt>
   <trkpt lat="46.2086960" lon="7.6302440">
    <ele>2206.9</ele>
   </trkpt>
   <trkpt lat="46.2086970" lon="7.6301960">
    <ele>2207.2</ele>
   </trkpt>
   <trkpt lat="46.2087130" lon="7.6301630">
    <ele>2207.6</ele>
   </trkpt>
   <trkpt lat="46.2087300" lon="7.6301290">
    <ele>2208.0</ele>
   </trkpt>
   <trkpt lat="46.2087590" lon="7.6301080">
    <ele>2208.4</ele>
   </trkpt>
   <trkpt lat="46.2087880" lon="7.6300870">
    <ele>2208.8</ele>
   </trkpt>
   <trkpt lat="46.2088210" lon="7.6300670">
    <ele>2209.3</ele>
   </trkpt>
   <trkpt lat="46.2088540" lon="7.6300470">
    <ele>2209.7</ele>
   </trkpt>
   <trkpt lat="46.2088840" lon="7.6300210">
    <ele>2210.1</ele>
   </trkpt>
   <trkpt lat="46.2089130" lon="7.6299960">
    <ele>2210.5</ele>
   </trkpt>
   <trkpt lat="46.2089330" lon="7.6299630">
    <ele>2210.9</ele>
   </trkpt>
   <trkpt lat="46.2089530" lon="7.6299290">
    <ele>2211.2</ele>
   </trkpt>
   <trkpt lat="46.2089710" lon="7.6298930">
    <ele>2211.5</ele>
   </trkpt>
   <trkpt lat="46.2089890" lon="7.6298570">
    <ele>2211.9</ele>
   </trkpt>
   <trkpt lat="46.2090080" lon="7.6298220">
    <ele>2212.2</ele>
   </trkpt>
   <trkpt lat="46.2090270" lon="7.6297880">
    <ele>2212.5</ele>
   </trkpt>
   <trkpt lat="46.2090460" lon="7.6297560">
    <ele>2212.9</ele>
   </trkpt>
   <trkpt lat="46.2090650" lon="7.6297240">
    <ele>2213.2</ele>
   </trkpt>
   <trkpt lat="46.2090810" lon="7.6296920">
    <ele>2213.5</ele>
   </trkpt>
   <trkpt lat="46.2090980" lon="7.6296610">
    <ele>2213.8</ele>
   </trkpt>
   <trkpt lat="46.2091130" lon="7.6296240">
    <ele>2214.1</ele>
   </trkpt>
   <trkpt lat="46.2091290" lon="7.6295880">
    <ele>2214.4</ele>
   </trkpt>
   <trkpt lat="46.2091430" lon="7.6295500">
    <ele>2214.7</ele>
   </trkpt>
   <trkpt lat="46.2091580" lon="7.6295110">
    <ele>2215.0</ele>
   </trkpt>
   <trkpt lat="46.2091730" lon="7.6294740">
    <ele>2215.2</ele>
   </trkpt>
   <trkpt lat="46.2091890" lon="7.6294370">
    <ele>2215.5</ele>
   </trkpt>
   <trkpt lat="46.2092090" lon="7.6294080">
    <ele>2215.7</ele>
   </trkpt>
   <trkpt lat="46.2092290" lon="7.6293780">
    <ele>2215.8</ele>
   </trkpt>
   <trkpt lat="46.2092450" lon="7.6293470">
    <ele>2216.0</ele>
   </trkpt>
   <trkpt lat="46.2092610" lon="7.6293170">
    <ele>2216.1</ele>
   </trkpt>
   <trkpt lat="46.2092660" lon="7.6292760">
    <ele>2216.3</ele>
   </trkpt>
   <trkpt lat="46.2092700" lon="7.6292350">
    <ele>2216.4</ele>
   </trkpt>
   <trkpt lat="46.2092630" lon="7.6291850">
    <ele>2216.6</ele>
   </trkpt>
   <trkpt lat="46.2092570" lon="7.6291350">
    <ele>2216.9</ele>
   </trkpt>
   <trkpt lat="46.2092460" lon="7.6290780">
    <ele>2217.3</ele>
   </trkpt>
   <trkpt lat="46.2092350" lon="7.6290220">
    <ele>2217.7</ele>
   </trkpt>
   <trkpt lat="46.2092240" lon="7.6289680">
    <ele>2218.2</ele>
   </trkpt>
   <trkpt lat="46.2092140" lon="7.6289150">
    <ele>2218.7</ele>
   </trkpt>
   <trkpt lat="46.2092060" lon="7.6288710">
    <ele>2219.2</ele>
   </trkpt>
   <trkpt lat="46.2091970" lon="7.6288280">
    <ele>2219.7</ele>
   </trkpt>
   <trkpt lat="46.2091880" lon="7.6287860">
    <ele>2220.1</ele>
   </trkpt>
   <trkpt lat="46.2091790" lon="7.6287450">
    <ele>2220.6</ele>
   </trkpt>
   <trkpt lat="46.2091730" lon="7.6287050">
    <ele>2221.0</ele>
   </trkpt>
   <trkpt lat="46.2091660" lon="7.6286660">
    <ele>2221.4</ele>
   </trkpt>
   <trkpt lat="46.2091680" lon="7.6286280">
    <ele>2221.8</ele>
   </trkpt>
   <trkpt lat="46.2091710" lon="7.6285910">
    <ele>2222.2</ele>
   </trkpt>
   <trkpt lat="46.2091740" lon="7.6285540">
    <ele>2222.5</ele>
   </trkpt>
   <trkpt lat="46.2091770" lon="7.6285160">
    <ele>2222.9</ele>
   </trkpt>
   <trkpt lat="46.2091730" lon="7.6284680">
    <ele>2223.3</ele>
   </trkpt>
   <trkpt lat="46.2091690" lon="7.6284210">
    <ele>2223.8</ele>
   </trkpt>
   <trkpt lat="46.2091640" lon="7.6283680">
    <ele>2224.2</ele>
   </trkpt>
   <trkpt lat="46.2091590" lon="7.6283150">
    <ele>2224.7</ele>
   </trkpt>
   <trkpt lat="46.2091620" lon="7.6282720">
    <ele>2225.0</ele>
   </trkpt>
   <trkpt lat="46.2091650" lon="7.6282300">
    <ele>2225.4</ele>
   </trkpt>
   <trkpt lat="46.2091810" lon="7.6281990">
    <ele>2225.7</ele>
   </trkpt>
   <trkpt lat="46.2091970" lon="7.6281690">
    <ele>2226.0</ele>
   </trkpt>
   <trkpt lat="46.2092240" lon="7.6281490">
    <ele>2226.3</ele>
   </trkpt>
   <trkpt lat="46.2092500" lon="7.6281280">
    <ele>2226.7</ele>
   </trkpt>
   <trkpt lat="46.2092790" lon="7.6281080">
    <ele>2227.1</ele>
   </trkpt>
   <trkpt lat="46.2093080" lon="7.6280880">
    <ele>2227.5</ele>
   </trkpt>
   <trkpt lat="46.2093280" lon="7.6280620">
    <ele>2227.8</ele>
   </trkpt>
   <trkpt lat="46.2093470" lon="7.6280360">
    <ele>2228.1</ele>
   </trkpt>
   <trkpt lat="46.2093610" lon="7.6280090">
    <ele>2228.4</ele>
   </trkpt>
   <trkpt lat="46.2093760" lon="7.6279820">
    <ele>2228.6</ele>
   </trkpt>
   <trkpt lat="46.2093900" lon="7.6279550">
    <ele>2228.8</ele>
   </trkpt>
   <trkpt lat="46.2094040" lon="7.6279270">
    <ele>2229.0</ele>
   </trkpt>
   <trkpt lat="46.2094130" lon="7.6278980">
    <ele>2229.2</ele>
   </trkpt>
   <trkpt lat="46.2094220" lon="7.6278700">
    <ele>2229.4</ele>
   </trkpt>
   <trkpt lat="46.2094160" lon="7.6278360">
    <ele>2229.5</ele>
   </trkpt>
   <trkpt lat="46.2094100" lon="7.6278020">
    <ele>2229.7</ele>
   </trkpt>
   <trkpt lat="46.2093910" lon="7.6277610">
    <ele>2229.9</ele>
   </trkpt>
   <trkpt lat="46.2093720" lon="7.6277200">
    <ele>2230.0</ele>
   </trkpt>
   <trkpt lat="46.2093470" lon="7.6276760">
    <ele>2230.2</ele>
   </trkpt>
   <trkpt lat="46.2093230" lon="7.6276330">
    <ele>2230.4</ele>
   </trkpt>
   <trkpt lat="46.2093000" lon="7.6275880">
    <ele>2230.6</ele>
   </trkpt>
   <trkpt lat="46.2092760" lon="7.6275440">
    <ele>2230.8</ele>
   </trkpt>
   <trkpt lat="46.2092550" lon="7.6275010">
    <ele>2231.0</ele>
   </trkpt>
   <trkpt lat="46.2092340" lon="7.6274580">
    <ele>2231.2</ele>
   </trkpt>
   <trkpt lat="46.2092160" lon="7.6274160">
    <ele>2231.4</ele>
   </trkpt>
   <trkpt lat="46.2091970" lon="7.6273750">
    <ele>2231.6</ele>
   </trkpt>
   <trkpt lat="46.2091780" lon="7.6273340">
    <ele>2231.8</ele>
   </trkpt>
   <trkpt lat="46.2091580" lon="7.6272920">
    <ele>2232.0</ele>
   </trkpt>
   <trkpt lat="46.2091360" lon="7.6272500">
    <ele>2232.2</ele>
   </trkpt>
   <trkpt lat="46.2091140" lon="7.6272080">
    <ele>2232.5</ele>
   </trkpt>
   <trkpt lat="46.2090910" lon="7.6271650">
    <ele>2232.9</ele>
   </trkpt>
   <trkpt lat="46.2090680" lon="7.6271210">
    <ele>2233.3</ele>
   </trkpt>
   <trkpt lat="46.2090570" lon="7.6270790">
    <ele>2233.6</ele>
   </trkpt>
   <trkpt lat="46.2090470" lon="7.6270380">
    <ele>2234.0</ele>
   </trkpt>
   <trkpt lat="46.2090550" lon="7.6270010">
    <ele>2234.3</ele>
   </trkpt>
   <trkpt lat="46.2090630" lon="7.6269640">
    <ele>2234.7</ele>
   </trkpt>
   <trkpt lat="46.2090650" lon="7.6269300">
    <ele>2234.9</ele>
   </trkpt>
   <trkpt lat="46.2090660" lon="7.6268970">
    <ele>2235.2</ele>
   </trkpt>
   <trkpt lat="46.2090620" lon="7.6268660">
    <ele>2235.5</ele>
   </trkpt>
   <trkpt lat="46.2090580" lon="7.6268360">
    <ele>2235.7</ele>
   </trkpt>
   <trkpt lat="46.2090570" lon="7.6268100">
    <ele>2235.9</ele>
   </trkpt>
   <trkpt lat="46.2090570" lon="7.6267840">
    <ele>2236.2</ele>
   </trkpt>
   <trkpt lat="46.2090610" lon="7.6267570">
    <ele>2236.4</ele>
   </trkpt>
   <trkpt lat="46.2090660" lon="7.6267310">
    <ele>2236.6</ele>
   </trkpt>
   <trkpt lat="46.2090700" lon="7.6267030">
    <ele>2236.9</ele>
   </trkpt>
   <trkpt lat="46.2090740" lon="7.6266760">
    <ele>2237.2</ele>
   </trkpt>
   <trkpt lat="46.2090760" lon="7.6266470">
    <ele>2237.4</ele>
   </trkpt>
   <trkpt lat="46.2090780" lon="7.6266170">
    <ele>2237.7</ele>
   </trkpt>
   <trkpt lat="46.2090750" lon="7.6265820">
    <ele>2238.1</ele>
   </trkpt>
   <trkpt lat="46.2090720" lon="7.6265470">
    <ele>2238.4</ele>
   </trkpt>
   <trkpt lat="46.2090630" lon="7.6265050">
    <ele>2238.8</ele>
   </trkpt>
   <trkpt lat="46.2090540" lon="7.6264640">
    <ele>2239.2</ele>
   </trkpt>
   <trkpt lat="46.2090480" lon="7.6264220">
    <ele>2239.6</ele>
   </trkpt>
   <trkpt lat="46.2090420" lon="7.6263790">
    <ele>2240.0</ele>
   </trkpt>
   <trkpt lat="46.2090420" lon="7.6263410">
    <ele>2240.4</ele>
   </trkpt>
   <trkpt lat="46.2090420" lon="7.6263020">
    <ele>2240.8</ele>
   </trkpt>
   <trkpt lat="46.2090470" lon="7.6262670">
    <ele>2241.1</ele>
   </trkpt>
   <trkpt lat="46.2090510" lon="7.6262320">
    <ele>2241.5</ele>
   </trkpt>
   <trkpt lat="46.2090620" lon="7.6262030">
    <ele>2241.9</ele>
   </trkpt>
   <trkpt lat="46.2090720" lon="7.6261740">
    <ele>2242.3</ele>
   </trkpt>
   <trkpt lat="46.2090900" lon="7.6261550">
    <ele>2242.7</ele>
   </trkpt>
   <trkpt lat="46.2091080" lon="7.6261350">
    <ele>2243.1</ele>
   </trkpt>
   <trkpt lat="46.2091260" lon="7.6261170">
    <ele>2243.5</ele>
   </trkpt>
   <trkpt lat="46.2091440" lon="7.6260990">
    <ele>2243.9</ele>
   </trkpt>
   <trkpt lat="46.2091520" lon="7.6260750">
    <ele>2244.3</ele>
   </trkpt>
   <trkpt lat="46.2091610" lon="7.6260510">
    <ele>2244.7</ele>
   </trkpt>
   <trkpt lat="46.2091600" lon="7.6260230">
    <ele>2245.1</ele>
   </trkpt>
   <trkpt lat="46.2091600" lon="7.6259940">
    <ele>2245.5</ele>
   </trkpt>
   <trkpt lat="46.2091590" lon="7.6259640">
    <ele>2246.0</ele>
   </trkpt>
   <trkpt lat="46.2091580" lon="7.6259340">
    <ele>2246.4</ele>
   </trkpt>
   <trkpt lat="46.2091640" lon="7.6259090">
    <ele>2246.8</ele>
   </trkpt>
   <trkpt lat="46.2091700" lon="7.6258840">
    <ele>2247.2</ele>
   </trkpt>
   <trkpt lat="46.2091780" lon="7.6258650">
    <ele>2247.5</ele>
   </trkpt>
   <trkpt lat="46.2091870" lon="7.6258450">
    <ele>2247.9</ele>
   </trkpt>
   <trkpt lat="46.2091950" lon="7.6258250">
    <ele>2248.3</ele>
   </trkpt>
   <trkpt lat="46.2092030" lon="7.6258060">
    <ele>2248.6</ele>
   </trkpt>
   <trkpt lat="46.2092130" lon="7.6257920">
    <ele>2248.9</ele>
   </trkpt>
   <trkpt lat="46.2092240" lon="7.6257780">
    <ele>2249.2</ele>
   </trkpt>
   <trkpt lat="46.2092380" lon="7.6257700">
    <ele>2249.6</ele>
   </trkpt>
   <trkpt lat="46.2092520" lon="7.6257620">
    <ele>2249.9</ele>
   </trkpt>
   <trkpt lat="46.2092670" lon="7.6257540">
    <ele>2250.3</ele>
   </trkpt>
   <trkpt lat="46.2092820" lon="7.6257460">
    <ele>2250.6</ele>
   </trkpt>
   <trkpt lat="46.2092940" lon="7.6257300">
    <ele>2251.0</ele>
   </trkpt>
   <trkpt lat="46.2093070" lon="7.6257150">
    <ele>2251.3</ele>
   </trkpt>
   <trkpt lat="46.2093180" lon="7.6256930">
    <ele>2251.7</ele>
   </trkpt>
   <trkpt lat="46.2093290" lon="7.6256710">
    <ele>2252.2</ele>
   </trkpt>
   <trkpt lat="46.2093360" lon="7.6256450">
    <ele>2252.6</ele>
   </trkpt>
   <trkpt lat="46.2093430" lon="7.6256190">
    <ele>2253.0</ele>
   </trkpt>
   <trkpt lat="46.2093450" lon="7.6255910">
    <ele>2253.4</ele>
   </trkpt>
   <trkpt lat="46.2093460" lon="7.6255640">
    <ele>2253.9</ele>
   </trkpt>
   <trkpt lat="46.2093450" lon="7.6255350">
    <ele>2254.3</ele>
   </trkpt>
   <trkpt lat="46.2093450" lon="7.6255060">
    <ele>2254.7</ele>
   </trkpt>
   <trkpt lat="46.2093460" lon="7.6254740">
    <ele>2255.2</ele>
   </trkpt>
   <trkpt lat="46.2093470" lon="7.6254410">
    <ele>2255.7</ele>
   </trkpt>
   <trkpt lat="46.2093500" lon="7.6254040">
    <ele>2256.2</ele>
   </trkpt>
   <trkpt lat="46.2093520" lon="7.6253670">
    <ele>2256.7</ele>
   </trkpt>
   <trkpt lat="46.2093550" lon="7.6253290">
    <ele>2257.2</ele>
   </trkpt>
   <trkpt lat="46.2093580" lon="7.6252910">
    <ele>2257.7</ele>
   </trkpt>
   <trkpt lat="46.2093610" lon="7.6252590">
    <ele>2258.1</ele>
   </trkpt>
   <trkpt lat="46.2093640" lon="7.6252280">
    <ele>2258.5</ele>
   </trkpt>
   <trkpt lat="46.2093700" lon="7.6252030">
    <ele>2258.9</ele>
   </trkpt>
   <trkpt lat="46.2093760" lon="7.6251780">
    <ele>2259.2</ele>
   </trkpt>
   <trkpt lat="46.2093890" lon="7.6251590">
    <ele>2259.5</ele>
   </trkpt>
   <trkpt lat="46.2094010" lon="7.6251390">
    <ele>2259.9</ele>
   </trkpt>
   <trkpt lat="46.2094130" lon="7.6251150">
    <ele>2260.3</ele>
   </trkpt>
   <trkpt lat="46.2094250" lon="7.6250910">
    <ele>2260.6</ele>
   </trkpt>
   <trkpt lat="46.2094360" lon="7.6250640">
    <ele>2261.0</ele>
   </trkpt>
   <trkpt lat="46.2094470" lon="7.6250370">
    <ele>2261.4</ele>
   </trkpt>
   <trkpt lat="46.2094520" lon="7.6250090">
    <ele>2261.7</ele>
   </trkpt>
   <trkpt lat="46.2094570" lon="7.6249810">
    <ele>2262.1</ele>
   </trkpt>
   <trkpt lat="46.2094570" lon="7.6249520">
    <ele>2262.4</ele>
   </trkpt>
   <trkpt lat="46.2094560" lon="7.6249220">
    <ele>2262.8</ele>
   </trkpt>
   <trkpt lat="46.2094530" lon="7.6248910">
    <ele>2263.2</ele>
   </trkpt>
   <trkpt lat="46.2094500" lon="7.6248610">
    <ele>2263.6</ele>
   </trkpt>
   <trkpt lat="46.2094530" lon="7.6248360">
    <ele>2263.9</ele>
   </trkpt>
   <trkpt lat="46.2094560" lon="7.6248120">
    <ele>2264.2</ele>
   </trkpt>
   <trkpt lat="46.2094660" lon="7.6247900">
    <ele>2264.6</ele>
   </trkpt>
   <trkpt lat="46.2094750" lon="7.6247690">
    <ele>2264.9</ele>
   </trkpt>
   <trkpt lat="46.2094900" lon="7.6247490">
    <ele>2265.3</ele>
   </trkpt>
   <trkpt lat="46.2095050" lon="7.6247300">
    <ele>2265.6</ele>
   </trkpt>
   <trkpt lat="46.2095130" lon="7.6247010">
    <ele>2266.0</ele>
   </trkpt>
   <trkpt lat="46.2095210" lon="7.6246710">
    <ele>2266.4</ele>
   </trkpt>
   <trkpt lat="46.2095310" lon="7.6246400">
    <ele>2266.9</ele>
   </trkpt>
   <trkpt lat="46.2095410" lon="7.6246080">
    <ele>2267.3</ele>
   </trkpt>
   <trkpt lat="46.2095540" lon="7.6245760">
    <ele>2267.7</ele>
   </trkpt>
   <trkpt lat="46.2095670" lon="7.6245440">
    <ele>2268.2</ele>
   </trkpt>
   <trkpt lat="46.2095760" lon="7.6245140">
    <ele>2268.6</ele>
   </trkpt>
   <trkpt lat="46.2095860" lon="7.6244830">
    <ele>2269.0</ele>
   </trkpt>
   <trkpt lat="46.2095910" lon="7.6244540">
    <ele>2269.3</ele>
   </trkpt>
   <trkpt lat="46.2095960" lon="7.6244260">
    <ele>2269.6</ele>
   </trkpt>
   <trkpt lat="46.2096010" lon="7.6244020">
    <ele>2269.9</ele>
   </trkpt>
   <trkpt lat="46.2096070" lon="7.6243780">
    <ele>2270.2</ele>
   </trkpt>
   <trkpt lat="46.2096150" lon="7.6243540">
    <ele>2270.5</ele>
   </trkpt>
   <trkpt lat="46.2096230" lon="7.6243310">
    <ele>2270.8</ele>
   </trkpt>
   <trkpt lat="46.2096320" lon="7.6243030">
    <ele>2271.1</ele>
   </trkpt>
   <trkpt lat="46.2096410" lon="7.6242750">
    <ele>2271.5</ele>
   </trkpt>
   <trkpt lat="46.2096510" lon="7.6242490">
    <ele>2271.8</ele>
   </trkpt>
   <trkpt lat="46.2096610" lon="7.6242230">
    <ele>2272.0</ele>
   </trkpt>
   <trkpt lat="46.2096680" lon="7.6242000">
    <ele>2272.3</ele>
   </trkpt>
   <trkpt lat="46.2096760" lon="7.6241760">
    <ele>2272.5</ele>
   </trkpt>
   <trkpt lat="46.2096710" lon="7.6241470">
    <ele>2272.7</ele>
   </trkpt>
   <trkpt lat="46.2096670" lon="7.6241190">
    <ele>2273.0</ele>
   </trkpt>
   <trkpt lat="46.2096480" lon="7.6240840">
    <ele>2273.3</ele>
   </trkpt>
   <trkpt lat="46.2096290" lon="7.6240490">
    <ele>2273.5</ele>
   </trkpt>
   <trkpt lat="46.2095990" lon="7.6240100">
    <ele>2273.9</ele>
   </trkpt>
   <trkpt lat="46.2095690" lon="7.6239710">
    <ele>2274.2</ele>
   </trkpt>
   <trkpt lat="46.2095310" lon="7.6239320">
    <ele>2274.4</ele>
   </trkpt>
   <trkpt lat="46.2094930" lon="7.6238930">
    <ele>2274.7</ele>
   </trkpt>
   <trkpt lat="46.2094560" lon="7.6238540">
    <ele>2274.9</ele>
   </trkpt>
   <trkpt lat="46.2094140" lon="7.6238160">
    <ele>2275.1</ele>
   </trkpt>
   <trkpt lat="46.2093720" lon="7.6237790">
    <ele>2275.4</ele>
   </trkpt>
   <trkpt lat="46.2093370" lon="7.6237420">
    <ele>2275.8</ele>
   </trkpt>
   <trkpt lat="46.2093010" lon="7.6237040">
    <ele>2276.3</ele>
   </trkpt>
   <trkpt lat="46.2092800" lon="7.6236720">
    <ele>2276.7</ele>
   </trkpt>
   <trkpt lat="46.2092580" lon="7.6236400">
    <ele>2277.3</ele>
   </trkpt>
   <trkpt lat="46.2092470" lon="7.6236110">
    <ele>2277.7</ele>
   </trkpt>
   <trkpt lat="46.2092350" lon="7.6235820">
    <ele>2278.2</ele>
   </trkpt>
   <trkpt lat="46.2092260" lon="7.6235540">
    <ele>2278.6</ele>
   </trkpt>
   <trkpt lat="46.2092170" lon="7.6235270">
    <ele>2279.1</ele>
   </trkpt>
   <trkpt lat="46.2092090" lon="7.6235000">
    <ele>2279.5</ele>
   </trkpt>
   <trkpt lat="46.2092010" lon="7.6234740">
    <ele>2280.0</ele>
   </trkpt>
   <trkpt lat="46.2091930" lon="7.6234490">
    <ele>2280.4</ele>
   </trkpt>
   <trkpt lat="46.2091860" lon="7.6234240">
    <ele>2280.8</ele>
   </trkpt>
   <trkpt lat="46.2091780" lon="7.6234020">
    <ele>2281.2</ele>
   </trkpt>
   <trkpt lat="46.2091690" lon="7.6233810">
    <ele>2281.6</ele>
   </trkpt>
   <trkpt lat="46.2091540" lon="7.6233620">
    <ele>2282.0</ele>
   </trkpt>
   <trkpt lat="46.2091400" lon="7.6233430">
    <ele>2282.4</ele>
   </trkpt>
   <trkpt lat="46.2091150" lon="7.6233260">
    <ele>2283.1</ele>
   </trkpt>
   <trkpt lat="46.2090900" lon="7.6233090">
    <ele>2283.7</ele>
   </trkpt>
   <trkpt lat="46.2090590" lon="7.6232860">
    <ele>2284.4</ele>
   </trkpt>
   <trkpt lat="46.2090270" lon="7.6232630">
    <ele>2285.2</ele>
   </trkpt>
   <trkpt lat="46.2090030" lon="7.6232330">
    <ele>2285.9</ele>
   </trkpt>
   <trkpt lat="46.2089790" lon="7.6232030">
    <ele>2286.6</ele>
   </trkpt>
   <trkpt lat="46.2089670" lon="7.6231720">
    <ele>2287.1</ele>
   </trkpt>
   <trkpt lat="46.2089560" lon="7.6231410">
    <ele>2287.7</ele>
   </trkpt>
   <trkpt lat="46.2089560" lon="7.6231140">
    <ele>2288.1</ele>
   </trkpt>
   <trkpt lat="46.2089560" lon="7.6230880">
    <ele>2288.5</ele>
   </trkpt>
   <trkpt lat="46.2089650" lon="7.6230630">
    <ele>2288.9</ele>
   </trkpt>
   <trkpt lat="46.2089740" lon="7.6230390">
    <ele>2289.3</ele>
   </trkpt>
   <trkpt lat="46.2089850" lon="7.6230140">
    <ele>2289.7</ele>
   </trkpt>
   <trkpt lat="46.2089960" lon="7.6229900">
    <ele>2290.1</ele>
   </trkpt>
   <trkpt lat="46.2090060" lon="7.6229640">
    <ele>2290.5</ele>
   </trkpt>
   <trkpt lat="46.2090160" lon="7.6229380">
    <ele>2291.0</ele>
   </trkpt>
   <trkpt lat="46.2090230" lon="7.6229130">
    <ele>2291.3</ele>
   </trkpt>
   <trkpt lat="46.2090300" lon="7.6228880">
    <ele>2291.7</ele>
   </trkpt>
   <trkpt lat="46.2090320" lon="7.6228640">
    <ele>2292.0</ele>
   </trkpt>
   <trkpt lat="46.2090340" lon="7.6228400">
    <ele>2292.4</ele>
   </trkpt>
   <trkpt lat="46.2090330" lon="7.6228170">
    <ele>2292.7</ele>
   </trkpt>
   <trkpt lat="46.2090330" lon="7.6227930">
    <ele>2293.0</ele>
   </trkpt>
   <trkpt lat="46.2090350" lon="7.6227680">
    <ele>2293.3</ele>
   </trkpt>
   <trkpt lat="46.2090370" lon="7.6227440">
    <ele>2293.6</ele>
   </trkpt>
   <trkpt lat="46.2090450" lon="7.6227170">
    <ele>2294.0</ele>
   </trkpt>
   <trkpt lat="46.2090530" lon="7.6226910">
    <ele>2294.4</ele>
   </trkpt>
   <trkpt lat="46.2090630" lon="7.6226630">
    <ele>2294.8</ele>
   </trkpt>
   <trkpt lat="46.2090740" lon="7.6226360">
    <ele>2295.1</ele>
   </trkpt>
   <trkpt lat="46.2090850" lon="7.6226080">
    <ele>2295.5</ele>
   </trkpt>
   <trkpt lat="46.2090970" lon="7.6225800">
    <ele>2295.8</ele>
   </trkpt>
   <trkpt lat="46.2091120" lon="7.6225520">
    <ele>2296.2</ele>
   </trkpt>
   <trkpt lat="46.2091280" lon="7.6225250">
    <ele>2296.5</ele>
   </trkpt>
   <trkpt lat="46.2091420" lon="7.6224920">
    <ele>2296.9</ele>
   </trkpt>
   <trkpt lat="46.2091560" lon="7.6224600">
    <ele>2297.3</ele>
   </trkpt>
   <trkpt lat="46.2091670" lon="7.6224280">
    <ele>2297.6</ele>
   </trkpt>
   <trkpt lat="46.2091790" lon="7.6223960">
    <ele>2297.9</ele>
   </trkpt>
   <trkpt lat="46.2091800" lon="7.6223640">
    <ele>2298.2</ele>
   </trkpt>
   <trkpt lat="46.2091820" lon="7.6223320">
    <ele>2298.5</ele>
   </trkpt>
   <trkpt lat="46.2091670" lon="7.6222990">
    <ele>2298.8</ele>
   </trkpt>
   <trkpt lat="46.2091530" lon="7.6222650">
    <ele>2299.2</ele>
   </trkpt>
   <trkpt lat="46.2091240" lon="7.6222260">
    <ele>2299.7</ele>
   </trkpt>
   <trkpt lat="46.2090950" lon="7.6221880">
    <ele>2300.2</ele>
   </trkpt>
   <trkpt lat="46.2090610" lon="7.6221520">
    <ele>2300.8</ele>
   </trkpt>
   <trkpt lat="46.2090280" lon="7.6221160">
    <ele>2301.5</ele>
   </trkpt>
   <trkpt lat="46.2090000" lon="7.6220840">
    <ele>2302.0</ele>
   </trkpt>
   <trkpt lat="46.2089720" lon="7.6220520">
    <ele>2302.7</ele>
   </trkpt>
   <trkpt lat="46.2089560" lon="7.6220210">
    <ele>2303.1</ele>
   </trkpt>
   <trkpt lat="46.2089400" lon="7.6219900">
    <ele>2303.6</ele>
   </trkpt>
   <trkpt lat="46.2089350" lon="7.6219620">
    <ele>2304.0</ele>
   </trkpt>
   <trkpt lat="46.2089300" lon="7.6219350">
    <ele>2304.4</ele>
   </trkpt>
   <trkpt lat="46.2089290" lon="7.6219090">
    <ele>2304.7</ele>
   </trkpt>
   <trkpt lat="46.2089280" lon="7.6218830">
    <ele>2305.1</ele>
   </trkpt>
   <trkpt lat="46.2089290" lon="7.6218580">
    <ele>2305.4</ele>
   </trkpt>
   <trkpt lat="46.2089300" lon="7.6218320">
    <ele>2305.7</ele>
   </trkpt>
   <trkpt lat="46.2089320" lon="7.6218080">
    <ele>2306.0</ele>
   </trkpt>
   <trkpt lat="46.2089340" lon="7.6217840">
    <ele>2306.4</ele>
   </trkpt>
   <trkpt lat="46.2089330" lon="7.6217580">
    <ele>2306.7</ele>
   </trkpt>
   <trkpt lat="46.2089330" lon="7.6217320">
    <ele>2307.0</ele>
   </trkpt>
   <trkpt lat="46.2089250" lon="7.6217010">
    <ele>2307.4</ele>
   </trkpt>
   <trkpt lat="46.2089160" lon="7.6216700">
    <ele>2307.8</ele>
   </trkpt>
   <trkpt lat="46.2088990" lon="7.6216370">
    <ele>2308.3</ele>
   </trkpt>
   <trkpt lat="46.2088820" lon="7.6216040">
    <ele>2308.8</ele>
   </trkpt>
   <trkpt lat="46.2088610" lon="7.6215700">
    <ele>2309.4</ele>
   </trkpt>
   <trkpt lat="46.2088400" lon="7.6215370">
    <ele>2310.0</ele>
   </trkpt>
   <trkpt lat="46.2088220" lon="7.6215030">
    <ele>2310.5</ele>
   </trkpt>
   <trkpt lat="46.2088050" lon="7.6214700">
    <ele>2311.0</ele>
   </trkpt>
   <trkpt lat="46.2087970" lon="7.6214380">
    <ele>2311.5</ele>
   </trkpt>
   <trkpt lat="46.2087900" lon="7.6214050">
    <ele>2312.0</ele>
   </trkpt>
   <trkpt lat="46.2087950" lon="7.6213770">
    <ele>2312.4</ele>
   </trkpt>
   <trkpt lat="46.2088000" lon="7.6213500">
    <ele>2312.7</ele>
   </trkpt>
   <trkpt lat="46.2088140" lon="7.6213260">
    <ele>2313.1</ele>
   </trkpt>
   <trkpt lat="46.2088280" lon="7.6213030">
    <ele>2313.6</ele>
   </trkpt>
   <trkpt lat="46.2088450" lon="7.6212790">
    <ele>2314.0</ele>
   </trkpt>
   <trkpt lat="46.2088610" lon="7.6212550">
    <ele>2314.5</ele>
   </trkpt>
   <trkpt lat="46.2088790" lon="7.6212320">
    <ele>2314.9</ele>
   </trkpt>
   <trkpt lat="46.2088960" lon="7.6212090">
    <ele>2315.4</ele>
   </trkpt>
   <trkpt lat="46.2089100" lon="7.6211830">
    <ele>2315.9</ele>
   </trkpt>
   <trkpt lat="46.2089240" lon="7.6211560">
    <ele>2316.4</ele>
   </trkpt>
   <trkpt lat="46.2089370" lon="7.6211350">
    <ele>2316.9</ele>
   </trkpt>
   <trkpt lat="46.2089500" lon="7.6211140">
    <ele>2317.3</ele>
   </trkpt>
   <trkpt lat="46.2089640" lon="7.6211040">
    <ele>2317.7</ele>
   </trkpt>
   <trkpt lat="46.2089780" lon="7.6210940">
    <ele>2318.1</ele>
   </trkpt>
   <trkpt lat="46.2089930" lon="7.6210850">
    <ele>2318.5</ele>
   </trkpt>
   <trkpt lat="46.2090070" lon="7.6210770">
    <ele>2318.8</ele>
   </trkpt>
   <trkpt lat="46.2090210" lon="7.6210670">
    <ele>2319.2</ele>
   </trkpt>
   <trkpt lat="46.2090340" lon="7.6210560">
    <ele>2319.6</ele>
   </trkpt>
   <trkpt lat="46.2090460" lon="7.6210430">
    <ele>2319.9</ele>
   </trkpt>
   <trkpt lat="46.2090590" lon="7.6210300">
    <ele>2320.3</ele>
   </trkpt>
   <trkpt lat="46.2090690" lon="7.6210130">
    <ele>2320.6</ele>
   </trkpt>
   <trkpt lat="46.2090800" lon="7.6209960">
    <ele>2321.0</ele>
   </trkpt>
   <trkpt lat="46.2090860" lon="7.6209740">
    <ele>2321.3</ele>
   </trkpt>
   <trkpt lat="46.2090920" lon="7.6209510">
    <ele>2321.6</ele>
   </trkpt>
   <trkpt lat="46.2090830" lon="7.6209220">
    <ele>2322.1</ele>
   </trkpt>
   <trkpt lat="46.2090730" lon="7.6208930">
    <ele>2322.5</ele>
   </trkpt>
   <trkpt lat="46.2090530" lon="7.6208640">
    <ele>2322.9</ele>
   </trkpt>
   <trkpt lat="46.2090320" lon="7.6208350">
    <ele>2323.4</ele>
   </trkpt>
   <trkpt lat="46.2090050" lon="7.6208160">
    <ele>2323.8</ele>
   </trkpt>
   <trkpt lat="46.2089780" lon="7.6207970">
    <ele>2324.2</ele>
   </trkpt>
   <trkpt lat="46.2089490" lon="7.6207790">
    <ele>2324.5</ele>
   </trkpt>
   <trkpt lat="46.2089210" lon="7.6207610">
    <ele>2324.9</ele>
   </trkpt>
   <trkpt lat="46.2088990" lon="7.6207360">
    <ele>2325.1</ele>
   </trkpt>
   <trkpt lat="46.2088770" lon="7.6207120">
    <ele>2325.4</ele>
   </trkpt>
   <trkpt lat="46.2088640" lon="7.6206800">
    <ele>2325.6</ele>
   </trkpt>
   <trkpt lat="46.2088510" lon="7.6206480">
    <ele>2325.8</ele>
   </trkpt>
   <trkpt lat="46.2088410" lon="7.6206070">
    <ele>2326.1</ele>
   </trkpt>
   <trkpt lat="46.2088310" lon="7.6205670">
    <ele>2326.3</ele>
   </trkpt>
   <trkpt lat="46.2088260" lon="7.6205220">
    <ele>2326.5</ele>
   </trkpt>
   <trkpt lat="46.2088200" lon="7.6204770">
    <ele>2326.7</ele>
   </trkpt>
   <trkpt lat="46.2088200" lon="7.6204280">
    <ele>2326.9</ele>
   </trkpt>
   <trkpt lat="46.2088200" lon="7.6203790">
    <ele>2327.1</ele>
   </trkpt>
   <trkpt lat="46.2088210" lon="7.6203290">
    <ele>2327.3</ele>
   </trkpt>
   <trkpt lat="46.2088230" lon="7.6202790">
    <ele>2327.4</ele>
   </trkpt>
   <trkpt lat="46.2088240" lon="7.6202290">
    <ele>2327.6</ele>
   </trkpt>
   <trkpt lat="46.2088240" lon="7.6201790">
    <ele>2327.7</ele>
   </trkpt>
   <trkpt lat="46.2088260" lon="7.6201290">
    <ele>2327.8</ele>
   </trkpt>
   <trkpt lat="46.2088280" lon="7.6200800">
    <ele>2328.0</ele>
   </trkpt>
   <trkpt lat="46.2088330" lon="7.6200300">
    <ele>2328.1</ele>
   </trkpt>
   <trkpt lat="46.2088390" lon="7.6199810">
    <ele>2328.2</ele>
   </trkpt>
   <trkpt lat="46.2088460" lon="7.6199330">
    <ele>2328.3</ele>
   </trkpt>
   <trkpt lat="46.2088540" lon="7.6198850">
    <ele>2328.4</ele>
   </trkpt>
   <trkpt lat="46.2088610" lon="7.6198380">
    <ele>2328.5</ele>
   </trkpt>
   <trkpt lat="46.2088690" lon="7.6197910">
    <ele>2328.7</ele>
   </trkpt>
   <trkpt lat="46.2088770" lon="7.6197440">
    <ele>2328.8</ele>
   </trkpt>
   <trkpt lat="46.2088860" lon="7.6196970">
    <ele>2328.8</ele>
   </trkpt>
   <trkpt lat="46.2088950" lon="7.6196510">
    <ele>2328.9</ele>
   </trkpt>
   <trkpt lat="46.2089050" lon="7.6196040">
    <ele>2328.9</ele>
   </trkpt>
   <trkpt lat="46.2089130" lon="7.6195550">
    <ele>2328.9</ele>
   </trkpt>
   <trkpt lat="46.2089210" lon="7.6195060">
    <ele>2328.9</ele>
   </trkpt>
   <trkpt lat="46.2089240" lon="7.6194550">
    <ele>2328.9</ele>
   </trkpt>
   <trkpt lat="46.2089280" lon="7.6194030">
    <ele>2328.8</ele>
   </trkpt>
   <trkpt lat="46.2089290" lon="7.6193500">
    <ele>2328.8</ele>
   </trkpt>
   <trkpt lat="46.2089290" lon="7.6192970">
    <ele>2328.8</ele>
   </trkpt>
   <trkpt lat="46.2089270" lon="7.6192470">
    <ele>2328.7</ele>
   </trkpt>
   <trkpt lat="46.2089240" lon="7.6191970">
    <ele>2328.7</ele>
   </trkpt>
   <trkpt lat="46.2089120" lon="7.6191590">
    <ele>2328.6</ele>
   </trkpt>
   <trkpt lat="46.2088990" lon="7.6191210">
    <ele>2328.5</ele>
   </trkpt>
   <trkpt lat="46.2088780" lon="7.6190930">
    <ele>2328.4</ele>
   </trkpt>
   <trkpt lat="46.2088570" lon="7.6190650">
    <ele>2328.4</ele>
   </trkpt>
   <trkpt lat="46.2088390" lon="7.6190330">
    <ele>2328.3</ele>
   </trkpt>
   <trkpt lat="46.2088210" lon="7.6190010">
    <ele>2328.2</ele>
   </trkpt>
   <trkpt lat="46.2088120" lon="7.6189630">
    <ele>2328.2</ele>
   </trkpt>
   <trkpt lat="46.2088020" lon="7.6189250">
    <ele>2328.3</ele>
   </trkpt>
   <trkpt lat="46.2087940" lon="7.6188860">
    <ele>2328.3</ele>
   </trkpt>
   <trkpt lat="46.2087850" lon="7.6188460">
    <ele>2328.3</ele>
   </trkpt>
   <trkpt lat="46.2087690" lon="7.6188060">
    <ele>2328.4</ele>
   </trkpt>
   <trkpt lat="46.2087540" lon="7.6187670">
    <ele>2328.5</ele>
   </trkpt>
   <trkpt lat="46.2087310" lon="7.6187270">
    <ele>2328.5</ele>
   </trkpt>
   <trkpt lat="46.2087100" lon="7.6186870">
    <ele>2328.6</ele>
   </trkpt>
   <trkpt lat="46.2086840" lon="7.6186490">
    <ele>2328.6</ele>
   </trkpt>
   <trkpt lat="46.2086580" lon="7.6186110">
    <ele>2328.6</ele>
   </trkpt>
   <trkpt lat="46.2086320" lon="7.6185750">
    <ele>2328.7</ele>
   </trkpt>
   <trkpt lat="46.2086060" lon="7.6185390">
    <ele>2328.7</ele>
   </trkpt>
   <trkpt lat="46.2085820" lon="7.6185030">
    <ele>2328.6</ele>
   </trkpt>
   <trkpt lat="46.2085580" lon="7.6184660">
    <ele>2328.6</ele>
   </trkpt>
   <trkpt lat="46.2085350" lon="7.6184300">
    <ele>2328.7</ele>
   </trkpt>
   <trkpt lat="46.2085120" lon="7.6183950">
    <ele>2328.7</ele>
   </trkpt>
   <trkpt lat="46.2084890" lon="7.6183600">
    <ele>2328.8</ele>
   </trkpt>
   <trkpt lat="46.2084670" lon="7.6183260">
    <ele>2328.9</ele>
   </trkpt>
   <trkpt lat="46.2084440" lon="7.6182940">
    <ele>2329.3</ele>
   </trkpt>
   <trkpt lat="46.2084200" lon="7.6182620">
    <ele>2329.7</ele>
   </trkpt>
   <trkpt lat="46.2083960" lon="7.6182340">
    <ele>2330.1</ele>
   </trkpt>
   <trkpt lat="46.2083710" lon="7.6182060">
    <ele>2330.5</ele>
   </trkpt>
   <trkpt lat="46.2083430" lon="7.6181810">
    <ele>2331.0</ele>
   </trkpt>
   <trkpt lat="46.2083150" lon="7.6181560">
    <ele>2331.4</ele>
   </trkpt>
   <trkpt lat="46.2082850" lon="7.6181380">
    <ele>2331.9</ele>
   </trkpt>
   <trkpt lat="46.2082560" lon="7.6181210">
    <ele>2332.3</ele>
   </trkpt>
   <trkpt lat="46.2082260" lon="7.6181070">
    <ele>2332.6</ele>
   </trkpt>
   <trkpt lat="46.2081950" lon="7.6180940">
    <ele>2333.0</ele>
   </trkpt>
   <trkpt lat="46.2081620" lon="7.6180840">
    <ele>2333.2</ele>
   </trkpt>
   <trkpt lat="46.2081300" lon="7.6180750">
    <ele>2333.4</ele>
   </trkpt>
   <trkpt lat="46.2080980" lon="7.6180680">
    <ele>2333.5</ele>
   </trkpt>
   <trkpt lat="46.2080650" lon="7.6180620">
    <ele>2333.7</ele>
   </trkpt>
   <trkpt lat="46.2080350" lon="7.6180580">
    <ele>2333.9</ele>
   </trkpt>
   <trkpt lat="46.2080060" lon="7.6180540">
    <ele>2334.0</ele>
   </trkpt>
   <trkpt lat="46.2079780" lon="7.6180550">
    <ele>2334.2</ele>
   </trkpt>
   <trkpt lat="46.2079500" lon="7.6180550">
    <ele>2334.4</ele>
   </trkpt>
   <trkpt lat="46.2079220" lon="7.6180640">
    <ele>2334.7</ele>
   </trkpt>
   <trkpt lat="46.2078940" lon="7.6180720">
    <ele>2335.1</ele>
   </trkpt>
   <trkpt lat="46.2078660" lon="7.6180880">
    <ele>2335.5</ele>
   </trkpt>
   <trkpt lat="46.2078390" lon="7.6181030">
    <ele>2335.9</ele>
   </trkpt>
   <trkpt lat="46.2078160" lon="7.6181230">
    <ele>2336.2</ele>
   </trkpt>
   <trkpt lat="46.2077940" lon="7.6181430">
    <ele>2336.8</ele>
   </trkpt>
   <trkpt lat="46.2077750" lon="7.6181690">
    <ele>2337.3</ele>
   </trkpt>
   <trkpt lat="46.2077560" lon="7.6181940">
    <ele>2337.8</ele>
   </trkpt>
   <trkpt lat="46.2077380" lon="7.6182170">
    <ele>2338.3</ele>
   </trkpt>
   <trkpt lat="46.2077210" lon="7.6182400">
    <ele>2338.8</ele>
   </trkpt>
   <trkpt lat="46.2077010" lon="7.6182590">
    <ele>2339.2</ele>
   </trkpt>
   <trkpt lat="46.2076820" lon="7.6182770">
    <ele>2339.7</ele>
   </trkpt>
   <trkpt lat="46.2076640" lon="7.6182960">
    <ele>2340.1</ele>
   </trkpt>
   <trkpt lat="46.2076460" lon="7.6183140">
    <ele>2340.5</ele>
   </trkpt>
   <trkpt lat="46.2076300" lon="7.6183380">
    <ele>2340.9</ele>
   </trkpt>
   <trkpt lat="46.2076140" lon="7.6183610">
    <ele>2341.3</ele>
   </trkpt>
   <trkpt lat="46.2076000" lon="7.6183900">
    <ele>2341.8</ele>
   </trkpt>
   <trkpt lat="46.2075870" lon="7.6184200">
    <ele>2342.2</ele>
   </trkpt>
   <trkpt lat="46.2075770" lon="7.6184540">
    <ele>2342.5</ele>
   </trkpt>
   <trkpt lat="46.2075680" lon="7.6184880">
    <ele>2342.9</ele>
   </trkpt>
   <trkpt lat="46.2075630" lon="7.6185270">
    <ele>2343.3</ele>
   </trkpt>
   <trkpt lat="46.2075570" lon="7.6185660">
    <ele>2343.7</ele>
   </trkpt>
   <trkpt lat="46.2075550" lon="7.6186070">
    <ele>2344.1</ele>
   </trkpt>
   <trkpt lat="46.2075530" lon="7.6186490">
    <ele>2344.4</ele>
   </trkpt>
   <trkpt lat="46.2075520" lon="7.6186910">
    <ele>2344.8</ele>
   </trkpt>
   <trkpt lat="46.2075510" lon="7.6187330">
    <ele>2345.2</ele>
   </trkpt>
   <trkpt lat="46.2075470" lon="7.6187720">
    <ele>2345.6</ele>
   </trkpt>
   <trkpt lat="46.2075420" lon="7.6188110">
    <ele>2346.0</ele>
   </trkpt>
   <trkpt lat="46.2075370" lon="7.6188500">
    <ele>2346.4</ele>
   </trkpt>
   <trkpt lat="46.2075330" lon="7.6188880">
    <ele>2346.8</ele>
   </trkpt>
   <trkpt lat="46.2075290" lon="7.6189270">
    <ele>2347.2</ele>
   </trkpt>
   <trkpt lat="46.2075250" lon="7.6189670">
    <ele>2347.7</ele>
   </trkpt>
   <trkpt lat="46.2075210" lon="7.6190040">
    <ele>2348.1</ele>
   </trkpt>
   <trkpt lat="46.2075160" lon="7.6190420">
    <ele>2348.5</ele>
   </trkpt>
   <trkpt lat="46.2075100" lon="7.6190810">
    <ele>2348.9</ele>
   </trkpt>
   <trkpt lat="46.2075040" lon="7.6191190">
    <ele>2349.3</ele>
   </trkpt>
   <trkpt lat="46.2074950" lon="7.6191570">
    <ele>2349.8</ele>
   </trkpt>
   <trkpt lat="46.2074870" lon="7.6191950">
    <ele>2350.2</ele>
   </trkpt>
   <trkpt lat="46.2074780" lon="7.6192320">
    <ele>2350.6</ele>
   </trkpt>
   <trkpt lat="46.2074680" lon="7.6192700">
    <ele>2351.0</ele>
   </trkpt>
   <trkpt lat="46.2074610" lon="7.6193080">
    <ele>2351.5</ele>
   </trkpt>
   <trkpt lat="46.2074540" lon="7.6193470">
    <ele>2351.9</ele>
   </trkpt>
   <trkpt lat="46.2074520" lon="7.6193860">
    <ele>2352.3</ele>
   </trkpt>
   <trkpt lat="46.2074510" lon="7.6194250">
    <ele>2352.7</ele>
   </trkpt>
   <trkpt lat="46.2074550" lon="7.6194650">
    <ele>2353.1</ele>
   </trkpt>
   <trkpt lat="46.2074590" lon="7.6195050">
    <ele>2353.5</ele>
   </trkpt>
   <trkpt lat="46.2074680" lon="7.6195450">
    <ele>2353.9</ele>
   </trkpt>
   <trkpt lat="46.2074760" lon="7.6195850">
    <ele>2354.3</ele>
   </trkpt>
   <trkpt lat="46.2074820" lon="7.6196250">
    <ele>2354.7</ele>
   </trkpt>
   <trkpt lat="46.2074890" lon="7.6196660">
    <ele>2355.1</ele>
   </trkpt>
   <trkpt lat="46.2074830" lon="7.6196950">
    <ele>2355.3</ele>
   </trkpt>
   <trkpt lat="46.2074780" lon="7.6197240">
    <ele>2355.7</ele>
   </trkpt>
   <trkpt lat="46.2074600" lon="7.6197330">
    <ele>2355.9</ele>
   </trkpt>
   <trkpt lat="46.2074410" lon="7.6197410">
    <ele>2356.3</ele>
   </trkpt>
   <trkpt lat="46.2074160" lon="7.6197340">
    <ele>2356.7</ele>
   </trkpt>
   <trkpt lat="46.2073900" lon="7.6197270">
    <ele>2357.1</ele>
   </trkpt>
   <trkpt lat="46.2073630" lon="7.6197120">
    <ele>2357.6</ele>
   </trkpt>
   <trkpt lat="46.2073360" lon="7.6196970">
    <ele>2358.2</ele>
   </trkpt>
   <trkpt lat="46.2073100" lon="7.6196800">
    <ele>2358.7</ele>
   </trkpt>
   <trkpt lat="46.2072850" lon="7.6196620">
    <ele>2359.2</ele>
   </trkpt>
   <trkpt lat="46.2072610" lon="7.6196440">
    <ele>2359.8</ele>
   </trkpt>
   <trkpt lat="46.2072380" lon="7.6196270">
    <ele>2360.3</ele>
   </trkpt>
   <trkpt lat="46.2072160" lon="7.6196110">
    <ele>2360.8</ele>
   </trkpt>
   <trkpt lat="46.2071940" lon="7.6195950">
    <ele>2361.3</ele>
   </trkpt>
   <trkpt lat="46.2071710" lon="7.6195830">
    <ele>2361.8</ele>
   </trkpt>
   <trkpt lat="46.2071480" lon="7.6195700">
    <ele>2362.4</ele>
   </trkpt>
   <trkpt lat="46.2071250" lon="7.6195590">
    <ele>2362.9</ele>
   </trkpt>
   <trkpt lat="46.2071020" lon="7.6195480">
    <ele>2363.4</ele>
   </trkpt>
   <trkpt lat="46.2070810" lon="7.6195370">
    <ele>2363.9</ele>
   </trkpt>
   <trkpt lat="46.2070600" lon="7.6195250">
    <ele>2364.4</ele>
   </trkpt>
   <trkpt lat="46.2070420" lon="7.6195100">
    <ele>2364.8</ele>
   </trkpt>
   <trkpt lat="46.2070230" lon="7.6194960">
    <ele>2365.3</ele>
   </trkpt>
   <trkpt lat="46.2070080" lon="7.6194780">
    <ele>2365.7</ele>
   </trkpt>
   <trkpt lat="46.2069920" lon="7.6194610">
    <ele>2366.1</ele>
   </trkpt>
   <trkpt lat="46.2069760" lon="7.6194450">
    <ele>2366.5</ele>
   </trkpt>
   <trkpt lat="46.2069600" lon="7.6194280">
    <ele>2366.9</ele>
   </trkpt>
   <trkpt lat="46.2069410" lon="7.6194200">
    <ele>2367.4</ele>
   </trkpt>
   <trkpt lat="46.2069220" lon="7.6194120">
    <ele>2367.8</ele>
   </trkpt>
   <trkpt lat="46.2069030" lon="7.6194130">
    <ele>2368.2</ele>
   </trkpt>
   <trkpt lat="46.2068830" lon="7.6194130">
    <ele>2368.6</ele>
   </trkpt>
   <trkpt lat="46.2068640" lon="7.6194160">
    <ele>2368.9</ele>
   </trkpt>
   <trkpt lat="46.2068460" lon="7.6194190">
    <ele>2369.3</ele>
   </trkpt>
   <trkpt lat="46.2068270" lon="7.6194200">
    <ele>2369.7</ele>
   </trkpt>
   <trkpt lat="46.2068080" lon="7.6194220">
    <ele>2370.0</ele>
   </trkpt>
   <trkpt lat="46.2067890" lon="7.6194240">
    <ele>2370.4</ele>
   </trkpt>
   <trkpt lat="46.2067700" lon="7.6194270">
    <ele>2370.7</ele>
   </trkpt>
   <trkpt lat="46.2067500" lon="7.6194330">
    <ele>2371.1</ele>
   </trkpt>
   <trkpt lat="46.2067300" lon="7.6194390">
    <ele>2371.5</ele>
   </trkpt>
   <trkpt lat="46.2067070" lon="7.6194470">
    <ele>2371.9</ele>
   </trkpt>
   <trkpt lat="46.2066840" lon="7.6194560">
    <ele>2372.3</ele>
   </trkpt>
   <trkpt lat="46.2066600" lon="7.6194620">
    <ele>2372.7</ele>
   </trkpt>
   <trkpt lat="46.2066360" lon="7.6194670">
    <ele>2373.1</ele>
   </trkpt>
   <trkpt lat="46.2066100" lon="7.6194660">
    <ele>2373.4</ele>
   </trkpt>
   <trkpt lat="46.2065830" lon="7.6194640">
    <ele>2373.7</ele>
   </trkpt>
   <trkpt lat="46.2065550" lon="7.6194580">
    <ele>2374.1</ele>
   </trkpt>
   <trkpt lat="46.2065270" lon="7.6194520">
    <ele>2374.4</ele>
   </trkpt>
   <trkpt lat="46.2064990" lon="7.6194430">
    <ele>2374.6</ele>
   </trkpt>
   <trkpt lat="46.2064700" lon="7.6194350">
    <ele>2374.9</ele>
   </trkpt>
   <trkpt lat="46.2064460" lon="7.6194260">
    <ele>2375.2</ele>
   </trkpt>
   <trkpt lat="46.2064220" lon="7.6194170">
    <ele>2375.4</ele>
   </trkpt>
   <trkpt lat="46.2063980" lon="7.6194090">
    <ele>2375.7</ele>
   </trkpt>
   <trkpt lat="46.2063740" lon="7.6194010">
    <ele>2376.0</ele>
   </trkpt>
   <trkpt lat="46.2063510" lon="7.6193930">
    <ele>2376.2</ele>
   </trkpt>
   <trkpt lat="46.2063270" lon="7.6193870">
    <ele>2376.5</ele>
   </trkpt>
   <trkpt lat="46.2063030" lon="7.6193810">
    <ele>2376.8</ele>
   </trkpt>
   <trkpt lat="46.2062770" lon="7.6193780">
    <ele>2377.1</ele>
   </trkpt>
   <trkpt lat="46.2062500" lon="7.6193750">
    <ele>2377.4</ele>
   </trkpt>
   <trkpt lat="46.2062230" lon="7.6193730">
    <ele>2377.7</ele>
   </trkpt>
   <trkpt lat="46.2061950" lon="7.6193710">
    <ele>2378.0</ele>
   </trkpt>
   <trkpt lat="46.2061700" lon="7.6193680">
    <ele>2378.3</ele>
   </trkpt>
   <trkpt lat="46.2061440" lon="7.6193650">
    <ele>2378.5</ele>
   </trkpt>
   <trkpt lat="46.2061200" lon="7.6193600">
    <ele>2378.8</ele>
   </trkpt>
   <trkpt lat="46.2060950" lon="7.6193550">
    <ele>2379.0</ele>
   </trkpt>
   <trkpt lat="46.2060690" lon="7.6193470">
    <ele>2379.2</ele>
   </trkpt>
   <trkpt lat="46.2060430" lon="7.6193390">
    <ele>2379.4</ele>
   </trkpt>
   <trkpt lat="46.2060160" lon="7.6193240">
    <ele>2379.6</ele>
   </trkpt>
   <trkpt lat="46.2059890" lon="7.6193100">
    <ele>2379.8</ele>
   </trkpt>
   <trkpt lat="46.2059610" lon="7.6192930">
    <ele>2379.9</ele>
   </trkpt>
   <trkpt lat="46.2059320" lon="7.6192760">
    <ele>2380.0</ele>
   </trkpt>
   <trkpt lat="46.2059020" lon="7.6192610">
    <ele>2380.1</ele>
   </trkpt>
   <trkpt lat="46.2058720" lon="7.6192470">
    <ele>2380.1</ele>
   </trkpt>
   <trkpt lat="46.2058440" lon="7.6192380">
    <ele>2380.1</ele>
   </trkpt>
   <trkpt lat="46.2058150" lon="7.6192300">
    <ele>2380.1</ele>
   </trkpt>
   <trkpt lat="46.2057860" lon="7.6192280">
    <ele>2380.2</ele>
   </trkpt>
   <trkpt lat="46.2057580" lon="7.6192250">
    <ele>2380.2</ele>
   </trkpt>
   <trkpt lat="46.2057280" lon="7.6192290">
    <ele>2380.2</ele>
   </trkpt>
   <trkpt lat="46.2056970" lon="7.6192320">
    <ele>2380.3</ele>
   </trkpt>
   <trkpt lat="46.2056660" lon="7.6192390">
    <ele>2380.3</ele>
   </trkpt>
   <trkpt lat="46.2056340" lon="7.6192460">
    <ele>2380.4</ele>
   </trkpt>
   <trkpt lat="46.2056020" lon="7.6192490">
    <ele>2380.6</ele>
   </trkpt>
   <trkpt lat="46.2055700" lon="7.6192520">
    <ele>2380.7</ele>
   </trkpt>
   <trkpt lat="46.2055390" lon="7.6192490">
    <ele>2380.9</ele>
   </trkpt>
   <trkpt lat="46.2055080" lon="7.6192470">
    <ele>2381.0</ele>
   </trkpt>
   <trkpt lat="46.2054780" lon="7.6192410">
    <ele>2381.2</ele>
   </trkpt>
   <trkpt lat="46.2054480" lon="7.6192350">
    <ele>2381.4</ele>
   </trkpt>
   <trkpt lat="46.2054170" lon="7.6192240">
    <ele>2381.6</ele>
   </trkpt>
   <trkpt lat="46.2053860" lon="7.6192120">
    <ele>2381.8</ele>
   </trkpt>
   <trkpt lat="46.2053550" lon="7.6191920">
    <ele>2381.9</ele>
   </trkpt>
   <trkpt lat="46.2053240" lon="7.6191720">
    <ele>2382.1</ele>
   </trkpt>
   <trkpt lat="46.2052930" lon="7.6191480">
    <ele>2382.2</ele>
   </trkpt>
   <trkpt lat="46.2052610" lon="7.6191240">
    <ele>2382.3</ele>
   </trkpt>
   <trkpt lat="46.2052270" lon="7.6190980">
    <ele>2382.3</ele>
   </trkpt>
   <trkpt lat="46.2051930" lon="7.6190720">
    <ele>2382.3</ele>
   </trkpt>
   <trkpt lat="46.2051540" lon="7.6190440">
    <ele>2382.2</ele>
   </trkpt>
   <trkpt lat="46.2051140" lon="7.6190160">
    <ele>2382.0</ele>
   </trkpt>
   <trkpt lat="46.2050730" lon="7.6189930">
    <ele>2381.7</ele>
   </trkpt>
   <trkpt lat="46.2050320" lon="7.6189700">
    <ele>2381.4</ele>
   </trkpt>
   <trkpt lat="46.2049910" lon="7.6189560">
    <ele>2381.1</ele>
   </trkpt>
   <trkpt lat="46.2049500" lon="7.6189410">
    <ele>2380.7</ele>
   </trkpt>
   <trkpt lat="46.2049110" lon="7.6189330">
    <ele>2380.5</ele>
   </trkpt>
   <trkpt lat="46.2048720" lon="7.6189250">
    <ele>2380.3</ele>
   </trkpt>
   <trkpt lat="46.2048350" lon="7.6189150">
    <ele>2380.1</ele>
   </trkpt>
   <trkpt lat="46.2047970" lon="7.6189050">
    <ele>2379.9</ele>
   </trkpt>
   <trkpt lat="46.2047610" lon="7.6188920">
    <ele>2379.7</ele>
   </trkpt>
   <trkpt lat="46.2047240" lon="7.6188800">
    <ele>2379.5</ele>
   </trkpt>
   <trkpt lat="46.2046880" lon="7.6188600">
    <ele>2379.3</ele>
   </trkpt>
   <trkpt lat="46.2046520" lon="7.6188410">
    <ele>2379.1</ele>
   </trkpt>
   <trkpt lat="46.2046160" lon="7.6188160">
    <ele>2379.0</ele>
   </trkpt>
   <trkpt lat="46.2045810" lon="7.6187900">
    <ele>2379.0</ele>
   </trkpt>
   <trkpt lat="46.2045470" lon="7.6187630">
    <ele>2379.0</ele>
   </trkpt>
   <trkpt lat="46.2045130" lon="7.6187360">
    <ele>2379.0</ele>
   </trkpt>
   <trkpt lat="46.2044840" lon="7.6187120">
    <ele>2379.0</ele>
   </trkpt>
   <trkpt lat="46.2044540" lon="7.6186890">
    <ele>2379.1</ele>
   </trkpt>
   <trkpt lat="46.2044250" lon="7.6186710">
    <ele>2379.2</ele>
   </trkpt>
   <trkpt lat="46.2043970" lon="7.6186540">
    <ele>2379.4</ele>
   </trkpt>
   <trkpt lat="46.2043660" lon="7.6186400">
    <ele>2379.6</ele>
   </trkpt>
   <trkpt lat="46.2043350" lon="7.6186260">
    <ele>2379.9</ele>
   </trkpt>
   <trkpt lat="46.2043040" lon="7.6186110">
    <ele>2380.2</ele>
   </trkpt>
   <trkpt lat="46.2042720" lon="7.6185960">
    <ele>2380.4</ele>
   </trkpt>
   <trkpt lat="46.2042410" lon="7.6185750">
    <ele>2380.7</ele>
   </trkpt>
   <trkpt lat="46.2042090" lon="7.6185540">
    <ele>2381.0</ele>
   </trkpt>
   <trkpt lat="46.2041800" lon="7.6185320">
    <ele>2381.3</ele>
   </trkpt>
   <trkpt lat="46.2041510" lon="7.6185090">
    <ele>2381.5</ele>
   </trkpt>
   <trkpt lat="46.2041230" lon="7.6184880">
    <ele>2381.8</ele>
   </trkpt>
   <trkpt lat="46.2040940" lon="7.6184670">
    <ele>2381.7</ele>
   </trkpt>
   <trkpt lat="46.2040640" lon="7.6184520">
    <ele>2381.3</ele>
   </trkpt>
   <trkpt lat="46.2040340" lon="7.6184370">
    <ele>2381.0</ele>
   </trkpt>
   <trkpt lat="46.2039980" lon="7.6184270">
    <ele>2380.5</ele>
   </trkpt>
   <trkpt lat="46.2039630" lon="7.6184160">
    <ele>2379.9</ele>
   </trkpt>
   <trkpt lat="46.2039220" lon="7.6184050">
    <ele>2379.3</ele>
   </trkpt>
   <trkpt lat="46.2038810" lon="7.6183940">
    <ele>2378.6</ele>
   </trkpt>
   <trkpt lat="46.2038400" lon="7.6183860">
    <ele>2378.0</ele>
   </trkpt>
   <trkpt lat="46.2037980" lon="7.6183770">
    <ele>2377.3</ele>
   </trkpt>
   <trkpt lat="46.2037590" lon="7.6183730">
    <ele>2376.8</ele>
   </trkpt>
   <trkpt lat="46.2037190" lon="7.6183690">
    <ele>2376.2</ele>
   </trkpt>
   <trkpt lat="46.2036810" lon="7.6183720">
    <ele>2375.7</ele>
   </trkpt>
   <trkpt lat="46.2036430" lon="7.6183750">
    <ele>2375.1</ele>
   </trkpt>
   <trkpt lat="46.2036040" lon="7.6183720">
    <ele>2374.6</ele>
   </trkpt>
   <trkpt lat="46.2035660" lon="7.6183700">
    <ele>2374.1</ele>
   </trkpt>
   <trkpt lat="46.2035280" lon="7.6183690">
    <ele>2373.5</ele>
   </trkpt>
   <trkpt lat="46.2034910" lon="7.6183680">
    <ele>2373.0</ele>
   </trkpt>
   <trkpt lat="46.2034530" lon="7.6183670">
    <ele>2372.5</ele>
   </trkpt>
   <trkpt lat="46.2034090" lon="7.6183720">
    <ele>2371.9</ele>
   </trkpt>
   <trkpt lat="46.2033660" lon="7.6183760">
    <ele>2371.4</ele>
   </trkpt>
   <trkpt lat="46.2033170" lon="7.6183800">
    <ele>2371.0</ele>
   </trkpt>
   <trkpt lat="46.2032690" lon="7.6183830">
    <ele>2370.7</ele>
   </trkpt>
   <trkpt lat="46.2032270" lon="7.6183770">
    <ele>2370.8</ele>
   </trkpt>
   <trkpt lat="46.2031850" lon="7.6183700">
    <ele>2370.9</ele>
   </trkpt>
   <trkpt lat="46.2031430" lon="7.6183640">
    <ele>2371.2</ele>
   </trkpt>
   <trkpt lat="46.2031160" lon="7.6183610">
    <ele>2371.3</ele>
   </trkpt>
   <trkpt lat="46.2030890" lon="7.6183570">
    <ele>2371.4</ele>
   </trkpt>
   <trkpt lat="46.2030650" lon="7.6183690">
    <ele>2371.4</ele>
   </trkpt>
   <trkpt lat="46.2030420" lon="7.6183800">
    <ele>2371.4</ele>
   </trkpt>
   <trkpt lat="46.2030130" lon="7.6183950">
    <ele>2371.2</ele>
   </trkpt>
   <trkpt lat="46.2029840" lon="7.6184110">
    <ele>2371.0</ele>
   </trkpt>
   <trkpt lat="46.2029480" lon="7.6184230">
    <ele>2370.6</ele>
   </trkpt>
   <trkpt lat="46.2029110" lon="7.6184360">
    <ele>2370.2</ele>
   </trkpt>
   <trkpt lat="46.2028750" lon="7.6184400">
    <ele>2370.0</ele>
   </trkpt>
   <trkpt lat="46.2028380" lon="7.6184450">
    <ele>2369.9</ele>
   </trkpt>
   <trkpt lat="46.2028080" lon="7.6184390">
    <ele>2370.0</ele>
   </trkpt>
   <trkpt lat="46.2027780" lon="7.6184330">
    <ele>2370.1</ele>
   </trkpt>
   <trkpt lat="46.2027530" lon="7.6184220">
    <ele>2370.3</ele>
   </trkpt>
   <trkpt lat="46.2027280" lon="7.6184110">
    <ele>2370.5</ele>
   </trkpt>
   <trkpt lat="46.2027020" lon="7.6184000">
    <ele>2370.8</ele>
   </trkpt>
   <trkpt lat="46.2026770" lon="7.6183890">
    <ele>2370.9</ele>
   </trkpt>
   <trkpt lat="46.2026490" lon="7.6183820">
    <ele>2371.1</ele>
   </trkpt>
   <trkpt lat="46.2026210" lon="7.6183750">
    <ele>2371.2</ele>
   </trkpt>
   <trkpt lat="46.2025910" lon="7.6183770">
    <ele>2371.2</ele>
   </trkpt>
   <trkpt lat="46.2025610" lon="7.6183800">
    <ele>2371.2</ele>
   </trkpt>
   <trkpt lat="46.2025300" lon="7.6183910">
    <ele>2371.2</ele>
   </trkpt>
   <trkpt lat="46.2024990" lon="7.6184020">
    <ele>2371.2</ele>
   </trkpt>
   <trkpt lat="46.2024660" lon="7.6184150">
    <ele>2371.2</ele>
   </trkpt>
   <trkpt lat="46.2024340" lon="7.6184290">
    <ele>2371.3</ele>
   </trkpt>
   <trkpt lat="46.2024000" lon="7.6184400">
    <ele>2371.5</ele>
   </trkpt>
   <trkpt lat="46.2023670" lon="7.6184520">
    <ele>2371.7</ele>
   </trkpt>
   <trkpt lat="46.2023360" lon="7.6184530">
    <ele>2372.0</ele>
   </trkpt>
   <trkpt lat="46.2023050" lon="7.6184540">
    <ele>2372.3</ele>
   </trkpt>
   <trkpt lat="46.2022800" lon="7.6184360">
    <ele>2372.7</ele>
   </trkpt>
   <trkpt lat="46.2022550" lon="7.6184180">
    <ele>2373.1</ele>
   </trkpt>
   <trkpt lat="46.2022350" lon="7.6183840">
    <ele>2373.7</ele>
   </trkpt>
   <trkpt lat="46.2022160" lon="7.6183500">
    <ele>2374.3</ele>
   </trkpt>
   <trkpt lat="46.2022030" lon="7.6183110">
    <ele>2374.9</ele>
   </trkpt>
   <trkpt lat="46.2021900" lon="7.6182730">
    <ele>2375.6</ele>
   </trkpt>
   <trkpt lat="46.2021810" lon="7.6182370">
    <ele>2376.2</ele>
   </trkpt>
   <trkpt lat="46.2021730" lon="7.6182020">
    <ele>2376.8</ele>
   </trkpt>
   <trkpt lat="46.2021660" lon="7.6181720">
    <ele>2377.3</ele>
   </trkpt>
   <trkpt lat="46.2021580" lon="7.6181420">
    <ele>2377.8</ele>
   </trkpt>
   <trkpt lat="46.2021500" lon="7.6181160">
    <ele>2378.3</ele>
   </trkpt>
   <trkpt lat="46.2021420" lon="7.6180890">
    <ele>2378.7</ele>
   </trkpt>
   <trkpt lat="46.2021300" lon="7.6180650">
    <ele>2379.0</ele>
   </trkpt>
   <trkpt lat="46.2021180" lon="7.6180420">
    <ele>2379.3</ele>
   </trkpt>
   <trkpt lat="46.2020990" lon="7.6180210">
    <ele>2379.6</ele>
   </trkpt>
   <trkpt lat="46.2020800" lon="7.6180010">
    <ele>2379.9</ele>
   </trkpt>
   <trkpt lat="46.2020540" lon="7.6179790">
    <ele>2380.1</ele>
   </trkpt>
   <trkpt lat="46.2020270" lon="7.6179570">
    <ele>2380.2</ele>
   </trkpt>
   <trkpt lat="46.2019950" lon="7.6179350">
    <ele>2380.3</ele>
   </trkpt>
   <trkpt lat="46.2019640" lon="7.6179130">
    <ele>2380.4</ele>
   </trkpt>
   <trkpt lat="46.2019300" lon="7.6178980">
    <ele>2380.4</ele>
   </trkpt>
   <trkpt lat="46.2018970" lon="7.6178830">
    <ele>2380.5</ele>
   </trkpt>
   <trkpt lat="46.2018630" lon="7.6178700">
    <ele>2380.6</ele>
   </trkpt>
   <trkpt lat="46.2018300" lon="7.6178570">
    <ele>2380.7</ele>
   </trkpt>
   <trkpt lat="46.2018000" lon="7.6178470">
    <ele>2380.9</ele>
   </trkpt>
   <trkpt lat="46.2017690" lon="7.6178360">
    <ele>2381.1</ele>
   </trkpt>
   <trkpt lat="46.2017390" lon="7.6178270">
    <ele>2381.4</ele>
   </trkpt>
   <trkpt lat="46.2017100" lon="7.6178190">
    <ele>2381.7</ele>
   </trkpt>
   <trkpt lat="46.2016790" lon="7.6178100">
    <ele>2381.9</ele>
   </trkpt>
   <trkpt lat="46.2016490" lon="7.6178000">
    <ele>2382.2</ele>
   </trkpt>
   <trkpt lat="46.2016230" lon="7.6177950">
    <ele>2382.5</ele>
   </trkpt>
   <trkpt lat="46.2015960" lon="7.6177890">
    <ele>2382.7</ele>
   </trkpt>
   <trkpt lat="46.2015700" lon="7.6177900">
    <ele>2382.9</ele>
   </trkpt>
   <trkpt lat="46.2015440" lon="7.6177900">
    <ele>2383.0</ele>
   </trkpt>
   <trkpt lat="46.2015180" lon="7.6177970">
    <ele>2383.2</ele>
   </trkpt>
   <trkpt lat="46.2014930" lon="7.6178050">
    <ele>2383.3</ele>
   </trkpt>
   <trkpt lat="46.2014660" lon="7.6178150">
    <ele>2383.4</ele>
   </trkpt>
   <trkpt lat="46.2014390" lon="7.6178250">
    <ele>2383.5</ele>
   </trkpt>
   <trkpt lat="46.2014130" lon="7.6178330">
    <ele>2383.6</ele>
   </trkpt>
   <trkpt lat="46.2013860" lon="7.6178420">
    <ele>2383.6</ele>
   </trkpt>
   <trkpt lat="46.2013560" lon="7.6178480">
    <ele>2383.6</ele>
   </trkpt>
   <trkpt lat="46.2013250" lon="7.6178540">
    <ele>2383.4</ele>
   </trkpt>
   <trkpt lat="46.2012890" lon="7.6178590">
    <ele>2383.2</ele>
   </trkpt>
   <trkpt lat="46.2012520" lon="7.6178650">
    <ele>2382.9</ele>
   </trkpt>
   <trkpt lat="46.2012130" lon="7.6178710">
    <ele>2382.5</ele>
   </trkpt>
   <trkpt lat="46.2011730" lon="7.6178760">
    <ele>2382.1</ele>
   </trkpt>
   <trkpt lat="46.2011320" lon="7.6178820">
    <ele>2381.6</ele>
   </trkpt>
   <trkpt lat="46.2010900" lon="7.6178880">
    <ele>2381.3</ele>
   </trkpt>
   <trkpt lat="46.2010500" lon="7.6178970">
    <ele>2381.0</ele>
   </trkpt>
   <trkpt lat="46.2010100" lon="7.6179050">
    <ele>2380.8</ele>
   </trkpt>
   <trkpt lat="46.2009720" lon="7.6179180">
    <ele>2380.7</ele>
   </trkpt>
   <trkpt lat="46.2009340" lon="7.6179310">
    <ele>2380.7</ele>
   </trkpt>
   <trkpt lat="46.2008970" lon="7.6179500">
    <ele>2380.7</ele>
   </trkpt>
   <trkpt lat="46.2008600" lon="7.6179700">
    <ele>2380.7</ele>
   </trkpt>
   <trkpt lat="46.2008200" lon="7.6179890">
    <ele>2380.8</ele>
   </trkpt>
   <trkpt lat="46.2007800" lon="7.6180090">
    <ele>2380.8</ele>
   </trkpt>
   <trkpt lat="46.2007410" lon="7.6180290">
    <ele>2380.9</ele>
   </trkpt>
   <trkpt lat="46.2007020" lon="7.6180500">
    <ele>2381.0</ele>
   </trkpt>
   <trkpt lat="46.2006640" lon="7.6180730">
    <ele>2381.0</ele>
   </trkpt>
   <trkpt lat="46.2006260" lon="7.6180970">
    <ele>2381.0</ele>
   </trkpt>
   <trkpt lat="46.2005890" lon="7.6181200">
    <ele>2381.0</ele>
   </trkpt>
   <trkpt lat="46.2005530" lon="7.6181440">
    <ele>2380.9</ele>
   </trkpt>
   <trkpt lat="46.2005170" lon="7.6181640">
    <ele>2380.8</ele>
   </trkpt>
   <trkpt lat="46.2004820" lon="7.6181840">
    <ele>2380.7</ele>
   </trkpt>
   <trkpt lat="46.2004430" lon="7.6181960">
    <ele>2380.5</ele>
   </trkpt>
   <trkpt lat="46.2004030" lon="7.6182080">
    <ele>2380.2</ele>
   </trkpt>
   <trkpt lat="46.2003590" lon="7.6182130">
    <ele>2379.8</ele>
   </trkpt>
   <trkpt lat="46.2003150" lon="7.6182180">
    <ele>2379.3</ele>
   </trkpt>
   <trkpt lat="46.2002670" lon="7.6182170">
    <ele>2378.6</ele>
   </trkpt>
   <trkpt lat="46.2002180" lon="7.6182160">
    <ele>2377.9</ele>
   </trkpt>
   <trkpt lat="46.2001690" lon="7.6182150">
    <ele>2377.2</ele>
   </trkpt>
   <trkpt lat="46.2001190" lon="7.6182130">
    <ele>2376.4</ele>
   </trkpt>
   <trkpt lat="46.2000700" lon="7.6182110">
    <ele>2375.7</ele>
   </trkpt>
   <trkpt lat="46.2000200" lon="7.6182090">
    <ele>2375.2</ele>
   </trkpt>
   <trkpt lat="46.1999770" lon="7.6182120">
    <ele>2374.8</ele>
   </trkpt>
   <trkpt lat="46.1999340" lon="7.6182140">
    <ele>2374.4</ele>
   </trkpt>
   <trkpt lat="46.1998950" lon="7.6182200">
    <ele>2374.1</ele>
   </trkpt>
   <trkpt lat="46.1998560" lon="7.6182260">
    <ele>2373.7</ele>
   </trkpt>
   <trkpt lat="46.1998150" lon="7.6182300">
    <ele>2373.3</ele>
   </trkpt>
   <trkpt lat="46.1997750" lon="7.6182350">
    <ele>2372.8</ele>
   </trkpt>
   <trkpt lat="46.1997280" lon="7.6182400">
    <ele>2372.2</ele>
   </trkpt>
   <trkpt lat="46.1996820" lon="7.6182450">
    <ele>2371.7</ele>
   </trkpt>
   <trkpt lat="46.1996390" lon="7.6182510">
    <ele>2371.2</ele>
   </trkpt>
   <trkpt lat="46.1995950" lon="7.6182570">
    <ele>2370.7</ele>
   </trkpt>
   <trkpt lat="46.1995580" lon="7.6182680">
    <ele>2370.4</ele>
   </trkpt>
   <trkpt lat="46.1995220" lon="7.6182790">
    <ele>2370.1</ele>
   </trkpt>
   <trkpt lat="46.1994860" lon="7.6182920">
    <ele>2369.9</ele>
   </trkpt>
   <trkpt lat="46.1994510" lon="7.6183050">
    <ele>2369.8</ele>
   </trkpt>
   <trkpt lat="46.1994180" lon="7.6183210">
    <ele>2369.7</ele>
   </trkpt>
   <trkpt lat="46.1993850" lon="7.6183360">
    <ele>2369.7</ele>
   </trkpt>
   <trkpt lat="46.1993520" lon="7.6183510">
    <ele>2369.8</ele>
   </trkpt>
   <trkpt lat="46.1993220" lon="7.6183660">
    <ele>2370.0</ele>
   </trkpt>
   <trkpt lat="46.1992930" lon="7.6183810">
    <ele>2370.2</ele>
   </trkpt>
   <trkpt lat="46.1992630" lon="7.6183920">
    <ele>2370.6</ele>
   </trkpt>
   <trkpt lat="46.1992340" lon="7.6184020">
    <ele>2371.0</ele>
   </trkpt>
   <trkpt lat="46.1992060" lon="7.6184100">
    <ele>2371.4</ele>
   </trkpt>
   <trkpt lat="46.1991790" lon="7.6184180">
    <ele>2371.8</ele>
   </trkpt>
   <trkpt lat="46.1991530" lon="7.6184250">
    <ele>2372.3</ele>
   </trkpt>
   <trkpt lat="46.1991270" lon="7.6184310">
    <ele>2372.7</ele>
   </trkpt>
   <trkpt lat="46.1991010" lon="7.6184360">
    <ele>2373.2</ele>
   </trkpt>
   <trkpt lat="46.1990740" lon="7.6184410">
    <ele>2373.6</ele>
   </trkpt>
   <trkpt lat="46.1990460" lon="7.6184460">
    <ele>2374.1</ele>
   </trkpt>
   <trkpt lat="46.1990180" lon="7.6184510">
    <ele>2374.6</ele>
   </trkpt>
   <trkpt lat="46.1989900" lon="7.6184560">
    <ele>2375.1</ele>
   </trkpt>
   <trkpt lat="46.1989610" lon="7.6184600">
    <ele>2375.6</ele>
   </trkpt>
   <trkpt lat="46.1989320" lon="7.6184620">
    <ele>2376.1</ele>
   </trkpt>
   <trkpt lat="46.1989030" lon="7.6184640">
    <ele>2376.6</ele>
   </trkpt>
   <trkpt lat="46.1988740" lon="7.6184610">
    <ele>2377.0</ele>
   </trkpt>
   <trkpt lat="46.1988450" lon="7.6184580">
    <ele>2377.4</ele>
   </trkpt>
   <trkpt lat="46.1988170" lon="7.6184520">
    <ele>2377.8</ele>
   </trkpt>
   <trkpt lat="46.1987890" lon="7.6184460">
    <ele>2378.2</ele>
   </trkpt>
   <trkpt lat="46.1987610" lon="7.6184380">
    <ele>2378.5</ele>
   </trkpt>
   <trkpt lat="46.1987330" lon="7.6184310">
    <ele>2378.9</ele>
   </trkpt>
   <trkpt lat="46.1987040" lon="7.6184200">
    <ele>2379.2</ele>
   </trkpt>
   <trkpt lat="46.1986750" lon="7.6184100">
    <ele>2379.5</ele>
   </trkpt>
   <trkpt lat="46.1986450" lon="7.6184000">
    <ele>2379.8</ele>
   </trkpt>
   <trkpt lat="46.1986140" lon="7.6183900">
    <ele>2380.1</ele>
   </trkpt>
   <trkpt lat="46.1985810" lon="7.6183880">
    <ele>2380.4</ele>
   </trkpt>
   <trkpt lat="46.1985490" lon="7.6183860">
    <ele>2380.7</ele>
   </trkpt>
   <trkpt lat="46.1985180" lon="7.6183830">
    <ele>2381.0</ele>
   </trkpt>
   <trkpt lat="46.1984870" lon="7.6183810">
    <ele>2381.2</ele>
   </trkpt>
   <trkpt lat="46.1984570" lon="7.6183750">
    <ele>2381.3</ele>
   </trkpt>
   <trkpt lat="46.1984260" lon="7.6183690">
    <ele>2381.5</ele>
   </trkpt>
   <trkpt lat="46.1983950" lon="7.6183560">
    <ele>2381.6</ele>
   </trkpt>
   <trkpt lat="46.1983630" lon="7.6183430">
    <ele>2381.7</ele>
   </trkpt>
   <trkpt lat="46.1983310" lon="7.6183270">
    <ele>2381.7</ele>
   </trkpt>
   <trkpt lat="46.1983000" lon="7.6183100">
    <ele>2381.8</ele>
   </trkpt>
   <trkpt lat="46.1982690" lon="7.6182950">
    <ele>2381.9</ele>
   </trkpt>
   <trkpt lat="46.1982370" lon="7.6182790">
    <ele>2381.9</ele>
   </trkpt>
   <trkpt lat="46.1982060" lon="7.6182580">
    <ele>2382.0</ele>
   </trkpt>
   <trkpt lat="46.1981750" lon="7.6182360">
    <ele>2382.1</ele>
   </trkpt>
   <trkpt lat="46.1981460" lon="7.6182140">
    <ele>2382.3</ele>
   </trkpt>
   <trkpt lat="46.1981170" lon="7.6181930">
    <ele>2382.4</ele>
   </trkpt>
   <trkpt lat="46.1980880" lon="7.6181750">
    <ele>2382.5</ele>
   </trkpt>
   <trkpt lat="46.1980600" lon="7.6181570">
    <ele>2382.6</ele>
   </trkpt>
   <trkpt lat="46.1980300" lon="7.6181400">
    <ele>2382.8</ele>
   </trkpt>
   <trkpt lat="46.1980010" lon="7.6181240">
    <ele>2383.0</ele>
   </trkpt>
   <trkpt lat="46.1979720" lon="7.6181090">
    <ele>2383.2</ele>
   </trkpt>
   <trkpt lat="46.1979440" lon="7.6180940">
    <ele>2383.4</ele>
   </trkpt>
   <trkpt lat="46.1979170" lon="7.6180820">
    <ele>2383.8</ele>
   </trkpt>
   <trkpt lat="46.1978910" lon="7.6180710">
    <ele>2384.1</ele>
   </trkpt>
   <trkpt lat="46.1978670" lon="7.6180650">
    <ele>2384.5</ele>
   </trkpt>
   <trkpt lat="46.1978430" lon="7.6180590">
    <ele>2384.9</ele>
   </trkpt>
   <trkpt lat="46.1978220" lon="7.6180580">
    <ele>2385.3</ele>
   </trkpt>
   <trkpt lat="46.1978000" lon="7.6180570">
    <ele>2385.6</ele>
   </trkpt>
   <trkpt lat="46.1977780" lon="7.6180540">
    <ele>2386.0</ele>
   </trkpt>
   <trkpt lat="46.1977570" lon="7.6180510">
    <ele>2386.4</ele>
   </trkpt>
   <trkpt lat="46.1977340" lon="7.6180420">
    <ele>2386.8</ele>
   </trkpt>
   <trkpt lat="46.1977110" lon="7.6180330">
    <ele>2387.1</ele>
   </trkpt>
   <trkpt lat="46.1976870" lon="7.6180230">
    <ele>2387.6</ele>
   </trkpt>
   <trkpt lat="46.1976630" lon="7.6180120">
    <ele>2388.0</ele>
   </trkpt>
   <trkpt lat="46.1976390" lon="7.6180020">
    <ele>2388.4</ele>
   </trkpt>
   <trkpt lat="46.1976130" lon="7.6179930">
    <ele>2388.9</ele>
   </trkpt>
   <trkpt lat="46.1975880" lon="7.6179840">
    <ele>2389.3</ele>
   </trkpt>
   <trkpt lat="46.1975600" lon="7.6179700">
    <ele>2389.8</ele>
   </trkpt>
   <trkpt lat="46.1975320" lon="7.6179570">
    <ele>2390.3</ele>
   </trkpt>
   <trkpt lat="46.1975060" lon="7.6179430">
    <ele>2390.8</ele>
   </trkpt>
   <trkpt lat="46.1974800" lon="7.6179280">
    <ele>2391.1</ele>
   </trkpt>
   <trkpt lat="46.1974550" lon="7.6179140">
    <ele>2391.5</ele>
   </trkpt>
   <trkpt lat="46.1974310" lon="7.6178990">
    <ele>2391.8</ele>
   </trkpt>
   <trkpt lat="46.1974040" lon="7.6178850">
    <ele>2392.0</ele>
   </trkpt>
   <trkpt lat="46.1973770" lon="7.6178710">
    <ele>2392.2</ele>
   </trkpt>
   <trkpt lat="46.1973450" lon="7.6178650">
    <ele>2392.4</ele>
   </trkpt>
   <trkpt lat="46.1973130" lon="7.6178590">
    <ele>2392.5</ele>
   </trkpt>
   <trkpt lat="46.1972800" lon="7.6178600">
    <ele>2392.6</ele>
   </trkpt>
   <trkpt lat="46.1972460" lon="7.6178610">
    <ele>2392.8</ele>
   </trkpt>
   <trkpt lat="46.1972160" lon="7.6178680">
    <ele>2392.9</ele>
   </trkpt>
   <trkpt lat="46.1971850" lon="7.6178740">
    <ele>2393.0</ele>
   </trkpt>
   <trkpt lat="46.1971560" lon="7.6178850">
    <ele>2393.0</ele>
   </trkpt>
   <trkpt lat="46.1971270" lon="7.6178960">
    <ele>2393.1</ele>
   </trkpt>
   <trkpt lat="46.1971000" lon="7.6179060">
    <ele>2393.1</ele>
   </trkpt>
   <trkpt lat="46.1970720" lon="7.6179160">
    <ele>2393.1</ele>
   </trkpt>
   <trkpt lat="46.1970440" lon="7.6179260">
    <ele>2393.1</ele>
   </trkpt>
   <trkpt lat="46.1970170" lon="7.6179360">
    <ele>2393.2</ele>
   </trkpt>
   <trkpt lat="46.1969900" lon="7.6179430">
    <ele>2393.3</ele>
   </trkpt>
   <trkpt lat="46.1969640" lon="7.6179500">
    <ele>2393.4</ele>
   </trkpt>
   <trkpt lat="46.1969360" lon="7.6179570">
    <ele>2393.5</ele>
   </trkpt>
   <trkpt lat="46.1969080" lon="7.6179630">
    <ele>2393.7</ele>
   </trkpt>
   <trkpt lat="46.1968820" lon="7.6179700">
    <ele>2393.8</ele>
   </trkpt>
   <trkpt lat="46.1968560" lon="7.6179780">
    <ele>2394.0</ele>
   </trkpt>
   <trkpt lat="46.1968310" lon="7.6179880">
    <ele>2394.2</ele>
   </trkpt>
   <trkpt lat="46.1968060" lon="7.6179980">
    <ele>2394.3</ele>
   </trkpt>
   <trkpt lat="46.1967790" lon="7.6180100">
    <ele>2394.5</ele>
   </trkpt>
   <trkpt lat="46.1967520" lon="7.6180220">
    <ele>2394.6</ele>
   </trkpt>
   <trkpt lat="46.1967230" lon="7.6180370">
    <ele>2394.7</ele>
   </trkpt>
   <trkpt lat="46.1966950" lon="7.6180520">
    <ele>2394.8</ele>
   </trkpt>
   <trkpt lat="46.1966650" lon="7.6180720">
    <ele>2394.9</ele>
   </trkpt>
   <trkpt lat="46.1966360" lon="7.6180930">
    <ele>2395.0</ele>
   </trkpt>
   <trkpt lat="46.1966040" lon="7.6181170">
    <ele>2395.2</ele>
   </trkpt>
   <trkpt lat="46.1965730" lon="7.6181420">
    <ele>2395.4</ele>
   </trkpt>
   <trkpt lat="46.1965400" lon="7.6181690">
    <ele>2395.6</ele>
   </trkpt>
   <trkpt lat="46.1965060" lon="7.6181960">
    <ele>2395.9</ele>
   </trkpt>
   <trkpt lat="46.1964750" lon="7.6182270">
    <ele>2396.1</ele>
   </trkpt>
   <trkpt lat="46.1964440" lon="7.6182580">
    <ele>2396.4</ele>
   </trkpt>
   <trkpt lat="46.1964180" lon="7.6182910">
    <ele>2396.6</ele>
   </trkpt>
   <trkpt lat="46.1963910" lon="7.6183230">
    <ele>2396.8</ele>
   </trkpt>
   <trkpt lat="46.1963680" lon="7.6183520">
    <ele>2397.0</ele>
   </trkpt>
   <trkpt lat="46.1963440" lon="7.6183800">
    <ele>2397.2</ele>
   </trkpt>
   <trkpt lat="46.1963190" lon="7.6184030">
    <ele>2397.4</ele>
   </trkpt>
   <trkpt lat="46.1962950" lon="7.6184260">
    <ele>2397.6</ele>
   </trkpt>
   <trkpt lat="46.1962670" lon="7.6184500">
    <ele>2397.8</ele>
   </trkpt>
   <trkpt lat="46.1962400" lon="7.6184730">
    <ele>2398.0</ele>
   </trkpt>
   <trkpt lat="46.1962110" lon="7.6184980">
    <ele>2398.2</ele>
   </trkpt>
   <trkpt lat="46.1961830" lon="7.6185240">
    <ele>2398.4</ele>
   </trkpt>
   <trkpt lat="46.1961530" lon="7.6185460">
    <ele>2398.6</ele>
   </trkpt>
   <trkpt lat="46.1961230" lon="7.6185680">
    <ele>2398.7</ele>
   </trkpt>
   <trkpt lat="46.1960920" lon="7.6185860">
    <ele>2398.7</ele>
   </trkpt>
   <trkpt lat="46.1960610" lon="7.6186050">
    <ele>2398.8</ele>
   </trkpt>
   <trkpt lat="46.1960280" lon="7.6186180">
    <ele>2398.8</ele>
   </trkpt>
   <trkpt lat="46.1959960" lon="7.6186310">
    <ele>2398.8</ele>
   </trkpt>
   <trkpt lat="46.1959620" lon="7.6186400">
    <ele>2398.7</ele>
   </trkpt>
   <trkpt lat="46.1959280" lon="7.6186490">
    <ele>2398.7</ele>
   </trkpt>
   <trkpt lat="46.1958930" lon="7.6186530">
    <ele>2398.7</ele>
   </trkpt>
   <trkpt lat="46.1958590" lon="7.6186570">
    <ele>2398.7</ele>
   </trkpt>
   <trkpt lat="46.1958250" lon="7.6186590">
    <ele>2398.8</ele>
   </trkpt>
   <trkpt lat="46.1957910" lon="7.6186610">
    <ele>2398.9</ele>
   </trkpt>
   <trkpt lat="46.1957590" lon="7.6186630">
    <ele>2399.1</ele>
   </trkpt>
   <trkpt lat="46.1957270" lon="7.6186640">
    <ele>2399.2</ele>
   </trkpt>
   <trkpt lat="46.1956960" lon="7.6186620">
    <ele>2399.4</ele>
   </trkpt>
   <trkpt lat="46.1956640" lon="7.6186600">
    <ele>2399.6</ele>
   </trkpt>
   <trkpt lat="46.1956310" lon="7.6186580">
    <ele>2399.7</ele>
   </trkpt>
   <trkpt lat="46.1955980" lon="7.6186560">
    <ele>2399.8</ele>
   </trkpt>
   <trkpt lat="46.1955640" lon="7.6186550">
    <ele>2399.9</ele>
   </trkpt>
   <trkpt lat="46.1955300" lon="7.6186540">
    <ele>2400.0</ele>
   </trkpt>
   <trkpt lat="46.1954930" lon="7.6186540">
    <ele>2400.0</ele>
   </trkpt>
   <trkpt lat="46.1954560" lon="7.6186540">
    <ele>2400.0</ele>
   </trkpt>
   <trkpt lat="46.1954170" lon="7.6186540">
    <ele>2400.0</ele>
   </trkpt>
   <trkpt lat="46.1953790" lon="7.6186530">
    <ele>2399.9</ele>
   </trkpt>
   <trkpt lat="46.1953430" lon="7.6186520">
    <ele>2399.9</ele>
   </trkpt>
   <trkpt lat="46.1953070" lon="7.6186500">
    <ele>2399.9</ele>
   </trkpt>
   <trkpt lat="46.1952730" lon="7.6186460">
    <ele>2399.9</ele>
   </trkpt>
   <trkpt lat="46.1952390" lon="7.6186420">
    <ele>2400.0</ele>
   </trkpt>
   <trkpt lat="46.1952070" lon="7.6186340">
    <ele>2400.2</ele>
   </trkpt>
   <trkpt lat="46.1951740" lon="7.6186270">
    <ele>2400.4</ele>
   </trkpt>
   <trkpt lat="46.1951410" lon="7.6186210">
    <ele>2400.6</ele>
   </trkpt>
   <trkpt lat="46.1951090" lon="7.6186160">
    <ele>2400.8</ele>
   </trkpt>
   <trkpt lat="46.1950760" lon="7.6186220">
    <ele>2401.0</ele>
   </trkpt>
   <trkpt lat="46.1950440" lon="7.6186280">
    <ele>2401.2</ele>
   </trkpt>
   <trkpt lat="46.1950120" lon="7.6186390">
    <ele>2401.4</ele>
   </trkpt>
   <trkpt lat="46.1949800" lon="7.6186500">
    <ele>2401.6</ele>
   </trkpt>
   <trkpt lat="46.1949450" lon="7.6186610">
    <ele>2401.7</ele>
   </trkpt>
   <trkpt lat="46.1949110" lon="7.6186720">
    <ele>2401.9</ele>
   </trkpt>
   <trkpt lat="46.1948730" lon="7.6186810">
    <ele>2402.0</ele>
   </trkpt>
   <trkpt lat="46.1948360" lon="7.6186900">
    <ele>2402.1</ele>
   </trkpt>
   <trkpt lat="46.1948020" lon="7.6187070">
    <ele>2402.1</ele>
   </trkpt>
   <trkpt lat="46.1947680" lon="7.6187240">
    <ele>2402.2</ele>
   </trkpt>
   <trkpt lat="46.1947320" lon="7.6187450">
    <ele>2402.3</ele>
   </trkpt>
   <trkpt lat="46.1946950" lon="7.6187660">
    <ele>2402.3</ele>
   </trkpt>
   <trkpt lat="46.1946560" lon="7.6187790">
    <ele>2402.4</ele>
   </trkpt>
   <trkpt lat="46.1946170" lon="7.6187930">
    <ele>2402.5</ele>
   </trkpt>
   <trkpt lat="46.1945810" lon="7.6188070">
    <ele>2402.6</ele>
   </trkpt>
   <trkpt lat="46.1945450" lon="7.6188210">
    <ele>2402.7</ele>
   </trkpt>
   <trkpt lat="46.1945150" lon="7.6188470">
    <ele>2402.9</ele>
   </trkpt>
   <trkpt lat="46.1944840" lon="7.6188720">
    <ele>2403.0</ele>
   </trkpt>
   <trkpt lat="46.1944580" lon="7.6189040">
    <ele>2403.2</ele>
   </trkpt>
   <trkpt lat="46.1944320" lon="7.6189350">
    <ele>2403.3</ele>
   </trkpt>
   <trkpt lat="46.1944070" lon="7.6189720">
    <ele>2403.4</ele>
   </trkpt>
   <trkpt lat="46.1943830" lon="7.6190090">
    <ele>2403.5</ele>
   </trkpt>
   <trkpt lat="46.1943590" lon="7.6190470">
    <ele>2403.5</ele>
   </trkpt>
   <trkpt lat="46.1943350" lon="7.6190850">
    <ele>2403.5</ele>
   </trkpt>
   <trkpt lat="46.1943130" lon="7.6191270">
    <ele>2403.5</ele>
   </trkpt>
   <trkpt lat="46.1942910" lon="7.6191690">
    <ele>2403.4</ele>
   </trkpt>
   <trkpt lat="46.1942700" lon="7.6192130">
    <ele>2403.4</ele>
   </trkpt>
   <trkpt lat="46.1942490" lon="7.6192580">
    <ele>2403.3</ele>
   </trkpt>
   <trkpt lat="46.1942290" lon="7.6193030">
    <ele>2403.1</ele>
   </trkpt>
   <trkpt lat="46.1942090" lon="7.6193490">
    <ele>2403.0</ele>
   </trkpt>
   <trkpt lat="46.1941890" lon="7.6193940">
    <ele>2402.9</ele>
   </trkpt>
   <trkpt lat="46.1941690" lon="7.6194380">
    <ele>2402.8</ele>
   </trkpt>
   <trkpt lat="46.1941480" lon="7.6194850">
    <ele>2402.8</ele>
   </trkpt>
   <trkpt lat="46.1941270" lon="7.6195320">
    <ele>2402.7</ele>
   </trkpt>
   <trkpt lat="46.1941060" lon="7.6195830">
    <ele>2402.5</ele>
   </trkpt>
   <trkpt lat="46.1940860" lon="7.6196330">
    <ele>2402.4</ele>
   </trkpt>
   <trkpt lat="46.1940650" lon="7.6196870">
    <ele>2402.1</ele>
   </trkpt>
   <trkpt lat="46.1940430" lon="7.6197410">
    <ele>2401.7</ele>
   </trkpt>
   <trkpt lat="46.1940180" lon="7.6197890">
    <ele>2401.4</ele>
   </trkpt>
   <trkpt lat="46.1939930" lon="7.6198370">
    <ele>2401.0</ele>
   </trkpt>
   <trkpt lat="46.1939640" lon="7.6198740">
    <ele>2400.7</ele>
   </trkpt>
   <trkpt lat="46.1939350" lon="7.6199120">
    <ele>2400.4</ele>
   </trkpt>
   <trkpt lat="46.1939030" lon="7.6199390">
    <ele>2400.1</ele>
   </trkpt>
   <trkpt lat="46.1938700" lon="7.6199670">
    <ele>2399.9</ele>
   </trkpt>
   <trkpt lat="46.1938340" lon="7.6199910">
    <ele>2399.7</ele>
   </trkpt>
   <trkpt lat="46.1937990" lon="7.6200140">
    <ele>2399.5</ele>
   </trkpt>
   <trkpt lat="46.1937590" lon="7.6200400">
    <ele>2399.2</ele>
   </trkpt>
   <trkpt lat="46.1937190" lon="7.6200670">
    <ele>2399.0</ele>
   </trkpt>
   <trkpt lat="46.1936790" lon="7.6200980">
    <ele>2398.7</ele>
   </trkpt>
   <trkpt lat="46.1936400" lon="7.6201290">
    <ele>2398.5</ele>
   </trkpt>
   <trkpt lat="46.1936030" lon="7.6201650">
    <ele>2398.3</ele>
   </trkpt>
   <trkpt lat="46.1935670" lon="7.6202010">
    <ele>2398.1</ele>
   </trkpt>
   <trkpt lat="46.1935350" lon="7.6202390">
    <ele>2398.1</ele>
   </trkpt>
   <trkpt lat="46.1935030" lon="7.6202760">
    <ele>2398.1</ele>
   </trkpt>
   <trkpt lat="46.1934710" lon="7.6203090">
    <ele>2398.0</ele>
   </trkpt>
   <trkpt lat="46.1934380" lon="7.6203410">
    <ele>2398.0</ele>
   </trkpt>
   <trkpt lat="46.1934040" lon="7.6203710">
    <ele>2397.9</ele>
   </trkpt>
   <trkpt lat="46.1933690" lon="7.6204010">
    <ele>2397.8</ele>
   </trkpt>
   <trkpt lat="46.1933360" lon="7.6204280">
    <ele>2397.8</ele>
   </trkpt>
   <trkpt lat="46.1933020" lon="7.6204560">
    <ele>2397.7</ele>
   </trkpt>
   <trkpt lat="46.1932700" lon="7.6204790">
    <ele>2397.7</ele>
   </trkpt>
   <trkpt lat="46.1932370" lon="7.6205010">
    <ele>2397.8</ele>
   </trkpt>
   <trkpt lat="46.1932050" lon="7.6205190">
    <ele>2397.9</ele>
   </trkpt>
   <trkpt lat="46.1931720" lon="7.6205360">
    <ele>2398.0</ele>
   </trkpt>
   <trkpt lat="46.1931420" lon="7.6205520">
    <ele>2398.2</ele>
   </trkpt>
   <trkpt lat="46.1931120" lon="7.6205680">
    <ele>2398.3</ele>
   </trkpt>
   <trkpt lat="46.1930810" lon="7.6205810">
    <ele>2398.3</ele>
   </trkpt>
   <trkpt lat="46.1930490" lon="7.6205930">
    <ele>2398.4</ele>
   </trkpt>
   <trkpt lat="46.1930120" lon="7.6206050">
    <ele>2398.4</ele>
   </trkpt>
   <trkpt lat="46.1929760" lon="7.6206160">
    <ele>2398.3</ele>
   </trkpt>
   <trkpt lat="46.1929380" lon="7.6206290">
    <ele>2398.1</ele>
   </trkpt>
   <trkpt lat="46.1928990" lon="7.6206410">
    <ele>2397.9</ele>
   </trkpt>
   <trkpt lat="46.1928610" lon="7.6206580">
    <ele>2397.8</ele>
   </trkpt>
   <trkpt lat="46.1928240" lon="7.6206750">
    <ele>2397.7</ele>
   </trkpt>
   <trkpt lat="46.1927910" lon="7.6206910">
    <ele>2397.8</ele>
   </trkpt>
   <trkpt lat="46.1927580" lon="7.6207080">
    <ele>2397.9</ele>
   </trkpt>
   <trkpt lat="46.1927270" lon="7.6207120">
    <ele>2398.1</ele>
   </trkpt>
   <trkpt lat="46.1926950" lon="7.6207160">
    <ele>2398.2</ele>
   </trkpt>
   <trkpt lat="46.1926650" lon="7.6207160">
    <ele>2398.3</ele>
   </trkpt>
   <trkpt lat="46.1926350" lon="7.6207150">
    <ele>2398.4</ele>
   </trkpt>
   <trkpt lat="46.1926060" lon="7.6207170">
    <ele>2398.5</ele>
   </trkpt>
   <trkpt lat="46.1925780" lon="7.6207200">
    <ele>2398.5</ele>
   </trkpt>
   <trkpt lat="46.1925490" lon="7.6207220">
    <ele>2398.6</ele>
   </trkpt>
   <trkpt lat="46.1925200" lon="7.6207230">
    <ele>2398.6</ele>
   </trkpt>
   <trkpt lat="46.1924920" lon="7.6207240">
    <ele>2398.7</ele>
   </trkpt>
   <trkpt lat="46.1924600" lon="7.6207150">
    <ele>2398.8</ele>
   </trkpt>
   <trkpt lat="46.1924280" lon="7.6207060">
    <ele>2398.9</ele>
   </trkpt>
   <trkpt lat="46.1923940" lon="7.6206920">
    <ele>2399.0</ele>
   </trkpt>
   <trkpt lat="46.1923600" lon="7.6206780">
    <ele>2399.1</ele>
   </trkpt>
   <trkpt lat="46.1923270" lon="7.6206660">
    <ele>2399.1</ele>
   </trkpt>
   <trkpt lat="46.1922940" lon="7.6206540">
    <ele>2399.2</ele>
   </trkpt>
   <trkpt lat="46.1922640" lon="7.6206410">
    <ele>2399.2</ele>
   </trkpt>
   <trkpt lat="46.1922340" lon="7.6206270">
    <ele>2399.2</ele>
   </trkpt>
   <trkpt lat="46.1922050" lon="7.6206060">
    <ele>2399.0</ele>
   </trkpt>
   <trkpt lat="46.1921750" lon="7.6205850">
    <ele>2398.8</ele>
   </trkpt>
   <trkpt lat="46.1921400" lon="7.6205570">
    <ele>2398.4</ele>
   </trkpt>
   <trkpt lat="46.1921060" lon="7.6205290">
    <ele>2398.0</ele>
   </trkpt>
   <trkpt lat="46.1920650" lon="7.6205000">
    <ele>2397.2</ele>
   </trkpt>
   <trkpt lat="46.1920250" lon="7.6204720">
    <ele>2396.5</ele>
   </trkpt>
   <trkpt lat="46.1919850" lon="7.6204550">
    <ele>2395.8</ele>
   </trkpt>
   <trkpt lat="46.1919460" lon="7.6204370">
    <ele>2395.9</ele>
   </trkpt>
   <trkpt lat="46.1919090" lon="7.6204290">
    <ele>2396.1</ele>
   </trkpt>
   <trkpt lat="46.1918720" lon="7.6204210">
    <ele>2396.4</ele>
   </trkpt>
   <trkpt lat="46.1918380" lon="7.6204160">
    <ele>2396.8</ele>
   </trkpt>
   <trkpt lat="46.1918040" lon="7.6204120">
    <ele>2397.2</ele>
   </trkpt>
   <trkpt lat="46.1917710" lon="7.6204120">
    <ele>2397.7</ele>
   </trkpt>
   <trkpt lat="46.1917370" lon="7.6204120">
    <ele>2398.1</ele>
   </trkpt>
   <trkpt lat="46.1917050" lon="7.6204150">
    <ele>2398.5</ele>
   </trkpt>
   <trkpt lat="46.1916730" lon="7.6204180">
    <ele>2399.0</ele>
   </trkpt>
   <trkpt lat="46.1916410" lon="7.6204200">
    <ele>2399.3</ele>
   </trkpt>
   <trkpt lat="46.1916100" lon="7.6204210">
    <ele>2399.7</ele>
   </trkpt>
   <trkpt lat="46.1915790" lon="7.6204210">
    <ele>2400.0</ele>
   </trkpt>
   <trkpt lat="46.1915490" lon="7.6204210">
    <ele>2400.3</ele>
   </trkpt>
   <trkpt lat="46.1915190" lon="7.6204250">
    <ele>2400.5</ele>
   </trkpt>
   <trkpt lat="46.1914890" lon="7.6204290">
    <ele>2400.8</ele>
   </trkpt>
   <trkpt lat="46.1914580" lon="7.6204410">
    <ele>2401.0</ele>
   </trkpt>
   <trkpt lat="46.1914280" lon="7.6204540">
    <ele>2401.3</ele>
   </trkpt>
   <trkpt lat="46.1913960" lon="7.6204710">
    <ele>2401.5</ele>
   </trkpt>
   <trkpt lat="46.1913650" lon="7.6204880">
    <ele>2401.8</ele>
   </trkpt>
   <trkpt lat="46.1913300" lon="7.6205080">
    <ele>2402.1</ele>
   </trkpt>
   <trkpt lat="46.1912960" lon="7.6205280">
    <ele>2402.4</ele>
   </trkpt>
   <trkpt lat="46.1912630" lon="7.6205500">
    <ele>2402.7</ele>
   </trkpt>
   <trkpt lat="46.1912290" lon="7.6205710">
    <ele>2403.1</ele>
   </trkpt>
   <trkpt lat="46.1911970" lon="7.6205920">
    <ele>2403.5</ele>
   </trkpt>
   <trkpt lat="46.1911660" lon="7.6206120">
    <ele>2403.8</ele>
   </trkpt>
   <trkpt lat="46.1911360" lon="7.6206330">
    <ele>2404.1</ele>
   </trkpt>
   <trkpt lat="46.1911060" lon="7.6206540">
    <ele>2404.5</ele>
   </trkpt>
   <trkpt lat="46.1910780" lon="7.6206770">
    <ele>2404.9</ele>
   </trkpt>
   <trkpt lat="46.1910490" lon="7.6207000">
    <ele>2405.3</ele>
   </trkpt>
   <trkpt lat="46.1910210" lon="7.6207270">
    <ele>2405.7</ele>
   </trkpt>
   <trkpt lat="46.1909930" lon="7.6207540">
    <ele>2406.1</ele>
   </trkpt>
   <trkpt lat="46.1909650" lon="7.6207810">
    <ele>2406.5</ele>
   </trkpt>
   <trkpt lat="46.1909360" lon="7.6208090">
    <ele>2406.9</ele>
   </trkpt>
   <trkpt lat="46.1909100" lon="7.6208350">
    <ele>2407.3</ele>
   </trkpt>
   <trkpt lat="46.1908830" lon="7.6208610">
    <ele>2407.8</ele>
   </trkpt>
   <trkpt lat="46.1908570" lon="7.6208880">
    <ele>2408.2</ele>
   </trkpt>
   <trkpt lat="46.1908320" lon="7.6209160">
    <ele>2408.7</ele>
   </trkpt>
   <trkpt lat="46.1908050" lon="7.6209400">
    <ele>2409.3</ele>
   </trkpt>
   <trkpt lat="46.1907790" lon="7.6209650">
    <ele>2409.8</ele>
   </trkpt>
   <trkpt lat="46.1907530" lon="7.6209890">
    <ele>2410.4</ele>
   </trkpt>
   <trkpt lat="46.1907280" lon="7.6210130">
    <ele>2411.0</ele>
   </trkpt>
   <trkpt lat="46.1907060" lon="7.6210360">
    <ele>2411.6</ele>
   </trkpt>
   <trkpt lat="46.1906840" lon="7.6210580">
    <ele>2412.2</ele>
   </trkpt>
   <trkpt lat="46.1906640" lon="7.6210760">
    <ele>2412.7</ele>
   </trkpt>
   <trkpt lat="46.1906440" lon="7.6210940">
    <ele>2413.1</ele>
   </trkpt>
   <trkpt lat="46.1906230" lon="7.6211120">
    <ele>2413.6</ele>
   </trkpt>
   <trkpt lat="46.1906030" lon="7.6211300">
    <ele>2414.1</ele>
   </trkpt>
   <trkpt lat="46.1905810" lon="7.6211520">
    <ele>2414.6</ele>
   </trkpt>
   <trkpt lat="46.1905590" lon="7.6211730">
    <ele>2415.2</ele>
   </trkpt>
   <trkpt lat="46.1905330" lon="7.6211810">
    <ele>2415.3</ele>
   </trkpt>
   <trkpt lat="46.1905070" lon="7.6211890">
    <ele>2415.4</ele>
   </trkpt>
   <trkpt lat="46.1904780" lon="7.6211840">
    <ele>2415.6</ele>
   </trkpt>
   <trkpt lat="46.1904480" lon="7.6211800">
    <ele>2415.7</ele>
   </trkpt>
   <trkpt lat="46.1904190" lon="7.6211710">
    <ele>2415.9</ele>
   </trkpt>
   <trkpt lat="46.1903890" lon="7.6211620">
    <ele>2415.9</ele>
   </trkpt>
   <trkpt lat="46.1903590" lon="7.6211520">
    <ele>2416.0</ele>
   </trkpt>
   <trkpt lat="46.1903290" lon="7.6211430">
    <ele>2416.1</ele>
   </trkpt>
   <trkpt lat="46.1902980" lon="7.6211400">
    <ele>2416.1</ele>
   </trkpt>
   <trkpt lat="46.1902660" lon="7.6211370">
    <ele>2416.1</ele>
   </trkpt>
   <trkpt lat="46.1902320" lon="7.6211390">
    <ele>2416.1</ele>
   </trkpt>
   <trkpt lat="46.1901970" lon="7.6211400">
    <ele>2416.1</ele>
   </trkpt>
   <trkpt lat="46.1901610" lon="7.6211460">
    <ele>2416.1</ele>
   </trkpt>
   <trkpt lat="46.1901240" lon="7.6211530">
    <ele>2416.0</ele>
   </trkpt>
   <trkpt lat="46.1900850" lon="7.6211630">
    <ele>2416.0</ele>
   </trkpt>
   <trkpt lat="46.1900460" lon="7.6211740">
    <ele>2415.9</ele>
   </trkpt>
   <trkpt lat="46.1900070" lon="7.6211870">
    <ele>2415.8</ele>
   </trkpt>
   <trkpt lat="46.1899670" lon="7.6212000">
    <ele>2415.7</ele>
   </trkpt>
   <trkpt lat="46.1899310" lon="7.6212200">
    <ele>2415.6</ele>
   </trkpt>
   <trkpt lat="46.1898940" lon="7.6212390">
    <ele>2415.5</ele>
   </trkpt>
   <trkpt lat="46.1898630" lon="7.6212700">
    <ele>2415.5</ele>
   </trkpt>
   <trkpt lat="46.1898310" lon="7.6213010">
    <ele>2415.5</ele>
   </trkpt>
   <trkpt lat="46.1898020" lon="7.6213390">
    <ele>2415.4</ele>
   </trkpt>
   <trkpt lat="46.1897730" lon="7.6213760">
    <ele>2415.4</ele>
   </trkpt>
   <trkpt lat="46.1897450" lon="7.6214140">
    <ele>2415.3</ele>
   </trkpt>
   <trkpt lat="46.1897160" lon="7.6214520">
    <ele>2415.2</ele>
   </trkpt>
   <trkpt lat="46.1896870" lon="7.6214900">
    <ele>2415.0</ele>
   </trkpt>
   <trkpt lat="46.1896580" lon="7.6215270">
    <ele>2414.7</ele>
   </trkpt>
   <trkpt lat="46.1896290" lon="7.6215620">
    <ele>2414.4</ele>
   </trkpt>
   <trkpt lat="46.1896000" lon="7.6215960">
    <ele>2414.1</ele>
   </trkpt>
   <trkpt lat="46.1895680" lon="7.6216240">
    <ele>2413.6</ele>
   </trkpt>
   <trkpt lat="46.1895370" lon="7.6216530">
    <ele>2413.2</ele>
   </trkpt>
   <trkpt lat="46.1895030" lon="7.6216680">
    <ele>2412.7</ele>
   </trkpt>
   <trkpt lat="46.1894680" lon="7.6216840">
    <ele>2412.3</ele>
   </trkpt>
   <trkpt lat="46.1894320" lon="7.6216780">
    <ele>2411.9</ele>
   </trkpt>
   <trkpt lat="46.1893960" lon="7.6216730">
    <ele>2411.5</ele>
   </trkpt>
   <trkpt lat="46.1893580" lon="7.6216550">
    <ele>2411.1</ele>
   </trkpt>
   <trkpt lat="46.1893200" lon="7.6216360">
    <ele>2410.7</ele>
   </trkpt>
   <trkpt lat="46.1892770" lon="7.6216140">
    <ele>2410.4</ele>
   </trkpt>
   <trkpt lat="46.1892340" lon="7.6215920">
    <ele>2410.1</ele>
   </trkpt>
   <trkpt lat="46.1891890" lon="7.6215760">
    <ele>2409.8</ele>
   </trkpt>
   <trkpt lat="46.1891440" lon="7.6215590">
    <ele>2409.4</ele>
   </trkpt>
   <trkpt lat="46.1891010" lon="7.6215520">
    <ele>2409.2</ele>
   </trkpt>
   <trkpt lat="46.1890580" lon="7.6215450">
    <ele>2408.9</ele>
   </trkpt>
   <trkpt lat="46.1890150" lon="7.6215460">
    <ele>2408.7</ele>
   </trkpt>
   <trkpt lat="46.1889720" lon="7.6215460">
    <ele>2408.4</ele>
   </trkpt>
   <trkpt lat="46.1889310" lon="7.6215560">
    <ele>2408.2</ele>
   </trkpt>
   <trkpt lat="46.1888890" lon="7.6215650">
    <ele>2408.0</ele>
   </trkpt>
   <trkpt lat="46.1888510" lon="7.6215870">
    <ele>2407.8</ele>
   </trkpt>
   <trkpt lat="46.1888130" lon="7.6216090">
    <ele>2407.7</ele>
   </trkpt>
   <trkpt lat="46.1887750" lon="7.6216350">
    <ele>2407.5</ele>
   </trkpt>
   <trkpt lat="46.1887370" lon="7.6216610">
    <ele>2407.4</ele>
   </trkpt>
   <trkpt lat="46.1886980" lon="7.6216810">
    <ele>2407.4</ele>
   </trkpt>
   <trkpt lat="46.1886590" lon="7.6217010">
    <ele>2407.4</ele>
   </trkpt>
   <trkpt lat="46.1886190" lon="7.6217180">
    <ele>2407.4</ele>
   </trkpt>
   <trkpt lat="46.1885800" lon="7.6217350">
    <ele>2407.5</ele>
   </trkpt>
   <trkpt lat="46.1885410" lon="7.6217560">
    <ele>2407.6</ele>
   </trkpt>
   <trkpt lat="46.1885040" lon="7.6217780">
    <ele>2407.7</ele>
   </trkpt>
   <trkpt lat="46.1884690" lon="7.6218060">
    <ele>2407.8</ele>
   </trkpt>
   <trkpt lat="46.1884350" lon="7.6218350">
    <ele>2408.0</ele>
   </trkpt>
   <trkpt lat="46.1884050" lon="7.6218690">
    <ele>2408.1</ele>
   </trkpt>
   <trkpt lat="46.1883750" lon="7.6219030">
    <ele>2408.2</ele>
   </trkpt>
   <trkpt lat="46.1883480" lon="7.6219410">
    <ele>2408.3</ele>
   </trkpt>
   <trkpt lat="46.1883210" lon="7.6219790">
    <ele>2408.4</ele>
   </trkpt>
   <trkpt lat="46.1882960" lon="7.6220220">
    <ele>2408.6</ele>
   </trkpt>
   <trkpt lat="46.1882710" lon="7.6220660">
    <ele>2408.7</ele>
   </trkpt>
   <trkpt lat="46.1882470" lon="7.6221120">
    <ele>2408.8</ele>
   </trkpt>
   <trkpt lat="46.1882240" lon="7.6221580">
    <ele>2409.0</ele>
   </trkpt>
   <trkpt lat="46.1881980" lon="7.6221990">
    <ele>2409.1</ele>
   </trkpt>
   <trkpt lat="46.1881720" lon="7.6222390">
    <ele>2409.2</ele>
   </trkpt>
   <trkpt lat="46.1881400" lon="7.6222660">
    <ele>2409.3</ele>
   </trkpt>
   <trkpt lat="46.1881090" lon="7.6222930">
    <ele>2409.3</ele>
   </trkpt>
   <trkpt lat="46.1880730" lon="7.6223010">
    <ele>2409.4</ele>
   </trkpt>
   <trkpt lat="46.1880370" lon="7.6223080">
    <ele>2409.5</ele>
   </trkpt>
   <trkpt lat="46.1880010" lon="7.6222970">
    <ele>2409.5</ele>
   </trkpt>
   <trkpt lat="46.1879650" lon="7.6222850">
    <ele>2409.6</ele>
   </trkpt>
   <trkpt lat="46.1879290" lon="7.6222590">
    <ele>2409.7</ele>
   </trkpt>
   <trkpt lat="46.1878940" lon="7.6222340">
    <ele>2409.7</ele>
   </trkpt>
   <trkpt lat="46.1878590" lon="7.6221960">
    <ele>2409.8</ele>
   </trkpt>
   <trkpt lat="46.1878240" lon="7.6221570">
    <ele>2409.9</ele>
   </trkpt>
   <trkpt lat="46.1877890" lon="7.6221100">
    <ele>2410.0</ele>
   </trkpt>
   <trkpt lat="46.1877550" lon="7.6220620">
    <ele>2410.0</ele>
   </trkpt>
   <trkpt lat="46.1877230" lon="7.6220180">
    <ele>2409.9</ele>
   </trkpt>
   <trkpt lat="46.1876920" lon="7.6219730">
    <ele>2409.8</ele>
   </trkpt>
   <trkpt lat="46.1876620" lon="7.6219390">
    <ele>2409.8</ele>
   </trkpt>
   <trkpt lat="46.1876330" lon="7.6219040">
    <ele>2409.9</ele>
   </trkpt>
   <trkpt lat="46.1876050" lon="7.6218770">
    <ele>2410.0</ele>
   </trkpt>
   <trkpt lat="46.1875780" lon="7.6218500">
    <ele>2410.0</ele>
   </trkpt>
   <trkpt lat="46.1875540" lon="7.6218280">
    <ele>2410.1</ele>
   </trkpt>
   <trkpt lat="46.1875300" lon="7.6218060">
    <ele>2410.2</ele>
   </trkpt>
   <trkpt lat="46.1875060" lon="7.6217870">
    <ele>2410.2</ele>
   </trkpt>
   <trkpt lat="46.1874830" lon="7.6217680">
    <ele>2410.3</ele>
   </trkpt>
   <trkpt lat="46.1874580" lon="7.6217550">
    <ele>2410.3</ele>
   </trkpt>
   <trkpt lat="46.1874330" lon="7.6217420">
    <ele>2410.4</ele>
   </trkpt>
   <trkpt lat="46.1874070" lon="7.6217350">
    <ele>2410.4</ele>
   </trkpt>
   <trkpt lat="46.1873800" lon="7.6217290">
    <ele>2410.4</ele>
   </trkpt>
   <trkpt lat="46.1873550" lon="7.6217210">
    <ele>2410.4</ele>
   </trkpt>
   <trkpt lat="46.1873290" lon="7.6217130">
    <ele>2410.4</ele>
   </trkpt>
   <trkpt lat="46.1873040" lon="7.6217090">
    <ele>2410.4</ele>
   </trkpt>
   <trkpt lat="46.1872790" lon="7.6217040">
    <ele>2410.4</ele>
   </trkpt>
   <trkpt lat="46.1872540" lon="7.6217040">
    <ele>2410.4</ele>
   </trkpt>
   <trkpt lat="46.1872290" lon="7.6217030">
    <ele>2410.4</ele>
   </trkpt>
   <trkpt lat="46.1872020" lon="7.6217120">
    <ele>2410.5</ele>
   </trkpt>
   <trkpt lat="46.1871760" lon="7.6217210">
    <ele>2410.5</ele>
   </trkpt>
   <trkpt lat="46.1871480" lon="7.6217430">
    <ele>2410.6</ele>
   </trkpt>
   <trkpt lat="46.1871210" lon="7.6217640">
    <ele>2410.7</ele>
   </trkpt>
   <trkpt lat="46.1870940" lon="7.6217920">
    <ele>2410.9</ele>
   </trkpt>
   <trkpt lat="46.1870660" lon="7.6218200">
    <ele>2411.1</ele>
   </trkpt>
   <trkpt lat="46.1870400" lon="7.6218520">
    <ele>2411.3</ele>
   </trkpt>
   <trkpt lat="46.1870130" lon="7.6218830">
    <ele>2411.5</ele>
   </trkpt>
   <trkpt lat="46.1869860" lon="7.6219130">
    <ele>2411.6</ele>
   </trkpt>
   <trkpt lat="46.1869580" lon="7.6219430">
    <ele>2411.7</ele>
   </trkpt>
   <trkpt lat="46.1869280" lon="7.6219710">
    <ele>2411.8</ele>
   </trkpt>
   <trkpt lat="46.1868990" lon="7.6219990">
    <ele>2411.8</ele>
   </trkpt>
   <trkpt lat="46.1868670" lon="7.6220290">
    <ele>2411.8</ele>
   </trkpt>
   <trkpt lat="46.1868340" lon="7.6220590">
    <ele>2411.7</ele>
   </trkpt>
   <trkpt lat="46.1867980" lon="7.6220880">
    <ele>2411.6</ele>
   </trkpt>
   <trkpt lat="46.1867620" lon="7.6221170">
    <ele>2411.4</ele>
   </trkpt>
   <trkpt lat="46.1867230" lon="7.6221440">
    <ele>2411.2</ele>
   </trkpt>
   <trkpt lat="46.1866850" lon="7.6221710">
    <ele>2411.1</ele>
   </trkpt>
   <trkpt lat="46.1866480" lon="7.6222030">
    <ele>2410.9</ele>
   </trkpt>
   <trkpt lat="46.1866120" lon="7.6222350">
    <ele>2410.7</ele>
   </trkpt>
   <trkpt lat="46.1865780" lon="7.6222740">
    <ele>2410.6</ele>
   </trkpt>
   <trkpt lat="46.1865450" lon="7.6223130">
    <ele>2410.3</ele>
   </trkpt>
   <trkpt lat="46.1865130" lon="7.6223550">
    <ele>2410.0</ele>
   </trkpt>
   <trkpt lat="46.1864810" lon="7.6223980">
    <ele>2409.7</ele>
   </trkpt>
   <trkpt lat="46.1864520" lon="7.6224440">
    <ele>2409.4</ele>
   </trkpt>
   <trkpt lat="46.1864230" lon="7.6224910">
    <ele>2409.1</ele>
   </trkpt>
   <trkpt lat="46.1863980" lon="7.6225430">
    <ele>2408.7</ele>
   </trkpt>
   <trkpt lat="46.1863730" lon="7.6225950">
    <ele>2408.4</ele>
   </trkpt>
   <trkpt lat="46.1863490" lon="7.6226500">
    <ele>2408.1</ele>
   </trkpt>
   <trkpt lat="46.1863250" lon="7.6227050">
    <ele>2407.9</ele>
   </trkpt>
   <trkpt lat="46.1863020" lon="7.6227580">
    <ele>2407.6</ele>
   </trkpt>
   <trkpt lat="46.1862790" lon="7.6228120">
    <ele>2407.4</ele>
   </trkpt>
   <trkpt lat="46.1862540" lon="7.6228640">
    <ele>2407.3</ele>
   </trkpt>
   <trkpt lat="46.1862300" lon="7.6229160">
    <ele>2407.1</ele>
   </trkpt>
   <trkpt lat="46.1862040" lon="7.6229670">
    <ele>2407.0</ele>
   </trkpt>
   <trkpt lat="46.1861790" lon="7.6230170">
    <ele>2406.9</ele>
   </trkpt>
   <trkpt lat="46.1861540" lon="7.6230690">
    <ele>2406.7</ele>
   </trkpt>
   <trkpt lat="46.1861280" lon="7.6231220">
    <ele>2406.6</ele>
   </trkpt>
   <trkpt lat="46.1861030" lon="7.6231760">
    <ele>2406.4</ele>
   </trkpt>
   <trkpt lat="46.1860770" lon="7.6232310">
    <ele>2406.1</ele>
   </trkpt>
   <trkpt lat="46.1860530" lon="7.6232820">
    <ele>2405.9</ele>
   </trkpt>
   <trkpt lat="46.1860290" lon="7.6233340">
    <ele>2405.5</ele>
   </trkpt>
   <trkpt lat="46.1860070" lon="7.6233830">
    <ele>2405.0</ele>
   </trkpt>
   <trkpt lat="46.1859850" lon="7.6234320">
    <ele>2404.4</ele>
   </trkpt>
   <trkpt lat="46.1859680" lon="7.6234760">
    <ele>2403.8</ele>
   </trkpt>
   <trkpt lat="46.1859510" lon="7.6235210">
    <ele>2403.0</ele>
   </trkpt>
   <trkpt lat="46.1859320" lon="7.6235630">
    <ele>2402.2</ele>
   </trkpt>
   <trkpt lat="46.1859120" lon="7.6236050">
    <ele>2401.4</ele>
   </trkpt>
   <trkpt lat="46.1858880" lon="7.6236470">
    <ele>2400.6</ele>
   </trkpt>
   <trkpt lat="46.1858630" lon="7.6236890">
    <ele>2399.8</ele>
   </trkpt>
   <trkpt lat="46.1858360" lon="7.6237340">
    <ele>2399.0</ele>
   </trkpt>
   <trkpt lat="46.1858090" lon="7.6237800">
    <ele>2398.4</ele>
   </trkpt>
   <trkpt lat="46.1857860" lon="7.6238260">
    <ele>2398.0</ele>
   </trkpt>
   <trkpt lat="46.1857620" lon="7.6238720">
    <ele>2397.8</ele>
   </trkpt>
   <trkpt lat="46.1857460" lon="7.6239160">
    <ele>2397.8</ele>
   </trkpt>
   <trkpt lat="46.1857300" lon="7.6239600">
    <ele>2397.9</ele>
   </trkpt>
   <trkpt lat="46.1857180" lon="7.6240010">
    <ele>2398.1</ele>
   </trkpt>
   <trkpt lat="46.1857060" lon="7.6240420">
    <ele>2398.3</ele>
   </trkpt>
   <trkpt lat="46.1856910" lon="7.6240800">
    <ele>2398.5</ele>
   </trkpt>
   <trkpt lat="46.1856750" lon="7.6241170">
    <ele>2398.7</ele>
   </trkpt>
   <trkpt lat="46.1856510" lon="7.6241530">
    <ele>2398.8</ele>
   </trkpt>
   <trkpt lat="46.1856270" lon="7.6241900">
    <ele>2398.8</ele>
   </trkpt>
   <trkpt lat="46.1855940" lon="7.6242190">
    <ele>2398.8</ele>
   </trkpt>
   <trkpt lat="46.1855610" lon="7.6242480">
    <ele>2398.7</ele>
   </trkpt>
   <trkpt lat="46.1855240" lon="7.6242730">
    <ele>2398.6</ele>
   </trkpt>
   <trkpt lat="46.1854880" lon="7.6242980">
    <ele>2398.5</ele>
   </trkpt>
   <trkpt lat="46.1854540" lon="7.6243270">
    <ele>2398.4</ele>
   </trkpt>
   <trkpt lat="46.1854200" lon="7.6243560">
    <ele>2398.3</ele>
   </trkpt>
   <trkpt lat="46.1853860" lon="7.6243860">
    <ele>2398.3</ele>
   </trkpt>
   <trkpt lat="46.1853530" lon="7.6244160">
    <ele>2398.3</ele>
   </trkpt>
   <trkpt lat="46.1853180" lon="7.6244410">
    <ele>2398.2</ele>
   </trkpt>
   <trkpt lat="46.1852840" lon="7.6244660">
    <ele>2398.2</ele>
   </trkpt>
   <trkpt lat="46.1852490" lon="7.6244870">
    <ele>2398.2</ele>
   </trkpt>
   <trkpt lat="46.1852150" lon="7.6245090">
    <ele>2398.1</ele>
   </trkpt>
   <trkpt lat="46.1851790" lon="7.6245300">
    <ele>2398.0</ele>
   </trkpt>
   <trkpt lat="46.1851440" lon="7.6245520">
    <ele>2398.0</ele>
   </trkpt>
   <trkpt lat="46.1851070" lon="7.6245740">
    <ele>2397.9</ele>
   </trkpt>
   <trkpt lat="46.1850700" lon="7.6245960">
    <ele>2397.8</ele>
   </trkpt>
   <trkpt lat="46.1850300" lon="7.6246130">
    <ele>2397.7</ele>
   </trkpt>
   <trkpt lat="46.1849900" lon="7.6246300">
    <ele>2397.6</ele>
   </trkpt>
   <trkpt lat="46.1849500" lon="7.6246380">
    <ele>2397.6</ele>
   </trkpt>
   <trkpt lat="46.1849090" lon="7.6246470">
    <ele>2397.5</ele>
   </trkpt>
   <trkpt lat="46.1848690" lon="7.6246580">
    <ele>2397.4</ele>
   </trkpt>
   <trkpt lat="46.1848300" lon="7.6246690">
    <ele>2397.3</ele>
   </trkpt>
   <trkpt lat="46.1847920" lon="7.6246920">
    <ele>2397.2</ele>
   </trkpt>
   <trkpt lat="46.1847550" lon="7.6247150">
    <ele>2397.0</ele>
   </trkpt>
   <trkpt lat="46.1847180" lon="7.6247480">
    <ele>2396.8</ele>
   </trkpt>
   <trkpt lat="46.1846820" lon="7.6247800">
    <ele>2396.6</ele>
   </trkpt>
   <trkpt lat="46.1846450" lon="7.6248100">
    <ele>2396.4</ele>
   </trkpt>
   <trkpt lat="46.1846080" lon="7.6248400">
    <ele>2396.2</ele>
   </trkpt>
   <trkpt lat="46.1845720" lon="7.6248640">
    <ele>2396.1</ele>
   </trkpt>
   <trkpt lat="46.1845350" lon="7.6248890">
    <ele>2396.0</ele>
   </trkpt>
   <trkpt lat="46.1845000" lon="7.6249170">
    <ele>2395.9</ele>
   </trkpt>
   <trkpt lat="46.1844650" lon="7.6249460">
    <ele>2395.8</ele>
   </trkpt>
   <trkpt lat="46.1844330" lon="7.6249780">
    <ele>2395.8</ele>
   </trkpt>
   <trkpt lat="46.1844010" lon="7.6250100">
    <ele>2395.7</ele>
   </trkpt>
   <trkpt lat="46.1843690" lon="7.6250430">
    <ele>2395.7</ele>
   </trkpt>
   <trkpt lat="46.1843370" lon="7.6250770">
    <ele>2395.7</ele>
   </trkpt>
   <trkpt lat="46.1843030" lon="7.6251090">
    <ele>2395.7</ele>
   </trkpt>
   <trkpt lat="46.1842690" lon="7.6251420">
    <ele>2395.6</ele>
   </trkpt>
   <trkpt lat="46.1842350" lon="7.6251740">
    <ele>2395.6</ele>
   </trkpt>
   <trkpt lat="46.1842000" lon="7.6252060">
    <ele>2395.5</ele>
   </trkpt>
   <trkpt lat="46.1841670" lon="7.6252390">
    <ele>2395.4</ele>
   </trkpt>
   <trkpt lat="46.1841330" lon="7.6252730">
    <ele>2395.3</ele>
   </trkpt>
   <trkpt lat="46.1840980" lon="7.6253090">
    <ele>2395.1</ele>
   </trkpt>
   <trkpt lat="46.1840630" lon="7.6253450">
    <ele>2394.9</ele>
   </trkpt>
   <trkpt lat="46.1840270" lon="7.6253780">
    <ele>2394.8</ele>
   </trkpt>
   <trkpt lat="46.1839920" lon="7.6254110">
    <ele>2394.7</ele>
   </trkpt>
   <trkpt lat="46.1839540" lon="7.6254330">
    <ele>2394.6</ele>
   </trkpt>
   <trkpt lat="46.1839150" lon="7.6254550">
    <ele>2394.5</ele>
   </trkpt>
   <trkpt lat="46.1838730" lon="7.6254640">
    <ele>2394.5</ele>
   </trkpt>
   <trkpt lat="46.1838300" lon="7.6254730">
    <ele>2394.5</ele>
   </trkpt>
   <trkpt lat="46.1837880" lon="7.6254740">
    <ele>2394.5</ele>
   </trkpt>
   <trkpt lat="46.1837460" lon="7.6254750">
    <ele>2394.5</ele>
   </trkpt>
   <trkpt lat="46.1837070" lon="7.6254760">
    <ele>2394.4</ele>
   </trkpt>
   <trkpt lat="46.1836680" lon="7.6254780">
    <ele>2394.3</ele>
   </trkpt>
   <trkpt lat="46.1836320" lon="7.6254890">
    <ele>2394.2</ele>
   </trkpt>
   <trkpt lat="46.1835960" lon="7.6254990">
    <ele>2394.1</ele>
   </trkpt>
   <trkpt lat="46.1835590" lon="7.6255200">
    <ele>2393.9</ele>
   </trkpt>
   <trkpt lat="46.1835210" lon="7.6255400">
    <ele>2393.8</ele>
   </trkpt>
   <trkpt lat="46.1834810" lon="7.6255650">
    <ele>2393.6</ele>
   </trkpt>
   <trkpt lat="46.1834410" lon="7.6255900">
    <ele>2393.4</ele>
   </trkpt>
   <trkpt lat="46.1834020" lon="7.6256170">
    <ele>2393.2</ele>
   </trkpt>
   <trkpt lat="46.1833620" lon="7.6256430">
    <ele>2393.1</ele>
   </trkpt>
   <trkpt lat="46.1833260" lon="7.6256750">
    <ele>2393.0</ele>
   </trkpt>
   <trkpt lat="46.1832900" lon="7.6257060">
    <ele>2393.0</ele>
   </trkpt>
   <trkpt lat="46.1832550" lon="7.6257450">
    <ele>2392.9</ele>
   </trkpt>
   <trkpt lat="46.1832210" lon="7.6257840">
    <ele>2392.8</ele>
   </trkpt>
   <trkpt lat="46.1831900" lon="7.6258260">
    <ele>2392.8</ele>
   </trkpt>
   <trkpt lat="46.1831600" lon="7.6258690">
    <ele>2392.8</ele>
   </trkpt>
   <trkpt lat="46.1831300" lon="7.6259130">
    <ele>2392.7</ele>
   </trkpt>
   <trkpt lat="46.1831000" lon="7.6259580">
    <ele>2392.7</ele>
   </trkpt>
   <trkpt lat="46.1830680" lon="7.6260020">
    <ele>2392.6</ele>
   </trkpt>
   <trkpt lat="46.1830360" lon="7.6260470">
    <ele>2392.5</ele>
   </trkpt>
   <trkpt lat="46.1830050" lon="7.6260910">
    <ele>2392.5</ele>
   </trkpt>
   <trkpt lat="46.1829730" lon="7.6261350">
    <ele>2392.4</ele>
   </trkpt>
   <trkpt lat="46.1829450" lon="7.6261800">
    <ele>2392.3</ele>
   </trkpt>
   <trkpt lat="46.1829180" lon="7.6262240">
    <ele>2392.2</ele>
   </trkpt>
   <trkpt lat="46.1828930" lon="7.6262710">
    <ele>2392.1</ele>
   </trkpt>
   <trkpt lat="46.1828690" lon="7.6263180">
    <ele>2392.1</ele>
   </trkpt>
   <trkpt lat="46.1828440" lon="7.6263660">
    <ele>2391.9</ele>
   </trkpt>
   <trkpt lat="46.1828200" lon="7.6264150">
    <ele>2391.8</ele>
   </trkpt>
   <trkpt lat="46.1827940" lon="7.6264630">
    <ele>2391.6</ele>
   </trkpt>
   <trkpt lat="46.1827690" lon="7.6265110">
    <ele>2391.4</ele>
   </trkpt>
   <trkpt lat="46.1827450" lon="7.6265650">
    <ele>2391.2</ele>
   </trkpt>
   <trkpt lat="46.1827210" lon="7.6266190">
    <ele>2391.0</ele>
   </trkpt>
   <trkpt lat="46.1827030" lon="7.6266770">
    <ele>2390.8</ele>
   </trkpt>
   <trkpt lat="46.1826850" lon="7.6267340">
    <ele>2390.6</ele>
   </trkpt>
   <trkpt lat="46.1826700" lon="7.6267940">
    <ele>2390.5</ele>
   </trkpt>
   <trkpt lat="46.1826540" lon="7.6268550">
    <ele>2390.4</ele>
   </trkpt>
   <trkpt lat="46.1826390" lon="7.6269160">
    <ele>2390.3</ele>
   </trkpt>
   <trkpt lat="46.1826230" lon="7.6269770">
    <ele>2390.2</ele>
   </trkpt>
   <trkpt lat="46.1826020" lon="7.6270340">
    <ele>2390.2</ele>
   </trkpt>
   <trkpt lat="46.1825810" lon="7.6270910">
    <ele>2390.2</ele>
   </trkpt>
   <trkpt lat="46.1825560" lon="7.6271420">
    <ele>2390.2</ele>
   </trkpt>
   <trkpt lat="46.1825310" lon="7.6271940">
    <ele>2390.1</ele>
   </trkpt>
   <trkpt lat="46.1825050" lon="7.6272430">
    <ele>2390.1</ele>
   </trkpt>
   <trkpt lat="46.1824780" lon="7.6272930">
    <ele>2390.0</ele>
   </trkpt>
   <trkpt lat="46.1824500" lon="7.6273390">
    <ele>2390.0</ele>
   </trkpt>
   <trkpt lat="46.1824220" lon="7.6273850">
    <ele>2389.9</ele>
   </trkpt>
   <trkpt lat="46.1823910" lon="7.6274240">
    <ele>2389.9</ele>
   </trkpt>
   <trkpt lat="46.1823600" lon="7.6274620">
    <ele>2389.8</ele>
   </trkpt>
   <trkpt lat="46.1823280" lon="7.6274940">
    <ele>2389.8</ele>
   </trkpt>
   <trkpt lat="46.1822970" lon="7.6275270">
    <ele>2389.7</ele>
   </trkpt>
   <trkpt lat="46.1822610" lon="7.6275560">
    <ele>2389.6</ele>
   </trkpt>
   <trkpt lat="46.1822250" lon="7.6275860">
    <ele>2389.4</ele>
   </trkpt>
   <trkpt lat="46.1821870" lon="7.6276210">
    <ele>2389.3</ele>
   </trkpt>
   <trkpt lat="46.1821490" lon="7.6276560">
    <ele>2389.2</ele>
   </trkpt>
   <trkpt lat="46.1821150" lon="7.6276980">
    <ele>2389.0</ele>
   </trkpt>
   <trkpt lat="46.1820800" lon="7.6277390">
    <ele>2388.8</ele>
   </trkpt>
   <trkpt lat="46.1820510" lon="7.6277870">
    <ele>2388.6</ele>
   </trkpt>
   <trkpt lat="46.1820220" lon="7.6278340">
    <ele>2388.3</ele>
   </trkpt>
   <trkpt lat="46.1819960" lon="7.6278870">
    <ele>2388.0</ele>
   </trkpt>
   <trkpt lat="46.1819710" lon="7.6279390">
    <ele>2387.7</ele>
   </trkpt>
   <trkpt lat="46.1819480" lon="7.6279920">
    <ele>2387.5</ele>
   </trkpt>
   <trkpt lat="46.1819240" lon="7.6280450">
    <ele>2387.2</ele>
   </trkpt>
   <trkpt lat="46.1819050" lon="7.6281000">
    <ele>2387.0</ele>
   </trkpt>
   <trkpt lat="46.1818860" lon="7.6281540">
    <ele>2386.9</ele>
   </trkpt>
   <trkpt lat="46.1818730" lon="7.6282120">
    <ele>2386.7</ele>
   </trkpt>
   <trkpt lat="46.1818610" lon="7.6282690">
    <ele>2386.5</ele>
   </trkpt>
   <trkpt lat="46.1818560" lon="7.6283300">
    <ele>2386.4</ele>
   </trkpt>
   <trkpt lat="46.1818510" lon="7.6283920">
    <ele>2386.2</ele>
   </trkpt>
   <trkpt lat="46.1818550" lon="7.6284560">
    <ele>2386.0</ele>
   </trkpt>
   <trkpt lat="46.1818580" lon="7.6285190">
    <ele>2385.8</ele>
   </trkpt>
   <trkpt lat="46.1818680" lon="7.6285810">
    <ele>2385.5</ele>
   </trkpt>
   <trkpt lat="46.1818770" lon="7.6286430">
    <ele>2385.3</ele>
   </trkpt>
   <trkpt lat="46.1818870" lon="7.6287030">
    <ele>2385.1</ele>
   </trkpt>
   <trkpt lat="46.1818970" lon="7.6287630">
    <ele>2384.8</ele>
   </trkpt>
   <trkpt lat="46.1819050" lon="7.6288200">
    <ele>2384.6</ele>
   </trkpt>
   <trkpt lat="46.1819130" lon="7.6288780">
    <ele>2384.3</ele>
   </trkpt>
   <trkpt lat="46.1819170" lon="7.6289370">
    <ele>2384.1</ele>
   </trkpt>
   <trkpt lat="46.1819210" lon="7.6289950">
    <ele>2383.8</ele>
   </trkpt>
   <trkpt lat="46.1819170" lon="7.6290580">
    <ele>2383.6</ele>
   </trkpt>
   <trkpt lat="46.1819120" lon="7.6291200">
    <ele>2383.3</ele>
   </trkpt>
   <trkpt lat="46.1818990" lon="7.6291850">
    <ele>2383.0</ele>
   </trkpt>
   <trkpt lat="46.1818870" lon="7.6292500">
    <ele>2382.7</ele>
   </trkpt>
   <trkpt lat="46.1818710" lon="7.6293170">
    <ele>2382.4</ele>
   </trkpt>
   <trkpt lat="46.1818560" lon="7.6293830">
    <ele>2382.0</ele>
   </trkpt>
   <trkpt lat="46.1818370" lon="7.6294470">
    <ele>2381.7</ele>
   </trkpt>
   <trkpt lat="46.1818180" lon="7.6295110">
    <ele>2381.4</ele>
   </trkpt>
   <trkpt lat="46.1817970" lon="7.6295720">
    <ele>2381.2</ele>
   </trkpt>
   <trkpt lat="46.1817760" lon="7.6296330">
    <ele>2380.9</ele>
   </trkpt>
   <trkpt lat="46.1817540" lon="7.6296880">
    <ele>2380.7</ele>
   </trkpt>
   <trkpt lat="46.1817310" lon="7.6297430">
    <ele>2380.5</ele>
   </trkpt>
   <trkpt lat="46.1817060" lon="7.6297950">
    <ele>2380.3</ele>
   </trkpt>
   <trkpt lat="46.1816810" lon="7.6298470">
    <ele>2380.1</ele>
   </trkpt>
   <trkpt lat="46.1816530" lon="7.6298980">
    <ele>2379.8</ele>
   </trkpt>
   <trkpt lat="46.1816260" lon="7.6299500">
    <ele>2379.5</ele>
   </trkpt>
   <trkpt lat="46.1815980" lon="7.6300020">
    <ele>2379.3</ele>
   </trkpt>
   <trkpt lat="46.1815700" lon="7.6300540">
    <ele>2379.0</ele>
   </trkpt>
   <trkpt lat="46.1815460" lon="7.6301080">
    <ele>2378.8</ele>
   </trkpt>
   <trkpt lat="46.1815220" lon="7.6301620">
    <ele>2378.6</ele>
   </trkpt>
   <trkpt lat="46.1815060" lon="7.6302160">
    <ele>2378.5</ele>
   </trkpt>
   <trkpt lat="46.1814900" lon="7.6302700">
    <ele>2378.4</ele>
   </trkpt>
   <trkpt lat="46.1814800" lon="7.6303260">
    <ele>2378.3</ele>
   </trkpt>
   <trkpt lat="46.1814700" lon="7.6303830">
    <ele>2378.2</ele>
   </trkpt>
   <trkpt lat="46.1814650" lon="7.6304430">
    <ele>2378.2</ele>
   </trkpt>
   <trkpt lat="46.1814600" lon="7.6305040">
    <ele>2378.1</ele>
   </trkpt>
   <trkpt lat="46.1814530" lon="7.6305650">
    <ele>2377.9</ele>
   </trkpt>
   <trkpt lat="46.1814460" lon="7.6306260">
    <ele>2377.8</ele>
   </trkpt>
   <trkpt lat="46.1814310" lon="7.6306820">
    <ele>2377.6</ele>
   </trkpt>
   <trkpt lat="46.1814160" lon="7.6307380">
    <ele>2377.4</ele>
   </trkpt>
   <trkpt lat="46.1813900" lon="7.6307890">
    <ele>2377.2</ele>
   </trkpt>
   <trkpt lat="46.1813650" lon="7.6308410">
    <ele>2376.9</ele>
   </trkpt>
   <trkpt lat="46.1813350" lon="7.6308880">
    <ele>2376.7</ele>
   </trkpt>
   <trkpt lat="46.1813060" lon="7.6309350">
    <ele>2376.4</ele>
   </trkpt>
   <trkpt lat="46.1812710" lon="7.6309770">
    <ele>2376.1</ele>
   </trkpt>
   <trkpt lat="46.1812360" lon="7.6310200">
    <ele>2375.7</ele>
   </trkpt>
   <trkpt lat="46.1812010" lon="7.6310630">
    <ele>2375.4</ele>
   </trkpt>
   <trkpt lat="46.1811670" lon="7.6311060">
    <ele>2375.1</ele>
   </trkpt>
   <trkpt lat="46.1811380" lon="7.6311550">
    <ele>2374.8</ele>
   </trkpt>
   <trkpt lat="46.1811090" lon="7.6312050">
    <ele>2374.6</ele>
   </trkpt>
   <trkpt lat="46.1810840" lon="7.6312540">
    <ele>2374.4</ele>
   </trkpt>
   <trkpt lat="46.1810580" lon="7.6313030">
    <ele>2374.3</ele>
   </trkpt>
   <trkpt lat="46.1810310" lon="7.6313510">
    <ele>2374.1</ele>
   </trkpt>
   <trkpt lat="46.1810040" lon="7.6313990">
    <ele>2374.0</ele>
   </trkpt>
   <trkpt lat="46.1809780" lon="7.6314500">
    <ele>2373.9</ele>
   </trkpt>
   <trkpt lat="46.1809520" lon="7.6315000">
    <ele>2373.7</ele>
   </trkpt>
   <trkpt lat="46.1809250" lon="7.6315530">
    <ele>2373.6</ele>
   </trkpt>
   <trkpt lat="46.1808980" lon="7.6316050">
    <ele>2373.4</ele>
   </trkpt>
   <trkpt lat="46.1808740" lon="7.6316600">
    <ele>2373.2</ele>
   </trkpt>
   <trkpt lat="46.1808510" lon="7.6317140">
    <ele>2373.0</ele>
   </trkpt>
   <trkpt lat="46.1808300" lon="7.6317720">
    <ele>2372.8</ele>
   </trkpt>
   <trkpt lat="46.1808090" lon="7.6318290">
    <ele>2372.6</ele>
   </trkpt>
   <trkpt lat="46.1807910" lon="7.6318870">
    <ele>2372.4</ele>
   </trkpt>
   <trkpt lat="46.1807730" lon="7.6319440">
    <ele>2372.2</ele>
   </trkpt>
   <trkpt lat="46.1807580" lon="7.6320010">
    <ele>2372.1</ele>
   </trkpt>
   <trkpt lat="46.1807430" lon="7.6320590">
    <ele>2371.9</ele>
   </trkpt>
   <trkpt lat="46.1807330" lon="7.6321170">
    <ele>2371.7</ele>
   </trkpt>
   <trkpt lat="46.1807220" lon="7.6321760">
    <ele>2371.5</ele>
   </trkpt>
   <trkpt lat="46.1807130" lon="7.6322370">
    <ele>2371.3</ele>
   </trkpt>
   <trkpt lat="46.1807040" lon="7.6322970">
    <ele>2371.1</ele>
   </trkpt>
   <trkpt lat="46.1806910" lon="7.6323570">
    <ele>2370.9</ele>
   </trkpt>
   <trkpt lat="46.1806790" lon="7.6324170">
    <ele>2370.7</ele>
   </trkpt>
   <trkpt lat="46.1806640" lon="7.6324740">
    <ele>2370.5</ele>
   </trkpt>
   <trkpt lat="46.1806490" lon="7.6325310">
    <ele>2370.3</ele>
   </trkpt>
   <trkpt lat="46.1806390" lon="7.6325880">
    <ele>2370.0</ele>
   </trkpt>
   <trkpt lat="46.1806290" lon="7.6326440">
    <ele>2369.8</ele>
   </trkpt>
   <trkpt lat="46.1806320" lon="7.6327000">
    <ele>2369.6</ele>
   </trkpt>
   <trkpt lat="46.1806350" lon="7.6327550">
    <ele>2369.5</ele>
   </trkpt>
   <trkpt lat="46.1806440" lon="7.6328070">
    <ele>2369.3</ele>
   </trkpt>
   <trkpt lat="46.1806520" lon="7.6328590">
    <ele>2369.1</ele>
   </trkpt>
   <trkpt lat="46.1806580" lon="7.6329100">
    <ele>2369.0</ele>
   </trkpt>
   <trkpt lat="46.1806640" lon="7.6329600">
    <ele>2368.9</ele>
   </trkpt>
   <trkpt lat="46.1806660" lon="7.6330090">
    <ele>2368.7</ele>
   </trkpt>
   <trkpt lat="46.1806680" lon="7.6330590">
    <ele>2368.6</ele>
   </trkpt>
   <trkpt lat="46.1806590" lon="7.6331040">
    <ele>2368.5</ele>
   </trkpt>
   <trkpt lat="46.1806510" lon="7.6331490">
    <ele>2368.4</ele>
   </trkpt>
   <trkpt lat="46.1806320" lon="7.6331890">
    <ele>2368.3</ele>
   </trkpt>
   <trkpt lat="46.1806140" lon="7.6332280">
    <ele>2368.2</ele>
   </trkpt>
   <trkpt lat="46.1805910" lon="7.6332670">
    <ele>2368.2</ele>
   </trkpt>
   <trkpt lat="46.1805670" lon="7.6333060">
    <ele>2368.1</ele>
   </trkpt>
   <trkpt lat="46.1805510" lon="7.6333510">
    <ele>2368.1</ele>
   </trkpt>
   <trkpt lat="46.1805350" lon="7.6333960">
    <ele>2368.0</ele>
   </trkpt>
   <trkpt lat="46.1805310" lon="7.6334490">
    <ele>2367.8</ele>
   </trkpt>
   <trkpt lat="46.1805270" lon="7.6335030">
    <ele>2367.7</ele>
   </trkpt>
   <trkpt lat="46.1805320" lon="7.6335580">
    <ele>2367.5</ele>
   </trkpt>
   <trkpt lat="46.1805370" lon="7.6336140">
    <ele>2367.3</ele>
   </trkpt>
   <trkpt lat="46.1805410" lon="7.6336650">
    <ele>2367.1</ele>
   </trkpt>
   <trkpt lat="46.1805460" lon="7.6337160">
    <ele>2366.9</ele>
   </trkpt>
   <trkpt lat="46.1805460" lon="7.6337670">
    <ele>2366.7</ele>
   </trkpt>
   <trkpt lat="46.1805470" lon="7.6338180">
    <ele>2366.5</ele>
   </trkpt>
   <trkpt lat="46.1805420" lon="7.6338690">
    <ele>2366.3</ele>
   </trkpt>
   <trkpt lat="46.1805370" lon="7.6339210">
    <ele>2366.0</ele>
   </trkpt>
   <trkpt lat="46.1805290" lon="7.6339740">
    <ele>2365.8</ele>
   </trkpt>
   <trkpt lat="46.1805210" lon="7.6340280">
    <ele>2365.6</ele>
   </trkpt>
   <trkpt lat="46.1805140" lon="7.6340840">
    <ele>2365.3</ele>
   </trkpt>
   <trkpt lat="46.1805070" lon="7.6341390">
    <ele>2365.1</ele>
   </trkpt>
   <trkpt lat="46.1805010" lon="7.6341960">
    <ele>2364.9</ele>
   </trkpt>
   <trkpt lat="46.1804950" lon="7.6342530">
    <ele>2364.6</ele>
   </trkpt>
   <trkpt lat="46.1804900" lon="7.6343100">
    <ele>2364.4</ele>
   </trkpt>
   <trkpt lat="46.1804840" lon="7.6343670">
    <ele>2364.1</ele>
   </trkpt>
   <trkpt lat="46.1804800" lon="7.6344190">
    <ele>2363.9</ele>
   </trkpt>
   <trkpt lat="46.1804760" lon="7.6344710">
    <ele>2363.6</ele>
   </trkpt>
   <trkpt lat="46.1804760" lon="7.6345200">
    <ele>2363.4</ele>
   </trkpt>
   <trkpt lat="46.1804770" lon="7.6345700">
    <ele>2363.2</ele>
   </trkpt>
   <trkpt lat="46.1804790" lon="7.6346220">
    <ele>2363.0</ele>
   </trkpt>
   <trkpt lat="46.1804820" lon="7.6346750">
    <ele>2362.8</ele>
   </trkpt>
   <trkpt lat="46.1804840" lon="7.6347280">
    <ele>2362.5</ele>
   </trkpt>
   <trkpt lat="46.1804870" lon="7.6347820">
    <ele>2362.3</ele>
   </trkpt>
   <trkpt lat="46.1804910" lon="7.6348390">
    <ele>2361.9</ele>
   </trkpt>
   <trkpt lat="46.1804950" lon="7.6348960">
    <ele>2361.4</ele>
   </trkpt>
   <trkpt lat="46.1805050" lon="7.6349560">
    <ele>2360.8</ele>
   </trkpt>
   <trkpt lat="46.1805140" lon="7.6350160">
    <ele>2360.2</ele>
   </trkpt>
   <trkpt lat="46.1805290" lon="7.6350720">
    <ele>2359.4</ele>
   </trkpt>
   <trkpt lat="46.1805440" lon="7.6351280">
    <ele>2358.7</ele>
   </trkpt>
   <trkpt lat="46.1805590" lon="7.6351820">
    <ele>2358.0</ele>
   </trkpt>
   <trkpt lat="46.1805740" lon="7.6352370">
    <ele>2357.4</ele>
   </trkpt>
   <trkpt lat="46.1805900" lon="7.6352950">
    <ele>2356.8</ele>
   </trkpt>
   <trkpt lat="46.1806050" lon="7.6353530">
    <ele>2356.2</ele>
   </trkpt>
   <trkpt lat="46.1806190" lon="7.6354050">
    <ele>2355.7</ele>
   </trkpt>
   <trkpt lat="46.1806340" lon="7.6354570">
    <ele>2355.3</ele>
   </trkpt>
   <trkpt lat="46.1806440" lon="7.6355010">
    <ele>2354.9</ele>
   </trkpt>
   <trkpt lat="46.1806550" lon="7.6355450">
    <ele>2354.6</ele>
   </trkpt>
   <trkpt lat="46.1806520" lon="7.6355780">
    <ele>2354.4</ele>
   </trkpt>
   <trkpt lat="46.1806500" lon="7.6356120">
    <ele>2354.1</ele>
   </trkpt>
   <trkpt lat="46.1806310" lon="7.6356420">
    <ele>2354.1</ele>
   </trkpt>
   <trkpt lat="46.1806120" lon="7.6356720">
    <ele>2354.1</ele>
   </trkpt>
   <trkpt lat="46.1805790" lon="7.6357020">
    <ele>2353.9</ele>
   </trkpt>
   <trkpt lat="46.1805460" lon="7.6357320">
    <ele>2353.6</ele>
   </trkpt>
   <trkpt lat="46.1805050" lon="7.6357610">
    <ele>2353.4</ele>
   </trkpt>
   <trkpt lat="46.1804650" lon="7.6357900">
    <ele>2353.1</ele>
   </trkpt>
   <trkpt lat="46.1804240" lon="7.6358170">
    <ele>2352.9</ele>
   </trkpt>
   <trkpt lat="46.1803820" lon="7.6358450">
    <ele>2352.7</ele>
   </trkpt>
   <trkpt lat="46.1803420" lon="7.6358660">
    <ele>2352.6</ele>
   </trkpt>
   <trkpt lat="46.1803010" lon="7.6358870">
    <ele>2352.4</ele>
   </trkpt>
   <trkpt lat="46.1802620" lon="7.6359030">
    <ele>2352.3</ele>
   </trkpt>
   <trkpt lat="46.1802230" lon="7.6359200">
    <ele>2352.2</ele>
   </trkpt>
   <trkpt lat="46.1801830" lon="7.6359360">
    <ele>2352.1</ele>
   </trkpt>
   <trkpt lat="46.1801420" lon="7.6359530">
    <ele>2352.0</ele>
   </trkpt>
   <trkpt lat="46.1801000" lon="7.6359760">
    <ele>2351.8</ele>
   </trkpt>
   <trkpt lat="46.1800580" lon="7.6360000">
    <ele>2351.6</ele>
   </trkpt>
   <trkpt lat="46.1800150" lon="7.6360310">
    <ele>2351.5</ele>
   </trkpt>
   <trkpt lat="46.1799730" lon="7.6360630">
    <ele>2351.3</ele>
   </trkpt>
   <trkpt lat="46.1799290" lon="7.6360940">
    <ele>2351.1</ele>
   </trkpt>
   <trkpt lat="46.1798850" lon="7.6361250">
    <ele>2350.9</ele>
   </trkpt>
   <trkpt lat="46.1798410" lon="7.6361530">
    <ele>2350.8</ele>
   </trkpt>
   <trkpt lat="46.1797980" lon="7.6361810">
    <ele>2350.6</ele>
   </trkpt>
   <trkpt lat="46.1797560" lon="7.6362110">
    <ele>2350.4</ele>
   </trkpt>
   <trkpt lat="46.1797140" lon="7.6362410">
    <ele>2350.2</ele>
   </trkpt>
   <trkpt lat="46.1796750" lon="7.6362770">
    <ele>2350.0</ele>
   </trkpt>
   <trkpt lat="46.1796350" lon="7.6363140">
    <ele>2349.7</ele>
   </trkpt>
   <trkpt lat="46.1795950" lon="7.6363460">
    <ele>2349.4</ele>
   </trkpt>
   <trkpt lat="46.1795550" lon="7.6363780">
    <ele>2349.2</ele>
   </trkpt>
   <trkpt lat="46.1795130" lon="7.6363910">
    <ele>2349.1</ele>
   </trkpt>
   <trkpt lat="46.1794710" lon="7.6364050">
    <ele>2349.1</ele>
   </trkpt>
   <trkpt lat="46.1794310" lon="7.6363940">
    <ele>2349.1</ele>
   </trkpt>
   <trkpt lat="46.1793900" lon="7.6363820">
    <ele>2349.1</ele>
   </trkpt>
   <trkpt lat="46.1793520" lon="7.6363580">
    <ele>2349.1</ele>
   </trkpt>
   <trkpt lat="46.1793140" lon="7.6363330">
    <ele>2349.1</ele>
   </trkpt>
   <trkpt lat="46.1792790" lon="7.6363060">
    <ele>2349.1</ele>
   </trkpt>
   <trkpt lat="46.1792450" lon="7.6362780">
    <ele>2349.1</ele>
   </trkpt>
   <trkpt lat="46.1792100" lon="7.6362570">
    <ele>2349.1</ele>
   </trkpt>
   <trkpt lat="46.1791750" lon="7.6362350">
    <ele>2349.0</ele>
   </trkpt>
   <trkpt lat="46.1791370" lon="7.6362290">
    <ele>2348.8</ele>
   </trkpt>
   <trkpt lat="46.1790990" lon="7.6362220">
    <ele>2348.5</ele>
   </trkpt>
   <trkpt lat="46.1790610" lon="7.6362150">
    <ele>2348.1</ele>
   </trkpt>
   <trkpt lat="46.1790180" lon="7.6362090">
    <ele>2347.7</ele>
   </trkpt>
   <trkpt lat="46.1789760" lon="7.6362040">
    <ele>2347.2</ele>
   </trkpt>
   <trkpt lat="46.1789300" lon="7.6361940">
    <ele>2346.6</ele>
   </trkpt>
   <trkpt lat="46.1788850" lon="7.6361840">
    <ele>2346.0</ele>
   </trkpt>
   <trkpt lat="46.1788370" lon="7.6361790">
    <ele>2345.3</ele>
   </trkpt>
   <trkpt lat="46.1787890" lon="7.6361740">
    <ele>2344.6</ele>
   </trkpt>
   <trkpt lat="46.1787480" lon="7.6361850">
    <ele>2344.0</ele>
   </trkpt>
   <trkpt lat="46.1787060" lon="7.6361970">
    <ele>2343.5</ele>
   </trkpt>
   <trkpt lat="46.1786770" lon="7.6362310">
    <ele>2343.1</ele>
   </trkpt>
   <trkpt lat="46.1786490" lon="7.6362650">
    <ele>2342.7</ele>
   </trkpt>
   <trkpt lat="46.1786280" lon="7.6363160">
    <ele>2342.2</ele>
   </trkpt>
   <trkpt lat="46.1786080" lon="7.6363670">
    <ele>2341.6</ele>
   </trkpt>
   <trkpt lat="46.1785840" lon="7.6364180">
    <ele>2340.9</ele>
   </trkpt>
   <trkpt lat="46.1785610" lon="7.6364690">
    <ele>2340.1</ele>
   </trkpt>
   <trkpt lat="46.1785290" lon="7.6365060">
    <ele>2339.3</ele>
   </trkpt>
   <trkpt lat="46.1784970" lon="7.6365420">
    <ele>2338.5</ele>
   </trkpt>
   <trkpt lat="46.1784610" lon="7.6365730">
    <ele>2337.6</ele>
   </trkpt>
   <trkpt lat="46.1784260" lon="7.6366050">
    <ele>2336.7</ele>
   </trkpt>
   <trkpt lat="46.1783940" lon="7.6366420">
    <ele>2335.9</ele>
   </trkpt>
   <trkpt lat="46.1783630" lon="7.6366780">
    <ele>2335.0</ele>
   </trkpt>
   <trkpt lat="46.1783350" lon="7.6367250">
    <ele>2334.2</ele>
   </trkpt>
   <trkpt lat="46.1783070" lon="7.6367710">
    <ele>2333.4</ele>
   </trkpt>
   <trkpt lat="46.1782820" lon="7.6368240">
    <ele>2332.6</ele>
   </trkpt>
   <trkpt lat="46.1782570" lon="7.6368780">
    <ele>2331.8</ele>
   </trkpt>
   <trkpt lat="46.1782290" lon="7.6369190">
    <ele>2331.2</ele>
   </trkpt>
   <trkpt lat="46.1782010" lon="7.6369600">
    <ele>2330.6</ele>
   </trkpt>
   <trkpt lat="46.1781670" lon="7.6369760">
    <ele>2330.0</ele>
   </trkpt>
   <trkpt lat="46.1781340" lon="7.6369920">
    <ele>2329.3</ele>
   </trkpt>
   <trkpt lat="46.1780960" lon="7.6369830">
    <ele>2329.3</ele>
   </trkpt>
   <trkpt lat="46.1780570" lon="7.6369740">
    <ele>2329.3</ele>
   </trkpt>
   <trkpt lat="46.1780210" lon="7.6369410">
    <ele>2329.3</ele>
   </trkpt>
   <trkpt lat="46.1779850" lon="7.6369090">
    <ele>2329.2</ele>
   </trkpt>
   <trkpt lat="46.1779520" lon="7.6368620">
    <ele>2329.2</ele>
   </trkpt>
   <trkpt lat="46.1779200" lon="7.6368140">
    <ele>2329.3</ele>
   </trkpt>
   <trkpt lat="46.1778850" lon="7.6367660">
    <ele>2329.4</ele>
   </trkpt>
   <trkpt lat="46.1778510" lon="7.6367180">
    <ele>2329.5</ele>
   </trkpt>
   <trkpt lat="46.1778140" lon="7.6366740">
    <ele>2329.6</ele>
   </trkpt>
   <trkpt lat="46.1777770" lon="7.6366310">
    <ele>2329.7</ele>
   </trkpt>
   <trkpt lat="46.1777420" lon="7.6365860">
    <ele>2329.8</ele>
   </trkpt>
   <trkpt lat="46.1777080" lon="7.6365410">
    <ele>2330.0</ele>
   </trkpt>
   <trkpt lat="46.1776810" lon="7.6364910">
    <ele>2330.1</ele>
   </trkpt>
   <trkpt lat="46.1776540" lon="7.6364420">
    <ele>2330.2</ele>
   </trkpt>
   <trkpt lat="46.1776340" lon="7.6363880">
    <ele>2330.3</ele>
   </trkpt>
   <trkpt lat="46.1776140" lon="7.6363350">
    <ele>2330.4</ele>
   </trkpt>
   <trkpt lat="46.1775900" lon="7.6362780">
    <ele>2330.6</ele>
   </trkpt>
   <trkpt lat="46.1775660" lon="7.6362210">
    <ele>2330.7</ele>
   </trkpt>
   <trkpt lat="46.1775400" lon="7.6361680">
    <ele>2330.8</ele>
   </trkpt>
   <trkpt lat="46.1775130" lon="7.6361160">
    <ele>2330.8</ele>
   </trkpt>
   <trkpt lat="46.1774870" lon="7.6360740">
    <ele>2330.7</ele>
   </trkpt>
   <trkpt lat="46.1774620" lon="7.6360320">
    <ele>2330.7</ele>
   </trkpt>
   <trkpt lat="46.1774340" lon="7.6359940">
    <ele>2330.6</ele>
   </trkpt>
   <trkpt lat="46.1774070" lon="7.6359560">
    <ele>2330.5</ele>
   </trkpt>
   <trkpt lat="46.1773770" lon="7.6359180">
    <ele>2330.5</ele>
   </trkpt>
   <trkpt lat="46.1773480" lon="7.6358810">
    <ele>2330.4</ele>
   </trkpt>
   <trkpt lat="46.1773160" lon="7.6358490">
    <ele>2330.3</ele>
   </trkpt>
   <trkpt lat="46.1772850" lon="7.6358180">
    <ele>2330.3</ele>
   </trkpt>
   <trkpt lat="46.1772500" lon="7.6357980">
    <ele>2330.2</ele>
   </trkpt>
   <trkpt lat="46.1772160" lon="7.6357780">
    <ele>2330.2</ele>
   </trkpt>
   <trkpt lat="46.1771770" lon="7.6357710">
    <ele>2330.3</ele>
   </trkpt>
   <trkpt lat="46.1771390" lon="7.6357640">
    <ele>2330.3</ele>
   </trkpt>
   <trkpt lat="46.1770970" lon="7.6357700">
    <ele>2330.3</ele>
   </trkpt>
   <trkpt lat="46.1770550" lon="7.6357770">
    <ele>2330.4</ele>
   </trkpt>
   <trkpt lat="46.1770080" lon="7.6357900">
    <ele>2330.5</ele>
   </trkpt>
   <trkpt lat="46.1769620" lon="7.6358030">
    <ele>2330.6</ele>
   </trkpt>
   <trkpt lat="46.1769150" lon="7.6358180">
    <ele>2330.7</ele>
   </trkpt>
   <trkpt lat="46.1768670" lon="7.6358320">
    <ele>2330.7</ele>
   </trkpt>
   <trkpt lat="46.1768190" lon="7.6358410">
    <ele>2330.7</ele>
   </trkpt>
   <trkpt lat="46.1767720" lon="7.6358490">
    <ele>2330.6</ele>
   </trkpt>
   <trkpt lat="46.1767280" lon="7.6358460">
    <ele>2330.5</ele>
   </trkpt>
   <trkpt lat="46.1766830" lon="7.6358430">
    <ele>2330.4</ele>
   </trkpt>
   <trkpt lat="46.1766420" lon="7.6358250">
    <ele>2330.2</ele>
   </trkpt>
   <trkpt lat="46.1766020" lon="7.6358070">
    <ele>2329.9</ele>
   </trkpt>
   <trkpt lat="46.1765610" lon="7.6357840">
    <ele>2329.7</ele>
   </trkpt>
   <trkpt lat="46.1765210" lon="7.6357620">
    <ele>2329.3</ele>
   </trkpt>
   <trkpt lat="46.1764760" lon="7.6357430">
    <ele>2329.0</ele>
   </trkpt>
   <trkpt lat="46.1764310" lon="7.6357240">
    <ele>2328.6</ele>
   </trkpt>
   <trkpt lat="46.1763800" lon="7.6357010">
    <ele>2328.3</ele>
   </trkpt>
   <trkpt lat="46.1763280" lon="7.6356790">
    <ele>2328.1</ele>
   </trkpt>
   <trkpt lat="46.1762800" lon="7.6356470">
    <ele>2327.9</ele>
   </trkpt>
   <trkpt lat="46.1762330" lon="7.6356140">
    <ele>2327.7</ele>
   </trkpt>
   <trkpt lat="46.1761960" lon="7.6355720">
    <ele>2327.6</ele>
   </trkpt>
   <trkpt lat="46.1761580" lon="7.6355290">
    <ele>2327.4</ele>
   </trkpt>
   <trkpt lat="46.1761270" lon="7.6354790">
    <ele>2327.1</ele>
   </trkpt>
   <trkpt lat="46.1760960" lon="7.6354290">
    <ele>2326.8</ele>
   </trkpt>
   <trkpt lat="46.1760680" lon="7.6353750">
    <ele>2326.4</ele>
   </trkpt>
   <trkpt lat="46.1760390" lon="7.6353210">
    <ele>2326.1</ele>
   </trkpt>
   <trkpt lat="46.1760110" lon="7.6352640">
    <ele>2325.7</ele>
   </trkpt>
   <trkpt lat="46.1759820" lon="7.6352060">
    <ele>2325.3</ele>
   </trkpt>
   <trkpt lat="46.1759540" lon="7.6351550">
    <ele>2325.0</ele>
   </trkpt>
   <trkpt lat="46.1759250" lon="7.6351040">
    <ele>2324.7</ele>
   </trkpt>
   <trkpt lat="46.1758950" lon="7.6350570">
    <ele>2324.3</ele>
   </trkpt>
   <trkpt lat="46.1758640" lon="7.6350100">
    <ele>2324.0</ele>
   </trkpt>
   <trkpt lat="46.1758370" lon="7.6349620">
    <ele>2323.7</ele>
   </trkpt>
   <trkpt lat="46.1758090" lon="7.6349150">
    <ele>2323.3</ele>
   </trkpt>
   <trkpt lat="46.1757850" lon="7.6348650">
    <ele>2323.0</ele>
   </trkpt>
   <trkpt lat="46.1757610" lon="7.6348150">
    <ele>2322.6</ele>
   </trkpt>
   <trkpt lat="46.1757380" lon="7.6347640">
    <ele>2322.3</ele>
   </trkpt>
   <trkpt lat="46.1757150" lon="7.6347140">
    <ele>2322.0</ele>
   </trkpt>
   <trkpt lat="46.1756900" lon="7.6346600">
    <ele>2321.6</ele>
   </trkpt>
   <trkpt lat="46.1756650" lon="7.6346050">
    <ele>2321.2</ele>
   </trkpt>
   <trkpt lat="46.1756400" lon="7.6345470">
    <ele>2320.9</ele>
   </trkpt>
   <trkpt lat="46.1756150" lon="7.6344890">
    <ele>2320.5</ele>
   </trkpt>
   <trkpt lat="46.1755910" lon="7.6344300">
    <ele>2320.2</ele>
   </trkpt>
   <trkpt lat="46.1755670" lon="7.6343720">
    <ele>2319.8</ele>
   </trkpt>
   <trkpt lat="46.1755420" lon="7.6343130">
    <ele>2319.4</ele>
   </trkpt>
   <trkpt lat="46.1755160" lon="7.6342550">
    <ele>2319.0</ele>
   </trkpt>
   <trkpt lat="46.1754910" lon="7.6341960">
    <ele>2318.6</ele>
   </trkpt>
   <trkpt lat="46.1754660" lon="7.6341380">
    <ele>2318.2</ele>
   </trkpt>
   <trkpt lat="46.1754450" lon="7.6340770">
    <ele>2317.9</ele>
   </trkpt>
   <trkpt lat="46.1754230" lon="7.6340170">
    <ele>2317.5</ele>
   </trkpt>
   <trkpt lat="46.1754050" lon="7.6339570">
    <ele>2317.1</ele>
   </trkpt>
   <trkpt lat="46.1753870" lon="7.6338970">
    <ele>2316.7</ele>
   </trkpt>
   <trkpt lat="46.1753700" lon="7.6338390">
    <ele>2316.4</ele>
   </trkpt>
   <trkpt lat="46.1753520" lon="7.6337810">
    <ele>2316.0</ele>
   </trkpt>
   <trkpt lat="46.1753330" lon="7.6337260">
    <ele>2315.7</ele>
   </trkpt>
   <trkpt lat="46.1753130" lon="7.6336720">
    <ele>2315.4</ele>
   </trkpt>
   <trkpt lat="46.1752910" lon="7.6336200">
    <ele>2315.1</ele>
   </trkpt>
   <trkpt lat="46.1752690" lon="7.6335680">
    <ele>2314.9</ele>
   </trkpt>
   <trkpt lat="46.1752470" lon="7.6335170">
    <ele>2314.6</ele>
   </trkpt>
   <trkpt lat="46.1752260" lon="7.6334650">
    <ele>2314.4</ele>
   </trkpt>
   <trkpt lat="46.1752090" lon="7.6334100">
    <ele>2314.1</ele>
   </trkpt>
   <trkpt lat="46.1751930" lon="7.6333540">
    <ele>2313.9</ele>
   </trkpt>
   <trkpt lat="46.1751790" lon="7.6332960">
    <ele>2313.5</ele>
   </trkpt>
   <trkpt lat="46.1751650" lon="7.6332370">
    <ele>2313.2</ele>
   </trkpt>
   <trkpt lat="46.1751490" lon="7.6331800">
    <ele>2312.8</ele>
   </trkpt>
   <trkpt lat="46.1751340" lon="7.6331220">
    <ele>2312.3</ele>
   </trkpt>
   <trkpt lat="46.1751150" lon="7.6330670">
    <ele>2311.7</ele>
   </trkpt>
   <trkpt lat="46.1750960" lon="7.6330120">
    <ele>2311.1</ele>
   </trkpt>
   <trkpt lat="46.1750730" lon="7.6329590">
    <ele>2310.4</ele>
   </trkpt>
   <trkpt lat="46.1750500" lon="7.6329060">
    <ele>2309.7</ele>
   </trkpt>
   <trkpt lat="46.1750240" lon="7.6328520">
    <ele>2309.0</ele>
   </trkpt>
   <trkpt lat="46.1749970" lon="7.6327970">
    <ele>2308.3</ele>
   </trkpt>
   <trkpt lat="46.1749700" lon="7.6327420">
    <ele>2307.7</ele>
   </trkpt>
   <trkpt lat="46.1749430" lon="7.6326870">
    <ele>2307.1</ele>
   </trkpt>
   <trkpt lat="46.1749180" lon="7.6326310">
    <ele>2306.6</ele>
   </trkpt>
   <trkpt lat="46.1748930" lon="7.6325750">
    <ele>2306.0</ele>
   </trkpt>
   <trkpt lat="46.1748710" lon="7.6325160">
    <ele>2305.5</ele>
   </trkpt>
   <trkpt lat="46.1748480" lon="7.6324560">
    <ele>2304.9</ele>
   </trkpt>
   <trkpt lat="46.1748250" lon="7.6323930">
    <ele>2304.3</ele>
   </trkpt>
   <trkpt lat="46.1748020" lon="7.6323300">
    <ele>2303.6</ele>
   </trkpt>
   <trkpt lat="46.1747780" lon="7.6322660">
    <ele>2303.0</ele>
   </trkpt>
   <trkpt lat="46.1747530" lon="7.6322020">
    <ele>2302.3</ele>
   </trkpt>
   <trkpt lat="46.1747260" lon="7.6321400">
    <ele>2301.7</ele>
   </trkpt>
   <trkpt lat="46.1746990" lon="7.6320780">
    <ele>2301.0</ele>
   </trkpt>
   <trkpt lat="46.1746660" lon="7.6320190">
    <ele>2300.4</ele>
   </trkpt>
   <trkpt lat="46.1746340" lon="7.6319590">
    <ele>2299.8</ele>
   </trkpt>
   <trkpt lat="46.1746020" lon="7.6319040">
    <ele>2299.3</ele>
   </trkpt>
   <trkpt lat="46.1745700" lon="7.6318480">
    <ele>2298.8</ele>
   </trkpt>
   <trkpt lat="46.1745390" lon="7.6317970">
    <ele>2298.5</ele>
   </trkpt>
   <trkpt lat="46.1745090" lon="7.6317460">
    <ele>2298.1</ele>
   </trkpt>
   <trkpt lat="46.1744790" lon="7.6316980">
    <ele>2297.8</ele>
   </trkpt>
   <trkpt lat="46.1744490" lon="7.6316500">
    <ele>2297.6</ele>
   </trkpt>
   <trkpt lat="46.1744200" lon="7.6316040">
    <ele>2297.3</ele>
   </trkpt>
   <trkpt lat="46.1743910" lon="7.6315570">
    <ele>2297.0</ele>
   </trkpt>
   <trkpt lat="46.1743640" lon="7.6315070">
    <ele>2296.8</ele>
   </trkpt>
   <trkpt lat="46.1743370" lon="7.6314570">
    <ele>2296.5</ele>
   </trkpt>
   <trkpt lat="46.1743100" lon="7.6314020">
    <ele>2296.2</ele>
   </trkpt>
   <trkpt lat="46.1742830" lon="7.6313470">
    <ele>2295.9</ele>
   </trkpt>
   <trkpt lat="46.1742570" lon="7.6312870">
    <ele>2295.5</ele>
   </trkpt>
   <trkpt lat="46.1742310" lon="7.6312270">
    <ele>2295.2</ele>
   </trkpt>
   <trkpt lat="46.1742090" lon="7.6311640">
    <ele>2294.8</ele>
   </trkpt>
   <trkpt lat="46.1741870" lon="7.6311010">
    <ele>2294.5</ele>
   </trkpt>
   <trkpt lat="46.1741720" lon="7.6310380">
    <ele>2294.2</ele>
   </trkpt>
   <trkpt lat="46.1741570" lon="7.6309760">
    <ele>2293.8</ele>
   </trkpt>
   <trkpt lat="46.1741420" lon="7.6309110">
    <ele>2293.4</ele>
   </trkpt>
   <trkpt lat="46.1741280" lon="7.6308460">
    <ele>2293.0</ele>
   </trkpt>
   <trkpt lat="46.1741120" lon="7.6307810">
    <ele>2292.6</ele>
   </trkpt>
   <trkpt lat="46.1740960" lon="7.6307170">
    <ele>2292.3</ele>
   </trkpt>
   <trkpt lat="46.1740770" lon="7.6306510">
    <ele>2291.9</ele>
   </trkpt>
   <trkpt lat="46.1740590" lon="7.6305850">
    <ele>2291.5</ele>
   </trkpt>
   <trkpt lat="46.1740410" lon="7.6305230">
    <ele>2291.2</ele>
   </trkpt>
   <trkpt lat="46.1740230" lon="7.6304610">
    <ele>2290.8</ele>
   </trkpt>
   <trkpt lat="46.1740050" lon="7.6304000">
    <ele>2290.3</ele>
   </trkpt>
   <trkpt lat="46.1739860" lon="7.6303400">
    <ele>2289.9</ele>
   </trkpt>
   <trkpt lat="46.1739660" lon="7.6302760">
    <ele>2289.4</ele>
   </trkpt>
   <trkpt lat="46.1739460" lon="7.6302130">
    <ele>2288.9</ele>
   </trkpt>
   <trkpt lat="46.1739230" lon="7.6301480">
    <ele>2288.3</ele>
   </trkpt>
   <trkpt lat="46.1739000" lon="7.6300830">
    <ele>2287.6</ele>
   </trkpt>
   <trkpt lat="46.1738760" lon="7.6300160">
    <ele>2287.0</ele>
   </trkpt>
   <trkpt lat="46.1738520" lon="7.6299480">
    <ele>2286.3</ele>
   </trkpt>
   <trkpt lat="46.1738270" lon="7.6298810">
    <ele>2285.6</ele>
   </trkpt>
   <trkpt lat="46.1738020" lon="7.6298140">
    <ele>2284.9</ele>
   </trkpt>
   <trkpt lat="46.1737760" lon="7.6297500">
    <ele>2284.3</ele>
   </trkpt>
   <trkpt lat="46.1737500" lon="7.6296870">
    <ele>2283.6</ele>
   </trkpt>
   <trkpt lat="46.1737220" lon="7.6296280">
    <ele>2283.0</ele>
   </trkpt>
   <trkpt lat="46.1736940" lon="7.6295690">
    <ele>2282.3</ele>
   </trkpt>
   <trkpt lat="46.1736640" lon="7.6295130">
    <ele>2281.6</ele>
   </trkpt>
   <trkpt lat="46.1736350" lon="7.6294580">
    <ele>2281.0</ele>
   </trkpt>
   <trkpt lat="46.1736070" lon="7.6294060">
    <ele>2280.4</ele>
   </trkpt>
   <trkpt lat="46.1735800" lon="7.6293540">
    <ele>2279.9</ele>
   </trkpt>
   <trkpt lat="46.1735550" lon="7.6293010">
    <ele>2279.3</ele>
   </trkpt>
   <trkpt lat="46.1735300" lon="7.6292470">
    <ele>2278.8</ele>
   </trkpt>
   <trkpt lat="46.1735120" lon="7.6291930">
    <ele>2278.4</ele>
   </trkpt>
   <trkpt lat="46.1734950" lon="7.6291390">
    <ele>2278.0</ele>
   </trkpt>
   <trkpt lat="46.1734850" lon="7.6290810">
    <ele>2277.7</ele>
   </trkpt>
   <trkpt lat="46.1734750" lon="7.6290240">
    <ele>2277.4</ele>
   </trkpt>
   <trkpt lat="46.1734720" lon="7.6289650">
    <ele>2277.2</ele>
   </trkpt>
   <trkpt lat="46.1734690" lon="7.6289060">
    <ele>2277.0</ele>
   </trkpt>
   <trkpt lat="46.1734670" lon="7.6288490">
    <ele>2276.9</ele>
   </trkpt>
   <trkpt lat="46.1734650" lon="7.6287910">
    <ele>2276.7</ele>
   </trkpt>
   <trkpt lat="46.1734660" lon="7.6287350">
    <ele>2276.5</ele>
   </trkpt>
   <trkpt lat="46.1734680" lon="7.6286790">
    <ele>2276.3</ele>
   </trkpt>
   <trkpt lat="46.1734740" lon="7.6286200">
    <ele>2276.0</ele>
   </trkpt>
   <trkpt lat="46.1734810" lon="7.6285610">
    <ele>2275.8</ele>
   </trkpt>
   <trkpt lat="46.1734930" lon="7.6285010">
    <ele>2275.5</ele>
   </trkpt>
   <trkpt lat="46.1735050" lon="7.6284420">
    <ele>2275.2</ele>
   </trkpt>
   <trkpt lat="46.1735170" lon="7.6283810">
    <ele>2274.9</ele>
   </trkpt>
   <trkpt lat="46.1735300" lon="7.6283210">
    <ele>2274.6</ele>
   </trkpt>
   <trkpt lat="46.1735370" lon="7.6282600">
    <ele>2274.3</ele>
   </trkpt>
   <trkpt lat="46.1735450" lon="7.6281980">
    <ele>2274.0</ele>
   </trkpt>
   <trkpt lat="46.1735470" lon="7.6281340">
    <ele>2273.7</ele>
   </trkpt>
   <trkpt lat="46.1735500" lon="7.6280690">
    <ele>2273.3</ele>
   </trkpt>
   <trkpt lat="46.1735520" lon="7.6280000">
    <ele>2273.0</ele>
   </trkpt>
   <trkpt lat="46.1735550" lon="7.6279300">
    <ele>2272.6</ele>
   </trkpt>
   <trkpt lat="46.1735600" lon="7.6278600">
    <ele>2272.2</ele>
   </trkpt>
   <trkpt lat="46.1735650" lon="7.6277890">
    <ele>2271.9</ele>
   </trkpt>
   <trkpt lat="46.1735720" lon="7.6277210">
    <ele>2271.5</ele>
   </trkpt>
   <trkpt lat="46.1735790" lon="7.6276530">
    <ele>2271.2</ele>
   </trkpt>
   <trkpt lat="46.1735830" lon="7.6275840">
    <ele>2270.9</ele>
   </trkpt>
   <trkpt lat="46.1735870" lon="7.6275160">
    <ele>2270.6</ele>
   </trkpt>
   <trkpt lat="46.1735890" lon="7.6274500">
    <ele>2270.4</ele>
   </trkpt>
   <trkpt lat="46.1735910" lon="7.6273840">
    <ele>2270.1</ele>
   </trkpt>
   <trkpt lat="46.1735930" lon="7.6273180">
    <ele>2269.8</ele>
   </trkpt>
   <trkpt lat="46.1735960" lon="7.6272530">
    <ele>2269.5</ele>
   </trkpt>
   <trkpt lat="46.1735940" lon="7.6271910">
    <ele>2269.0</ele>
   </trkpt>
   <trkpt lat="46.1735920" lon="7.6271290">
    <ele>2268.6</ele>
   </trkpt>
   <trkpt lat="46.1735890" lon="7.6270670">
    <ele>2268.0</ele>
   </trkpt>
   <trkpt lat="46.1735740" lon="7.6270100">
    <ele>2267.5</ele>
   </trkpt>
   <trkpt lat="46.1735580" lon="7.6269530">
    <ele>2266.9</ele>
   </trkpt>
   <trkpt lat="46.1735350" lon="7.6268980">
    <ele>2266.3</ele>
   </trkpt>
   <trkpt lat="46.1735130" lon="7.6268440">
    <ele>2265.8</ele>
   </trkpt>
   <trkpt lat="46.1734860" lon="7.6267920">
    <ele>2265.3</ele>
   </trkpt>
   <trkpt lat="46.1734600" lon="7.6267400">
    <ele>2264.9</ele>
   </trkpt>
   <trkpt lat="46.1734320" lon="7.6266950">
    <ele>2264.5</ele>
   </trkpt>
   <trkpt lat="46.1734040" lon="7.6266500">
    <ele>2264.1</ele>
   </trkpt>
   <trkpt lat="46.1733740" lon="7.6266160">
    <ele>2263.8</ele>
   </trkpt>
   <trkpt lat="46.1733450" lon="7.6265810">
    <ele>2263.4</ele>
   </trkpt>
   <trkpt lat="46.1733070" lon="7.6265640">
    <ele>2263.0</ele>
   </trkpt>
   <trkpt lat="46.1732690" lon="7.6265470">
    <ele>2262.6</ele>
   </trkpt>
   <trkpt lat="46.1732260" lon="7.6265510">
    <ele>2262.1</ele>
   </trkpt>
   <trkpt lat="46.1731830" lon="7.6265540">
    <ele>2261.7</ele>
   </trkpt>
   <trkpt lat="46.1731290" lon="7.6265710">
    <ele>2261.1</ele>
   </trkpt>
   <trkpt lat="46.1730760" lon="7.6265890">
    <ele>2260.6</ele>
   </trkpt>
   <trkpt lat="46.1730220" lon="7.6266090">
    <ele>2260.1</ele>
   </trkpt>
   <trkpt lat="46.1729690" lon="7.6266280">
    <ele>2259.5</ele>
   </trkpt>
   <trkpt lat="46.1729230" lon="7.6266400">
    <ele>2259.0</ele>
   </trkpt>
   <trkpt lat="46.1728770" lon="7.6266520">
    <ele>2258.4</ele>
   </trkpt>
   <trkpt lat="46.1728370" lon="7.6266560">
    <ele>2257.8</ele>
   </trkpt>
   <trkpt lat="46.1727970" lon="7.6266590">
    <ele>2257.2</ele>
   </trkpt>
   <trkpt lat="46.1727590" lon="7.6266540">
    <ele>2256.6</ele>
   </trkpt>
   <trkpt lat="46.1727220" lon="7.6266490">
    <ele>2256.0</ele>
   </trkpt>
   <trkpt lat="46.1726830" lon="7.6266330">
    <ele>2255.4</ele>
   </trkpt>
   <trkpt lat="46.1726440" lon="7.6266160">
    <ele>2254.8</ele>
   </trkpt>
   <trkpt lat="46.1726060" lon="7.6265870">
    <ele>2254.2</ele>
   </trkpt>
   <trkpt lat="46.1725680" lon="7.6265580">
    <ele>2253.6</ele>
   </trkpt>
   <trkpt lat="46.1725340" lon="7.6265290">
    <ele>2253.1</ele>
   </trkpt>
   <trkpt lat="46.1724990" lon="7.6265010">
    <ele>2252.6</ele>
   </trkpt>
   <trkpt lat="46.1724630" lon="7.6264820">
    <ele>2252.2</ele>
   </trkpt>
   <trkpt lat="46.1724270" lon="7.6264630">
    <ele>2251.8</ele>
   </trkpt>
   <trkpt lat="46.1723880" lon="7.6264490">
    <ele>2251.3</ele>
   </trkpt>
   <trkpt lat="46.1723500" lon="7.6264340">
    <ele>2250.9</ele>
   </trkpt>
   <trkpt lat="46.1723100" lon="7.6264200">
    <ele>2250.4</ele>
   </trkpt>
   <trkpt lat="46.1722710" lon="7.6264060">
    <ele>2249.9</ele>
   </trkpt>
   <trkpt lat="46.1722300" lon="7.6263890">
    <ele>2249.3</ele>
   </trkpt>
   <trkpt lat="46.1721890" lon="7.6263720">
    <ele>2248.7</ele>
   </trkpt>
   <trkpt lat="46.1721510" lon="7.6263470">
    <ele>2248.1</ele>
   </trkpt>
   <trkpt lat="46.1721130" lon="7.6263210">
    <ele>2247.4</ele>
   </trkpt>
   <trkpt lat="46.1720800" lon="7.6262950">
    <ele>2246.8</ele>
   </trkpt>
   <trkpt lat="46.1720460" lon="7.6262690">
    <ele>2246.2</ele>
   </trkpt>
   <trkpt lat="46.1720150" lon="7.6262630">
    <ele>2245.7</ele>
   </trkpt>
   <trkpt lat="46.1719830" lon="7.6262580">
    <ele>2245.2</ele>
   </trkpt>
   <trkpt lat="46.1719480" lon="7.6262690">
    <ele>2244.6</ele>
   </trkpt>
   <trkpt lat="46.1719130" lon="7.6262810">
    <ele>2244.1</ele>
   </trkpt>
   <trkpt lat="46.1718760" lon="7.6262990">
    <ele>2243.4</ele>
   </trkpt>
   <trkpt lat="46.1718390" lon="7.6263180">
    <ele>2242.7</ele>
   </trkpt>
   <trkpt lat="46.1718020" lon="7.6263450">
    <ele>2242.1</ele>
   </trkpt>
   <trkpt lat="46.1717650" lon="7.6263720">
    <ele>2241.4</ele>
   </trkpt>
   <trkpt lat="46.1717330" lon="7.6264150">
    <ele>2240.7</ele>
   </trkpt>
   <trkpt lat="46.1717020" lon="7.6264590">
    <ele>2240.1</ele>
   </trkpt>
   <trkpt lat="46.1716760" lon="7.6265160">
    <ele>2239.5</ele>
   </trkpt>
   <trkpt lat="46.1716500" lon="7.6265730">
    <ele>2238.9</ele>
   </trkpt>
   <trkpt lat="46.1716240" lon="7.6266230">
    <ele>2238.4</ele>
   </trkpt>
   <trkpt lat="46.1715980" lon="7.6266730">
    <ele>2238.0</ele>
   </trkpt>
   <trkpt lat="46.1715710" lon="7.6267070">
    <ele>2237.8</ele>
   </trkpt>
   <trkpt lat="46.1715450" lon="7.6267410">
    <ele>2237.6</ele>
   </trkpt>
   <trkpt lat="46.1715150" lon="7.6267650">
    <ele>2237.4</ele>
   </trkpt>
   <trkpt lat="46.1714860" lon="7.6267890">
    <ele>2237.2</ele>
   </trkpt>
   <trkpt lat="46.1714520" lon="7.6268090">
    <ele>2237.0</ele>
   </trkpt>
   <trkpt lat="46.1714180" lon="7.6268300">
    <ele>2236.7</ele>
   </trkpt>
   <trkpt lat="46.1713800" lon="7.6268490">
    <ele>2236.3</ele>
   </trkpt>
   <trkpt lat="46.1713420" lon="7.6268690">
    <ele>2235.9</ele>
   </trkpt>
   <trkpt lat="46.1713030" lon="7.6268930">
    <ele>2235.6</ele>
   </trkpt>
   <trkpt lat="46.1712640" lon="7.6269170">
    <ele>2235.2</ele>
   </trkpt>
   <trkpt lat="46.1712250" lon="7.6269440">
    <ele>2234.8</ele>
   </trkpt>
   <trkpt lat="46.1711870" lon="7.6269710">
    <ele>2234.5</ele>
   </trkpt>
   <trkpt lat="46.1711470" lon="7.6269950">
    <ele>2234.2</ele>
   </trkpt>
   <trkpt lat="46.1711080" lon="7.6270190">
    <ele>2234.0</ele>
   </trkpt>
   <trkpt lat="46.1710710" lon="7.6270430">
    <ele>2233.7</ele>
   </trkpt>
   <trkpt lat="46.1710350" lon="7.6270670">
    <ele>2233.4</ele>
   </trkpt>
   <trkpt lat="46.1710000" lon="7.6271010">
    <ele>2233.0</ele>
   </trkpt>
   <trkpt lat="46.1709650" lon="7.6271360">
    <ele>2232.7</ele>
   </trkpt>
   <trkpt lat="46.1709300" lon="7.6271760">
    <ele>2232.3</ele>
   </trkpt>
   <trkpt lat="46.1708950" lon="7.6272170">
    <ele>2232.0</ele>
   </trkpt>
   <trkpt lat="46.1708620" lon="7.6272580">
    <ele>2231.7</ele>
   </trkpt>
   <trkpt lat="46.1708280" lon="7.6272990">
    <ele>2231.3</ele>
   </trkpt>
   <trkpt lat="46.1707960" lon="7.6273370">
    <ele>2231.1</ele>
   </trkpt>
   <trkpt lat="46.1707630" lon="7.6273750">
    <ele>2230.8</ele>
   </trkpt>
   <trkpt lat="46.1707280" lon="7.6274060">
    <ele>2230.5</ele>
   </trkpt>
   <trkpt lat="46.1706940" lon="7.6274380">
    <ele>2230.2</ele>
   </trkpt>
   <trkpt lat="46.1706560" lon="7.6274570">
    <ele>2230.0</ele>
   </trkpt>
   <trkpt lat="46.1706180" lon="7.6274750">
    <ele>2229.7</ele>
   </trkpt>
   <trkpt lat="46.1705740" lon="7.6274750">
    <ele>2229.5</ele>
   </trkpt>
   <trkpt lat="46.1705310" lon="7.6274740">
    <ele>2229.1</ele>
   </trkpt>
   <trkpt lat="46.1704880" lon="7.6274620">
    <ele>2228.8</ele>
   </trkpt>
   <trkpt lat="46.1704440" lon="7.6274500">
    <ele>2228.4</ele>
   </trkpt>
   <trkpt lat="46.1704030" lon="7.6274290">
    <ele>2228.1</ele>
   </trkpt>
   <trkpt lat="46.1703620" lon="7.6274090">
    <ele>2227.7</ele>
   </trkpt>
   <trkpt lat="46.1703220" lon="7.6273960">
    <ele>2227.4</ele>
   </trkpt>
   <trkpt lat="46.1702830" lon="7.6273830">
    <ele>2227.1</ele>
   </trkpt>
   <trkpt lat="46.1702410" lon="7.6273840">
    <ele>2226.7</ele>
   </trkpt>
   <trkpt lat="46.1702000" lon="7.6273850">
    <ele>2226.4</ele>
   </trkpt>
   <trkpt lat="46.1701580" lon="7.6274000">
    <ele>2226.1</ele>
   </trkpt>
   <trkpt lat="46.1701170" lon="7.6274150">
    <ele>2225.8</ele>
   </trkpt>
   <trkpt lat="46.1700810" lon="7.6274410">
    <ele>2225.4</ele>
   </trkpt>
   <trkpt lat="46.1700460" lon="7.6274680">
    <ele>2225.1</ele>
   </trkpt>
   <trkpt lat="46.1700180" lon="7.6274990">
    <ele>2224.7</ele>
   </trkpt>
   <trkpt lat="46.1699900" lon="7.6275300">
    <ele>2224.4</ele>
   </trkpt>
   <trkpt lat="46.1699600" lon="7.6275530">
    <ele>2224.0</ele>
   </trkpt>
   <trkpt lat="46.1699300" lon="7.6275750">
    <ele>2223.7</ele>
   </trkpt>
   <trkpt lat="46.1698960" lon="7.6275850">
    <ele>2223.4</ele>
   </trkpt>
   <trkpt lat="46.1698620" lon="7.6275950">
    <ele>2223.0</ele>
   </trkpt>
   <trkpt lat="46.1698250" lon="7.6275960">
    <ele>2222.7</ele>
   </trkpt>
   <trkpt lat="46.1697870" lon="7.6275960">
    <ele>2222.4</ele>
   </trkpt>
   <trkpt lat="46.1697460" lon="7.6275910">
    <ele>2222.1</ele>
   </trkpt>
   <trkpt lat="46.1697040" lon="7.6275850">
    <ele>2221.8</ele>
   </trkpt>
   <trkpt lat="46.1696610" lon="7.6275750">
    <ele>2221.6</ele>
   </trkpt>
   <trkpt lat="46.1696180" lon="7.6275660">
    <ele>2221.4</ele>
   </trkpt>
   <trkpt lat="46.1695750" lon="7.6275600">
    <ele>2221.2</ele>
   </trkpt>
   <trkpt lat="46.1695330" lon="7.6275550">
    <ele>2221.0</ele>
   </trkpt>
   <trkpt lat="46.1694890" lon="7.6275550">
    <ele>2220.7</ele>
   </trkpt>
   <trkpt lat="46.1694460" lon="7.6275550">
    <ele>2220.4</ele>
   </trkpt>
   <trkpt lat="46.1694040" lon="7.6275640">
    <ele>2220.1</ele>
   </trkpt>
   <trkpt lat="46.1693620" lon="7.6275740">
    <ele>2219.7</ele>
   </trkpt>
   <trkpt lat="46.1693240" lon="7.6275920">
    <ele>2219.3</ele>
   </trkpt>
   <trkpt lat="46.1692850" lon="7.6276090">
    <ele>2218.8</ele>
   </trkpt>
   <trkpt lat="46.1692470" lon="7.6276280">
    <ele>2218.3</ele>
   </trkpt>
   <trkpt lat="46.1692090" lon="7.6276460">
    <ele>2217.8</ele>
   </trkpt>
   <trkpt lat="46.1691710" lon="7.6276640">
    <ele>2217.3</ele>
   </trkpt>
   <trkpt lat="46.1691330" lon="7.6276820">
    <ele>2216.7</ele>
   </trkpt>
   <trkpt lat="46.1690940" lon="7.6276980">
    <ele>2216.2</ele>
   </trkpt>
   <trkpt lat="46.1690550" lon="7.6277130">
    <ele>2215.7</ele>
   </trkpt>
   <trkpt lat="46.1690190" lon="7.6277290">
    <ele>2215.2</ele>
   </trkpt>
   <trkpt lat="46.1689820" lon="7.6277450">
    <ele>2214.7</ele>
   </trkpt>
   <trkpt lat="46.1689510" lon="7.6277660">
    <ele>2214.2</ele>
   </trkpt>
   <trkpt lat="46.1689190" lon="7.6277870">
    <ele>2213.8</ele>
   </trkpt>
   <trkpt lat="46.1688940" lon="7.6278130">
    <ele>2213.4</ele>
   </trkpt>
   <trkpt lat="46.1688680" lon="7.6278400">
    <ele>2213.0</ele>
   </trkpt>
   <trkpt lat="46.1688440" lon="7.6278680">
    <ele>2212.7</ele>
   </trkpt>
   <trkpt lat="46.1688190" lon="7.6278960">
    <ele>2212.4</ele>
   </trkpt>
   <trkpt lat="46.1687910" lon="7.6279220">
    <ele>2212.1</ele>
   </trkpt>
   <trkpt lat="46.1687630" lon="7.6279480">
    <ele>2211.9</ele>
   </trkpt>
   <trkpt lat="46.1687320" lon="7.6279650">
    <ele>2211.8</ele>
   </trkpt>
   <trkpt lat="46.1687000" lon="7.6279830">
    <ele>2211.6</ele>
   </trkpt>
   <trkpt lat="46.1686650" lon="7.6279880">
    <ele>2211.5</ele>
   </trkpt>
   <trkpt lat="46.1686290" lon="7.6279920">
    <ele>2211.3</ele>
   </trkpt>
   <trkpt lat="46.1685900" lon="7.6279890">
    <ele>2211.2</ele>
   </trkpt>
   <trkpt lat="46.1685510" lon="7.6279860">
    <ele>2211.1</ele>
   </trkpt>
   <trkpt lat="46.1685100" lon="7.6279820">
    <ele>2210.9</ele>
   </trkpt>
   <trkpt lat="46.1684680" lon="7.6279770">
    <ele>2210.8</ele>
   </trkpt>
   <trkpt lat="46.1684260" lon="7.6279670">
    <ele>2210.7</ele>
   </trkpt>
   <trkpt lat="46.1683830" lon="7.6279570">
    <ele>2210.7</ele>
   </trkpt>
   <trkpt lat="46.1683430" lon="7.6279430">
    <ele>2210.6</ele>
   </trkpt>
   <trkpt lat="46.1683030" lon="7.6279290">
    <ele>2210.6</ele>
   </trkpt>
   <trkpt lat="46.1682660" lon="7.6279170">
    <ele>2210.6</ele>
   </trkpt>
   <trkpt lat="46.1682300" lon="7.6279040">
    <ele>2210.7</ele>
   </trkpt>
   <trkpt lat="46.1681930" lon="7.6278930">
    <ele>2210.7</ele>
   </trkpt>
   <trkpt lat="46.1681570" lon="7.6278830">
    <ele>2210.7</ele>
   </trkpt>
   <trkpt lat="46.1681170" lon="7.6278700">
    <ele>2210.7</ele>
   </trkpt>
   <trkpt lat="46.1680780" lon="7.6278570">
    <ele>2210.7</ele>
   </trkpt>
   <trkpt lat="46.1680410" lon="7.6278370">
    <ele>2210.7</ele>
   </trkpt>
   <trkpt lat="46.1680040" lon="7.6278180">
    <ele>2210.7</ele>
   </trkpt>
   <trkpt lat="46.1679660" lon="7.6278030">
    <ele>2210.8</ele>
   </trkpt>
   <trkpt lat="46.1679290" lon="7.6277890">
    <ele>2210.8</ele>
   </trkpt>
   <trkpt lat="46.1678940" lon="7.6277920">
    <ele>2210.8</ele>
   </trkpt>
   <trkpt lat="46.1678580" lon="7.6277940">
    <ele>2210.8</ele>
   </trkpt>
   <trkpt lat="46.1678260" lon="7.6278160">
    <ele>2210.8</ele>
   </trkpt>
   <trkpt lat="46.1677940" lon="7.6278370">
    <ele>2210.8</ele>
   </trkpt>
   <trkpt lat="46.1677620" lon="7.6278730">
    <ele>2210.9</ele>
   </trkpt>
   <trkpt lat="46.1677310" lon="7.6279090">
    <ele>2210.9</ele>
   </trkpt>
   <trkpt lat="46.1676980" lon="7.6279500">
    <ele>2210.9</ele>
   </trkpt>
   <trkpt lat="46.1676650" lon="7.6279910">
    <ele>2211.0</ele>
   </trkpt>
   <trkpt lat="46.1676320" lon="7.6280320">
    <ele>2211.1</ele>
   </trkpt>
   <trkpt lat="46.1676000" lon="7.6280730">
    <ele>2211.1</ele>
   </trkpt>
   <trkpt lat="46.1675690" lon="7.6281150">
    <ele>2211.2</ele>
   </trkpt>
   <trkpt lat="46.1675390" lon="7.6281570">
    <ele>2211.2</ele>
   </trkpt>
   <trkpt lat="46.1675070" lon="7.6282000">
    <ele>2211.2</ele>
   </trkpt>
   <trkpt lat="46.1674760" lon="7.6282440">
    <ele>2211.2</ele>
   </trkpt>
   <trkpt lat="46.1674440" lon="7.6282920">
    <ele>2211.3</ele>
   </trkpt>
   <trkpt lat="46.1674120" lon="7.6283400">
    <ele>2211.3</ele>
   </trkpt>
   <trkpt lat="46.1673800" lon="7.6283890">
    <ele>2211.3</ele>
   </trkpt>
   <trkpt lat="46.1673480" lon="7.6284370">
    <ele>2211.2</ele>
   </trkpt>
   <trkpt lat="46.1673160" lon="7.6284840">
    <ele>2211.2</ele>
   </trkpt>
   <trkpt lat="46.1672850" lon="7.6285300">
    <ele>2211.2</ele>
   </trkpt>
   <trkpt lat="46.1672540" lon="7.6285750">
    <ele>2211.1</ele>
   </trkpt>
   <trkpt lat="46.1672240" lon="7.6286210">
    <ele>2211.0</ele>
   </trkpt>
   <trkpt lat="46.1671950" lon="7.6286690">
    <ele>2210.8</ele>
   </trkpt>
   <trkpt lat="46.1671650" lon="7.6287180">
    <ele>2210.7</ele>
   </trkpt>
   <trkpt lat="46.1671340" lon="7.6287630">
    <ele>2210.6</ele>
   </trkpt>
   <trkpt lat="46.1671030" lon="7.6288090">
    <ele>2210.5</ele>
   </trkpt>
   <trkpt lat="46.1670740" lon="7.6288510">
    <ele>2210.5</ele>
   </trkpt>
   <trkpt lat="46.1670460" lon="7.6288940">
    <ele>2210.4</ele>
   </trkpt>
   <trkpt lat="46.1670190" lon="7.6289340">
    <ele>2210.3</ele>
   </trkpt>
   <trkpt lat="46.1669920" lon="7.6289750">
    <ele>2210.2</ele>
   </trkpt>
   <trkpt lat="46.1669680" lon="7.6290170">
    <ele>2210.0</ele>
   </trkpt>
   <trkpt lat="46.1669450" lon="7.6290600">
    <ele>2209.8</ele>
   </trkpt>
   <trkpt lat="46.1669220" lon="7.6291060">
    <ele>2209.6</ele>
   </trkpt>
   <trkpt lat="46.1668980" lon="7.6291520">
    <ele>2209.3</ele>
   </trkpt>
   <trkpt lat="46.1668750" lon="7.6292040">
    <ele>2209.0</ele>
   </trkpt>
   <trkpt lat="46.1668520" lon="7.6292560">
    <ele>2208.7</ele>
   </trkpt>
   <trkpt lat="46.1668290" lon="7.6293090">
    <ele>2208.4</ele>
   </trkpt>
   <trkpt lat="46.1668060" lon="7.6293620">
    <ele>2208.1</ele>
   </trkpt>
   <trkpt lat="46.1667820" lon="7.6294130">
    <ele>2207.8</ele>
   </trkpt>
   <trkpt lat="46.1667570" lon="7.6294640">
    <ele>2207.7</ele>
   </trkpt>
   <trkpt lat="46.1667340" lon="7.6295100">
    <ele>2207.6</ele>
   </trkpt>
   <trkpt lat="46.1667120" lon="7.6295560">
    <ele>2207.6</ele>
   </trkpt>
   <trkpt lat="46.1666930" lon="7.6295980">
    <ele>2207.6</ele>
   </trkpt>
   <trkpt lat="46.1666750" lon="7.6296400">
    <ele>2207.7</ele>
   </trkpt>
   <trkpt lat="46.1666630" lon="7.6296800">
    <ele>2207.9</ele>
   </trkpt>
   <trkpt lat="46.1666500" lon="7.6297210">
    <ele>2208.1</ele>
   </trkpt>
   <trkpt lat="46.1666450" lon="7.6297660">
    <ele>2208.4</ele>
   </trkpt>
   <trkpt lat="46.1666400" lon="7.6298100">
    <ele>2208.6</ele>
   </trkpt>
   <trkpt lat="46.1666400" lon="7.6298600">
    <ele>2208.9</ele>
   </trkpt>
   <trkpt lat="46.1666400" lon="7.6299090">
    <ele>2209.2</ele>
   </trkpt>
   <trkpt lat="46.1666440" lon="7.6299590">
    <ele>2209.6</ele>
   </trkpt>
   <trkpt lat="46.1666480" lon="7.6300090">
    <ele>2209.9</ele>
   </trkpt>
   <trkpt lat="46.1666490" lon="7.6300530">
    <ele>2210.1</ele>
   </trkpt>
   <trkpt lat="46.1666500" lon="7.6300970">
    <ele>2210.4</ele>
   </trkpt>
   <trkpt lat="46.1666390" lon="7.6301310">
    <ele>2210.5</ele>
   </trkpt>
   <trkpt lat="46.1666290" lon="7.6301650">
    <ele>2210.6</ele>
   </trkpt>
   <trkpt lat="46.1666060" lon="7.6301890">
    <ele>2210.7</ele>
   </trkpt>
   <trkpt lat="46.1665840" lon="7.6302130">
    <ele>2210.8</ele>
   </trkpt>
   <trkpt lat="46.1665530" lon="7.6302280">
    <ele>2210.8</ele>
   </trkpt>
   <trkpt lat="46.1665220" lon="7.6302430">
    <ele>2210.8</ele>
   </trkpt>
   <trkpt lat="46.1664910" lon="7.6302480">
    <ele>2210.8</ele>
   </trkpt>
   <trkpt lat="46.1664590" lon="7.6302530">
    <ele>2210.8</ele>
   </trkpt>
   <trkpt lat="46.1664230" lon="7.6302530">
    <ele>2210.7</ele>
   </trkpt>
   <trkpt lat="46.1663880" lon="7.6302520">
    <ele>2210.6</ele>
   </trkpt>
   <trkpt lat="46.1663500" lon="7.6302570">
    <ele>2210.4</ele>
   </trkpt>
   <trkpt lat="46.1663120" lon="7.6302620">
    <ele>2210.3</ele>
   </trkpt>
   <trkpt lat="46.1662800" lon="7.6302850">
    <ele>2210.1</ele>
   </trkpt>
   <trkpt lat="46.1662490" lon="7.6303080">
    <ele>2210.0</ele>
   </trkpt>
   <trkpt lat="46.1662270" lon="7.6303510">
    <ele>2209.9</ele>
   </trkpt>
   <trkpt lat="46.1662050" lon="7.6303940">
    <ele>2209.8</ele>
   </trkpt>
   <trkpt lat="46.1661910" lon="7.6304500">
    <ele>2209.8</ele>
   </trkpt>
   <trkpt lat="46.1661780" lon="7.6305060">
    <ele>2209.8</ele>
   </trkpt>
   <trkpt lat="46.1661710" lon="7.6305670">
    <ele>2209.8</ele>
   </trkpt>
   <trkpt lat="46.1661650" lon="7.6306280">
    <ele>2209.9</ele>
   </trkpt>
   <trkpt lat="46.1661630" lon="7.6306890">
    <ele>2210.0</ele>
   </trkpt>
   <trkpt lat="46.1661620" lon="7.6307490">
    <ele>2210.1</ele>
   </trkpt>
   <trkpt lat="46.1661590" lon="7.6308090">
    <ele>2210.2</ele>
   </trkpt>
   <trkpt lat="46.1661570" lon="7.6308680">
    <ele>2210.4</ele>
   </trkpt>
   <trkpt lat="46.1661520" lon="7.6309270">
    <ele>2210.5</ele>
   </trkpt>
   <trkpt lat="46.1661460" lon="7.6309860">
    <ele>2210.7</ele>
   </trkpt>
   <trkpt lat="46.1661390" lon="7.6310430">
    <ele>2210.8</ele>
   </trkpt>
   <trkpt lat="46.1661320" lon="7.6311000">
    <ele>2211.1</ele>
   </trkpt>
   <trkpt lat="46.1661210" lon="7.6311530">
    <ele>2211.3</ele>
   </trkpt>
   <trkpt lat="46.1661100" lon="7.6312060">
    <ele>2211.6</ele>
   </trkpt>
   <trkpt lat="46.1660920" lon="7.6312530">
    <ele>2211.8</ele>
   </trkpt>
   <trkpt lat="46.1660740" lon="7.6313010">
    <ele>2212.1</ele>
   </trkpt>
   <trkpt lat="46.1660500" lon="7.6313390">
    <ele>2212.3</ele>
   </trkpt>
   <trkpt lat="46.1660260" lon="7.6313770">
    <ele>2212.6</ele>
   </trkpt>
   <trkpt lat="46.1659960" lon="7.6314000">
    <ele>2212.9</ele>
   </trkpt>
   <trkpt lat="46.1659660" lon="7.6314240">
    <ele>2213.3</ele>
   </trkpt>
   <trkpt lat="46.1659330" lon="7.6314260">
    <ele>2213.7</ele>
   </trkpt>
   <trkpt lat="46.1659000" lon="7.6314280">
    <ele>2214.2</ele>
   </trkpt>
   <trkpt lat="46.1658690" lon="7.6314110">
    <ele>2214.7</ele>
   </trkpt>
   <trkpt lat="46.1658380" lon="7.6313940">
    <ele>2215.2</ele>
   </trkpt>
   <trkpt lat="46.1658100" lon="7.6313640">
    <ele>2215.8</ele>
   </trkpt>
   <trkpt lat="46.1657820" lon="7.6313340">
    <ele>2216.3</ele>
   </trkpt>
   <trkpt lat="46.1657550" lon="7.6312960">
    <ele>2216.9</ele>
   </trkpt>
   <trkpt lat="46.1657280" lon="7.6312570">
    <ele>2217.4</ele>
   </trkpt>
   <trkpt lat="46.1656990" lon="7.6312150">
    <ele>2217.8</ele>
   </trkpt>
   <trkpt lat="46.1656710" lon="7.6311720">
    <ele>2218.3</ele>
   </trkpt>
   <trkpt lat="46.1656450" lon="7.6311360">
    <ele>2218.6</ele>
   </trkpt>
   <trkpt lat="46.1656190" lon="7.6311000">
    <ele>2218.9</ele>
   </trkpt>
   <trkpt lat="46.1655980" lon="7.6310820">
    <ele>2219.0</ele>
   </trkpt>
   <trkpt lat="46.1655770" lon="7.6310650">
    <ele>2219.2</ele>
   </trkpt>
   <trkpt lat="46.1655580" lon="7.6310770">
    <ele>2219.2</ele>
   </trkpt>
   <trkpt lat="46.1655380" lon="7.6310890">
    <ele>2219.3</ele>
   </trkpt>
   <trkpt lat="46.1655140" lon="7.6311310">
    <ele>2219.4</ele>
   </trkpt>
   <trkpt lat="46.1654900" lon="7.6311730">
    <ele>2219.3</ele>
   </trkpt>
   <trkpt lat="46.1654640" lon="7.6312250">
    <ele>2219.2</ele>
   </trkpt>
   <trkpt lat="46.1654370" lon="7.6312780">
    <ele>2219.0</ele>
   </trkpt>
   <trkpt lat="46.1654150" lon="7.6313340">
    <ele>2218.7</ele>
   </trkpt>
   <trkpt lat="46.1653940" lon="7.6313900">
    <ele>2218.4</ele>
   </trkpt>
   <trkpt lat="46.1653780" lon="7.6314490">
    <ele>2217.9</ele>
   </trkpt>
   <trkpt lat="46.1653620" lon="7.6315090">
    <ele>2217.4</ele>
   </trkpt>
   <trkpt lat="46.1653480" lon="7.6315700">
    <ele>2216.9</ele>
   </trkpt>
   <trkpt lat="46.1653340" lon="7.6316320">
    <ele>2216.4</ele>
   </trkpt>
   <trkpt lat="46.1653210" lon="7.6316970">
    <ele>2215.9</ele>
   </trkpt>
   <trkpt lat="46.1653090" lon="7.6317620">
    <ele>2215.4</ele>
   </trkpt>
   <trkpt lat="46.1653010" lon="7.6318280">
    <ele>2214.9</ele>
   </trkpt>
   <trkpt lat="46.1652930" lon="7.6318940">
    <ele>2214.3</ele>
   </trkpt>
   <trkpt lat="46.1652840" lon="7.6319620">
    <ele>2213.7</ele>
   </trkpt>
   <trkpt lat="46.1652760" lon="7.6320300">
    <ele>2213.0</ele>
   </trkpt>
   <trkpt lat="46.1652640" lon="7.6321000">
    <ele>2212.2</ele>
   </trkpt>
   <trkpt lat="46.1652520" lon="7.6321700">
    <ele>2211.6</ele>
   </trkpt>
   <trkpt lat="46.1652380" lon="7.6322390">
    <ele>2211.0</ele>
   </trkpt>
   <trkpt lat="46.1652230" lon="7.6323080">
    <ele>2210.5</ele>
   </trkpt>
   <trkpt lat="46.1652060" lon="7.6323750">
    <ele>2210.1</ele>
   </trkpt>
   <trkpt lat="46.1651900" lon="7.6324420">
    <ele>2209.9</ele>
   </trkpt>
   <trkpt lat="46.1651690" lon="7.6325050">
    <ele>2209.7</ele>
   </trkpt>
   <trkpt lat="46.1651480" lon="7.6325680">
    <ele>2209.7</ele>
   </trkpt>
   <trkpt lat="46.1651240" lon="7.6326230">
    <ele>2209.8</ele>
   </trkpt>
   <trkpt lat="46.1651000" lon="7.6326770">
    <ele>2210.1</ele>
   </trkpt>
   <trkpt lat="46.1650760" lon="7.6327240">
    <ele>2210.3</ele>
   </trkpt>
   <trkpt lat="46.1650530" lon="7.6327700">
    <ele>2210.5</ele>
   </trkpt>
   <trkpt lat="46.1650290" lon="7.6328110">
    <ele>2210.7</ele>
   </trkpt>
   <trkpt lat="46.1650060" lon="7.6328520">
    <ele>2210.8</ele>
   </trkpt>
   <trkpt lat="46.1649820" lon="7.6328910">
    <ele>2210.8</ele>
   </trkpt>
   <trkpt lat="46.1649570" lon="7.6329290">
    <ele>2210.7</ele>
   </trkpt>
   <trkpt lat="46.1649340" lon="7.6329750">
    <ele>2210.6</ele>
   </trkpt>
   <trkpt lat="46.1649110" lon="7.6330210">
    <ele>2210.4</ele>
   </trkpt>
   <trkpt lat="46.1648900" lon="7.6330780">
    <ele>2210.1</ele>
   </trkpt>
   <trkpt lat="46.1648700" lon="7.6331360">
    <ele>2209.9</ele>
   </trkpt>
   <trkpt lat="46.1648500" lon="7.6331980">
    <ele>2209.8</ele>
   </trkpt>
   <trkpt lat="46.1648290" lon="7.6332610">
    <ele>2209.8</ele>
   </trkpt>
   <trkpt lat="46.1648130" lon="7.6333200">
    <ele>2209.8</ele>
   </trkpt>
   <trkpt lat="46.1647960" lon="7.6333790">
    <ele>2209.8</ele>
   </trkpt>
   <trkpt lat="46.1647840" lon="7.6334350">
    <ele>2209.9</ele>
   </trkpt>
   <trkpt lat="46.1647730" lon="7.6334920">
    <ele>2209.9</ele>
   </trkpt>
   <trkpt lat="46.1647650" lon="7.6335480">
    <ele>2209.8</ele>
   </trkpt>
   <trkpt lat="46.1647580" lon="7.6336040">
    <ele>2209.7</ele>
   </trkpt>
   <trkpt lat="46.1647620" lon="7.6336570">
    <ele>2209.5</ele>
   </trkpt>
   <trkpt lat="46.1647660" lon="7.6337100">
    <ele>2209.3</ele>
   </trkpt>
   <trkpt lat="46.1647830" lon="7.6337580">
    <ele>2209.1</ele>
   </trkpt>
   <trkpt lat="46.1647990" lon="7.6338070">
    <ele>2208.8</ele>
   </trkpt>
   <trkpt lat="46.1648200" lon="7.6338570">
    <ele>2208.6</ele>
   </trkpt>
   <trkpt lat="46.1648400" lon="7.6339060">
    <ele>2208.3</ele>
   </trkpt>
   <trkpt lat="46.1648530" lon="7.6339600">
    <ele>2208.0</ele>
   </trkpt>
   <trkpt lat="46.1648660" lon="7.6340130">
    <ele>2207.7</ele>
   </trkpt>
   <trkpt lat="46.1648710" lon="7.6340720">
    <ele>2207.4</ele>
   </trkpt>
   <trkpt lat="46.1648760" lon="7.6341310">
    <ele>2207.0</ele>
   </trkpt>
   <trkpt lat="46.1648790" lon="7.6341990">
    <ele>2206.6</ele>
   </trkpt>
   <trkpt lat="46.1648810" lon="7.6342660">
    <ele>2206.1</ele>
   </trkpt>
   <trkpt lat="46.1648810" lon="7.6343380">
    <ele>2205.6</ele>
   </trkpt>
   <trkpt lat="46.1648800" lon="7.6344110">
    <ele>2205.1</ele>
   </trkpt>
   <trkpt lat="46.1648740" lon="7.6344850">
    <ele>2204.7</ele>
   </trkpt>
   <trkpt lat="46.1648680" lon="7.6345590">
    <ele>2204.4</ele>
   </trkpt>
   <trkpt lat="46.1648580" lon="7.6346330">
    <ele>2204.0</ele>
   </trkpt>
   <trkpt lat="46.1648490" lon="7.6347070">
    <ele>2203.7</ele>
   </trkpt>
   <trkpt lat="46.1648410" lon="7.6347760">
    <ele>2203.4</ele>
   </trkpt>
   <trkpt lat="46.1648330" lon="7.6348460">
    <ele>2203.0</ele>
   </trkpt>
   <trkpt lat="46.1648270" lon="7.6349080">
    <ele>2202.7</ele>
   </trkpt>
   <trkpt lat="46.1648220" lon="7.6349700">
    <ele>2202.4</ele>
   </trkpt>
   <trkpt lat="46.1648100" lon="7.6350240">
    <ele>2202.2</ele>
   </trkpt>
   <trkpt lat="46.1647980" lon="7.6350780">
    <ele>2201.9</ele>
   </trkpt>
   <trkpt lat="46.1647710" lon="7.6351150">
    <ele>2201.6</ele>
   </trkpt>
   <trkpt lat="46.1647450" lon="7.6351510">
    <ele>2201.5</ele>
   </trkpt>
   <trkpt lat="46.1647050" lon="7.6351600">
    <ele>2201.5</ele>
   </trkpt>
   <trkpt lat="46.1646650" lon="7.6351690">
    <ele>2201.5</ele>
   </trkpt>
   <trkpt lat="46.1646160" lon="7.6351490">
    <ele>2201.4</ele>
   </trkpt>
   <trkpt lat="46.1645670" lon="7.6351290">
    <ele>2201.2</ele>
   </trkpt>
   <trkpt lat="46.1645190" lon="7.6350920">
    <ele>2201.1</ele>
   </trkpt>
   <trkpt lat="46.1644700" lon="7.6350560">
    <ele>2200.9</ele>
   </trkpt>
   <trkpt lat="46.1644270" lon="7.6350080">
    <ele>2200.8</ele>
   </trkpt>
   <trkpt lat="46.1643830" lon="7.6349600">
    <ele>2200.6</ele>
   </trkpt>
   <trkpt lat="46.1643440" lon="7.6349060">
    <ele>2200.5</ele>
   </trkpt>
   <trkpt lat="46.1643050" lon="7.6348510">
    <ele>2200.3</ele>
   </trkpt>
   <trkpt lat="46.1642700" lon="7.6347950">
    <ele>2200.1</ele>
   </trkpt>
   <trkpt lat="46.1642360" lon="7.6347380">
    <ele>2199.9</ele>
   </trkpt>
   <trkpt lat="46.1642050" lon="7.6346870">
    <ele>2199.8</ele>
   </trkpt>
   <trkpt lat="46.1641730" lon="7.6346350">
    <ele>2199.6</ele>
   </trkpt>
   <trkpt lat="46.1641390" lon="7.6345910">
    <ele>2199.4</ele>
   </trkpt>
   <trkpt lat="46.1641050" lon="7.6345460">
    <ele>2199.2</ele>
   </trkpt>
   <trkpt lat="46.1640670" lon="7.6345090">
    <ele>2199.0</ele>
   </trkpt>
   <trkpt lat="46.1640280" lon="7.6344720">
    <ele>2198.9</ele>
   </trkpt>
   <trkpt lat="46.1639880" lon="7.6344360">
    <ele>2198.7</ele>
   </trkpt>
   <trkpt lat="46.1639470" lon="7.6344000">
    <ele>2198.5</ele>
   </trkpt>
   <trkpt lat="46.1639080" lon="7.6343630">
    <ele>2198.4</ele>
   </trkpt>
   <trkpt lat="46.1638700" lon="7.6343250">
    <ele>2198.2</ele>
   </trkpt>
   <trkpt lat="46.1638340" lon="7.6342850">
    <ele>2198.1</ele>
   </trkpt>
   <trkpt lat="46.1637980" lon="7.6342460">
    <ele>2198.0</ele>
   </trkpt>
   <trkpt lat="46.1637590" lon="7.6342060">
    <ele>2197.8</ele>
   </trkpt>
   <trkpt lat="46.1637200" lon="7.6341660">
    <ele>2197.6</ele>
   </trkpt>
   <trkpt lat="46.1636800" lon="7.6341260">
    <ele>2197.5</ele>
   </trkpt>
   <trkpt lat="46.1636390" lon="7.6340860">
    <ele>2197.3</ele>
   </trkpt>
   <trkpt lat="46.1636010" lon="7.6340440">
    <ele>2197.2</ele>
   </trkpt>
   <trkpt lat="46.1635620" lon="7.6340010">
    <ele>2197.1</ele>
   </trkpt>
   <trkpt lat="46.1635300" lon="7.6339560">
    <ele>2197.0</ele>
   </trkpt>
   <trkpt lat="46.1634980" lon="7.6339100">
    <ele>2197.0</ele>
   </trkpt>
   <trkpt lat="46.1634680" lon="7.6338640">
    <ele>2196.9</ele>
   </trkpt>
   <trkpt lat="46.1634380" lon="7.6338180">
    <ele>2196.8</ele>
   </trkpt>
   <trkpt lat="46.1634070" lon="7.6337750">
    <ele>2196.8</ele>
   </trkpt>
   <trkpt lat="46.1633760" lon="7.6337310">
    <ele>2196.7</ele>
   </trkpt>
   <trkpt lat="46.1633450" lon="7.6336930">
    <ele>2196.6</ele>
   </trkpt>
   <trkpt lat="46.1633130" lon="7.6336560">
    <ele>2196.5</ele>
   </trkpt>
   <trkpt lat="46.1632820" lon="7.6336150">
    <ele>2196.4</ele>
   </trkpt>
   <trkpt lat="46.1632520" lon="7.6335750">
    <ele>2196.3</ele>
   </trkpt>
   <trkpt lat="46.1632250" lon="7.6335260">
    <ele>2196.2</ele>
   </trkpt>
   <trkpt lat="46.1631980" lon="7.6334770">
    <ele>2196.2</ele>
   </trkpt>
   <trkpt lat="46.1631770" lon="7.6334220">
    <ele>2196.1</ele>
   </trkpt>
   <trkpt lat="46.1631570" lon="7.6333670">
    <ele>2196.0</ele>
   </trkpt>
   <trkpt lat="46.1631410" lon="7.6333120">
    <ele>2196.0</ele>
   </trkpt>
   <trkpt lat="46.1631250" lon="7.6332570">
    <ele>2195.9</ele>
   </trkpt>
   <trkpt lat="46.1631100" lon="7.6332040">
    <ele>2195.8</ele>
   </trkpt>
   <trkpt lat="46.1630940" lon="7.6331510">
    <ele>2195.8</ele>
   </trkpt>
   <trkpt lat="46.1630780" lon="7.6330950">
    <ele>2195.7</ele>
   </trkpt>
   <trkpt lat="46.1630610" lon="7.6330400">
    <ele>2195.6</ele>
   </trkpt>
   <trkpt lat="46.1630460" lon="7.6329790">
    <ele>2195.5</ele>
   </trkpt>
   <trkpt lat="46.1630310" lon="7.6329180">
    <ele>2195.4</ele>
   </trkpt>
   <trkpt lat="46.1630210" lon="7.6328540">
    <ele>2195.3</ele>
   </trkpt>
   <trkpt lat="46.1630100" lon="7.6327890">
    <ele>2195.2</ele>
   </trkpt>
   <trkpt lat="46.1630030" lon="7.6327230">
    <ele>2195.1</ele>
   </trkpt>
   <trkpt lat="46.1629970" lon="7.6326570">
    <ele>2195.1</ele>
   </trkpt>
   <trkpt lat="46.1629860" lon="7.6325910">
    <ele>2195.0</ele>
   </trkpt>
   <trkpt lat="46.1629760" lon="7.6325250">
    <ele>2194.9</ele>
   </trkpt>
   <trkpt lat="46.1629590" lon="7.6324590">
    <ele>2194.9</ele>
   </trkpt>
   <trkpt lat="46.1629420" lon="7.6323930">
    <ele>2194.8</ele>
   </trkpt>
   <trkpt lat="46.1629230" lon="7.6323290">
    <ele>2194.7</ele>
   </trkpt>
   <trkpt lat="46.1629040" lon="7.6322660">
    <ele>2194.7</ele>
   </trkpt>
   <trkpt lat="46.1628840" lon="7.6322070">
    <ele>2194.6</ele>
   </trkpt>
   <trkpt lat="46.1628630" lon="7.6321480">
    <ele>2194.5</ele>
   </trkpt>
   <trkpt lat="46.1628400" lon="7.6320930">
    <ele>2194.5</ele>
   </trkpt>
   <trkpt lat="46.1628160" lon="7.6320380">
    <ele>2194.4</ele>
   </trkpt>
   <trkpt lat="46.1627870" lon="7.6319900">
    <ele>2194.3</ele>
   </trkpt>
   <trkpt lat="46.1627570" lon="7.6319420">
    <ele>2194.2</ele>
   </trkpt>
   <trkpt lat="46.1627230" lon="7.6319000">
    <ele>2194.1</ele>
   </trkpt>
   <trkpt lat="46.1626900" lon="7.6318580">
    <ele>2194.0</ele>
   </trkpt>
   <trkpt lat="46.1626530" lon="7.6318240">
    <ele>2193.8</ele>
   </trkpt>
   <trkpt lat="46.1626170" lon="7.6317910">
    <ele>2193.7</ele>
   </trkpt>
   <trkpt lat="46.1625780" lon="7.6317690">
    <ele>2193.5</ele>
   </trkpt>
   <trkpt lat="46.1625400" lon="7.6317480">
    <ele>2193.4</ele>
   </trkpt>
   <trkpt lat="46.1624990" lon="7.6317370">
    <ele>2193.3</ele>
   </trkpt>
   <trkpt lat="46.1624580" lon="7.6317260">
    <ele>2193.2</ele>
   </trkpt>
   <trkpt lat="46.1624190" lon="7.6317240">
    <ele>2193.1</ele>
   </trkpt>
   <trkpt lat="46.1623800" lon="7.6317230">
    <ele>2193.0</ele>
   </trkpt>
   <trkpt lat="46.1623430" lon="7.6317360">
    <ele>2192.8</ele>
   </trkpt>
   <trkpt lat="46.1623060" lon="7.6317490">
    <ele>2192.7</ele>
   </trkpt>
   <trkpt lat="46.1622660" lon="7.6317740">
    <ele>2192.6</ele>
   </trkpt>
   <trkpt lat="46.1622250" lon="7.6317990">
    <ele>2192.4</ele>
   </trkpt>
   <trkpt lat="46.1621830" lon="7.6318250">
    <ele>2192.3</ele>
   </trkpt>
   <trkpt lat="46.1621400" lon="7.6318500">
    <ele>2192.2</ele>
   </trkpt>
   <trkpt lat="46.1620970" lon="7.6318690">
    <ele>2192.2</ele>
   </trkpt>
   <trkpt lat="46.1620540" lon="7.6318880">
    <ele>2192.2</ele>
   </trkpt>
   <trkpt lat="46.1620120" lon="7.6318990">
    <ele>2192.2</ele>
   </trkpt>
   <trkpt lat="46.1619710" lon="7.6319100">
    <ele>2192.2</ele>
   </trkpt>
   <trkpt lat="46.1619290" lon="7.6319210">
    <ele>2192.2</ele>
   </trkpt>
   <trkpt lat="46.1618870" lon="7.6319330">
    <ele>2192.2</ele>
   </trkpt>
   <trkpt lat="46.1618440" lon="7.6319440">
    <ele>2192.2</ele>
   </trkpt>
   <trkpt lat="46.1618020" lon="7.6319550">
    <ele>2192.1</ele>
   </trkpt>
   <trkpt lat="46.1617580" lon="7.6319650">
    <ele>2192.1</ele>
   </trkpt>
   <trkpt lat="46.1617140" lon="7.6319750">
    <ele>2192.0</ele>
   </trkpt>
   <trkpt lat="46.1616680" lon="7.6319830">
    <ele>2191.9</ele>
   </trkpt>
   <trkpt lat="46.1616230" lon="7.6319900">
    <ele>2191.7</ele>
   </trkpt>
   <trkpt lat="46.1615800" lon="7.6320000">
    <ele>2191.6</ele>
   </trkpt>
   <trkpt lat="46.1615370" lon="7.6320110">
    <ele>2191.5</ele>
   </trkpt>
   <trkpt lat="46.1614970" lon="7.6320270">
    <ele>2191.4</ele>
   </trkpt>
   <trkpt lat="46.1614580" lon="7.6320430">
    <ele>2191.3</ele>
   </trkpt>
   <trkpt lat="46.1614180" lon="7.6320650">
    <ele>2191.1</ele>
   </trkpt>
   <trkpt lat="46.1613790" lon="7.6320870">
    <ele>2190.9</ele>
   </trkpt>
   <trkpt lat="46.1613370" lon="7.6321070">
    <ele>2190.6</ele>
   </trkpt>
   <trkpt lat="46.1612940" lon="7.6321270">
    <ele>2190.3</ele>
   </trkpt>
   <trkpt lat="46.1612490" lon="7.6321400">
    <ele>2189.9</ele>
   </trkpt>
   <trkpt lat="46.1612040" lon="7.6321540">
    <ele>2189.4</ele>
   </trkpt>
   <trkpt lat="46.1611610" lon="7.6321650">
    <ele>2189.0</ele>
   </trkpt>
   <trkpt lat="46.1611180" lon="7.6321760">
    <ele>2188.6</ele>
   </trkpt>
   <trkpt lat="46.1610750" lon="7.6321860">
    <ele>2188.2</ele>
   </trkpt>
   <trkpt lat="46.1610330" lon="7.6321960">
    <ele>2187.8</ele>
   </trkpt>
   <trkpt lat="46.1609900" lon="7.6322080">
    <ele>2187.6</ele>
   </trkpt>
   <trkpt lat="46.1609480" lon="7.6322210">
    <ele>2187.3</ele>
   </trkpt>
   <trkpt lat="46.1609050" lon="7.6322420">
    <ele>2187.2</ele>
   </trkpt>
   <trkpt lat="46.1608620" lon="7.6322640">
    <ele>2187.1</ele>
   </trkpt>
   <trkpt lat="46.1608200" lon="7.6322920">
    <ele>2187.0</ele>
   </trkpt>
   <trkpt lat="46.1607780" lon="7.6323190">
    <ele>2186.9</ele>
   </trkpt>
   <trkpt lat="46.1607370" lon="7.6323470">
    <ele>2186.9</ele>
   </trkpt>
   <trkpt lat="46.1606960" lon="7.6323750">
    <ele>2186.8</ele>
   </trkpt>
   <trkpt lat="46.1606540" lon="7.6323990">
    <ele>2186.8</ele>
   </trkpt>
   <trkpt lat="46.1606120" lon="7.6324240">
    <ele>2186.7</ele>
   </trkpt>
   <trkpt lat="46.1605690" lon="7.6324430">
    <ele>2186.7</ele>
   </trkpt>
   <trkpt lat="46.1605260" lon="7.6324620">
    <ele>2186.7</ele>
   </trkpt>
   <trkpt lat="46.1604820" lon="7.6324720">
    <ele>2186.6</ele>
   </trkpt>
   <trkpt lat="46.1604380" lon="7.6324810">
    <ele>2186.6</ele>
   </trkpt>
   <trkpt lat="46.1603930" lon="7.6324820">
    <ele>2186.6</ele>
   </trkpt>
   <trkpt lat="46.1603480" lon="7.6324840">
    <ele>2186.5</ele>
   </trkpt>
   <trkpt lat="46.1603010" lon="7.6324810">
    <ele>2186.5</ele>
   </trkpt>
   <trkpt lat="46.1602540" lon="7.6324770">
    <ele>2186.4</ele>
   </trkpt>
   <trkpt lat="46.1602080" lon="7.6324730">
    <ele>2186.3</ele>
   </trkpt>
   <trkpt lat="46.1601610" lon="7.6324680">
    <ele>2186.3</ele>
   </trkpt>
   <trkpt lat="46.1601170" lon="7.6324670">
    <ele>2186.2</ele>
   </trkpt>
   <trkpt lat="46.1600730" lon="7.6324660">
    <ele>2186.1</ele>
   </trkpt>
   <trkpt lat="46.1600300" lon="7.6324690">
    <ele>2186.0</ele>
   </trkpt>
   <trkpt lat="46.1599880" lon="7.6324710">
    <ele>2186.0</ele>
   </trkpt>
   <trkpt lat="46.1599450" lon="7.6324800">
    <ele>2185.9</ele>
   </trkpt>
   <trkpt lat="46.1599010" lon="7.6324880">
    <ele>2185.7</ele>
   </trkpt>
   <trkpt lat="46.1598570" lon="7.6324970">
    <ele>2185.6</ele>
   </trkpt>
   <trkpt lat="46.1598120" lon="7.6325060">
    <ele>2185.5</ele>
   </trkpt>
   <trkpt lat="46.1597690" lon="7.6325120">
    <ele>2185.3</ele>
   </trkpt>
   <trkpt lat="46.1597260" lon="7.6325170">
    <ele>2185.1</ele>
   </trkpt>
   <trkpt lat="46.1596870" lon="7.6325180">
    <ele>2184.8</ele>
   </trkpt>
   <trkpt lat="46.1596470" lon="7.6325190">
    <ele>2184.5</ele>
   </trkpt>
   <trkpt lat="46.1596140" lon="7.6325160">
    <ele>2184.1</ele>
   </trkpt>
   <trkpt lat="46.1595800" lon="7.6325130">
    <ele>2183.7</ele>
   </trkpt>
   <trkpt lat="46.1595470" lon="7.6325000">
    <ele>2183.3</ele>
   </trkpt>
   <trkpt lat="46.1595140" lon="7.6324870">
    <ele>2182.8</ele>
   </trkpt>
   <trkpt lat="46.1594780" lon="7.6324610">
    <ele>2182.1</ele>
   </trkpt>
   <trkpt lat="46.1594420" lon="7.6324350">
    <ele>2181.3</ele>
   </trkpt>
   <trkpt lat="46.1594040" lon="7.6323980">
    <ele>2180.4</ele>
   </trkpt>
   <trkpt lat="46.1593660" lon="7.6323620">
    <ele>2179.4</ele>
   </trkpt>
   <trkpt lat="46.1593290" lon="7.6323190">
    <ele>2178.4</ele>
   </trkpt>
   <trkpt lat="46.1592920" lon="7.6322760">
    <ele>2177.4</ele>
   </trkpt>
   <trkpt lat="46.1592540" lon="7.6322270">
    <ele>2176.4</ele>
   </trkpt>
   <trkpt lat="46.1592170" lon="7.6321790">
    <ele>2175.5</ele>
   </trkpt>
   <trkpt lat="46.1591790" lon="7.6321360">
    <ele>2174.7</ele>
   </trkpt>
   <trkpt lat="46.1591410" lon="7.6320930">
    <ele>2174.2</ele>
   </trkpt>
   <trkpt lat="46.1591020" lon="7.6320600">
    <ele>2173.7</ele>
   </trkpt>
   <trkpt lat="46.1590630" lon="7.6320270">
    <ele>2173.2</ele>
   </trkpt>
   <trkpt lat="46.1590240" lon="7.6320030">
    <ele>2172.8</ele>
   </trkpt>
   <trkpt lat="46.1589860" lon="7.6319790">
    <ele>2172.4</ele>
   </trkpt>
   <trkpt lat="46.1589450" lon="7.6319630">
    <ele>2171.9</ele>
   </trkpt>
   <trkpt lat="46.1589040" lon="7.6319470">
    <ele>2171.3</ele>
   </trkpt>
   <trkpt lat="46.1588610" lon="7.6319350">
    <ele>2170.7</ele>
   </trkpt>
   <trkpt lat="46.1588180" lon="7.6319230">
    <ele>2170.1</ele>
   </trkpt>
   <trkpt lat="46.1587740" lon="7.6319110">
    <ele>2169.4</ele>
   </trkpt>
   <trkpt lat="46.1587300" lon="7.6318980">
    <ele>2168.6</ele>
   </trkpt>
   <trkpt lat="46.1586880" lon="7.6318830">
    <ele>2167.9</ele>
   </trkpt>
   <trkpt lat="46.1586460" lon="7.6318680">
    <ele>2167.2</ele>
   </trkpt>
   <trkpt lat="46.1586060" lon="7.6318540">
    <ele>2166.5</ele>
   </trkpt>
   <trkpt lat="46.1585660" lon="7.6318410">
    <ele>2165.9</ele>
   </trkpt>
   <trkpt lat="46.1585240" lon="7.6318320">
    <ele>2165.2</ele>
   </trkpt>
   <trkpt lat="46.1584820" lon="7.6318240">
    <ele>2164.6</ele>
   </trkpt>
   <trkpt lat="46.1584380" lon="7.6318210">
    <ele>2164.0</ele>
   </trkpt>
   <trkpt lat="46.1583940" lon="7.6318180">
    <ele>2163.4</ele>
   </trkpt>
   <trkpt lat="46.1583490" lon="7.6318140">
    <ele>2162.8</ele>
   </trkpt>
   <trkpt lat="46.1583040" lon="7.6318090">
    <ele>2162.4</ele>
   </trkpt>
   <trkpt lat="46.1582580" lon="7.6318010">
    <ele>2162.0</ele>
   </trkpt>
   <trkpt lat="46.1582130" lon="7.6317940">
    <ele>2161.7</ele>
   </trkpt>
   <trkpt lat="46.1581720" lon="7.6317900">
    <ele>2161.6</ele>
   </trkpt>
   <trkpt lat="46.1581310" lon="7.6317860">
    <ele>2161.5</ele>
   </trkpt>
   <trkpt lat="46.1580930" lon="7.6317970">
    <ele>2161.4</ele>
   </trkpt>
   <trkpt lat="46.1580550" lon="7.6318080">
    <ele>2161.4</ele>
   </trkpt>
   <trkpt lat="46.1580190" lon="7.6318190">
    <ele>2161.4</ele>
   </trkpt>
   <trkpt lat="46.1579840" lon="7.6318310">
    <ele>2161.3</ele>
   </trkpt>
   <trkpt lat="46.1579490" lon="7.6318380">
    <ele>2161.3</ele>
   </trkpt>
   <trkpt lat="46.1579140" lon="7.6318460">
    <ele>2161.2</ele>
   </trkpt>
   <trkpt lat="46.1578760" lon="7.6318550">
    <ele>2161.2</ele>
   </trkpt>
   <trkpt lat="46.1578370" lon="7.6318640">
    <ele>2161.1</ele>
   </trkpt>
   <trkpt lat="46.1577950" lon="7.6318750">
    <ele>2161.0</ele>
   </trkpt>
   <trkpt lat="46.1577530" lon="7.6318870">
    <ele>2160.9</ele>
   </trkpt>
   <trkpt lat="46.1577080" lon="7.6318980">
    <ele>2160.8</ele>
   </trkpt>
   <trkpt lat="46.1576630" lon="7.6319100">
    <ele>2160.6</ele>
   </trkpt>
   <trkpt lat="46.1576240" lon="7.6319260">
    <ele>2160.4</ele>
   </trkpt>
   <trkpt lat="46.1575840" lon="7.6319420">
    <ele>2160.3</ele>
   </trkpt>
   <trkpt lat="46.1575500" lon="7.6319660">
    <ele>2160.2</ele>
   </trkpt>
   <trkpt lat="46.1575170" lon="7.6319900">
    <ele>2160.1</ele>
   </trkpt>
   <trkpt lat="46.1574800" lon="7.6320170">
    <ele>2160.1</ele>
   </trkpt>
   <trkpt lat="46.1574440" lon="7.6320440">
    <ele>2160.1</ele>
   </trkpt>
   <trkpt lat="46.1574050" lon="7.6320650">
    <ele>2160.1</ele>
   </trkpt>
   <trkpt lat="46.1573660" lon="7.6320860">
    <ele>2160.1</ele>
   </trkpt>
   <trkpt lat="46.1573280" lon="7.6321000">
    <ele>2160.0</ele>
   </trkpt>
   <trkpt lat="46.1572890" lon="7.6321150">
    <ele>2160.0</ele>
   </trkpt>
   <trkpt lat="46.1572510" lon="7.6321280">
    <ele>2159.9</ele>
   </trkpt>
   <trkpt lat="46.1572130" lon="7.6321420">
    <ele>2159.8</ele>
   </trkpt>
   <trkpt lat="46.1571780" lon="7.6321560">
    <ele>2159.8</ele>
   </trkpt>
   <trkpt lat="46.1571440" lon="7.6321700">
    <ele>2159.8</ele>
   </trkpt>
   <trkpt lat="46.1571110" lon="7.6321840">
    <ele>2159.8</ele>
   </trkpt>
   <trkpt lat="46.1570780" lon="7.6321980">
    <ele>2159.8</ele>
   </trkpt>
   <trkpt lat="46.1570440" lon="7.6322090">
    <ele>2159.8</ele>
   </trkpt>
   <trkpt lat="46.1570100" lon="7.6322210">
    <ele>2159.8</ele>
   </trkpt>
   <trkpt lat="46.1569770" lon="7.6322320">
    <ele>2159.7</ele>
   </trkpt>
   <trkpt lat="46.1569430" lon="7.6322440">
    <ele>2159.7</ele>
   </trkpt>
   <trkpt lat="46.1569110" lon="7.6322620">
    <ele>2159.7</ele>
   </trkpt>
   <trkpt lat="46.1568780" lon="7.6322810">
    <ele>2159.8</ele>
   </trkpt>
   <trkpt lat="46.1568470" lon="7.6323050">
    <ele>2159.8</ele>
   </trkpt>
   <trkpt lat="46.1568160" lon="7.6323290">
    <ele>2159.9</ele>
   </trkpt>
   <trkpt lat="46.1567850" lon="7.6323550">
    <ele>2159.9</ele>
   </trkpt>
   <trkpt lat="46.1567530" lon="7.6323800">
    <ele>2160.0</ele>
   </trkpt>
   <trkpt lat="46.1567160" lon="7.6324030">
    <ele>2159.9</ele>
   </trkpt>
   <trkpt lat="46.1566790" lon="7.6324260">
    <ele>2159.8</ele>
   </trkpt>
   <trkpt lat="46.1566370" lon="7.6324440">
    <ele>2159.6</ele>
   </trkpt>
   <trkpt lat="46.1565960" lon="7.6324620">
    <ele>2159.3</ele>
   </trkpt>
   <trkpt lat="46.1565540" lon="7.6324790">
    <ele>2159.0</ele>
   </trkpt>
   <trkpt lat="46.1565120" lon="7.6324960">
    <ele>2158.7</ele>
   </trkpt>
   <trkpt lat="46.1564720" lon="7.6325140">
    <ele>2158.4</ele>
   </trkpt>
   <trkpt lat="46.1564320" lon="7.6325320">
    <ele>2158.1</ele>
   </trkpt>
   <trkpt lat="46.1563920" lon="7.6325470">
    <ele>2157.8</ele>
   </trkpt>
   <trkpt lat="46.1563520" lon="7.6325630">
    <ele>2157.5</ele>
   </trkpt>
   <trkpt lat="46.1563100" lon="7.6325820">
    <ele>2157.2</ele>
   </trkpt>
   <trkpt lat="46.1562690" lon="7.6326010">
    <ele>2156.9</ele>
   </trkpt>
   <trkpt lat="46.1562250" lon="7.6326190">
    <ele>2156.6</ele>
   </trkpt>
   <trkpt lat="46.1561810" lon="7.6326380">
    <ele>2156.3</ele>
   </trkpt>
   <trkpt lat="46.1561360" lon="7.6326490">
    <ele>2156.0</ele>
   </trkpt>
   <trkpt lat="46.1560900" lon="7.6326600">
    <ele>2155.7</ele>
   </trkpt>
   <trkpt lat="46.1560480" lon="7.6326640">
    <ele>2155.5</ele>
   </trkpt>
   <trkpt lat="46.1560050" lon="7.6326670">
    <ele>2155.4</ele>
   </trkpt>
   <trkpt lat="46.1559670" lon="7.6326640">
    <ele>2155.3</ele>
   </trkpt>
   <trkpt lat="46.1559290" lon="7.6326600">
    <ele>2155.3</ele>
   </trkpt>
   <trkpt lat="46.1558940" lon="7.6326550">
    <ele>2155.2</ele>
   </trkpt>
   <trkpt lat="46.1558600" lon="7.6326500">
    <ele>2155.2</ele>
   </trkpt>
   <trkpt lat="46.1558240" lon="7.6326500">
    <ele>2155.1</ele>
   </trkpt>
   <trkpt lat="46.1557890" lon="7.6326510">
    <ele>2155.1</ele>
   </trkpt>
   <trkpt lat="46.1557500" lon="7.6326560">
    <ele>2155.0</ele>
   </trkpt>
   <trkpt lat="46.1557100" lon="7.6326620">
    <ele>2154.9</ele>
   </trkpt>
   <trkpt lat="46.1556670" lon="7.6326680">
    <ele>2154.8</ele>
   </trkpt>
   <trkpt lat="46.1556240" lon="7.6326740">
    <ele>2154.6</ele>
   </trkpt>
   <trkpt lat="46.1555770" lon="7.6326760">
    <ele>2154.4</ele>
   </trkpt>
   <trkpt lat="46.1555310" lon="7.6326780">
    <ele>2154.2</ele>
   </trkpt>
   <trkpt lat="46.1554820" lon="7.6326760">
    <ele>2153.9</ele>
   </trkpt>
   <trkpt lat="46.1554340" lon="7.6326750">
    <ele>2153.6</ele>
   </trkpt>
   <trkpt lat="46.1553860" lon="7.6326710">
    <ele>2153.2</ele>
   </trkpt>
   <trkpt lat="46.1553370" lon="7.6326670">
    <ele>2152.8</ele>
   </trkpt>
   <trkpt lat="46.1552900" lon="7.6326620">
    <ele>2152.5</ele>
   </trkpt>
   <trkpt lat="46.1552430" lon="7.6326570">
    <ele>2152.2</ele>
   </trkpt>
   <trkpt lat="46.1551990" lon="7.6326550">
    <ele>2151.9</ele>
   </trkpt>
   <trkpt lat="46.1551550" lon="7.6326540">
    <ele>2151.7</ele>
   </trkpt>
   <trkpt lat="46.1551110" lon="7.6326550">
    <ele>2151.4</ele>
   </trkpt>
   <trkpt lat="46.1550670" lon="7.6326560">
    <ele>2151.2</ele>
   </trkpt>
   <trkpt lat="46.1550210" lon="7.6326520">
    <ele>2151.0</ele>
   </trkpt>
   <trkpt lat="46.1549750" lon="7.6326480">
    <ele>2150.8</ele>
   </trkpt>
   <trkpt lat="46.1549300" lon="7.6326350">
    <ele>2150.5</ele>
   </trkpt>
   <trkpt lat="46.1548850" lon="7.6326220">
    <ele>2150.2</ele>
   </trkpt>
   <trkpt lat="46.1548410" lon="7.6326040">
    <ele>2149.8</ele>
   </trkpt>
   <trkpt lat="46.1547980" lon="7.6325870">
    <ele>2149.5</ele>
   </trkpt>
   <trkpt lat="46.1547570" lon="7.6325690">
    <ele>2149.1</ele>
   </trkpt>
   <trkpt lat="46.1547160" lon="7.6325520">
    <ele>2148.8</ele>
   </trkpt>
   <trkpt lat="46.1546790" lon="7.6325380">
    <ele>2148.6</ele>
   </trkpt>
   <trkpt lat="46.1546420" lon="7.6325240">
    <ele>2148.4</ele>
   </trkpt>
   <trkpt lat="46.1546090" lon="7.6325100">
    <ele>2148.3</ele>
   </trkpt>
   <trkpt lat="46.1545760" lon="7.6324960">
    <ele>2148.1</ele>
   </trkpt>
   <trkpt lat="46.1545400" lon="7.6324760">
    <ele>2148.0</ele>
   </trkpt>
   <trkpt lat="46.1545040" lon="7.6324570">
    <ele>2147.9</ele>
   </trkpt>
   <trkpt lat="46.1544680" lon="7.6324380">
    <ele>2147.8</ele>
   </trkpt>
   <trkpt lat="46.1544310" lon="7.6324190">
    <ele>2147.7</ele>
   </trkpt>
   <trkpt lat="46.1543980" lon="7.6324200">
    <ele>2147.6</ele>
   </trkpt>
   <trkpt lat="46.1543650" lon="7.6324200">
    <ele>2147.5</ele>
   </trkpt>
   <trkpt lat="46.1543320" lon="7.6324360">
    <ele>2147.3</ele>
   </trkpt>
   <trkpt lat="46.1542990" lon="7.6324520">
    <ele>2147.1</ele>
   </trkpt>
   <trkpt lat="46.1542660" lon="7.6324680">
    <ele>2146.9</ele>
   </trkpt>
   <trkpt lat="46.1542370" lon="7.6324980">
    <ele>2146.7</ele>
   </trkpt>
   <trkpt lat="46.1542080" lon="7.6325280">
    <ele>2146.6</ele>
   </trkpt>
   <trkpt lat="46.1541840" lon="7.6325580">
    <ele>2146.5</ele>
   </trkpt>
   <trkpt lat="46.1541610" lon="7.6325880">
    <ele>2146.5</ele>
   </trkpt>
   <trkpt lat="46.1541430" lon="7.6326140">
    <ele>2146.5</ele>
   </trkpt>
   <trkpt lat="46.1541260" lon="7.6326400">
    <ele>2146.5</ele>
   </trkpt>
   <trkpt lat="46.1541090" lon="7.6326580">
    <ele>2146.6</ele>
   </trkpt>
   <trkpt lat="46.1540930" lon="7.6326750">
    <ele>2146.7</ele>
   </trkpt>
   <trkpt lat="46.1540730" lon="7.6326940">
    <ele>2146.8</ele>
   </trkpt>
   <trkpt lat="46.1540530" lon="7.6327130">
    <ele>2146.9</ele>
   </trkpt>
   <trkpt lat="46.1540270" lon="7.6327360">
    <ele>2147.0</ele>
   </trkpt>
   <trkpt lat="46.1540010" lon="7.6327590">
    <ele>2147.1</ele>
   </trkpt>
   <trkpt lat="46.1539680" lon="7.6327800">
    <ele>2147.2</ele>
   </trkpt>
   <trkpt lat="46.1539350" lon="7.6328020">
    <ele>2147.3</ele>
   </trkpt>
   <trkpt lat="46.1538970" lon="7.6328190">
    <ele>2147.4</ele>
   </trkpt>
   <trkpt lat="46.1538590" lon="7.6328360">
    <ele>2147.5</ele>
   </trkpt>
   <trkpt lat="46.1538230" lon="7.6328480">
    <ele>2147.6</ele>
   </trkpt>
   <trkpt lat="46.1537880" lon="7.6328600">
    <ele>2147.8</ele>
   </trkpt>
   <trkpt lat="46.1537520" lon="7.6328700">
    <ele>2148.1</ele>
   </trkpt>
   <trkpt lat="46.1537170" lon="7.6328790">
    <ele>2148.5</ele>
   </trkpt>
   <trkpt lat="46.1536800" lon="7.6328890">
    <ele>2148.9</ele>
   </trkpt>
   <trkpt lat="46.1536440" lon="7.6328990">
    <ele>2149.4</ele>
   </trkpt>
   <trkpt lat="46.1536060" lon="7.6329110">
    <ele>2149.8</ele>
   </trkpt>
   <trkpt lat="46.1535670" lon="7.6329230">
    <ele>2150.3</ele>
   </trkpt>
   <trkpt lat="46.1535220" lon="7.6329390">
    <ele>2150.9</ele>
   </trkpt>
   <trkpt lat="46.1534770" lon="7.6329550">
    <ele>2151.3</ele>
   </trkpt>
   <trkpt lat="46.1534260" lon="7.6329680">
    <ele>2151.6</ele>
   </trkpt>
   <trkpt lat="46.1533750" lon="7.6329800">
    <ele>2151.9</ele>
   </trkpt>
   <trkpt lat="46.1533220" lon="7.6329820">
    <ele>2152.3</ele>
   </trkpt>
   <trkpt lat="46.1532680" lon="7.6329840">
    <ele>2152.6</ele>
   </trkpt>
   <trkpt lat="46.1532210" lon="7.6329800">
    <ele>2153.0</ele>
   </trkpt>
   <trkpt lat="46.1531730" lon="7.6329760">
    <ele>2153.3</ele>
   </trkpt>
   <trkpt lat="46.1531340" lon="7.6329660">
    <ele>2153.7</ele>
   </trkpt>
   <trkpt lat="46.1530950" lon="7.6329560">
    <ele>2154.0</ele>
   </trkpt>
   <trkpt lat="46.1530610" lon="7.6329400">
    <ele>2154.3</ele>
   </trkpt>
   <trkpt lat="46.1530270" lon="7.6329230">
    <ele>2154.5</ele>
   </trkpt>
   <trkpt lat="46.1529940" lon="7.6329130">
    <ele>2154.7</ele>
   </trkpt>
   <trkpt lat="46.1529610" lon="7.6329020">
    <ele>2154.9</ele>
   </trkpt>
   <trkpt lat="46.1529240" lon="7.6328980">
    <ele>2155.0</ele>
   </trkpt>
   <trkpt lat="46.1528880" lon="7.6328940">
    <ele>2155.0</ele>
   </trkpt>
   <trkpt lat="46.1528490" lon="7.6328980">
    <ele>2155.0</ele>
   </trkpt>
   <trkpt lat="46.1528110" lon="7.6329020">
    <ele>2154.9</ele>
   </trkpt>
   <trkpt lat="46.1527730" lon="7.6329120">
    <ele>2154.9</ele>
   </trkpt>
   <trkpt lat="46.1527340" lon="7.6329210">
    <ele>2154.9</ele>
   </trkpt>
   <trkpt lat="46.1526990" lon="7.6329320">
    <ele>2154.9</ele>
   </trkpt>
   <trkpt lat="46.1526630" lon="7.6329430">
    <ele>2155.1</ele>
   </trkpt>
   <trkpt lat="46.1526300" lon="7.6329550">
    <ele>2155.3</ele>
   </trkpt>
   <trkpt lat="46.1525980" lon="7.6329660">
    <ele>2155.6</ele>
   </trkpt>
   <trkpt lat="46.1525680" lon="7.6329780">
    <ele>2156.0</ele>
   </trkpt>
   <trkpt lat="46.1525390" lon="7.6329910">
    <ele>2156.4</ele>
   </trkpt>
   <trkpt lat="46.1525120" lon="7.6330000">
    <ele>2156.9</ele>
   </trkpt>
   <trkpt lat="46.1524860" lon="7.6330090">
    <ele>2157.3</ele>
   </trkpt>
   <trkpt lat="46.1524600" lon="7.6330130">
    <ele>2157.8</ele>
   </trkpt>
   <trkpt lat="46.1524340" lon="7.6330170">
    <ele>2158.3</ele>
   </trkpt>
   <trkpt lat="46.1524050" lon="7.6330130">
    <ele>2158.6</ele>
   </trkpt>
   <trkpt lat="46.1523760" lon="7.6330080">
    <ele>2158.6</ele>
   </trkpt>
   <trkpt lat="46.1523460" lon="7.6330050">
    <ele>2158.4</ele>
   </trkpt>
   <trkpt lat="46.1523150" lon="7.6330010">
    <ele>2158.2</ele>
   </trkpt>
   <trkpt lat="46.1522840" lon="7.6330010">
    <ele>2157.8</ele>
   </trkpt>
   <trkpt lat="46.1522530" lon="7.6330010">
    <ele>2157.4</ele>
   </trkpt>
   <trkpt lat="46.1522200" lon="7.6329960">
    <ele>2156.7</ele>
   </trkpt>
   <trkpt lat="46.1521870" lon="7.6329920">
    <ele>2156.0</ele>
   </trkpt>
   <trkpt lat="46.1521550" lon="7.6329860">
    <ele>2155.1</ele>
   </trkpt>
   <trkpt lat="46.1521230" lon="7.6329800">
    <ele>2154.2</ele>
   </trkpt>
   <trkpt lat="46.1520880" lon="7.6329710">
    <ele>2153.2</ele>
   </trkpt>
   <trkpt lat="46.1520540" lon="7.6329620">
    <ele>2152.2</ele>
   </trkpt>
   <trkpt lat="46.1520170" lon="7.6329490">
    <ele>2151.0</ele>
   </trkpt>
   <trkpt lat="46.1519800" lon="7.6329370">
    <ele>2149.9</ele>
   </trkpt>
   <trkpt lat="46.1519510" lon="7.6329200">
    <ele>2148.9</ele>
   </trkpt>
   <trkpt lat="46.1519210" lon="7.6329030">
    <ele>2147.8</ele>
   </trkpt>
   <trkpt lat="46.1519060" lon="7.6328830">
    <ele>2147.1</ele>
   </trkpt>
   <trkpt lat="46.1518900" lon="7.6328620">
    <ele>2146.4</ele>
   </trkpt>
   <trkpt lat="46.1518840" lon="7.6328400">
    <ele>2145.8</ele>
   </trkpt>
   <trkpt lat="46.1518770" lon="7.6328170">
    <ele>2145.1</ele>
   </trkpt>
   <trkpt lat="46.1518720" lon="7.6327950">
    <ele>2144.5</ele>
   </trkpt>
   <trkpt lat="46.1518680" lon="7.6327730">
    <ele>2143.9</ele>
   </trkpt>
   <trkpt lat="46.1518630" lon="7.6327430">
    <ele>2143.1</ele>
   </trkpt>
   <trkpt lat="46.1518570" lon="7.6327120">
    <ele>2142.3</ele>
   </trkpt>
   <trkpt lat="46.1518510" lon="7.6326760">
    <ele>2141.2</ele>
   </trkpt>
   <trkpt lat="46.1518440" lon="7.6326400">
    <ele>2140.2</ele>
   </trkpt>
   <trkpt lat="46.1518400" lon="7.6326080">
    <ele>2139.3</ele>
   </trkpt>
   <trkpt lat="46.1518360" lon="7.6325770">
    <ele>2138.4</ele>
   </trkpt>
   <trkpt lat="46.1518350" lon="7.6325400">
    <ele>2137.4</ele>
   </trkpt>
   <trkpt lat="46.1518350" lon="7.6325030">
    <ele>2136.4</ele>
   </trkpt>
   <trkpt lat="46.1518450" lon="7.6324620">
    <ele>2135.3</ele>
   </trkpt>
   <trkpt lat="46.1518550" lon="7.6324210">
    <ele>2134.2</ele>
   </trkpt>
   <trkpt lat="46.1518770" lon="7.6323850">
    <ele>2133.1</ele>
   </trkpt>
   <trkpt lat="46.1518990" lon="7.6323480">
    <ele>2131.9</ele>
   </trkpt>
   <trkpt lat="46.1519260" lon="7.6323150">
    <ele>2130.8</ele>
   </trkpt>
   <trkpt lat="46.1519540" lon="7.6322830">
    <ele>2129.6</ele>
   </trkpt>
   <trkpt lat="46.1519780" lon="7.6322510">
    <ele>2128.6</ele>
   </trkpt>
   <trkpt lat="46.1520020" lon="7.6322190">
    <ele>2127.6</ele>
   </trkpt>
   <trkpt lat="46.1520090" lon="7.6321930">
    <ele>2127.0</ele>
   </trkpt>
   <trkpt lat="46.1520160" lon="7.6321670">
    <ele>2126.4</ele>
   </trkpt>
   <trkpt lat="46.1520040" lon="7.6321590">
    <ele>2126.0</ele>
   </trkpt>
   <trkpt lat="46.1519930" lon="7.6321520">
    <ele>2125.7</ele>
   </trkpt>
   <trkpt lat="46.1519670" lon="7.6321570">
    <ele>2124.9</ele>
   </trkpt>
   <trkpt lat="46.1519410" lon="7.6321620">
    <ele>2124.1</ele>
   </trkpt>
   <trkpt lat="46.1519050" lon="7.6321760">
    <ele>2122.9</ele>
   </trkpt>
   <trkpt lat="46.1518700" lon="7.6321900">
    <ele>2121.9</ele>
   </trkpt>
   <trkpt lat="46.1518230" lon="7.6321980">
    <ele>2120.5</ele>
   </trkpt>
   <trkpt lat="46.1517760" lon="7.6322050">
    <ele>2119.1</ele>
   </trkpt>
   <trkpt lat="46.1517250" lon="7.6322000">
    <ele>2117.8</ele>
   </trkpt>
   <trkpt lat="46.1516730" lon="7.6321940">
    <ele>2116.7</ele>
   </trkpt>
   <trkpt lat="46.1516240" lon="7.6321820">
    <ele>2115.7</ele>
   </trkpt>
   <trkpt lat="46.1515750" lon="7.6321700">
    <ele>2114.9</ele>
   </trkpt>
   <trkpt lat="46.1515320" lon="7.6321620">
    <ele>2114.2</ele>
   </trkpt>
   <trkpt lat="46.1514890" lon="7.6321540">
    <ele>2113.5</ele>
   </trkpt>
   <trkpt lat="46.1514510" lon="7.6321530">
    <ele>2112.9</ele>
   </trkpt>
   <trkpt lat="46.1514130" lon="7.6321510">
    <ele>2112.3</ele>
   </trkpt>
   <trkpt lat="46.1513690" lon="7.6321580">
    <ele>2111.4</ele>
   </trkpt>
   <trkpt lat="46.1513260" lon="7.6321660">
    <ele>2110.5</ele>
   </trkpt>
   <trkpt lat="46.1512770" lon="7.6321850">
    <ele>2109.4</ele>
   </trkpt>
   <trkpt lat="46.1512290" lon="7.6322050">
    <ele>2108.2</ele>
   </trkpt>
   <trkpt lat="46.1511850" lon="7.6322370">
    <ele>2107.1</ele>
   </trkpt>
   <trkpt lat="46.1511410" lon="7.6322690">
    <ele>2106.1</ele>
   </trkpt>
   <trkpt lat="46.1511030" lon="7.6322950">
    <ele>2105.4</ele>
   </trkpt>
   <trkpt lat="46.1510640" lon="7.6323220">
    <ele>2104.9</ele>
   </trkpt>
   <trkpt lat="46.1510290" lon="7.6323410">
    <ele>2104.6</ele>
   </trkpt>
   <trkpt lat="46.1509930" lon="7.6323610">
    <ele>2104.4</ele>
   </trkpt>
   <trkpt lat="46.1509600" lon="7.6323750">
    <ele>2104.3</ele>
   </trkpt>
   <trkpt lat="46.1509270" lon="7.6323890">
    <ele>2104.2</ele>
   </trkpt>
   <trkpt lat="46.1508920" lon="7.6323980">
    <ele>2104.2</ele>
   </trkpt>
   <trkpt lat="46.1508580" lon="7.6324060">
    <ele>2104.1</ele>
   </trkpt>
   <trkpt lat="46.1508250" lon="7.6324160">
    <ele>2104.1</ele>
   </trkpt>
   <trkpt lat="46.1507910" lon="7.6324250">
    <ele>2104.1</ele>
   </trkpt>
   <trkpt lat="46.1507530" lon="7.6324320">
    <ele>2104.2</ele>
   </trkpt>
   <trkpt lat="46.1507150" lon="7.6324400">
    <ele>2104.2</ele>
   </trkpt>
   <trkpt lat="46.1506750" lon="7.6324520">
    <ele>2104.2</ele>
   </trkpt>
   <trkpt lat="46.1506350" lon="7.6324650">
    <ele>2104.0</ele>
   </trkpt>
   <trkpt lat="46.1505920" lon="7.6324900">
    <ele>2103.8</ele>
   </trkpt>
   <trkpt lat="46.1505490" lon="7.6325140">
    <ele>2103.4</ele>
   </trkpt>
   <trkpt lat="46.1505030" lon="7.6325450">
    <ele>2103.0</ele>
   </trkpt>
   <trkpt lat="46.1504570" lon="7.6325770">
    <ele>2102.5</ele>
   </trkpt>
   <trkpt lat="46.1504090" lon="7.6325990">
    <ele>2102.2</ele>
   </trkpt>
   <trkpt lat="46.1503600" lon="7.6326210">
    <ele>2101.9</ele>
   </trkpt>
   <trkpt lat="46.1503140" lon="7.6326250">
    <ele>2101.7</ele>
   </trkpt>
   <trkpt lat="46.1502670" lon="7.6326300">
    <ele>2101.6</ele>
   </trkpt>
   <trkpt lat="46.1502280" lon="7.6326260">
    <ele>2101.5</ele>
   </trkpt>
   <trkpt lat="46.1501900" lon="7.6326230">
    <ele>2101.5</ele>
   </trkpt>
   <trkpt lat="46.1501560" lon="7.6326160">
    <ele>2101.5</ele>
   </trkpt>
   <trkpt lat="46.1501230" lon="7.6326100">
    <ele>2101.5</ele>
   </trkpt>
   <trkpt lat="46.1500910" lon="7.6326010">
    <ele>2101.4</ele>
   </trkpt>
   <trkpt lat="46.1500590" lon="7.6325910">
    <ele>2101.4</ele>
   </trkpt>
   <trkpt lat="46.1500290" lon="7.6325840">
    <ele>2101.3</ele>
   </trkpt>
   <trkpt lat="46.1499980" lon="7.6325770">
    <ele>2101.2</ele>
   </trkpt>
   <trkpt lat="46.1499660" lon="7.6325730">
    <ele>2101.0</ele>
   </trkpt>
   <trkpt lat="46.1499340" lon="7.6325690">
    <ele>2100.8</ele>
   </trkpt>
   <trkpt lat="46.1498970" lon="7.6325660">
    <ele>2100.5</ele>
   </trkpt>
   <trkpt lat="46.1498600" lon="7.6325630">
    <ele>2100.1</ele>
   </trkpt>
   <trkpt lat="46.1498210" lon="7.6325630">
    <ele>2099.6</ele>
   </trkpt>
   <trkpt lat="46.1497810" lon="7.6325620">
    <ele>2099.0</ele>
   </trkpt>
   <trkpt lat="46.1497370" lon="7.6325550">
    <ele>2098.4</ele>
   </trkpt>
   <trkpt lat="46.1496940" lon="7.6325470">
    <ele>2097.9</ele>
   </trkpt>
   <trkpt lat="46.1496470" lon="7.6325370">
    <ele>2097.3</ele>
   </trkpt>
   <trkpt lat="46.1496000" lon="7.6325260">
    <ele>2096.7</ele>
   </trkpt>
   <trkpt lat="46.1495500" lon="7.6325160">
    <ele>2096.1</ele>
   </trkpt>
   <trkpt lat="46.1495010" lon="7.6325050">
    <ele>2095.5</ele>
   </trkpt>
   <trkpt lat="46.1494500" lon="7.6324820">
    <ele>2094.8</ele>
   </trkpt>
   <trkpt lat="46.1493990" lon="7.6324600">
    <ele>2094.1</ele>
   </trkpt>
   <trkpt lat="46.1493510" lon="7.6324230">
    <ele>2093.5</ele>
   </trkpt>
   <trkpt lat="46.1493020" lon="7.6323860">
    <ele>2093.0</ele>
   </trkpt>
   <trkpt lat="46.1492540" lon="7.6323430">
    <ele>2092.5</ele>
   </trkpt>
   <trkpt lat="46.1492060" lon="7.6322990">
    <ele>2092.0</ele>
   </trkpt>
   <trkpt lat="46.1491600" lon="7.6322720">
    <ele>2091.4</ele>
   </trkpt>
   <trkpt lat="46.1491140" lon="7.6322460">
    <ele>2090.8</ele>
   </trkpt>
   <trkpt lat="46.1490690" lon="7.6322410">
    <ele>2090.2</ele>
   </trkpt>
   <trkpt lat="46.1490230" lon="7.6322370">
    <ele>2089.6</ele>
   </trkpt>
   <trkpt lat="46.1489740" lon="7.6322380">
    <ele>2088.9</ele>
   </trkpt>
   <trkpt lat="46.1489230" lon="7.6322390">
    <ele>2088.1</ele>
   </trkpt>
   <trkpt lat="46.1488660" lon="7.6322380">
    <ele>2087.2</ele>
   </trkpt>
   <trkpt lat="46.1488080" lon="7.6322380">
    <ele>2086.3</ele>
   </trkpt>
   <trkpt lat="46.1487510" lon="7.6322430">
    <ele>2085.3</ele>
   </trkpt>
   <trkpt lat="46.1486940" lon="7.6322480">
    <ele>2084.4</ele>
   </trkpt>
   <trkpt lat="46.1486440" lon="7.6322560">
    <ele>2083.6</ele>
   </trkpt>
   <trkpt lat="46.1485930" lon="7.6322650">
    <ele>2082.8</ele>
   </trkpt>
   <trkpt lat="46.1485480" lon="7.6322850">
    <ele>2082.1</ele>
   </trkpt>
   <trkpt lat="46.1485030" lon="7.6323060">
    <ele>2081.4</ele>
   </trkpt>
   <trkpt lat="46.1484660" lon="7.6323320">
    <ele>2080.8</ele>
   </trkpt>
   <trkpt lat="46.1484280" lon="7.6323590">
    <ele>2080.1</ele>
   </trkpt>
   <trkpt lat="46.1483930" lon="7.6323770">
    <ele>2079.4</ele>
   </trkpt>
   <trkpt lat="46.1483580" lon="7.6323950">
    <ele>2078.7</ele>
   </trkpt>
   <trkpt lat="46.1483200" lon="7.6324010">
    <ele>2077.9</ele>
   </trkpt>
   <trkpt lat="46.1482820" lon="7.6324070">
    <ele>2077.1</ele>
   </trkpt>
   <trkpt lat="46.1482450" lon="7.6324050">
    <ele>2076.4</ele>
   </trkpt>
   <trkpt lat="46.1482090" lon="7.6324030">
    <ele>2075.6</ele>
   </trkpt>
   <trkpt lat="46.1481740" lon="7.6323930">
    <ele>2075.0</ele>
   </trkpt>
   <trkpt lat="46.1481390" lon="7.6323830">
    <ele>2074.4</ele>
   </trkpt>
   <trkpt lat="46.1481040" lon="7.6323740">
    <ele>2073.9</ele>
   </trkpt>
   <trkpt lat="46.1480690" lon="7.6323650">
    <ele>2073.4</ele>
   </trkpt>
   <trkpt lat="46.1480310" lon="7.6323750">
    <ele>2072.9</ele>
   </trkpt>
   <trkpt lat="46.1479940" lon="7.6323860">
    <ele>2072.4</ele>
   </trkpt>
   <trkpt lat="46.1479510" lon="7.6324120">
    <ele>2071.8</ele>
   </trkpt>
   <trkpt lat="46.1479090" lon="7.6324380">
    <ele>2071.0</ele>
   </trkpt>
   <trkpt lat="46.1478640" lon="7.6324670">
    <ele>2070.2</ele>
   </trkpt>
   <trkpt lat="46.1478180" lon="7.6324970">
    <ele>2069.2</ele>
   </trkpt>
   <trkpt lat="46.1477710" lon="7.6325300">
    <ele>2068.2</ele>
   </trkpt>
   <trkpt lat="46.1477240" lon="7.6325640">
    <ele>2067.2</ele>
   </trkpt>
   <trkpt lat="46.1476690" lon="7.6325960">
    <ele>2066.2</ele>
   </trkpt>
   <trkpt lat="46.1476130" lon="7.6326270">
    <ele>2065.2</ele>
   </trkpt>
   <trkpt lat="46.1475450" lon="7.6326460">
    <ele>2064.1</ele>
   </trkpt>
   <trkpt lat="46.1474770" lon="7.6326650">
    <ele>2063.0</ele>
   </trkpt>
   <trkpt lat="46.1474070" lon="7.6326720">
    <ele>2061.9</ele>
   </trkpt>
   <trkpt lat="46.1473380" lon="7.6326790">
    <ele>2060.8</ele>
   </trkpt>
   <trkpt lat="46.1472750" lon="7.6326820">
    <ele>2059.9</ele>
   </trkpt>
   <trkpt lat="46.1472130" lon="7.6326850">
    <ele>2059.1</ele>
   </trkpt>
   <trkpt lat="46.1471560" lon="7.6326930">
    <ele>2058.3</ele>
   </trkpt>
   <trkpt lat="46.1471000" lon="7.6327010">
    <ele>2057.5</ele>
   </trkpt>
   <trkpt lat="46.1470500" lon="7.6327160">
    <ele>2056.8</ele>
   </trkpt>
   <trkpt lat="46.1469990" lon="7.6327300">
    <ele>2056.1</ele>
   </trkpt>
   <trkpt lat="46.1469550" lon="7.6327590">
    <ele>2055.5</ele>
   </trkpt>
   <trkpt lat="46.1469110" lon="7.6327870">
    <ele>2054.9</ele>
   </trkpt>
   <trkpt lat="46.1468760" lon="7.6328310">
    <ele>2054.5</ele>
   </trkpt>
   <trkpt lat="46.1468410" lon="7.6328750">
    <ele>2054.1</ele>
   </trkpt>
   <trkpt lat="46.1468190" lon="7.6329310">
    <ele>2054.0</ele>
   </trkpt>
   <trkpt lat="46.1467970" lon="7.6329860">
    <ele>2053.9</ele>
   </trkpt>
   <trkpt lat="46.1467840" lon="7.6330440">
    <ele>2054.0</ele>
   </trkpt>
   <trkpt lat="46.1467710" lon="7.6331030">
    <ele>2054.2</ele>
   </trkpt>
   <trkpt lat="46.1467580" lon="7.6331530">
    <ele>2054.4</ele>
   </trkpt>
   <trkpt lat="46.1467440" lon="7.6332020">
    <ele>2054.6</ele>
   </trkpt>
   <trkpt lat="46.1467200" lon="7.6332430">
    <ele>2054.8</ele>
   </trkpt>
   <trkpt lat="46.1466960" lon="7.6332830">
    <ele>2055.0</ele>
   </trkpt>
   <trkpt lat="46.1466620" lon="7.6333260">
    <ele>2055.0</ele>
   </trkpt>
   <trkpt lat="46.1466280" lon="7.6333690">
    <ele>2054.9</ele>
   </trkpt>
   <trkpt lat="46.1465840" lon="7.6334120">
    <ele>2054.5</ele>
   </trkpt>
   <trkpt lat="46.1465400" lon="7.6334550">
    <ele>2054.1</ele>
   </trkpt>
   <trkpt lat="46.1464980" lon="7.6335020">
    <ele>2053.5</ele>
   </trkpt>
   <trkpt lat="46.1464560" lon="7.6335490">
    <ele>2052.9</ele>
   </trkpt>
   <trkpt lat="46.1464180" lon="7.6336020">
    <ele>2052.1</ele>
   </trkpt>
   <trkpt lat="46.1463800" lon="7.6336540">
    <ele>2051.2</ele>
   </trkpt>
   <trkpt lat="46.1463440" lon="7.6337090">
    <ele>2050.2</ele>
   </trkpt>
   <trkpt lat="46.1463070" lon="7.6337630">
    <ele>2049.1</ele>
   </trkpt>
   <trkpt lat="46.1462690" lon="7.6338130">
    <ele>2048.1</ele>
   </trkpt>
   <trkpt lat="46.1462310" lon="7.6338620">
    <ele>2047.0</ele>
   </trkpt>
   <trkpt lat="46.1461870" lon="7.6339010">
    <ele>2045.9</ele>
   </trkpt>
   <trkpt lat="46.1461430" lon="7.6339390">
    <ele>2044.9</ele>
   </trkpt>
   <trkpt lat="46.1460940" lon="7.6339560">
    <ele>2043.9</ele>
   </trkpt>
   <trkpt lat="46.1460460" lon="7.6339730">
    <ele>2043.0</ele>
   </trkpt>
   <trkpt lat="46.1459970" lon="7.6339750">
    <ele>2042.1</ele>
   </trkpt>
   <trkpt lat="46.1459480" lon="7.6339770">
    <ele>2041.4</ele>
   </trkpt>
   <trkpt lat="46.1459030" lon="7.6339800">
    <ele>2041.0</ele>
   </trkpt>
   <trkpt lat="46.1458590" lon="7.6339830">
    <ele>2040.7</ele>
   </trkpt>
   <trkpt lat="46.1458250" lon="7.6339900">
    <ele>2040.6</ele>
   </trkpt>
   <trkpt lat="46.1457900" lon="7.6339970">
    <ele>2040.5</ele>
   </trkpt>
   <trkpt lat="46.1457620" lon="7.6340010">
    <ele>2040.5</ele>
   </trkpt>
   <trkpt lat="46.1457330" lon="7.6340050">
    <ele>2040.5</ele>
   </trkpt>
   <trkpt lat="46.1457060" lon="7.6340110">
    <ele>2040.4</ele>
   </trkpt>
   <trkpt lat="46.1456790" lon="7.6340160">
    <ele>2040.4</ele>
   </trkpt>
   <trkpt lat="46.1456510" lon="7.6340270">
    <ele>2040.3</ele>
   </trkpt>
   <trkpt lat="46.1456220" lon="7.6340380">
    <ele>2040.2</ele>
   </trkpt>
   <trkpt lat="46.1455880" lon="7.6340530">
    <ele>2040.0</ele>
   </trkpt>
   <trkpt lat="46.1455550" lon="7.6340680">
    <ele>2039.8</ele>
   </trkpt>
   <trkpt lat="46.1455180" lon="7.6340880">
    <ele>2039.4</ele>
   </trkpt>
   <trkpt lat="46.1454800" lon="7.6341080">
    <ele>2038.8</ele>
   </trkpt>
   <trkpt lat="46.1454420" lon="7.6341250">
    <ele>2038.1</ele>
   </trkpt>
   <trkpt lat="46.1454040" lon="7.6341430">
    <ele>2037.1</ele>
   </trkpt>
   <trkpt lat="46.1453690" lon="7.6341510">
    <ele>2036.0</ele>
   </trkpt>
   <trkpt lat="46.1453330" lon="7.6341600">
    <ele>2034.7</ele>
   </trkpt>
   <trkpt lat="46.1452980" lon="7.6341570">
    <ele>2033.4</ele>
   </trkpt>
   <trkpt lat="46.1452640" lon="7.6341540">
    <ele>2032.0</ele>
   </trkpt>
   <trkpt lat="46.1452290" lon="7.6341450">
    <ele>2030.5</ele>
   </trkpt>
   <trkpt lat="46.1451950" lon="7.6341370">
    <ele>2028.4</ele>
   </trkpt>
   <trkpt lat="46.1451620" lon="7.6341240">
    <ele>2025.1</ele>
   </trkpt>
   <trkpt lat="46.1451280" lon="7.6341100">
    <ele>2022.1</ele>
   </trkpt>
   <trkpt lat="46.1450990" lon="7.6340870">
    <ele>2021.0</ele>
   </trkpt>
   <trkpt lat="46.1450700" lon="7.6340640">
    <ele>2019.9</ele>
   </trkpt>
   <trkpt lat="46.1450430" lon="7.6340360">
    <ele>2018.9</ele>
   </trkpt>
   <trkpt lat="46.1450150" lon="7.6340090">
    <ele>2017.7</ele>
   </trkpt>
   <trkpt lat="46.1449850" lon="7.6339820">
    <ele>2016.1</ele>
   </trkpt>
   <trkpt lat="46.1449540" lon="7.6339540">
    <ele>2014.4</ele>
   </trkpt>
   <trkpt lat="46.1449200" lon="7.6339270">
    <ele>2012.5</ele>
   </trkpt>
   <trkpt lat="46.1448870" lon="7.6339000">
    <ele>2010.7</ele>
   </trkpt>
   <trkpt lat="46.1448560" lon="7.6338660">
    <ele>2008.7</ele>
   </trkpt>
   <trkpt lat="46.1448260" lon="7.6338330">
    <ele>2006.8</ele>
   </trkpt>
   <trkpt lat="46.1447990" lon="7.6337930">
    <ele>2004.9</ele>
   </trkpt>
   <trkpt lat="46.1447730" lon="7.6337540">
    <ele>2003.0</ele>
   </trkpt>
   <trkpt lat="46.1447450" lon="7.6337180">
    <ele>2001.1</ele>
   </trkpt>
   <trkpt lat="46.1447170" lon="7.6336820">
    <ele>1999.2</ele>
   </trkpt>
   <trkpt lat="46.1446840" lon="7.6336540">
    <ele>1997.3</ele>
   </trkpt>
   <trkpt lat="46.1446510" lon="7.6336250">
    <ele>1995.6</ele>
   </trkpt>
   <trkpt lat="46.1446130" lon="7.6336040">
    <ele>1994.5</ele>
   </trkpt>
   <trkpt lat="46.1445740" lon="7.6335820">
    <ele>1993.4</ele>
   </trkpt>
   <trkpt lat="46.1445330" lon="7.6335640">
    <ele>1992.3</ele>
   </trkpt>
   <trkpt lat="46.1444910" lon="7.6335460">
    <ele>1990.9</ele>
   </trkpt>
   <trkpt lat="46.1444490" lon="7.6335270">
    <ele>1989.4</ele>
   </trkpt>
   <trkpt lat="46.1444080" lon="7.6335080">
    <ele>1988.0</ele>
   </trkpt>
   <trkpt lat="46.1443670" lon="7.6334850">
    <ele>1986.6</ele>
   </trkpt>
   <trkpt lat="46.1443270" lon="7.6334610">
    <ele>1985.2</ele>
   </trkpt>
   <trkpt lat="46.1442930" lon="7.6334330">
    <ele>1983.9</ele>
   </trkpt>
   <trkpt lat="46.1442590" lon="7.6334050">
    <ele>1982.7</ele>
   </trkpt>
   <trkpt lat="46.1442280" lon="7.6333750">
    <ele>1981.3</ele>
   </trkpt>
   <trkpt lat="46.1441970" lon="7.6333450">
    <ele>1979.9</ele>
   </trkpt>
   <trkpt lat="46.1441660" lon="7.6333130">
    <ele>1978.3</ele>
   </trkpt>
   <trkpt lat="46.1441350" lon="7.6332810">
    <ele>1976.7</ele>
   </trkpt>
   <trkpt lat="46.1441040" lon="7.6332470">
    <ele>1974.9</ele>
   </trkpt>
   <trkpt lat="46.1440720" lon="7.6332140">
    <ele>1973.0</ele>
   </trkpt>
   <trkpt lat="46.1440430" lon="7.6331850">
    <ele>1971.2</ele>
   </trkpt>
   <trkpt lat="46.1440140" lon="7.6331560">
    <ele>1969.4</ele>
   </trkpt>
   <trkpt lat="46.1439900" lon="7.6331340">
    <ele>1967.9</ele>
   </trkpt>
   <trkpt lat="46.1439660" lon="7.6331130">
    <ele>1966.4</ele>
   </trkpt>
   <trkpt lat="46.1439460" lon="7.6330920">
    <ele>1965.1</ele>
   </trkpt>
   <trkpt lat="46.1439260" lon="7.6330720">
    <ele>1963.8</ele>
   </trkpt>
   <trkpt lat="46.1439020" lon="7.6330480">
    <ele>1962.2</ele>
   </trkpt>
   <trkpt lat="46.1438790" lon="7.6330240">
    <ele>1960.7</ele>
   </trkpt>
   <trkpt lat="46.1438520" lon="7.6330020">
    <ele>1959.1</ele>
   </trkpt>
   <trkpt lat="46.1438250" lon="7.6329810">
    <ele>1957.8</ele>
   </trkpt>
   <trkpt lat="46.1437960" lon="7.6329710">
    <ele>1957.1</ele>
   </trkpt>
   <trkpt lat="46.1437670" lon="7.6329610">
    <ele>1955.7</ele>
   </trkpt>
   <trkpt lat="46.1437340" lon="7.6329700">
    <ele>1954.5</ele>
   </trkpt>
   <trkpt lat="46.1437010" lon="7.6329790">
    <ele>1953.2</ele>
   </trkpt>
   <trkpt lat="46.1436640" lon="7.6330000">
    <ele>1951.8</ele>
   </trkpt>
   <trkpt lat="46.1436280" lon="7.6330220">
    <ele>1950.5</ele>
   </trkpt>
   <trkpt lat="46.1435940" lon="7.6330330">
    <ele>1949.3</ele>
   </trkpt>
   <trkpt lat="46.1435600" lon="7.6330440">
    <ele>1948.2</ele>
   </trkpt>
   <trkpt lat="46.1435310" lon="7.6330270">
    <ele>1947.1</ele>
   </trkpt>
   <trkpt lat="46.1435020" lon="7.6330090">
    <ele>1946.0</ele>
   </trkpt>
   <trkpt lat="46.1434720" lon="7.6329660">
    <ele>1944.6</ele>
   </trkpt>
   <trkpt lat="46.1434420" lon="7.6329230">
    <ele>1943.2</ele>
   </trkpt>
   <trkpt lat="46.1434110" lon="7.6328680">
    <ele>1941.4</ele>
   </trkpt>
   <trkpt lat="46.1433800" lon="7.6328120">
    <ele>1939.6</ele>
   </trkpt>
   <trkpt lat="46.1433540" lon="7.6327490">
    <ele>1937.8</ele>
   </trkpt>
   <trkpt lat="46.1433280" lon="7.6326860">
    <ele>1936.0</ele>
   </trkpt>
   <trkpt lat="46.1433190" lon="7.6326190">
    <ele>1934.3</ele>
   </trkpt>
   <trkpt lat="46.1433110" lon="7.6325510">
    <ele>1932.7</ele>
   </trkpt>
   <trkpt lat="46.1433240" lon="7.6324850">
    <ele>1931.2</ele>
   </trkpt>
   <trkpt lat="46.1433370" lon="7.6324200">
    <ele>1929.8</ele>
   </trkpt>
   <trkpt lat="46.1433600" lon="7.6323560">
    <ele>1928.3</ele>
   </trkpt>
   <trkpt lat="46.1433840" lon="7.6322920">
    <ele>1926.7</ele>
   </trkpt>
   <trkpt lat="46.1434140" lon="7.6322300">
    <ele>1925.2</ele>
   </trkpt>
   <trkpt lat="46.1434430" lon="7.6321680">
    <ele>1923.7</ele>
   </trkpt>
   <trkpt lat="46.1434770" lon="7.6321120">
    <ele>1922.1</ele>
   </trkpt>
   <trkpt lat="46.1435120" lon="7.6320570">
    <ele>1920.6</ele>
   </trkpt>
   <trkpt lat="46.1435410" lon="7.6320020">
    <ele>1919.2</ele>
   </trkpt>
   <trkpt lat="46.1435700" lon="7.6319470">
    <ele>1917.9</ele>
   </trkpt>
   <trkpt lat="46.1435900" lon="7.6318870">
    <ele>1916.7</ele>
   </trkpt>
   <trkpt lat="46.1436100" lon="7.6318270">
    <ele>1915.6</ele>
   </trkpt>
   <trkpt lat="46.1436190" lon="7.6317640">
    <ele>1914.5</ele>
   </trkpt>
   <trkpt lat="46.1436270" lon="7.6317010">
    <ele>1913.4</ele>
   </trkpt>
   <trkpt lat="46.1436180" lon="7.6316450">
    <ele>1912.3</ele>
   </trkpt>
   <trkpt lat="46.1436100" lon="7.6315890">
    <ele>1911.1</ele>
   </trkpt>
   <trkpt lat="46.1435800" lon="7.6315420">
    <ele>1909.7</ele>
   </trkpt>
   <trkpt lat="46.1435500" lon="7.6314950">
    <ele>1908.2</ele>
   </trkpt>
   <trkpt lat="46.1435100" lon="7.6314580">
    <ele>1906.4</ele>
   </trkpt>
   <trkpt lat="46.1434700" lon="7.6314210">
    <ele>1904.6</ele>
   </trkpt>
   <trkpt lat="46.1434280" lon="7.6313940">
    <ele>1902.8</ele>
   </trkpt>
   <trkpt lat="46.1433870" lon="7.6313660">
    <ele>1901.0</ele>
   </trkpt>
   <trkpt lat="46.1433460" lon="7.6313530">
    <ele>1899.4</ele>
   </trkpt>
   <trkpt lat="46.1433060" lon="7.6313400">
    <ele>1897.8</ele>
   </trkpt>
   <trkpt lat="46.1432690" lon="7.6313530">
    <ele>1896.3</ele>
   </trkpt>
   <trkpt lat="46.1432320" lon="7.6313650">
    <ele>1894.9</ele>
   </trkpt>
   <trkpt lat="46.1431950" lon="7.6313900">
    <ele>1893.4</ele>
   </trkpt>
   <trkpt lat="46.1431590" lon="7.6314140">
    <ele>1892.1</ele>
   </trkpt>
   <trkpt lat="46.1431160" lon="7.6314380">
    <ele>1890.7</ele>
   </trkpt>
   <trkpt lat="46.1430730" lon="7.6314630">
    <ele>1889.4</ele>
   </trkpt>
   <trkpt lat="46.1430290" lon="7.6314820">
    <ele>1888.3</ele>
   </trkpt>
   <trkpt lat="46.1429840" lon="7.6315010">
    <ele>1887.2</ele>
   </trkpt>
   <trkpt lat="46.1429440" lon="7.6315170">
    <ele>1886.3</ele>
   </trkpt>
   <trkpt lat="46.1429050" lon="7.6315330">
    <ele>1885.2</ele>
   </trkpt>
   <trkpt lat="46.1428700" lon="7.6315480">
    <ele>1884.1</ele>
   </trkpt>
   <trkpt lat="46.1428350" lon="7.6315630">
    <ele>1882.9</ele>
   </trkpt>
   <trkpt lat="46.1428000" lon="7.6315690">
    <ele>1881.6</ele>
   </trkpt>
   <trkpt lat="46.1427650" lon="7.6315750">
    <ele>1880.1</ele>
   </trkpt>
   <trkpt lat="46.1427330" lon="7.6315580">
    <ele>1878.6</ele>
   </trkpt>
   <trkpt lat="46.1427010" lon="7.6315420">
    <ele>1877.1</ele>
   </trkpt>
   <trkpt lat="46.1426780" lon="7.6314930">
    <ele>1875.4</ele>
   </trkpt>
   <trkpt lat="46.1426560" lon="7.6314450">
    <ele>1874.0</ele>
   </trkpt>
   <trkpt lat="46.1426480" lon="7.6313800">
    <ele>1872.3</ele>
   </trkpt>
   <trkpt lat="46.1426390" lon="7.6313160">
    <ele>1870.7</ele>
   </trkpt>
   <trkpt lat="46.1426410" lon="7.6312460">
    <ele>1868.9</ele>
   </trkpt>
   <trkpt lat="46.1426420" lon="7.6311770">
    <ele>1867.1</ele>
   </trkpt>
   <trkpt lat="46.1426470" lon="7.6311130">
    <ele>1865.5</ele>
   </trkpt>
   <trkpt lat="46.1426520" lon="7.6310480">
    <ele>1864.0</ele>
   </trkpt>
   <trkpt lat="46.1426630" lon="7.6309920">
    <ele>1862.7</ele>
   </trkpt>
   <trkpt lat="46.1426740" lon="7.6309350">
    <ele>1861.4</ele>
   </trkpt>
   <trkpt lat="46.1426790" lon="7.6308870">
    <ele>1860.4</ele>
   </trkpt>
   <trkpt lat="46.1426840" lon="7.6308390">
    <ele>1859.4</ele>
   </trkpt>
   <trkpt lat="46.1426710" lon="7.6308080">
    <ele>1858.7</ele>
   </trkpt>
   <trkpt lat="46.1426580" lon="7.6307760">
    <ele>1857.9</ele>
   </trkpt>
   <trkpt lat="46.1426220" lon="7.6307660">
    <ele>1856.8</ele>
   </trkpt>
   <trkpt lat="46.1425850" lon="7.6307550">
    <ele>1855.7</ele>
   </trkpt>
   <trkpt lat="46.1425400" lon="7.6307710">
    <ele>1854.3</ele>
   </trkpt>
   <trkpt lat="46.1424940" lon="7.6307880">
    <ele>1852.8</ele>
   </trkpt>
   <trkpt lat="46.1424510" lon="7.6308260">
    <ele>1851.3</ele>
   </trkpt>
   <trkpt lat="46.1424090" lon="7.6308640">
    <ele>1849.8</ele>
   </trkpt>
   <trkpt lat="46.1423650" lon="7.6309120">
    <ele>1848.0</ele>
   </trkpt>
   <trkpt lat="46.1423210" lon="7.6309600">
    <ele>1846.3</ele>
   </trkpt>
   <trkpt lat="46.1422780" lon="7.6310050">
    <ele>1844.6</ele>
   </trkpt>
   <trkpt lat="46.1422350" lon="7.6310510">
    <ele>1842.8</ele>
   </trkpt>
   <trkpt lat="46.1421980" lon="7.6310920">
    <ele>1841.3</ele>
   </trkpt>
   <trkpt lat="46.1421610" lon="7.6311340">
    <ele>1839.8</ele>
   </trkpt>
   <trkpt lat="46.1421280" lon="7.6311670">
    <ele>1838.1</ele>
   </trkpt>
   <trkpt lat="46.1420950" lon="7.6312010">
    <ele>1836.4</ele>
   </trkpt>
   <trkpt lat="46.1420700" lon="7.6312040">
    <ele>1835.4</ele>
   </trkpt>
   <trkpt lat="46.1420440" lon="7.6312070">
    <ele>1834.3</ele>
   </trkpt>
   <trkpt lat="46.1420340" lon="7.6311800">
    <ele>1833.5</ele>
   </trkpt>
   <trkpt lat="46.1420250" lon="7.6311540">
    <ele>1832.7</ele>
   </trkpt>
   <trkpt lat="46.1420230" lon="7.6311060">
    <ele>1831.3</ele>
   </trkpt>
   <trkpt lat="46.1420210" lon="7.6310580">
    <ele>1830.0</ele>
   </trkpt>
   <trkpt lat="46.1420170" lon="7.6310000">
    <ele>1828.4</ele>
   </trkpt>
   <trkpt lat="46.1420140" lon="7.6309430">
    <ele>1826.8</ele>
   </trkpt>
   <trkpt lat="46.1420040" lon="7.6308810">
    <ele>1825.0</ele>
   </trkpt>
   <trkpt lat="46.1419950" lon="7.6308190">
    <ele>1823.3</ele>
   </trkpt>
   <trkpt lat="46.1419860" lon="7.6307620">
    <ele>1821.6</ele>
   </trkpt>
   <trkpt lat="46.1419770" lon="7.6307050">
    <ele>1820.0</ele>
   </trkpt>
   <trkpt lat="46.1419650" lon="7.6306660">
    <ele>1818.8</ele>
   </trkpt>
   <trkpt lat="46.1419530" lon="7.6306280">
    <ele>1817.6</ele>
   </trkpt>
   <trkpt lat="46.1419310" lon="7.6306190">
    <ele>1816.6</ele>
   </trkpt>
   <trkpt lat="46.1419080" lon="7.6306100">
    <ele>1815.6</ele>
   </trkpt>
   <trkpt lat="46.1418760" lon="7.6306230">
    <ele>1814.1</ele>
   </trkpt>
   <trkpt lat="46.1418440" lon="7.6306370">
    <ele>1812.6</ele>
   </trkpt>
   <trkpt lat="46.1418020" lon="7.6306650">
    <ele>1810.5</ele>
   </trkpt>
   <trkpt lat="46.1417590" lon="7.6306920">
    <ele>1808.5</ele>
   </trkpt>
   <trkpt lat="46.1417120" lon="7.6307330">
    <ele>1806.3</ele>
   </trkpt>
   <trkpt lat="46.1416640" lon="7.6307740">
    <ele>1804.3</ele>
   </trkpt>
   <trkpt lat="46.1416230" lon="7.6308280">
    <ele>1802.6</ele>
   </trkpt>
   <trkpt lat="46.1415820" lon="7.6308830">
    <ele>1801.2</ele>
   </trkpt>
   <trkpt lat="46.1415530" lon="7.6309430">
    <ele>1800.1</ele>
   </trkpt>
   <trkpt lat="46.1415240" lon="7.6310040">
    <ele>1799.1</ele>
   </trkpt>
   <trkpt lat="46.1414950" lon="7.6310480">
    <ele>1798.4</ele>
   </trkpt>
   <trkpt lat="46.1414670" lon="7.6310930">
    <ele>1797.6</ele>
   </trkpt>
   <trkpt lat="46.1414340" lon="7.6311020">
    <ele>1796.9</ele>
   </trkpt>
   <trkpt lat="46.1414020" lon="7.6311100">
    <ele>1796.1</ele>
   </trkpt>
   <trkpt lat="46.1413690" lon="7.6310830">
    <ele>1795.1</ele>
   </trkpt>
   <trkpt lat="46.1413370" lon="7.6310550">
    <ele>1794.0</ele>
   </trkpt>
   <trkpt lat="46.1413090" lon="7.6310060">
    <ele>1792.5</ele>
   </trkpt>
   <trkpt lat="46.1412820" lon="7.6309560">
    <ele>1791.0</ele>
   </trkpt>
   <trkpt lat="46.1412620" lon="7.6308980">
    <ele>1789.4</ele>
   </trkpt>
   <trkpt lat="46.1412410" lon="7.6308400">
    <ele>1787.7</ele>
   </trkpt>
   <trkpt lat="46.1412270" lon="7.6307780">
    <ele>1786.0</ele>
   </trkpt>
   <trkpt lat="46.1412120" lon="7.6307170">
    <ele>1784.3</ele>
   </trkpt>
   <trkpt lat="46.1411960" lon="7.6306580">
    <ele>1782.8</ele>
   </trkpt>
   <trkpt lat="46.1411800" lon="7.6305990">
    <ele>1781.5</ele>
   </trkpt>
   <trkpt lat="46.1411570" lon="7.6305460">
    <ele>1780.4</ele>
   </trkpt>
   <trkpt lat="46.1411350" lon="7.6304930">
    <ele>1779.5</ele>
   </trkpt>
   <trkpt lat="46.1411020" lon="7.6304480">
    <ele>1778.8</ele>
   </trkpt>
   <trkpt lat="46.1410700" lon="7.6304030">
    <ele>1778.3</ele>
   </trkpt>
   <trkpt lat="46.1410290" lon="7.6303660">
    <ele>1777.8</ele>
   </trkpt>
   <trkpt lat="46.1409880" lon="7.6303300">
    <ele>1777.3</ele>
   </trkpt>
   <trkpt lat="46.1409430" lon="7.6303050">
    <ele>1776.2</ele>
   </trkpt>
   <trkpt lat="46.1408990" lon="7.6302790">
    <ele>1775.1</ele>
   </trkpt>
   <trkpt lat="46.1408590" lon="7.6302700">
    <ele>1774.0</ele>
   </trkpt>
   <trkpt lat="46.1408190" lon="7.6302610">
    <ele>1772.9</ele>
   </trkpt>
   <trkpt lat="46.1407830" lon="7.6302650">
    <ele>1771.9</ele>
   </trkpt>
   <trkpt lat="46.1407470" lon="7.6302690">
    <ele>1770.8</ele>
   </trkpt>
   <trkpt lat="46.1407080" lon="7.6302740">
    <ele>1769.7</ele>
   </trkpt>
   <trkpt lat="46.1406700" lon="7.6302780">
    <ele>1768.7</ele>
   </trkpt>
   <trkpt lat="46.1406300" lon="7.6302770">
    <ele>1767.6</ele>
   </trkpt>
   <trkpt lat="46.1405900" lon="7.6302760">
    <ele>1766.6</ele>
   </trkpt>
   <trkpt lat="46.1405510" lon="7.6302710">
    <ele>1765.6</ele>
   </trkpt>
   <trkpt lat="46.1405130" lon="7.6302670">
    <ele>1764.8</ele>
   </trkpt>
   <trkpt lat="46.1404760" lon="7.6302600">
    <ele>1764.0</ele>
   </trkpt>
   <trkpt lat="46.1404400" lon="7.6302540">
    <ele>1763.2</ele>
   </trkpt>
   <trkpt lat="46.1404020" lon="7.6302410">
    <ele>1762.4</ele>
   </trkpt>
   <trkpt lat="46.1403640" lon="7.6302280">
    <ele>1761.6</ele>
   </trkpt>
   <trkpt lat="46.1403220" lon="7.6302090">
    <ele>1760.7</ele>
   </trkpt>
   <trkpt lat="46.1402810" lon="7.6301900">
    <ele>1759.9</ele>
   </trkpt>
   <trkpt lat="46.1402370" lon="7.6301730">
    <ele>1759.1</ele>
   </trkpt>
   <trkpt lat="46.1401930" lon="7.6301560">
    <ele>1758.4</ele>
   </trkpt>
   <trkpt lat="46.1401440" lon="7.6301470">
    <ele>1757.6</ele>
   </trkpt>
   <trkpt lat="46.1400960" lon="7.6301380">
    <ele>1756.9</ele>
   </trkpt>
   <trkpt lat="46.1400420" lon="7.6301360">
    <ele>1756.1</ele>
   </trkpt>
   <trkpt lat="46.1399870" lon="7.6301340">
    <ele>1755.4</ele>
   </trkpt>
   <trkpt lat="46.1399320" lon="7.6301310">
    <ele>1754.8</ele>
   </trkpt>
   <trkpt lat="46.1398770" lon="7.6301270">
    <ele>1754.5</ele>
   </trkpt>
   <trkpt lat="46.1398230" lon="7.6301150">
    <ele>1754.5</ele>
   </trkpt>
   <trkpt lat="46.1397700" lon="7.6301030">
    <ele>1754.5</ele>
   </trkpt>
   <trkpt lat="46.1397210" lon="7.6300840">
    <ele>1754.4</ele>
   </trkpt>
   <trkpt lat="46.1396710" lon="7.6300650">
    <ele>1754.4</ele>
   </trkpt>
   <trkpt lat="46.1396270" lon="7.6300460">
    <ele>1754.1</ele>
   </trkpt>
   <trkpt lat="46.1395830" lon="7.6300260">
    <ele>1753.6</ele>
   </trkpt>
   <trkpt lat="46.1395390" lon="7.6300080">
    <ele>1753.0</ele>
   </trkpt>
   <trkpt lat="46.1394940" lon="7.6299900">
    <ele>1752.1</ele>
   </trkpt>
   <trkpt lat="46.1394440" lon="7.6299700">
    <ele>1750.9</ele>
   </trkpt>
   <trkpt lat="46.1393950" lon="7.6299510">
    <ele>1749.4</ele>
   </trkpt>
   <trkpt lat="46.1393430" lon="7.6299150">
    <ele>1747.7</ele>
   </trkpt>
   <trkpt lat="46.1392910" lon="7.6298800">
    <ele>1746.1</ele>
   </trkpt>
   <trkpt lat="46.1392440" lon="7.6298300">
    <ele>1744.7</ele>
   </trkpt>
   <trkpt lat="46.1391970" lon="7.6297790">
    <ele>1743.6</ele>
   </trkpt>
   <trkpt lat="46.1391560" lon="7.6297260">
    <ele>1743.0</ele>
   </trkpt>
   <trkpt lat="46.1391150" lon="7.6296720">
    <ele>1742.7</ele>
   </trkpt>
   <trkpt lat="46.1390860" lon="7.6296290">
    <ele>1742.7</ele>
   </trkpt>
   <trkpt lat="46.1390570" lon="7.6295860">
    <ele>1743.0</ele>
   </trkpt>
   <trkpt lat="46.1390350" lon="7.6295550">
    <ele>1743.3</ele>
   </trkpt>
   <trkpt lat="46.1390120" lon="7.6295230">
    <ele>1743.7</ele>
   </trkpt>
   <trkpt lat="46.1389870" lon="7.6295080">
    <ele>1744.1</ele>
   </trkpt>
   <trkpt lat="46.1389610" lon="7.6294930">
    <ele>1744.3</ele>
   </trkpt>
   <trkpt lat="46.1389320" lon="7.6294980">
    <ele>1744.5</ele>
   </trkpt>
   <trkpt lat="46.1389030" lon="7.6295030">
    <ele>1744.6</ele>
   </trkpt>
   <trkpt lat="46.1388700" lon="7.6295250">
    <ele>1744.7</ele>
   </trkpt>
   <trkpt lat="46.1388370" lon="7.6295460">
    <ele>1744.7</ele>
   </trkpt>
   <trkpt lat="46.1388030" lon="7.6295750">
    <ele>1744.6</ele>
   </trkpt>
   <trkpt lat="46.1387700" lon="7.6296030">
    <ele>1744.4</ele>
   </trkpt>
   <trkpt lat="46.1387400" lon="7.6296270">
    <ele>1744.1</ele>
   </trkpt>
   <trkpt lat="46.1387090" lon="7.6296500">
    <ele>1743.8</ele>
   </trkpt>
   <trkpt lat="46.1386770" lon="7.6296580">
    <ele>1743.3</ele>
   </trkpt>
   <trkpt lat="46.1386450" lon="7.6296670">
    <ele>1742.7</ele>
   </trkpt>
   <trkpt lat="46.1386060" lon="7.6296630">
    <ele>1741.7</ele>
   </trkpt>
   <trkpt lat="46.1385660" lon="7.6296590">
    <ele>1740.7</ele>
   </trkpt>
   <trkpt lat="46.1385160" lon="7.6296460">
    <ele>1739.5</ele>
   </trkpt>
   <trkpt lat="46.1384650" lon="7.6296320">
    <ele>1738.1</ele>
   </trkpt>
   <trkpt lat="46.1384070" lon="7.6296120">
    <ele>1736.6</ele>
   </trkpt>
   <trkpt lat="46.1383490" lon="7.6295930">
    <ele>1735.1</ele>
   </trkpt>
   <trkpt lat="46.1382910" lon="7.6295730">
    <ele>1733.7</ele>
   </trkpt>
   <trkpt lat="46.1382330" lon="7.6295530">
    <ele>1732.2</ele>
   </trkpt>
   <trkpt lat="46.1381770" lon="7.6295350">
    <ele>1730.8</ele>
   </trkpt>
   <trkpt lat="46.1381220" lon="7.6295170">
    <ele>1729.4</ele>
   </trkpt>
   <trkpt lat="46.1380660" lon="7.6295000">
    <ele>1728.1</ele>
   </trkpt>
   <trkpt lat="46.1380100" lon="7.6294840">
    <ele>1726.8</ele>
   </trkpt>
   <trkpt lat="46.1379560" lon="7.6294810">
    <ele>1725.6</ele>
   </trkpt>
   <trkpt lat="46.1379030" lon="7.6294770">
    <ele>1724.5</ele>
   </trkpt>
   <trkpt lat="46.1378520" lon="7.6294880">
    <ele>1723.4</ele>
   </trkpt>
   <trkpt lat="46.1378000" lon="7.6295000">
    <ele>1722.3</ele>
   </trkpt>
   <trkpt lat="46.1377450" lon="7.6294990">
    <ele>1721.2</ele>
   </trkpt>
   <trkpt lat="46.1376910" lon="7.6294980">
    <ele>1720.1</ele>
   </trkpt>
   <trkpt lat="46.1376310" lon="7.6294790">
    <ele>1718.0</ele>
   </trkpt>
   <trkpt lat="46.1375710" lon="7.6294610">
    <ele>1716.7</ele>
   </trkpt>
   <trkpt lat="46.1375090" lon="7.6294280">
    <ele>1715.4</ele>
   </trkpt>
   <trkpt lat="46.1374470" lon="7.6293950">
    <ele>1714.0</ele>
   </trkpt>
   <trkpt lat="46.1373890" lon="7.6293540">
    <ele>1712.7</ele>
   </trkpt>
   <trkpt lat="46.1373300" lon="7.6293120">
    <ele>1711.5</ele>
   </trkpt>
   <trkpt lat="46.1372800" lon="7.6292630">
    <ele>1710.4</ele>
   </trkpt>
   <trkpt lat="46.1372300" lon="7.6292140">
    <ele>1709.3</ele>
   </trkpt>
   <trkpt lat="46.1371860" lon="7.6291580">
    <ele>1708.3</ele>
   </trkpt>
   <trkpt lat="46.1371420" lon="7.6291010">
    <ele>1707.3</ele>
   </trkpt>
   <trkpt lat="46.1371050" lon="7.6290390">
    <ele>1706.4</ele>
   </trkpt>
   <trkpt lat="46.1370690" lon="7.6289770">
    <ele>1705.5</ele>
   </trkpt>
   <trkpt lat="46.1370400" lon="7.6289130">
    <ele>1704.6</ele>
   </trkpt>
   <trkpt lat="46.1370110" lon="7.6288490">
    <ele>1703.7</ele>
   </trkpt>
   <trkpt lat="46.1369910" lon="7.6287820">
    <ele>1702.9</ele>
   </trkpt>
   <trkpt lat="46.1369710" lon="7.6287160">
    <ele>1702.0</ele>
   </trkpt>
   <trkpt lat="46.1369710" lon="7.6286450">
    <ele>1701.4</ele>
   </trkpt>
   <trkpt lat="46.1369720" lon="7.6285740">
    <ele>1700.8</ele>
   </trkpt>
   <trkpt lat="46.1369930" lon="7.6285000">
    <ele>1700.2</ele>
   </trkpt>
   <trkpt lat="46.1370130" lon="7.6284260">
    <ele>1699.7</ele>
   </trkpt>
   <trkpt lat="46.1370440" lon="7.6283550">
    <ele>1699.2</ele>
   </trkpt>
   <trkpt lat="46.1370740" lon="7.6282830">
    <ele>1698.7</ele>
   </trkpt>
   <trkpt lat="46.1371080" lon="7.6282200">
    <ele>1698.3</ele>
   </trkpt>
   <trkpt lat="46.1371430" lon="7.6281570">
    <ele>1697.8</ele>
   </trkpt>
   <trkpt lat="46.1371770" lon="7.6280980">
    <ele>1697.4</ele>
   </trkpt>
   <trkpt lat="46.1372120" lon="7.6280390">
    <ele>1697.0</ele>
   </trkpt>
   <trkpt lat="46.1372460" lon="7.6279760">
    <ele>1696.5</ele>
   </trkpt>
   <trkpt lat="46.1372810" lon="7.6279140">
    <ele>1696.1</ele>
   </trkpt>
   <trkpt lat="46.1373180" lon="7.6278460">
    <ele>1695.6</ele>
   </trkpt>
   <trkpt lat="46.1373560" lon="7.6277780">
    <ele>1695.1</ele>
   </trkpt>
   <trkpt lat="46.1373910" lon="7.6277050">
    <ele>1694.6</ele>
   </trkpt>
   <trkpt lat="46.1374270" lon="7.6276330">
    <ele>1694.1</ele>
   </trkpt>
   <trkpt lat="46.1374550" lon="7.6275550">
    <ele>1693.6</ele>
   </trkpt>
   <trkpt lat="46.1374830" lon="7.6274780">
    <ele>1693.1</ele>
   </trkpt>
   <trkpt lat="46.1375100" lon="7.6274030">
    <ele>1692.6</ele>
   </trkpt>
   <trkpt lat="46.1375370" lon="7.6273280">
    <ele>1692.1</ele>
   </trkpt>
   <trkpt lat="46.1375650" lon="7.6272570">
    <ele>1691.6</ele>
   </trkpt>
   <trkpt lat="46.1375940" lon="7.6271870">
    <ele>1691.2</ele>
   </trkpt>
   <trkpt lat="46.1376230" lon="7.6271170">
    <ele>1690.7</ele>
   </trkpt>
   <trkpt lat="46.1376520" lon="7.6270480">
    <ele>1690.3</ele>
   </trkpt>
   <trkpt lat="46.1376830" lon="7.6269800">
    <ele>1689.8</ele>
   </trkpt>
   <trkpt lat="46.1377130" lon="7.6269130">
    <ele>1689.4</ele>
   </trkpt>
   <trkpt lat="46.1377420" lon="7.6268480">
    <ele>1688.9</ele>
   </trkpt>
   <trkpt lat="46.1377710" lon="7.6267840">
    <ele>1688.5</ele>
   </trkpt>
   <trkpt lat="46.1378040" lon="7.6267260">
    <ele>1688.1</ele>
   </trkpt>
   <trkpt lat="46.1378360" lon="7.6266670">
    <ele>1687.7</ele>
   </trkpt>
   <trkpt lat="46.1378730" lon="7.6266200">
    <ele>1687.4</ele>
   </trkpt>
   <trkpt lat="46.1379110" lon="7.6265730">
    <ele>1687.0</ele>
   </trkpt>
   <trkpt lat="46.1379550" lon="7.6265400">
    <ele>1686.6</ele>
   </trkpt>
   <trkpt lat="46.1379990" lon="7.6265070">
    <ele>1686.2</ele>
   </trkpt>
   <trkpt lat="46.1380470" lon="7.6264830">
    <ele>1685.9</ele>
   </trkpt>
   <trkpt lat="46.1380960" lon="7.6264600">
    <ele>1685.5</ele>
   </trkpt>
   <trkpt lat="46.1381480" lon="7.6264370">
    <ele>1685.1</ele>
   </trkpt>
   <trkpt lat="46.1382000" lon="7.6264140">
    <ele>1684.7</ele>
   </trkpt>
   <trkpt lat="46.1382510" lon="7.6263870">
    <ele>1684.3</ele>
   </trkpt>
   <trkpt lat="46.1383020" lon="7.6263610">
    <ele>1683.9</ele>
   </trkpt>
   <trkpt lat="46.1383520" lon="7.6263330">
    <ele>1683.6</ele>
   </trkpt>
   <trkpt lat="46.1384020" lon="7.6263050">
    <ele>1683.2</ele>
   </trkpt>
   <trkpt lat="46.1384540" lon="7.6262820">
    <ele>1682.8</ele>
   </trkpt>
   <trkpt lat="46.1385070" lon="7.6262590">
    <ele>1682.4</ele>
   </trkpt>
   <trkpt lat="46.1385630" lon="7.6262400">
    <ele>1681.9</ele>
   </trkpt>
   <trkpt lat="46.1386190" lon="7.6262210">
    <ele>1681.5</ele>
   </trkpt>
   <trkpt lat="46.1386680" lon="7.6261860">
    <ele>1681.1</ele>
   </trkpt>
   <trkpt lat="46.1387170" lon="7.6261520">
    <ele>1680.7</ele>
   </trkpt>
   <trkpt lat="46.1387540" lon="7.6260960">
    <ele>1680.3</ele>
   </trkpt>
   <trkpt lat="46.1387910" lon="7.6260400">
    <ele>1679.9</ele>
   </trkpt>
   <trkpt lat="46.1388090" lon="7.6259660">
    <ele>1679.4</ele>
   </trkpt>
   <trkpt lat="46.1388280" lon="7.6258920">
    <ele>1679.0</ele>
   </trkpt>
   <trkpt lat="46.1388220" lon="7.6258100">
    <ele>1678.5</ele>
   </trkpt>
   <trkpt lat="46.1388160" lon="7.6257270">
    <ele>1678.1</ele>
   </trkpt>
   <trkpt lat="46.1387900" lon="7.6256560">
    <ele>1677.6</ele>
   </trkpt>
   <trkpt lat="46.1387630" lon="7.6255850">
    <ele>1677.2</ele>
   </trkpt>
   <trkpt lat="46.1387240" lon="7.6255290">
    <ele>1676.7</ele>
   </trkpt>
   <trkpt lat="46.1386840" lon="7.6254720">
    <ele>1676.3</ele>
   </trkpt>
   <trkpt lat="46.1386420" lon="7.6254260">
    <ele>1676.2</ele>
   </trkpt>
   <trkpt lat="46.1385990" lon="7.6253800">
    <ele>1676.2</ele>
   </trkpt>
   <trkpt lat="46.1385550" lon="7.6253440">
    <ele>1676.2</ele>
   </trkpt>
   <trkpt lat="46.1385120" lon="7.6253080">
    <ele>1676.4</ele>
   </trkpt>
   <trkpt lat="46.1384640" lon="7.6252850">
    <ele>1676.6</ele>
   </trkpt>
   <trkpt lat="46.1384160" lon="7.6252620">
    <ele>1676.6</ele>
   </trkpt>
   <trkpt lat="46.1383660" lon="7.6252450">
    <ele>1676.5</ele>
   </trkpt>
   <trkpt lat="46.1383150" lon="7.6252280">
    <ele>1676.4</ele>
   </trkpt>
   <trkpt lat="46.1382600" lon="7.6252160">
    <ele>1676.1</ele>
   </trkpt>
   <trkpt lat="46.1382060" lon="7.6252050">
    <ele>1675.7</ele>
   </trkpt>
   <trkpt lat="46.1381520" lon="7.6252020">
    <ele>1675.4</ele>
   </trkpt>
   <trkpt lat="46.1380970" lon="7.6251990">
    <ele>1675.1</ele>
   </trkpt>
   <trkpt lat="46.1380460" lon="7.6251970">
    <ele>1674.7</ele>
   </trkpt>
   <trkpt lat="46.1379950" lon="7.6251950">
    <ele>1674.4</ele>
   </trkpt>
   <trkpt lat="46.1379460" lon="7.6251920">
    <ele>1672.4</ele>
   </trkpt>
   <trkpt lat="46.1378960" lon="7.6251900">
    <ele>1670.4</ele>
   </trkpt>
   <trkpt lat="46.1378500" lon="7.6251950">
    <ele>1670.5</ele>
   </trkpt>
   <trkpt lat="46.1378030" lon="7.6252000">
    <ele>1670.6</ele>
   </trkpt>
   <trkpt lat="46.1377710" lon="7.6252130">
    <ele>1670.7</ele>
   </trkpt>
   <trkpt lat="46.1377390" lon="7.6252260">
    <ele>1670.8</ele>
   </trkpt>
   <trkpt lat="46.1377240" lon="7.6252390">
    <ele>1670.8</ele>
   </trkpt>
   <trkpt lat="46.1377090" lon="7.6252520">
    <ele>1670.8</ele>
   </trkpt>
   <trkpt lat="46.1377180" lon="7.6252610">
    <ele>1670.8</ele>
   </trkpt>
   <trkpt lat="46.1377260" lon="7.6252710">
    <ele>1670.9</ele>
   </trkpt>
   <trkpt lat="46.1377340" lon="7.6252800">
    <ele>1670.9</ele>
   </trkpt>
   <trkpt lat="46.1377340" lon="7.6252800">
    <ele>1670.9</ele>
   </trkpt>
   <trkpt lat="46.1377340" lon="7.6252800">
    <ele>1670.9</ele>
   </trkpt>
   <trkpt lat="46.1377340" lon="7.6252800">
    <ele>1670.9</ele>
   </trkpt>
   <trkpt lat="46.1377340" lon="7.6252800">
    <ele>1670.9</ele>
   </trkpt>
  </trkseg>
 </trk>
</gpx>
