<?xml version="1.0" encoding="UTF-8"?>
<gpx xmlns="http://www.topografix.com/GPX/1/1" xmlns:xsi="http://www.w3.org/2001/XMLSchema-instance" version="1.1" creator="Trace de Trail" xsi:schemaLocation="http://www.topografix.com/GPX/1/1 http://www.topografix.com/GPX/1/1/gpx.xsd">
  <metadata>
    <name>Skyrace des Matheysins 2025</name>
    <desc>Parcours créé sur Trace de Trail</desc>
    <link href="https://tracedetrail.fr/fr/trace/294919">
      <text>Cartographie du parcours</text>
    </link>
    <time>2025-04-18T20:13:57+00:00</time>
  </metadata>
  <trk>
    <name>Skyrace des Matheysins 2025 sur TraceDeTrail.fr</name>
    <src>Trace de Trail</src>
    <trkseg>
      <trkpt lat="44.94107" lon="5.80041">
        <ele>910</ele>
        <time>2025-04-18T20:13:57+00:00</time>
      </trkpt>
      <trkpt lat="44.94108" lon="5.80051">
        <ele>911</ele>
        <time>2025-04-18T20:14:00+00:00</time>
      </trkpt>
      <trkpt lat="44.94106" lon="5.80065">
        <ele>911</ele>
        <time>2025-04-18T20:14:03+00:00</time>
      </trkpt>
      <trkpt lat="44.94099" lon="5.80102">
        <ele>914</ele>
        <time>2025-04-18T20:14:06+00:00</time>
      </trkpt>
      <trkpt lat="44.94097" lon="5.80119">
        <ele>914</ele>
        <time>2025-04-18T20:14:09+00:00</time>
      </trkpt>
      <trkpt lat="44.94099" lon="5.80148">
        <ele>916</ele>
        <time>2025-04-18T20:14:12+00:00</time>
      </trkpt>
      <trkpt lat="44.94101" lon="5.80183">
        <ele>916</ele>
        <time>2025-04-18T20:14:15+00:00</time>
      </trkpt>
      <trkpt lat="44.941" lon="5.802">
        <ele>916</ele>
        <time>2025-04-18T20:14:18+00:00</time>
      </trkpt>
      <trkpt lat="44.94091" lon="5.80231">
        <ele>919</ele>
        <time>2025-04-18T20:14:21+00:00</time>
      </trkpt>
      <trkpt lat="44.94077" lon="5.80276">
        <ele>922</ele>
        <time>2025-04-18T20:14:24+00:00</time>
      </trkpt>
      <trkpt lat="44.9406" lon="5.80321">
        <ele>924</ele>
        <time>2025-04-18T20:14:27+00:00</time>
      </trkpt>
      <trkpt lat="44.94043" lon="5.80365">
        <ele>925</ele>
        <time>2025-04-18T20:14:30+00:00</time>
      </trkpt>
      <trkpt lat="44.94026" lon="5.8041">
        <ele>929</ele>
        <time>2025-04-18T20:14:33+00:00</time>
      </trkpt>
      <trkpt lat="44.94008" lon="5.80456">
        <ele>932</ele>
        <time>2025-04-18T20:14:36+00:00</time>
      </trkpt>
      <trkpt lat="44.93991" lon="5.80491">
        <ele>934</ele>
        <time>2025-04-18T20:14:39+00:00</time>
      </trkpt>
      <trkpt lat="44.93977" lon="5.8052">
        <ele>936</ele>
        <time>2025-04-18T20:14:42+00:00</time>
      </trkpt>
      <trkpt lat="44.93962" lon="5.80552">
        <ele>938</ele>
        <time>2025-04-18T20:14:45+00:00</time>
      </trkpt>
      <trkpt lat="44.93944" lon="5.80579">
        <ele>940</ele>
        <time>2025-04-18T20:14:48+00:00</time>
      </trkpt>
      <trkpt lat="44.93921" lon="5.80612">
        <ele>942</ele>
        <time>2025-04-18T20:14:51+00:00</time>
      </trkpt>
      <trkpt lat="44.93905" lon="5.80649">
        <ele>945</ele>
        <time>2025-04-18T20:14:54+00:00</time>
      </trkpt>
      <trkpt lat="44.93892" lon="5.80679">
        <ele>946</ele>
        <time>2025-04-18T20:14:57+00:00</time>
      </trkpt>
      <trkpt lat="44.93877" lon="5.80713">
        <ele>949</ele>
        <time>2025-04-18T20:15:00+00:00</time>
      </trkpt>
      <trkpt lat="44.93848" lon="5.80728">
        <ele>951</ele>
        <time>2025-04-18T20:15:03+00:00</time>
      </trkpt>
      <trkpt lat="44.93825" lon="5.80758">
        <ele>953</ele>
        <time>2025-04-18T20:15:06+00:00</time>
      </trkpt>
      <trkpt lat="44.93806" lon="5.80783">
        <ele>955</ele>
        <time>2025-04-18T20:15:09+00:00</time>
      </trkpt>
      <trkpt lat="44.93783" lon="5.80814">
        <ele>957</ele>
        <time>2025-04-18T20:15:12+00:00</time>
      </trkpt>
      <trkpt lat="44.93762" lon="5.80851">
        <ele>960</ele>
        <time>2025-04-18T20:15:15+00:00</time>
      </trkpt>
      <trkpt lat="44.93731" lon="5.80894">
        <ele>963</ele>
        <time>2025-04-18T20:15:18+00:00</time>
      </trkpt>
      <trkpt lat="44.93724" lon="5.8091">
        <ele>964</ele>
        <time>2025-04-18T20:15:21+00:00</time>
      </trkpt>
      <trkpt lat="44.93721" lon="5.80919">
        <ele>964</ele>
        <time>2025-04-18T20:15:24+00:00</time>
      </trkpt>
      <trkpt lat="44.93721" lon="5.8093">
        <ele>965</ele>
        <time>2025-04-18T20:15:27+00:00</time>
      </trkpt>
      <trkpt lat="44.93724" lon="5.80953">
        <ele>965</ele>
        <time>2025-04-18T20:15:30+00:00</time>
      </trkpt>
      <trkpt lat="44.9373" lon="5.80985">
        <ele>966</ele>
        <time>2025-04-18T20:15:33+00:00</time>
      </trkpt>
      <trkpt lat="44.93739" lon="5.81018">
        <ele>966</ele>
        <time>2025-04-18T20:15:36+00:00</time>
      </trkpt>
      <trkpt lat="44.93749" lon="5.81054">
        <ele>967</ele>
        <time>2025-04-18T20:15:39+00:00</time>
      </trkpt>
      <trkpt lat="44.93769" lon="5.81067">
        <ele>967</ele>
        <time>2025-04-18T20:15:42+00:00</time>
      </trkpt>
      <trkpt lat="44.93788" lon="5.81074">
        <ele>968</ele>
        <time>2025-04-18T20:15:45+00:00</time>
      </trkpt>
      <trkpt lat="44.93816" lon="5.81078">
        <ele>969</ele>
        <time>2025-04-18T20:15:48+00:00</time>
      </trkpt>
      <trkpt lat="44.93841" lon="5.81077">
        <ele>971</ele>
        <time>2025-04-18T20:15:51+00:00</time>
      </trkpt>
      <trkpt lat="44.93849" lon="5.81079">
        <ele>971</ele>
        <time>2025-04-18T20:15:54+00:00</time>
      </trkpt>
      <trkpt lat="44.93857" lon="5.81086">
        <ele>971</ele>
        <time>2025-04-18T20:15:57+00:00</time>
      </trkpt>
      <trkpt lat="44.93879" lon="5.81115">
        <ele>973</ele>
        <time>2025-04-18T20:16:00+00:00</time>
      </trkpt>
      <trkpt lat="44.93885" lon="5.8112">
        <ele>973</ele>
        <time>2025-04-18T20:16:03+00:00</time>
      </trkpt>
      <trkpt lat="44.93918" lon="5.81138">
        <ele>975</ele>
        <time>2025-04-18T20:16:06+00:00</time>
      </trkpt>
      <trkpt lat="44.93946" lon="5.8116">
        <ele>976</ele>
        <time>2025-04-18T20:16:09+00:00</time>
      </trkpt>
      <trkpt lat="44.93951" lon="5.81165">
        <ele>977</ele>
        <time>2025-04-18T20:16:12+00:00</time>
      </trkpt>
      <trkpt lat="44.93966" lon="5.81186">
        <ele>977</ele>
        <time>2025-04-18T20:16:15+00:00</time>
      </trkpt>
      <trkpt lat="44.93982" lon="5.81208">
        <ele>978</ele>
        <time>2025-04-18T20:16:18+00:00</time>
      </trkpt>
      <trkpt lat="44.9399" lon="5.81216">
        <ele>977</ele>
        <time>2025-04-18T20:16:21+00:00</time>
      </trkpt>
      <trkpt lat="44.94008" lon="5.81222">
        <ele>978</ele>
        <time>2025-04-18T20:16:24+00:00</time>
      </trkpt>
      <trkpt lat="44.94034" lon="5.81224">
        <ele>980</ele>
        <time>2025-04-18T20:16:27+00:00</time>
      </trkpt>
      <trkpt lat="44.94064" lon="5.81227">
        <ele>982</ele>
        <time>2025-04-18T20:16:30+00:00</time>
      </trkpt>
      <trkpt lat="44.94091" lon="5.81236">
        <ele>984</ele>
        <time>2025-04-18T20:16:33+00:00</time>
      </trkpt>
      <trkpt lat="44.94109" lon="5.81249">
        <ele>985</ele>
        <time>2025-04-18T20:16:36+00:00</time>
      </trkpt>
      <trkpt lat="44.94132" lon="5.81272">
        <ele>987</ele>
        <time>2025-04-18T20:16:39+00:00</time>
      </trkpt>
      <trkpt lat="44.94151" lon="5.81296">
        <ele>988</ele>
        <time>2025-04-18T20:16:42+00:00</time>
      </trkpt>
      <trkpt lat="44.94162" lon="5.81303">
        <ele>989</ele>
        <time>2025-04-18T20:16:45+00:00</time>
      </trkpt>
      <trkpt lat="44.94175" lon="5.8131">
        <ele>990</ele>
        <time>2025-04-18T20:16:48+00:00</time>
      </trkpt>
      <trkpt lat="44.94199" lon="5.81319">
        <ele>992</ele>
        <time>2025-04-18T20:16:51+00:00</time>
      </trkpt>
      <trkpt lat="44.94225" lon="5.81329">
        <ele>994</ele>
        <time>2025-04-18T20:16:54+00:00</time>
      </trkpt>
      <trkpt lat="44.94257" lon="5.81344">
        <ele>996</ele>
        <time>2025-04-18T20:16:57+00:00</time>
      </trkpt>
      <trkpt lat="44.94264" lon="5.8135">
        <ele>997</ele>
        <time>2025-04-18T20:17:00+00:00</time>
      </trkpt>
      <trkpt lat="44.94273" lon="5.81366">
        <ele>998</ele>
        <time>2025-04-18T20:17:03+00:00</time>
      </trkpt>
      <trkpt lat="44.94287" lon="5.81393">
        <ele>1001</ele>
        <time>2025-04-18T20:17:06+00:00</time>
      </trkpt>
      <trkpt lat="44.94292" lon="5.81399">
        <ele>1002</ele>
        <time>2025-04-18T20:17:09+00:00</time>
      </trkpt>
      <trkpt lat="44.94297" lon="5.81401">
        <ele>1003</ele>
        <time>2025-04-18T20:17:12+00:00</time>
      </trkpt>
      <trkpt lat="44.94302" lon="5.81399">
        <ele>1003</ele>
        <time>2025-04-18T20:17:15+00:00</time>
      </trkpt>
      <trkpt lat="44.94321" lon="5.81379">
        <ele>1003</ele>
        <time>2025-04-18T20:17:18+00:00</time>
      </trkpt>
      <trkpt lat="44.94326" lon="5.81371">
        <ele>1003</ele>
        <time>2025-04-18T20:17:21+00:00</time>
      </trkpt>
      <trkpt lat="44.94326" lon="5.81382">
        <ele>1004</ele>
        <time>2025-04-18T20:17:24+00:00</time>
      </trkpt>
      <trkpt lat="44.94325" lon="5.81392">
        <ele>1005</ele>
        <time>2025-04-18T20:17:27+00:00</time>
      </trkpt>
      <trkpt lat="44.94319" lon="5.81439">
        <ele>1008</ele>
        <time>2025-04-18T20:17:30+00:00</time>
      </trkpt>
      <trkpt lat="44.94313" lon="5.81494">
        <ele>1014</ele>
        <time>2025-04-18T20:17:33+00:00</time>
      </trkpt>
      <trkpt lat="44.94309" lon="5.81555">
        <ele>1016</ele>
        <time>2025-04-18T20:17:36+00:00</time>
      </trkpt>
      <trkpt lat="44.94307" lon="5.81596">
        <ele>1019</ele>
        <time>2025-04-18T20:17:39+00:00</time>
      </trkpt>
      <trkpt lat="44.94307" lon="5.81608">
        <ele>1019</ele>
        <time>2025-04-18T20:17:42+00:00</time>
      </trkpt>
      <trkpt lat="44.9431" lon="5.81621">
        <ele>1023</ele>
        <time>2025-04-18T20:17:45+00:00</time>
      </trkpt>
      <trkpt lat="44.94324" lon="5.81652">
        <ele>1026</ele>
        <time>2025-04-18T20:17:48+00:00</time>
      </trkpt>
      <trkpt lat="44.94336" lon="5.81648">
        <ele>1026</ele>
        <time>2025-04-18T20:17:51+00:00</time>
      </trkpt>
      <trkpt lat="44.94358" lon="5.81634">
        <ele>1029</ele>
        <time>2025-04-18T20:17:54+00:00</time>
      </trkpt>
      <trkpt lat="44.94367" lon="5.81635">
        <ele>1030</ele>
        <time>2025-04-18T20:17:57+00:00</time>
      </trkpt>
      <trkpt lat="44.94375" lon="5.81632">
        <ele>1032</ele>
        <time>2025-04-18T20:18:00+00:00</time>
      </trkpt>
      <trkpt lat="44.94395" lon="5.81621">
        <ele>1031</ele>
        <time>2025-04-18T20:18:03+00:00</time>
      </trkpt>
      <trkpt lat="44.94416" lon="5.81598">
        <ele>1033</ele>
        <time>2025-04-18T20:18:06+00:00</time>
      </trkpt>
      <trkpt lat="44.94427" lon="5.81584">
        <ele>1033</ele>
        <time>2025-04-18T20:18:09+00:00</time>
      </trkpt>
      <trkpt lat="44.94443" lon="5.81571">
        <ele>1034</ele>
        <time>2025-04-18T20:18:12+00:00</time>
      </trkpt>
      <trkpt lat="44.94462" lon="5.81557">
        <ele>1034</ele>
        <time>2025-04-18T20:18:15+00:00</time>
      </trkpt>
      <trkpt lat="44.94473" lon="5.81551">
        <ele>1035</ele>
        <time>2025-04-18T20:18:18+00:00</time>
      </trkpt>
      <trkpt lat="44.94491" lon="5.81545">
        <ele>1036</ele>
        <time>2025-04-18T20:18:21+00:00</time>
      </trkpt>
      <trkpt lat="44.94499" lon="5.81547">
        <ele>1036</ele>
        <time>2025-04-18T20:18:24+00:00</time>
      </trkpt>
      <trkpt lat="44.94512" lon="5.81546">
        <ele>1039</ele>
        <time>2025-04-18T20:18:27+00:00</time>
      </trkpt>
      <trkpt lat="44.94532" lon="5.81537">
        <ele>1040</ele>
        <time>2025-04-18T20:18:30+00:00</time>
      </trkpt>
      <trkpt lat="44.94578" lon="5.81523">
        <ele>1041</ele>
        <time>2025-04-18T20:18:33+00:00</time>
      </trkpt>
      <trkpt lat="44.946" lon="5.81517">
        <ele>1044</ele>
        <time>2025-04-18T20:18:36+00:00</time>
      </trkpt>
      <trkpt lat="44.94645" lon="5.8151">
        <ele>1046</ele>
        <time>2025-04-18T20:18:39+00:00</time>
      </trkpt>
      <trkpt lat="44.94664" lon="5.8151">
        <ele>1050</ele>
        <time>2025-04-18T20:18:42+00:00</time>
      </trkpt>
      <trkpt lat="44.94679" lon="5.81502">
        <ele>1046</ele>
        <time>2025-04-18T20:18:45+00:00</time>
      </trkpt>
      <trkpt lat="44.94695" lon="5.81491">
        <ele>1047</ele>
        <time>2025-04-18T20:18:48+00:00</time>
      </trkpt>
      <trkpt lat="44.9471" lon="5.81483">
        <ele>1045</ele>
        <time>2025-04-18T20:18:51+00:00</time>
      </trkpt>
      <trkpt lat="44.94729" lon="5.81478">
        <ele>1045</ele>
        <time>2025-04-18T20:18:54+00:00</time>
      </trkpt>
      <trkpt lat="44.94753" lon="5.81474">
        <ele>1047</ele>
        <time>2025-04-18T20:18:57+00:00</time>
      </trkpt>
      <trkpt lat="44.94779" lon="5.8147">
        <ele>1049</ele>
        <time>2025-04-18T20:19:00+00:00</time>
      </trkpt>
      <trkpt lat="44.94788" lon="5.8147">
        <ele>1049</ele>
        <time>2025-04-18T20:19:03+00:00</time>
      </trkpt>
      <trkpt lat="44.94821" lon="5.81474">
        <ele>1052</ele>
        <time>2025-04-18T20:19:06+00:00</time>
      </trkpt>
      <trkpt lat="44.94854" lon="5.81479">
        <ele>1053</ele>
        <time>2025-04-18T20:19:09+00:00</time>
      </trkpt>
      <trkpt lat="44.94881" lon="5.81482">
        <ele>1057</ele>
        <time>2025-04-18T20:19:12+00:00</time>
      </trkpt>
      <trkpt lat="44.94918" lon="5.81487">
        <ele>1058</ele>
        <time>2025-04-18T20:19:15+00:00</time>
      </trkpt>
      <trkpt lat="44.94946" lon="5.81498">
        <ele>1060</ele>
        <time>2025-04-18T20:19:18+00:00</time>
      </trkpt>
      <trkpt lat="44.94989" lon="5.81515">
        <ele>1066</ele>
        <time>2025-04-18T20:19:21+00:00</time>
      </trkpt>
      <trkpt lat="44.95013" lon="5.8153">
        <ele>1073</ele>
        <time>2025-04-18T20:19:24+00:00</time>
      </trkpt>
      <trkpt lat="44.9502" lon="5.81531">
        <ele>1073</ele>
        <time>2025-04-18T20:19:27+00:00</time>
      </trkpt>
      <trkpt lat="44.95036" lon="5.81541">
        <ele>1074</ele>
        <time>2025-04-18T20:19:30+00:00</time>
      </trkpt>
      <trkpt lat="44.95064" lon="5.81527">
        <ele>1075</ele>
        <time>2025-04-18T20:19:33+00:00</time>
      </trkpt>
      <trkpt lat="44.9509" lon="5.81527">
        <ele>1080</ele>
        <time>2025-04-18T20:19:36+00:00</time>
      </trkpt>
      <trkpt lat="44.95123" lon="5.81528">
        <ele>1085</ele>
        <time>2025-04-18T20:19:39+00:00</time>
      </trkpt>
      <trkpt lat="44.9516" lon="5.81553">
        <ele>1098</ele>
        <time>2025-04-18T20:19:42+00:00</time>
      </trkpt>
      <trkpt lat="44.95188" lon="5.8158">
        <ele>1109</ele>
        <time>2025-04-18T20:19:45+00:00</time>
      </trkpt>
      <trkpt lat="44.95201" lon="5.81586">
        <ele>1110</ele>
        <time>2025-04-18T20:19:48+00:00</time>
      </trkpt>
      <trkpt lat="44.95203" lon="5.81598">
        <ele>1113</ele>
        <time>2025-04-18T20:19:51+00:00</time>
      </trkpt>
      <trkpt lat="44.9523" lon="5.8163">
        <ele>1126</ele>
        <time>2025-04-18T20:19:54+00:00</time>
      </trkpt>
      <trkpt lat="44.9524" lon="5.81631">
        <ele>1131</ele>
        <time>2025-04-18T20:19:57+00:00</time>
      </trkpt>
      <trkpt lat="44.95253" lon="5.816">
        <ele>1130</ele>
        <time>2025-04-18T20:20:00+00:00</time>
      </trkpt>
      <trkpt lat="44.95275" lon="5.81578">
        <ele>1134</ele>
        <time>2025-04-18T20:20:03+00:00</time>
      </trkpt>
      <trkpt lat="44.95286" lon="5.81563">
        <ele>1139</ele>
        <time>2025-04-18T20:20:06+00:00</time>
      </trkpt>
      <trkpt lat="44.95291" lon="5.81552">
        <ele>1140</ele>
        <time>2025-04-18T20:20:09+00:00</time>
      </trkpt>
      <trkpt lat="44.95316" lon="5.81545">
        <ele>1146</ele>
        <time>2025-04-18T20:20:12+00:00</time>
      </trkpt>
      <trkpt lat="44.95352" lon="5.81539">
        <ele>1154</ele>
        <time>2025-04-18T20:20:15+00:00</time>
      </trkpt>
      <trkpt lat="44.95375" lon="5.8154">
        <ele>1162</ele>
        <time>2025-04-18T20:20:18+00:00</time>
      </trkpt>
      <trkpt lat="44.95417" lon="5.8154">
        <ele>1163</ele>
        <time>2025-04-18T20:20:21+00:00</time>
      </trkpt>
      <trkpt lat="44.95431" lon="5.8153">
        <ele>1170</ele>
        <time>2025-04-18T20:20:24+00:00</time>
      </trkpt>
      <trkpt lat="44.95439" lon="5.81519">
        <ele>1164</ele>
        <time>2025-04-18T20:20:27+00:00</time>
      </trkpt>
      <trkpt lat="44.95461" lon="5.81507">
        <ele>1164</ele>
        <time>2025-04-18T20:20:30+00:00</time>
      </trkpt>
      <trkpt lat="44.95439" lon="5.81519">
        <ele>1164</ele>
        <time>2025-04-18T20:20:33+00:00</time>
      </trkpt>
      <trkpt lat="44.95431" lon="5.8153">
        <ele>1170</ele>
        <time>2025-04-18T20:20:36+00:00</time>
      </trkpt>
      <trkpt lat="44.95441" lon="5.8153">
        <ele>1167</ele>
        <time>2025-04-18T20:20:39+00:00</time>
      </trkpt>
      <trkpt lat="44.95451" lon="5.81528">
        <ele>1169</ele>
        <time>2025-04-18T20:20:42+00:00</time>
      </trkpt>
      <trkpt lat="44.95461" lon="5.81528">
        <ele>1171</ele>
        <time>2025-04-18T20:20:45+00:00</time>
      </trkpt>
      <trkpt lat="44.9547" lon="5.81543">
        <ele>1177</ele>
        <time>2025-04-18T20:20:48+00:00</time>
      </trkpt>
      <trkpt lat="44.95477" lon="5.8155">
        <ele>1179</ele>
        <time>2025-04-18T20:20:51+00:00</time>
      </trkpt>
      <trkpt lat="44.95496" lon="5.81582">
        <ele>1186</ele>
        <time>2025-04-18T20:20:54+00:00</time>
      </trkpt>
      <trkpt lat="44.95512" lon="5.81609">
        <ele>1189</ele>
        <time>2025-04-18T20:20:57+00:00</time>
      </trkpt>
      <trkpt lat="44.95528" lon="5.81637">
        <ele>1191</ele>
        <time>2025-04-18T20:21:00+00:00</time>
      </trkpt>
      <trkpt lat="44.95546" lon="5.81671">
        <ele>1194</ele>
        <time>2025-04-18T20:21:03+00:00</time>
      </trkpt>
      <trkpt lat="44.95559" lon="5.81691">
        <ele>1195</ele>
        <time>2025-04-18T20:21:06+00:00</time>
      </trkpt>
      <trkpt lat="44.95567" lon="5.81709">
        <ele>1195</ele>
        <time>2025-04-18T20:21:09+00:00</time>
      </trkpt>
      <trkpt lat="44.95571" lon="5.81728">
        <ele>1197</ele>
        <time>2025-04-18T20:21:12+00:00</time>
      </trkpt>
      <trkpt lat="44.9558" lon="5.81749">
        <ele>1197</ele>
        <time>2025-04-18T20:21:15+00:00</time>
      </trkpt>
      <trkpt lat="44.95573" lon="5.81777">
        <ele>1208</ele>
        <time>2025-04-18T20:21:18+00:00</time>
      </trkpt>
      <trkpt lat="44.95564" lon="5.81818">
        <ele>1218</ele>
        <time>2025-04-18T20:21:21+00:00</time>
      </trkpt>
      <trkpt lat="44.95569" lon="5.81864">
        <ele>1227</ele>
        <time>2025-04-18T20:21:24+00:00</time>
      </trkpt>
      <trkpt lat="44.95567" lon="5.81907">
        <ele>1235</ele>
        <time>2025-04-18T20:21:27+00:00</time>
      </trkpt>
      <trkpt lat="44.95578" lon="5.81962">
        <ele>1243</ele>
        <time>2025-04-18T20:21:30+00:00</time>
      </trkpt>
      <trkpt lat="44.95587" lon="5.81982">
        <ele>1241</ele>
        <time>2025-04-18T20:21:33+00:00</time>
      </trkpt>
      <trkpt lat="44.95587" lon="5.82004">
        <ele>1243</ele>
        <time>2025-04-18T20:21:36+00:00</time>
      </trkpt>
      <trkpt lat="44.95587" lon="5.82026">
        <ele>1247</ele>
        <time>2025-04-18T20:21:39+00:00</time>
      </trkpt>
      <trkpt lat="44.95585" lon="5.82043">
        <ele>1250</ele>
        <time>2025-04-18T20:21:42+00:00</time>
      </trkpt>
      <trkpt lat="44.95585" lon="5.82059">
        <ele>1252</ele>
        <time>2025-04-18T20:21:45+00:00</time>
      </trkpt>
      <trkpt lat="44.95584" lon="5.82078">
        <ele>1256</ele>
        <time>2025-04-18T20:21:48+00:00</time>
      </trkpt>
      <trkpt lat="44.95585" lon="5.82089">
        <ele>1258</ele>
        <time>2025-04-18T20:21:51+00:00</time>
      </trkpt>
      <trkpt lat="44.95598" lon="5.8211">
        <ele>1263</ele>
        <time>2025-04-18T20:21:54+00:00</time>
      </trkpt>
      <trkpt lat="44.95609" lon="5.82133">
        <ele>1265</ele>
        <time>2025-04-18T20:21:57+00:00</time>
      </trkpt>
      <trkpt lat="44.9561" lon="5.82148">
        <ele>1267</ele>
        <time>2025-04-18T20:22:00+00:00</time>
      </trkpt>
      <trkpt lat="44.95616" lon="5.82159">
        <ele>1265</ele>
        <time>2025-04-18T20:22:03+00:00</time>
      </trkpt>
      <trkpt lat="44.95619" lon="5.82182">
        <ele>1272</ele>
        <time>2025-04-18T20:22:06+00:00</time>
      </trkpt>
      <trkpt lat="44.95626" lon="5.82199">
        <ele>1272</ele>
        <time>2025-04-18T20:22:09+00:00</time>
      </trkpt>
      <trkpt lat="44.95627" lon="5.82218">
        <ele>1276</ele>
        <time>2025-04-18T20:22:12+00:00</time>
      </trkpt>
      <trkpt lat="44.95632" lon="5.82234">
        <ele>1276</ele>
        <time>2025-04-18T20:22:15+00:00</time>
      </trkpt>
      <trkpt lat="44.9563" lon="5.82254">
        <ele>1280</ele>
        <time>2025-04-18T20:22:18+00:00</time>
      </trkpt>
      <trkpt lat="44.95631" lon="5.82263">
        <ele>1278</ele>
        <time>2025-04-18T20:22:21+00:00</time>
      </trkpt>
      <trkpt lat="44.95641" lon="5.82291">
        <ele>1280</ele>
        <time>2025-04-18T20:22:24+00:00</time>
      </trkpt>
      <trkpt lat="44.95643" lon="5.823">
        <ele>1281</ele>
        <time>2025-04-18T20:22:27+00:00</time>
      </trkpt>
      <trkpt lat="44.95638" lon="5.8232">
        <ele>1289</ele>
        <time>2025-04-18T20:22:30+00:00</time>
      </trkpt>
      <trkpt lat="44.95638" lon="5.82352">
        <ele>1292</ele>
        <time>2025-04-18T20:22:33+00:00</time>
      </trkpt>
      <trkpt lat="44.95629" lon="5.82367">
        <ele>1297</ele>
        <time>2025-04-18T20:22:36+00:00</time>
      </trkpt>
      <trkpt lat="44.95622" lon="5.82395">
        <ele>1300</ele>
        <time>2025-04-18T20:22:39+00:00</time>
      </trkpt>
      <trkpt lat="44.95613" lon="5.82433">
        <ele>1308</ele>
        <time>2025-04-18T20:22:42+00:00</time>
      </trkpt>
      <trkpt lat="44.95615" lon="5.82451">
        <ele>1309</ele>
        <time>2025-04-18T20:22:45+00:00</time>
      </trkpt>
      <trkpt lat="44.95615" lon="5.82476">
        <ele>1311</ele>
        <time>2025-04-18T20:22:48+00:00</time>
      </trkpt>
      <trkpt lat="44.95622" lon="5.82519">
        <ele>1313</ele>
        <time>2025-04-18T20:22:51+00:00</time>
      </trkpt>
      <trkpt lat="44.95629" lon="5.82539">
        <ele>1316</ele>
        <time>2025-04-18T20:22:54+00:00</time>
      </trkpt>
      <trkpt lat="44.9565" lon="5.82566">
        <ele>1315</ele>
        <time>2025-04-18T20:22:57+00:00</time>
      </trkpt>
      <trkpt lat="44.95691" lon="5.82554">
        <ele>1315</ele>
        <time>2025-04-18T20:23:00+00:00</time>
      </trkpt>
      <trkpt lat="44.95718" lon="5.82542">
        <ele>1317</ele>
        <time>2025-04-18T20:23:03+00:00</time>
      </trkpt>
      <trkpt lat="44.95757" lon="5.82525">
        <ele>1320</ele>
        <time>2025-04-18T20:23:06+00:00</time>
      </trkpt>
      <trkpt lat="44.95783" lon="5.82519">
        <ele>1323</ele>
        <time>2025-04-18T20:23:09+00:00</time>
      </trkpt>
      <trkpt lat="44.95815" lon="5.82511">
        <ele>1329</ele>
        <time>2025-04-18T20:23:12+00:00</time>
      </trkpt>
      <trkpt lat="44.9586" lon="5.82489">
        <ele>1329</ele>
        <time>2025-04-18T20:23:15+00:00</time>
      </trkpt>
      <trkpt lat="44.95885" lon="5.82475">
        <ele>1334</ele>
        <time>2025-04-18T20:23:18+00:00</time>
      </trkpt>
      <trkpt lat="44.95918" lon="5.82458">
        <ele>1337</ele>
        <time>2025-04-18T20:23:21+00:00</time>
      </trkpt>
      <trkpt lat="44.95933" lon="5.82445">
        <ele>1344</ele>
        <time>2025-04-18T20:23:24+00:00</time>
      </trkpt>
      <trkpt lat="44.95944" lon="5.82415">
        <ele>1343</ele>
        <time>2025-04-18T20:23:27+00:00</time>
      </trkpt>
      <trkpt lat="44.95962" lon="5.82364">
        <ele>1343</ele>
        <time>2025-04-18T20:23:30+00:00</time>
      </trkpt>
      <trkpt lat="44.95969" lon="5.8234">
        <ele>1341</ele>
        <time>2025-04-18T20:23:33+00:00</time>
      </trkpt>
      <trkpt lat="44.95974" lon="5.8233">
        <ele>1344</ele>
        <time>2025-04-18T20:23:36+00:00</time>
      </trkpt>
      <trkpt lat="44.9598" lon="5.82323">
        <ele>1348</ele>
        <time>2025-04-18T20:23:39+00:00</time>
      </trkpt>
      <trkpt lat="44.95991" lon="5.82319">
        <ele>1348</ele>
        <time>2025-04-18T20:23:42+00:00</time>
      </trkpt>
      <trkpt lat="44.96017" lon="5.82317">
        <ele>1349</ele>
        <time>2025-04-18T20:23:45+00:00</time>
      </trkpt>
      <trkpt lat="44.96049" lon="5.82325">
        <ele>1348</ele>
        <time>2025-04-18T20:23:48+00:00</time>
      </trkpt>
      <trkpt lat="44.96079" lon="5.82334">
        <ele>1348</ele>
        <time>2025-04-18T20:23:51+00:00</time>
      </trkpt>
      <trkpt lat="44.96093" lon="5.8234">
        <ele>1346</ele>
        <time>2025-04-18T20:23:54+00:00</time>
      </trkpt>
      <trkpt lat="44.96092" lon="5.82347">
        <ele>1348</ele>
        <time>2025-04-18T20:23:57+00:00</time>
      </trkpt>
      <trkpt lat="44.96095" lon="5.82357">
        <ele>1349</ele>
        <time>2025-04-18T20:24:00+00:00</time>
      </trkpt>
      <trkpt lat="44.961" lon="5.82368">
        <ele>1348</ele>
        <time>2025-04-18T20:24:03+00:00</time>
      </trkpt>
      <trkpt lat="44.96108" lon="5.82375">
        <ele>1349</ele>
        <time>2025-04-18T20:24:06+00:00</time>
      </trkpt>
      <trkpt lat="44.96114" lon="5.82377">
        <ele>1349</ele>
        <time>2025-04-18T20:24:09+00:00</time>
      </trkpt>
      <trkpt lat="44.96122" lon="5.82377">
        <ele>1349</ele>
        <time>2025-04-18T20:24:12+00:00</time>
      </trkpt>
      <trkpt lat="44.96133" lon="5.82372">
        <ele>1350</ele>
        <time>2025-04-18T20:24:15+00:00</time>
      </trkpt>
      <trkpt lat="44.96168" lon="5.8235">
        <ele>1351</ele>
        <time>2025-04-18T20:24:18+00:00</time>
      </trkpt>
      <trkpt lat="44.96204" lon="5.82326">
        <ele>1354</ele>
        <time>2025-04-18T20:24:21+00:00</time>
      </trkpt>
      <trkpt lat="44.96223" lon="5.82308">
        <ele>1357</ele>
        <time>2025-04-18T20:24:24+00:00</time>
      </trkpt>
      <trkpt lat="44.96237" lon="5.82311">
        <ele>1360</ele>
        <time>2025-04-18T20:24:27+00:00</time>
      </trkpt>
      <trkpt lat="44.96248" lon="5.82285">
        <ele>1359</ele>
        <time>2025-04-18T20:24:30+00:00</time>
      </trkpt>
      <trkpt lat="44.96251" lon="5.82285">
        <ele>1362</ele>
        <time>2025-04-18T20:24:33+00:00</time>
      </trkpt>
      <trkpt lat="44.96267" lon="5.82295">
        <ele>1364</ele>
        <time>2025-04-18T20:24:36+00:00</time>
      </trkpt>
      <trkpt lat="44.96301" lon="5.82306">
        <ele>1370</ele>
        <time>2025-04-18T20:24:39+00:00</time>
      </trkpt>
      <trkpt lat="44.9632" lon="5.82315">
        <ele>1373</ele>
        <time>2025-04-18T20:24:42+00:00</time>
      </trkpt>
      <trkpt lat="44.96334" lon="5.82319">
        <ele>1374</ele>
        <time>2025-04-18T20:24:45+00:00</time>
      </trkpt>
      <trkpt lat="44.96351" lon="5.82316">
        <ele>1375</ele>
        <time>2025-04-18T20:24:48+00:00</time>
      </trkpt>
      <trkpt lat="44.96368" lon="5.82313">
        <ele>1375</ele>
        <time>2025-04-18T20:24:51+00:00</time>
      </trkpt>
      <trkpt lat="44.96378" lon="5.82315">
        <ele>1376</ele>
        <time>2025-04-18T20:24:54+00:00</time>
      </trkpt>
      <trkpt lat="44.96383" lon="5.82318">
        <ele>1376</ele>
        <time>2025-04-18T20:24:57+00:00</time>
      </trkpt>
      <trkpt lat="44.96393" lon="5.82326">
        <ele>1377</ele>
        <time>2025-04-18T20:25:00+00:00</time>
      </trkpt>
      <trkpt lat="44.96396" lon="5.82331">
        <ele>1379</ele>
        <time>2025-04-18T20:25:03+00:00</time>
      </trkpt>
      <trkpt lat="44.96403" lon="5.8234">
        <ele>1379</ele>
        <time>2025-04-18T20:25:06+00:00</time>
      </trkpt>
      <trkpt lat="44.96411" lon="5.82359">
        <ele>1384</ele>
        <time>2025-04-18T20:25:09+00:00</time>
      </trkpt>
      <trkpt lat="44.96416" lon="5.82365">
        <ele>1386</ele>
        <time>2025-04-18T20:25:12+00:00</time>
      </trkpt>
      <trkpt lat="44.9642" lon="5.82367">
        <ele>1386</ele>
        <time>2025-04-18T20:25:15+00:00</time>
      </trkpt>
      <trkpt lat="44.96444" lon="5.8237">
        <ele>1389</ele>
        <time>2025-04-18T20:25:18+00:00</time>
      </trkpt>
      <trkpt lat="44.96481" lon="5.82374">
        <ele>1396</ele>
        <time>2025-04-18T20:25:21+00:00</time>
      </trkpt>
      <trkpt lat="44.96494" lon="5.82378">
        <ele>1398</ele>
        <time>2025-04-18T20:25:24+00:00</time>
      </trkpt>
      <trkpt lat="44.96508" lon="5.82384">
        <ele>1400</ele>
        <time>2025-04-18T20:25:27+00:00</time>
      </trkpt>
      <trkpt lat="44.96522" lon="5.82396">
        <ele>1403</ele>
        <time>2025-04-18T20:25:30+00:00</time>
      </trkpt>
      <trkpt lat="44.96538" lon="5.82414">
        <ele>1407</ele>
        <time>2025-04-18T20:25:33+00:00</time>
      </trkpt>
      <trkpt lat="44.96559" lon="5.82444">
        <ele>1412</ele>
        <time>2025-04-18T20:25:36+00:00</time>
      </trkpt>
      <trkpt lat="44.96583" lon="5.8248">
        <ele>1415</ele>
        <time>2025-04-18T20:25:39+00:00</time>
      </trkpt>
      <trkpt lat="44.96601" lon="5.82509">
        <ele>1416</ele>
        <time>2025-04-18T20:25:42+00:00</time>
      </trkpt>
      <trkpt lat="44.96626" lon="5.82549">
        <ele>1420</ele>
        <time>2025-04-18T20:25:45+00:00</time>
      </trkpt>
      <trkpt lat="44.96637" lon="5.82555">
        <ele>1420</ele>
        <time>2025-04-18T20:25:48+00:00</time>
      </trkpt>
      <trkpt lat="44.96648" lon="5.82562">
        <ele>1421</ele>
        <time>2025-04-18T20:25:51+00:00</time>
      </trkpt>
      <trkpt lat="44.9667" lon="5.82573">
        <ele>1421</ele>
        <time>2025-04-18T20:25:54+00:00</time>
      </trkpt>
      <trkpt lat="44.96689" lon="5.82572">
        <ele>1421</ele>
        <time>2025-04-18T20:25:57+00:00</time>
      </trkpt>
      <trkpt lat="44.9671" lon="5.82574">
        <ele>1421</ele>
        <time>2025-04-18T20:26:00+00:00</time>
      </trkpt>
      <trkpt lat="44.9674" lon="5.82577">
        <ele>1422</ele>
        <time>2025-04-18T20:26:03+00:00</time>
      </trkpt>
      <trkpt lat="44.96777" lon="5.82587">
        <ele>1423</ele>
        <time>2025-04-18T20:26:06+00:00</time>
      </trkpt>
      <trkpt lat="44.96785" lon="5.82588">
        <ele>1424</ele>
        <time>2025-04-18T20:26:09+00:00</time>
      </trkpt>
      <trkpt lat="44.96791" lon="5.82586">
        <ele>1425</ele>
        <time>2025-04-18T20:26:12+00:00</time>
      </trkpt>
      <trkpt lat="44.96797" lon="5.82582">
        <ele>1425</ele>
        <time>2025-04-18T20:26:15+00:00</time>
      </trkpt>
      <trkpt lat="44.96828" lon="5.82553">
        <ele>1425</ele>
        <time>2025-04-18T20:26:18+00:00</time>
      </trkpt>
      <trkpt lat="44.96842" lon="5.82543">
        <ele>1430</ele>
        <time>2025-04-18T20:26:21+00:00</time>
      </trkpt>
      <trkpt lat="44.96855" lon="5.82539">
        <ele>1432</ele>
        <time>2025-04-18T20:26:24+00:00</time>
      </trkpt>
      <trkpt lat="44.96867" lon="5.82537">
        <ele>1435</ele>
        <time>2025-04-18T20:26:27+00:00</time>
      </trkpt>
      <trkpt lat="44.96887" lon="5.8254">
        <ele>1440</ele>
        <time>2025-04-18T20:26:30+00:00</time>
      </trkpt>
      <trkpt lat="44.9691" lon="5.82544">
        <ele>1444</ele>
        <time>2025-04-18T20:26:33+00:00</time>
      </trkpt>
      <trkpt lat="44.96933" lon="5.82549">
        <ele>1446</ele>
        <time>2025-04-18T20:26:36+00:00</time>
      </trkpt>
      <trkpt lat="44.96955" lon="5.82555">
        <ele>1449</ele>
        <time>2025-04-18T20:26:39+00:00</time>
      </trkpt>
      <trkpt lat="44.96966" lon="5.82552">
        <ele>1450</ele>
        <time>2025-04-18T20:26:42+00:00</time>
      </trkpt>
      <trkpt lat="44.96992" lon="5.8254">
        <ele>1456</ele>
        <time>2025-04-18T20:26:45+00:00</time>
      </trkpt>
      <trkpt lat="44.97006" lon="5.82535">
        <ele>1457</ele>
        <time>2025-04-18T20:26:48+00:00</time>
      </trkpt>
      <trkpt lat="44.9702" lon="5.82533">
        <ele>1461</ele>
        <time>2025-04-18T20:26:51+00:00</time>
      </trkpt>
      <trkpt lat="44.9702" lon="5.82534">
        <ele>1461</ele>
        <time>2025-04-18T20:26:54+00:00</time>
      </trkpt>
      <trkpt lat="44.9702" lon="5.82533">
        <ele>1461</ele>
        <time>2025-04-18T20:26:57+00:00</time>
      </trkpt>
      <trkpt lat="44.97047" lon="5.82531">
        <ele>1465</ele>
        <time>2025-04-18T20:27:00+00:00</time>
      </trkpt>
      <trkpt lat="44.97071" lon="5.82531">
        <ele>1471</ele>
        <time>2025-04-18T20:27:03+00:00</time>
      </trkpt>
      <trkpt lat="44.97105" lon="5.82535">
        <ele>1477</ele>
        <time>2025-04-18T20:27:06+00:00</time>
      </trkpt>
      <trkpt lat="44.97122" lon="5.8254">
        <ele>1480</ele>
        <time>2025-04-18T20:27:09+00:00</time>
      </trkpt>
      <trkpt lat="44.97143" lon="5.82549">
        <ele>1484</ele>
        <time>2025-04-18T20:27:12+00:00</time>
      </trkpt>
      <trkpt lat="44.97176" lon="5.82562">
        <ele>1490</ele>
        <time>2025-04-18T20:27:15+00:00</time>
      </trkpt>
      <trkpt lat="44.9721" lon="5.82573">
        <ele>1496</ele>
        <time>2025-04-18T20:27:18+00:00</time>
      </trkpt>
      <trkpt lat="44.97223" lon="5.82573">
        <ele>1497</ele>
        <time>2025-04-18T20:27:21+00:00</time>
      </trkpt>
      <trkpt lat="44.97244" lon="5.8257">
        <ele>1496</ele>
        <time>2025-04-18T20:27:24+00:00</time>
      </trkpt>
      <trkpt lat="44.97255" lon="5.82577">
        <ele>1497</ele>
        <time>2025-04-18T20:27:27+00:00</time>
      </trkpt>
      <trkpt lat="44.97263" lon="5.82578">
        <ele>1495</ele>
        <time>2025-04-18T20:27:30+00:00</time>
      </trkpt>
      <trkpt lat="44.97287" lon="5.82586">
        <ele>1495</ele>
        <time>2025-04-18T20:27:33+00:00</time>
      </trkpt>
      <trkpt lat="44.97315" lon="5.82596">
        <ele>1489</ele>
        <time>2025-04-18T20:27:36+00:00</time>
      </trkpt>
      <trkpt lat="44.9732" lon="5.82613">
        <ele>1490</ele>
        <time>2025-04-18T20:27:39+00:00</time>
      </trkpt>
      <trkpt lat="44.97328" lon="5.82628">
        <ele>1488</ele>
        <time>2025-04-18T20:27:42+00:00</time>
      </trkpt>
      <trkpt lat="44.97344" lon="5.82651">
        <ele>1486</ele>
        <time>2025-04-18T20:27:45+00:00</time>
      </trkpt>
      <trkpt lat="44.97361" lon="5.82673">
        <ele>1483</ele>
        <time>2025-04-18T20:27:48+00:00</time>
      </trkpt>
      <trkpt lat="44.97387" lon="5.82698">
        <ele>1481</ele>
        <time>2025-04-18T20:27:51+00:00</time>
      </trkpt>
      <trkpt lat="44.97417" lon="5.82732">
        <ele>1481</ele>
        <time>2025-04-18T20:27:54+00:00</time>
      </trkpt>
      <trkpt lat="44.97431" lon="5.82741">
        <ele>1478</ele>
        <time>2025-04-18T20:27:57+00:00</time>
      </trkpt>
      <trkpt lat="44.9745" lon="5.82757">
        <ele>1479</ele>
        <time>2025-04-18T20:28:00+00:00</time>
      </trkpt>
      <trkpt lat="44.97478" lon="5.82781">
        <ele>1478</ele>
        <time>2025-04-18T20:28:03+00:00</time>
      </trkpt>
      <trkpt lat="44.97512" lon="5.82809">
        <ele>1465</ele>
        <time>2025-04-18T20:28:06+00:00</time>
      </trkpt>
      <trkpt lat="44.97546" lon="5.82848">
        <ele>1462</ele>
        <time>2025-04-18T20:28:09+00:00</time>
      </trkpt>
      <trkpt lat="44.97565" lon="5.82874">
        <ele>1459</ele>
        <time>2025-04-18T20:28:12+00:00</time>
      </trkpt>
      <trkpt lat="44.97586" lon="5.82911">
        <ele>1457</ele>
        <time>2025-04-18T20:28:15+00:00</time>
      </trkpt>
      <trkpt lat="44.97602" lon="5.82943">
        <ele>1455</ele>
        <time>2025-04-18T20:28:18+00:00</time>
      </trkpt>
      <trkpt lat="44.97631" lon="5.82987">
        <ele>1452</ele>
        <time>2025-04-18T20:28:21+00:00</time>
      </trkpt>
      <trkpt lat="44.97653" lon="5.83017">
        <ele>1451</ele>
        <time>2025-04-18T20:28:24+00:00</time>
      </trkpt>
      <trkpt lat="44.97685" lon="5.83037">
        <ele>1444</ele>
        <time>2025-04-18T20:28:27+00:00</time>
      </trkpt>
      <trkpt lat="44.97702" lon="5.83046">
        <ele>1439</ele>
        <time>2025-04-18T20:28:30+00:00</time>
      </trkpt>
      <trkpt lat="44.97717" lon="5.83051">
        <ele>1438</ele>
        <time>2025-04-18T20:28:33+00:00</time>
      </trkpt>
      <trkpt lat="44.9773" lon="5.83078">
        <ele>1441</ele>
        <time>2025-04-18T20:28:36+00:00</time>
      </trkpt>
      <trkpt lat="44.97748" lon="5.83126">
        <ele>1444</ele>
        <time>2025-04-18T20:28:39+00:00</time>
      </trkpt>
      <trkpt lat="44.97762" lon="5.83176">
        <ele>1453</ele>
        <time>2025-04-18T20:28:42+00:00</time>
      </trkpt>
      <trkpt lat="44.97765" lon="5.83192">
        <ele>1459</ele>
        <time>2025-04-18T20:28:45+00:00</time>
      </trkpt>
      <trkpt lat="44.97769" lon="5.83233">
        <ele>1469</ele>
        <time>2025-04-18T20:28:48+00:00</time>
      </trkpt>
      <trkpt lat="44.97772" lon="5.83258">
        <ele>1471</ele>
        <time>2025-04-18T20:28:51+00:00</time>
      </trkpt>
      <trkpt lat="44.97779" lon="5.83285">
        <ele>1480</ele>
        <time>2025-04-18T20:28:54+00:00</time>
      </trkpt>
      <trkpt lat="44.97788" lon="5.83305">
        <ele>1483</ele>
        <time>2025-04-18T20:28:57+00:00</time>
      </trkpt>
      <trkpt lat="44.97801" lon="5.83328">
        <ele>1486</ele>
        <time>2025-04-18T20:29:00+00:00</time>
      </trkpt>
      <trkpt lat="44.97822" lon="5.83358">
        <ele>1491</ele>
        <time>2025-04-18T20:29:03+00:00</time>
      </trkpt>
      <trkpt lat="44.97834" lon="5.8336">
        <ele>1494</ele>
        <time>2025-04-18T20:29:06+00:00</time>
      </trkpt>
      <trkpt lat="44.97858" lon="5.83354">
        <ele>1496</ele>
        <time>2025-04-18T20:29:09+00:00</time>
      </trkpt>
      <trkpt lat="44.97868" lon="5.83348">
        <ele>1497</ele>
        <time>2025-04-18T20:29:12+00:00</time>
      </trkpt>
      <trkpt lat="44.97886" lon="5.83332">
        <ele>1500</ele>
        <time>2025-04-18T20:29:15+00:00</time>
      </trkpt>
      <trkpt lat="44.97898" lon="5.83323">
        <ele>1500</ele>
        <time>2025-04-18T20:29:18+00:00</time>
      </trkpt>
      <trkpt lat="44.9791" lon="5.83317">
        <ele>1501</ele>
        <time>2025-04-18T20:29:21+00:00</time>
      </trkpt>
      <trkpt lat="44.9792" lon="5.83314">
        <ele>1501</ele>
        <time>2025-04-18T20:29:24+00:00</time>
      </trkpt>
      <trkpt lat="44.97942" lon="5.83315">
        <ele>1507</ele>
        <time>2025-04-18T20:29:27+00:00</time>
      </trkpt>
      <trkpt lat="44.97968" lon="5.83316">
        <ele>1509</ele>
        <time>2025-04-18T20:29:30+00:00</time>
      </trkpt>
      <trkpt lat="44.97996" lon="5.83318">
        <ele>1513</ele>
        <time>2025-04-18T20:29:33+00:00</time>
      </trkpt>
      <trkpt lat="44.98037" lon="5.83321">
        <ele>1523</ele>
        <time>2025-04-18T20:29:36+00:00</time>
      </trkpt>
      <trkpt lat="44.98046" lon="5.8332">
        <ele>1525</ele>
        <time>2025-04-18T20:29:39+00:00</time>
      </trkpt>
      <trkpt lat="44.98068" lon="5.83313">
        <ele>1523</ele>
        <time>2025-04-18T20:29:42+00:00</time>
      </trkpt>
      <trkpt lat="44.98097" lon="5.83305">
        <ele>1525</ele>
        <time>2025-04-18T20:29:45+00:00</time>
      </trkpt>
      <trkpt lat="44.98124" lon="5.83308">
        <ele>1527</ele>
        <time>2025-04-18T20:29:48+00:00</time>
      </trkpt>
      <trkpt lat="44.98149" lon="5.83312">
        <ele>1535</ele>
        <time>2025-04-18T20:29:51+00:00</time>
      </trkpt>
      <trkpt lat="44.98188" lon="5.83313">
        <ele>1538</ele>
        <time>2025-04-18T20:29:54+00:00</time>
      </trkpt>
      <trkpt lat="44.98195" lon="5.83314">
        <ele>1539</ele>
        <time>2025-04-18T20:29:57+00:00</time>
      </trkpt>
      <trkpt lat="44.98233" lon="5.83327">
        <ele>1546</ele>
        <time>2025-04-18T20:30:00+00:00</time>
      </trkpt>
      <trkpt lat="44.98253" lon="5.8332">
        <ele>1544</ele>
        <time>2025-04-18T20:30:03+00:00</time>
      </trkpt>
      <trkpt lat="44.98269" lon="5.83306">
        <ele>1545</ele>
        <time>2025-04-18T20:30:06+00:00</time>
      </trkpt>
      <trkpt lat="44.98277" lon="5.83295">
        <ele>1544</ele>
        <time>2025-04-18T20:30:09+00:00</time>
      </trkpt>
      <trkpt lat="44.98283" lon="5.83293">
        <ele>1544</ele>
        <time>2025-04-18T20:30:12+00:00</time>
      </trkpt>
      <trkpt lat="44.98288" lon="5.83296">
        <ele>1544</ele>
        <time>2025-04-18T20:30:15+00:00</time>
      </trkpt>
      <trkpt lat="44.98297" lon="5.83298">
        <ele>1544</ele>
        <time>2025-04-18T20:30:18+00:00</time>
      </trkpt>
      <trkpt lat="44.98304" lon="5.83294">
        <ele>1545</ele>
        <time>2025-04-18T20:30:21+00:00</time>
      </trkpt>
      <trkpt lat="44.98298" lon="5.83257">
        <ele>1549</ele>
        <time>2025-04-18T20:30:24+00:00</time>
      </trkpt>
      <trkpt lat="44.98302" lon="5.83234">
        <ele>1552</ele>
        <time>2025-04-18T20:30:27+00:00</time>
      </trkpt>
      <trkpt lat="44.98299" lon="5.83208">
        <ele>1555</ele>
        <time>2025-04-18T20:30:30+00:00</time>
      </trkpt>
      <trkpt lat="44.98289" lon="5.83172">
        <ele>1557</ele>
        <time>2025-04-18T20:30:33+00:00</time>
      </trkpt>
      <trkpt lat="44.98276" lon="5.83124">
        <ele>1562</ele>
        <time>2025-04-18T20:30:36+00:00</time>
      </trkpt>
      <trkpt lat="44.98263" lon="5.83074">
        <ele>1570</ele>
        <time>2025-04-18T20:30:39+00:00</time>
      </trkpt>
      <trkpt lat="44.98252" lon="5.83036">
        <ele>1572</ele>
        <time>2025-04-18T20:30:42+00:00</time>
      </trkpt>
      <trkpt lat="44.98244" lon="5.83003">
        <ele>1574</ele>
        <time>2025-04-18T20:30:45+00:00</time>
      </trkpt>
      <trkpt lat="44.98245" lon="5.82983">
        <ele>1575</ele>
        <time>2025-04-18T20:30:48+00:00</time>
      </trkpt>
      <trkpt lat="44.98254" lon="5.82965">
        <ele>1580</ele>
        <time>2025-04-18T20:30:51+00:00</time>
      </trkpt>
      <trkpt lat="44.9828" lon="5.82942">
        <ele>1580</ele>
        <time>2025-04-18T20:30:54+00:00</time>
      </trkpt>
      <trkpt lat="44.98304" lon="5.82925">
        <ele>1584</ele>
        <time>2025-04-18T20:30:57+00:00</time>
      </trkpt>
      <trkpt lat="44.98335" lon="5.82904">
        <ele>1589</ele>
        <time>2025-04-18T20:31:00+00:00</time>
      </trkpt>
      <trkpt lat="44.98361" lon="5.82888">
        <ele>1592</ele>
        <time>2025-04-18T20:31:03+00:00</time>
      </trkpt>
      <trkpt lat="44.98401" lon="5.82865">
        <ele>1601</ele>
        <time>2025-04-18T20:31:06+00:00</time>
      </trkpt>
      <trkpt lat="44.98427" lon="5.82853">
        <ele>1602</ele>
        <time>2025-04-18T20:31:09+00:00</time>
      </trkpt>
      <trkpt lat="44.9846" lon="5.82838">
        <ele>1611</ele>
        <time>2025-04-18T20:31:12+00:00</time>
      </trkpt>
      <trkpt lat="44.98494" lon="5.82825">
        <ele>1615</ele>
        <time>2025-04-18T20:31:15+00:00</time>
      </trkpt>
      <trkpt lat="44.98509" lon="5.82818">
        <ele>1614</ele>
        <time>2025-04-18T20:31:18+00:00</time>
      </trkpt>
      <trkpt lat="44.98522" lon="5.82806">
        <ele>1615</ele>
        <time>2025-04-18T20:31:21+00:00</time>
      </trkpt>
      <trkpt lat="44.98536" lon="5.82797">
        <ele>1613</ele>
        <time>2025-04-18T20:31:24+00:00</time>
      </trkpt>
      <trkpt lat="44.98544" lon="5.82794">
        <ele>1616</ele>
        <time>2025-04-18T20:31:27+00:00</time>
      </trkpt>
      <trkpt lat="44.98552" lon="5.8279">
        <ele>1620</ele>
        <time>2025-04-18T20:31:30+00:00</time>
      </trkpt>
      <trkpt lat="44.98555" lon="5.82784">
        <ele>1616</ele>
        <time>2025-04-18T20:31:33+00:00</time>
      </trkpt>
      <trkpt lat="44.98563" lon="5.82757">
        <ele>1623</ele>
        <time>2025-04-18T20:31:36+00:00</time>
      </trkpt>
      <trkpt lat="44.98572" lon="5.82734">
        <ele>1628</ele>
        <time>2025-04-18T20:31:39+00:00</time>
      </trkpt>
      <trkpt lat="44.98584" lon="5.82713">
        <ele>1627</ele>
        <time>2025-04-18T20:31:42+00:00</time>
      </trkpt>
      <trkpt lat="44.986" lon="5.82687">
        <ele>1632</ele>
        <time>2025-04-18T20:31:45+00:00</time>
      </trkpt>
      <trkpt lat="44.98618" lon="5.8264">
        <ele>1642</ele>
        <time>2025-04-18T20:31:48+00:00</time>
      </trkpt>
      <trkpt lat="44.98615" lon="5.82595">
        <ele>1644</ele>
        <time>2025-04-18T20:31:51+00:00</time>
      </trkpt>
      <trkpt lat="44.9861" lon="5.82562">
        <ele>1646</ele>
        <time>2025-04-18T20:31:54+00:00</time>
      </trkpt>
      <trkpt lat="44.98604" lon="5.82527">
        <ele>1656</ele>
        <time>2025-04-18T20:31:57+00:00</time>
      </trkpt>
      <trkpt lat="44.98599" lon="5.825">
        <ele>1657</ele>
        <time>2025-04-18T20:32:00+00:00</time>
      </trkpt>
      <trkpt lat="44.98591" lon="5.82474">
        <ele>1661</ele>
        <time>2025-04-18T20:32:03+00:00</time>
      </trkpt>
      <trkpt lat="44.98578" lon="5.82435">
        <ele>1665</ele>
        <time>2025-04-18T20:32:06+00:00</time>
      </trkpt>
      <trkpt lat="44.98564" lon="5.82397">
        <ele>1673</ele>
        <time>2025-04-18T20:32:09+00:00</time>
      </trkpt>
      <trkpt lat="44.98552" lon="5.82365">
        <ele>1675</ele>
        <time>2025-04-18T20:32:12+00:00</time>
      </trkpt>
      <trkpt lat="44.98539" lon="5.82329">
        <ele>1677</ele>
        <time>2025-04-18T20:32:15+00:00</time>
      </trkpt>
      <trkpt lat="44.98534" lon="5.82309">
        <ele>1679</ele>
        <time>2025-04-18T20:32:18+00:00</time>
      </trkpt>
      <trkpt lat="44.98536" lon="5.82305">
        <ele>1679</ele>
        <time>2025-04-18T20:32:21+00:00</time>
      </trkpt>
      <trkpt lat="44.98539" lon="5.82302">
        <ele>1679</ele>
        <time>2025-04-18T20:32:24+00:00</time>
      </trkpt>
      <trkpt lat="44.98547" lon="5.82299">
        <ele>1680</ele>
        <time>2025-04-18T20:32:27+00:00</time>
      </trkpt>
      <trkpt lat="44.98554" lon="5.82299">
        <ele>1681</ele>
        <time>2025-04-18T20:32:30+00:00</time>
      </trkpt>
      <trkpt lat="44.98585" lon="5.82306">
        <ele>1686</ele>
        <time>2025-04-18T20:32:33+00:00</time>
      </trkpt>
      <trkpt lat="44.98613" lon="5.8231">
        <ele>1694</ele>
        <time>2025-04-18T20:32:36+00:00</time>
      </trkpt>
      <trkpt lat="44.98656" lon="5.82316">
        <ele>1699</ele>
        <time>2025-04-18T20:32:39+00:00</time>
      </trkpt>
      <trkpt lat="44.98668" lon="5.8232">
        <ele>1702</ele>
        <time>2025-04-18T20:32:42+00:00</time>
      </trkpt>
      <trkpt lat="44.98702" lon="5.82327">
        <ele>1705</ele>
        <time>2025-04-18T20:32:45+00:00</time>
      </trkpt>
      <trkpt lat="44.98715" lon="5.82332">
        <ele>1708</ele>
        <time>2025-04-18T20:32:48+00:00</time>
      </trkpt>
      <trkpt lat="44.98727" lon="5.82338">
        <ele>1709</ele>
        <time>2025-04-18T20:32:51+00:00</time>
      </trkpt>
      <trkpt lat="44.98745" lon="5.82351">
        <ele>1716</ele>
        <time>2025-04-18T20:32:54+00:00</time>
      </trkpt>
      <trkpt lat="44.98767" lon="5.82369">
        <ele>1717</ele>
        <time>2025-04-18T20:32:57+00:00</time>
      </trkpt>
      <trkpt lat="44.98793" lon="5.82389">
        <ele>1722</ele>
        <time>2025-04-18T20:33:00+00:00</time>
      </trkpt>
      <trkpt lat="44.98791" lon="5.82429">
        <ele>1737</ele>
        <time>2025-04-18T20:33:03+00:00</time>
      </trkpt>
      <trkpt lat="44.98788" lon="5.8249">
        <ele>1760</ele>
        <time>2025-04-18T20:33:06+00:00</time>
      </trkpt>
      <trkpt lat="44.98806" lon="5.82523">
        <ele>1766</ele>
        <time>2025-04-18T20:33:09+00:00</time>
      </trkpt>
      <trkpt lat="44.98821" lon="5.82549">
        <ele>1771</ele>
        <time>2025-04-18T20:33:12+00:00</time>
      </trkpt>
      <trkpt lat="44.98836" lon="5.82576">
        <ele>1778</ele>
        <time>2025-04-18T20:33:15+00:00</time>
      </trkpt>
      <trkpt lat="44.98858" lon="5.82599">
        <ele>1782</ele>
        <time>2025-04-18T20:33:18+00:00</time>
      </trkpt>
      <trkpt lat="44.98886" lon="5.8263">
        <ele>1790</ele>
        <time>2025-04-18T20:33:21+00:00</time>
      </trkpt>
      <trkpt lat="44.98919" lon="5.82638">
        <ele>1794</ele>
        <time>2025-04-18T20:33:24+00:00</time>
      </trkpt>
      <trkpt lat="44.98953" lon="5.82646">
        <ele>1799</ele>
        <time>2025-04-18T20:33:27+00:00</time>
      </trkpt>
      <trkpt lat="44.98976" lon="5.82652">
        <ele>1804</ele>
        <time>2025-04-18T20:33:30+00:00</time>
      </trkpt>
      <trkpt lat="44.99001" lon="5.82658">
        <ele>1807</ele>
        <time>2025-04-18T20:33:33+00:00</time>
      </trkpt>
      <trkpt lat="44.99007" lon="5.82698">
        <ele>1822</ele>
        <time>2025-04-18T20:33:36+00:00</time>
      </trkpt>
      <trkpt lat="44.99018" lon="5.82764">
        <ele>1852</ele>
        <time>2025-04-18T20:33:39+00:00</time>
      </trkpt>
      <trkpt lat="44.99017" lon="5.828">
        <ele>1870</ele>
        <time>2025-04-18T20:33:42+00:00</time>
      </trkpt>
      <trkpt lat="44.99016" lon="5.82843">
        <ele>1887</ele>
        <time>2025-04-18T20:33:45+00:00</time>
      </trkpt>
      <trkpt lat="44.99014" lon="5.82877">
        <ele>1900</ele>
        <time>2025-04-18T20:33:48+00:00</time>
      </trkpt>
      <trkpt lat="44.99012" lon="5.82914">
        <ele>1916</ele>
        <time>2025-04-18T20:33:51+00:00</time>
      </trkpt>
      <trkpt lat="44.99018" lon="5.82952">
        <ele>1931</ele>
        <time>2025-04-18T20:33:54+00:00</time>
      </trkpt>
      <trkpt lat="44.99026" lon="5.83006">
        <ele>1947</ele>
        <time>2025-04-18T20:33:57+00:00</time>
      </trkpt>
      <trkpt lat="44.99044" lon="5.83031">
        <ele>1959</ele>
        <time>2025-04-18T20:34:00+00:00</time>
      </trkpt>
      <trkpt lat="44.99063" lon="5.83059">
        <ele>1967</ele>
        <time>2025-04-18T20:34:03+00:00</time>
      </trkpt>
      <trkpt lat="44.99077" lon="5.8311">
        <ele>1985</ele>
        <time>2025-04-18T20:34:06+00:00</time>
      </trkpt>
      <trkpt lat="44.99076" lon="5.83144">
        <ele>1994</ele>
        <time>2025-04-18T20:34:09+00:00</time>
      </trkpt>
      <trkpt lat="44.99075" lon="5.83178">
        <ele>2002</ele>
        <time>2025-04-18T20:34:12+00:00</time>
      </trkpt>
      <trkpt lat="44.99067" lon="5.83243">
        <ele>2019</ele>
        <time>2025-04-18T20:34:15+00:00</time>
      </trkpt>
      <trkpt lat="44.99062" lon="5.833">
        <ele>2033</ele>
        <time>2025-04-18T20:34:18+00:00</time>
      </trkpt>
      <trkpt lat="44.99065" lon="5.83349">
        <ele>2043</ele>
        <time>2025-04-18T20:34:21+00:00</time>
      </trkpt>
      <trkpt lat="44.99062" lon="5.83385">
        <ele>2050</ele>
        <time>2025-04-18T20:34:24+00:00</time>
      </trkpt>
      <trkpt lat="44.99059" lon="5.83428">
        <ele>2054</ele>
        <time>2025-04-18T20:34:27+00:00</time>
      </trkpt>
      <trkpt lat="44.99057" lon="5.83447">
        <ele>2056</ele>
        <time>2025-04-18T20:34:30+00:00</time>
      </trkpt>
      <trkpt lat="44.99058" lon="5.83477">
        <ele>2059</ele>
        <time>2025-04-18T20:34:33+00:00</time>
      </trkpt>
      <trkpt lat="44.9906" lon="5.83515">
        <ele>2065</ele>
        <time>2025-04-18T20:34:36+00:00</time>
      </trkpt>
      <trkpt lat="44.99061" lon="5.83552">
        <ele>2069</ele>
        <time>2025-04-18T20:34:39+00:00</time>
      </trkpt>
      <trkpt lat="44.99061" lon="5.83596">
        <ele>2073</ele>
        <time>2025-04-18T20:34:42+00:00</time>
      </trkpt>
      <trkpt lat="44.99062" lon="5.83633">
        <ele>2078</ele>
        <time>2025-04-18T20:34:45+00:00</time>
      </trkpt>
      <trkpt lat="44.99062" lon="5.83678">
        <ele>2083</ele>
        <time>2025-04-18T20:34:48+00:00</time>
      </trkpt>
      <trkpt lat="44.9906" lon="5.83725">
        <ele>2084</ele>
        <time>2025-04-18T20:34:51+00:00</time>
      </trkpt>
      <trkpt lat="44.99057" lon="5.83768">
        <ele>2086</ele>
        <time>2025-04-18T20:34:54+00:00</time>
      </trkpt>
      <trkpt lat="44.99055" lon="5.83803">
        <ele>2087</ele>
        <time>2025-04-18T20:34:57+00:00</time>
      </trkpt>
      <trkpt lat="44.99052" lon="5.83843">
        <ele>2086</ele>
        <time>2025-04-18T20:35:00+00:00</time>
      </trkpt>
      <trkpt lat="44.99049" lon="5.83872">
        <ele>2086</ele>
        <time>2025-04-18T20:35:03+00:00</time>
      </trkpt>
      <trkpt lat="44.99046" lon="5.83893">
        <ele>2085</ele>
        <time>2025-04-18T20:35:06+00:00</time>
      </trkpt>
      <trkpt lat="44.99045" lon="5.83928">
        <ele>2085</ele>
        <time>2025-04-18T20:35:09+00:00</time>
      </trkpt>
      <trkpt lat="44.99044" lon="5.8399">
        <ele>2082</ele>
        <time>2025-04-18T20:35:12+00:00</time>
      </trkpt>
      <trkpt lat="44.99045" lon="5.84049">
        <ele>2082</ele>
        <time>2025-04-18T20:35:15+00:00</time>
      </trkpt>
      <trkpt lat="44.99034" lon="5.84108">
        <ele>2086</ele>
        <time>2025-04-18T20:35:18+00:00</time>
      </trkpt>
      <trkpt lat="44.99041" lon="5.84133">
        <ele>2091</ele>
        <time>2025-04-18T20:35:21+00:00</time>
      </trkpt>
      <trkpt lat="44.99051" lon="5.84164">
        <ele>2091</ele>
        <time>2025-04-18T20:35:24+00:00</time>
      </trkpt>
      <trkpt lat="44.99057" lon="5.84189">
        <ele>2092</ele>
        <time>2025-04-18T20:35:27+00:00</time>
      </trkpt>
      <trkpt lat="44.9906" lon="5.84219">
        <ele>2096</ele>
        <time>2025-04-18T20:35:30+00:00</time>
      </trkpt>
      <trkpt lat="44.99062" lon="5.84221">
        <ele>2098</ele>
        <time>2025-04-18T20:35:33+00:00</time>
      </trkpt>
      <trkpt lat="44.99063" lon="5.84226">
        <ele>2098</ele>
        <time>2025-04-18T20:35:36+00:00</time>
      </trkpt>
      <trkpt lat="44.99063" lon="5.84237">
        <ele>2099</ele>
        <time>2025-04-18T20:35:39+00:00</time>
      </trkpt>
      <trkpt lat="44.99065" lon="5.84244">
        <ele>2101</ele>
        <time>2025-04-18T20:35:42+00:00</time>
      </trkpt>
      <trkpt lat="44.99065" lon="5.84254">
        <ele>2104</ele>
        <time>2025-04-18T20:35:45+00:00</time>
      </trkpt>
      <trkpt lat="44.99063" lon="5.84279">
        <ele>2108</ele>
        <time>2025-04-18T20:35:48+00:00</time>
      </trkpt>
      <trkpt lat="44.99063" lon="5.84289">
        <ele>2112</ele>
        <time>2025-04-18T20:35:51+00:00</time>
      </trkpt>
      <trkpt lat="44.99061" lon="5.84305">
        <ele>2117</ele>
        <time>2025-04-18T20:35:54+00:00</time>
      </trkpt>
      <trkpt lat="44.99061" lon="5.84313">
        <ele>2121</ele>
        <time>2025-04-18T20:35:57+00:00</time>
      </trkpt>
      <trkpt lat="44.99062" lon="5.84323">
        <ele>2123</ele>
        <time>2025-04-18T20:36:00+00:00</time>
      </trkpt>
      <trkpt lat="44.99067" lon="5.84343">
        <ele>2125</ele>
        <time>2025-04-18T20:36:03+00:00</time>
      </trkpt>
      <trkpt lat="44.9907" lon="5.84347">
        <ele>2130</ele>
        <time>2025-04-18T20:36:06+00:00</time>
      </trkpt>
      <trkpt lat="44.9907" lon="5.84349">
        <ele>2130</ele>
        <time>2025-04-18T20:36:09+00:00</time>
      </trkpt>
      <trkpt lat="44.99075" lon="5.84365">
        <ele>2132</ele>
        <time>2025-04-18T20:36:12+00:00</time>
      </trkpt>
      <trkpt lat="44.99078" lon="5.84369">
        <ele>2132</ele>
        <time>2025-04-18T20:36:15+00:00</time>
      </trkpt>
      <trkpt lat="44.99081" lon="5.84378">
        <ele>2137</ele>
        <time>2025-04-18T20:36:18+00:00</time>
      </trkpt>
      <trkpt lat="44.9908" lon="5.8439">
        <ele>2140</ele>
        <time>2025-04-18T20:36:21+00:00</time>
      </trkpt>
      <trkpt lat="44.99085" lon="5.84403">
        <ele>2143</ele>
        <time>2025-04-18T20:36:24+00:00</time>
      </trkpt>
      <trkpt lat="44.99087" lon="5.84416">
        <ele>2145</ele>
        <time>2025-04-18T20:36:27+00:00</time>
      </trkpt>
      <trkpt lat="44.99088" lon="5.84434">
        <ele>2151</ele>
        <time>2025-04-18T20:36:30+00:00</time>
      </trkpt>
      <trkpt lat="44.99086" lon="5.84446">
        <ele>2153</ele>
        <time>2025-04-18T20:36:33+00:00</time>
      </trkpt>
      <trkpt lat="44.99087" lon="5.84453">
        <ele>2156</ele>
        <time>2025-04-18T20:36:36+00:00</time>
      </trkpt>
      <trkpt lat="44.99092" lon="5.84473">
        <ele>2163</ele>
        <time>2025-04-18T20:36:39+00:00</time>
      </trkpt>
      <trkpt lat="44.99096" lon="5.84503">
        <ele>2168</ele>
        <time>2025-04-18T20:36:42+00:00</time>
      </trkpt>
      <trkpt lat="44.99096" lon="5.84529">
        <ele>2172</ele>
        <time>2025-04-18T20:36:45+00:00</time>
      </trkpt>
      <trkpt lat="44.99094" lon="5.84537">
        <ele>2174</ele>
        <time>2025-04-18T20:36:48+00:00</time>
      </trkpt>
      <trkpt lat="44.99094" lon="5.84549">
        <ele>2176</ele>
        <time>2025-04-18T20:36:51+00:00</time>
      </trkpt>
      <trkpt lat="44.99093" lon="5.84554">
        <ele>2178</ele>
        <time>2025-04-18T20:36:54+00:00</time>
      </trkpt>
      <trkpt lat="44.9907" lon="5.84581">
        <ele>2174</ele>
        <time>2025-04-18T20:36:57+00:00</time>
      </trkpt>
      <trkpt lat="44.99063" lon="5.84592">
        <ele>2170</ele>
        <time>2025-04-18T20:37:00+00:00</time>
      </trkpt>
      <trkpt lat="44.9905" lon="5.84608">
        <ele>2165</ele>
        <time>2025-04-18T20:37:03+00:00</time>
      </trkpt>
      <trkpt lat="44.99049" lon="5.84611">
        <ele>2160</ele>
        <time>2025-04-18T20:37:06+00:00</time>
      </trkpt>
      <trkpt lat="44.99044" lon="5.84618">
        <ele>2160</ele>
        <time>2025-04-18T20:37:09+00:00</time>
      </trkpt>
      <trkpt lat="44.99042" lon="5.84618">
        <ele>2160</ele>
        <time>2025-04-18T20:37:12+00:00</time>
      </trkpt>
      <trkpt lat="44.99035" lon="5.84634">
        <ele>2150</ele>
        <time>2025-04-18T20:37:15+00:00</time>
      </trkpt>
      <trkpt lat="44.99029" lon="5.84645">
        <ele>2143</ele>
        <time>2025-04-18T20:37:18+00:00</time>
      </trkpt>
      <trkpt lat="44.99025" lon="5.84649">
        <ele>2143</ele>
        <time>2025-04-18T20:37:21+00:00</time>
      </trkpt>
      <trkpt lat="44.99021" lon="5.84658">
        <ele>2144</ele>
        <time>2025-04-18T20:37:24+00:00</time>
      </trkpt>
      <trkpt lat="44.99018" lon="5.84661">
        <ele>2138</ele>
        <time>2025-04-18T20:37:27+00:00</time>
      </trkpt>
      <trkpt lat="44.99003" lon="5.84687">
        <ele>2129</ele>
        <time>2025-04-18T20:37:30+00:00</time>
      </trkpt>
      <trkpt lat="44.99002" lon="5.84692">
        <ele>2128</ele>
        <time>2025-04-18T20:37:33+00:00</time>
      </trkpt>
      <trkpt lat="44.9898" lon="5.84719">
        <ele>2117</ele>
        <time>2025-04-18T20:37:36+00:00</time>
      </trkpt>
      <trkpt lat="44.98974" lon="5.8473">
        <ele>2108</ele>
        <time>2025-04-18T20:37:39+00:00</time>
      </trkpt>
      <trkpt lat="44.98972" lon="5.84735">
        <ele>2108</ele>
        <time>2025-04-18T20:37:42+00:00</time>
      </trkpt>
      <trkpt lat="44.98963" lon="5.8475">
        <ele>2101</ele>
        <time>2025-04-18T20:37:45+00:00</time>
      </trkpt>
      <trkpt lat="44.98962" lon="5.84756">
        <ele>2101</ele>
        <time>2025-04-18T20:37:48+00:00</time>
      </trkpt>
      <trkpt lat="44.98958" lon="5.84759">
        <ele>2095</ele>
        <time>2025-04-18T20:37:51+00:00</time>
      </trkpt>
      <trkpt lat="44.98957" lon="5.84762">
        <ele>2094</ele>
        <time>2025-04-18T20:37:54+00:00</time>
      </trkpt>
      <trkpt lat="44.98955" lon="5.84764">
        <ele>2094</ele>
        <time>2025-04-18T20:37:57+00:00</time>
      </trkpt>
      <trkpt lat="44.98955" lon="5.84768">
        <ele>2094</ele>
        <time>2025-04-18T20:38:00+00:00</time>
      </trkpt>
      <trkpt lat="44.9895" lon="5.84777">
        <ele>2092</ele>
        <time>2025-04-18T20:38:03+00:00</time>
      </trkpt>
      <trkpt lat="44.98949" lon="5.84782">
        <ele>2085</ele>
        <time>2025-04-18T20:38:06+00:00</time>
      </trkpt>
      <trkpt lat="44.9895" lon="5.84788">
        <ele>2090</ele>
        <time>2025-04-18T20:38:09+00:00</time>
      </trkpt>
      <trkpt lat="44.98948" lon="5.8479">
        <ele>2084</ele>
        <time>2025-04-18T20:38:12+00:00</time>
      </trkpt>
      <trkpt lat="44.98947" lon="5.84793">
        <ele>2084</ele>
        <time>2025-04-18T20:38:15+00:00</time>
      </trkpt>
      <trkpt lat="44.98936" lon="5.84809">
        <ele>2075</ele>
        <time>2025-04-18T20:38:18+00:00</time>
      </trkpt>
      <trkpt lat="44.98934" lon="5.84809">
        <ele>2075</ele>
        <time>2025-04-18T20:38:21+00:00</time>
      </trkpt>
      <trkpt lat="44.9893" lon="5.84817">
        <ele>2075</ele>
        <time>2025-04-18T20:38:24+00:00</time>
      </trkpt>
      <trkpt lat="44.9893" lon="5.84822">
        <ele>2075</ele>
        <time>2025-04-18T20:38:27+00:00</time>
      </trkpt>
      <trkpt lat="44.98928" lon="5.84828">
        <ele>2070</ele>
        <time>2025-04-18T20:38:30+00:00</time>
      </trkpt>
      <trkpt lat="44.98925" lon="5.8483">
        <ele>2069</ele>
        <time>2025-04-18T20:38:33+00:00</time>
      </trkpt>
      <trkpt lat="44.98914" lon="5.84852">
        <ele>2062</ele>
        <time>2025-04-18T20:38:36+00:00</time>
      </trkpt>
      <trkpt lat="44.98906" lon="5.84862">
        <ele>2053</ele>
        <time>2025-04-18T20:38:39+00:00</time>
      </trkpt>
      <trkpt lat="44.98901" lon="5.84865">
        <ele>2053</ele>
        <time>2025-04-18T20:38:42+00:00</time>
      </trkpt>
      <trkpt lat="44.98901" lon="5.84874">
        <ele>2052</ele>
        <time>2025-04-18T20:38:45+00:00</time>
      </trkpt>
      <trkpt lat="44.98897" lon="5.84876">
        <ele>2047</ele>
        <time>2025-04-18T20:38:48+00:00</time>
      </trkpt>
      <trkpt lat="44.98897" lon="5.84881">
        <ele>2046</ele>
        <time>2025-04-18T20:38:51+00:00</time>
      </trkpt>
      <trkpt lat="44.98892" lon="5.84887">
        <ele>2046</ele>
        <time>2025-04-18T20:38:54+00:00</time>
      </trkpt>
      <trkpt lat="44.98893" lon="5.84892">
        <ele>2043</ele>
        <time>2025-04-18T20:38:57+00:00</time>
      </trkpt>
      <trkpt lat="44.98889" lon="5.84895">
        <ele>2038</ele>
        <time>2025-04-18T20:39:00+00:00</time>
      </trkpt>
      <trkpt lat="44.98887" lon="5.84902">
        <ele>2037</ele>
        <time>2025-04-18T20:39:03+00:00</time>
      </trkpt>
      <trkpt lat="44.98887" lon="5.84907">
        <ele>2037</ele>
        <time>2025-04-18T20:39:06+00:00</time>
      </trkpt>
      <trkpt lat="44.98883" lon="5.84908">
        <ele>2037</ele>
        <time>2025-04-18T20:39:09+00:00</time>
      </trkpt>
      <trkpt lat="44.98885" lon="5.84919">
        <ele>2035</ele>
        <time>2025-04-18T20:39:12+00:00</time>
      </trkpt>
      <trkpt lat="44.98878" lon="5.84925">
        <ele>2027</ele>
        <time>2025-04-18T20:39:15+00:00</time>
      </trkpt>
      <trkpt lat="44.98881" lon="5.84935">
        <ele>2029</ele>
        <time>2025-04-18T20:39:18+00:00</time>
      </trkpt>
      <trkpt lat="44.98881" lon="5.84941">
        <ele>2026</ele>
        <time>2025-04-18T20:39:21+00:00</time>
      </trkpt>
      <trkpt lat="44.98878" lon="5.84946">
        <ele>2024</ele>
        <time>2025-04-18T20:39:24+00:00</time>
      </trkpt>
      <trkpt lat="44.98872" lon="5.84952">
        <ele>2022</ele>
        <time>2025-04-18T20:39:27+00:00</time>
      </trkpt>
      <trkpt lat="44.98849" lon="5.84953">
        <ele>2021</ele>
        <time>2025-04-18T20:39:30+00:00</time>
      </trkpt>
      <trkpt lat="44.98822" lon="5.84931">
        <ele>2009</ele>
        <time>2025-04-18T20:39:33+00:00</time>
      </trkpt>
      <trkpt lat="44.98801" lon="5.84904">
        <ele>1991</ele>
        <time>2025-04-18T20:39:36+00:00</time>
      </trkpt>
      <trkpt lat="44.9878" lon="5.8488">
        <ele>1975</ele>
        <time>2025-04-18T20:39:39+00:00</time>
      </trkpt>
      <trkpt lat="44.98766" lon="5.84867">
        <ele>1968</ele>
        <time>2025-04-18T20:39:42+00:00</time>
      </trkpt>
      <trkpt lat="44.98753" lon="5.84838">
        <ele>1960</ele>
        <time>2025-04-18T20:39:45+00:00</time>
      </trkpt>
      <trkpt lat="44.98724" lon="5.84821">
        <ele>1949</ele>
        <time>2025-04-18T20:39:48+00:00</time>
      </trkpt>
      <trkpt lat="44.9871" lon="5.84792">
        <ele>1944</ele>
        <time>2025-04-18T20:39:51+00:00</time>
      </trkpt>
      <trkpt lat="44.98696" lon="5.84761">
        <ele>1936</ele>
        <time>2025-04-18T20:39:54+00:00</time>
      </trkpt>
      <trkpt lat="44.98669" lon="5.84722">
        <ele>1933</ele>
        <time>2025-04-18T20:39:57+00:00</time>
      </trkpt>
      <trkpt lat="44.98652" lon="5.84729">
        <ele>1932</ele>
        <time>2025-04-18T20:40:00+00:00</time>
      </trkpt>
      <trkpt lat="44.98657" lon="5.84758">
        <ele>1933</ele>
        <time>2025-04-18T20:40:03+00:00</time>
      </trkpt>
      <trkpt lat="44.98665" lon="5.84799">
        <ele>1937</ele>
        <time>2025-04-18T20:40:06+00:00</time>
      </trkpt>
      <trkpt lat="44.98678" lon="5.84828">
        <ele>1942</ele>
        <time>2025-04-18T20:40:09+00:00</time>
      </trkpt>
      <trkpt lat="44.98692" lon="5.84859">
        <ele>1950</ele>
        <time>2025-04-18T20:40:12+00:00</time>
      </trkpt>
      <trkpt lat="44.98693" lon="5.84887">
        <ele>1956</ele>
        <time>2025-04-18T20:40:15+00:00</time>
      </trkpt>
      <trkpt lat="44.98672" lon="5.8494">
        <ele>1969</ele>
        <time>2025-04-18T20:40:18+00:00</time>
      </trkpt>
      <trkpt lat="44.98669" lon="5.84971">
        <ele>1971</ele>
        <time>2025-04-18T20:40:21+00:00</time>
      </trkpt>
      <trkpt lat="44.98675" lon="5.84987">
        <ele>1977</ele>
        <time>2025-04-18T20:40:24+00:00</time>
      </trkpt>
      <trkpt lat="44.98671" lon="5.85003">
        <ele>1982</ele>
        <time>2025-04-18T20:40:27+00:00</time>
      </trkpt>
      <trkpt lat="44.98689" lon="5.85018">
        <ele>1990</ele>
        <time>2025-04-18T20:40:30+00:00</time>
      </trkpt>
      <trkpt lat="44.98682" lon="5.85061">
        <ele>2011</ele>
        <time>2025-04-18T20:40:33+00:00</time>
      </trkpt>
      <trkpt lat="44.98669" lon="5.85085">
        <ele>2018</ele>
        <time>2025-04-18T20:40:36+00:00</time>
      </trkpt>
      <trkpt lat="44.98657" lon="5.85105">
        <ele>2026</ele>
        <time>2025-04-18T20:40:39+00:00</time>
      </trkpt>
      <trkpt lat="44.98643" lon="5.85137">
        <ele>2039</ele>
        <time>2025-04-18T20:40:42+00:00</time>
      </trkpt>
      <trkpt lat="44.98636" lon="5.8514">
        <ele>2043</ele>
        <time>2025-04-18T20:40:45+00:00</time>
      </trkpt>
      <trkpt lat="44.98639" lon="5.85151">
        <ele>2048</ele>
        <time>2025-04-18T20:40:48+00:00</time>
      </trkpt>
      <trkpt lat="44.98629" lon="5.85169">
        <ele>2053</ele>
        <time>2025-04-18T20:40:51+00:00</time>
      </trkpt>
      <trkpt lat="44.98637" lon="5.85205">
        <ele>2062</ele>
        <time>2025-04-18T20:40:54+00:00</time>
      </trkpt>
      <trkpt lat="44.9863" lon="5.85238">
        <ele>2072</ele>
        <time>2025-04-18T20:40:57+00:00</time>
      </trkpt>
      <trkpt lat="44.98617" lon="5.85269">
        <ele>2083</ele>
        <time>2025-04-18T20:41:00+00:00</time>
      </trkpt>
      <trkpt lat="44.98595" lon="5.85282">
        <ele>2088</ele>
        <time>2025-04-18T20:41:03+00:00</time>
      </trkpt>
      <trkpt lat="44.98572" lon="5.85296">
        <ele>2092</ele>
        <time>2025-04-18T20:41:06+00:00</time>
      </trkpt>
      <trkpt lat="44.98547" lon="5.85309">
        <ele>2096</ele>
        <time>2025-04-18T20:41:09+00:00</time>
      </trkpt>
      <trkpt lat="44.98516" lon="5.85326">
        <ele>2099</ele>
        <time>2025-04-18T20:41:12+00:00</time>
      </trkpt>
      <trkpt lat="44.98493" lon="5.85333">
        <ele>2102</ele>
        <time>2025-04-18T20:41:15+00:00</time>
      </trkpt>
      <trkpt lat="44.98469" lon="5.85341">
        <ele>2110</ele>
        <time>2025-04-18T20:41:18+00:00</time>
      </trkpt>
      <trkpt lat="44.98455" lon="5.85333">
        <ele>2114</ele>
        <time>2025-04-18T20:41:21+00:00</time>
      </trkpt>
      <trkpt lat="44.98446" lon="5.85339">
        <ele>2117</ele>
        <time>2025-04-18T20:41:24+00:00</time>
      </trkpt>
      <trkpt lat="44.98429" lon="5.85341">
        <ele>2127</ele>
        <time>2025-04-18T20:41:27+00:00</time>
      </trkpt>
      <trkpt lat="44.98411" lon="5.85359">
        <ele>2135</ele>
        <time>2025-04-18T20:41:30+00:00</time>
      </trkpt>
      <trkpt lat="44.9838" lon="5.85352">
        <ele>2155</ele>
        <time>2025-04-18T20:41:33+00:00</time>
      </trkpt>
      <trkpt lat="44.98357" lon="5.85366">
        <ele>2176</ele>
        <time>2025-04-18T20:41:36+00:00</time>
      </trkpt>
      <trkpt lat="44.98333" lon="5.8538">
        <ele>2197</ele>
        <time>2025-04-18T20:41:39+00:00</time>
      </trkpt>
      <trkpt lat="44.98307" lon="5.854">
        <ele>2220</ele>
        <time>2025-04-18T20:41:42+00:00</time>
      </trkpt>
      <trkpt lat="44.98296" lon="5.85436">
        <ele>2234</ele>
        <time>2025-04-18T20:41:45+00:00</time>
      </trkpt>
      <trkpt lat="44.9828" lon="5.85485">
        <ele>2260</ele>
        <time>2025-04-18T20:41:48+00:00</time>
      </trkpt>
      <trkpt lat="44.98261" lon="5.8551">
        <ele>2269</ele>
        <time>2025-04-18T20:41:51+00:00</time>
      </trkpt>
      <trkpt lat="44.98238" lon="5.8554">
        <ele>2290</ele>
        <time>2025-04-18T20:41:54+00:00</time>
      </trkpt>
      <trkpt lat="44.98213" lon="5.85542">
        <ele>2293</ele>
        <time>2025-04-18T20:41:57+00:00</time>
      </trkpt>
      <trkpt lat="44.98185" lon="5.85545">
        <ele>2294</ele>
        <time>2025-04-18T20:42:00+00:00</time>
      </trkpt>
      <trkpt lat="44.9816" lon="5.85557">
        <ele>2292</ele>
        <time>2025-04-18T20:42:03+00:00</time>
      </trkpt>
      <trkpt lat="44.98138" lon="5.85533">
        <ele>2290</ele>
        <time>2025-04-18T20:42:06+00:00</time>
      </trkpt>
      <trkpt lat="44.98111" lon="5.85529">
        <ele>2285</ele>
        <time>2025-04-18T20:42:09+00:00</time>
      </trkpt>
      <trkpt lat="44.98075" lon="5.85524">
        <ele>2280</ele>
        <time>2025-04-18T20:42:12+00:00</time>
      </trkpt>
      <trkpt lat="44.98043" lon="5.85507">
        <ele>2283</ele>
        <time>2025-04-18T20:42:15+00:00</time>
      </trkpt>
      <trkpt lat="44.98017" lon="5.85501">
        <ele>2286</ele>
        <time>2025-04-18T20:42:18+00:00</time>
      </trkpt>
      <trkpt lat="44.97986" lon="5.85493">
        <ele>2296</ele>
        <time>2025-04-18T20:42:21+00:00</time>
      </trkpt>
      <trkpt lat="44.97961" lon="5.85495">
        <ele>2306</ele>
        <time>2025-04-18T20:42:24+00:00</time>
      </trkpt>
      <trkpt lat="44.97934" lon="5.85498">
        <ele>2318</ele>
        <time>2025-04-18T20:42:27+00:00</time>
      </trkpt>
      <trkpt lat="44.97904" lon="5.855">
        <ele>2325</ele>
        <time>2025-04-18T20:42:30+00:00</time>
      </trkpt>
      <trkpt lat="44.97876" lon="5.855">
        <ele>2330</ele>
        <time>2025-04-18T20:42:33+00:00</time>
      </trkpt>
      <trkpt lat="44.97837" lon="5.855">
        <ele>2336</ele>
        <time>2025-04-18T20:42:36+00:00</time>
      </trkpt>
      <trkpt lat="44.97801" lon="5.85497">
        <ele>2344</ele>
        <time>2025-04-18T20:42:39+00:00</time>
      </trkpt>
      <trkpt lat="44.97783" lon="5.85518">
        <ele>2354</ele>
        <time>2025-04-18T20:42:42+00:00</time>
      </trkpt>
      <trkpt lat="44.97751" lon="5.85526">
        <ele>2366</ele>
        <time>2025-04-18T20:42:45+00:00</time>
      </trkpt>
      <trkpt lat="44.97729" lon="5.8553">
        <ele>2375</ele>
        <time>2025-04-18T20:42:48+00:00</time>
      </trkpt>
      <trkpt lat="44.97704" lon="5.85544">
        <ele>2374</ele>
        <time>2025-04-18T20:42:51+00:00</time>
      </trkpt>
      <trkpt lat="44.9769" lon="5.85546">
        <ele>2380</ele>
        <time>2025-04-18T20:42:54+00:00</time>
      </trkpt>
      <trkpt lat="44.97701" lon="5.85525">
        <ele>2373</ele>
        <time>2025-04-18T20:42:57+00:00</time>
      </trkpt>
      <trkpt lat="44.97724" lon="5.85506">
        <ele>2368</ele>
        <time>2025-04-18T20:43:00+00:00</time>
      </trkpt>
      <trkpt lat="44.9774" lon="5.85487">
        <ele>2361</ele>
        <time>2025-04-18T20:43:03+00:00</time>
      </trkpt>
      <trkpt lat="44.9775" lon="5.85472">
        <ele>2358</ele>
        <time>2025-04-18T20:43:06+00:00</time>
      </trkpt>
      <trkpt lat="44.97757" lon="5.85453">
        <ele>2347</ele>
        <time>2025-04-18T20:43:09+00:00</time>
      </trkpt>
      <trkpt lat="44.97744" lon="5.85425">
        <ele>2340</ele>
        <time>2025-04-18T20:43:12+00:00</time>
      </trkpt>
      <trkpt lat="44.97735" lon="5.85404">
        <ele>2335</ele>
        <time>2025-04-18T20:43:15+00:00</time>
      </trkpt>
      <trkpt lat="44.97719" lon="5.85383">
        <ele>2325</ele>
        <time>2025-04-18T20:43:18+00:00</time>
      </trkpt>
      <trkpt lat="44.97697" lon="5.85352">
        <ele>2315</ele>
        <time>2025-04-18T20:43:21+00:00</time>
      </trkpt>
      <trkpt lat="44.97686" lon="5.85322">
        <ele>2311</ele>
        <time>2025-04-18T20:43:24+00:00</time>
      </trkpt>
      <trkpt lat="44.97674" lon="5.85292">
        <ele>2301</ele>
        <time>2025-04-18T20:43:27+00:00</time>
      </trkpt>
      <trkpt lat="44.9766" lon="5.85252">
        <ele>2301</ele>
        <time>2025-04-18T20:43:30+00:00</time>
      </trkpt>
      <trkpt lat="44.97645" lon="5.85233">
        <ele>2302</ele>
        <time>2025-04-18T20:43:33+00:00</time>
      </trkpt>
      <trkpt lat="44.97618" lon="5.8521">
        <ele>2305</ele>
        <time>2025-04-18T20:43:36+00:00</time>
      </trkpt>
      <trkpt lat="44.97597" lon="5.85188">
        <ele>2305</ele>
        <time>2025-04-18T20:43:39+00:00</time>
      </trkpt>
      <trkpt lat="44.97572" lon="5.85161">
        <ele>2303</ele>
        <time>2025-04-18T20:43:42+00:00</time>
      </trkpt>
      <trkpt lat="44.97529" lon="5.85135">
        <ele>2302</ele>
        <time>2025-04-18T20:43:45+00:00</time>
      </trkpt>
      <trkpt lat="44.9749" lon="5.85104">
        <ele>2297</ele>
        <time>2025-04-18T20:43:48+00:00</time>
      </trkpt>
      <trkpt lat="44.97467" lon="5.85085">
        <ele>2292</ele>
        <time>2025-04-18T20:43:51+00:00</time>
      </trkpt>
      <trkpt lat="44.97438" lon="5.8506">
        <ele>2287</ele>
        <time>2025-04-18T20:43:54+00:00</time>
      </trkpt>
      <trkpt lat="44.97411" lon="5.85027">
        <ele>2277</ele>
        <time>2025-04-18T20:43:57+00:00</time>
      </trkpt>
      <trkpt lat="44.97387" lon="5.84985">
        <ele>2270</ele>
        <time>2025-04-18T20:44:00+00:00</time>
      </trkpt>
      <trkpt lat="44.97356" lon="5.84949">
        <ele>2262</ele>
        <time>2025-04-18T20:44:03+00:00</time>
      </trkpt>
      <trkpt lat="44.97328" lon="5.84913">
        <ele>2255</ele>
        <time>2025-04-18T20:44:06+00:00</time>
      </trkpt>
      <trkpt lat="44.97312" lon="5.84886">
        <ele>2248</ele>
        <time>2025-04-18T20:44:09+00:00</time>
      </trkpt>
      <trkpt lat="44.97288" lon="5.84863">
        <ele>2242</ele>
        <time>2025-04-18T20:44:12+00:00</time>
      </trkpt>
      <trkpt lat="44.97267" lon="5.84814">
        <ele>2234</ele>
        <time>2025-04-18T20:44:15+00:00</time>
      </trkpt>
      <trkpt lat="44.97254" lon="5.84786">
        <ele>2229</ele>
        <time>2025-04-18T20:44:18+00:00</time>
      </trkpt>
      <trkpt lat="44.9724" lon="5.84757">
        <ele>2224</ele>
        <time>2025-04-18T20:44:21+00:00</time>
      </trkpt>
      <trkpt lat="44.97226" lon="5.84725">
        <ele>2224</ele>
        <time>2025-04-18T20:44:24+00:00</time>
      </trkpt>
      <trkpt lat="44.97204" lon="5.84708">
        <ele>2230</ele>
        <time>2025-04-18T20:44:27+00:00</time>
      </trkpt>
      <trkpt lat="44.97186" lon="5.84709">
        <ele>2232</ele>
        <time>2025-04-18T20:44:30+00:00</time>
      </trkpt>
      <trkpt lat="44.9717" lon="5.84693">
        <ele>2233</ele>
        <time>2025-04-18T20:44:33+00:00</time>
      </trkpt>
      <trkpt lat="44.9716" lon="5.84676">
        <ele>2235</ele>
        <time>2025-04-18T20:44:36+00:00</time>
      </trkpt>
      <trkpt lat="44.97152" lon="5.8466">
        <ele>2233</ele>
        <time>2025-04-18T20:44:39+00:00</time>
      </trkpt>
      <trkpt lat="44.97141" lon="5.84658">
        <ele>2236</ele>
        <time>2025-04-18T20:44:42+00:00</time>
      </trkpt>
      <trkpt lat="44.97119" lon="5.84644">
        <ele>2234</ele>
        <time>2025-04-18T20:44:45+00:00</time>
      </trkpt>
      <trkpt lat="44.97101" lon="5.84624">
        <ele>2233</ele>
        <time>2025-04-18T20:44:48+00:00</time>
      </trkpt>
      <trkpt lat="44.97064" lon="5.84599">
        <ele>2233</ele>
        <time>2025-04-18T20:44:51+00:00</time>
      </trkpt>
      <trkpt lat="44.97043" lon="5.84593">
        <ele>2230</ele>
        <time>2025-04-18T20:44:54+00:00</time>
      </trkpt>
      <trkpt lat="44.97012" lon="5.84564">
        <ele>2229</ele>
        <time>2025-04-18T20:44:57+00:00</time>
      </trkpt>
      <trkpt lat="44.97001" lon="5.84568">
        <ele>2229</ele>
        <time>2025-04-18T20:45:00+00:00</time>
      </trkpt>
      <trkpt lat="44.96982" lon="5.84564">
        <ele>2227</ele>
        <time>2025-04-18T20:45:03+00:00</time>
      </trkpt>
      <trkpt lat="44.96953" lon="5.84556">
        <ele>2223</ele>
        <time>2025-04-18T20:45:06+00:00</time>
      </trkpt>
      <trkpt lat="44.96907" lon="5.84543">
        <ele>2209</ele>
        <time>2025-04-18T20:45:09+00:00</time>
      </trkpt>
      <trkpt lat="44.96872" lon="5.8454">
        <ele>2199</ele>
        <time>2025-04-18T20:45:12+00:00</time>
      </trkpt>
      <trkpt lat="44.96854" lon="5.84532">
        <ele>2193</ele>
        <time>2025-04-18T20:45:15+00:00</time>
      </trkpt>
      <trkpt lat="44.9683" lon="5.84528">
        <ele>2187</ele>
        <time>2025-04-18T20:45:18+00:00</time>
      </trkpt>
      <trkpt lat="44.96786" lon="5.84521">
        <ele>2175</ele>
        <time>2025-04-18T20:45:21+00:00</time>
      </trkpt>
      <trkpt lat="44.96773" lon="5.84496">
        <ele>2171</ele>
        <time>2025-04-18T20:45:24+00:00</time>
      </trkpt>
      <trkpt lat="44.96757" lon="5.8448">
        <ele>2167</ele>
        <time>2025-04-18T20:45:27+00:00</time>
      </trkpt>
      <trkpt lat="44.96751" lon="5.84456">
        <ele>2164</ele>
        <time>2025-04-18T20:45:30+00:00</time>
      </trkpt>
      <trkpt lat="44.96731" lon="5.84452">
        <ele>2166</ele>
        <time>2025-04-18T20:45:33+00:00</time>
      </trkpt>
      <trkpt lat="44.96703" lon="5.84447">
        <ele>2166</ele>
        <time>2025-04-18T20:45:36+00:00</time>
      </trkpt>
      <trkpt lat="44.96687" lon="5.84445">
        <ele>2169</ele>
        <time>2025-04-18T20:45:39+00:00</time>
      </trkpt>
      <trkpt lat="44.96657" lon="5.84432">
        <ele>2171</ele>
        <time>2025-04-18T20:45:42+00:00</time>
      </trkpt>
      <trkpt lat="44.96619" lon="5.84427">
        <ele>2175</ele>
        <time>2025-04-18T20:45:45+00:00</time>
      </trkpt>
      <trkpt lat="44.9659" lon="5.84413">
        <ele>2177</ele>
        <time>2025-04-18T20:45:48+00:00</time>
      </trkpt>
      <trkpt lat="44.96555" lon="5.84412">
        <ele>2178</ele>
        <time>2025-04-18T20:45:51+00:00</time>
      </trkpt>
      <trkpt lat="44.96521" lon="5.84411">
        <ele>2177</ele>
        <time>2025-04-18T20:45:54+00:00</time>
      </trkpt>
      <trkpt lat="44.96495" lon="5.84411">
        <ele>2176</ele>
        <time>2025-04-18T20:45:57+00:00</time>
      </trkpt>
      <trkpt lat="44.96465" lon="5.8441">
        <ele>2171</ele>
        <time>2025-04-18T20:46:00+00:00</time>
      </trkpt>
      <trkpt lat="44.96431" lon="5.84401">
        <ele>2171</ele>
        <time>2025-04-18T20:46:03+00:00</time>
      </trkpt>
      <trkpt lat="44.96407" lon="5.84397">
        <ele>2171</ele>
        <time>2025-04-18T20:46:06+00:00</time>
      </trkpt>
      <trkpt lat="44.96382" lon="5.84394">
        <ele>2172</ele>
        <time>2025-04-18T20:46:09+00:00</time>
      </trkpt>
      <trkpt lat="44.96353" lon="5.84377">
        <ele>2178</ele>
        <time>2025-04-18T20:46:12+00:00</time>
      </trkpt>
      <trkpt lat="44.9631" lon="5.84362">
        <ele>2185</ele>
        <time>2025-04-18T20:46:15+00:00</time>
      </trkpt>
      <trkpt lat="44.96282" lon="5.84364">
        <ele>2190</ele>
        <time>2025-04-18T20:46:18+00:00</time>
      </trkpt>
      <trkpt lat="44.96242" lon="5.84368">
        <ele>2196</ele>
        <time>2025-04-18T20:46:21+00:00</time>
      </trkpt>
      <trkpt lat="44.96215" lon="5.84378">
        <ele>2204</ele>
        <time>2025-04-18T20:46:24+00:00</time>
      </trkpt>
      <trkpt lat="44.96179" lon="5.84391">
        <ele>2204</ele>
        <time>2025-04-18T20:46:27+00:00</time>
      </trkpt>
      <trkpt lat="44.9614" lon="5.84415">
        <ele>2204</ele>
        <time>2025-04-18T20:46:30+00:00</time>
      </trkpt>
      <trkpt lat="44.96116" lon="5.84408">
        <ele>2194</ele>
        <time>2025-04-18T20:46:33+00:00</time>
      </trkpt>
      <trkpt lat="44.96091" lon="5.84401">
        <ele>2191</ele>
        <time>2025-04-18T20:46:36+00:00</time>
      </trkpt>
      <trkpt lat="44.96076" lon="5.84403">
        <ele>2188</ele>
        <time>2025-04-18T20:46:39+00:00</time>
      </trkpt>
      <trkpt lat="44.96048" lon="5.8439">
        <ele>2176</ele>
        <time>2025-04-18T20:46:42+00:00</time>
      </trkpt>
      <trkpt lat="44.96028" lon="5.84377">
        <ele>2165</ele>
        <time>2025-04-18T20:46:45+00:00</time>
      </trkpt>
      <trkpt lat="44.96013" lon="5.84377">
        <ele>2161</ele>
        <time>2025-04-18T20:46:48+00:00</time>
      </trkpt>
      <trkpt lat="44.96" lon="5.84354">
        <ele>2151</ele>
        <time>2025-04-18T20:46:51+00:00</time>
      </trkpt>
      <trkpt lat="44.95979" lon="5.84351">
        <ele>2135</ele>
        <time>2025-04-18T20:46:54+00:00</time>
      </trkpt>
      <trkpt lat="44.95966" lon="5.84356">
        <ele>2130</ele>
        <time>2025-04-18T20:46:57+00:00</time>
      </trkpt>
      <trkpt lat="44.95939" lon="5.84346">
        <ele>2113</ele>
        <time>2025-04-18T20:47:00+00:00</time>
      </trkpt>
      <trkpt lat="44.95919" lon="5.84331">
        <ele>2100</ele>
        <time>2025-04-18T20:47:03+00:00</time>
      </trkpt>
      <trkpt lat="44.95899" lon="5.84318">
        <ele>2091</ele>
        <time>2025-04-18T20:47:06+00:00</time>
      </trkpt>
      <trkpt lat="44.95872" lon="5.84305">
        <ele>2079</ele>
        <time>2025-04-18T20:47:09+00:00</time>
      </trkpt>
      <trkpt lat="44.95842" lon="5.84268">
        <ele>2056</ele>
        <time>2025-04-18T20:47:12+00:00</time>
      </trkpt>
      <trkpt lat="44.95813" lon="5.84252">
        <ele>2039</ele>
        <time>2025-04-18T20:47:15+00:00</time>
      </trkpt>
      <trkpt lat="44.95783" lon="5.84245">
        <ele>2023</ele>
        <time>2025-04-18T20:47:18+00:00</time>
      </trkpt>
      <trkpt lat="44.95747" lon="5.84241">
        <ele>2007</ele>
        <time>2025-04-18T20:47:21+00:00</time>
      </trkpt>
      <trkpt lat="44.95734" lon="5.84237">
        <ele>2004</ele>
        <time>2025-04-18T20:47:24+00:00</time>
      </trkpt>
      <trkpt lat="44.95726" lon="5.84223">
        <ele>1999</ele>
        <time>2025-04-18T20:47:27+00:00</time>
      </trkpt>
      <trkpt lat="44.95717" lon="5.84218">
        <ele>1995</ele>
        <time>2025-04-18T20:47:30+00:00</time>
      </trkpt>
      <trkpt lat="44.95691" lon="5.84224">
        <ele>1992</ele>
        <time>2025-04-18T20:47:33+00:00</time>
      </trkpt>
      <trkpt lat="44.95702" lon="5.84242">
        <ele>1991</ele>
        <time>2025-04-18T20:47:36+00:00</time>
      </trkpt>
      <trkpt lat="44.95695" lon="5.8425">
        <ele>1985</ele>
        <time>2025-04-18T20:47:39+00:00</time>
      </trkpt>
      <trkpt lat="44.95675" lon="5.84241">
        <ele>1985</ele>
        <time>2025-04-18T20:47:42+00:00</time>
      </trkpt>
      <trkpt lat="44.95693" lon="5.84273">
        <ele>1981</ele>
        <time>2025-04-18T20:47:45+00:00</time>
      </trkpt>
      <trkpt lat="44.95664" lon="5.84259">
        <ele>1975</ele>
        <time>2025-04-18T20:47:48+00:00</time>
      </trkpt>
      <trkpt lat="44.95683" lon="5.84302">
        <ele>1969</ele>
        <time>2025-04-18T20:47:51+00:00</time>
      </trkpt>
      <trkpt lat="44.95703" lon="5.8433">
        <ele>1964</ele>
        <time>2025-04-18T20:47:54+00:00</time>
      </trkpt>
      <trkpt lat="44.95733" lon="5.84373">
        <ele>1959</ele>
        <time>2025-04-18T20:47:57+00:00</time>
      </trkpt>
      <trkpt lat="44.95724" lon="5.84385">
        <ele>1948</ele>
        <time>2025-04-18T20:48:00+00:00</time>
      </trkpt>
      <trkpt lat="44.95716" lon="5.84368">
        <ele>1952</ele>
        <time>2025-04-18T20:48:03+00:00</time>
      </trkpt>
      <trkpt lat="44.95688" lon="5.84352">
        <ele>1945</ele>
        <time>2025-04-18T20:48:06+00:00</time>
      </trkpt>
      <trkpt lat="44.95678" lon="5.84365">
        <ele>1937</ele>
        <time>2025-04-18T20:48:09+00:00</time>
      </trkpt>
      <trkpt lat="44.95692" lon="5.84389">
        <ele>1932</ele>
        <time>2025-04-18T20:48:12+00:00</time>
      </trkpt>
      <trkpt lat="44.95711" lon="5.84424">
        <ele>1932</ele>
        <time>2025-04-18T20:48:15+00:00</time>
      </trkpt>
      <trkpt lat="44.95728" lon="5.84472">
        <ele>1916</ele>
        <time>2025-04-18T20:48:18+00:00</time>
      </trkpt>
      <trkpt lat="44.9573" lon="5.8448">
        <ele>1919</ele>
        <time>2025-04-18T20:48:21+00:00</time>
      </trkpt>
      <trkpt lat="44.95722" lon="5.8448">
        <ele>1912</ele>
        <time>2025-04-18T20:48:24+00:00</time>
      </trkpt>
      <trkpt lat="44.95729" lon="5.8449">
        <ele>1907</ele>
        <time>2025-04-18T20:48:27+00:00</time>
      </trkpt>
      <trkpt lat="44.9572" lon="5.84485">
        <ele>1912</ele>
        <time>2025-04-18T20:48:30+00:00</time>
      </trkpt>
      <trkpt lat="44.95728" lon="5.84498">
        <ele>1907</ele>
        <time>2025-04-18T20:48:33+00:00</time>
      </trkpt>
      <trkpt lat="44.95718" lon="5.84491">
        <ele>1902</ele>
        <time>2025-04-18T20:48:36+00:00</time>
      </trkpt>
      <trkpt lat="44.95728" lon="5.84507">
        <ele>1903</ele>
        <time>2025-04-18T20:48:39+00:00</time>
      </trkpt>
      <trkpt lat="44.95716" lon="5.84495">
        <ele>1902</ele>
        <time>2025-04-18T20:48:42+00:00</time>
      </trkpt>
      <trkpt lat="44.95707" lon="5.8448">
        <ele>1903</ele>
        <time>2025-04-18T20:48:45+00:00</time>
      </trkpt>
      <trkpt lat="44.957" lon="5.84471">
        <ele>1900</ele>
        <time>2025-04-18T20:48:48+00:00</time>
      </trkpt>
      <trkpt lat="44.95686" lon="5.84457">
        <ele>1897</ele>
        <time>2025-04-18T20:48:51+00:00</time>
      </trkpt>
      <trkpt lat="44.95678" lon="5.84452">
        <ele>1897</ele>
        <time>2025-04-18T20:48:54+00:00</time>
      </trkpt>
      <trkpt lat="44.95672" lon="5.84441">
        <ele>1899</ele>
        <time>2025-04-18T20:48:57+00:00</time>
      </trkpt>
      <trkpt lat="44.95649" lon="5.84421">
        <ele>1892</ele>
        <time>2025-04-18T20:49:00+00:00</time>
      </trkpt>
      <trkpt lat="44.95632" lon="5.84413">
        <ele>1890</ele>
        <time>2025-04-18T20:49:03+00:00</time>
      </trkpt>
      <trkpt lat="44.95623" lon="5.84405">
        <ele>1887</ele>
        <time>2025-04-18T20:49:06+00:00</time>
      </trkpt>
      <trkpt lat="44.95615" lon="5.84401">
        <ele>1880</ele>
        <time>2025-04-18T20:49:09+00:00</time>
      </trkpt>
      <trkpt lat="44.95607" lon="5.84389">
        <ele>1884</ele>
        <time>2025-04-18T20:49:12+00:00</time>
      </trkpt>
      <trkpt lat="44.95597" lon="5.84377">
        <ele>1883</ele>
        <time>2025-04-18T20:49:15+00:00</time>
      </trkpt>
      <trkpt lat="44.95592" lon="5.84374">
        <ele>1883</ele>
        <time>2025-04-18T20:49:18+00:00</time>
      </trkpt>
      <trkpt lat="44.95587" lon="5.84374">
        <ele>1882</ele>
        <time>2025-04-18T20:49:21+00:00</time>
      </trkpt>
      <trkpt lat="44.95579" lon="5.84378">
        <ele>1877</ele>
        <time>2025-04-18T20:49:24+00:00</time>
      </trkpt>
      <trkpt lat="44.95575" lon="5.84376">
        <ele>1877</ele>
        <time>2025-04-18T20:49:27+00:00</time>
      </trkpt>
      <trkpt lat="44.95562" lon="5.84365">
        <ele>1876</ele>
        <time>2025-04-18T20:49:30+00:00</time>
      </trkpt>
      <trkpt lat="44.95558" lon="5.84355">
        <ele>1875</ele>
        <time>2025-04-18T20:49:33+00:00</time>
      </trkpt>
      <trkpt lat="44.95554" lon="5.84352">
        <ele>1875</ele>
        <time>2025-04-18T20:49:36+00:00</time>
      </trkpt>
      <trkpt lat="44.95546" lon="5.84351">
        <ele>1871</ele>
        <time>2025-04-18T20:49:39+00:00</time>
      </trkpt>
      <trkpt lat="44.9554" lon="5.84349">
        <ele>1876</ele>
        <time>2025-04-18T20:49:42+00:00</time>
      </trkpt>
      <trkpt lat="44.9553" lon="5.84347">
        <ele>1873</ele>
        <time>2025-04-18T20:49:45+00:00</time>
      </trkpt>
      <trkpt lat="44.95522" lon="5.8435">
        <ele>1868</ele>
        <time>2025-04-18T20:49:48+00:00</time>
      </trkpt>
      <trkpt lat="44.95535" lon="5.84359">
        <ele>1869</ele>
        <time>2025-04-18T20:49:51+00:00</time>
      </trkpt>
      <trkpt lat="44.95512" lon="5.84358">
        <ele>1867</ele>
        <time>2025-04-18T20:49:54+00:00</time>
      </trkpt>
      <trkpt lat="44.95507" lon="5.84362">
        <ele>1862</ele>
        <time>2025-04-18T20:49:57+00:00</time>
      </trkpt>
      <trkpt lat="44.955" lon="5.84363">
        <ele>1862</ele>
        <time>2025-04-18T20:50:00+00:00</time>
      </trkpt>
      <trkpt lat="44.95494" lon="5.84362">
        <ele>1862</ele>
        <time>2025-04-18T20:50:03+00:00</time>
      </trkpt>
      <trkpt lat="44.95471" lon="5.84368">
        <ele>1860</ele>
        <time>2025-04-18T20:50:06+00:00</time>
      </trkpt>
      <trkpt lat="44.95483" lon="5.84372">
        <ele>1856</ele>
        <time>2025-04-18T20:50:09+00:00</time>
      </trkpt>
      <trkpt lat="44.9548" lon="5.84378">
        <ele>1856</ele>
        <time>2025-04-18T20:50:12+00:00</time>
      </trkpt>
      <trkpt lat="44.95474" lon="5.84381">
        <ele>1852</ele>
        <time>2025-04-18T20:50:15+00:00</time>
      </trkpt>
      <trkpt lat="44.95457" lon="5.84387">
        <ele>1847</ele>
        <time>2025-04-18T20:50:18+00:00</time>
      </trkpt>
      <trkpt lat="44.9545" lon="5.84386">
        <ele>1850</ele>
        <time>2025-04-18T20:50:21+00:00</time>
      </trkpt>
      <trkpt lat="44.95442" lon="5.84381">
        <ele>1843</ele>
        <time>2025-04-18T20:50:24+00:00</time>
      </trkpt>
      <trkpt lat="44.95447" lon="5.84393">
        <ele>1841</ele>
        <time>2025-04-18T20:50:27+00:00</time>
      </trkpt>
      <trkpt lat="44.95464" lon="5.84397">
        <ele>1848</ele>
        <time>2025-04-18T20:50:30+00:00</time>
      </trkpt>
      <trkpt lat="44.95488" lon="5.84401">
        <ele>1843</ele>
        <time>2025-04-18T20:50:33+00:00</time>
      </trkpt>
      <trkpt lat="44.95514" lon="5.84406">
        <ele>1836</ele>
        <time>2025-04-18T20:50:36+00:00</time>
      </trkpt>
      <trkpt lat="44.95519" lon="5.84409">
        <ele>1836</ele>
        <time>2025-04-18T20:50:39+00:00</time>
      </trkpt>
      <trkpt lat="44.95495" lon="5.84412">
        <ele>1834</ele>
        <time>2025-04-18T20:50:42+00:00</time>
      </trkpt>
      <trkpt lat="44.95482" lon="5.84416">
        <ele>1838</ele>
        <time>2025-04-18T20:50:45+00:00</time>
      </trkpt>
      <trkpt lat="44.95481" lon="5.84418">
        <ele>1838</ele>
        <time>2025-04-18T20:50:48+00:00</time>
      </trkpt>
      <trkpt lat="44.95508" lon="5.8443">
        <ele>1826</ele>
        <time>2025-04-18T20:50:51+00:00</time>
      </trkpt>
      <trkpt lat="44.95512" lon="5.84435">
        <ele>1818</ele>
        <time>2025-04-18T20:50:54+00:00</time>
      </trkpt>
      <trkpt lat="44.95526" lon="5.84445">
        <ele>1815</ele>
        <time>2025-04-18T20:50:57+00:00</time>
      </trkpt>
      <trkpt lat="44.95519" lon="5.84448">
        <ele>1811</ele>
        <time>2025-04-18T20:51:00+00:00</time>
      </trkpt>
      <trkpt lat="44.95527" lon="5.84453">
        <ele>1809</ele>
        <time>2025-04-18T20:51:03+00:00</time>
      </trkpt>
      <trkpt lat="44.95516" lon="5.84453">
        <ele>1804</ele>
        <time>2025-04-18T20:51:06+00:00</time>
      </trkpt>
      <trkpt lat="44.95527" lon="5.84463">
        <ele>1802</ele>
        <time>2025-04-18T20:51:09+00:00</time>
      </trkpt>
      <trkpt lat="44.95538" lon="5.84482">
        <ele>1800</ele>
        <time>2025-04-18T20:51:12+00:00</time>
      </trkpt>
      <trkpt lat="44.95537" lon="5.84485">
        <ele>1800</ele>
        <time>2025-04-18T20:51:15+00:00</time>
      </trkpt>
      <trkpt lat="44.95521" lon="5.84471">
        <ele>1798</ele>
        <time>2025-04-18T20:51:18+00:00</time>
      </trkpt>
      <trkpt lat="44.95523" lon="5.84478">
        <ele>1798</ele>
        <time>2025-04-18T20:51:21+00:00</time>
      </trkpt>
      <trkpt lat="44.95534" lon="5.84498">
        <ele>1794</ele>
        <time>2025-04-18T20:51:24+00:00</time>
      </trkpt>
      <trkpt lat="44.95542" lon="5.84506">
        <ele>1794</ele>
        <time>2025-04-18T20:51:27+00:00</time>
      </trkpt>
      <trkpt lat="44.95538" lon="5.84507">
        <ele>1791</ele>
        <time>2025-04-18T20:51:30+00:00</time>
      </trkpt>
      <trkpt lat="44.95527" lon="5.84502">
        <ele>1786</ele>
        <time>2025-04-18T20:51:33+00:00</time>
      </trkpt>
      <trkpt lat="44.95513" lon="5.84488">
        <ele>1787</ele>
        <time>2025-04-18T20:51:36+00:00</time>
      </trkpt>
      <trkpt lat="44.95517" lon="5.84505">
        <ele>1779</ele>
        <time>2025-04-18T20:51:39+00:00</time>
      </trkpt>
      <trkpt lat="44.95527" lon="5.84524">
        <ele>1776</ele>
        <time>2025-04-18T20:51:42+00:00</time>
      </trkpt>
      <trkpt lat="44.95513" lon="5.84513">
        <ele>1775</ele>
        <time>2025-04-18T20:51:45+00:00</time>
      </trkpt>
      <trkpt lat="44.95515" lon="5.84523">
        <ele>1770</ele>
        <time>2025-04-18T20:51:48+00:00</time>
      </trkpt>
      <trkpt lat="44.95522" lon="5.84537">
        <ele>1772</ele>
        <time>2025-04-18T20:51:51+00:00</time>
      </trkpt>
      <trkpt lat="44.95537" lon="5.8456">
        <ele>1767</ele>
        <time>2025-04-18T20:51:54+00:00</time>
      </trkpt>
      <trkpt lat="44.95537" lon="5.84561">
        <ele>1762</ele>
        <time>2025-04-18T20:51:57+00:00</time>
      </trkpt>
      <trkpt lat="44.95535" lon="5.84562">
        <ele>1762</ele>
        <time>2025-04-18T20:52:00+00:00</time>
      </trkpt>
      <trkpt lat="44.95539" lon="5.84568">
        <ele>1762</ele>
        <time>2025-04-18T20:52:03+00:00</time>
      </trkpt>
      <trkpt lat="44.95544" lon="5.84569">
        <ele>1766</ele>
        <time>2025-04-18T20:52:06+00:00</time>
      </trkpt>
      <trkpt lat="44.95546" lon="5.84572">
        <ele>1763</ele>
        <time>2025-04-18T20:52:09+00:00</time>
      </trkpt>
      <trkpt lat="44.95546" lon="5.84578">
        <ele>1763</ele>
        <time>2025-04-18T20:52:12+00:00</time>
      </trkpt>
      <trkpt lat="44.95538" lon="5.84596">
        <ele>1754</ele>
        <time>2025-04-18T20:52:15+00:00</time>
      </trkpt>
      <trkpt lat="44.95538" lon="5.84604">
        <ele>1753</ele>
        <time>2025-04-18T20:52:18+00:00</time>
      </trkpt>
      <trkpt lat="44.95539" lon="5.84607">
        <ele>1753</ele>
        <time>2025-04-18T20:52:21+00:00</time>
      </trkpt>
      <trkpt lat="44.95539" lon="5.84614">
        <ele>1751</ele>
        <time>2025-04-18T20:52:24+00:00</time>
      </trkpt>
      <trkpt lat="44.95534" lon="5.8462">
        <ele>1751</ele>
        <time>2025-04-18T20:52:27+00:00</time>
      </trkpt>
      <trkpt lat="44.95536" lon="5.84628">
        <ele>1750</ele>
        <time>2025-04-18T20:52:30+00:00</time>
      </trkpt>
      <trkpt lat="44.95535" lon="5.84629">
        <ele>1750</ele>
        <time>2025-04-18T20:52:33+00:00</time>
      </trkpt>
      <trkpt lat="44.95525" lon="5.84615">
        <ele>1746</ele>
        <time>2025-04-18T20:52:36+00:00</time>
      </trkpt>
      <trkpt lat="44.95524" lon="5.84632">
        <ele>1744</ele>
        <time>2025-04-18T20:52:39+00:00</time>
      </trkpt>
      <trkpt lat="44.9553" lon="5.84652">
        <ele>1740</ele>
        <time>2025-04-18T20:52:42+00:00</time>
      </trkpt>
      <trkpt lat="44.95543" lon="5.84686">
        <ele>1734</ele>
        <time>2025-04-18T20:52:45+00:00</time>
      </trkpt>
      <trkpt lat="44.95524" lon="5.84671">
        <ele>1734</ele>
        <time>2025-04-18T20:52:48+00:00</time>
      </trkpt>
      <trkpt lat="44.95508" lon="5.84647">
        <ele>1730</ele>
        <time>2025-04-18T20:52:51+00:00</time>
      </trkpt>
      <trkpt lat="44.95499" lon="5.84635">
        <ele>1726</ele>
        <time>2025-04-18T20:52:54+00:00</time>
      </trkpt>
      <trkpt lat="44.95495" lon="5.84623">
        <ele>1727</ele>
        <time>2025-04-18T20:52:57+00:00</time>
      </trkpt>
      <trkpt lat="44.95489" lon="5.84618">
        <ele>1721</ele>
        <time>2025-04-18T20:53:00+00:00</time>
      </trkpt>
      <trkpt lat="44.95482" lon="5.84618">
        <ele>1721</ele>
        <time>2025-04-18T20:53:03+00:00</time>
      </trkpt>
      <trkpt lat="44.95474" lon="5.84611">
        <ele>1716</ele>
        <time>2025-04-18T20:53:06+00:00</time>
      </trkpt>
      <trkpt lat="44.95456" lon="5.8459">
        <ele>1711</ele>
        <time>2025-04-18T20:53:09+00:00</time>
      </trkpt>
      <trkpt lat="44.95441" lon="5.84578">
        <ele>1719</ele>
        <time>2025-04-18T20:53:12+00:00</time>
      </trkpt>
      <trkpt lat="44.9545" lon="5.84608">
        <ele>1708</ele>
        <time>2025-04-18T20:53:15+00:00</time>
      </trkpt>
      <trkpt lat="44.95462" lon="5.8464">
        <ele>1708</ele>
        <time>2025-04-18T20:53:18+00:00</time>
      </trkpt>
      <trkpt lat="44.95468" lon="5.8465">
        <ele>1705</ele>
        <time>2025-04-18T20:53:21+00:00</time>
      </trkpt>
      <trkpt lat="44.95465" lon="5.84659">
        <ele>1705</ele>
        <time>2025-04-18T20:53:24+00:00</time>
      </trkpt>
      <trkpt lat="44.95471" lon="5.8468">
        <ele>1703</ele>
        <time>2025-04-18T20:53:27+00:00</time>
      </trkpt>
      <trkpt lat="44.95477" lon="5.84702">
        <ele>1698</ele>
        <time>2025-04-18T20:53:30+00:00</time>
      </trkpt>
      <trkpt lat="44.95483" lon="5.84734">
        <ele>1693</ele>
        <time>2025-04-18T20:53:33+00:00</time>
      </trkpt>
      <trkpt lat="44.95496" lon="5.84763">
        <ele>1691</ele>
        <time>2025-04-18T20:53:36+00:00</time>
      </trkpt>
      <trkpt lat="44.95501" lon="5.8477">
        <ele>1688</ele>
        <time>2025-04-18T20:53:39+00:00</time>
      </trkpt>
      <trkpt lat="44.95518" lon="5.8477">
        <ele>1690</ele>
        <time>2025-04-18T20:53:42+00:00</time>
      </trkpt>
      <trkpt lat="44.95525" lon="5.84777">
        <ele>1687</ele>
        <time>2025-04-18T20:53:45+00:00</time>
      </trkpt>
      <trkpt lat="44.95523" lon="5.84787">
        <ele>1684</ele>
        <time>2025-04-18T20:53:48+00:00</time>
      </trkpt>
      <trkpt lat="44.95516" lon="5.84803">
        <ele>1683</ele>
        <time>2025-04-18T20:53:51+00:00</time>
      </trkpt>
      <trkpt lat="44.95515" lon="5.84808">
        <ele>1674</ele>
        <time>2025-04-18T20:53:54+00:00</time>
      </trkpt>
      <trkpt lat="44.95517" lon="5.84815">
        <ele>1672</ele>
        <time>2025-04-18T20:53:57+00:00</time>
      </trkpt>
      <trkpt lat="44.95531" lon="5.84837">
        <ele>1676</ele>
        <time>2025-04-18T20:54:00+00:00</time>
      </trkpt>
      <trkpt lat="44.95529" lon="5.84844">
        <ele>1670</ele>
        <time>2025-04-18T20:54:03+00:00</time>
      </trkpt>
      <trkpt lat="44.95538" lon="5.84861">
        <ele>1669</ele>
        <time>2025-04-18T20:54:06+00:00</time>
      </trkpt>
      <trkpt lat="44.9555" lon="5.84899">
        <ele>1665</ele>
        <time>2025-04-18T20:54:09+00:00</time>
      </trkpt>
      <trkpt lat="44.9554" lon="5.84897">
        <ele>1665</ele>
        <time>2025-04-18T20:54:12+00:00</time>
      </trkpt>
      <trkpt lat="44.9552" lon="5.84888">
        <ele>1661</ele>
        <time>2025-04-18T20:54:15+00:00</time>
      </trkpt>
      <trkpt lat="44.95497" lon="5.84877">
        <ele>1657</ele>
        <time>2025-04-18T20:54:18+00:00</time>
      </trkpt>
      <trkpt lat="44.95495" lon="5.84872">
        <ele>1652</ele>
        <time>2025-04-18T20:54:21+00:00</time>
      </trkpt>
      <trkpt lat="44.9549" lon="5.84851">
        <ele>1654</ele>
        <time>2025-04-18T20:54:24+00:00</time>
      </trkpt>
      <trkpt lat="44.95483" lon="5.84842">
        <ele>1657</ele>
        <time>2025-04-18T20:54:27+00:00</time>
      </trkpt>
      <trkpt lat="44.95476" lon="5.84849">
        <ele>1654</ele>
        <time>2025-04-18T20:54:30+00:00</time>
      </trkpt>
      <trkpt lat="44.95467" lon="5.84853">
        <ele>1649</ele>
        <time>2025-04-18T20:54:33+00:00</time>
      </trkpt>
      <trkpt lat="44.95449" lon="5.84848">
        <ele>1646</ele>
        <time>2025-04-18T20:54:36+00:00</time>
      </trkpt>
      <trkpt lat="44.95438" lon="5.84843">
        <ele>1643</ele>
        <time>2025-04-18T20:54:39+00:00</time>
      </trkpt>
      <trkpt lat="44.95428" lon="5.84837">
        <ele>1640</ele>
        <time>2025-04-18T20:54:42+00:00</time>
      </trkpt>
      <trkpt lat="44.95414" lon="5.84824">
        <ele>1639</ele>
        <time>2025-04-18T20:54:45+00:00</time>
      </trkpt>
      <trkpt lat="44.95398" lon="5.84801">
        <ele>1634</ele>
        <time>2025-04-18T20:54:48+00:00</time>
      </trkpt>
      <trkpt lat="44.95377" lon="5.84782">
        <ele>1634</ele>
        <time>2025-04-18T20:54:51+00:00</time>
      </trkpt>
      <trkpt lat="44.95369" lon="5.84771">
        <ele>1632</ele>
        <time>2025-04-18T20:54:54+00:00</time>
      </trkpt>
      <trkpt lat="44.95357" lon="5.84766">
        <ele>1633</ele>
        <time>2025-04-18T20:54:57+00:00</time>
      </trkpt>
      <trkpt lat="44.95349" lon="5.84766">
        <ele>1630</ele>
        <time>2025-04-18T20:55:00+00:00</time>
      </trkpt>
      <trkpt lat="44.95342" lon="5.84763">
        <ele>1630</ele>
        <time>2025-04-18T20:55:03+00:00</time>
      </trkpt>
      <trkpt lat="44.95336" lon="5.84755">
        <ele>1629</ele>
        <time>2025-04-18T20:55:06+00:00</time>
      </trkpt>
      <trkpt lat="44.95327" lon="5.84755">
        <ele>1626</ele>
        <time>2025-04-18T20:55:09+00:00</time>
      </trkpt>
      <trkpt lat="44.95301" lon="5.84751">
        <ele>1619</ele>
        <time>2025-04-18T20:55:12+00:00</time>
      </trkpt>
      <trkpt lat="44.95282" lon="5.84744">
        <ele>1617</ele>
        <time>2025-04-18T20:55:15+00:00</time>
      </trkpt>
      <trkpt lat="44.95273" lon="5.84737">
        <ele>1618</ele>
        <time>2025-04-18T20:55:18+00:00</time>
      </trkpt>
      <trkpt lat="44.95264" lon="5.84734">
        <ele>1614</ele>
        <time>2025-04-18T20:55:21+00:00</time>
      </trkpt>
      <trkpt lat="44.95252" lon="5.84726">
        <ele>1615</ele>
        <time>2025-04-18T20:55:24+00:00</time>
      </trkpt>
      <trkpt lat="44.9525" lon="5.84727">
        <ele>1609</ele>
        <time>2025-04-18T20:55:27+00:00</time>
      </trkpt>
      <trkpt lat="44.9526" lon="5.84741">
        <ele>1609</ele>
        <time>2025-04-18T20:55:30+00:00</time>
      </trkpt>
      <trkpt lat="44.95269" lon="5.84757">
        <ele>1606</ele>
        <time>2025-04-18T20:55:33+00:00</time>
      </trkpt>
      <trkpt lat="44.95275" lon="5.84766">
        <ele>1606</ele>
        <time>2025-04-18T20:55:36+00:00</time>
      </trkpt>
      <trkpt lat="44.95284" lon="5.84772">
        <ele>1606</ele>
        <time>2025-04-18T20:55:39+00:00</time>
      </trkpt>
      <trkpt lat="44.95287" lon="5.84782">
        <ele>1604</ele>
        <time>2025-04-18T20:55:42+00:00</time>
      </trkpt>
      <trkpt lat="44.95273" lon="5.84774">
        <ele>1602</ele>
        <time>2025-04-18T20:55:45+00:00</time>
      </trkpt>
      <trkpt lat="44.95259" lon="5.84765">
        <ele>1599</ele>
        <time>2025-04-18T20:55:48+00:00</time>
      </trkpt>
      <trkpt lat="44.95243" lon="5.84753">
        <ele>1597</ele>
        <time>2025-04-18T20:55:51+00:00</time>
      </trkpt>
      <trkpt lat="44.95236" lon="5.84747">
        <ele>1597</ele>
        <time>2025-04-18T20:55:54+00:00</time>
      </trkpt>
      <trkpt lat="44.95221" lon="5.84741">
        <ele>1592</ele>
        <time>2025-04-18T20:55:57+00:00</time>
      </trkpt>
      <trkpt lat="44.95211" lon="5.8474">
        <ele>1586</ele>
        <time>2025-04-18T20:56:00+00:00</time>
      </trkpt>
      <trkpt lat="44.95188" lon="5.84698">
        <ele>1589</ele>
        <time>2025-04-18T20:56:03+00:00</time>
      </trkpt>
      <trkpt lat="44.95184" lon="5.84687">
        <ele>1584</ele>
        <time>2025-04-18T20:56:06+00:00</time>
      </trkpt>
      <trkpt lat="44.95185" lon="5.84681">
        <ele>1584</ele>
        <time>2025-04-18T20:56:09+00:00</time>
      </trkpt>
      <trkpt lat="44.95178" lon="5.84663">
        <ele>1586</ele>
        <time>2025-04-18T20:56:12+00:00</time>
      </trkpt>
      <trkpt lat="44.9517" lon="5.84661">
        <ele>1586</ele>
        <time>2025-04-18T20:56:15+00:00</time>
      </trkpt>
      <trkpt lat="44.95165" lon="5.84665">
        <ele>1583</ele>
        <time>2025-04-18T20:56:18+00:00</time>
      </trkpt>
      <trkpt lat="44.95161" lon="5.84671">
        <ele>1580</ele>
        <time>2025-04-18T20:56:21+00:00</time>
      </trkpt>
      <trkpt lat="44.95151" lon="5.84669">
        <ele>1580</ele>
        <time>2025-04-18T20:56:24+00:00</time>
      </trkpt>
      <trkpt lat="44.95144" lon="5.84666">
        <ele>1579</ele>
        <time>2025-04-18T20:56:27+00:00</time>
      </trkpt>
      <trkpt lat="44.95146" lon="5.84674">
        <ele>1575</ele>
        <time>2025-04-18T20:56:30+00:00</time>
      </trkpt>
      <trkpt lat="44.95153" lon="5.84681">
        <ele>1572</ele>
        <time>2025-04-18T20:56:33+00:00</time>
      </trkpt>
      <trkpt lat="44.9514" lon="5.84681">
        <ele>1571</ele>
        <time>2025-04-18T20:56:36+00:00</time>
      </trkpt>
      <trkpt lat="44.95104" lon="5.84679">
        <ele>1570</ele>
        <time>2025-04-18T20:56:39+00:00</time>
      </trkpt>
      <trkpt lat="44.95084" lon="5.84681">
        <ele>1562</ele>
        <time>2025-04-18T20:56:42+00:00</time>
      </trkpt>
      <trkpt lat="44.95085" lon="5.84685">
        <ele>1562</ele>
        <time>2025-04-18T20:56:45+00:00</time>
      </trkpt>
      <trkpt lat="44.95091" lon="5.84688">
        <ele>1563</ele>
        <time>2025-04-18T20:56:48+00:00</time>
      </trkpt>
      <trkpt lat="44.95103" lon="5.84701">
        <ele>1559</ele>
        <time>2025-04-18T20:56:51+00:00</time>
      </trkpt>
      <trkpt lat="44.95106" lon="5.84707">
        <ele>1559</ele>
        <time>2025-04-18T20:56:54+00:00</time>
      </trkpt>
      <trkpt lat="44.95094" lon="5.84707">
        <ele>1557</ele>
        <time>2025-04-18T20:56:57+00:00</time>
      </trkpt>
      <trkpt lat="44.9508" lon="5.84704">
        <ele>1556</ele>
        <time>2025-04-18T20:57:00+00:00</time>
      </trkpt>
      <trkpt lat="44.95072" lon="5.84705">
        <ele>1555</ele>
        <time>2025-04-18T20:57:03+00:00</time>
      </trkpt>
      <trkpt lat="44.95058" lon="5.84703">
        <ele>1551</ele>
        <time>2025-04-18T20:57:06+00:00</time>
      </trkpt>
      <trkpt lat="44.9503" lon="5.8469">
        <ele>1550</ele>
        <time>2025-04-18T20:57:09+00:00</time>
      </trkpt>
      <trkpt lat="44.95003" lon="5.84668">
        <ele>1546</ele>
        <time>2025-04-18T20:57:12+00:00</time>
      </trkpt>
      <trkpt lat="44.9497" lon="5.84637">
        <ele>1540</ele>
        <time>2025-04-18T20:57:15+00:00</time>
      </trkpt>
      <trkpt lat="44.94942" lon="5.846">
        <ele>1531</ele>
        <time>2025-04-18T20:57:18+00:00</time>
      </trkpt>
      <trkpt lat="44.94922" lon="5.84581">
        <ele>1528</ele>
        <time>2025-04-18T20:57:21+00:00</time>
      </trkpt>
      <trkpt lat="44.949" lon="5.84561">
        <ele>1524</ele>
        <time>2025-04-18T20:57:24+00:00</time>
      </trkpt>
      <trkpt lat="44.94878" lon="5.84544">
        <ele>1514</ele>
        <time>2025-04-18T20:57:27+00:00</time>
      </trkpt>
      <trkpt lat="44.94866" lon="5.84526">
        <ele>1514</ele>
        <time>2025-04-18T20:57:30+00:00</time>
      </trkpt>
      <trkpt lat="44.94855" lon="5.84508">
        <ele>1511</ele>
        <time>2025-04-18T20:57:33+00:00</time>
      </trkpt>
      <trkpt lat="44.94841" lon="5.84495">
        <ele>1508</ele>
        <time>2025-04-18T20:57:36+00:00</time>
      </trkpt>
      <trkpt lat="44.9483" lon="5.84479">
        <ele>1507</ele>
        <time>2025-04-18T20:57:39+00:00</time>
      </trkpt>
      <trkpt lat="44.9481" lon="5.84439">
        <ele>1493</ele>
        <time>2025-04-18T20:57:42+00:00</time>
      </trkpt>
      <trkpt lat="44.94804" lon="5.84423">
        <ele>1496</ele>
        <time>2025-04-18T20:57:45+00:00</time>
      </trkpt>
      <trkpt lat="44.94803" lon="5.84427">
        <ele>1496</ele>
        <time>2025-04-18T20:57:48+00:00</time>
      </trkpt>
      <trkpt lat="44.94804" lon="5.84434">
        <ele>1493</ele>
        <time>2025-04-18T20:57:51+00:00</time>
      </trkpt>
      <trkpt lat="44.94804" lon="5.84441">
        <ele>1492</ele>
        <time>2025-04-18T20:57:54+00:00</time>
      </trkpt>
      <trkpt lat="44.94806" lon="5.84458">
        <ele>1490</ele>
        <time>2025-04-18T20:57:57+00:00</time>
      </trkpt>
      <trkpt lat="44.94805" lon="5.84473">
        <ele>1487</ele>
        <time>2025-04-18T20:58:00+00:00</time>
      </trkpt>
      <trkpt lat="44.94802" lon="5.84458">
        <ele>1490</ele>
        <time>2025-04-18T20:58:03+00:00</time>
      </trkpt>
      <trkpt lat="44.94799" lon="5.84465">
        <ele>1479</ele>
        <time>2025-04-18T20:58:06+00:00</time>
      </trkpt>
      <trkpt lat="44.94784" lon="5.84437">
        <ele>1477</ele>
        <time>2025-04-18T20:58:09+00:00</time>
      </trkpt>
      <trkpt lat="44.94783" lon="5.84428">
        <ele>1479</ele>
        <time>2025-04-18T20:58:12+00:00</time>
      </trkpt>
      <trkpt lat="44.94773" lon="5.84409">
        <ele>1476</ele>
        <time>2025-04-18T20:58:15+00:00</time>
      </trkpt>
      <trkpt lat="44.94769" lon="5.84397">
        <ele>1470</ele>
        <time>2025-04-18T20:58:18+00:00</time>
      </trkpt>
      <trkpt lat="44.94767" lon="5.84373">
        <ele>1476</ele>
        <time>2025-04-18T20:58:21+00:00</time>
      </trkpt>
      <trkpt lat="44.94764" lon="5.84362">
        <ele>1480</ele>
        <time>2025-04-18T20:58:24+00:00</time>
      </trkpt>
      <trkpt lat="44.94761" lon="5.84354">
        <ele>1482</ele>
        <time>2025-04-18T20:58:27+00:00</time>
      </trkpt>
      <trkpt lat="44.9476" lon="5.84345">
        <ele>1478</ele>
        <time>2025-04-18T20:58:30+00:00</time>
      </trkpt>
      <trkpt lat="44.9476" lon="5.84326">
        <ele>1482</ele>
        <time>2025-04-18T20:58:33+00:00</time>
      </trkpt>
      <trkpt lat="44.94761" lon="5.84319">
        <ele>1489</ele>
        <time>2025-04-18T20:58:36+00:00</time>
      </trkpt>
      <trkpt lat="44.94761" lon="5.84313">
        <ele>1489</ele>
        <time>2025-04-18T20:58:39+00:00</time>
      </trkpt>
      <trkpt lat="44.94764" lon="5.84307">
        <ele>1490</ele>
        <time>2025-04-18T20:58:42+00:00</time>
      </trkpt>
      <trkpt lat="44.94765" lon="5.84298">
        <ele>1490</ele>
        <time>2025-04-18T20:58:45+00:00</time>
      </trkpt>
      <trkpt lat="44.94765" lon="5.8429">
        <ele>1490</ele>
        <time>2025-04-18T20:58:48+00:00</time>
      </trkpt>
      <trkpt lat="44.94767" lon="5.8428">
        <ele>1490</ele>
        <time>2025-04-18T20:58:51+00:00</time>
      </trkpt>
      <trkpt lat="44.94771" lon="5.84273">
        <ele>1497</ele>
        <time>2025-04-18T20:58:54+00:00</time>
      </trkpt>
      <trkpt lat="44.94774" lon="5.84266">
        <ele>1496</ele>
        <time>2025-04-18T20:58:57+00:00</time>
      </trkpt>
      <trkpt lat="44.94782" lon="5.84254">
        <ele>1500</ele>
        <time>2025-04-18T20:59:00+00:00</time>
      </trkpt>
      <trkpt lat="44.94795" lon="5.84244">
        <ele>1504</ele>
        <time>2025-04-18T20:59:03+00:00</time>
      </trkpt>
      <trkpt lat="44.94798" lon="5.84243">
        <ele>1504</ele>
        <time>2025-04-18T20:59:06+00:00</time>
      </trkpt>
      <trkpt lat="44.948" lon="5.84235">
        <ele>1511</ele>
        <time>2025-04-18T20:59:09+00:00</time>
      </trkpt>
      <trkpt lat="44.9481" lon="5.84225">
        <ele>1509</ele>
        <time>2025-04-18T20:59:12+00:00</time>
      </trkpt>
      <trkpt lat="44.94814" lon="5.8422">
        <ele>1515</ele>
        <time>2025-04-18T20:59:15+00:00</time>
      </trkpt>
      <trkpt lat="44.94827" lon="5.84211">
        <ele>1518</ele>
        <time>2025-04-18T20:59:18+00:00</time>
      </trkpt>
      <trkpt lat="44.94837" lon="5.84205">
        <ele>1526</ele>
        <time>2025-04-18T20:59:21+00:00</time>
      </trkpt>
      <trkpt lat="44.94847" lon="5.84191">
        <ele>1530</ele>
        <time>2025-04-18T20:59:24+00:00</time>
      </trkpt>
      <trkpt lat="44.9485" lon="5.84184">
        <ele>1529</ele>
        <time>2025-04-18T20:59:27+00:00</time>
      </trkpt>
      <trkpt lat="44.94851" lon="5.84177">
        <ele>1534</ele>
        <time>2025-04-18T20:59:30+00:00</time>
      </trkpt>
      <trkpt lat="44.94858" lon="5.8415">
        <ele>1535</ele>
        <time>2025-04-18T20:59:33+00:00</time>
      </trkpt>
      <trkpt lat="44.94857" lon="5.84143">
        <ele>1536</ele>
        <time>2025-04-18T20:59:36+00:00</time>
      </trkpt>
      <trkpt lat="44.94853" lon="5.84137">
        <ele>1538</ele>
        <time>2025-04-18T20:59:39+00:00</time>
      </trkpt>
      <trkpt lat="44.94844" lon="5.84116">
        <ele>1539</ele>
        <time>2025-04-18T20:59:42+00:00</time>
      </trkpt>
      <trkpt lat="44.94841" lon="5.84095">
        <ele>1546</ele>
        <time>2025-04-18T20:59:45+00:00</time>
      </trkpt>
      <trkpt lat="44.94831" lon="5.8408">
        <ele>1546</ele>
        <time>2025-04-18T20:59:48+00:00</time>
      </trkpt>
      <trkpt lat="44.94818" lon="5.84051">
        <ele>1549</ele>
        <time>2025-04-18T20:59:51+00:00</time>
      </trkpt>
      <trkpt lat="44.94808" lon="5.84046">
        <ele>1548</ele>
        <time>2025-04-18T20:59:54+00:00</time>
      </trkpt>
      <trkpt lat="44.94798" lon="5.84027">
        <ele>1551</ele>
        <time>2025-04-18T20:59:57+00:00</time>
      </trkpt>
      <trkpt lat="44.94776" lon="5.84003">
        <ele>1552</ele>
        <time>2025-04-18T21:00:00+00:00</time>
      </trkpt>
      <trkpt lat="44.94751" lon="5.83961">
        <ele>1554</ele>
        <time>2025-04-18T21:00:03+00:00</time>
      </trkpt>
      <trkpt lat="44.94733" lon="5.83949">
        <ele>1553</ele>
        <time>2025-04-18T21:00:06+00:00</time>
      </trkpt>
      <trkpt lat="44.9472" lon="5.83937">
        <ele>1554</ele>
        <time>2025-04-18T21:00:09+00:00</time>
      </trkpt>
      <trkpt lat="44.94714" lon="5.83925">
        <ele>1553</ele>
        <time>2025-04-18T21:00:12+00:00</time>
      </trkpt>
      <trkpt lat="44.94707" lon="5.83919">
        <ele>1553</ele>
        <time>2025-04-18T21:00:15+00:00</time>
      </trkpt>
      <trkpt lat="44.94689" lon="5.83878">
        <ele>1547</ele>
        <time>2025-04-18T21:00:18+00:00</time>
      </trkpt>
      <trkpt lat="44.94684" lon="5.83877">
        <ele>1547</ele>
        <time>2025-04-18T21:00:21+00:00</time>
      </trkpt>
      <trkpt lat="44.94677" lon="5.83881">
        <ele>1545</ele>
        <time>2025-04-18T21:00:24+00:00</time>
      </trkpt>
      <trkpt lat="44.94666" lon="5.83881">
        <ele>1542</ele>
        <time>2025-04-18T21:00:27+00:00</time>
      </trkpt>
      <trkpt lat="44.94658" lon="5.83878">
        <ele>1540</ele>
        <time>2025-04-18T21:00:30+00:00</time>
      </trkpt>
      <trkpt lat="44.94628" lon="5.83879">
        <ele>1533</ele>
        <time>2025-04-18T21:00:33+00:00</time>
      </trkpt>
      <trkpt lat="44.94619" lon="5.83878">
        <ele>1531</ele>
        <time>2025-04-18T21:00:36+00:00</time>
      </trkpt>
      <trkpt lat="44.94611" lon="5.83873">
        <ele>1531</ele>
        <time>2025-04-18T21:00:39+00:00</time>
      </trkpt>
      <trkpt lat="44.94603" lon="5.83871">
        <ele>1528</ele>
        <time>2025-04-18T21:00:42+00:00</time>
      </trkpt>
      <trkpt lat="44.94588" lon="5.83881">
        <ele>1525</ele>
        <time>2025-04-18T21:00:45+00:00</time>
      </trkpt>
      <trkpt lat="44.94578" lon="5.83885">
        <ele>1522</ele>
        <time>2025-04-18T21:00:48+00:00</time>
      </trkpt>
      <trkpt lat="44.9457" lon="5.83891">
        <ele>1520</ele>
        <time>2025-04-18T21:00:51+00:00</time>
      </trkpt>
      <trkpt lat="44.94562" lon="5.83894">
        <ele>1520</ele>
        <time>2025-04-18T21:00:54+00:00</time>
      </trkpt>
      <trkpt lat="44.94553" lon="5.83894">
        <ele>1518</ele>
        <time>2025-04-18T21:00:57+00:00</time>
      </trkpt>
      <trkpt lat="44.94531" lon="5.83897">
        <ele>1511</ele>
        <time>2025-04-18T21:01:00+00:00</time>
      </trkpt>
      <trkpt lat="44.94532" lon="5.83878">
        <ele>1509</ele>
        <time>2025-04-18T21:01:03+00:00</time>
      </trkpt>
      <trkpt lat="44.94535" lon="5.83867">
        <ele>1507</ele>
        <time>2025-04-18T21:01:06+00:00</time>
      </trkpt>
      <trkpt lat="44.94558" lon="5.83838">
        <ele>1505</ele>
        <time>2025-04-18T21:01:09+00:00</time>
      </trkpt>
      <trkpt lat="44.94579" lon="5.83809">
        <ele>1498</ele>
        <time>2025-04-18T21:01:12+00:00</time>
      </trkpt>
      <trkpt lat="44.94604" lon="5.83788">
        <ele>1496</ele>
        <time>2025-04-18T21:01:15+00:00</time>
      </trkpt>
      <trkpt lat="44.94645" lon="5.83753">
        <ele>1491</ele>
        <time>2025-04-18T21:01:18+00:00</time>
      </trkpt>
      <trkpt lat="44.94653" lon="5.83752">
        <ele>1493</ele>
        <time>2025-04-18T21:01:21+00:00</time>
      </trkpt>
      <trkpt lat="44.94681" lon="5.83735">
        <ele>1484</ele>
        <time>2025-04-18T21:01:24+00:00</time>
      </trkpt>
      <trkpt lat="44.9471" lon="5.83714">
        <ele>1481</ele>
        <time>2025-04-18T21:01:27+00:00</time>
      </trkpt>
      <trkpt lat="44.94734" lon="5.83692">
        <ele>1476</ele>
        <time>2025-04-18T21:01:30+00:00</time>
      </trkpt>
      <trkpt lat="44.94753" lon="5.8367">
        <ele>1471</ele>
        <time>2025-04-18T21:01:33+00:00</time>
      </trkpt>
      <trkpt lat="44.94769" lon="5.83642">
        <ele>1461</ele>
        <time>2025-04-18T21:01:36+00:00</time>
      </trkpt>
      <trkpt lat="44.94788" lon="5.8361">
        <ele>1457</ele>
        <time>2025-04-18T21:01:39+00:00</time>
      </trkpt>
      <trkpt lat="44.94804" lon="5.83577">
        <ele>1449</ele>
        <time>2025-04-18T21:01:42+00:00</time>
      </trkpt>
      <trkpt lat="44.94826" lon="5.83529">
        <ele>1438</ele>
        <time>2025-04-18T21:01:45+00:00</time>
      </trkpt>
      <trkpt lat="44.94827" lon="5.83513">
        <ele>1433</ele>
        <time>2025-04-18T21:01:48+00:00</time>
      </trkpt>
      <trkpt lat="44.94833" lon="5.835">
        <ele>1435</ele>
        <time>2025-04-18T21:01:51+00:00</time>
      </trkpt>
      <trkpt lat="44.9485" lon="5.83478">
        <ele>1431</ele>
        <time>2025-04-18T21:01:54+00:00</time>
      </trkpt>
      <trkpt lat="44.94858" lon="5.83465">
        <ele>1427</ele>
        <time>2025-04-18T21:01:57+00:00</time>
      </trkpt>
      <trkpt lat="44.9488" lon="5.83435">
        <ele>1428</ele>
        <time>2025-04-18T21:02:00+00:00</time>
      </trkpt>
      <trkpt lat="44.94902" lon="5.83404">
        <ele>1426</ele>
        <time>2025-04-18T21:02:03+00:00</time>
      </trkpt>
      <trkpt lat="44.9492" lon="5.83381">
        <ele>1422</ele>
        <time>2025-04-18T21:02:06+00:00</time>
      </trkpt>
      <trkpt lat="44.94937" lon="5.83357">
        <ele>1420</ele>
        <time>2025-04-18T21:02:09+00:00</time>
      </trkpt>
      <trkpt lat="44.94931" lon="5.83311">
        <ele>1406</ele>
        <time>2025-04-18T21:02:12+00:00</time>
      </trkpt>
      <trkpt lat="44.94913" lon="5.83279">
        <ele>1382</ele>
        <time>2025-04-18T21:02:15+00:00</time>
      </trkpt>
      <trkpt lat="44.94892" lon="5.83226">
        <ele>1360</ele>
        <time>2025-04-18T21:02:18+00:00</time>
      </trkpt>
      <trkpt lat="44.94879" lon="5.83217">
        <ele>1348</ele>
        <time>2025-04-18T21:02:21+00:00</time>
      </trkpt>
      <trkpt lat="44.94872" lon="5.83198">
        <ele>1343</ele>
        <time>2025-04-18T21:02:24+00:00</time>
      </trkpt>
      <trkpt lat="44.94882" lon="5.83177">
        <ele>1340</ele>
        <time>2025-04-18T21:02:27+00:00</time>
      </trkpt>
      <trkpt lat="44.94878" lon="5.83148">
        <ele>1329</ele>
        <time>2025-04-18T21:02:30+00:00</time>
      </trkpt>
      <trkpt lat="44.94873" lon="5.83107">
        <ele>1325</ele>
        <time>2025-04-18T21:02:33+00:00</time>
      </trkpt>
      <trkpt lat="44.94896" lon="5.83094">
        <ele>1328</ele>
        <time>2025-04-18T21:02:36+00:00</time>
      </trkpt>
      <trkpt lat="44.94934" lon="5.83082">
        <ele>1331</ele>
        <time>2025-04-18T21:02:39+00:00</time>
      </trkpt>
      <trkpt lat="44.94954" lon="5.8307">
        <ele>1335</ele>
        <time>2025-04-18T21:02:42+00:00</time>
      </trkpt>
      <trkpt lat="44.9499" lon="5.83043">
        <ele>1335</ele>
        <time>2025-04-18T21:02:45+00:00</time>
      </trkpt>
      <trkpt lat="44.95009" lon="5.83022">
        <ele>1335</ele>
        <time>2025-04-18T21:02:48+00:00</time>
      </trkpt>
      <trkpt lat="44.9501" lon="5.8299">
        <ele>1335</ele>
        <time>2025-04-18T21:02:51+00:00</time>
      </trkpt>
      <trkpt lat="44.95019" lon="5.82953">
        <ele>1337</ele>
        <time>2025-04-18T21:02:54+00:00</time>
      </trkpt>
      <trkpt lat="44.95019" lon="5.82943">
        <ele>1340</ele>
        <time>2025-04-18T21:02:57+00:00</time>
      </trkpt>
      <trkpt lat="44.95017" lon="5.82923">
        <ele>1339</ele>
        <time>2025-04-18T21:03:00+00:00</time>
      </trkpt>
      <trkpt lat="44.95019" lon="5.82908">
        <ele>1339</ele>
        <time>2025-04-18T21:03:03+00:00</time>
      </trkpt>
      <trkpt lat="44.95026" lon="5.82884">
        <ele>1341</ele>
        <time>2025-04-18T21:03:06+00:00</time>
      </trkpt>
      <trkpt lat="44.95038" lon="5.8285">
        <ele>1341</ele>
        <time>2025-04-18T21:03:09+00:00</time>
      </trkpt>
      <trkpt lat="44.95049" lon="5.82812">
        <ele>1343</ele>
        <time>2025-04-18T21:03:12+00:00</time>
      </trkpt>
      <trkpt lat="44.95059" lon="5.82791">
        <ele>1344</ele>
        <time>2025-04-18T21:03:15+00:00</time>
      </trkpt>
      <trkpt lat="44.95077" lon="5.82765">
        <ele>1344</ele>
        <time>2025-04-18T21:03:18+00:00</time>
      </trkpt>
      <trkpt lat="44.95093" lon="5.82747">
        <ele>1343</ele>
        <time>2025-04-18T21:03:21+00:00</time>
      </trkpt>
      <trkpt lat="44.95098" lon="5.82745">
        <ele>1345</ele>
        <time>2025-04-18T21:03:24+00:00</time>
      </trkpt>
      <trkpt lat="44.95103" lon="5.82739">
        <ele>1345</ele>
        <time>2025-04-18T21:03:27+00:00</time>
      </trkpt>
      <trkpt lat="44.95107" lon="5.82728">
        <ele>1343</ele>
        <time>2025-04-18T21:03:30+00:00</time>
      </trkpt>
      <trkpt lat="44.9511" lon="5.82723">
        <ele>1343</ele>
        <time>2025-04-18T21:03:33+00:00</time>
      </trkpt>
      <trkpt lat="44.95116" lon="5.82718">
        <ele>1343</ele>
        <time>2025-04-18T21:03:36+00:00</time>
      </trkpt>
      <trkpt lat="44.95137" lon="5.82685">
        <ele>1342</ele>
        <time>2025-04-18T21:03:39+00:00</time>
      </trkpt>
      <trkpt lat="44.95154" lon="5.82657">
        <ele>1342</ele>
        <time>2025-04-18T21:03:42+00:00</time>
      </trkpt>
      <trkpt lat="44.95174" lon="5.82624">
        <ele>1342</ele>
        <time>2025-04-18T21:03:45+00:00</time>
      </trkpt>
      <trkpt lat="44.95177" lon="5.82615">
        <ele>1340</ele>
        <time>2025-04-18T21:03:48+00:00</time>
      </trkpt>
      <trkpt lat="44.95177" lon="5.82592">
        <ele>1337</ele>
        <time>2025-04-18T21:03:51+00:00</time>
      </trkpt>
      <trkpt lat="44.95172" lon="5.82568">
        <ele>1334</ele>
        <time>2025-04-18T21:03:54+00:00</time>
      </trkpt>
      <trkpt lat="44.95166" lon="5.82548">
        <ele>1329</ele>
        <time>2025-04-18T21:03:57+00:00</time>
      </trkpt>
      <trkpt lat="44.95156" lon="5.82489">
        <ele>1321</ele>
        <time>2025-04-18T21:04:00+00:00</time>
      </trkpt>
      <trkpt lat="44.95148" lon="5.82431">
        <ele>1314</ele>
        <time>2025-04-18T21:04:03+00:00</time>
      </trkpt>
      <trkpt lat="44.95148" lon="5.82392">
        <ele>1310</ele>
        <time>2025-04-18T21:04:06+00:00</time>
      </trkpt>
      <trkpt lat="44.95142" lon="5.82338">
        <ele>1302</ele>
        <time>2025-04-18T21:04:09+00:00</time>
      </trkpt>
      <trkpt lat="44.95141" lon="5.82311">
        <ele>1300</ele>
        <time>2025-04-18T21:04:12+00:00</time>
      </trkpt>
      <trkpt lat="44.95143" lon="5.8229">
        <ele>1298</ele>
        <time>2025-04-18T21:04:15+00:00</time>
      </trkpt>
      <trkpt lat="44.95154" lon="5.82253">
        <ele>1294</ele>
        <time>2025-04-18T21:04:18+00:00</time>
      </trkpt>
      <trkpt lat="44.95141" lon="5.82271">
        <ele>1295</ele>
        <time>2025-04-18T21:04:21+00:00</time>
      </trkpt>
      <trkpt lat="44.95127" lon="5.8228">
        <ele>1291</ele>
        <time>2025-04-18T21:04:24+00:00</time>
      </trkpt>
      <trkpt lat="44.95113" lon="5.82289">
        <ele>1292</ele>
        <time>2025-04-18T21:04:27+00:00</time>
      </trkpt>
      <trkpt lat="44.95092" lon="5.82296">
        <ele>1291</ele>
        <time>2025-04-18T21:04:30+00:00</time>
      </trkpt>
      <trkpt lat="44.95068" lon="5.82311">
        <ele>1291</ele>
        <time>2025-04-18T21:04:33+00:00</time>
      </trkpt>
      <trkpt lat="44.95038" lon="5.8233">
        <ele>1289</ele>
        <time>2025-04-18T21:04:36+00:00</time>
      </trkpt>
      <trkpt lat="44.95025" lon="5.8234">
        <ele>1289</ele>
        <time>2025-04-18T21:04:39+00:00</time>
      </trkpt>
      <trkpt lat="44.95011" lon="5.82344">
        <ele>1289</ele>
        <time>2025-04-18T21:04:42+00:00</time>
      </trkpt>
      <trkpt lat="44.94996" lon="5.82355">
        <ele>1287</ele>
        <time>2025-04-18T21:04:45+00:00</time>
      </trkpt>
      <trkpt lat="44.94984" lon="5.82367">
        <ele>1286</ele>
        <time>2025-04-18T21:04:48+00:00</time>
      </trkpt>
      <trkpt lat="44.94979" lon="5.82375">
        <ele>1285</ele>
        <time>2025-04-18T21:04:51+00:00</time>
      </trkpt>
      <trkpt lat="44.94977" lon="5.82383">
        <ele>1286</ele>
        <time>2025-04-18T21:04:54+00:00</time>
      </trkpt>
      <trkpt lat="44.94974" lon="5.82386">
        <ele>1286</ele>
        <time>2025-04-18T21:04:57+00:00</time>
      </trkpt>
      <trkpt lat="44.94969" lon="5.82385">
        <ele>1285</ele>
        <time>2025-04-18T21:05:00+00:00</time>
      </trkpt>
      <trkpt lat="44.94963" lon="5.82375">
        <ele>1284</ele>
        <time>2025-04-18T21:05:03+00:00</time>
      </trkpt>
      <trkpt lat="44.94949" lon="5.82362">
        <ele>1280</ele>
        <time>2025-04-18T21:05:06+00:00</time>
      </trkpt>
      <trkpt lat="44.94938" lon="5.82344">
        <ele>1278</ele>
        <time>2025-04-18T21:05:09+00:00</time>
      </trkpt>
      <trkpt lat="44.94926" lon="5.82328">
        <ele>1275</ele>
        <time>2025-04-18T21:05:12+00:00</time>
      </trkpt>
      <trkpt lat="44.94913" lon="5.82311">
        <ele>1273</ele>
        <time>2025-04-18T21:05:15+00:00</time>
      </trkpt>
      <trkpt lat="44.94909" lon="5.823">
        <ele>1271</ele>
        <time>2025-04-18T21:05:18+00:00</time>
      </trkpt>
      <trkpt lat="44.94903" lon="5.82272">
        <ele>1268</ele>
        <time>2025-04-18T21:05:21+00:00</time>
      </trkpt>
      <trkpt lat="44.94891" lon="5.82246">
        <ele>1264</ele>
        <time>2025-04-18T21:05:24+00:00</time>
      </trkpt>
      <trkpt lat="44.94888" lon="5.82232">
        <ele>1263</ele>
        <time>2025-04-18T21:05:27+00:00</time>
      </trkpt>
      <trkpt lat="44.94885" lon="5.82204">
        <ele>1259</ele>
        <time>2025-04-18T21:05:30+00:00</time>
      </trkpt>
      <trkpt lat="44.94886" lon="5.82187">
        <ele>1255</ele>
        <time>2025-04-18T21:05:33+00:00</time>
      </trkpt>
      <trkpt lat="44.94892" lon="5.82154">
        <ele>1250</ele>
        <time>2025-04-18T21:05:36+00:00</time>
      </trkpt>
      <trkpt lat="44.94893" lon="5.82145">
        <ele>1249</ele>
        <time>2025-04-18T21:05:39+00:00</time>
      </trkpt>
      <trkpt lat="44.94892" lon="5.82138">
        <ele>1247</ele>
        <time>2025-04-18T21:05:42+00:00</time>
      </trkpt>
      <trkpt lat="44.94889" lon="5.8213">
        <ele>1248</ele>
        <time>2025-04-18T21:05:45+00:00</time>
      </trkpt>
      <trkpt lat="44.94879" lon="5.82113">
        <ele>1246</ele>
        <time>2025-04-18T21:05:48+00:00</time>
      </trkpt>
      <trkpt lat="44.94868" lon="5.82094">
        <ele>1245</ele>
        <time>2025-04-18T21:05:51+00:00</time>
      </trkpt>
      <trkpt lat="44.94863" lon="5.82078">
        <ele>1245</ele>
        <time>2025-04-18T21:05:54+00:00</time>
      </trkpt>
      <trkpt lat="44.9486" lon="5.82066">
        <ele>1243</ele>
        <time>2025-04-18T21:05:57+00:00</time>
      </trkpt>
      <trkpt lat="44.94855" lon="5.82055">
        <ele>1245</ele>
        <time>2025-04-18T21:06:00+00:00</time>
      </trkpt>
      <trkpt lat="44.94844" lon="5.82039">
        <ele>1245</ele>
        <time>2025-04-18T21:06:03+00:00</time>
      </trkpt>
      <trkpt lat="44.9483" lon="5.82021">
        <ele>1245</ele>
        <time>2025-04-18T21:06:06+00:00</time>
      </trkpt>
      <trkpt lat="44.94819" lon="5.82004">
        <ele>1244</ele>
        <time>2025-04-18T21:06:09+00:00</time>
      </trkpt>
      <trkpt lat="44.94807" lon="5.81985">
        <ele>1242</ele>
        <time>2025-04-18T21:06:12+00:00</time>
      </trkpt>
      <trkpt lat="44.94798" lon="5.81974">
        <ele>1239</ele>
        <time>2025-04-18T21:06:15+00:00</time>
      </trkpt>
      <trkpt lat="44.9478" lon="5.82007">
        <ele>1239</ele>
        <time>2025-04-18T21:06:18+00:00</time>
      </trkpt>
      <trkpt lat="44.94763" lon="5.82061">
        <ele>1238</ele>
        <time>2025-04-18T21:06:21+00:00</time>
      </trkpt>
      <trkpt lat="44.94746" lon="5.82074">
        <ele>1235</ele>
        <time>2025-04-18T21:06:24+00:00</time>
      </trkpt>
      <trkpt lat="44.94738" lon="5.8209">
        <ele>1234</ele>
        <time>2025-04-18T21:06:27+00:00</time>
      </trkpt>
      <trkpt lat="44.94729" lon="5.82112">
        <ele>1232</ele>
        <time>2025-04-18T21:06:30+00:00</time>
      </trkpt>
      <trkpt lat="44.94719" lon="5.82137">
        <ele>1232</ele>
        <time>2025-04-18T21:06:33+00:00</time>
      </trkpt>
      <trkpt lat="44.94708" lon="5.82151">
        <ele>1231</ele>
        <time>2025-04-18T21:06:36+00:00</time>
      </trkpt>
      <trkpt lat="44.94693" lon="5.82173">
        <ele>1229</ele>
        <time>2025-04-18T21:06:39+00:00</time>
      </trkpt>
      <trkpt lat="44.94675" lon="5.82183">
        <ele>1223</ele>
        <time>2025-04-18T21:06:42+00:00</time>
      </trkpt>
      <trkpt lat="44.94659" lon="5.82205">
        <ele>1218</ele>
        <time>2025-04-18T21:06:45+00:00</time>
      </trkpt>
      <trkpt lat="44.94636" lon="5.82213">
        <ele>1213</ele>
        <time>2025-04-18T21:06:48+00:00</time>
      </trkpt>
      <trkpt lat="44.946" lon="5.82212">
        <ele>1210</ele>
        <time>2025-04-18T21:06:51+00:00</time>
      </trkpt>
      <trkpt lat="44.94593" lon="5.82208">
        <ele>1208</ele>
        <time>2025-04-18T21:06:54+00:00</time>
      </trkpt>
      <trkpt lat="44.94575" lon="5.82185">
        <ele>1202</ele>
        <time>2025-04-18T21:06:57+00:00</time>
      </trkpt>
      <trkpt lat="44.94552" lon="5.82155">
        <ele>1199</ele>
        <time>2025-04-18T21:07:00+00:00</time>
      </trkpt>
      <trkpt lat="44.94516" lon="5.82133">
        <ele>1196</ele>
        <time>2025-04-18T21:07:03+00:00</time>
      </trkpt>
      <trkpt lat="44.94501" lon="5.82131">
        <ele>1196</ele>
        <time>2025-04-18T21:07:06+00:00</time>
      </trkpt>
      <trkpt lat="44.94501" lon="5.8213">
        <ele>1196</ele>
        <time>2025-04-18T21:07:09+00:00</time>
      </trkpt>
      <trkpt lat="44.94491" lon="5.82114">
        <ele>1190</ele>
        <time>2025-04-18T21:07:12+00:00</time>
      </trkpt>
      <trkpt lat="44.94478" lon="5.82099">
        <ele>1184</ele>
        <time>2025-04-18T21:07:15+00:00</time>
      </trkpt>
      <trkpt lat="44.94467" lon="5.82089">
        <ele>1181</ele>
        <time>2025-04-18T21:07:18+00:00</time>
      </trkpt>
      <trkpt lat="44.94436" lon="5.82084">
        <ele>1178</ele>
        <time>2025-04-18T21:07:21+00:00</time>
      </trkpt>
      <trkpt lat="44.94418" lon="5.82085">
        <ele>1174</ele>
        <time>2025-04-18T21:07:24+00:00</time>
      </trkpt>
      <trkpt lat="44.94407" lon="5.82077">
        <ele>1171</ele>
        <time>2025-04-18T21:07:27+00:00</time>
      </trkpt>
      <trkpt lat="44.94402" lon="5.82071">
        <ele>1171</ele>
        <time>2025-04-18T21:07:30+00:00</time>
      </trkpt>
      <trkpt lat="44.94389" lon="5.82071">
        <ele>1166</ele>
        <time>2025-04-18T21:07:33+00:00</time>
      </trkpt>
      <trkpt lat="44.94375" lon="5.82074">
        <ele>1164</ele>
        <time>2025-04-18T21:07:36+00:00</time>
      </trkpt>
      <trkpt lat="44.94363" lon="5.82063">
        <ele>1158</ele>
        <time>2025-04-18T21:07:39+00:00</time>
      </trkpt>
      <trkpt lat="44.94344" lon="5.82067">
        <ele>1152</ele>
        <time>2025-04-18T21:07:42+00:00</time>
      </trkpt>
      <trkpt lat="44.94301" lon="5.82071">
        <ele>1141</ele>
        <time>2025-04-18T21:07:45+00:00</time>
      </trkpt>
      <trkpt lat="44.94283" lon="5.82065">
        <ele>1134</ele>
        <time>2025-04-18T21:07:48+00:00</time>
      </trkpt>
      <trkpt lat="44.94268" lon="5.82067">
        <ele>1128</ele>
        <time>2025-04-18T21:07:51+00:00</time>
      </trkpt>
      <trkpt lat="44.94246" lon="5.82066">
        <ele>1123</ele>
        <time>2025-04-18T21:07:54+00:00</time>
      </trkpt>
      <trkpt lat="44.94232" lon="5.82069">
        <ele>1121</ele>
        <time>2025-04-18T21:07:57+00:00</time>
      </trkpt>
      <trkpt lat="44.94202" lon="5.8207">
        <ele>1114</ele>
        <time>2025-04-18T21:08:00+00:00</time>
      </trkpt>
      <trkpt lat="44.94189" lon="5.82074">
        <ele>1109</ele>
        <time>2025-04-18T21:08:03+00:00</time>
      </trkpt>
      <trkpt lat="44.9418" lon="5.82078">
        <ele>1109</ele>
        <time>2025-04-18T21:08:06+00:00</time>
      </trkpt>
      <trkpt lat="44.9418" lon="5.82076">
        <ele>1109</ele>
        <time>2025-04-18T21:08:09+00:00</time>
      </trkpt>
      <trkpt lat="44.94158" lon="5.82079">
        <ele>1103</ele>
        <time>2025-04-18T21:08:12+00:00</time>
      </trkpt>
      <trkpt lat="44.94137" lon="5.82075">
        <ele>1101</ele>
        <time>2025-04-18T21:08:15+00:00</time>
      </trkpt>
      <trkpt lat="44.94103" lon="5.82078">
        <ele>1096</ele>
        <time>2025-04-18T21:08:18+00:00</time>
      </trkpt>
      <trkpt lat="44.94077" lon="5.82094">
        <ele>1093</ele>
        <time>2025-04-18T21:08:21+00:00</time>
      </trkpt>
      <trkpt lat="44.94068" lon="5.82106">
        <ele>1092</ele>
        <time>2025-04-18T21:08:24+00:00</time>
      </trkpt>
      <trkpt lat="44.94047" lon="5.8213">
        <ele>1090</ele>
        <time>2025-04-18T21:08:27+00:00</time>
      </trkpt>
      <trkpt lat="44.94034" lon="5.8214">
        <ele>1088</ele>
        <time>2025-04-18T21:08:30+00:00</time>
      </trkpt>
      <trkpt lat="44.94017" lon="5.82147">
        <ele>1086</ele>
        <time>2025-04-18T21:08:33+00:00</time>
      </trkpt>
      <trkpt lat="44.93998" lon="5.82155">
        <ele>1081</ele>
        <time>2025-04-18T21:08:36+00:00</time>
      </trkpt>
      <trkpt lat="44.93975" lon="5.82161">
        <ele>1075</ele>
        <time>2025-04-18T21:08:39+00:00</time>
      </trkpt>
      <trkpt lat="44.93961" lon="5.82162">
        <ele>1073</ele>
        <time>2025-04-18T21:08:42+00:00</time>
      </trkpt>
      <trkpt lat="44.93952" lon="5.82164">
        <ele>1070</ele>
        <time>2025-04-18T21:08:45+00:00</time>
      </trkpt>
      <trkpt lat="44.93941" lon="5.82168">
        <ele>1067</ele>
        <time>2025-04-18T21:08:48+00:00</time>
      </trkpt>
      <trkpt lat="44.93937" lon="5.82173">
        <ele>1064</ele>
        <time>2025-04-18T21:08:51+00:00</time>
      </trkpt>
      <trkpt lat="44.93919" lon="5.82177">
        <ele>1058</ele>
        <time>2025-04-18T21:08:54+00:00</time>
      </trkpt>
      <trkpt lat="44.93896" lon="5.82183">
        <ele>1054</ele>
        <time>2025-04-18T21:08:57+00:00</time>
      </trkpt>
      <trkpt lat="44.93872" lon="5.82191">
        <ele>1049</ele>
        <time>2025-04-18T21:09:00+00:00</time>
      </trkpt>
      <trkpt lat="44.93847" lon="5.82199">
        <ele>1042</ele>
        <time>2025-04-18T21:09:03+00:00</time>
      </trkpt>
      <trkpt lat="44.93827" lon="5.82204">
        <ele>1036</ele>
        <time>2025-04-18T21:09:06+00:00</time>
      </trkpt>
      <trkpt lat="44.9381" lon="5.82205">
        <ele>1032</ele>
        <time>2025-04-18T21:09:09+00:00</time>
      </trkpt>
      <trkpt lat="44.93805" lon="5.82209">
        <ele>1032</ele>
        <time>2025-04-18T21:09:12+00:00</time>
      </trkpt>
      <trkpt lat="44.93801" lon="5.82217">
        <ele>1031</ele>
        <time>2025-04-18T21:09:15+00:00</time>
      </trkpt>
      <trkpt lat="44.93798" lon="5.8223">
        <ele>1026</ele>
        <time>2025-04-18T21:09:18+00:00</time>
      </trkpt>
      <trkpt lat="44.93792" lon="5.8224">
        <ele>1025</ele>
        <time>2025-04-18T21:09:21+00:00</time>
      </trkpt>
      <trkpt lat="44.93785" lon="5.82242">
        <ele>1023</ele>
        <time>2025-04-18T21:09:24+00:00</time>
      </trkpt>
      <trkpt lat="44.93769" lon="5.82244">
        <ele>1017</ele>
        <time>2025-04-18T21:09:27+00:00</time>
      </trkpt>
      <trkpt lat="44.93729" lon="5.82251">
        <ele>1004</ele>
        <time>2025-04-18T21:09:30+00:00</time>
      </trkpt>
      <trkpt lat="44.93718" lon="5.82248">
        <ele>1003</ele>
        <time>2025-04-18T21:09:33+00:00</time>
      </trkpt>
      <trkpt lat="44.93711" lon="5.82248">
        <ele>1003</ele>
        <time>2025-04-18T21:09:36+00:00</time>
      </trkpt>
      <trkpt lat="44.93704" lon="5.82251">
        <ele>998</ele>
        <time>2025-04-18T21:09:39+00:00</time>
      </trkpt>
      <trkpt lat="44.93702" lon="5.82254">
        <ele>998</ele>
        <time>2025-04-18T21:09:42+00:00</time>
      </trkpt>
      <trkpt lat="44.93697" lon="5.82255">
        <ele>996</ele>
        <time>2025-04-18T21:09:45+00:00</time>
      </trkpt>
      <trkpt lat="44.93694" lon="5.82258">
        <ele>996</ele>
        <time>2025-04-18T21:09:48+00:00</time>
      </trkpt>
      <trkpt lat="44.93692" lon="5.82265">
        <ele>995</ele>
        <time>2025-04-18T21:09:51+00:00</time>
      </trkpt>
      <trkpt lat="44.93684" lon="5.82275">
        <ele>992</ele>
        <time>2025-04-18T21:09:54+00:00</time>
      </trkpt>
      <trkpt lat="44.93677" lon="5.82278">
        <ele>990</ele>
        <time>2025-04-18T21:09:57+00:00</time>
      </trkpt>
      <trkpt lat="44.93662" lon="5.82286">
        <ele>985</ele>
        <time>2025-04-18T21:10:00+00:00</time>
      </trkpt>
      <trkpt lat="44.93655" lon="5.82288">
        <ele>983</ele>
        <time>2025-04-18T21:10:03+00:00</time>
      </trkpt>
      <trkpt lat="44.93639" lon="5.82284">
        <ele>978</ele>
        <time>2025-04-18T21:10:06+00:00</time>
      </trkpt>
      <trkpt lat="44.93629" lon="5.82278">
        <ele>975</ele>
        <time>2025-04-18T21:10:09+00:00</time>
      </trkpt>
      <trkpt lat="44.93622" lon="5.82277">
        <ele>975</ele>
        <time>2025-04-18T21:10:12+00:00</time>
      </trkpt>
      <trkpt lat="44.93616" lon="5.82279">
        <ele>972</ele>
        <time>2025-04-18T21:10:15+00:00</time>
      </trkpt>
      <trkpt lat="44.93611" lon="5.82282">
        <ele>973</ele>
        <time>2025-04-18T21:10:18+00:00</time>
      </trkpt>
      <trkpt lat="44.93604" lon="5.82291">
        <ele>969</ele>
        <time>2025-04-18T21:10:21+00:00</time>
      </trkpt>
      <trkpt lat="44.93596" lon="5.82292">
        <ele>966</ele>
        <time>2025-04-18T21:10:24+00:00</time>
      </trkpt>
      <trkpt lat="44.93592" lon="5.82287">
        <ele>966</ele>
        <time>2025-04-18T21:10:27+00:00</time>
      </trkpt>
      <trkpt lat="44.93591" lon="5.82274">
        <ele>965</ele>
        <time>2025-04-18T21:10:30+00:00</time>
      </trkpt>
      <trkpt lat="44.93595" lon="5.82248">
        <ele>963</ele>
        <time>2025-04-18T21:10:33+00:00</time>
      </trkpt>
      <trkpt lat="44.936" lon="5.82218">
        <ele>962</ele>
        <time>2025-04-18T21:10:36+00:00</time>
      </trkpt>
      <trkpt lat="44.93611" lon="5.82169">
        <ele>962</ele>
        <time>2025-04-18T21:10:39+00:00</time>
      </trkpt>
      <trkpt lat="44.93621" lon="5.82141">
        <ele>962</ele>
        <time>2025-04-18T21:10:42+00:00</time>
      </trkpt>
      <trkpt lat="44.93628" lon="5.82113">
        <ele>963</ele>
        <time>2025-04-18T21:10:45+00:00</time>
      </trkpt>
      <trkpt lat="44.93632" lon="5.82059">
        <ele>965</ele>
        <time>2025-04-18T21:10:48+00:00</time>
      </trkpt>
      <trkpt lat="44.93638" lon="5.82032">
        <ele>965</ele>
        <time>2025-04-18T21:10:51+00:00</time>
      </trkpt>
      <trkpt lat="44.93647" lon="5.82004">
        <ele>966</ele>
        <time>2025-04-18T21:10:54+00:00</time>
      </trkpt>
      <trkpt lat="44.9365" lon="5.8199">
        <ele>965</ele>
        <time>2025-04-18T21:10:57+00:00</time>
      </trkpt>
      <trkpt lat="44.93665" lon="5.81962">
        <ele>967</ele>
        <time>2025-04-18T21:11:00+00:00</time>
      </trkpt>
      <trkpt lat="44.93682" lon="5.81935">
        <ele>967</ele>
        <time>2025-04-18T21:11:03+00:00</time>
      </trkpt>
      <trkpt lat="44.93701" lon="5.81905">
        <ele>965</ele>
        <time>2025-04-18T21:11:06+00:00</time>
      </trkpt>
      <trkpt lat="44.93724" lon="5.81862">
        <ele>962</ele>
        <time>2025-04-18T21:11:09+00:00</time>
      </trkpt>
      <trkpt lat="44.93748" lon="5.81818">
        <ele>961</ele>
        <time>2025-04-18T21:11:12+00:00</time>
      </trkpt>
      <trkpt lat="44.93771" lon="5.81775">
        <ele>960</ele>
        <time>2025-04-18T21:11:15+00:00</time>
      </trkpt>
      <trkpt lat="44.93795" lon="5.81732">
        <ele>960</ele>
        <time>2025-04-18T21:11:18+00:00</time>
      </trkpt>
      <trkpt lat="44.93809" lon="5.81705">
        <ele>960</ele>
        <time>2025-04-18T21:11:21+00:00</time>
      </trkpt>
      <trkpt lat="44.93824" lon="5.81678">
        <ele>961</ele>
        <time>2025-04-18T21:11:24+00:00</time>
      </trkpt>
      <trkpt lat="44.93828" lon="5.81668">
        <ele>961</ele>
        <time>2025-04-18T21:11:27+00:00</time>
      </trkpt>
      <trkpt lat="44.93831" lon="5.81654">
        <ele>962</ele>
        <time>2025-04-18T21:11:30+00:00</time>
      </trkpt>
      <trkpt lat="44.93833" lon="5.81621">
        <ele>961</ele>
        <time>2025-04-18T21:11:33+00:00</time>
      </trkpt>
      <trkpt lat="44.93836" lon="5.81562">
        <ele>960</ele>
        <time>2025-04-18T21:11:36+00:00</time>
      </trkpt>
      <trkpt lat="44.93839" lon="5.81522">
        <ele>960</ele>
        <time>2025-04-18T21:11:39+00:00</time>
      </trkpt>
      <trkpt lat="44.93843" lon="5.81463">
        <ele>960</ele>
        <time>2025-04-18T21:11:42+00:00</time>
      </trkpt>
      <trkpt lat="44.93845" lon="5.81455">
        <ele>960</ele>
        <time>2025-04-18T21:11:45+00:00</time>
      </trkpt>
      <trkpt lat="44.9385" lon="5.81445">
        <ele>961</ele>
        <time>2025-04-18T21:11:48+00:00</time>
      </trkpt>
      <trkpt lat="44.93859" lon="5.8143">
        <ele>961</ele>
        <time>2025-04-18T21:11:51+00:00</time>
      </trkpt>
      <trkpt lat="44.93861" lon="5.81424">
        <ele>962</ele>
        <time>2025-04-18T21:11:54+00:00</time>
      </trkpt>
      <trkpt lat="44.93863" lon="5.81409">
        <ele>962</ele>
        <time>2025-04-18T21:11:57+00:00</time>
      </trkpt>
      <trkpt lat="44.9386" lon="5.81384">
        <ele>962</ele>
        <time>2025-04-18T21:12:00+00:00</time>
      </trkpt>
      <trkpt lat="44.93857" lon="5.81357">
        <ele>962</ele>
        <time>2025-04-18T21:12:03+00:00</time>
      </trkpt>
      <trkpt lat="44.93849" lon="5.8131">
        <ele>962</ele>
        <time>2025-04-18T21:12:06+00:00</time>
      </trkpt>
      <trkpt lat="44.93828" lon="5.81262">
        <ele>964</ele>
        <time>2025-04-18T21:12:09+00:00</time>
      </trkpt>
      <trkpt lat="44.938" lon="5.81212">
        <ele>964</ele>
        <time>2025-04-18T21:12:12+00:00</time>
      </trkpt>
      <trkpt lat="44.93769" lon="5.81167">
        <ele>965</ele>
        <time>2025-04-18T21:12:15+00:00</time>
      </trkpt>
      <trkpt lat="44.93764" lon="5.81154">
        <ele>966</ele>
        <time>2025-04-18T21:12:18+00:00</time>
      </trkpt>
      <trkpt lat="44.93757" lon="5.81126">
        <ele>967</ele>
        <time>2025-04-18T21:12:21+00:00</time>
      </trkpt>
      <trkpt lat="44.93754" lon="5.81105">
        <ele>967</ele>
        <time>2025-04-18T21:12:24+00:00</time>
      </trkpt>
      <trkpt lat="44.93752" lon="5.8108">
        <ele>967</ele>
        <time>2025-04-18T21:12:27+00:00</time>
      </trkpt>
      <trkpt lat="44.93749" lon="5.81054">
        <ele>967</ele>
        <time>2025-04-18T21:12:30+00:00</time>
      </trkpt>
      <trkpt lat="44.9374" lon="5.81021">
        <ele>967</ele>
        <time>2025-04-18T21:12:33+00:00</time>
      </trkpt>
      <trkpt lat="44.9373" lon="5.80985">
        <ele>966</ele>
        <time>2025-04-18T21:12:36+00:00</time>
      </trkpt>
      <trkpt lat="44.93724" lon="5.80953">
        <ele>965</ele>
        <time>2025-04-18T21:12:39+00:00</time>
      </trkpt>
      <trkpt lat="44.93721" lon="5.8093">
        <ele>965</ele>
        <time>2025-04-18T21:12:42+00:00</time>
      </trkpt>
      <trkpt lat="44.93721" lon="5.80919">
        <ele>964</ele>
        <time>2025-04-18T21:12:45+00:00</time>
      </trkpt>
      <trkpt lat="44.93724" lon="5.8091">
        <ele>964</ele>
        <time>2025-04-18T21:12:48+00:00</time>
      </trkpt>
      <trkpt lat="44.93731" lon="5.80894">
        <ele>963</ele>
        <time>2025-04-18T21:12:51+00:00</time>
      </trkpt>
      <trkpt lat="44.93762" lon="5.80851">
        <ele>960</ele>
        <time>2025-04-18T21:12:54+00:00</time>
      </trkpt>
      <trkpt lat="44.93783" lon="5.80814">
        <ele>957</ele>
        <time>2025-04-18T21:12:57+00:00</time>
      </trkpt>
      <trkpt lat="44.93806" lon="5.80784">
        <ele>955</ele>
        <time>2025-04-18T21:13:00+00:00</time>
      </trkpt>
      <trkpt lat="44.93825" lon="5.80759">
        <ele>953</ele>
        <time>2025-04-18T21:13:03+00:00</time>
      </trkpt>
      <trkpt lat="44.93848" lon="5.80728">
        <ele>951</ele>
        <time>2025-04-18T21:13:06+00:00</time>
      </trkpt>
      <trkpt lat="44.93877" lon="5.80713">
        <ele>949</ele>
        <time>2025-04-18T21:13:09+00:00</time>
      </trkpt>
      <trkpt lat="44.93893" lon="5.80676">
        <ele>946</ele>
        <time>2025-04-18T21:13:12+00:00</time>
      </trkpt>
      <trkpt lat="44.93906" lon="5.80646">
        <ele>945</ele>
        <time>2025-04-18T21:13:15+00:00</time>
      </trkpt>
      <trkpt lat="44.93921" lon="5.80612">
        <ele>942</ele>
        <time>2025-04-18T21:13:18+00:00</time>
      </trkpt>
      <trkpt lat="44.93939" lon="5.80585">
        <ele>941</ele>
        <time>2025-04-18T21:13:21+00:00</time>
      </trkpt>
      <trkpt lat="44.93962" lon="5.80552">
        <ele>938</ele>
        <time>2025-04-18T21:13:24+00:00</time>
      </trkpt>
      <trkpt lat="44.93979" lon="5.80517">
        <ele>936</ele>
        <time>2025-04-18T21:13:27+00:00</time>
      </trkpt>
      <trkpt lat="44.93993" lon="5.80488">
        <ele>933</ele>
        <time>2025-04-18T21:13:30+00:00</time>
      </trkpt>
      <trkpt lat="44.94008" lon="5.80456">
        <ele>932</ele>
        <time>2025-04-18T21:13:33+00:00</time>
      </trkpt>
      <trkpt lat="44.94025" lon="5.80411">
        <ele>929</ele>
        <time>2025-04-18T21:13:36+00:00</time>
      </trkpt>
      <trkpt lat="44.94042" lon="5.80367">
        <ele>925</ele>
        <time>2025-04-18T21:13:39+00:00</time>
      </trkpt>
      <trkpt lat="44.94059" lon="5.80322">
        <ele>924</ele>
        <time>2025-04-18T21:13:42+00:00</time>
      </trkpt>
      <trkpt lat="44.94077" lon="5.80276">
        <ele>922</ele>
        <time>2025-04-18T21:13:45+00:00</time>
      </trkpt>
      <trkpt lat="44.94087" lon="5.80242">
        <ele>920</ele>
        <time>2025-04-18T21:13:48+00:00</time>
      </trkpt>
      <trkpt lat="44.941" lon="5.802">
        <ele>916</ele>
        <time>2025-04-18T21:13:51+00:00</time>
      </trkpt>
      <trkpt lat="44.94101" lon="5.80183">
        <ele>916</ele>
        <time>2025-04-18T21:13:54+00:00</time>
      </trkpt>
      <trkpt lat="44.94099" lon="5.80154">
        <ele>916</ele>
        <time>2025-04-18T21:13:57+00:00</time>
      </trkpt>
      <trkpt lat="44.94097" lon="5.80119">
        <ele>914</ele>
        <time>2025-04-18T21:14:00+00:00</time>
      </trkpt>
      <trkpt lat="44.94099" lon="5.80102">
        <ele>914</ele>
        <time>2025-04-18T21:14:03+00:00</time>
      </trkpt>
      <trkpt lat="44.94106" lon="5.8006">
        <ele>911</ele>
        <time>2025-04-18T21:14:06+00:00</time>
      </trkpt>
      <trkpt lat="44.94107" lon="5.80041">
        <ele>910</ele>
        <time>2025-04-18T21:14:09+00:00</time>
      </trkpt>
    </trkseg>
  </trk>
</gpx>
