<?xml version="1.0" encoding="utf-8"?><gpx creator="Garmin Desktop App" version="1.1" xsi:schemaLocation="http://www.topografix.com/GPX/1/1 http://www.topografix.com/GPX/1/1/gpx.xsd http://www.garmin.com/xmlschemas/WaypointExtension/v1 http://www8.garmin.com/xmlschemas/WaypointExtensionv1.xsd http://www.garmin.com/xmlschemas/TrackPointExtension/v1 http://www.garmin.com/xmlschemas/TrackPointExtensionv1.xsd http://www.garmin.com/xmlschemas/GpxExtensions/v3 http://www8.garmin.com/xmlschemas/GpxExtensionsv3.xsd http://www.garmin.com/xmlschemas/ActivityExtension/v1 http://www8.garmin.com/xmlschemas/ActivityExtensionv1.xsd http://www.garmin.com/xmlschemas/AdventuresExtensions/v1 http://www8.garmin.com/xmlschemas/AdventuresExtensionv1.xsd http://www.garmin.com/xmlschemas/PressureExtension/v1 http://www.garmin.com/xmlschemas/PressureExtensionv1.xsd http://www.garmin.com/xmlschemas/TripExtensions/v1 http://www.garmin.com/xmlschemas/TripExtensionsv1.xsd http://www.garmin.com/xmlschemas/TripMetaDataExtensions/v1 http://www.garmin.com/xmlschemas/TripMetaDataExtensionsv1.xsd http://www.garmin.com/xmlschemas/ViaPointTransportationModeExtensions/v1 http://www.garmin.com/xmlschemas/ViaPointTransportationModeExtensionsv1.xsd http://www.garmin.com/xmlschemas/CreationTimeExtension/v1 http://www.garmin.com/xmlschemas/CreationTimeExtensionsv1.xsd http://www.garmin.com/xmlschemas/AccelerationExtension/v1 http://www.garmin.com/xmlschemas/AccelerationExtensionv1.xsd http://www.garmin.com/xmlschemas/PowerExtension/v1 http://www.garmin.com/xmlschemas/PowerExtensionv1.xsd http://www.garmin.com/xmlschemas/VideoExtension/v1 http://www.garmin.com/xmlschemas/VideoExtensionv1.xsd" xmlns="http://www.topografix.com/GPX/1/1" xmlns:xsi="http://www.w3.org/2001/XMLSchema-instance" xmlns:wptx1="http://www.garmin.com/xmlschemas/WaypointExtension/v1" xmlns:gpxtrx="http://www.garmin.com/xmlschemas/GpxExtensions/v3" xmlns:gpxtpx="http://www.garmin.com/xmlschemas/TrackPointExtension/v1" xmlns:gpxx="http://www.garmin.com/xmlschemas/GpxExtensions/v3" xmlns:trp="http://www.garmin.com/xmlschemas/TripExtensions/v1" xmlns:adv="http://www.garmin.com/xmlschemas/AdventuresExtensions/v1" xmlns:prs="http://www.garmin.com/xmlschemas/PressureExtension/v1" xmlns:tmd="http://www.garmin.com/xmlschemas/TripMetaDataExtensions/v1" xmlns:vptm="http://www.garmin.com/xmlschemas/ViaPointTransportationModeExtensions/v1" xmlns:ctx="http://www.garmin.com/xmlschemas/CreationTimeExtension/v1" xmlns:gpxacc="http://www.garmin.com/xmlschemas/AccelerationExtension/v1" xmlns:gpxpx="http://www.garmin.com/xmlschemas/PowerExtension/v1" xmlns:vidx1="http://www.garmin.com/xmlschemas/VideoExtension/v1">

  <metadata>
    <link href="http://www.garmin.com">
      <text>Garmin International</text>
    </link>
    <time>2025-05-22T17:01:57Z</time>
    <bounds maxlat="42.838359978049994" maxlon="0.937180006876588" minlat="42.625489979982376" minlon="0.687410021200776" />
  </metadata>

  <trk>
    <name>ALTERNATIU VDA_2025_V0_</name>
    <link href="https://www.strava.com/routes/3360645162735679132" />
    <extensions>
      <gpxx:TrackExtension>
        <gpxx:DisplayColor>DarkGray</gpxx:DisplayColor>
      </gpxx:TrackExtension>
    </extensions>
    <trkseg>
      <trkpt lat="42.701260037720203" lon="0.798550033941865">
        <ele>971.05000000000007</ele>
      </trkpt>
      <trkpt lat="42.701379982754588" lon="0.798279969021678">
        <ele>971.07000000000005</ele>
      </trkpt>
      <trkpt lat="42.701539993286133" lon="0.798019962385297">
        <ele>971.62</ele>
      </trkpt>
      <trkpt lat="42.701909970492125" lon="0.797519981861115">
        <ele>972.09000000000015</ele>
      </trkpt>
      <trkpt lat="42.701850039884448" lon="0.797440018504858">
        <ele>972.23000000000002</ele>
      </trkpt>
      <trkpt lat="42.702299980446696" lon="0.796869965270162">
        <ele>971.83000000000004</ele>
      </trkpt>
      <trkpt lat="42.702310038730502" lon="0.796810034662485">
        <ele>971.83000000000004</ele>
      </trkpt>
      <trkpt lat="42.702439958229661" lon="0.79662999138236">
        <ele>971.43000000000006</ele>
      </trkpt>
      <trkpt lat="42.702450016513467" lon="0.796590009704232">
        <ele>971.29000000000008</ele>
      </trkpt>
      <trkpt lat="42.702290005981922" lon="0.796250039711595">
        <ele>973.35000000000002</ele>
      </trkpt>
      <trkpt lat="42.702180035412312" lon="0.796109978109598">
        <ele>973.84000000000003</ele>
      </trkpt>
      <trkpt lat="42.702129995450377" lon="0.795900011435151">
        <ele>974.45000000000005</ele>
      </trkpt>
      <trkpt lat="42.702009966596961" lon="0.795779982581735">
        <ele>975.20000000000005</ele>
      </trkpt>
      <trkpt lat="42.701820032671094" lon="0.79564000479877">
        <ele>976.83000000000004</ele>
      </trkpt>
      <trkpt lat="42.702050032094121" lon="0.795389972627163">
        <ele>976.18000000000006</ele>
      </trkpt>
      <trkpt lat="42.70222001709044" lon="0.795180005952716">
        <ele>975.91000000000008</ele>
      </trkpt>
      <trkpt lat="42.702250024303794" lon="0.795200038701296">
        <ele>975.98000000000002</ele>
      </trkpt>
      <trkpt lat="42.70256501622498" lon="0.794435022398829">
        <ele>976.54000000000008</ele>
      </trkpt>
      <trkpt lat="42.702880008146167" lon="0.793670006096363">
        <ele>977.99000000000001</ele>
      </trkpt>
      <trkpt lat="42.702989978715777" lon="0.793509995564818">
        <ele>978.66000000000008</ele>
      </trkpt>
      <trkpt lat="42.703019985929132" lon="0.793409999459982">
        <ele>978.66000000000008</ele>
      </trkpt>
      <trkpt lat="42.703049993142486" lon="0.793400024995208">
        <ele>978.69000000000005</ele>
      </trkpt>
      <trkpt lat="42.70310003310442" lon="0.793330036103725">
        <ele>978.97000000000014</ele>
      </trkpt>
      <trkpt lat="42.703110007569194" lon="0.793240014463663">
        <ele>978.97000000000014</ele>
      </trkpt>
      <trkpt lat="42.703070025891066" lon="0.793149992823601">
        <ele>979.49000000000001</ele>
      </trkpt>
      <trkpt lat="42.703159963712096" lon="0.79304002225399">
        <ele>979.7600000000001</ele>
      </trkpt>
      <trkpt lat="42.703560031950474" lon="0.792750008404255">
        <ele>982.95000000000005</ele>
      </trkpt>
      <trkpt lat="42.703630020841956" lon="0.792729975655675">
        <ele>982.95000000000005</ele>
      </trkpt>
      <trkpt lat="42.703879969194531" lon="0.792740033939481">
        <ele>984.00999999999999</ele>
      </trkpt>
      <trkpt lat="42.704130001366138" lon="0.792699968442321">
        <ele>986.82000000000005</ele>
      </trkpt>
      <trkpt lat="42.70439000800252" lon="0.792529983446002">
        <ele>988.49000000000012</ele>
      </trkpt>
      <trkpt lat="42.704850006848574" lon="0.792209962382913">
        <ele>990.06000000000006</ele>
      </trkpt>
      <trkpt lat="42.705029966309667" lon="0.792120024561882">
        <ele>989.93000000000006</ele>
      </trkpt>
      <trkpt lat="42.705474961549044" lon="0.792024973779917">
        <ele>990.35000000000002</ele>
      </trkpt>
      <trkpt lat="42.705920040607452" lon="0.791930006816983">
        <ele>991.00999999999999</ele>
      </trkpt>
      <trkpt lat="42.706279959529638" lon="0.791760021820664">
        <ele>991.22000000000003</ele>
      </trkpt>
      <trkpt lat="42.706850012764335" lon="0.791690032929182">
        <ele>991.22000000000003</ele>
      </trkpt>
      <trkpt lat="42.706980016082525" lon="0.791720040142536">
        <ele>991.27999999999997</ele>
      </trkpt>
      <trkpt lat="42.707359967753291" lon="0.791920032352209">
        <ele>994.69000000000005</ele>
      </trkpt>
      <trkpt lat="42.70754998549819" lon="0.791960014030337">
        <ele>996.71000000000004</ele>
      </trkpt>
      <trkpt lat="42.707559959962964" lon="0.791849959641695">
        <ele>998.7600000000001</ele>
      </trkpt>
      <trkpt lat="42.707530036568642" lon="0.791670000180602">
        <ele>1002.1800000000001</ele>
      </trkpt>
      <trkpt lat="42.70757001824677" lon="0.791490040719509">
        <ele>1005.8500000000001</ele>
      </trkpt>
      <trkpt lat="42.707640007138252" lon="0.791370011866093">
        <ele>1008.4300000000002</ele>
      </trkpt>
      <trkpt lat="42.707779984921217" lon="0.791240008547902">
        <ele>1011.1100000000001</ele>
      </trkpt>
      <trkpt lat="42.707830024883151" lon="0.790919987484813">
        <ele>1020.8000000000002</ele>
      </trkpt>
      <trkpt lat="42.707890039309859" lon="0.790929961949587">
        <ele>1023.29</ele>
      </trkpt>
      <trkpt lat="42.708009984344244" lon="0.790520003065467">
        <ele>1028.1100000000001</ele>
      </trkpt>
      <trkpt lat="42.70800000987947" lon="0.790129993110895">
        <ele>1028.8199999999999</ele>
      </trkpt>
      <trkpt lat="42.707960028201342" lon="0.789760015904903">
        <ele>1033.0000000000002</ele>
      </trkpt>
      <trkpt lat="42.707849973812699" lon="0.789630012586713">
        <ele>1036.8200000000002</ele>
      </trkpt>
      <trkpt lat="42.707890039309859" lon="0.789439994841814">
        <ele>1039.1000000000001</ele>
      </trkpt>
      <trkpt lat="42.707870006561279" lon="0.789289958775043">
        <ele>1045.29</ele>
      </trkpt>
      <trkpt lat="42.707789959385991" lon="0.789030035957694">
        <ele>1048.9100000000001</ele>
      </trkpt>
      <trkpt lat="42.707800017669797" lon="0.789010003209114">
        <ele>1048.9100000000001</ele>
      </trkpt>
      <trkpt lat="42.707619974389672" lon="0.788789978250861">
        <ele>1050.72</ele>
      </trkpt>
      <trkpt lat="42.707479996606708" lon="0.788640026003122">
        <ele>1051.6800000000001</ele>
      </trkpt>
      <trkpt lat="42.707259971648455" lon="0.78855000436306">
        <ele>1054.0500000000002</ele>
      </trkpt>
      <trkpt lat="42.706920001655817" lon="0.788310030475259">
        <ele>1055.53</ele>
      </trkpt>
      <trkpt lat="42.706380039453506" lon="0.788250016048551">
        <ele>1057.53</ele>
      </trkpt>
      <trkpt lat="42.706130007281899" lon="0.788190001621842">
        <ele>1060.95</ele>
      </trkpt>
      <trkpt lat="42.705920040607452" lon="0.788069972768426">
        <ele>1063.1500000000001</ele>
      </trkpt>
      <trkpt lat="42.705890033394098" lon="0.787969976663589">
        <ele>1065.45</ele>
      </trkpt>
      <trkpt lat="42.706020036712289" lon="0.787790017202497">
        <ele>1071.8299999999999</ele>
      </trkpt>
      <trkpt lat="42.706199996173382" lon="0.78766998834908">
        <ele>1074.2200000000003</ele>
      </trkpt>
      <trkpt lat="42.706680027768016" lon="0.787160033360124">
        <ele>1092.0500000000002</ele>
      </trkpt>
      <trkpt lat="42.706350032240152" lon="0.78668000176549">
        <ele>1107.28</ele>
      </trkpt>
      <trkpt lat="42.706190021708608" lon="0.78638001345098">
        <ele>1114</ele>
      </trkpt>
      <trkpt lat="42.706250036135316" lon="0.786199970170856">
        <ele>1115.99</ele>
      </trkpt>
      <trkpt lat="42.706179963424802" lon="0.786120006814599">
        <ele>1117.72</ele>
      </trkpt>
      <trkpt lat="42.706169988960028" lon="0.786069966852665">
        <ele>1117.72</ele>
      </trkpt>
      <trkpt lat="42.706109974533319" lon="0.786050017923117">
        <ele>1119.9800000000002</ele>
      </trkpt>
      <trkpt lat="42.706120032817125" lon="0.785959996283054">
        <ele>1120.7900000000002</ele>
      </trkpt>
      <trkpt lat="42.706079967319965" lon="0.785910040140152">
        <ele>1122.5699999999999</ele>
      </trkpt>
      <trkpt lat="42.706100000068545" lon="0.785680040717125">
        <ele>1125.3900000000001</ele>
      </trkpt>
      <trkpt lat="42.705930015072227" lon="0.785550037398934">
        <ele>1127.5700000000002</ele>
      </trkpt>
      <trkpt lat="42.705930015072227" lon="0.785290030762553">
        <ele>1131.4400000000001</ele>
      </trkpt>
      <trkpt lat="42.70567998290062" lon="0.785079980269074">
        <ele>1136.8800000000001</ele>
      </trkpt>
      <trkpt lat="42.705649975687265" lon="0.785019965842366">
        <ele>1137.79</ele>
      </trkpt>
      <trkpt lat="42.705619968473911" lon="0.784600032493472">
        <ele>1145.3</ele>
      </trkpt>
      <trkpt lat="42.705730022862554" lon="0.78405998647213">
        <ele>1151.1600000000001</ele>
      </trkpt>
      <trkpt lat="42.705640001222491" lon="0.783360013738275">
        <ele>1160.3800000000001</ele>
      </trkpt>
      <trkpt lat="42.70567998290062" lon="0.783019959926605">
        <ele>1165.48</ele>
      </trkpt>
      <trkpt lat="42.705600019544363" lon="0.782789960503578">
        <ele>1168.3700000000001</ele>
      </trkpt>
      <trkpt lat="42.7052700240165" lon="0.782489972189069">
        <ele>1178.28</ele>
      </trkpt>
      <trkpt lat="42.705180002376437" lon="0.782349994406104">
        <ele>1182.4200000000001</ele>
      </trkpt>
      <trkpt lat="42.705100039020181" lon="0.782270031049848">
        <ele>1182.4200000000001</ele>
      </trkpt>
      <trkpt lat="42.705330038443208" lon="0.781350033357739">
        <ele>1208.6100000000001</ele>
      </trkpt>
      <trkpt lat="42.705370020121336" lon="0.781039986759424">
        <ele>1212.3900000000001</ele>
      </trkpt>
      <trkpt lat="42.705349987372756" lon="0.78060002066195">
        <ele>1223.4300000000001</ele>
      </trkpt>
      <trkpt lat="42.705279998481274" lon="0.780419977381825">
        <ele>1225.8200000000002</ele>
      </trkpt>
      <trkpt lat="42.7052700240165" lon="0.779650015756488">
        <ele>1239.1000000000001</ele>
      </trkpt>
      <trkpt lat="42.70522995851934" lon="0.779529986903071">
        <ele>1241.5900000000001</ele>
      </trkpt>
      <trkpt lat="42.705210009589791" lon="0.779179958626628">
        <ele>1246.46</ele>
      </trkpt>
      <trkpt lat="42.705059973523021" lon="0.778999999165535">
        <ele>1252.5900000000001</ele>
      </trkpt>
      <trkpt lat="42.70495000295341" lon="0.77840999700129">
        <ele>1265.7800000000002</ele>
      </trkpt>
      <trkpt lat="42.704829974099994" lon="0.7782799936831">
        <ele>1265.7800000000002</ele>
      </trkpt>
      <trkpt lat="42.704769959673285" lon="0.778029961511493">
        <ele>1274.6500000000001</ele>
      </trkpt>
      <trkpt lat="42.704759985208511" lon="0.777810020372272">
        <ele>1274.6500000000001</ele>
      </trkpt>
      <trkpt lat="42.704689996317029" lon="0.777729973196983">
        <ele>1279.9100000000001</ele>
      </trkpt>
      <trkpt lat="42.704459996894002" lon="0.777740031480789">
        <ele>1283.4500000000003</ele>
      </trkpt>
      <trkpt lat="42.704429989680648" lon="0.777759980410337">
        <ele>1283.4500000000003</ele>
      </trkpt>
      <trkpt lat="42.704429989680648" lon="0.777489999309182">
        <ele>1286</ele>
      </trkpt>
      <trkpt lat="42.704450022429228" lon="0.777339963242412">
        <ele>1287.6200000000001</ele>
      </trkpt>
      <trkpt lat="42.704529985785484" lon="0.777080040425062">
        <ele>1289.8700000000001</ele>
      </trkpt>
      <trkpt lat="42.70452001132071" lon="0.777039974927902">
        <ele>1290.3800000000001</ele>
      </trkpt>
      <trkpt lat="42.704469971358776" lon="0.776979960501194">
        <ele>1290.8500000000001</ele>
      </trkpt>
      <trkpt lat="42.70439000800252" lon="0.77696998603642">
        <ele>1291.6900000000001</ele>
      </trkpt>
      <trkpt lat="42.704320019111037" lon="0.777050033211708">
        <ele>1292.0500000000002</ele>
      </trkpt>
      <trkpt lat="42.704220023006201" lon="0.778059968724847">
        <ele>1298.7900000000002</ele>
      </trkpt>
      <trkpt lat="42.704130001366138" lon="0.777729973196983">
        <ele>1305.3900000000001</ele>
      </trkpt>
      <trkpt lat="42.704160008579493" lon="0.777380028739572">
        <ele>1310.6200000000001</ele>
      </trkpt>
      <trkpt lat="42.704169983044267" lon="0.776950037106872">
        <ele>1316.2500000000002</ele>
      </trkpt>
      <trkpt lat="42.704139975830913" lon="0.776779968291521">
        <ele>1320.9300000000001</ele>
      </trkpt>
      <trkpt lat="42.704060012474656" lon="0.776600008830428">
        <ele>1324.2800000000002</ele>
      </trkpt>
      <trkpt lat="42.703809980303049" lon="0.776249980553985">
        <ele>1334.45</ele>
      </trkpt>
      <trkpt lat="42.703719958662987" lon="0.776070021092892">
        <ele>1338.71</ele>
      </trkpt>
      <trkpt lat="42.703739991411567" lon="0.776000032201409">
        <ele>1338.71</ele>
      </trkpt>
      <trkpt lat="42.703820038586855" lon="0.775929959490895">
        <ele>1338.71</ele>
      </trkpt>
      <trkpt lat="42.704160008579493" lon="0.775699960067868">
        <ele>1346.8200000000002</ele>
      </trkpt>
      <trkpt lat="42.703849961981177" lon="0.775120016187429">
        <ele>1362.9000000000001</ele>
      </trkpt>
      <trkpt lat="42.703479984775186" lon="0.774119971320033">
        <ele>1384.1900000000001</ele>
      </trkpt>
      <trkpt lat="42.703409995883703" lon="0.77295002527535">
        <ele>1406.9400000000001</ele>
      </trkpt>
      <trkpt lat="42.703419970348477" lon="0.772959999740124">
        <ele>1406.9400000000001</ele>
      </trkpt>
      <trkpt lat="42.703409995883703" lon="0.77295002527535">
        <ele>1406.9400000000001</ele>
      </trkpt>
      <trkpt lat="42.703990023583174" lon="0.77351002022624">
        <ele>1424.5899999999999</ele>
      </trkpt>
      <trkpt lat="42.704480029642582" lon="0.773714957758784">
        <ele>1429.0500000000002</ele>
      </trkpt>
      <trkpt lat="42.70497003570199" lon="0.77391997911036">
        <ele>1432.9300000000001</ele>
      </trkpt>
      <trkpt lat="42.705700015649199" lon="0.774109996855259">
        <ele>1436.5</ele>
      </trkpt>
      <trkpt lat="42.706175018101931" lon="0.773989968001843">
        <ele>1438.0700000000002</ele>
      </trkpt>
      <trkpt lat="42.706650020554662" lon="0.773870022967458">
        <ele>1440.7</ele>
      </trkpt>
      <trkpt lat="42.707189982756972" lon="0.773480013012886">
        <ele>1460.6800000000001</ele>
      </trkpt>
      <trkpt lat="42.707479996606708" lon="0.773680005222559">
        <ele>1471.2200000000003</ele>
      </trkpt>
      <trkpt lat="42.707919962704182" lon="0.773139959201217">
        <ele>1502.1500000000001</ele>
      </trkpt>
      <trkpt lat="42.708320030942559" lon="0.774189960211515">
        <ele>1524.0600000000002</ele>
      </trkpt>
      <trkpt lat="42.708929982036352" lon="0.774409985169768">
        <ele>1552.9100000000003</ele>
      </trkpt>
      <trkpt lat="42.70896996371448" lon="0.77439003624022">
        <ele>1552.9100000000003</ele>
      </trkpt>
      <trkpt lat="42.709219995886087" lon="0.774409985169768">
        <ele>1560.8600000000001</ele>
      </trkpt>
      <trkpt lat="42.709449995309114" lon="0.774590028449893">
        <ele>1569.4400000000001</ele>
      </trkpt>
      <trkpt lat="42.709710001945496" lon="0.774739980697632">
        <ele>1584.8700000000001</ele>
      </trkpt>
      <trkpt lat="42.709800023585558" lon="0.774720031768084">
        <ele>1588.1300000000001</ele>
      </trkpt>
      <trkpt lat="42.709930026903749" lon="0.774769987910986">
        <ele>1592.3900000000001</ele>
      </trkpt>
      <trkpt lat="42.709970008581877" lon="0.774750038981438">
        <ele>1592.3900000000001</ele>
      </trkpt>
      <trkpt lat="42.710009990260005" lon="0.774660017341375">
        <ele>1595.29</ele>
      </trkpt>
      <trkpt lat="42.710060030221939" lon="0.774319963529706">
        <ele>1603.5000000000002</ele>
      </trkpt>
      <trkpt lat="42.710200008004904" lon="0.773674976080656">
        <ele>1623.01</ele>
      </trkpt>
      <trkpt lat="42.710339985787868" lon="0.773029988631606">
        <ele>1640.5600000000002</ele>
      </trkpt>
      <trkpt lat="42.710390025749803" lon="0.772809963673353">
        <ele>1634.8</ele>
      </trkpt>
      <trkpt lat="42.71072999574244" lon="0.772980032488704">
        <ele>1642.1000000000001</ele>
      </trkpt>
      <trkpt lat="42.710690014064312" lon="0.772860003635287">
        <ele>1644.0500000000002</ele>
      </trkpt>
      <trkpt lat="42.710760002955794" lon="0.772780040279031">
        <ele>1647.6900000000001</ele>
      </trkpt>
      <trkpt lat="42.710850024595857" lon="0.772809963673353">
        <ele>1647.6900000000001</ele>
      </trkpt>
      <trkpt lat="42.71105001680553" lon="0.772829996421933">
        <ele>1653.1200000000001</ele>
      </trkpt>
      <trkpt lat="42.711199969053268" lon="0.772980032488704">
        <ele>1653.25</ele>
      </trkpt>
      <trkpt lat="42.711299965158105" lon="0.77295002527535">
        <ele>1655.22</ele>
      </trkpt>
      <trkpt lat="42.711410019546747" lon="0.773010039702058">
        <ele>1655.6900000000001</ele>
      </trkpt>
      <trkpt lat="42.711519990116358" lon="0.773029988631606">
        <ele>1656.8200000000002</ele>
      </trkpt>
      <trkpt lat="42.71161001175642" lon="0.773110035806894">
        <ele>1656.1600000000001</ele>
      </trkpt>
      <trkpt lat="42.711710007861257" lon="0.773340035229921">
        <ele>1653.2600000000002</ele>
      </trkpt>
      <trkpt lat="42.711810003966093" lon="0.773410024121404">
        <ele>1653.2000000000003</ele>
      </trkpt>
      <trkpt lat="42.71191000007093" lon="0.773389991372824">
        <ele>1653.9200000000001</ele>
      </trkpt>
      <trkpt lat="42.711970014497638" lon="0.77348998747766">
        <ele>1653.28</ele>
      </trkpt>
      <trkpt lat="42.712170006707311" lon="0.773580009117723">
        <ele>1648.4800000000002</ele>
      </trkpt>
      <trkpt lat="42.712260028347373" lon="0.773280020803213">
        <ele>1652.4200000000003</ele>
      </trkpt>
      <trkpt lat="42.71244996227324" lon="0.772839970886707">
        <ele>1661.24</ele>
      </trkpt>
      <trkpt lat="42.712590023875237" lon="0.772149972617626">
        <ele>1667.3500000000001</ele>
      </trkpt>
      <trkpt lat="42.712760008871555" lon="0.771649992093444">
        <ele>1666.74</ele>
      </trkpt>
      <trkpt lat="42.713029989972711" lon="0.771679999306798">
        <ele>1663.6900000000001</ele>
      </trkpt>
      <trkpt lat="42.713208524510264" lon="0.771669438108802">
        <ele>1662.3300000000002</ele>
      </trkpt>
      <trkpt lat="42.713365769013762" lon="0.771678071469069">
        <ele>1661.0699999999999</ele>
      </trkpt>
      <trkpt lat="42.713466351851821" lon="0.771643789485097">
        <ele>1659.4700000000003</ele>
      </trkpt>
      <trkpt lat="42.713560648262501" lon="0.771592324599624">
        <ele>1659.04</ele>
      </trkpt>
      <trkpt lat="42.713629798963666" lon="0.771558042615652">
        <ele>1656.3700000000001</ele>
      </trkpt>
      <trkpt lat="42.713692747056484" lon="0.771429380401969">
        <ele>1654.5900000000001</ele>
      </trkpt>
      <trkpt lat="42.713787043467164" lon="0.771326450631022">
        <ele>1649.2700000000002</ele>
      </trkpt>
      <trkpt lat="42.713875053450465" lon="0.771249337121844">
        <ele>1649.2300000000002</ele>
      </trkpt>
      <trkpt lat="42.713963147252798" lon="0.771266436204314">
        <ele>1649.5700000000002</ele>
      </trkpt>
      <trkpt lat="42.714051157236099" lon="0.771343633532524">
        <ele>1651.5600000000002</ele>
      </trkpt>
      <trkpt lat="42.714132880792022" lon="0.771386465057731">
        <ele>1650.1400000000001</ele>
      </trkpt>
      <trkpt lat="42.714202031493187" lon="0.771386465057731">
        <ele>1645.8100000000002</ele>
      </trkpt>
      <trkpt lat="42.714264979586005" lon="0.771377915516496">
        <ele>1643.8600000000001</ele>
      </trkpt>
      <trkpt lat="42.714352989569306" lon="0.771386465057731">
        <ele>1642.6900000000003</ele>
      </trkpt>
      <trkpt lat="42.714459858834743" lon="0.771369365975261">
        <ele>1641.1600000000001</ele>
      </trkpt>
      <trkpt lat="42.71452272310853" lon="0.771377915516496">
        <ele>1639.5400000000002</ele>
      </trkpt>
      <trkpt lat="42.714560022577643" lon="0.771410018205643">
        <ele>1638</ele>
      </trkpt>
      <trkpt lat="42.714750040322542" lon="0.771459974348545">
        <ele>1639.1900000000001</ele>
      </trkpt>
      <trkpt lat="42.714890018105507" lon="0.77161998488009">
        <ele>1638.95</ele>
      </trkpt>
      <trkpt lat="42.714960006996989" lon="0.771819977089763">
        <ele>1633.9000000000001</ele>
      </trkpt>
      <trkpt lat="42.714969981461763" lon="0.77204997651279">
        <ele>1631.1400000000001</ele>
      </trkpt>
      <trkpt lat="42.714860010892153" lon="0.772290034219623">
        <ele>1628.1700000000001</ele>
      </trkpt>
      <trkpt lat="42.714669993147254" lon="0.773299969732761">
        <ele>1617.5300000000002</ele>
      </trkpt>
      <trkpt lat="42.714600004255772" lon="0.773459980264306">
        <ele>1614.72</ele>
      </trkpt>
      <trkpt lat="42.714560022577643" lon="0.773759968578815">
        <ele>1608.21</ele>
      </trkpt>
      <trkpt lat="42.714579971507192" lon="0.774010000750422">
        <ele>1604.5699999999999</ele>
      </trkpt>
      <trkpt lat="42.714620037004352" lon="0.774140004068613">
        <ele>1603.3100000000002</ele>
      </trkpt>
      <trkpt lat="42.714669993147254" lon="0.774179985746741">
        <ele>1603.3100000000002</ele>
      </trkpt>
      <trkpt lat="42.714779963716865" lon="0.774130029603839">
        <ele>1601.0799999999999</ele>
      </trkpt>
      <trkpt lat="42.714899992570281" lon="0.774160036817193">
        <ele>1598.8399999999999</ele>
      </trkpt>
      <trkpt lat="42.71509001031518" lon="0.773770026862621">
        <ele>1598.1600000000001</ele>
      </trkpt>
      <trkpt lat="42.71519998088479" lon="0.773589983582497">
        <ele>1598.5200000000002</ele>
      </trkpt>
      <trkpt lat="42.715359991416335" lon="0.773419998586178">
        <ele>1598.8900000000001</ele>
      </trkpt>
      <trkpt lat="42.715780008584261" lon="0.772730000317097">
        <ele>1599.7</ele>
      </trkpt>
      <trkpt lat="42.715980000793934" lon="0.772209987044334">
        <ele>1600.4900000000002</ele>
      </trkpt>
      <trkpt lat="42.716070022433996" lon="0.77207000926137">
        <ele>1600.6100000000001</ele>
      </trkpt>
      <trkpt lat="42.716179993003607" lon="0.771960038691759">
        <ele>1601.1600000000001</ele>
      </trkpt>
      <trkpt lat="42.716279989108443" lon="0.771810002624989">
        <ele>1609.6500000000001</ele>
      </trkpt>
      <trkpt lat="42.716000033542514" lon="0.771380010992289">
        <ele>1616.6600000000001</ele>
      </trkpt>
      <trkpt lat="42.715800041332841" lon="0.771299963817">
        <ele>1621.1900000000001</ele>
      </trkpt>
      <trkpt lat="42.715310035273433" lon="0.771250007674098">
        <ele>1630.8200000000002</ele>
      </trkpt>
      <trkpt lat="42.715190006420016" lon="0.771050015464425">
        <ele>1634.0700000000002</ele>
      </trkpt>
      <trkpt lat="42.715159999206662" lon="0.770790008828044">
        <ele>1635.3700000000001</ele>
      </trkpt>
      <trkpt lat="42.715020021423697" lon="0.7704399805516">
        <ele>1638.53</ele>
      </trkpt>
      <trkpt lat="42.714839978143573" lon="0.770220039412379">
        <ele>1642.53</ele>
      </trkpt>
      <trkpt lat="42.714720033109188" lon="0.770019963383675">
        <ele>1637.6800000000001</ele>
      </trkpt>
      <trkpt lat="42.714999988675117" lon="0.769689967855811">
        <ele>1639.5900000000001</ele>
      </trkpt>
      <trkpt lat="42.71554003469646" lon="0.769150005653501">
        <ele>1645.8600000000001</ele>
      </trkpt>
      <trkpt lat="42.715780008584261" lon="0.768859991803765">
        <ele>1646.53</ele>
      </trkpt>
      <trkpt lat="42.715959968045354" lon="0.768539970740676">
        <ele>1646.3200000000002</ele>
      </trkpt>
      <trkpt lat="42.716070022433996" lon="0.768109979107976">
        <ele>1647.8000000000002</ele>
      </trkpt>
      <trkpt lat="42.716360036283731" lon="0.767500028014183">
        <ele>1656.6900000000003</ele>
      </trkpt>
      <trkpt lat="42.716669999063015" lon="0.76728000305593">
        <ele>1661.1000000000001</ele>
      </trkpt>
      <trkpt lat="42.716769995167851" lon="0.767229963093996">
        <ele>1661.72</ele>
      </trkpt>
      <trkpt lat="42.716909972950816" lon="0.767229963093996">
        <ele>1662.0599999999999</ele>
      </trkpt>
      <trkpt lat="42.717060009017587" lon="0.76712996698916">
        <ele>1662.6800000000001</ele>
      </trkpt>
      <trkpt lat="42.717250026762486" lon="0.766929974779487">
        <ele>1663.0600000000002</ele>
      </trkpt>
      <trkpt lat="42.717559989541769" lon="0.766490008682013">
        <ele>1664.74</ele>
      </trkpt>
      <trkpt lat="42.717899959534407" lon="0.766139980405569">
        <ele>1668.7</ele>
      </trkpt>
      <trkpt lat="42.718029962852597" lon="0.765800010412931">
        <ele>1672.4300000000001</ele>
      </trkpt>
      <trkpt lat="42.718179998919368" lon="0.76551997102797">
        <ele>1675.52</ele>
      </trkpt>
      <trkpt lat="42.71824998781085" lon="0.765100037679076">
        <ele>1679.0699999999999</ele>
      </trkpt>
      <trkpt lat="42.718760026618838" lon="0.764320017769933">
        <ele>1678.8299999999999</ele>
      </trkpt>
      <trkpt lat="42.718839989975095" lon="0.764109967276454">
        <ele>1677.8400000000001</ele>
      </trkpt>
      <trkpt lat="42.718939986079931" lon="0.763760022819042">
        <ele>1677.2900000000002</ele>
      </trkpt>
      <trkpt lat="42.718969993293285" lon="0.763279991224408">
        <ele>1677.8400000000001</ele>
      </trkpt>
      <trkpt lat="42.718949960544705" lon="0.763079999014735">
        <ele>1678.5700000000002</ele>
      </trkpt>
      <trkpt lat="42.719030007719994" lon="0.762099986895919">
        <ele>1679.5000000000002</ele>
      </trkpt>
      <trkpt lat="42.719099996611476" lon="0.761980041861534">
        <ele>1679.5000000000002</ele>
      </trkpt>
      <trkpt lat="42.719190018251538" lon="0.761939976364374">
        <ele>1679.5600000000002</ele>
      </trkpt>
      <trkpt lat="42.719260007143021" lon="0.761779965832829">
        <ele>1680.0400000000002</ele>
      </trkpt>
      <trkpt lat="42.719299988821149" lon="0.761579973623157">
        <ele>1680.23</ele>
      </trkpt>
      <trkpt lat="42.719360003247857" lon="0.761439995840192">
        <ele>1681.2900000000002</ele>
      </trkpt>
      <trkpt lat="42.719480032101274" lon="0.761270010843873">
        <ele>1681.5900000000001</ele>
      </trkpt>
      <trkpt lat="42.71955999545753" lon="0.761019978672266">
        <ele>1681.3699999999999</ele>
      </trkpt>
      <trkpt lat="42.71958002820611" lon="0.760540030896664">
        <ele>1679.7900000000002</ele>
      </trkpt>
      <trkpt lat="42.719639958813787" lon="0.760180028155446">
        <ele>1678.1500000000001</ele>
      </trkpt>
      <trkpt lat="42.719620009884238" lon="0.759669989347458">
        <ele>1676.3800000000001</ele>
      </trkpt>
      <trkpt lat="42.719729980453849" lon="0.75930998660624">
        <ele>1675.0600000000002</ele>
      </trkpt>
      <trkpt lat="42.719780020415783" lon="0.75890002772212">
        <ele>1673.8800000000001</ele>
      </trkpt>
      <trkpt lat="42.719940030947328" lon="0.758670028299093">
        <ele>1672.7500000000002</ele>
      </trkpt>
      <trkpt lat="42.720129964873195" lon="0.758269960060716">
        <ele>1671.1700000000001</ele>
      </trkpt>
      <trkpt lat="42.720310008153319" lon="0.758080026134849">
        <ele>1669.8100000000002</ele>
      </trkpt>
      <trkpt lat="42.720449985936284" lon="0.757769979536533">
        <ele>1667.8300000000002</ele>
      </trkpt>
      <trkpt lat="42.720700018107891" lon="0.757349962368608">
        <ele>1666.9300000000003</ele>
      </trkpt>
      <trkpt lat="42.720779981464148" lon="0.757079981267452">
        <ele>1666.98</ele>
      </trkpt>
      <trkpt lat="42.720779981464148" lon="0.75671000406146">
        <ele>1667.1500000000001</ele>
      </trkpt>
      <trkpt lat="42.720819963142276" lon="0.756429964676499">
        <ele>1667.01</ele>
      </trkpt>
      <trkpt lat="42.720960024744272" lon="0.756050013005733">
        <ele>1666.3800000000001</ele>
      </trkpt>
      <trkpt lat="42.720949966460466" lon="0.755680035799742">
        <ele>1666.1900000000001</ele>
      </trkpt>
      <trkpt lat="42.721009980887175" lon="0.755330007523298">
        <ele>1665.6200000000001</ele>
      </trkpt>
      <trkpt lat="42.721130009740591" lon="0.755039993673563">
        <ele>1664.8700000000001</ele>
      </trkpt>
      <trkpt lat="42.721209973096848" lon="0.754700023680925">
        <ele>1664.2800000000002</ele>
      </trkpt>
      <trkpt lat="42.721239980310202" lon="0.754429958760738">
        <ele>1663.6400000000001</ele>
      </trkpt>
      <trkpt lat="42.721369983628392" lon="0.754050007089973">
        <ele>1660.74</ele>
      </trkpt>
      <trkpt lat="42.721399990841746" lon="0.753690004348755">
        <ele>1659.6200000000001</ele>
      </trkpt>
      <trkpt lat="42.721339976415038" lon="0.752900009974837">
        <ele>1656.4000000000001</ele>
      </trkpt>
      <trkpt lat="42.721390016376972" lon="0.752210011705756">
        <ele>1650.0100000000002</ele>
      </trkpt>
      <trkpt lat="42.721505016088486" lon="0.751539962366223">
        <ele>1643.79</ele>
      </trkpt>
      <trkpt lat="42.721620015799999" lon="0.750869996845722">
        <ele>1636.8700000000001</ele>
      </trkpt>
      <trkpt lat="42.721599983051419" lon="0.750560034066439">
        <ele>1630.5699999999999</ele>
      </trkpt>
      <trkpt lat="42.721539968624711" lon="0.750300027430058">
        <ele>1624.96</ele>
      </trkpt>
      <trkpt lat="42.721759993582964" lon="0.749880010262132">
        <ele>1619.5700000000002</ele>
      </trkpt>
      <trkpt lat="42.722050007432699" lon="0.749629978090525">
        <ele>1607.9000000000001</ele>
      </trkpt>
      <trkpt lat="42.722199959680438" lon="0.749410036951303">
        <ele>1605.0700000000002</ele>
      </trkpt>
      <trkpt lat="42.722479999065399" lon="0.750019988045096">
        <ele>1604.8399999999999</ele>
      </trkpt>
      <trkpt lat="42.722530039027333" lon="0.750649971887469">
        <ele>1603.23</ele>
      </trkpt>
      <trkpt lat="42.722549987956882" lon="0.751160010695457">
        <ele>1601.2</ele>
      </trkpt>
      <trkpt lat="42.722500031813979" lon="0.751740038394928">
        <ele>1598.1600000000001</ele>
      </trkpt>
      <trkpt lat="42.722540013492107" lon="0.75254000723362">
        <ele>1595.02</ele>
      </trkpt>
      <trkpt lat="42.722749980166554" lon="0.752159971743822">
        <ele>1589.4200000000001</ele>
      </trkpt>
      <trkpt lat="42.723000012338161" lon="0.751750012859702">
        <ele>1583.47</ele>
      </trkpt>
      <trkpt lat="42.723249960690737" lon="0.751039981842041">
        <ele>1578.7600000000002</ele>
      </trkpt>
      <trkpt lat="42.723335037007928" lon="0.750289969146252">
        <ele>1572.6800000000001</ele>
      </trkpt>
      <trkpt lat="42.723420029506087" lon="0.749540040269494">
        <ele>1569.5</ele>
      </trkpt>
      <trkpt lat="42.723350040614605" lon="0.748470006510615">
        <ele>1566.6000000000001</ele>
      </trkpt>
      <trkpt lat="42.723420029506087" lon="0.747970025986433">
        <ele>1560.6600000000001</ele>
      </trkpt>
      <trkpt lat="42.723580040037632" lon="0.747350016608834">
        <ele>1549.4300000000001</ele>
      </trkpt>
      <trkpt lat="42.723714988678694" lon="0.746575025841594">
        <ele>1531.05</ele>
      </trkpt>
      <trkpt lat="42.723850021138787" lon="0.745800035074353">
        <ele>1510.8400000000001</ele>
      </trkpt>
      <trkpt lat="42.723999973386526" lon="0.745095033198595">
        <ele>1499.1900000000001</ele>
      </trkpt>
      <trkpt lat="42.724150009453297" lon="0.744390031322837">
        <ele>1486.52</ele>
      </trkpt>
      <trkpt lat="42.72432996891439" lon="0.743770021945238">
        <ele>1473.0700000000002</ele>
      </trkpt>
      <trkpt lat="42.724510012194514" lon="0.743150012567639">
        <ele>1459.1300000000001</ele>
      </trkpt>
      <trkpt lat="42.724670022726059" lon="0.742799984291196">
        <ele>1451.5600000000002</ele>
      </trkpt>
      <trkpt lat="42.724919971078634" lon="0.742119960486889">
        <ele>1431.6500000000001</ele>
      </trkpt>
      <trkpt lat="42.725390028208494" lon="0.741459969431162">
        <ele>1416.2100000000003</ele>
      </trkpt>
      <trkpt lat="42.725720023736358" lon="0.740790003910661">
        <ele>1404.49</ele>
      </trkpt>
      <trkpt lat="42.726380014792085" lon="0.740360012277961">
        <ele>1388.7900000000002</ele>
      </trkpt>
      <trkpt lat="42.726989965885878" lon="0.740090031176806">
        <ele>1371.3200000000002</ele>
      </trkpt>
      <trkpt lat="42.727119969204068" lon="0.739990035071969">
        <ele>1368.4400000000001</ele>
      </trkpt>
      <trkpt lat="42.727309986948967" lon="0.739979976788163">
        <ele>1366.6299999999999</ele>
      </trkpt>
      <trkpt lat="42.727390034124255" lon="0.740200001746416">
        <ele>1364.2200000000003</ele>
      </trkpt>
      <trkpt lat="42.727469997480512" lon="0.740139987319708">
        <ele>1364.2200000000003</ele>
      </trkpt>
      <trkpt lat="42.727650040760636" lon="0.739660039544106">
        <ele>1355.1399999999999</ele>
      </trkpt>
      <trkpt lat="42.727720029652119" lon="0.739540010690689">
        <ele>1352.5800000000002</ele>
      </trkpt>
      <trkpt lat="42.727750036865473" lon="0.739410007372499">
        <ele>1350.4100000000001</ele>
      </trkpt>
      <trkpt lat="42.727730004116893" lon="0.739280004054308">
        <ele>1347.26</ele>
      </trkpt>
      <trkpt lat="42.727880040183663" lon="0.739070037379861">
        <ele>1342.1400000000001</ele>
      </trkpt>
      <trkpt lat="42.727839974686503" lon="0.738740041851997">
        <ele>1327.3000000000002</ele>
      </trkpt>
      <trkpt lat="42.727969978004694" lon="0.738720009103417">
        <ele>1324.6800000000001</ele>
      </trkpt>
      <trkpt lat="42.728804983198643" lon="0.738384984433651">
        <ele>1301.71</ele>
      </trkpt>
      <trkpt lat="42.729639988392591" lon="0.738049959763885">
        <ele>1279.6600000000001</ele>
      </trkpt>
      <trkpt lat="42.730129994452" lon="0.737600019201636">
        <ele>1269.05</ele>
      </trkpt>
      <trkpt lat="42.730420008301735" lon="0.736940028145909">
        <ele>1254.49</ele>
      </trkpt>
      <trkpt lat="42.730650007724762" lon="0.73619001545012">
        <ele>1238.8199999999999</ele>
      </trkpt>
      <trkpt lat="42.730799959972501" lon="0.735449977219105">
        <ele>1218.8700000000001</ele>
      </trkpt>
      <trkpt lat="42.73090498521924" lon="0.734819993376732">
        <ele>1202.21</ele>
      </trkpt>
      <trkpt lat="42.73101001046598" lon="0.734190009534359">
        <ele>1188.5700000000002</ele>
      </trkpt>
      <trkpt lat="42.731240009889007" lon="0.733609981834888">
        <ele>1167.03</ele>
      </trkpt>
      <trkpt lat="42.731619961559772" lon="0.733110001310706">
        <ele>1152.1400000000001</ele>
      </trkpt>
      <trkpt lat="42.73199999704957" lon="0.732450010254979">
        <ele>1138.5899999999999</ele>
      </trkpt>
      <trkpt lat="42.732380032539368" lon="0.731790019199252">
        <ele>1124.0400000000002</ele>
      </trkpt>
      <trkpt lat="42.732520010322332" lon="0.731469998136163">
        <ele>1117.6800000000001</ele>
      </trkpt>
      <trkpt lat="42.732520010322332" lon="0.731349969282746">
        <ele>1117.6800000000001</ele>
      </trkpt>
      <trkpt lat="42.732559992000461" lon="0.731189958751202">
        <ele>1112.5999999999999</ele>
      </trkpt>
      <trkpt lat="42.732650013640523" lon="0.731030032038689">
        <ele>1110.27</ele>
      </trkpt>
      <trkpt lat="42.732870038598776" lon="0.730740018188953">
        <ele>1100.2</ele>
      </trkpt>
      <trkpt lat="42.73288001306355" lon="0.730670029297471">
        <ele>1099.1600000000001</ele>
      </trkpt>
      <trkpt lat="42.733089979737997" lon="0.730289993807673">
        <ele>1095.8499999999999</ele>
      </trkpt>
      <trkpt lat="42.733159968629479" lon="0.730229979380965">
        <ele>1089.97</ele>
      </trkpt>
      <trkpt lat="42.733230041339993" lon="0.730029987171292">
        <ele>1089.97</ele>
      </trkpt>
      <trkpt lat="42.73331000469625" lon="0.729880034923553">
        <ele>1087.72</ele>
      </trkpt>
      <trkpt lat="42.733379993587732" lon="0.729699991643429">
        <ele>1084.6400000000001</ele>
      </trkpt>
      <trkpt lat="42.733570011332631" lon="0.729339988902211">
        <ele>1076.7300000000002</ele>
      </trkpt>
      <trkpt lat="42.733579985797405" lon="0.729249967262149">
        <ele>1072.8000000000002</ele>
      </trkpt>
      <trkpt lat="42.733619967475533" lon="0.729179978370667">
        <ele>1072.8000000000002</ele>
      </trkpt>
      <trkpt lat="42.733630025759339" lon="0.728600034490228">
        <ele>1064.99</ele>
      </trkpt>
      <trkpt lat="42.733839992433786" lon="0.727929985150695">
        <ele>1059.1000000000001</ele>
      </trkpt>
      <trkpt lat="42.73376002907753" lon="0.727539975196123">
        <ele>1054.3600000000001</ele>
      </trkpt>
      <trkpt lat="42.73376002907753" lon="0.727130016312003">
        <ele>1049.3499999999999</ele>
      </trkpt>
      <trkpt lat="42.733920039609075" lon="0.726280007511377">
        <ele>1037.8200000000002</ele>
      </trkpt>
      <trkpt lat="42.733979970216751" lon="0.72607004083693">
        <ele>1034.2600000000002</ele>
      </trkpt>
      <trkpt lat="42.733960021287203" lon="0.725810034200549">
        <ele>1029.1900000000001</ele>
      </trkpt>
      <trkpt lat="42.73408499546349" lon="0.725184995681047">
        <ele>1011.9100000000001</ele>
      </trkpt>
      <trkpt lat="42.734209969639778" lon="0.724560040980577">
        <ele>999.69000000000005</ele>
      </trkpt>
      <trkpt lat="42.734220027923584" lon="0.724089983850718">
        <ele>988.25</ele>
      </trkpt>
      <trkpt lat="42.734339972957969" lon="0.723550021648407">
        <ele>969.00000000000011</ele>
      </trkpt>
      <trkpt lat="42.734490009024739" lon="0.723250033333898">
        <ele>959.36000000000013</ele>
      </trkpt>
      <trkpt lat="42.734580030664802" lon="0.722719961777329">
        <ele>942.56000000000006</ele>
      </trkpt>
      <trkpt lat="42.734429994598031" lon="0.722639998421073">
        <ele>937.65000000000009</ele>
      </trkpt>
      <trkpt lat="42.734799971804023" lon="0.722159966826439">
        <ele>919.55000000000007</ele>
      </trkpt>
      <trkpt lat="42.735010022297502" lon="0.721980007365346">
        <ele>908.38000000000011</ele>
      </trkpt>
      <trkpt lat="42.735240021720529" lon="0.721369972452521">
        <ele>891.88000000000011</ele>
      </trkpt>
      <trkpt lat="42.735249996185303" lon="0.721350023522973">
        <ele>891.88000000000011</ele>
      </trkpt>
      <trkpt lat="42.735800016671419" lon="0.721060009673238">
        <ele>876.87</ele>
      </trkpt>
      <trkpt lat="42.736100004985929" lon="0.720809977501631">
        <ele>871.25000000000011</ele>
      </trkpt>
      <trkpt lat="42.736230008304119" lon="0.720490040257573">
        <ele>867.09000000000003</ele>
      </trkpt>
      <trkpt lat="42.736390018835664" lon="0.720449974760413">
        <ele>867.52999999999997</ele>
      </trkpt>
      <trkpt lat="42.736499989405274" lon="0.720370011404157">
        <ele>867.52999999999997</ele>
      </trkpt>
      <trkpt lat="42.736950013786554" lon="0.720010008662939">
        <ele>868.7600000000001</ele>
      </trkpt>
      <trkpt lat="42.737334994599223" lon="0.719555038958788">
        <ele>863.17000000000007</ele>
      </trkpt>
      <trkpt lat="42.737719975411892" lon="0.719099985435605">
        <ele>859.93000000000006</ele>
      </trkpt>
      <trkpt lat="42.737760040909052" lon="0.719080036506057">
        <ele>859.93000000000006</ele>
      </trkpt>
      <trkpt lat="42.737860037013888" lon="0.719069978222251">
        <ele>857.5100000000001</ele>
      </trkpt>
      <trkpt lat="42.737930025905371" lon="0.719090010970831">
        <ele>855.98000000000002</ele>
      </trkpt>
      <trkpt lat="42.737970007583499" lon="0.719139967113733">
        <ele>855.82000000000005</ele>
      </trkpt>
      <trkpt lat="42.738039996474981" lon="0.71928002871573">
        <ele>855.20000000000005</ele>
      </trkpt>
      <trkpt lat="42.737960033118725" lon="0.719680013135076">
        <ele>854.78000000000009</ele>
      </trkpt>
      <trkpt lat="42.737419987097383" lon="0.720490040257573">
        <ele>852.53000000000009</ele>
      </trkpt>
      <trkpt lat="42.737380005419254" lon="0.720669999718666">
        <ele>852.6400000000001</ele>
      </trkpt>
      <trkpt lat="42.73737003095448" lon="0.720879966393113">
        <ele>853.20000000000005</ele>
      </trkpt>
      <trkpt lat="42.737289983779192" lon="0.721390005201101">
        <ele>853.61000000000013</ele>
      </trkpt>
      <trkpt lat="42.737274980172515" lon="0.722134988754988">
        <ele>854.58000000000015</ele>
      </trkpt>
      <trkpt lat="42.737259976565838" lon="0.722879972308874">
        <ele>855.36000000000013</ele>
      </trkpt>
      <trkpt lat="42.737319990992546" lon="0.723369978368282">
        <ele>857.30999999999995</ele>
      </trkpt>
      <trkpt lat="42.737310016527772" lon="0.723740039393306">
        <ele>858.00999999999999</ele>
      </trkpt>
      <trkpt lat="42.737250002101064" lon="0.72428997606039">
        <ele>858.37</ele>
      </trkpt>
      <trkpt lat="42.737289983779192" lon="0.725160017609596">
        <ele>858.7600000000001</ele>
      </trkpt>
      <trkpt lat="42.737140031531453" lon="0.726280007511377">
        <ele>854.46000000000004</ele>
      </trkpt>
      <trkpt lat="42.73681003600359" lon="0.727350041270256">
        <ele>848.76999999999998</ele>
      </trkpt>
      <trkpt lat="42.736759996041656" lon="0.727780032902956">
        <ele>845.87000000000012</ele>
      </trkpt>
      <trkpt lat="42.736759996041656" lon="0.728449998423457">
        <ele>842.96000000000004</ele>
      </trkpt>
      <trkpt lat="42.736850017681718" lon="0.728919971734285">
        <ele>841.91000000000008</ele>
      </trkpt>
      <trkpt lat="42.736850017681718" lon="0.729309981688857">
        <ele>841.0200000000001</ele>
      </trkpt>
      <trkpt lat="42.736799977719784" lon="0.729929991066456">
        <ele>840.74000000000001</ele>
      </trkpt>
      <trkpt lat="42.736829984933138" lon="0.730419997125864">
        <ele>842.63999999999999</ele>
      </trkpt>
      <trkpt lat="42.736950013786554" lon="0.730940010398626">
        <ele>842.25</ele>
      </trkpt>
      <trkpt lat="42.737080017104745" lon="0.731170009821653">
        <ele>840.81000000000006</ele>
      </trkpt>
      <trkpt lat="42.737449994310737" lon="0.731639983132482">
        <ele>838.82000000000005</ele>
      </trkpt>
      <trkpt lat="42.737540015950799" lon="0.731820026412606">
        <ele>838.68000000000006</ele>
      </trkpt>
      <trkpt lat="42.737530041486025" lon="0.732359988614917">
        <ele>838.66000000000008</ele>
      </trkpt>
      <trkpt lat="42.737459968775511" lon="0.732919983565807">
        <ele>838.53000000000009</ele>
      </trkpt>
      <trkpt lat="42.737259976565838" lon="0.733524989336729">
        <ele>838.54999999999995</ele>
      </trkpt>
      <trkpt lat="42.737059984356165" lon="0.734129995107651">
        <ele>838.56000000000006</ele>
      </trkpt>
      <trkpt lat="42.736959988251328" lon="0.735110007226467">
        <ele>835.30000000000007</ele>
      </trkpt>
      <trkpt lat="42.736969962716103" lon="0.735500017181039">
        <ele>834.07000000000005</ele>
      </trkpt>
      <trkpt lat="42.736999969929457" lon="0.736135030165315">
        <ele>833.88999999999999</ele>
      </trkpt>
      <trkpt lat="42.737029977142811" lon="0.736769959330559">
        <ele>835.15999999999997</ele>
      </trkpt>
      <trkpt lat="42.737080017104745" lon="0.737259965389967">
        <ele>836.94000000000005</ele>
      </trkpt>
      <trkpt lat="42.737040035426617" lon="0.737389968708158">
        <ele>836.98000000000002</ele>
      </trkpt>
      <trkpt lat="42.736910032108426" lon="0.737649975344539">
        <ele>837.66000000000008</ele>
      </trkpt>
      <trkpt lat="42.736950013786554" lon="0.738190021365881">
        <ele>839.15000000000009</ele>
      </trkpt>
      <trkpt lat="42.736959988251328" lon="0.739280004054308">
        <ele>839.30000000000007</ele>
      </trkpt>
      <trkpt lat="42.7369200065732" lon="0.739819966256619">
        <ele>840.24000000000012</ele>
      </trkpt>
      <trkpt lat="42.736829984933138" lon="0.740330005064607">
        <ele>840.32000000000005</ele>
      </trkpt>
      <trkpt lat="42.736409967765212" lon="0.74108999222517">
        <ele>841.98000000000002</ele>
      </trkpt>
      <trkpt lat="42.736169993877411" lon="0.741789964959025">
        <ele>845.32000000000005</ele>
      </trkpt>
      <trkpt lat="42.735890038311481" lon="0.742839965969324">
        <ele>849.25</ele>
      </trkpt>
      <trkpt lat="42.735839998349547" lon="0.743270041421056">
        <ele>849.88000000000011</ele>
      </trkpt>
      <trkpt lat="42.735819965600967" lon="0.744490027427673">
        <ele>852.45000000000005</ele>
      </trkpt>
      <trkpt lat="42.735860031098127" lon="0.745380017906427">
        <ele>853.1400000000001</ele>
      </trkpt>
      <trkpt lat="42.735945023596287" lon="0.745994998142123">
        <ele>853.88000000000011</ele>
      </trkpt>
      <trkpt lat="42.736030016094446" lon="0.746609978377819">
        <ele>857.44000000000005</ele>
      </trkpt>
      <trkpt lat="42.736299997195601" lon="0.747480019927025">
        <ele>859.29000000000008</ele>
      </trkpt>
      <trkpt lat="42.736499989405274" lon="0.748059963807464">
        <ele>860.98000000000002</ele>
      </trkpt>
      <trkpt lat="42.736820010468364" lon="0.749129997566342">
        <ele>861.86000000000001</ele>
      </trkpt>
      <trkpt lat="42.736829984933138" lon="0.749390004202724">
        <ele>860.67000000000007</ele>
      </trkpt>
      <trkpt lat="42.736720014363527" lon="0.750080002471805">
        <ele>857.30000000000007</ele>
      </trkpt>
      <trkpt lat="42.73670501075685" lon="0.750945014879107">
        <ele>858.3900000000001</ele>
      </trkpt>
      <trkpt lat="42.736690007150173" lon="0.75181002728641">
        <ele>859.38</ele>
      </trkpt>
      <trkpt lat="42.736729988828301" lon="0.752459960058331">
        <ele>859.47000000000003</ele>
      </trkpt>
      <trkpt lat="42.736754966899753" lon="0.75312003493309">
        <ele>859.69000000000005</ele>
      </trkpt>
      <trkpt lat="42.736780028790236" lon="0.753780025988817">
        <ele>859.76999999999998</ele>
      </trkpt>
      <trkpt lat="42.736750021576881" lon="0.754559962078929">
        <ele>864.03999999999996</ele>
      </trkpt>
      <trkpt lat="42.737029977142811" lon="0.754579994827509">
        <ele>862.78000000000009</ele>
      </trkpt>
      <trkpt lat="42.737559964880347" lon="0.75468996539712">
        <ele>861.95000000000005</ele>
      </trkpt>
      <trkpt lat="42.737749982625246" lon="0.754760038107634">
        <ele>863.21000000000004</ele>
      </trkpt>
      <trkpt lat="42.738160025328398" lon="0.755009986460209">
        <ele>866.36000000000001</ele>
      </trkpt>
      <trkpt lat="42.738139992579818" lon="0.755529999732971">
        <ele>869.23000000000002</ele>
      </trkpt>
      <trkpt lat="42.738190032541752" lon="0.755550032481551">
        <ele>869.23000000000002</ele>
      </trkpt>
      <trkpt lat="42.738279970362782" lon="0.755009986460209">
        <ele>868.95000000000005</ele>
      </trkpt>
      <trkpt lat="42.738320035859942" lon="0.754700023680925">
        <ele>868.61000000000013</ele>
      </trkpt>
      <trkpt lat="42.738300003111362" lon="0.754610002040863">
        <ele>868.2700000000001</ele>
      </trkpt>
      <trkpt lat="42.738249963149428" lon="0.754519980400801">
        <ele>868.2700000000001</ele>
      </trkpt>
      <trkpt lat="42.738169999793172" lon="0.754429958760738">
        <ele>867.72000000000003</ele>
      </trkpt>
      <trkpt lat="42.73810001090169" lon="0.75425997376442">
        <ele>867.47000000000003</ele>
      </trkpt>
      <trkpt lat="42.738000014796853" lon="0.753790000453591">
        <ele>868.97000000000003</ele>
      </trkpt>
      <trkpt lat="42.737990040332079" lon="0.75350996106863">
        <ele>870.56000000000006</ele>
      </trkpt>
      <trkpt lat="42.738019963726401" lon="0.753279961645603">
        <ele>871.20000000000005</ele>
      </trkpt>
      <trkpt lat="42.738090036436915" lon="0.75307996943593">
        <ele>872.87</ele>
      </trkpt>
      <trkpt lat="42.738169999793172" lon="0.752930017188191">
        <ele>873.81000000000006</ele>
      </trkpt>
      <trkpt lat="42.738160025328398" lon="0.752640003338456">
        <ele>872.25000000000011</ele>
      </trkpt>
      <trkpt lat="42.738239988684654" lon="0.752270026132464">
        <ele>867.98000000000002</ele>
      </trkpt>
      <trkpt lat="42.738399999216199" lon="0.752029968425632">
        <ele>866.58000000000004</ele>
      </trkpt>
      <trkpt lat="42.738450039178133" lon="0.751859983429313">
        <ele>866.17000000000007</ele>
      </trkpt>
      <trkpt lat="42.738390024751425" lon="0.751520013436675">
        <ele>864.73000000000013</ele>
      </trkpt>
      <trkpt lat="42.738279970362782" lon="0.750549975782633">
        <ele>872.98000000000002</ele>
      </trkpt>
      <trkpt lat="42.73823001421988" lon="0.749780014157295">
        <ele>878.93000000000006</ele>
      </trkpt>
      <trkpt lat="42.738239988684654" lon="0.749280033633113">
        <ele>884.73000000000013</ele>
      </trkpt>
      <trkpt lat="42.738220039755106" lon="0.74906000867486">
        <ele>888.87</ele>
      </trkpt>
      <trkpt lat="42.738239988684654" lon="0.748950038105249">
        <ele>890.21000000000004</ele>
      </trkpt>
      <trkpt lat="42.738379966467619" lon="0.749030001461506">
        <ele>896.05000000000007</ele>
      </trkpt>
      <trkpt lat="42.738390024751425" lon="0.748639991506934">
        <ele>905.40000000000009</ele>
      </trkpt>
      <trkpt lat="42.738360017538071" lon="0.748479980975389">
        <ele>907.50000000000011</ele>
      </trkpt>
      <trkpt lat="42.738260021433234" lon="0.748379984870553">
        <ele>908.94000000000005</ele>
      </trkpt>
      <trkpt lat="42.738160025328398" lon="0.748240007087588">
        <ele>908.53000000000009</ele>
      </trkpt>
      <trkpt lat="42.738130018115044" lon="0.748149985447526">
        <ele>907.89999999999998</ele>
      </trkpt>
      <trkpt lat="42.738130018115044" lon="0.747849997133017">
        <ele>907.7600000000001</ele>
      </trkpt>
      <trkpt lat="42.738070003688335" lon="0.747689986601472">
        <ele>908.38000000000011</ele>
      </trkpt>
      <trkpt lat="42.737979982048273" lon="0.747559983283281">
        <ele>909.56000000000006</ele>
      </trkpt>
      <trkpt lat="42.737860037013888" lon="0.747469961643219">
        <ele>910.6400000000001</ele>
      </trkpt>
      <trkpt lat="42.737819971516728" lon="0.7472999766469">
        <ele>912.25000000000011</ele>
      </trkpt>
      <trkpt lat="42.737749982625246" lon="0.746790021657944">
        <ele>910.81000000000006</ele>
      </trkpt>
      <trkpt lat="42.737760040909052" lon="0.746630011126399">
        <ele>910.04999999999995</ele>
      </trkpt>
      <trkpt lat="42.737689968198538" lon="0.746449967846274">
        <ele>909.62000000000012</ele>
      </trkpt>
      <trkpt lat="42.737659960985184" lon="0.746149979531765">
        <ele>910.06000000000006</ele>
      </trkpt>
      <trkpt lat="42.737679993733764" lon="0.745210032910109">
        <ele>913.98000000000013</ele>
      </trkpt>
      <trkpt lat="42.737640012055635" lon="0.744460020214319">
        <ele>913.28000000000009</ele>
      </trkpt>
      <trkpt lat="42.737579997628927" lon="0.74416003189981">
        <ele>915.44000000000005</ele>
      </trkpt>
      <trkpt lat="42.737559964880347" lon="0.743380011990666">
        <ele>923.32000000000005</ele>
      </trkpt>
      <trkpt lat="42.737900018692017" lon="0.742760002613068">
        <ele>929.94000000000005</ele>
      </trkpt>
      <trkpt lat="42.737960033118725" lon="0.742560010403395">
        <ele>932.34000000000003</ele>
      </trkpt>
      <trkpt lat="42.738119959831238" lon="0.742269996553659">
        <ele>939.13000000000011</ele>
      </trkpt>
      <trkpt lat="42.738220039755106" lon="0.742030022665858">
        <ele>941.63000000000011</ele>
      </trkpt>
      <trkpt lat="42.738360017538071" lon="0.741819972172379">
        <ele>942.11000000000013</ele>
      </trkpt>
      <trkpt lat="42.738530002534389" lon="0.741419987753034">
        <ele>946.63999999999999</ele>
      </trkpt>
      <trkpt lat="42.738939961418509" lon="0.740839960053563">
        <ele>958.96000000000004</ele>
      </trkpt>
      <trkpt lat="42.739129979163408" lon="0.74052999727428">
        <ele>962.43000000000006</ele>
      </trkpt>
      <trkpt lat="42.739289989694953" lon="0.739489970728755">
        <ele>971.46000000000004</ele>
      </trkpt>
      <trkpt lat="42.739470032975078" lon="0.739530036225915">
        <ele>975.51999999999998</ele>
      </trkpt>
      <trkpt lat="42.739619985222816" lon="0.739410007372499">
        <ele>977.03000000000009</ele>
      </trkpt>
      <trkpt lat="42.739719981327653" lon="0.738910026848316">
        <ele>978.71000000000004</ele>
      </trkpt>
      <trkpt lat="42.739719981327653" lon="0.738620012998581">
        <ele>979.27999999999997</ele>
      </trkpt>
      <trkpt lat="42.739810002967715" lon="0.737700015306473">
        <ele>982.23000000000002</ele>
      </trkpt>
      <trkpt lat="42.739840010181069" lon="0.73718000203371">
        <ele>984.96000000000004</ele>
      </trkpt>
      <trkpt lat="42.739879991859198" lon="0.736940028145909">
        <ele>987.90000000000009</ele>
      </trkpt>
      <trkpt lat="42.739960039034486" lon="0.736819999292493">
        <ele>989.06000000000006</ele>
      </trkpt>
      <trkpt lat="42.739989962428808" lon="0.736669963225722">
        <ele>990.00000000000011</ele>
      </trkpt>
      <trkpt lat="42.740190038457513" lon="0.736380033195019">
        <ele>991.2700000000001</ele>
      </trkpt>
      <trkpt lat="42.740260027348995" lon="0.736180040985346">
        <ele>991.79000000000008</ele>
      </trkpt>
      <trkpt lat="42.740279976278543" lon="0.735939983278513">
        <ele>993.08000000000004</ele>
      </trkpt>
      <trkpt lat="42.74037997238338" lon="0.735709983855486">
        <ele>993.08000000000004</ele>
      </trkpt>
      <trkpt lat="42.740560015663505" lon="0.735670002177358">
        <ele>992.03000000000009</ele>
      </trkpt>
      <trkpt lat="42.740609971806407" lon="0.735579980537295">
        <ele>990.56000000000006</ele>
      </trkpt>
      <trkpt lat="42.740709967911243" lon="0.735500017181039">
        <ele>989.1400000000001</ele>
      </trkpt>
      <trkpt lat="42.740860003978014" lon="0.735270017758012">
        <ele>986.48000000000013</ele>
      </trkpt>
      <trkpt lat="42.740999981760979" lon="0.734719997271895">
        <ele>984.15999999999997</ele>
      </trkpt>
      <trkpt lat="42.741099977865815" lon="0.733990017324686">
        <ele>979.29000000000008</ele>
      </trkpt>
      <trkpt lat="42.741099977865815" lon="0.733340000733733">
        <ele>975.72000000000003</ele>
      </trkpt>
      <trkpt lat="42.741020014509559" lon="0.732634998857975">
        <ele>971.45000000000005</ele>
      </trkpt>
      <trkpt lat="42.74093996733427" lon="0.731929996982217">
        <ele>967.5100000000001</ele>
      </trkpt>
      <trkpt lat="42.740890011191368" lon="0.731230024248362">
        <ele>959.63000000000011</ele>
      </trkpt>
      <trkpt lat="42.740839971229434" lon="0.731070013716817">
        <ele>957.46000000000004</ele>
      </trkpt>
      <trkpt lat="42.740750033408403" lon="0.731019973754883">
        <ele>956.13</ele>
      </trkpt>
      <trkpt lat="42.740720026195049" lon="0.731040006503463">
        <ele>956.13</ele>
      </trkpt>
      <trkpt lat="42.740709967911243" lon="0.73129003867507">
        <ele>954.63999999999999</ele>
      </trkpt>
      <trkpt lat="42.740730000659823" lon="0.731539987027645">
        <ele>953.66000000000008</ele>
      </trkpt>
      <trkpt lat="42.740599997341633" lon="0.731230024248362">
        <ele>945.96000000000004</ele>
      </trkpt>
      <trkpt lat="42.740309983491898" lon="0.73084001429379">
        <ele>935.87000000000012</ele>
      </trkpt>
      <trkpt lat="42.740300009027123" lon="0.730459978803992">
        <ele>931.35000000000014</ele>
      </trkpt>
      <trkpt lat="42.740260027348995" lon="0.730289993807673">
        <ele>926.37</ele>
      </trkpt>
      <trkpt lat="42.740070009604096" lon="0.729839969426394">
        <ele>918.09000000000003</ele>
      </trkpt>
      <trkpt lat="42.740019969642162" lon="0.729769980534911">
        <ele>918.09000000000003</ele>
      </trkpt>
      <trkpt lat="42.739979987964034" lon="0.729750031605363">
        <ele>913.2600000000001</ele>
      </trkpt>
      <trkpt lat="42.739909999072552" lon="0.729750031605363">
        <ele>913.2600000000001</ele>
      </trkpt>
      <trkpt lat="42.739889966323972" lon="0.729650035500526">
        <ele>911.74000000000012</ele>
      </trkpt>
      <trkpt lat="42.739740014076233" lon="0.729349963366985">
        <ele>907.32000000000016</ele>
      </trkpt>
      <trkpt lat="42.739810002967715" lon="0.729219960048795">
        <ele>907.70000000000005</ele>
      </trkpt>
      <trkpt lat="42.739940006285906" lon="0.72867002338171">
        <ele>907.75</ele>
      </trkpt>
      <trkpt lat="42.73997001349926" lon="0.728180017322302">
        <ele>904.59000000000015</ele>
      </trkpt>
      <trkpt lat="42.740040002390742" lon="0.727760000154376">
        <ele>905.98000000000013</ele>
      </trkpt>
      <trkpt lat="42.740130024030805" lon="0.727609964087605">
        <ele>907.49000000000001</ele>
      </trkpt>
      <trkpt lat="42.740179980173707" lon="0.727399997413158">
        <ele>908.16000000000008</ele>
      </trkpt>
      <trkpt lat="42.740149972960353" lon="0.727030020207167">
        <ele>908.04999999999995</ele>
      </trkpt>
      <trkpt lat="42.740170005708933" lon="0.726879984140396">
        <ele>909.21000000000004</ele>
      </trkpt>
      <trkpt lat="42.740249969065189" lon="0.726709999144077">
        <ele>910.26999999999998</ele>
      </trkpt>
      <trkpt lat="42.740349965170026" lon="0.726579995825887">
        <ele>911.53000000000009</ele>
      </trkpt>
      <trkpt lat="42.740430012345314" lon="0.726199960336089">
        <ele>915.28000000000009</ele>
      </trkpt>
      <trkpt lat="42.740409979596734" lon="0.725790001451969">
        <ele>914.69000000000005</ele>
      </trkpt>
      <trkpt lat="42.740520033985376" lon="0.725109977647662">
        <ele>919.92000000000007</ele>
      </trkpt>
      <trkpt lat="42.740599997341633" lon="0.724939992651343">
        <ele>920.84000000000003</ele>
      </trkpt>
      <trkpt lat="42.740739975124598" lon="0.724149998277426">
        <ele>919.07000000000005</ele>
      </trkpt>
      <trkpt lat="42.740760007873178" lon="0.723950006067753">
        <ele>918.36000000000001</ele>
      </trkpt>
      <trkpt lat="42.740750033408403" lon="0.723759988322854">
        <ele>916.80000000000007</ele>
      </trkpt>
      <trkpt lat="42.740869978442788" lon="0.723199993371964">
        <ele>917.06000000000006</ele>
      </trkpt>
      <trkpt lat="42.740920018404722" lon="0.72284996509552">
        <ele>918.44000000000005</ele>
      </trkpt>
      <trkpt lat="42.741139959543943" lon="0.722609991207719">
        <ele>923.86000000000013</ele>
      </trkpt>
      <trkpt lat="42.74136995896697" lon="0.721689993515611">
        <ele>928.86000000000013</ele>
      </trkpt>
      <trkpt lat="42.741450006142259" lon="0.721160005778074">
        <ele>928.44000000000005</ele>
      </trkpt>
      <trkpt lat="42.741629965603352" lon="0.720519963651896">
        <ele>931.41000000000008</ele>
      </trkpt>
      <trkpt lat="42.741810008883476" lon="0.719599965959787">
        <ele>936.78000000000009</ele>
      </trkpt>
      <trkpt lat="42.742079989984632" lon="0.719080036506057">
        <ele>939.95000000000005</ele>
      </trkpt>
      <trkpt lat="42.742400011047721" lon="0.718660019338131">
        <ele>940.09000000000003</ele>
      </trkpt>
      <trkpt lat="42.742509981617332" lon="0.718430019915104">
        <ele>940.35000000000014</ele>
      </trkpt>
      <trkpt lat="42.74269999936223" lon="0.717700039967895">
        <ele>936.93000000000006</ele>
      </trkpt>
      <trkpt lat="42.74272003211081" lon="0.717289997264743">
        <ele>935.0200000000001</ele>
      </trkpt>
      <trkpt lat="42.742609977722168" lon="0.717029990628362">
        <ele>932.31000000000006</ele>
      </trkpt>
      <trkpt lat="42.742630010470748" lon="0.716790016740561">
        <ele>931.34000000000003</ele>
      </trkpt>
      <trkpt lat="42.74269999936223" lon="0.716669987887144">
        <ele>931.20000000000005</ele>
      </trkpt>
      <trkpt lat="42.742750039324164" lon="0.71663998067379">
        <ele>931.23000000000013</ele>
      </trkpt>
      <trkpt lat="42.743099983781576" lon="0.716590024530888">
        <ele>932.58000000000004</ele>
      </trkpt>
      <trkpt lat="42.743250019848347" lon="0.716490028426051">
        <ele>932.55000000000007</ele>
      </trkpt>
      <trkpt lat="42.743259994313121" lon="0.716190040111542">
        <ele>932.83000000000004</ele>
      </trkpt>
      <trkpt lat="42.743459986522794" lon="0.715459976345301">
        <ele>938.31000000000006</ele>
      </trkpt>
      <trkpt lat="42.743520000949502" lon="0.714999977499247">
        <ele>937.97000000000003</ele>
      </trkpt>
      <trkpt lat="42.743740025907755" lon="0.714890006929636">
        <ele>933.84000000000015</ele>
      </trkpt>
      <trkpt lat="42.743979999795556" lon="0.714660007506609">
        <ele>930.99000000000012</ele>
      </trkpt>
      <trkpt lat="42.74403003975749" lon="0.714630000293255">
        <ele>928</ele>
      </trkpt>
      <trkpt lat="42.744200024753809" lon="0.714599993079901">
        <ele>926.16000000000008</ele>
      </trkpt>
      <trkpt lat="42.744240006431937" lon="0.714550036936998">
        <ele>925.83000000000004</ele>
      </trkpt>
      <trkpt lat="42.744240006431937" lon="0.71403999812901">
        <ele>925.87000000000012</ele>
      </trkpt>
      <trkpt lat="42.744260039180517" lon="0.713830031454563">
        <ele>925.35000000000014</ele>
      </trkpt>
      <trkpt lat="42.744270013645291" lon="0.71315998211503">
        <ele>914.19000000000005</ele>
      </trkpt>
      <trkpt lat="42.74428996257484" lon="0.713020004332066">
        <ele>912.55000000000007</ele>
      </trkpt>
      <trkpt lat="42.744479980319738" lon="0.712699983268976">
        <ele>915.41000000000008</ele>
      </trkpt>
      <trkpt lat="42.744519961997867" lon="0.712590012699366">
        <ele>915.41000000000008</ele>
      </trkpt>
      <trkpt lat="42.744500013068318" lon="0.71232003159821">
        <ele>918.07000000000005</ele>
      </trkpt>
      <trkpt lat="42.744509987533092" lon="0.712239984422922">
        <ele>918.07000000000005</ele>
      </trkpt>
      <trkpt lat="42.744600009173155" lon="0.71232003159821">
        <ele>918.94000000000005</ele>
      </trkpt>
      <trkpt lat="42.744720038026571" lon="0.712360013276339">
        <ele>919.92000000000007</ele>
      </trkpt>
      <trkpt lat="42.744950037449598" lon="0.712019959464669">
        <ele>920.96000000000004</ele>
      </trkpt>
      <trkpt lat="42.745039975270629" lon="0.711990036070347">
        <ele>921.17000000000007</ele>
      </trkpt>
      <trkpt lat="42.745139971375465" lon="0.711919963359833">
        <ele>921.31000000000006</ele>
      </trkpt>
      <trkpt lat="42.745239967480302" lon="0.711809992790222">
        <ele>921.46000000000004</ele>
      </trkpt>
      <trkpt lat="42.745329989120364" lon="0.711670015007257">
        <ele>921.09000000000003</ele>
      </trkpt>
      <trkpt lat="42.745510032400489" lon="0.711579993367195">
        <ele>920.13000000000011</ele>
      </trkpt>
      <trkpt lat="42.745550014078617" lon="0.711549986153841">
        <ele>919.99000000000012</ele>
      </trkpt>
      <trkpt lat="42.745569963008165" lon="0.711500030010939">
        <ele>919.92000000000007</ele>
      </trkpt>
      <trkpt lat="42.745559988543391" lon="0.711319986730814">
        <ele>920.22000000000003</ele>
      </trkpt>
      <trkpt lat="42.745520006865263" lon="0.711189983412623">
        <ele>921.20000000000016</ele>
      </trkpt>
      <trkpt lat="42.745459992438555" lon="0.711070038378239">
        <ele>922.5200000000001</ele>
      </trkpt>
      <trkpt lat="42.745359996333718" lon="0.710980016738176">
        <ele>923.29000000000008</ele>
      </trkpt>
      <trkpt lat="42.74532001465559" lon="0.710810031741858">
        <ele>923.91000000000008</ele>
      </trkpt>
      <trkpt lat="42.745310040190816" lon="0.710620013996959">
        <ele>924.8900000000001</ele>
      </trkpt>
      <trkpt lat="42.745369970798492" lon="0.710339974611998">
        <ele>926.14999999999998</ele>
      </trkpt>
      <trkpt lat="42.745380029082298" lon="0.710179964080453">
        <ele>926.38999999999999</ele>
      </trkpt>
      <trkpt lat="42.745350021868944" lon="0.709969997406006">
        <ele>925.7700000000001</ele>
      </trkpt>
      <trkpt lat="42.745350021868944" lon="0.709660034626722">
        <ele>925.13000000000011</ele>
      </trkpt>
      <trkpt lat="42.745429985225201" lon="0.709410002455115">
        <ele>926.50999999999999</ele>
      </trkpt>
      <trkpt lat="42.745489999651909" lon="0.709359962493181">
        <ele>926.50999999999999</ele>
      </trkpt>
      <trkpt lat="42.745669959113002" lon="0.709249991923571">
        <ele>929.94000000000005</ele>
      </trkpt>
      <trkpt lat="42.745949998497963" lon="0.709189977496862">
        <ele>934.46000000000004</ele>
      </trkpt>
      <trkpt lat="42.746310001239181" lon="0.708950003609061">
        <ele>937</ele>
      </trkpt>
      <trkpt lat="42.746540000662208" lon="0.708740036934614">
        <ele>936.48000000000002</ele>
      </trkpt>
      <trkpt lat="42.746849963441491" lon="0.708640040829778">
        <ele>937.0200000000001</ele>
      </trkpt>
      <trkpt lat="42.746999999508262" lon="0.70855999365449">
        <ele>937.88</ele>
      </trkpt>
      <trkpt lat="42.74703998118639" lon="0.70855999365449">
        <ele>938.28000000000009</ele>
      </trkpt>
      <trkpt lat="42.747299987822771" lon="0.70871002972126">
        <ele>942.21000000000004</ele>
      </trkpt>
      <trkpt lat="42.747480031102896" lon="0.708740036934614">
        <ele>943.29000000000008</ele>
      </trkpt>
      <trkpt lat="42.747650016099215" lon="0.708650015294552">
        <ele>943.55000000000007</ele>
      </trkpt>
      <trkpt lat="42.747659990563989" lon="0.708420015871525">
        <ele>945.59000000000003</ele>
      </trkpt>
      <trkpt lat="42.747880015522242" lon="0.708009973168373">
        <ele>954.10000000000002</ele>
      </trkpt>
      <trkpt lat="42.74789996445179" lon="0.708429990336299">
        <ele>959.22000000000003</ele>
      </trkpt>
      <trkpt lat="42.748119989410043" lon="0.708929970860481">
        <ele>966.97000000000014</ele>
      </trkpt>
      <trkpt lat="42.748240018263459" lon="0.709340013563633">
        <ele>973.18000000000006</ele>
      </trkpt>
      <trkpt lat="42.74802996776998" lon="0.709509998559952">
        <ele>978.1400000000001</ele>
      </trkpt>
      <trkpt lat="42.747850008308887" lon="0.70957001298666">
        <ele>982.62</ele>
      </trkpt>
      <trkpt lat="42.747559994459152" lon="0.709709990769625">
        <ele>989.71000000000004</ele>
      </trkpt>
      <trkpt lat="42.747360002249479" lon="0.709900008514524">
        <ele>995.59000000000003</ele>
      </trkpt>
      <trkpt lat="42.746869996190071" lon="0.710199996829033">
        <ele>1009.3700000000001</ele>
      </trkpt>
      <trkpt lat="42.74703998118639" lon="0.710509959608316">
        <ele>1016.61</ele>
      </trkpt>
      <trkpt lat="42.747139977291226" lon="0.710550025105476">
        <ele>1018.9700000000001</ele>
      </trkpt>
      <trkpt lat="42.74706001393497" lon="0.710729984566569">
        <ele>1021.1700000000001</ele>
      </trkpt>
      <trkpt lat="42.747339969500899" lon="0.711519978940487">
        <ele>1032.9300000000001</ele>
      </trkpt>
      <trkpt lat="42.747629983350635" lon="0.711819967254996">
        <ele>1036.2600000000002</ele>
      </trkpt>
      <trkpt lat="42.747840033844113" lon="0.71216999553144">
        <ele>1040.1400000000001</ele>
      </trkpt>
      <trkpt lat="42.747950004413724" lon="0.71259998716414">
        <ele>1049.3700000000001</ele>
      </trkpt>
      <trkpt lat="42.747950004413724" lon="0.712989997118711">
        <ele>1054.3</ele>
      </trkpt>
      <trkpt lat="42.747929971665144" lon="0.713229971006513">
        <ele>1057.5100000000002</ele>
      </trkpt>
      <trkpt lat="42.747989986091852" lon="0.713510010391474">
        <ele>1064.1300000000001</ele>
      </trkpt>
      <trkpt lat="42.747850008308887" lon="0.713749984279275">
        <ele>1068.6300000000001</ele>
      </trkpt>
      <trkpt lat="42.747740037739277" lon="0.71403999812901">
        <ele>1076.1700000000001</ele>
      </trkpt>
      <trkpt lat="42.747820001095533" lon="0.714249964803457">
        <ele>1079.76</ele>
      </trkpt>
      <trkpt lat="42.747740037739277" lon="0.714430008083582">
        <ele>1082.72</ele>
      </trkpt>
      <trkpt lat="42.747729979455471" lon="0.714599993079901">
        <ele>1085.1700000000001</ele>
      </trkpt>
      <trkpt lat="42.747659990563989" lon="0.714609967544675">
        <ele>1085.6200000000001</ele>
      </trkpt>
      <trkpt lat="42.747580027207732" lon="0.714650033041835">
        <ele>1086.23</ele>
      </trkpt>
      <trkpt lat="42.747520012781024" lon="0.714709963649511">
        <ele>1086.6100000000001</ele>
      </trkpt>
      <trkpt lat="42.747390009462833" lon="0.714950021356344">
        <ele>1089.22</ele>
      </trkpt>
      <trkpt lat="42.747269980609417" lon="0.715069966390729">
        <ele>1091.79</ele>
      </trkpt>
      <trkpt lat="42.74706001393497" lon="0.71537003852427">
        <ele>1096.5500000000002</ele>
      </trkpt>
      <trkpt lat="42.747069988399744" lon="0.715570030733943">
        <ele>1097.28</ele>
      </trkpt>
      <trkpt lat="42.747050039470196" lon="0.715870019048452">
        <ele>1102.6600000000001</ele>
      </trkpt>
      <trkpt lat="42.747120028361678" lon="0.715900026261806">
        <ele>1103.46</ele>
      </trkpt>
      <trkpt lat="42.747239973396063" lon="0.71575996465981">
        <ele>1107.0900000000001</ele>
      </trkpt>
      <trkpt lat="42.747269980609417" lon="0.715870019048452">
        <ele>1107.0900000000001</ele>
      </trkpt>
      <trkpt lat="42.747269980609417" lon="0.716270003467798">
        <ele>1113.8400000000001</ele>
      </trkpt>
      <trkpt lat="42.747399983927608" lon="0.716539984568954">
        <ele>1120.8299999999999</ele>
      </trkpt>
      <trkpt lat="42.747399983927608" lon="0.716750035062432">
        <ele>1122.45</ele>
      </trkpt>
      <trkpt lat="42.747339969500899" lon="0.717059997841716">
        <ele>1125.3900000000001</ele>
      </trkpt>
      <trkpt lat="42.747280038893223" lon="0.717780003324151">
        <ele>1137.2900000000002</ele>
      </trkpt>
      <trkpt lat="42.747069988399744" lon="0.718319965526462">
        <ele>1145.72</ele>
      </trkpt>
      <trkpt lat="42.746979966759682" lon="0.718730008229613">
        <ele>1150.4400000000001</ele>
      </trkpt>
      <trkpt lat="42.746909977868199" lon="0.71923996321857">
        <ele>1156.74</ele>
      </trkpt>
      <trkpt lat="42.746779974550009" lon="0.719680013135076">
        <ele>1164.9100000000001</ele>
      </trkpt>
      <trkpt lat="42.746719960123301" lon="0.720210000872612">
        <ele>1173.1100000000001</ele>
      </trkpt>
      <trkpt lat="42.746649971231818" lon="0.720609985291958">
        <ele>1180.02</ele>
      </trkpt>
      <trkpt lat="42.746719960123301" lon="0.720820035785437">
        <ele>1184.4800000000002</ele>
      </trkpt>
      <trkpt lat="42.746820040047169" lon="0.720760021358728">
        <ele>1189.2800000000002</ele>
      </trkpt>
      <trkpt lat="42.746790032833815" lon="0.720879966393113">
        <ele>1189.2800000000002</ele>
      </trkpt>
      <trkpt lat="42.746839988976717" lon="0.72102002799511">
        <ele>1192.5</ele>
      </trkpt>
      <trkpt lat="42.746900003403425" lon="0.721290009096265">
        <ele>1195.8099999999999</ele>
      </trkpt>
      <trkpt lat="42.746760025620461" lon="0.721490001305938">
        <ele>1199.3</ele>
      </trkpt>
      <trkpt lat="42.746730018407106" lon="0.721699967980385">
        <ele>1202.1500000000001</ele>
      </trkpt>
      <trkpt lat="42.746860021725297" lon="0.721919992938638">
        <ele>1204.6499999999999</ele>
      </trkpt>
      <trkpt lat="42.74716998450458" lon="0.722979968413711">
        <ele>1213.6700000000001</ele>
      </trkpt>
      <trkpt lat="42.747199991717935" lon="0.723179960623384">
        <ele>1215.9100000000001</ele>
      </trkpt>
      <trkpt lat="42.747180042788386" lon="0.723799970000982">
        <ele>1222.0799999999999</ele>
      </trkpt>
      <trkpt lat="42.747160010039806" lon="0.724419979378581">
        <ele>1225.7300000000002</ele>
      </trkpt>
      <trkpt lat="42.74719001725316" lon="0.724640004336834">
        <ele>1227.1500000000001</ele>
      </trkpt>
      <trkpt lat="42.747239973396063" lon="0.72476003319025">
        <ele>1229.4200000000001</ele>
      </trkpt>
      <trkpt lat="42.74719001725316" lon="0.724770007655025">
        <ele>1229.4200000000001</ele>
      </trkpt>
      <trkpt lat="42.747069988399744" lon="0.725090028718114">
        <ele>1236.4400000000003</ele>
      </trkpt>
      <trkpt lat="42.747090021148324" lon="0.725950011983514">
        <ele>1230.6900000000001</ele>
      </trkpt>
      <trkpt lat="42.74706001393497" lon="0.726129971444607">
        <ele>1232.5900000000001</ele>
      </trkpt>
      <trkpt lat="42.746890028938651" lon="0.726519981399179">
        <ele>1233.4900000000002</ele>
      </trkpt>
      <trkpt lat="42.746869996190071" lon="0.727109983563423">
        <ele>1235.45</ele>
      </trkpt>
      <trkpt lat="42.746660029515624" lon="0.727530000731349">
        <ele>1238.1500000000001</ele>
      </trkpt>
      <trkpt lat="42.746580736711621" lon="0.727762011811137">
        <ele>1242.6300000000001</ele>
      </trkpt>
      <trkpt lat="42.746247472241521" lon="0.729798981919885">
        <ele>1244.7100000000003</ele>
      </trkpt>
      <trkpt lat="42.747228406369686" lon="0.728389397263527">
        <ele>1251.45703125</ele>
      </trkpt>
      <trkpt lat="42.747328989207745" lon="0.728033082559705">
        <ele>1252.078125</ele>
      </trkpt>
      <trkpt lat="42.747379364445806" lon="0.727723287418485">
        <ele>1246.5900000000001</ele>
      </trkpt>
      <trkpt lat="42.747366791591048" lon="0.727475434541702">
        <ele>1247.3100000000002</ele>
      </trkpt>
      <trkpt lat="42.747380034998059" lon="0.727220037952065">
        <ele>1254.1700000000001</ele>
      </trkpt>
      <trkpt lat="42.747399983927608" lon="0.727039994671941">
        <ele>1254.49</ele>
      </trkpt>
      <trkpt lat="42.747480031102896" lon="0.726679991930723">
        <ele>1254.3700000000001</ele>
      </trkpt>
      <trkpt lat="42.747550019994378" lon="0.726559963077307">
        <ele>1254.2000000000003</ele>
      </trkpt>
      <trkpt lat="42.747629983350635" lon="0.72650003246963">
        <ele>1254.2000000000003</ele>
      </trkpt>
      <trkpt lat="42.747769961133599" lon="0.726289981976151">
        <ele>1253.6900000000001</ele>
      </trkpt>
      <trkpt lat="42.747840033844113" lon="0.726150004193187">
        <ele>1253.6400000000001</ele>
      </trkpt>
      <trkpt lat="42.747910022735596" lon="0.725850015878677">
        <ele>1253.4000000000001</ele>
      </trkpt>
      <trkpt lat="42.747944975271821" lon="0.725562265142798">
        <ele>1253.0100000000002</ele>
      </trkpt>
      <trkpt lat="42.747980011627078" lon="0.725250039249659">
        <ele>1252.0600000000002</ele>
      </trkpt>
      <trkpt lat="42.748189978301525" lon="0.725260013714433">
        <ele>1255.0800000000002</ele>
      </trkpt>
      <trkpt lat="42.748340014368296" lon="0.724919959902763">
        <ele>1259.8900000000001</ele>
      </trkpt>
      <trkpt lat="42.74847999215126" lon="0.724819963797927">
        <ele>1262.5000000000002</ele>
      </trkpt>
      <trkpt lat="42.748579988256097" lon="0.72471996769309">
        <ele>1265.5700000000002</ele>
      </trkpt>
      <trkpt lat="42.748819962143898" lon="0.724579989910126">
        <ele>1273.4300000000001</ele>
      </trkpt>
      <trkpt lat="42.749109975993633" lon="0.724070034921169">
        <ele>1284.0600000000002</ele>
      </trkpt>
      <trkpt lat="42.749399989843369" lon="0.723559996113181">
        <ele>1291.2800000000002</ele>
      </trkpt>
      <trkpt lat="42.749729985371232" lon="0.723109971731901">
        <ele>1302.1800000000001</ele>
      </trkpt>
      <trkpt lat="42.750059980899096" lon="0.722660031169653">
        <ele>1311.0400000000002</ele>
      </trkpt>
      <trkpt lat="42.750259973108768" lon="0.722489962354302">
        <ele>1315.6400000000001</ele>
      </trkpt>
      <trkpt lat="42.750440016388893" lon="0.722310002893209">
        <ele>1320.0599999999999</ele>
      </trkpt>
      <trkpt lat="42.75051997974515" lon="0.722189974039793">
        <ele>1321.55</ele>
      </trkpt>
      <trkpt lat="42.750479998067021" lon="0.721929967403412">
        <ele>1323.8299999999999</ele>
      </trkpt>
      <trkpt lat="42.750470023602247" lon="0.721740033477545">
        <ele>1325.6100000000001</ele>
      </trkpt>
      <trkpt lat="42.750559961423278" lon="0.721610030159354">
        <ele>1327.3100000000002</ele>
      </trkpt>
      <trkpt lat="42.750679990276694" lon="0.7211500313133">
        <ele>1332.3500000000001</ele>
      </trkpt>
      <trkpt lat="42.750800019130111" lon="0.720820035785437">
        <ele>1339.2</ele>
      </trkpt>
      <trkpt lat="42.750890040770173" lon="0.720430025830865">
        <ele>1347.7100000000003</ele>
      </trkpt>
      <trkpt lat="42.751090032979846" lon="0.720000034198165">
        <ele>1355.8800000000001</ele>
      </trkpt>
      <trkpt lat="42.75110000744462" lon="0.719680013135076">
        <ele>1359.49</ele>
      </trkpt>
      <trkpt lat="42.751200003549457" lon="0.719250021502376">
        <ele>1365.02</ele>
      </trkpt>
      <trkpt lat="42.751339981332421" lon="0.71885003708303">
        <ele>1367.3600000000001</ele>
      </trkpt>
      <trkpt lat="42.751699984073639" lon="0.718630012124777">
        <ele>1369.8700000000001</ele>
      </trkpt>
      <trkpt lat="42.751880027353764" lon="0.718579972162843">
        <ele>1370.2</ele>
      </trkpt>
      <trkpt lat="42.752219997346401" lon="0.718600004911423">
        <ele>1370.8500000000001</ele>
      </trkpt>
      <trkpt lat="42.752500036731362" lon="0.718649961054325">
        <ele>1371.1000000000001</ele>
      </trkpt>
      <trkpt lat="42.752710003405809" lon="0.718660019338131">
        <ele>1371.3900000000001</ele>
      </trkpt>
      <trkpt lat="42.752879988402128" lon="0.718409987166524">
        <ele>1370.1400000000001</ele>
      </trkpt>
      <trkpt lat="42.753000017255545" lon="0.718149980530143">
        <ele>1369.49</ele>
      </trkpt>
      <trkpt lat="42.753330012783408" lon="0.717250015586615">
        <ele>1369.75</ele>
      </trkpt>
      <trkpt lat="42.753320038318634" lon="0.716980034485459">
        <ele>1370.72</ele>
      </trkpt>
      <trkpt lat="42.753339987248182" lon="0.716720027849078">
        <ele>1372.8500000000001</ele>
      </trkpt>
      <trkpt lat="42.753539979457855" lon="0.716569991782308">
        <ele>1373.9000000000001</ele>
      </trkpt>
      <trkpt lat="42.753680041059852" lon="0.716400006785989">
        <ele>1371.5000000000002</ele>
      </trkpt>
      <trkpt lat="42.753790011629462" lon="0.716179981827736">
        <ele>1368.72</ele>
      </trkpt>
      <trkpt lat="42.753899982199073" lon="0.716019971296191">
        <ele>1366.3599999999999</ele>
      </trkpt>
      <trkpt lat="42.754099974408746" lon="0.715949982404709">
        <ele>1362.1000000000001</ele>
      </trkpt>
      <trkpt lat="42.754299966618419" lon="0.715789971873164">
        <ele>1360.24</ele>
      </trkpt>
      <trkpt lat="42.754629962146282" lon="0.715619986876845">
        <ele>1361.2000000000003</ele>
      </trkpt>
      <trkpt lat="42.755109993740916" lon="0.715450001880527">
        <ele>1357.8000000000002</ele>
      </trkpt>
      <trkpt lat="42.755650039762259" lon="0.715189995244145">
        <ele>1351.9300000000001</ele>
      </trkpt>
      <trkpt lat="42.755969977006316" lon="0.714739970862865">
        <ele>1351.8800000000001</ele>
      </trkpt>
      <trkpt lat="42.756080031394958" lon="0.714499996975064">
        <ele>1350.8500000000001</ele>
      </trkpt>
      <trkpt lat="42.756259990856051" lon="0.714269997552037">
        <ele>1348.7900000000002</ele>
      </trkpt>
      <trkpt lat="42.756410026922822" lon="0.714119961485267">
        <ele>1346.3900000000001</ele>
      </trkpt>
      <trkpt lat="42.756550004705787" lon="0.714079979807138">
        <ele>1343.79</ele>
      </trkpt>
      <trkpt lat="42.75674999691546" lon="0.714079979807138">
        <ele>1339.5700000000002</ele>
      </trkpt>
      <trkpt lat="42.75690003298223" lon="0.713989958167076">
        <ele>1336.1000000000001</ele>
      </trkpt>
      <trkpt lat="42.756930040195584" lon="0.713749984279275">
        <ele>1329.6300000000001</ele>
      </trkpt>
      <trkpt lat="42.756910007447004" lon="0.713489977642894">
        <ele>1323.7</ele>
      </trkpt>
      <trkpt lat="42.757049985229969" lon="0.712639968842268">
        <ele>1313.45</ele>
      </trkpt>
      <trkpt lat="42.756930040195584" lon="0.712560005486012">
        <ele>1311.1099999999999</ele>
      </trkpt>
      <trkpt lat="42.757089966908097" lon="0.71219002828002">
        <ele>1310.75</ele>
      </trkpt>
      <trkpt lat="42.757149981334805" lon="0.712139988318086">
        <ele>1310.5</ele>
      </trkpt>
      <trkpt lat="42.757209995761514" lon="0.712239984422922">
        <ele>1313.3600000000001</ele>
      </trkpt>
      <trkpt lat="42.757300017401576" lon="0.71229999884963">
        <ele>1316.1400000000001</ele>
      </trkpt>
      <trkpt lat="42.757709976285696" lon="0.712490016594529">
        <ele>1330.9400000000001</ele>
      </trkpt>
      <trkpt lat="42.758139967918396" lon="0.712439976632595">
        <ele>1340.54</ele>
      </trkpt>
      <trkpt lat="42.75821004062891" lon="0.712390020489693">
        <ele>1345.7100000000003</ele>
      </trkpt>
      <trkpt lat="42.758269971236587" lon="0.712200002744794">
        <ele>1347.5799999999999</ele>
      </trkpt>
      <trkpt lat="42.758469963446259" lon="0.71176003664732">
        <ele>1352.71</ele>
      </trkpt>
      <trkpt lat="42.758719995617867" lon="0.711540011689067">
        <ele>1356.5999999999999</ele>
      </trkpt>
      <trkpt lat="42.758719995617867" lon="0.711470022797585">
        <ele>1356.5999999999999</ele>
      </trkpt>
      <trkpt lat="42.758989976719022" lon="0.711340019479394">
        <ele>1359.3200000000002</ele>
      </trkpt>
      <trkpt lat="42.759170019999146" lon="0.711219990625978">
        <ele>1361.7700000000002</ele>
      </trkpt>
      <trkpt lat="42.759300023317337" lon="0.711210016161203">
        <ele>1362.6500000000001</ele>
      </trkpt>
      <trkpt lat="42.759470008313656" lon="0.711140027269721">
        <ele>1363.1200000000001</ele>
      </trkpt>
      <trkpt lat="42.760180039331317" lon="0.710529992356896">
        <ele>1374.1000000000001</ele>
      </trkpt>
      <trkpt lat="42.760529983788729" lon="0.710629988461733">
        <ele>1381.5700000000002</ele>
      </trkpt>
      <trkpt lat="42.760770041495562" lon="0.710529992356896">
        <ele>1389.1400000000001</ele>
      </trkpt>
      <trkpt lat="42.760870037600398" lon="0.71042999625206">
        <ele>1394.98</ele>
      </trkpt>
      <trkpt lat="42.761340010911226" lon="0.710739959031343">
        <ele>1408.8700000000001</ele>
      </trkpt>
      <trkpt lat="42.761869998648763" lon="0.710929976776242">
        <ele>1420.1900000000001</ele>
      </trkpt>
      <trkpt lat="42.762450026348233" lon="0.711070038378239">
        <ele>1428.7800000000002</ele>
      </trkpt>
      <trkpt lat="42.763040028512478" lon="0.711449990049005">
        <ele>1439.8700000000001</ele>
      </trkpt>
      <trkpt lat="42.763370024040341" lon="0.711570018902421">
        <ele>1445.7600000000002</ele>
      </trkpt>
      <trkpt lat="42.763879979029298" lon="0.711939996108413">
        <ele>1457.9100000000001</ele>
      </trkpt>
      <trkpt lat="42.764030015096068" lon="0.712079973891377">
        <ele>1459.9200000000001</ele>
      </trkpt>
      <trkpt lat="42.764069996774197" lon="0.712090032175183">
        <ele>1461.6600000000001</ele>
      </trkpt>
      <trkpt lat="42.764320028945804" lon="0.712000010535121">
        <ele>1464.5700000000002</ele>
      </trkpt>
      <trkpt lat="42.764650024473667" lon="0.711730029433966">
        <ele>1474.5800000000002</ele>
      </trkpt>
      <trkpt lat="42.765199961140752" lon="0.711495000869036">
        <ele>1492.01</ele>
      </trkpt>
      <trkpt lat="42.765749981626868" lon="0.711259972304106">
        <ele>1508.9200000000001</ele>
      </trkpt>
      <trkpt lat="42.766320034861565" lon="0.711059980094433">
        <ele>1519.6200000000001</ele>
      </trkpt>
      <trkpt lat="42.766499994322658" lon="0.711150001734495">
        <ele>1520.73</ele>
      </trkpt>
      <trkpt lat="42.766620023176074" lon="0.711280005052686">
        <ele>1520.7100000000003</ele>
      </trkpt>
      <trkpt lat="42.766769975423813" lon="0.711380001157522">
        <ele>1520.9800000000002</ele>
      </trkpt>
      <trkpt lat="42.766929985955358" lon="0.711640007793903">
        <ele>1521.4900000000002</ele>
      </trkpt>
      <trkpt lat="42.767099970951676" lon="0.711159976199269">
        <ele>1519.02</ele>
      </trkpt>
      <trkpt lat="42.767180018126965" lon="0.711050005629659">
        <ele>1518.6700000000001</ele>
      </trkpt>
      <trkpt lat="42.767350003123283" lon="0.71088002063334">
        <ele>1518</ele>
      </trkpt>
      <trkpt lat="42.767800027504563" lon="0.710739959031343">
        <ele>1518.49</ele>
      </trkpt>
      <trkpt lat="42.7679000236094" lon="0.710520017892122">
        <ele>1517.3500000000001</ele>
      </trkpt>
      <trkpt lat="42.768219960853457" lon="0.71045002900064">
        <ele>1512.55</ele>
      </trkpt>
      <trkpt lat="42.768469993025064" lon="0.710320025682449">
        <ele>1509.4100000000001</ele>
      </trkpt>
      <trkpt lat="42.768709966912866" lon="0.710220029577613">
        <ele>1505.71</ele>
      </trkpt>
      <trkpt lat="42.768990006297827" lon="0.710269985720515">
        <ele>1502.8000000000002</ele>
      </trkpt>
      <trkpt lat="42.769229980185628" lon="0.710559999570251">
        <ele>1498.9300000000001</ele>
      </trkpt>
      <trkpt lat="42.769250012934208" lon="0.710969958454371">
        <ele>1494.1600000000001</ele>
      </trkpt>
      <trkpt lat="42.769550001248717" lon="0.711380001157522">
        <ele>1489.0800000000002</ele>
      </trkpt>
      <trkpt lat="42.769900029525161" lon="0.711919963359833">
        <ele>1482.1700000000001</ele>
      </trkpt>
      <trkpt lat="42.769979992881417" lon="0.712479958310723">
        <ele>1477.5699999999999</ele>
      </trkpt>
      <trkpt lat="42.770230025053024" lon="0.713059986010194">
        <ele>1468.6000000000001</ele>
      </trkpt>
      <trkpt lat="42.770319962874055" lon="0.712929982692003">
        <ele>1466.1500000000001</ele>
      </trkpt>
      <trkpt lat="42.770669991150498" lon="0.713229971006513">
        <ele>1450.9900000000002</ele>
      </trkpt>
      <trkpt lat="42.770880041643977" lon="0.713830031454563">
        <ele>1438.4200000000001</ele>
      </trkpt>
      <trkpt lat="42.771380022168159" lon="0.714669981971383">
        <ele>1424.8900000000001</ele>
      </trkpt>
      <trkpt lat="42.771849995478988" lon="0.714450040832162">
        <ele>1420.4800000000002</ele>
      </trkpt>
      <trkpt lat="42.772040013223886" lon="0.714300004765391">
        <ele>1418.5899999999999</ele>
      </trkpt>
      <trkpt lat="42.772340001538396" lon="0.714230015873909">
        <ele>1418.1300000000001</ele>
      </trkpt>
      <trkpt lat="42.772530019283295" lon="0.714149968698621">
        <ele>1420.1500000000001</ele>
      </trkpt>
      <trkpt lat="42.772720037028193" lon="0.714149968698621">
        <ele>1420.97</ele>
      </trkpt>
      <trkpt lat="42.772839982062578" lon="0.714269997552037">
        <ele>1420.4200000000001</ele>
      </trkpt>
      <trkpt lat="42.772890022024512" lon="0.714709963649511">
        <ele>1416.5200000000002</ele>
      </trkpt>
      <trkpt lat="42.772939978167415" lon="0.715269958600402">
        <ele>1407.4000000000001</ele>
      </trkpt>
      <trkpt lat="42.772999992594123" lon="0.715359980240464">
        <ele>1406.3700000000001</ele>
      </trkpt>
      <trkpt lat="42.77325002476573" lon="0.715319998562336">
        <ele>1405.0699999999999</ele>
      </trkpt>
      <trkpt lat="42.773420009762049" lon="0.7152200024575">
        <ele>1404.9900000000002</ele>
      </trkpt>
      <trkpt lat="42.773569962009788" lon="0.715080024674535">
        <ele>1404.9400000000001</ele>
      </trkpt>
      <trkpt lat="42.773729972541332" lon="0.715020010247827">
        <ele>1405.1100000000001</ele>
      </trkpt>
      <trkpt lat="42.774310000240803" lon="0.715169962495565">
        <ele>1405.8799999999999</ele>
      </trkpt>
      <trkpt lat="42.77451996691525" lon="0.715269958600402">
        <ele>1406.3300000000002</ele>
      </trkpt>
      <trkpt lat="42.774719959124923" lon="0.715570030733943">
        <ele>1406.9200000000001</ele>
      </trkpt>
      <trkpt lat="42.774779973551631" lon="0.715610012412071">
        <ele>1406.9200000000001</ele>
      </trkpt>
      <trkpt lat="42.774930009618402" lon="0.715580005198717">
        <ele>1405.1900000000001</ele>
      </trkpt>
      <trkpt lat="42.77496999129653" lon="0.715540023520589">
        <ele>1403.6400000000001</ele>
      </trkpt>
      <trkpt lat="42.775030005723238" lon="0.715120006352663">
        <ele>1400.5</ele>
      </trkpt>
      <trkpt lat="42.775290012359619" lon="0.714369993656874">
        <ele>1400.4100000000001</ele>
      </trkpt>
      <trkpt lat="42.775390008464456" lon="0.713919969275594">
        <ele>1384.9300000000003</ele>
      </trkpt>
      <trkpt lat="42.775199990719557" lon="0.714049972593784">
        <ele>1377.6900000000001</ele>
      </trkpt>
      <trkpt lat="42.775250030681491" lon="0.71358997374773">
        <ele>1376.27</ele>
      </trkpt>
      <trkpt lat="42.775439964607358" lon="0.712989997118711">
        <ele>1376.3400000000001</ele>
      </trkpt>
      <trkpt lat="42.775390008464456" lon="0.712899975478649">
        <ele>1376.6800000000001</ele>
      </trkpt>
      <trkpt lat="42.775299986824393" lon="0.713010029867291">
        <ele>1376.7600000000002</ele>
      </trkpt>
      <trkpt lat="42.775169983506203" lon="0.713080018758774">
        <ele>1374.98</ele>
      </trkpt>
      <trkpt lat="42.774930009618402" lon="0.713380007073283">
        <ele>1364.23</ele>
      </trkpt>
      <trkpt lat="42.77507996186614" lon="0.712780030444264">
        <ele>1347.5400000000002</ele>
      </trkpt>
      <trkpt lat="42.775160009041429" lon="0.712590012699366">
        <ele>1342.47</ele>
      </trkpt>
      <trkpt lat="42.7751200273633" lon="0.712520023807883">
        <ele>1340.9200000000001</ele>
      </trkpt>
      <trkpt lat="42.774960016831756" lon="0.71259998716414">
        <ele>1334.03</ele>
      </trkpt>
      <trkpt lat="42.774730017408729" lon="0.712899975478649">
        <ele>1328.74</ele>
      </trkpt>
      <trkpt lat="42.77451996691525" lon="0.713250003755093">
        <ele>1320.1000000000001</ele>
      </trkpt>
      <trkpt lat="42.774409996345639" lon="0.712999971583486">
        <ele>1315.1400000000001</ele>
      </trkpt>
      <trkpt lat="42.774430029094219" lon="0.712969964370131">
        <ele>1315.1400000000001</ele>
      </trkpt>
      <trkpt lat="42.774530025199056" lon="0.712560005486012">
        <ele>1309.5400000000002</ele>
      </trkpt>
      <trkpt lat="42.774639995768666" lon="0.712000010535121">
        <ele>1299.1900000000001</ele>
      </trkpt>
      <trkpt lat="42.775030005723238" lon="0.711530037224293">
        <ele>1282.45</ele>
      </trkpt>
      <trkpt lat="42.775160009041429" lon="0.71141998283565">
        <ele>1267.6000000000001</ele>
      </trkpt>
      <trkpt lat="42.775469971820712" lon="0.71131001226604">
        <ele>1264.1900000000001</ele>
      </trkpt>
      <trkpt lat="42.775610033422709" lon="0.710940035060048">
        <ele>1250.6900000000001</ele>
      </trkpt>
      <trkpt lat="42.775640040636063" lon="0.710460003465414">
        <ele>1236.3300000000002</ele>
      </trkpt>
      <trkpt lat="42.775569967925549" lon="0.709909982979298">
        <ele>1226.3700000000001</ele>
      </trkpt>
      <trkpt lat="42.775610033422709" lon="0.709609994664788">
        <ele>1223.0500000000002</ele>
      </trkpt>
      <trkpt lat="42.775539960712194" lon="0.709200035780668">
        <ele>1213.3599999999999</ele>
      </trkpt>
      <trkpt lat="42.775599975138903" lon="0.708870040252805">
        <ele>1205.0599999999999</ele>
      </trkpt>
      <trkpt lat="42.775729978457093" lon="0.708820000290871">
        <ele>1199.9700000000003</ele>
      </trkpt>
      <trkpt lat="42.776029966771603" lon="0.708929970860481">
        <ele>1194.26</ele>
      </trkpt>
      <trkpt lat="42.776170028373599" lon="0.708859981968999">
        <ele>1188.05</ele>
      </trkpt>
      <trkpt lat="42.776489965617657" lon="0.708929970860481">
        <ele>1178.1400000000001</ele>
      </trkpt>
      <trkpt lat="42.776630027219653" lon="0.708729978650808">
        <ele>1174.5100000000002</ele>
      </trkpt>
      <trkpt lat="42.77681996114552" lon="0.708610033616424">
        <ele>1169.1100000000001</ele>
      </trkpt>
      <trkpt lat="42.776990029960871" lon="0.708429990336299">
        <ele>1165.28</ele>
      </trkpt>
      <trkpt lat="42.777220029383898" lon="0.70810996927321">
        <ele>1161.27</ele>
      </trkpt>
      <trkpt lat="42.777230003848672" lon="0.707470010966063">
        <ele>1151.51</ele>
      </trkpt>
      <trkpt lat="42.777260011062026" lon="0.707279993221164">
        <ele>1150.8</ele>
      </trkpt>
      <trkpt lat="42.777369981631637" lon="0.707130040973425">
        <ele>1146.6200000000001</ele>
      </trkpt>
      <trkpt lat="42.777620013803244" lon="0.706689991056919">
        <ele>1141.48</ele>
      </trkpt>
      <trkpt lat="42.777780024334788" lon="0.706139970570803">
        <ele>1137.5700000000002</ele>
      </trkpt>
      <trkpt lat="42.777650021016598" lon="0.705560026690364">
        <ele>1130.8800000000001</ele>
      </trkpt>
      <trkpt lat="42.777629988268018" lon="0.705400016158819">
        <ele>1128.3500000000001</ele>
      </trkpt>
      <trkpt lat="42.777710035443306" lon="0.70520999841392">
        <ele>1125.2300000000002</ele>
      </trkpt>
      <trkpt lat="42.777599981054664" lon="0.705070020630956">
        <ele>1122.77</ele>
      </trkpt>
      <trkpt lat="42.777599981054664" lon="0.704979998990893">
        <ele>1122.77</ele>
      </trkpt>
      <trkpt lat="42.777750017121434" lon="0.704949991777539">
        <ele>1113.3200000000002</ele>
      </trkpt>
      <trkpt lat="42.777690002694726" lon="0.704829962924123">
        <ele>1113.3200000000002</ele>
      </trkpt>
      <trkpt lat="42.777780024334788" lon="0.704689985141158">
        <ele>1104.73</ele>
      </trkpt>
      <trkpt lat="42.777810031548142" lon="0.704469960182905">
        <ele>1100.7900000000002</ele>
      </trkpt>
      <trkpt lat="42.7781299687922" lon="0.703660016879439">
        <ele>1084.4900000000002</ele>
      </trkpt>
      <trkpt lat="42.778349993750453" lon="0.703439991921186">
        <ele>1076.8300000000002</ele>
      </trkpt>
      <trkpt lat="42.778449989855289" lon="0.703449966385961">
        <ele>1073.99</ele>
      </trkpt>
      <trkpt lat="42.778500029817224" lon="0.703239999711514">
        <ele>1067.75</ele>
      </trkpt>
      <trkpt lat="42.778570018708706" lon="0.703379977494478">
        <ele>1064.8900000000001</ele>
      </trkpt>
      <trkpt lat="42.778619974851608" lon="0.703270006924868">
        <ele>1064.8900000000001</ele>
      </trkpt>
      <trkpt lat="42.778700022026896" lon="0.703309988602996">
        <ele>1056.9700000000003</ele>
      </trkpt>
      <trkpt lat="42.778979977592826" lon="0.703189959749579">
        <ele>1050.1400000000001</ele>
      </trkpt>
      <trkpt lat="42.779269991442561" lon="0.703000025823712">
        <ele>1038.9700000000003</ele>
      </trkpt>
      <trkpt lat="42.779520023614168" lon="0.702940011397004">
        <ele>1033.4200000000001</ele>
      </trkpt>
      <trkpt lat="42.779799979180098" lon="0.703049981966615">
        <ele>1028.72</ele>
      </trkpt>
      <trkpt lat="42.780250003561378" lon="0.70336002856493">
        <ele>1022.2600000000001</ele>
      </trkpt>
      <trkpt lat="42.780180014669895" lon="0.703270006924868">
        <ele>1021.23</ele>
      </trkpt>
      <trkpt lat="42.780050011351705" lon="0.703010000288486">
        <ele>1020.4900000000001</ele>
      </trkpt>
      <trkpt lat="42.779929982498288" lon="0.702819982543588">
        <ele>1017.29</ele>
      </trkpt>
      <trkpt lat="42.779929982498288" lon="0.702740019187331">
        <ele>1017.29</ele>
      </trkpt>
      <trkpt lat="42.779969964176416" lon="0.702689979225397">
        <ele>1016.4699999999999</ele>
      </trkpt>
      <trkpt lat="42.780029978603125" lon="0.702659972012043">
        <ele>1016.4699999999999</ele>
      </trkpt>
      <trkpt lat="42.780140032991767" lon="0.702719986438751">
        <ele>1015.1700000000001</ele>
      </trkpt>
      <trkpt lat="42.780400039628148" lon="0.702970018610358">
        <ele>1011.97</ele>
      </trkpt>
      <trkpt lat="42.780630039051175" lon="0.703049981966615">
        <ele>1008.5000000000001</ele>
      </trkpt>
      <trkpt lat="42.78077001683414" lon="0.703189959749579">
        <ele>1008.5000000000001</ele>
      </trkpt>
      <trkpt lat="42.78090002015233" lon="0.703400010243058">
        <ele>1006.3900000000001</ele>
      </trkpt>
      <trkpt lat="42.780960034579039" lon="0.703539988026023">
        <ele>1006.3900000000001</ele>
      </trkpt>
      <trkpt lat="42.781149968504906" lon="0.703720031306148">
        <ele>1000.8099999999999</ele>
      </trkpt>
      <trkpt lat="42.781499996781349" lon="0.703899990767241">
        <ele>994.87</ele>
      </trkpt>
      <trkpt lat="42.781620025634766" lon="0.703899990767241">
        <ele>994.03000000000009</ele>
      </trkpt>
      <trkpt lat="42.781729996204376" lon="0.703839976340532">
        <ele>994.03000000000009</ele>
      </trkpt>
      <trkpt lat="42.781999977305532" lon="0.703609976917505">
        <ele>990.08000000000004</ele>
      </trkpt>
      <trkpt lat="42.782120006158948" lon="0.703600002452731">
        <ele>987.47000000000003</ele>
      </trkpt>
      <trkpt lat="42.78216996230185" lon="0.703630009666085">
        <ele>987.47000000000003</ele>
      </trkpt>
      <trkpt lat="42.782570030540228" lon="0.704139964655042">
        <ele>982.60000000000002</ele>
      </trkpt>
      <trkpt lat="42.782840011641383" lon="0.704599963501096">
        <ele>978.99000000000001</ele>
      </trkpt>
      <trkpt lat="42.783219963312149" lon="0.705460030585527">
        <ele>970.1400000000001</ele>
      </trkpt>
      <trkpt lat="42.783460021018982" lon="0.705860015004873">
        <ele>966.17000000000007</ele>
      </trkpt>
      <trkpt lat="42.783630006015301" lon="0.706299981102347">
        <ele>962.85000000000002</ele>
      </trkpt>
      <trkpt lat="42.7838200237602" lon="0.706620002165437">
        <ele>961.07000000000005</ele>
      </trkpt>
      <trkpt lat="42.784010041505098" lon="0.707029961049557">
        <ele>957.72000000000014</ele>
      </trkpt>
      <trkpt lat="42.784069972112775" lon="0.707059968262911">
        <ele>954.60000000000014</ele>
      </trkpt>
      <trkpt lat="42.78422998264432" lon="0.707430029287934">
        <ele>952.33000000000015</ele>
      </trkpt>
      <trkpt lat="42.784450007602572" lon="0.70783001370728">
        <ele>949.63000000000011</ele>
      </trkpt>
      <trkpt lat="42.784519996494055" lon="0.708039980381727">
        <ele>947.85000000000002</ele>
      </trkpt>
      <trkpt lat="42.784710014238954" lon="0.708450023084879">
        <ele>945.26999999999998</ele>
      </trkpt>
      <trkpt lat="42.78481001034379" lon="0.708529986441135">
        <ele>943.75000000000011</ele>
      </trkpt>
      <trkpt lat="42.784849992021918" lon="0.708499979227781">
        <ele>943.75000000000011</ele>
      </trkpt>
      <trkpt lat="42.784849992021918" lon="0.70828003808856">
        <ele>941.13</ele>
      </trkpt>
      <trkpt lat="42.784710014238954" lon="0.707690035924315">
        <ele>936.17000000000007</ele>
      </trkpt>
      <trkpt lat="42.784629967063665" lon="0.707500018179417">
        <ele>934.26999999999998</ele>
      </trkpt>
      <trkpt lat="42.784459982067347" lon="0.706919990479946">
        <ele>931.50999999999999</ele>
      </trkpt>
      <trkpt lat="42.784410025924444" lon="0.706610027700663">
        <ele>927.82000000000005</ele>
      </trkpt>
      <trkpt lat="42.7842500153929" lon="0.705979960039258">
        <ele>926.28000000000009</ele>
      </trkpt>
      <trkpt lat="42.78422998264432" lon="0.705879963934422">
        <ele>926.28000000000009</ele>
      </trkpt>
      <trkpt lat="42.7842500153929" lon="0.705669997259974">
        <ele>921.49000000000001</ele>
      </trkpt>
      <trkpt lat="42.784180026501417" lon="0.705219972878695">
        <ele>918.23000000000013</ele>
      </trkpt>
      <trkpt lat="42.784110037609935" lon="0.704940017312765">
        <ele>918.23000000000013</ele>
      </trkpt>
      <trkpt lat="42.783850030973554" lon="0.704180030152202">
        <ele>912.50000000000011</ele>
      </trkpt>
      <trkpt lat="42.784305000677705" lon="0.704299975186586">
        <ele>901.10000000000014</ele>
      </trkpt>
      <trkpt lat="42.784759970381856" lon="0.704420004040003">
        <ele>886.07000000000005</ele>
      </trkpt>
      <trkpt lat="42.785500008612871" lon="0.704970024526119">
        <ele>867.32000000000005</ele>
      </trkpt>
      <trkpt lat="42.785539990290999" lon="0.704510025680065">
        <ele>859.54000000000008</ele>
      </trkpt>
      <trkpt lat="42.785660019144416" lon="0.704029994085431">
        <ele>854.6400000000001</ele>
      </trkpt>
      <trkpt lat="42.785799996927381" lon="0.703709973022342">
        <ele>847.97000000000014</ele>
      </trkpt>
      <trkpt lat="42.785920025780797" lon="0.703370003029704">
        <ele>842.46000000000004</ele>
      </trkpt>
      <trkpt lat="42.786109959706664" lon="0.702749993652105">
        <ele>831.10000000000002</ele>
      </trkpt>
      <trkpt lat="42.786180032417178" lon="0.702399965375662">
        <ele>819.23000000000002</ele>
      </trkpt>
      <trkpt lat="42.786150025203824" lon="0.701729999855161">
        <ele>807.21000000000004</ele>
      </trkpt>
      <trkpt lat="42.786339959129691" lon="0.701699992641807">
        <ele>804.05000000000007</ele>
      </trkpt>
      <trkpt lat="42.786190006881952" lon="0.700580002740026">
        <ele>781.31000000000006</ele>
      </trkpt>
      <trkpt lat="42.785960007458925" lon="0.699580041691661">
        <ele>765.60000000000002</ele>
      </trkpt>
      <trkpt lat="42.785839978605509" lon="0.699239987879992">
        <ele>761.77999999999997</ele>
      </trkpt>
      <trkpt lat="42.78569002635777" lon="0.698280008509755">
        <ele>752.2700000000001</ele>
      </trkpt>
      <trkpt lat="42.78564996086061" lon="0.698189986869693">
        <ele>751.18000000000006</ele>
      </trkpt>
      <trkpt lat="42.785390038043261" lon="0.698080016300082">
        <ele>744.79999999999995</ele>
      </trkpt>
      <trkpt lat="42.785249976441264" lon="0.697609959170222">
        <ele>741.31000000000006</ele>
      </trkpt>
      <trkpt lat="42.785109998658299" lon="0.697299996390939">
        <ele>738.6400000000001</ele>
      </trkpt>
      <trkpt lat="42.785049984231591" lon="0.696849972009659">
        <ele>735.40999999999997</ele>
      </trkpt>
      <trkpt lat="42.785059958696365" lon="0.696660038083792">
        <ele>734.54000000000008</ele>
      </trkpt>
      <trkpt lat="42.785430019721389" lon="0.696329958736897">
        <ele>732.62</ele>
      </trkpt>
      <trkpt lat="42.78566999360919" lon="0.696180006489158">
        <ele>730.70000000000005</ele>
      </trkpt>
      <trkpt lat="42.785899993032217" lon="0.696099959313869">
        <ele>729.98000000000002</ele>
      </trkpt>
      <trkpt lat="42.786109959706664" lon="0.695970039814711">
        <ele>726.48000000000002</ele>
      </trkpt>
      <trkpt lat="42.786280028522015" lon="0.695740040391684">
        <ele>726.48000000000002</ele>
      </trkpt>
      <trkpt lat="42.78655000962317" lon="0.695480033755302">
        <ele>722.44000000000005</ele>
      </trkpt>
      <trkpt lat="42.786580016836524" lon="0.695380037650466">
        <ele>719.62</ele>
      </trkpt>
      <trkpt lat="42.786540035158396" lon="0.695290016010404">
        <ele>719.62</ele>
      </trkpt>
      <trkpt lat="42.786489995196462" lon="0.69526000879705">
        <ele>718.74000000000001</ele>
      </trkpt>
      <trkpt lat="42.786199981346726" lon="0.695299990475178">
        <ele>716.61000000000001</ele>
      </trkpt>
      <trkpt lat="42.786109959706664" lon="0.69528004154563">
        <ele>716.61000000000001</ele>
      </trkpt>
      <trkpt lat="42.786050029098988" lon="0.695209968835115">
        <ele>715.91000000000008</ele>
      </trkpt>
      <trkpt lat="42.785820029675961" lon="0.694519970566034">
        <ele>714.47000000000003</ele>
      </trkpt>
      <trkpt lat="42.785799996927381" lon="0.694419974461198">
        <ele>714.42999999999995</ele>
      </trkpt>
      <trkpt lat="42.785820029675961" lon="0.69410003721714">
        <ele>714.42000000000007</ele>
      </trkpt>
      <trkpt lat="42.785769989714026" lon="0.69397003389895">
        <ele>714.47000000000003</ele>
      </trkpt>
      <trkpt lat="42.78564996086061" lon="0.693829972296953">
        <ele>714.34000000000003</ele>
      </trkpt>
      <trkpt lat="42.785330023616552" lon="0.693680020049214">
        <ele>714.49000000000001</ele>
      </trkpt>
      <trkpt lat="42.785209994763136" lon="0.693510035052896">
        <ele>714.88000000000011</ele>
      </trkpt>
      <trkpt lat="42.785264058038592" lon="0.693065039813519">
        <ele>713.88000000000011</ele>
      </trkpt>
      <trkpt lat="42.785294568166137" lon="0.692881224676967">
        <ele>714.06000000000006</ele>
      </trkpt>
      <trkpt lat="42.785330023616552" lon="0.692700007930398">
        <ele>714.57000000000005</ele>
      </trkpt>
      <trkpt lat="42.785449968650937" lon="0.692349979653955">
        <ele>715.27999999999997</ele>
      </trkpt>
      <trkpt lat="42.78566999360919" lon="0.692509990185499">
        <ele>713.99000000000001</ele>
      </trkpt>
      <trkpt lat="42.785879960283637" lon="0.692590037360787">
        <ele>713.18000000000006</ele>
      </trkpt>
      <trkpt lat="42.786020021885633" lon="0.692609986290336">
        <ele>713.18000000000006</ele>
      </trkpt>
      <trkpt lat="42.786199981346726" lon="0.692670000717044">
        <ele>712.88000000000011</ele>
      </trkpt>
      <trkpt lat="42.786469962447882" lon="0.692839985713363">
        <ele>712.63999999999999</ele>
      </trkpt>
      <trkpt lat="42.786489995196462" lon="0.692890025675297">
        <ele>712.63999999999999</ele>
      </trkpt>
      <trkpt lat="42.786789983510971" lon="0.693229995667934">
        <ele>712.17000000000007</ele>
      </trkpt>
      <trkpt lat="42.787330029532313" lon="0.693659987300634">
        <ele>712.58000000000004</ele>
      </trkpt>
      <trkpt lat="42.787700006738305" lon="0.693850005045533">
        <ele>713.72000000000003</ele>
      </trkpt>
      <trkpt lat="42.788090016692877" lon="0.694140018895268">
        <ele>714.11000000000001</ele>
      </trkpt>
      <trkpt lat="42.788079958409071" lon="0.694129960611463">
        <ele>714.11000000000001</ele>
      </trkpt>
      <trkpt lat="42.788169980049133" lon="0.694200033321977">
        <ele>714.1400000000001</ele>
      </trkpt>
      <trkpt lat="42.788369972258806" lon="0.69440002553165">
        <ele>712.86000000000001</ele>
      </trkpt>
      <trkpt lat="42.788669960573316" lon="0.694930013269186">
        <ele>710.85000000000002</ele>
      </trkpt>
      <trkpt lat="42.788669960573316" lon="0.694969994947314">
        <ele>710.85000000000002</ele>
      </trkpt>
      <trkpt lat="42.78872000053525" lon="0.695000002160668">
        <ele>710.85000000000002</ele>
      </trkpt>
      <trkpt lat="42.78887003660202" lon="0.69526000879705">
        <ele>712.45000000000005</ele>
      </trkpt>
      <trkpt lat="42.789340009912848" lon="0.696180006489158">
        <ele>718.67000000000007</ele>
      </trkpt>
      <trkpt lat="42.789760027080774" lon="0.696259969845414">
        <ele>719.13</ele>
      </trkpt>
      <trkpt lat="42.79000997543335" lon="0.696370024234056">
        <ele>718.46000000000004</ele>
      </trkpt>
      <trkpt lat="42.790539963170886" lon="0.696900011971593">
        <ele>717.03000000000009</ele>
      </trkpt>
      <trkpt lat="42.790829977020621" lon="0.697090029716492">
        <ele>715.62</ele>
      </trkpt>
      <trkpt lat="42.791070034727454" lon="0.697120036929846">
        <ele>718.32000000000005</ele>
      </trkpt>
      <trkpt lat="42.791140023618937" lon="0.697149960324168">
        <ele>718.32000000000005</ele>
      </trkpt>
      <trkpt lat="42.791200038045645" lon="0.69710997864604">
        <ele>722.30999999999995</ele>
      </trkpt>
      <trkpt lat="42.791379997506738" lon="0.697039989754558">
        <ele>724.88000000000011</ele>
      </trkpt>
      <trkpt lat="42.791540008038282" lon="0.697149960324168">
        <ele>728.59000000000003</ele>
      </trkpt>
      <trkpt lat="42.791760032996535" lon="0.697039989754558">
        <ele>733.5200000000001</ele>
      </trkpt>
      <trkpt lat="42.791849970817566" lon="0.697069996967912">
        <ele>735.36000000000001</ele>
      </trkpt>
      <trkpt lat="42.791939992457628" lon="0.69713001139462">
        <ele>735.48000000000002</ele>
      </trkpt>
      <trkpt lat="42.791979974135756" lon="0.69713001139462">
        <ele>735.40999999999997</ele>
      </trkpt>
      <trkpt lat="42.792079970240593" lon="0.696890037506819">
        <ele>734.15000000000009</ele>
      </trkpt>
      <trkpt lat="42.792120035737753" lon="0.696660038083792">
        <ele>736.03999999999996</ele>
      </trkpt>
      <trkpt lat="42.792279962450266" lon="0.696389973163605">
        <ele>741.52999999999997</ele>
      </trkpt>
      <trkpt lat="42.792420024052262" lon="0.69622996263206">
        <ele>748.33000000000004</ele>
      </trkpt>
      <trkpt lat="42.792729986831546" lon="0.695929974317551">
        <ele>752.44000000000005</ele>
      </trkpt>
      <trkpt lat="42.792840041220188" lon="0.695880018174648">
        <ele>752.99000000000001</ele>
      </trkpt>
      <trkpt lat="42.793159978464246" lon="0.695780022069812">
        <ele>753.23000000000002</ele>
      </trkpt>
      <trkpt lat="42.793410010635853" lon="0.695780022069812">
        <ele>751.84000000000003</ele>
      </trkpt>
      <trkpt lat="42.793630035594106" lon="0.695789996534586">
        <ele>749.67999999999995</ele>
      </trkpt>
      <trkpt lat="42.793819969519973" lon="0.695759989321232">
        <ele>749.19000000000005</ele>
      </trkpt>
      <trkpt lat="42.793930023908615" lon="0.695789996534586">
        <ele>749.67000000000007</ele>
      </trkpt>
      <trkpt lat="42.794049968943" lon="0.695989988744259">
        <ele>751.16000000000008</ele>
      </trkpt>
      <trkpt lat="42.794109983369708" lon="0.695950007066131">
        <ele>751.50999999999999</ele>
      </trkpt>
      <trkpt lat="42.794190030544996" lon="0.69584003649652">
        <ele>751.42000000000007</ele>
      </trkpt>
      <trkpt lat="42.794379964470863" lon="0.695659993216395">
        <ele>750.40999999999997</ele>
      </trkpt>
      <trkpt lat="42.794590014964342" lon="0.695559997111559">
        <ele>750.6400000000001</ele>
      </trkpt>
      <trkpt lat="42.794769974425435" lon="0.695599978789687">
        <ele>751.32000000000005</ele>
      </trkpt>
      <trkpt lat="42.794839963316917" lon="0.695690000429749">
        <ele>753.10000000000014</ele>
      </trkpt>
      <trkpt lat="42.794989999383688" lon="0.695699974894524">
        <ele>756.42000000000007</ele>
      </trkpt>
      <trkpt lat="42.795110028237104" lon="0.695680025964975">
        <ele>762.38</ele>
      </trkpt>
      <trkpt lat="42.795319994911551" lon="0.695510040968657">
        <ele>767.89999999999998</ele>
      </trkpt>
      <trkpt lat="42.795529961585999" lon="0.695199994370341">
        <ele>776.84000000000003</ele>
      </trkpt>
      <trkpt lat="42.795759961009026" lon="0.695069991052151">
        <ele>788.24000000000001</ele>
      </trkpt>
      <trkpt lat="42.795900022611022" lon="0.695060016587377">
        <ele>791.43000000000006</ele>
      </trkpt>
      <trkpt lat="42.796079982072115" lon="0.695090023800731">
        <ele>798.95000000000005</ele>
      </trkpt>
      <trkpt lat="42.796249967068434" lon="0.695209968835115">
        <ele>803.72000000000014</ele>
      </trkpt>
      <trkpt lat="42.796379970386624" lon="0.695220027118921">
        <ele>810.23000000000013</ele>
      </trkpt>
      <trkpt lat="42.796499999240041" lon="0.695199994370341">
        <ele>813.38999999999999</ele>
      </trkpt>
      <trkpt lat="42.79634996317327" lon="0.695030009374022">
        <ele>813.38999999999999</ele>
      </trkpt>
      <trkpt lat="42.796330014243722" lon="0.694930013269186">
        <ele>813.38999999999999</ele>
      </trkpt>
      <trkpt lat="42.796409977599978" lon="0.695009976625443">
        <ele>813.38999999999999</ele>
      </trkpt>
      <trkpt lat="42.796579962596297" lon="0.695039983838797">
        <ele>813.38999999999999</ele>
      </trkpt>
      <trkpt lat="42.796699991449714" lon="0.695109972730279">
        <ele>813.38999999999999</ele>
      </trkpt>
      <trkpt lat="42.796839969232678" lon="0.695139979943633">
        <ele>813.38999999999999</ele>
      </trkpt>
      <trkpt lat="42.796990005299449" lon="0.695049958303571">
        <ele>813.38999999999999</ele>
      </trkpt>
      <trkpt lat="42.797110034152865" lon="0.695079965516925">
        <ele>813.38999999999999</ele>
      </trkpt>
      <trkpt lat="42.797240037471056" lon="0.695380037650466">
        <ele>813.38999999999999</ele>
      </trkpt>
      <trkpt lat="42.797450004145503" lon="0.695699974894524">
        <ele>813.38999999999999</ele>
      </trkpt>
      <trkpt lat="42.797629963606596" lon="0.69579997099936">
        <ele>813.38999999999999</ele>
      </trkpt>
      <trkpt lat="42.797749992460012" lon="0.695919999852777">
        <ele>813.38999999999999</ele>
      </trkpt>
      <trkpt lat="42.797859963029623" lon="0.695940032601357">
        <ele>858.88000000000011</ele>
      </trkpt>
      <trkpt lat="42.797859963029623" lon="0.695720007643104">
        <ele>858.88000000000011</ele>
      </trkpt>
      <trkpt lat="42.797800032421947" lon="0.695520015433431">
        <ele>858.88000000000011</ele>
      </trkpt>
      <trkpt lat="42.797670029103756" lon="0.695399986580014">
        <ele>858.88000000000011</ele>
      </trkpt>
      <trkpt lat="42.79765997081995" lon="0.695329997688532">
        <ele>858.88000000000011</ele>
      </trkpt>
      <trkpt lat="42.797830039635301" lon="0.695290016010404">
        <ele>858.88000000000011</ele>
      </trkpt>
      <trkpt lat="42.798040006309748" lon="0.695329997688532">
        <ele>858.88000000000011</ele>
      </trkpt>
      <trkpt lat="42.798179984092712" lon="0.695439968258142">
        <ele>858.88000000000011</ele>
      </trkpt>
      <trkpt lat="42.798290038481355" lon="0.69536997936666">
        <ele>858.88000000000011</ele>
      </trkpt>
      <trkpt lat="42.798260031268001" lon="0.695230001583695">
        <ele>858.88000000000011</ele>
      </trkpt>
      <trkpt lat="42.798100020736456" lon="0.695020034909248">
        <ele>858.88000000000011</ele>
      </trkpt>
      <trkpt lat="42.797919977456331" lon="0.694890031591058">
        <ele>858.88000000000011</ele>
      </trkpt>
      <trkpt lat="42.797870021313429" lon="0.694760028272867">
        <ele>858.88000000000011</ele>
      </trkpt>
      <trkpt lat="42.797949984669685" lon="0.694609992206097">
        <ele>858.88000000000011</ele>
      </trkpt>
      <trkpt lat="42.798179984092712" lon="0.694389967247844">
        <ele>862.5</ele>
      </trkpt>
      <trkpt lat="42.798460023477674" lon="0.69440002553165">
        <ele>869.33000000000004</ele>
      </trkpt>
      <trkpt lat="42.798630008473992" lon="0.694330036640167">
        <ele>875.72000000000003</ele>
      </trkpt>
      <trkpt lat="42.798790019005537" lon="0.694289971143007">
        <ele>879.28000000000009</ele>
      </trkpt>
      <trkpt lat="42.79899001121521" lon="0.694159967824817">
        <ele>884.59000000000003</ele>
      </trkpt>
      <trkpt lat="42.799180028960109" lon="0.693980008363724">
        <ele>888.52999999999997</ele>
      </trkpt>
      <trkpt lat="42.79939997009933" lon="0.693880012258887">
        <ele>891.52999999999997</ele>
      </trkpt>
      <trkpt lat="42.799459984526038" lon="0.693980008363724">
        <ele>894.84000000000003</ele>
      </trkpt>
      <trkpt lat="42.799629969522357" lon="0.694170026108623">
        <ele>898.65000000000009</ele>
      </trkpt>
      <trkpt lat="42.799740023910999" lon="0.694230040535331">
        <ele>898.65000000000009</ele>
      </trkpt>
      <trkpt lat="42.800019979476929" lon="0.694340011104941">
        <ele>906.19000000000005</ele>
      </trkpt>
      <trkpt lat="42.800119975581765" lon="0.694449981674552">
        <ele>906.19000000000005</ele>
      </trkpt>
      <trkpt lat="42.800200022757053" lon="0.694570010527968">
        <ele>909.79000000000008</ele>
      </trkpt>
      <trkpt lat="42.800309993326664" lon="0.694639999419451">
        <ele>913.09000000000003</ele>
      </trkpt>
      <trkpt lat="42.800539992749691" lon="0.694639999419451">
        <ele>917.62000000000012</ele>
      </trkpt>
      <trkpt lat="42.800660021603107" lon="0.694600017741323">
        <ele>926.19000000000005</ele>
      </trkpt>
      <trkpt lat="42.801109962165356" lon="0.69437999278307">
        <ele>943.26999999999998</ele>
      </trkpt>
      <trkpt lat="42.801359994336963" lon="0.694310003891587">
        <ele>948.07000000000005</ele>
      </trkpt>
      <trkpt lat="42.801440041512251" lon="0.694189975038171">
        <ele>948.78999999999996</ele>
      </trkpt>
      <trkpt lat="42.801580019295216" lon="0.693919993937016">
        <ele>948.47000000000003</ele>
      </trkpt>
      <trkpt lat="42.801689989864826" lon="0.69392996840179">
        <ele>947.50000000000011</ele>
      </trkpt>
      <trkpt lat="42.801810018718243" lon="0.694000041112304">
        <ele>947.06000000000006</ele>
      </trkpt>
      <trkpt lat="42.801910014823079" lon="0.69410003721714">
        <ele>946.67000000000007</ele>
      </trkpt>
      <trkpt lat="42.802049992606044" lon="0.69435996003449">
        <ele>946.0100000000001</ele>
      </trkpt>
      <trkpt lat="42.802240010350943" lon="0.694770002737641">
        <ele>945.95000000000005</ele>
      </trkpt>
      <trkpt lat="42.802549973130226" lon="0.695049958303571">
        <ele>945.32000000000005</ele>
      </trkpt>
      <trkpt lat="42.802999997511506" lon="0.695350030437112">
        <ele>945.37</ele>
      </trkpt>
      <trkpt lat="42.80335002578795" lon="0.695480033755302">
        <ele>939.08000000000004</ele>
      </trkpt>
      <trkpt lat="42.80345999635756" lon="0.695550022646785">
        <ele>937.32000000000005</ele>
      </trkpt>
      <trkpt lat="42.804019991308451" lon="0.696300035342574">
        <ele>931.58000000000004</ele>
      </trkpt>
      <trkpt lat="42.804129961878061" lon="0.696359965950251">
        <ele>929.80000000000007</ele>
      </trkpt>
      <trkpt lat="42.804379994049668" lon="0.696449987590313">
        <ele>923.55000000000007</ele>
      </trkpt>
      <trkpt lat="42.804679982364178" lon="0.696619972586632">
        <ele>919.1400000000001</ele>
      </trkpt>
      <trkpt lat="42.804849967360497" lon="0.696919960901141">
        <ele>912.75</ele>
      </trkpt>
      <trkpt lat="42.805169988423586" lon="0.697390018031001">
        <ele>896.20000000000005</ele>
      </trkpt>
      <trkpt lat="42.805369980633259" lon="0.69753997027874">
        <ele>889.19000000000005</ele>
      </trkpt>
      <trkpt lat="42.805460002273321" lon="0.697639966383576">
        <ele>887.05000000000007</ele>
      </trkpt>
      <trkpt lat="42.805529991164804" lon="0.697759995236993">
        <ele>885.28999999999996</ele>
      </trkpt>
      <trkpt lat="42.805659994482994" lon="0.698059983551502">
        <ele>880.35000000000002</ele>
      </trkpt>
      <trkpt lat="42.805740041658282" lon="0.698170037940145">
        <ele>876.30000000000007</ele>
      </trkpt>
      <trkpt lat="42.805840037763119" lon="0.698259975761175">
        <ele>874.40999999999997</ele>
      </trkpt>
      <trkpt lat="42.805940033867955" lon="0.698319990187883">
        <ele>870.93000000000006</ele>
      </trkpt>
      <trkpt lat="42.806289978325367" lon="0.698449993506074">
        <ele>866.46000000000015</ele>
      </trkpt>
      <trkpt lat="42.806749977171421" lon="0.698649985715747">
        <ele>862.96000000000004</ele>
      </trkpt>
      <trkpt lat="42.806949969381094" lon="0.698830028995872">
        <ele>860.91000000000008</ele>
      </trkpt>
      <trkpt lat="42.807149961590767" lon="0.699049970135093">
        <ele>854.48000000000002</ele>
      </trkpt>
      <trkpt lat="42.807250041514635" lon="0.699190031737089">
        <ele>852.24000000000012</ele>
      </trkpt>
      <trkpt lat="42.807629993185401" lon="0.699399998411536">
        <ele>845.34000000000003</ele>
      </trkpt>
      <trkpt lat="42.807750022038817" lon="0.699509968981147">
        <ele>843.18000000000006</ele>
      </trkpt>
      <trkpt lat="42.808010028675199" lon="0.699660005047917">
        <ele>841.69000000000005</ele>
      </trkpt>
      <trkpt lat="42.808429962024093" lon="0.699680037796497">
        <ele>841.23000000000002</ele>
      </trkpt>
      <trkpt lat="42.808619979768991" lon="0.699959993362427">
        <ele>840.37</ele>
      </trkpt>
      <trkpt lat="42.808749983087182" lon="0.700050015002489">
        <ele>838.44000000000005</ele>
      </trkpt>
      <trkpt lat="42.808889960870147" lon="0.700050015002489">
        <ele>837.54999999999995</ele>
      </trkpt>
      <trkpt lat="42.809160025790334" lon="0.700020007789135">
        <ele>830.66999999999996</ele>
      </trkpt>
      <trkpt lat="42.809579959139228" lon="0.700029982253909">
        <ele>819.34000000000003</ele>
      </trkpt>
      <trkpt lat="42.809859998524189" lon="0.700089996680617">
        <ele>816.8900000000001</ele>
      </trkpt>
      <trkpt lat="42.81014003790915" lon="0.700189992785454">
        <ele>811.11000000000013</ele>
      </trkpt>
      <trkpt lat="42.81052996404469" lon="0.700449999421835">
        <ele>802.58000000000004</ele>
      </trkpt>
      <trkpt lat="42.810859959572554" lon="0.700730038806796">
        <ele>796.35000000000014</ele>
      </trkpt>
      <trkpt lat="42.810870017856359" lon="0.70074001327157">
        <ele>796.38999999999999</ele>
      </trkpt>
      <trkpt lat="42.811249969527125" lon="0.701239993795753">
        <ele>786.19000000000005</ele>
      </trkpt>
      <trkpt lat="42.811249969527125" lon="0.701390029862523">
        <ele>782.55000000000007</ele>
      </trkpt>
      <trkpt lat="42.811270002275705" lon="0.701509974896908">
        <ele>780.67000000000007</ele>
      </trkpt>
      <trkpt lat="42.811330016702414" lon="0.701690018177032">
        <ele>770.5200000000001</ele>
      </trkpt>
      <trkpt lat="42.811449961736798" lon="0.701909959316254">
        <ele>761.88000000000011</ele>
      </trkpt>
      <trkpt lat="42.811500001698732" lon="0.702059995383024">
        <ele>756.42000000000007</ele>
      </trkpt>
      <trkpt lat="42.811479968950152" lon="0.70248001255095">
        <ele>745.66000000000008</ele>
      </trkpt>
      <trkpt lat="42.811139998957515" lon="0.702519994229078">
        <ele>738.29000000000008</ele>
      </trkpt>
      <trkpt lat="42.811449961736798" lon="0.702680004760623">
        <ele>738.29000000000008</ele>
      </trkpt>
      <trkpt lat="42.811420038342476" lon="0.703040007501841">
        <ele>733.46000000000015</ele>
      </trkpt>
      <trkpt lat="42.811294980347157" lon="0.703639984130859">
        <ele>721.42000000000007</ele>
      </trkpt>
      <trkpt lat="42.811170006170869" lon="0.704239960759878">
        <ele>710.74000000000001</ele>
      </trkpt>
      <trkpt lat="42.811089958995581" lon="0.704749999567866">
        <ele>701.49000000000001</ele>
      </trkpt>
      <trkpt lat="42.811260027810931" lon="0.705140009522438">
        <ele>697.66000000000008</ele>
      </trkpt>
      <trkpt lat="42.811339991167188" lon="0.705370008945465">
        <ele>695.66000000000008</ele>
      </trkpt>
      <trkpt lat="42.811369998380542" lon="0.705620041117072">
        <ele>691.63000000000011</ele>
      </trkpt>
      <trkpt lat="42.811290035024285" lon="0.706150028854609">
        <ele>684.48000000000002</ele>
      </trkpt>
      <trkpt lat="42.811230020597577" lon="0.706280032172799">
        <ele>682.66000000000008</ele>
      </trkpt>
      <trkpt lat="42.811170006170869" lon="0.706880008801818">
        <ele>677.29999999999995</ele>
      </trkpt>
      <trkpt lat="42.811119966208935" lon="0.707059968262911">
        <ele>675.25</ele>
      </trkpt>
      <trkpt lat="42.811009995639324" lon="0.707230037078261">
        <ele>673.94000000000005</ele>
      </trkpt>
      <trkpt lat="42.810889966785908" lon="0.707310000434518">
        <ele>670.84000000000015</ele>
      </trkpt>
      <trkpt lat="42.810770021751523" lon="0.707600014284253">
        <ele>667.04000000000008</ele>
      </trkpt>
      <trkpt lat="42.810749989002943" lon="0.707760024815798">
        <ele>667.04000000000008</ele>
      </trkpt>
      <trkpt lat="42.810640018433332" lon="0.708009973168373">
        <ele>662.80999999999995</ele>
      </trkpt>
      <trkpt lat="42.810559971258044" lon="0.708350026980042">
        <ele>660.60000000000002</ele>
      </trkpt>
      <trkpt lat="42.810370037332177" lon="0.708820000290871">
        <ele>654.96000000000004</ele>
      </trkpt>
      <trkpt lat="42.810329971835017" lon="0.708999959751964">
        <ele>653.13999999999999</ele>
      </trkpt>
      <trkpt lat="42.810310022905469" lon="0.709489965811372">
        <ele>649.75</ele>
      </trkpt>
      <trkpt lat="42.810259982943535" lon="0.709800012409687">
        <ele>647.16999999999996</ele>
      </trkpt>
      <trkpt lat="42.810310022905469" lon="0.709830019623041">
        <ele>647.11000000000001</ele>
      </trkpt>
      <trkpt lat="42.810240034013987" lon="0.710499985143542">
        <ele>641.22000000000003</ele>
      </trkpt>
      <trkpt lat="42.810710007324815" lon="0.710650021210313">
        <ele>638.10000000000002</ele>
      </trkpt>
      <trkpt lat="42.811179980635643" lon="0.710799973458052">
        <ele>637.45000000000005</ele>
      </trkpt>
      <trkpt lat="42.811190038919449" lon="0.710739959031343">
        <ele>637.48000000000002</ele>
      </trkpt>
      <trkpt lat="42.811369998380542" lon="0.710789998993278">
        <ele>637.68000000000006</ele>
      </trkpt>
      <trkpt lat="42.811500001698732" lon="0.710869962349534">
        <ele>638.0100000000001</ele>
      </trkpt>
      <trkpt lat="42.811539983376861" lon="0.710920002311468">
        <ele>638.0100000000001</ele>
      </trkpt>
      <trkpt lat="42.811850029975176" lon="0.710940035060048">
        <ele>637.77999999999997</ele>
      </trkpt>
      <trkpt lat="42.812395021319389" lon="0.711059980094433">
        <ele>637.83000000000004</ele>
      </trkpt>
      <trkpt lat="42.812940012663603" lon="0.711180008947849">
        <ele>637.55000000000007</ele>
      </trkpt>
      <trkpt lat="42.813270008191466" lon="0.711229965090752">
        <ele>637.21000000000004</ele>
      </trkpt>
      <trkpt lat="42.813309989869595" lon="0.71131001226604">
        <ele>637.21000000000004</ele>
      </trkpt>
      <trkpt lat="42.813430018723011" lon="0.711430041119456">
        <ele>636.91000000000008</ele>
      </trkpt>
      <trkpt lat="42.813439993187785" lon="0.71144001558423">
        <ele>636.89999999999998</ele>
      </trkpt>
      <trkpt lat="42.813769988715649" lon="0.711649982258677">
        <ele>636.50999999999999</ele>
      </trkpt>
      <trkpt lat="42.814250020310283" lon="0.711789960041642">
        <ele>636.43000000000006</ele>
      </trkpt>
      <trkpt lat="42.814670037478209" lon="0.711779985576868">
        <ele>635.19000000000005</ele>
      </trkpt>
      <trkpt lat="42.814880004152656" lon="0.711749978363514">
        <ele>633.31000000000006</ele>
      </trkpt>
      <trkpt lat="42.815010007470846" lon="0.711709996685386">
        <ele>633.31000000000006</ele>
      </trkpt>
      <trkpt lat="42.815100029110909" lon="0.711619975045323">
        <ele>632.64999999999998</ele>
      </trkpt>
      <trkpt lat="42.815209999680519" lon="0.711449990049005">
        <ele>632.15000000000009</ele>
      </trkpt>
      <trkpt lat="42.815260039642453" lon="0.711300037801266">
        <ele>631.75</ele>
      </trkpt>
      <trkpt lat="42.81574996188283" lon="0.711229965090752">
        <ele>631.8900000000001</ele>
      </trkpt>
      <trkpt lat="42.816239967942238" lon="0.711159976199269">
        <ele>632.01999999999998</ele>
      </trkpt>
      <trkpt lat="42.816399978473783" lon="0.711150001734495">
        <ele>637.10000000000002</ele>
      </trkpt>
      <trkpt lat="42.816439960151911" lon="0.711119994521141">
        <ele>637.10000000000002</ele>
      </trkpt>
      <trkpt lat="42.816540040075779" lon="0.711119994521141">
        <ele>636.87</ele>
      </trkpt>
      <trkpt lat="42.816770039498806" lon="0.711200041696429">
        <ele>636.58000000000004</ele>
      </trkpt>
      <trkpt lat="42.816870035603642" lon="0.71141998283565">
        <ele>636.58000000000004</ele>
      </trkpt>
      <trkpt lat="42.817200031131506" lon="0.711549986153841">
        <ele>633.46000000000004</ele>
      </trkpt>
      <trkpt lat="42.817379990592599" lon="0.711679989472032">
        <ele>631.83000000000004</ele>
      </trkpt>
      <trkpt lat="42.817440005019307" lon="0.711660040542483">
        <ele>631.83000000000004</ele>
      </trkpt>
      <trkpt lat="42.817530026659369" lon="0.711789960041642">
        <ele>631.5</ele>
      </trkpt>
      <trkpt lat="42.817969992756844" lon="0.712269991636276">
        <ele>630.80000000000007</ele>
      </trkpt>
      <trkpt lat="42.818405013531446" lon="0.712790004909039">
        <ele>630.70000000000005</ele>
      </trkpt>
      <trkpt lat="42.818840034306049" lon="0.713310018181801">
        <ele>631</ele>
      </trkpt>
      <trkpt lat="42.818669965490699" lon="0.713640013709664">
        <ele>630.43000000000006</ele>
      </trkpt>
      <trkpt lat="42.818680023774505" lon="0.713649988174438">
        <ele>624.63</ele>
      </trkpt>
      <trkpt lat="42.819306654855609" lon="0.714289946481586">
        <ele>624.38999999999999</ele>
      </trkpt>
      <trkpt lat="42.819933369755745" lon="0.714929988607764">
        <ele>624.08000000000004</ele>
      </trkpt>
      <trkpt lat="42.820560000836849" lon="0.715570030733943">
        <ele>625.97000000000003</ele>
      </trkpt>
      <trkpt lat="42.821028046309948" lon="0.716595975682139">
        <ele>625.61000000000001</ele>
      </trkpt>
      <trkpt lat="42.821496007964015" lon="0.717621920630336">
        <ele>623.38</ele>
      </trkpt>
      <trkpt lat="42.821964053437114" lon="0.718647949397564">
        <ele>623.57000000000005</ele>
      </trkpt>
      <trkpt lat="42.822432015091181" lon="0.719673978164792">
        <ele>626.66000000000008</ele>
      </trkpt>
      <trkpt lat="42.822899976745248" lon="0.72070000693202">
        <ele>626.5</ele>
      </trkpt>
      <trkpt lat="42.823480004444718" lon="0.721580022946">
        <ele>623.61000000000001</ele>
      </trkpt>
      <trkpt lat="42.824060032144189" lon="0.72246003895998">
        <ele>622.71000000000004</ele>
      </trkpt>
      <trkpt lat="42.824379969388247" lon="0.723260007798672">
        <ele>624.12</ele>
      </trkpt>
      <trkpt lat="42.824119962751865" lon="0.724089983850718">
        <ele>622.55000000000007</ele>
      </trkpt>
      <trkpt lat="42.823860039934516" lon="0.724919959902763">
        <ele>623.87</ele>
      </trkpt>
      <trkpt lat="42.823819974437356" lon="0.725090028718114">
        <ele>621.88000000000011</ele>
      </trkpt>
      <trkpt lat="42.823860039934516" lon="0.725460005924106">
        <ele>619.54000000000008</ele>
      </trkpt>
      <trkpt lat="42.823989959433675" lon="0.725780026987195">
        <ele>617.96000000000004</ele>
      </trkpt>
      <trkpt lat="42.824109988287091" lon="0.725959986448288">
        <ele>619.12</ele>
      </trkpt>
      <trkpt lat="42.824260024353862" lon="0.726040033623576">
        <ele>622.13000000000011</ele>
      </trkpt>
      <trkpt lat="42.824479965493083" lon="0.72607004083693">
        <ele>629.8900000000001</ele>
      </trkpt>
      <trkpt lat="42.824950022622943" lon="0.72607004083693">
        <ele>639.24000000000001</ele>
      </trkpt>
      <trkpt lat="42.825319999828935" lon="0.726099964231253">
        <ele>653.63999999999999</ele>
      </trkpt>
      <trkpt lat="42.825659969821572" lon="0.72632996365428">
        <ele>657.43000000000006</ele>
      </trkpt>
      <trkpt lat="42.825979990884662" lon="0.726589970290661">
        <ele>650.69000000000005</ele>
      </trkpt>
      <trkpt lat="42.826000023633242" lon="0.726559963077307">
        <ele>649.16000000000008</ele>
      </trkpt>
      <trkpt lat="42.825979990884662" lon="0.726429959759116">
        <ele>645.85000000000002</ele>
      </trkpt>
      <trkpt lat="42.826049979776144" lon="0.726340021938086">
        <ele>642.20000000000005</ele>
      </trkpt>
      <trkpt lat="42.826070012524724" lon="0.726229967549443">
        <ele>636.38999999999999</ele>
      </trkpt>
      <trkpt lat="42.82614997588098" lon="0.726319989189506">
        <ele>634.52999999999997</ele>
      </trkpt>
      <trkpt lat="42.826230023056269" lon="0.726540014147758">
        <ele>627.85000000000002</ele>
      </trkpt>
      <trkpt lat="42.826769985258579" lon="0.727070001885295">
        <ele>618.58000000000004</ele>
      </trkpt>
      <trkpt lat="42.827069973573089" lon="0.727149965241551">
        <ele>617.88999999999999</ele>
      </trkpt>
      <trkpt lat="42.827259991317987" lon="0.727049969136715">
        <ele>617.97000000000003</ele>
      </trkpt>
      <trkpt lat="42.827450009062886" lon="0.727179972454906">
        <ele>618.46000000000004</ele>
      </trkpt>
      <trkpt lat="42.827489990741014" lon="0.72736001573503">
        <ele>618.34000000000003</ele>
      </trkpt>
      <trkpt lat="42.827510023489594" lon="0.727650029584765">
        <ele>617.36000000000001</ele>
      </trkpt>
      <trkpt lat="42.827589986845851" lon="0.727920010685921">
        <ele>616.85000000000002</ele>
      </trkpt>
      <trkpt lat="42.828040011227131" lon="0.728289987891912">
        <ele>622.58000000000004</ele>
      </trkpt>
      <trkpt lat="42.82836003229022" lon="0.728610008955002">
        <ele>618.75</ele>
      </trkpt>
      <trkpt lat="42.828490035608411" lon="0.728810001164675">
        <ele>617.55999999999995</ele>
      </trkpt>
      <trkpt lat="42.828739983960986" lon="0.729060033336282">
        <ele>616.79999999999995</ele>
      </trkpt>
      <trkpt lat="42.829050030559301" lon="0.729209985584021">
        <ele>616.12</ele>
      </trkpt>
      <trkpt lat="42.829250022768974" lon="0.729179978370667">
        <ele>616.7600000000001</ele>
      </trkpt>
      <trkpt lat="42.829399975016713" lon="0.729270000010729">
        <ele>616.82000000000005</ele>
      </trkpt>
      <trkpt lat="42.830049991607666" lon="0.729390028864145">
        <ele>614.49000000000012</ele>
      </trkpt>
      <trkpt lat="42.830460034310818" lon="0.729739973321557">
        <ele>613.37000000000012</ele>
      </trkpt>
      <trkpt lat="42.830760022625327" lon="0.729790013283491">
        <ele>613.5200000000001</ele>
      </trkpt>
      <trkpt lat="42.831109967082739" lon="0.730020012706518">
        <ele>621.91000000000008</ele>
      </trkpt>
      <trkpt lat="42.831499977037311" lon="0.730419997125864">
        <ele>624.87</ele>
      </trkpt>
      <trkpt lat="42.831810023635626" lon="0.730870021507144">
        <ele>622.05000000000007</ele>
      </trkpt>
      <trkpt lat="42.831980008631945" lon="0.731030032038689">
        <ele>624.16999999999996</ele>
      </trkpt>
      <trkpt lat="42.832189975306392" lon="0.7313799764961">
        <ele>628.64999999999998</ele>
      </trkpt>
      <trkpt lat="42.832370018586516" lon="0.731639983132482">
        <ele>630.08000000000004</ele>
      </trkpt>
      <trkpt lat="42.832500021904707" lon="0.731650041416287">
        <ele>634.5200000000001</ele>
      </trkpt>
      <trkpt lat="42.832819959148765" lon="0.732320006936789">
        <ele>634.33000000000004</ele>
      </trkpt>
      <trkpt lat="42.833049958571792" lon="0.732380021363497">
        <ele>632.08000000000004</ele>
      </trkpt>
      <trkpt lat="42.83323997631669" lon="0.732459984719753">
        <ele>630.38999999999999</ele>
      </trkpt>
      <trkpt lat="42.833369979634881" lon="0.732480017468333">
        <ele>628.86000000000013</ele>
      </trkpt>
      <trkpt lat="42.833471316844225" lon="0.732785537838936">
        <ele>633.23828125</ele>
      </trkpt>
      <trkpt lat="42.833633003756404" lon="0.732730217278004">
        <ele>627.10000000000014</ele>
      </trkpt>
      <trkpt lat="42.83374079503119" lon="0.732763409614563">
        <ele>625.92000000000007</ele>
      </trkpt>
      <trkpt lat="42.833866523578763" lon="0.732929371297359">
        <ele>625.92000000000007</ele>
      </trkpt>
      <trkpt lat="42.833983283489943" lon="0.733062140643597">
        <ele>625.92000000000007</ele>
      </trkpt>
      <trkpt lat="42.834154022857547" lon="0.733316615223885">
        <ele>622.13999999999999</ele>
      </trkpt>
      <trkpt lat="42.834342615678906" lon="0.73339406400919">
        <ele>621.52999999999997</ele>
      </trkpt>
      <trkpt lat="42.834423501044512" lon="0.733261294662952">
        <ele>621.11000000000001</ele>
      </trkpt>
      <trkpt lat="42.834504302591085" lon="0.73308426886797">
        <ele>620.40999999999997</ele>
      </trkpt>
      <trkpt lat="42.834649980068207" lon="0.733059961348772">
        <ele>620.96000000000004</ele>
      </trkpt>
      <trkpt lat="42.834909986704588" lon="0.733349975198507">
        <ele>627.93000000000006</ele>
      </trkpt>
      <trkpt lat="42.834909986704588" lon="0.733390040695667">
        <ele>627.93000000000006</ele>
      </trkpt>
      <trkpt lat="42.834779983386397" lon="0.733509985730052">
        <ele>630.57000000000005</ele>
      </trkpt>
      <trkpt lat="42.834900012239814" lon="0.733649963513017">
        <ele>634.43999999999994</ele>
      </trkpt>
      <trkpt lat="42.83502004109323" lon="0.733850039541721">
        <ele>639.10000000000002</ele>
      </trkpt>
      <trkpt lat="42.835060022771358" lon="0.733950035646558">
        <ele>641.10000000000002</ele>
      </trkpt>
      <trkpt lat="42.835160018876195" lon="0.734009966254234">
        <ele>643.21000000000004</ele>
      </trkpt>
      <trkpt lat="42.835169993340969" lon="0.734069980680943">
        <ele>643.21000000000004</ele>
      </trkpt>
      <trkpt lat="42.83502004109323" lon="0.734099987894297">
        <ele>647.68000000000006</ele>
      </trkpt>
      <trkpt lat="42.83502004109323" lon="0.734129995107651">
        <ele>649.83000000000004</ele>
      </trkpt>
      <trkpt lat="42.835190026089549" lon="0.734220016747713">
        <ele>652.92000000000007</ele>
      </trkpt>
      <trkpt lat="42.835330003872514" lon="0.734220016747713">
        <ele>655.92000000000007</ele>
      </trkpt>
      <trkpt lat="42.835339978337288" lon="0.734250023961067">
        <ele>657.80000000000007</ele>
      </trkpt>
      <trkpt lat="42.835290022194386" lon="0.73432001285255">
        <ele>658.68000000000006</ele>
      </trkpt>
      <trkpt lat="42.835030015558004" lon="0.734420008957386">
        <ele>662.77999999999997</ele>
      </trkpt>
      <trkpt lat="42.834960026666522" lon="0.734480023384094">
        <ele>665.38000000000011</ele>
      </trkpt>
      <trkpt lat="42.834919961169362" lon="0.734540037810802">
        <ele>666.31000000000006</ele>
      </trkpt>
      <trkpt lat="42.834909986704588" lon="0.734610026702285">
        <ele>666.31000000000006</ele>
      </trkpt>
      <trkpt lat="42.834949968382716" lon="0.734599968418479">
        <ele>670.25</ele>
      </trkpt>
      <trkpt lat="42.835039990022779" lon="0.734540037810802">
        <ele>670.25</ele>
      </trkpt>
      <trkpt lat="42.835130011662841" lon="0.734529979526997">
        <ele>674.09000000000003</ele>
      </trkpt>
      <trkpt lat="42.835160018876195" lon="0.734559986740351">
        <ele>674.09000000000003</ele>
      </trkpt>
      <trkpt lat="42.834930019453168" lon="0.735119981691241">
        <ele>681.98000000000002</ele>
      </trkpt>
      <trkpt lat="42.835039990022779" lon="0.735249985009432">
        <ele>685.99000000000012</ele>
      </trkpt>
      <trkpt lat="42.835130011662841" lon="0.735089974477887">
        <ele>687.80000000000007</ele>
      </trkpt>
      <trkpt lat="42.835220033302903" lon="0.734989978373051">
        <ele>690.84000000000003</ele>
      </trkpt>
      <trkpt lat="42.835250040516257" lon="0.735010011121631">
        <ele>690.84000000000003</ele>
      </trkpt>
      <trkpt lat="42.835179967805743" lon="0.735119981691241">
        <ele>693.29000000000008</ele>
      </trkpt>
      <trkpt lat="42.835169993340969" lon="0.735259959474206">
        <ele>693.29000000000008</ele>
      </trkpt>
      <trkpt lat="42.835369985550642" lon="0.735070025548339">
        <ele>698.53000000000009</ele>
      </trkpt>
      <trkpt lat="42.835269989445806" lon="0.735539998859167">
        <ele>704.83000000000004</ele>
      </trkpt>
      <trkpt lat="42.835420025512576" lon="0.735379988327622">
        <ele>709.70000000000005</ele>
      </trkpt>
      <trkpt lat="42.835360011085868" lon="0.735679976642132">
        <ele>712.99000000000001</ele>
      </trkpt>
      <trkpt lat="42.835399992763996" lon="0.736309960484505">
        <ele>721.47000000000003</ele>
      </trkpt>
      <trkpt lat="42.835439974442124" lon="0.736299986019731">
        <ele>721.47000000000003</ele>
      </trkpt>
      <trkpt lat="42.835780028253794" lon="0.735690034925938">
        <ele>732.36000000000001</ele>
      </trkpt>
      <trkpt lat="42.835810035467148" lon="0.73571995832026">
        <ele>732.94000000000005</ele>
      </trkpt>
      <trkpt lat="42.835790002718568" lon="0.735849961638451">
        <ele>733.62</ele>
      </trkpt>
      <trkpt lat="42.83583995886147" lon="0.735849961638451">
        <ele>735.98000000000002</ele>
      </trkpt>
      <trkpt lat="42.836010027676821" lon="0.735500017181039">
        <ele>739.69000000000005</ele>
      </trkpt>
      <trkpt lat="42.836040034890175" lon="0.735539998859167">
        <ele>740.31000000000006</ele>
      </trkpt>
      <trkpt lat="42.836010027676821" lon="0.735709983855486">
        <ele>741.6400000000001</ele>
      </trkpt>
      <trkpt lat="42.836150005459785" lon="0.735679976642132">
        <ele>744.45000000000005</ele>
      </trkpt>
      <trkpt lat="42.836380004882813" lon="0.735869994387031">
        <ele>750.75</ele>
      </trkpt>
      <trkpt lat="42.836300041526556" lon="0.736020030453801">
        <ele>752.62</ele>
      </trkpt>
      <trkpt lat="42.836250001564622" lon="0.736050037667155">
        <ele>754.40999999999997</ele>
      </trkpt>
      <trkpt lat="42.836199961602688" lon="0.736180040985346">
        <ele>754.40999999999997</ele>
      </trkpt>
      <trkpt lat="42.836080016568303" lon="0.736559992656112">
        <ele>763.43000000000006</ele>
      </trkpt>
      <trkpt lat="42.836080016568303" lon="0.736729977652431">
        <ele>763.43000000000006</ele>
      </trkpt>
      <trkpt lat="42.83615997992456" lon="0.736980009824038">
        <ele>767.20000000000005</ele>
      </trkpt>
      <trkpt lat="42.836240027099848" lon="0.736919995397329">
        <ele>772.01999999999998</ele>
      </trkpt>
      <trkpt lat="42.836240027099848" lon="0.736710028722882">
        <ele>773.7700000000001</ele>
      </trkpt>
      <trkpt lat="42.836280008777976" lon="0.736559992656112">
        <ele>776.87</ele>
      </trkpt>
      <trkpt lat="42.836349997669458" lon="0.736459996551275">
        <ele>777.67000000000007</ele>
      </trkpt>
      <trkpt lat="42.836370030418038" lon="0.736669963225722">
        <ele>780.36000000000001</ele>
      </trkpt>
      <trkpt lat="42.836440019309521" lon="0.736859980970621">
        <ele>780.36000000000001</ele>
      </trkpt>
      <trkpt lat="42.836649985983968" lon="0.737229958176613">
        <ele>791.80999999999995</ele>
      </trkpt>
      <trkpt lat="42.836749982088804" lon="0.737560037523508">
        <ele>796.29000000000008</ele>
      </trkpt>
      <trkpt lat="42.836789963766932" lon="0.737460041418672">
        <ele>802.35000000000014</ele>
      </trkpt>
      <trkpt lat="42.836909992620349" lon="0.738350031897426">
        <ele>814.06000000000006</ele>
      </trkpt>
      <trkpt lat="42.836970007047057" lon="0.738520016893744">
        <ele>817.23000000000002</ele>
      </trkpt>
      <trkpt lat="42.837009988725185" lon="0.738820005208254">
        <ele>823.04000000000008</ele>
      </trkpt>
      <trkpt lat="42.837060028687119" lon="0.738880019634962">
        <ele>824.02999999999997</ele>
      </trkpt>
      <trkpt lat="42.837079977616668" lon="0.738690001890063">
        <ele>826.17000000000007</ele>
      </trkpt>
      <trkpt lat="42.837119959294796" lon="0.738720009103417">
        <ele>829.55000000000007</ele>
      </trkpt>
      <trkpt lat="42.837179973721504" lon="0.739029971882701">
        <ele>832.82000000000005</ele>
      </trkpt>
      <trkpt lat="42.837220039218664" lon="0.739110019057989">
        <ele>832.82000000000005</ele>
      </trkpt>
      <trkpt lat="42.837230013683438" lon="0.738859986886382">
        <ele>840.23000000000002</ele>
      </trkpt>
      <trkpt lat="42.837269995361567" lon="0.738820005208254">
        <ele>841.20000000000005</ele>
      </trkpt>
      <trkpt lat="42.837399998679757" lon="0.73934999294579">
        <ele>848.44000000000005</ele>
      </trkpt>
      <trkpt lat="42.837409973144531" lon="0.739310011267662">
        <ele>848.44000000000005</ele>
      </trkpt>
      <trkpt lat="42.837399998679757" lon="0.739200040698051">
        <ele>851.42000000000007</ele>
      </trkpt>
      <trkpt lat="42.837430005893111" lon="0.739150000736117">
        <ele>851.42000000000007</ele>
      </trkpt>
      <trkpt lat="42.837430005893111" lon="0.738970041275024">
        <ele>854.87</ele>
      </trkpt>
      <trkpt lat="42.837479962036014" lon="0.738950008526444">
        <ele>854.87</ele>
      </trkpt>
      <trkpt lat="42.837509969249368" lon="0.738980015739799">
        <ele>859.72000000000003</ele>
      </trkpt>
      <trkpt lat="42.837539976462722" lon="0.739159975200891">
        <ele>862.35000000000002</ele>
      </trkpt>
      <trkpt lat="42.83757995814085" lon="0.739180007949471">
        <ele>862.35000000000002</ele>
      </trkpt>
      <trkpt lat="42.837609965354204" lon="0.739129967987537">
        <ele>866.52999999999997</ele>
      </trkpt>
      <trkpt lat="42.83762002363801" lon="0.73889996856451">
        <ele>873.15000000000009</ele>
      </trkpt>
      <trkpt lat="42.83759999088943" lon="0.738720009103417">
        <ele>873.15000000000009</ele>
      </trkpt>
      <trkpt lat="42.83762002363801" lon="0.738669969141483">
        <ele>875.99000000000001</ele>
      </trkpt>
      <trkpt lat="42.837660005316138" lon="0.738669969141483">
        <ele>875.99000000000001</ele>
      </trkpt>
      <trkpt lat="42.837690012529492" lon="0.738650020211935">
        <ele>878.93000000000006</ele>
      </trkpt>
      <trkpt lat="42.837699986994267" lon="0.738569973036647">
        <ele>878.93000000000006</ele>
      </trkpt>
      <trkpt lat="42.837810041382909" lon="0.738320024684072">
        <ele>883.7600000000001</ele>
      </trkpt>
      <trkpt lat="42.837990000844002" lon="0.738390013575554">
        <ele>888.68000000000006</ele>
      </trkpt>
      <trkpt lat="42.838010033592582" lon="0.738420020788908">
        <ele>888.68000000000006</ele>
      </trkpt>
      <trkpt lat="42.838110029697418" lon="0.738450028002262">
        <ele>894.2700000000001</ele>
      </trkpt>
      <trkpt lat="42.838359978049994" lon="0.7387899979949">
        <ele>900.44000000000005</ele>
      </trkpt>
      <trkpt lat="42.838280014693737" lon="0.739019997417927">
        <ele>901.28000000000009</ele>
      </trkpt>
      <trkpt lat="42.838210025802255" lon="0.73937002569437">
        <ele>903.04000000000008</ele>
      </trkpt>
      <trkpt lat="42.838189993053675" lon="0.739630032330751">
        <ele>904.18000000000006</ele>
      </trkpt>
      <trkpt lat="42.838229974731803" lon="0.739849973469973">
        <ele>905.69000000000005</ele>
      </trkpt>
      <trkpt lat="42.838199967518449" lon="0.740039991214871">
        <ele>906.92000000000007</ele>
      </trkpt>
      <trkpt lat="42.838129978626966" lon="0.740299997851253">
        <ele>910.23000000000013</ele>
      </trkpt>
      <trkpt lat="42.837990000844002" lon="0.74052999727428">
        <ele>911.57000000000005</ele>
      </trkpt>
      <trkpt lat="42.837839964777231" lon="0.741229970008135">
        <ele>917.80000000000007</ele>
      </trkpt>
      <trkpt lat="42.837859997525811" lon="0.741459969431162">
        <ele>920.43000000000006</ele>
      </trkpt>
      <trkpt lat="42.837829990312457" lon="0.741589972749352">
        <ele>921.12</ele>
      </trkpt>
      <trkpt lat="42.837760001420975" lon="0.741710001602769">
        <ele>922.21000000000004</ele>
      </trkpt>
      <trkpt lat="42.837660005316138" lon="0.742149967700243">
        <ele>927.96000000000015</ele>
      </trkpt>
      <trkpt lat="42.837660005316138" lon="0.74285002425313">
        <ele>943.2600000000001</ele>
      </trkpt>
      <trkpt lat="42.837509969249368" lon="0.743210026994348">
        <ele>946.55000000000007</ele>
      </trkpt>
      <trkpt lat="42.837399998679757" lon="0.743540022522211">
        <ele>948.95000000000005</ele>
      </trkpt>
      <trkpt lat="42.837320035323501" lon="0.743970014154911">
        <ele>952.55000000000007</ele>
      </trkpt>
      <trkpt lat="42.837320035323501" lon="0.744609972462058">
        <ele>960.00999999999999</ele>
      </trkpt>
      <trkpt lat="42.837239988148212" lon="0.745199974626303">
        <ele>963.65000000000009</ele>
      </trkpt>
      <trkpt lat="42.837290028110147" lon="0.745550002902746">
        <ele>966.51999999999998</ele>
      </trkpt>
      <trkpt lat="42.836939999833703" lon="0.745710013434291">
        <ele>970.18000000000006</ele>
      </trkpt>
      <trkpt lat="42.836879985406995" lon="0.745919980108738">
        <ele>970.98000000000002</ele>
      </trkpt>
      <trkpt lat="42.836870010942221" lon="0.746100023388863">
        <ele>971.1400000000001</ele>
      </trkpt>
      <trkpt lat="42.836789963766932" lon="0.746470000594854">
        <ele>971.15000000000009</ele>
      </trkpt>
      <trkpt lat="42.836670018732548" lon="0.746700000017881">
        <ele>972.00000000000011</ele>
      </trkpt>
      <trkpt lat="42.836570022627711" lon="0.747020021080971">
        <ele>973.31000000000006</ele>
      </trkpt>
      <trkpt lat="42.836150005459785" lon="0.747269969433546">
        <ele>975.97000000000014</ele>
      </trkpt>
      <trkpt lat="42.835850017145276" lon="0.747469961643219">
        <ele>976.15999999999997</ele>
      </trkpt>
      <trkpt lat="42.835550028830767" lon="0.748019982129335">
        <ele>977.32000000000005</ele>
      </trkpt>
      <trkpt lat="42.835360011085868" lon="0.748319970443845">
        <ele>977.2600000000001</ele>
      </trkpt>
      <trkpt lat="42.835160018876195" lon="0.748530020937324">
        <ele>976.85000000000014</ele>
      </trkpt>
      <trkpt lat="42.83484997227788" lon="0.748769994825125">
        <ele>975.80000000000007</ele>
      </trkpt>
      <trkpt lat="42.834479995071888" lon="0.749099990352988">
        <ele>973.54000000000008</ele>
      </trkpt>
      <trkpt lat="42.833889992907643" lon="0.749829970300198">
        <ele>974.27999999999997</ele>
      </trkpt>
      <trkpt lat="42.833720007911325" lon="0.750200031325221">
        <ele>972.2600000000001</ele>
      </trkpt>
      <trkpt lat="42.833190020173788" lon="0.750890029594302">
        <ele>970.03000000000009</ele>
      </trkpt>
      <trkpt lat="42.833000002428889" lon="0.751510038971901">
        <ele>970.63000000000011</ele>
      </trkpt>
      <trkpt lat="42.832749970257282" lon="0.752040026709437">
        <ele>974.2600000000001</ele>
      </trkpt>
      <trkpt lat="42.832609992474318" lon="0.753049962222576">
        <ele>977.60000000000002</ele>
      </trkpt>
      <trkpt lat="42.832370018586516" lon="0.753380041569471">
        <ele>978.96000000000004</ele>
      </trkpt>
      <trkpt lat="42.8322499897331" lon="0.753720011562109">
        <ele>979.3900000000001</ele>
      </trkpt>
      <trkpt lat="42.832189975306392" lon="0.754119995981455">
        <ele>978.58000000000004</ele>
      </trkpt>
      <trkpt lat="42.831970034167171" lon="0.754249999299645">
        <ele>972.72000000000003</ele>
      </trkpt>
      <trkpt lat="42.831710027530789" lon="0.754479998722672">
        <ele>963.35000000000002</ele>
      </trkpt>
      <trkpt lat="42.831650013104081" lon="0.754510005936027">
        <ele>960.81000000000006</ele>
      </trkpt>
      <trkpt lat="42.831490002572536" lon="0.754679990932345">
        <ele>955.90000000000009</ele>
      </trkpt>
      <trkpt lat="42.83136997371912" lon="0.754770012572408">
        <ele>951.34000000000003</ele>
      </trkpt>
      <trkpt lat="42.831239970400929" lon="0.754749979823828">
        <ele>945.95000000000005</ele>
      </trkpt>
      <trkpt lat="42.831079959869385" lon="0.75468996539712">
        <ele>938.1400000000001</ele>
      </trkpt>
      <trkpt lat="42.831069985404611" lon="0.754600027576089">
        <ele>936.35000000000014</ele>
      </trkpt>
      <trkpt lat="42.831099992617965" lon="0.753880022093654">
        <ele>917.98000000000013</ele>
      </trkpt>
      <trkpt lat="42.831050036475062" lon="0.753439972177148">
        <ele>905.75</ele>
      </trkpt>
      <trkpt lat="42.831039978191257" lon="0.752660036087036">
        <ele>894.38</ele>
      </trkpt>
      <trkpt lat="42.831060010939837" lon="0.752479992806911">
        <ele>888.00000000000011</ele>
      </trkpt>
      <trkpt lat="42.831020029261708" lon="0.752410003915429">
        <ele>886.58000000000004</ele>
      </trkpt>
      <trkpt lat="42.830969989299774" lon="0.752479992806911">
        <ele>886.58000000000004</ele>
      </trkpt>
      <trkpt lat="42.830900000408292" lon="0.75264997780323">
        <ele>880.67999999999995</ele>
      </trkpt>
      <trkpt lat="42.830839985981584" lon="0.752700017765164">
        <ele>874.88999999999999</ele>
      </trkpt>
      <trkpt lat="42.830779971554875" lon="0.752719966694713">
        <ele>874.88999999999999</ele>
      </trkpt>
      <trkpt lat="42.830730015411973" lon="0.752770006656647">
        <ele>874.88999999999999</ele>
      </trkpt>
      <trkpt lat="42.830690033733845" lon="0.752839995548129">
        <ele>871.84000000000003</ele>
      </trkpt>
      <trkpt lat="42.830649968236685" lon="0.752849970012903">
        <ele>870.23000000000002</ele>
      </trkpt>
      <trkpt lat="42.830639993771911" lon="0.752689959481359">
        <ele>866.87</ele>
      </trkpt>
      <trkpt lat="42.830590037629008" lon="0.752760032191873">
        <ele>861.67000000000007</ele>
      </trkpt>
      <trkpt lat="42.830600012093782" lon="0.752679985016584">
        <ele>861.67000000000007</ele>
      </trkpt>
      <trkpt lat="42.83050999045372" lon="0.752760032191873">
        <ele>854.61000000000013</ele>
      </trkpt>
      <trkpt lat="42.83050999045372" lon="0.752419978380203">
        <ele>848.27999999999997</ele>
      </trkpt>
      <trkpt lat="42.830549972131848" lon="0.751989986747503">
        <ele>836.71000000000004</ele>
      </trkpt>
      <trkpt lat="42.830549972131848" lon="0.751720005646348">
        <ele>831.34000000000003</ele>
      </trkpt>
      <trkpt lat="42.830490041524172" lon="0.751190017908812">
        <ele>824.08000000000004</ele>
      </trkpt>
      <trkpt lat="42.830449976027012" lon="0.751030007377267">
        <ele>819.67000000000007</ele>
      </trkpt>
      <trkpt lat="42.830479983240366" lon="0.750949960201979">
        <ele>818.36000000000001</ele>
      </trkpt>
      <trkpt lat="42.830539997667074" lon="0.75090997852385">
        <ele>816.13</ele>
      </trkpt>
      <trkpt lat="42.830579979345202" lon="0.750839989632368">
        <ele>815.1400000000001</ele>
      </trkpt>
      <trkpt lat="42.830600012093782" lon="0.750679979100823">
        <ele>812.54000000000008</ele>
      </trkpt>
      <trkpt lat="42.83037998713553" lon="0.750869996845722">
        <ele>812.21000000000004</ele>
      </trkpt>
      <trkpt lat="42.830309998244047" lon="0.750969992950559">
        <ele>811.96000000000004</ele>
      </trkpt>
      <trkpt lat="42.830210002139211" lon="0.750949960201979">
        <ele>811.96000000000004</ele>
      </trkpt>
      <trkpt lat="42.830110006034374" lon="0.751499980688095">
        <ele>805.83000000000004</ele>
      </trkpt>
      <trkpt lat="42.829680014401674" lon="0.752359963953495">
        <ele>792.35000000000014</ele>
      </trkpt>
      <trkpt lat="42.829399975016713" lon="0.753039987757802">
        <ele>782.67000000000007</ele>
      </trkpt>
      <trkpt lat="42.829420007765293" lon="0.753350034356117">
        <ele>780.53000000000009</ele>
      </trkpt>
      <trkpt lat="42.829299978911877" lon="0.753869963809848">
        <ele>780.28000000000009</ele>
      </trkpt>
      <trkpt lat="42.829129993915558" lon="0.753820007666945">
        <ele>779.25000000000011</ele>
      </trkpt>
      <trkpt lat="42.828990016132593" lon="0.754150003194809">
        <ele>774.04000000000008</ele>
      </trkpt>
      <trkpt lat="42.828850038349628" lon="0.754189984872937">
        <ele>769.48000000000002</ele>
      </trkpt>
      <trkpt lat="42.82866002060473" lon="0.754099963232875">
        <ele>765.31000000000006</ele>
      </trkpt>
      <trkpt lat="42.828479977324605" lon="0.754289980977774">
        <ele>762.16999999999996</ele>
      </trkpt>
      <trkpt lat="42.828079992905259" lon="0.754310013726354">
        <ele>762.74000000000012</ele>
      </trkpt>
      <trkpt lat="42.827880000695586" lon="0.754570020362735">
        <ele>765.43999999999994</ele>
      </trkpt>
      <trkpt lat="42.827840019017458" lon="0.755000011995435">
        <ele>770.87</ele>
      </trkpt>
      <trkpt lat="42.827749997377396" lon="0.754970004782081">
        <ele>773.12</ele>
      </trkpt>
      <trkpt lat="42.827670034021139" lon="0.754919964820147">
        <ele>775.80000000000007</ele>
      </trkpt>
      <trkpt lat="42.827580012381077" lon="0.755019960924983">
        <ele>779.12</ele>
      </trkpt>
      <trkpt lat="42.827489990741014" lon="0.754979979246855">
        <ele>784.7700000000001</ele>
      </trkpt>
      <trkpt lat="42.827410027384758" lon="0.754970004782081">
        <ele>786.5200000000001</ele>
      </trkpt>
      <trkpt lat="42.827239958569407" lon="0.755230011418462">
        <ele>793.7700000000001</ele>
      </trkpt>
      <trkpt lat="42.827150020748377" lon="0.755460010841489">
        <ele>801.41999999999996</ele>
      </trkpt>
      <trkpt lat="42.826850032433867" lon="0.755230011418462">
        <ele>811.38999999999999</ele>
      </trkpt>
      <trkpt lat="42.826720029115677" lon="0.755200004205108">
        <ele>816.82000000000005</ele>
      </trkpt>
      <trkpt lat="42.826279979199171" lon="0.75481996871531">
        <ele>830.72000000000003</ele>
      </trkpt>
      <trkpt lat="42.826409982517362" lon="0.754510005936027">
        <ele>839.51999999999998</ele>
      </trkpt>
      <trkpt lat="42.826539985835552" lon="0.754359969869256">
        <ele>842.27999999999997</ele>
      </trkpt>
      <trkpt lat="42.82644996419549" lon="0.754340020939708">
        <ele>847.51999999999998</ele>
      </trkpt>
      <trkpt lat="42.826390033587813" lon="0.754229966551065">
        <ele>850.00000000000011</ele>
      </trkpt>
      <trkpt lat="42.826479971408844" lon="0.754050007089973">
        <ele>851.15000000000009</ele>
      </trkpt>
      <trkpt lat="42.826430015265942" lon="0.753929978236556">
        <ele>856.49000000000012</ele>
      </trkpt>
      <trkpt lat="42.826509978622198" lon="0.753539968281984">
        <ele>863.24000000000012</ele>
      </trkpt>
      <trkpt lat="42.826630007475615" lon="0.753330001607537">
        <ele>867.37000000000012</ele>
      </trkpt>
      <trkpt lat="42.826370000839233" lon="0.752979973331094">
        <ele>873.3900000000001</ele>
      </trkpt>
      <trkpt lat="42.826089961454272" lon="0.752200037240982">
        <ele>888.16000000000008</ele>
      </trkpt>
      <trkpt lat="42.825949983671308" lon="0.751989986747503">
        <ele>892.57000000000005</ele>
      </trkpt>
      <trkpt lat="42.825870020315051" lon="0.751599976792932">
        <ele>899.55000000000007</ele>
      </trkpt>
      <trkpt lat="42.825759965926409" lon="0.75163995847106">
        <ele>901.85000000000002</ele>
      </trkpt>
      <trkpt lat="42.825689977034926" lon="0.751799969002604">
        <ele>904.20000000000005</ele>
      </trkpt>
      <trkpt lat="42.825510017573833" lon="0.751689998432994">
        <ele>915.38999999999999</ele>
      </trkpt>
      <trkpt lat="42.825429970398545" lon="0.751569969579577">
        <ele>915.38999999999999</ele>
      </trkpt>
      <trkpt lat="42.825329974293709" lon="0.751480031758547">
        <ele>922.55000000000007</ele>
      </trkpt>
      <trkpt lat="42.825250010937452" lon="0.751459999009967">
        <ele>922.55000000000007</ele>
      </trkpt>
      <trkpt lat="42.825080025941133" lon="0.751529987901449">
        <ele>939.75000000000011</ele>
      </trkpt>
      <trkpt lat="42.824999978765845" lon="0.751490006223321">
        <ele>939.75000000000011</ele>
      </trkpt>
      <trkpt lat="42.824950022622943" lon="0.751399984583259">
        <ele>946.86000000000001</ele>
      </trkpt>
      <trkpt lat="42.824829993769526" lon="0.751090021803975">
        <ele>959.29000000000008</ele>
      </trkpt>
      <trkpt lat="42.824860000982881" lon="0.750389965251088">
        <ele>981.81000000000006</ele>
      </trkpt>
      <trkpt lat="42.824799986556172" lon="0.750300027430058">
        <ele>986.71000000000004</ele>
      </trkpt>
      <trkpt lat="42.82472999766469" lon="0.75034998357296">
        <ele>986.71000000000004</ele>
      </trkpt>
      <trkpt lat="42.824669983237982" lon="0.750590041279793">
        <ele>1001.6</ele>
      </trkpt>
      <trkpt lat="42.824569987133145" lon="0.750419972464442">
        <ele>1009.47</ele>
      </trkpt>
      <trkpt lat="42.824509972706437" lon="0.750200031325221">
        <ele>1015.9</ele>
      </trkpt>
      <trkpt lat="42.824499998241663" lon="0.749959973618388">
        <ele>1021.36</ele>
      </trkpt>
      <trkpt lat="42.824430009350181" lon="0.749880010262132">
        <ele>1025.5400000000002</ele>
      </trkpt>
      <trkpt lat="42.824330013245344" lon="0.750240013003349">
        <ele>1043.4300000000001</ele>
      </trkpt>
      <trkpt lat="42.824219958856702" lon="0.750430030748248">
        <ele>1049.7500000000002</ele>
      </trkpt>
      <trkpt lat="42.824030024930835" lon="0.750679979100823">
        <ele>1061.8500000000001</ele>
      </trkpt>
      <trkpt lat="42.823930028825998" lon="0.750900004059076">
        <ele>1067.1099999999999</ele>
      </trkpt>
      <trkpt lat="42.82384998165071" lon="0.75093001127243">
        <ele>1071.28</ele>
      </trkpt>
      <trkpt lat="42.823619982227683" lon="0.751120029017329">
        <ele>1083.8900000000001</ele>
      </trkpt>
      <trkpt lat="42.823549993336201" lon="0.751280039548874">
        <ele>1087.6200000000001</ele>
      </trkpt>
      <trkpt lat="42.823099968954921" lon="0.752200037240982">
        <ele>1096.95</ele>
      </trkpt>
      <trkpt lat="42.822499992325902" lon="0.752860028296709">
        <ele>1108.21</ele>
      </trkpt>
      <trkpt lat="42.821970004588366" lon="0.753209972754121">
        <ele>1124.29</ele>
      </trkpt>
      <trkpt lat="42.821370027959347" lon="0.753299994394183">
        <ele>1136.1199999999999</ele>
      </trkpt>
      <trkpt lat="42.821040032431483" lon="0.75339999049902">
        <ele>1142.9600000000003</ele>
      </trkpt>
      <trkpt lat="42.820639964193106" lon="0.753429997712374">
        <ele>1152.1800000000003</ele>
      </trkpt>
      <trkpt lat="42.82036998309195" lon="0.753309968858957">
        <ele>1158.9200000000001</ele>
      </trkpt>
      <trkpt lat="42.820130009204149" lon="0.75294996611774">
        <ele>1173.6400000000001</ele>
      </trkpt>
      <trkpt lat="42.820069994777441" lon="0.752660036087036">
        <ele>1177.1600000000001</ele>
      </trkpt>
      <trkpt lat="42.819500025361776" lon="0.752310007810593">
        <ele>1177.4200000000001</ele>
      </trkpt>
      <trkpt lat="42.819240018725395" lon="0.752289975062013">
        <ele>1176.4300000000001</ele>
      </trkpt>
      <trkpt lat="42.818639958277345" lon="0.752300033345819">
        <ele>1172.6400000000001</ele>
      </trkpt>
      <trkpt lat="42.818299988284707" lon="0.752410003915429">
        <ele>1172.45</ele>
      </trkpt>
      <trkpt lat="42.817749967798591" lon="0.752330040559173">
        <ele>1172.3700000000001</ele>
      </trkpt>
      <trkpt lat="42.817530026659369" lon="0.752410003915429">
        <ele>1172.6100000000001</ele>
      </trkpt>
      <trkpt lat="42.816910017281771" lon="0.752500025555491">
        <ele>1178.6700000000001</ele>
      </trkpt>
      <trkpt lat="42.816190011799335" lon="0.752200037240982">
        <ele>1195.1900000000003</ele>
      </trkpt>
      <trkpt lat="42.816729974001646" lon="0.752180004492402">
        <ele>1194.8199999999999</ele>
      </trkpt>
      <trkpt lat="42.816910017281771" lon="0.751980012282729">
        <ele>1195.77</ele>
      </trkpt>
      <trkpt lat="42.81721000559628" lon="0.751940030604601">
        <ele>1196.6700000000001</ele>
      </trkpt>
      <trkpt lat="42.817839989438653" lon="0.751825030893087">
        <ele>1198.9400000000001</ele>
      </trkpt>
      <trkpt lat="42.818469973281026" lon="0.751710031181574">
        <ele>1201.8600000000001</ele>
      </trkpt>
      <trkpt lat="42.819280000403523" lon="0.751870041713119">
        <ele>1200.3199999999999</ele>
      </trkpt>
      <trkpt lat="42.819670010358095" lon="0.751970037817955">
        <ele>1199.71</ele>
      </trkpt>
      <trkpt lat="42.820320026949048" lon="0.752440011128783">
        <ele>1197.0899999999999</ele>
      </trkpt>
      <trkpt lat="42.820469979196787" lon="0.75251997448504">
        <ele>1196.6199999999999</ele>
      </trkpt>
      <trkpt lat="42.820599982514977" lon="0.752500025555491">
        <ele>1196.6199999999999</ele>
      </trkpt>
      <trkpt lat="42.820950010791421" lon="0.752149997279048">
        <ele>1195.23</ele>
      </trkpt>
      <trkpt lat="42.821199959143996" lon="0.751729980111122">
        <ele>1194.3000000000002</ele>
      </trkpt>
      <trkpt lat="42.821419984102249" lon="0.751150036230683">
        <ele>1196.6400000000001</ele>
      </trkpt>
      <trkpt lat="42.821689965203404" lon="0.750240013003349">
        <ele>1200.74</ele>
      </trkpt>
      <trkpt lat="42.821804964914918" lon="0.749410036951303">
        <ele>1205.24</ele>
      </trkpt>
      <trkpt lat="42.821919964626431" lon="0.748579977080226">
        <ele>1210.6900000000001</ele>
      </trkpt>
      <trkpt lat="42.821930022910237" lon="0.748219974339008">
        <ele>1213.03</ele>
      </trkpt>
      <trkpt lat="42.821990037336946" lon="0.748000033199787">
        <ele>1214.2</ele>
      </trkpt>
      <trkpt lat="42.821970004588366" lon="0.747900037094951">
        <ele>1215.6800000000001</ele>
      </trkpt>
      <trkpt lat="42.821800019592047" lon="0.748270014300942">
        <ele>1218.26</ele>
      </trkpt>
      <trkpt lat="42.821440016850829" lon="0.749299982562661">
        <ele>1225.4200000000001</ele>
      </trkpt>
      <trkpt lat="42.821189984679222" lon="0.749750006943941">
        <ele>1229.8800000000001</ele>
      </trkpt>
      <trkpt lat="42.82071003690362" lon="0.750760026276112">
        <ele>1238.1100000000001</ele>
      </trkpt>
      <trkpt lat="42.820569975301623" lon="0.750900004059076">
        <ele>1240.4000000000001</ele>
      </trkpt>
      <trkpt lat="42.820499986410141" lon="0.750790033489466">
        <ele>1241.1900000000001</ele>
      </trkpt>
      <trkpt lat="42.820720011368394" lon="0.750449979677796">
        <ele>1242.2900000000002</ele>
      </trkpt>
      <trkpt lat="42.820950010791421" lon="0.749850003048778">
        <ele>1242.6700000000001</ele>
      </trkpt>
      <trkpt lat="42.821089988574386" lon="0.749150030314922">
        <ele>1246.6700000000001</ele>
      </trkpt>
      <trkpt lat="42.82111999578774" lon="0.748260039836168">
        <ele>1252.48</ele>
      </trkpt>
      <trkpt lat="42.821150003001094" lon="0.747369965538383">
        <ele>1260.2600000000002</ele>
      </trkpt>
      <trkpt lat="42.821180010214448" lon="0.746479975059628">
        <ele>1267.5200000000002</ele>
      </trkpt>
      <trkpt lat="42.821259973570704" lon="0.745599959045649">
        <ele>1277.1000000000001</ele>
      </trkpt>
      <trkpt lat="42.821180010214448" lon="0.745510021224618">
        <ele>1278.4000000000001</ele>
      </trkpt>
      <trkpt lat="42.820959985256195" lon="0.746055012568831">
        <ele>1282.6399999999999</ele>
      </trkpt>
      <trkpt lat="42.820739960297942" lon="0.746600003913045">
        <ele>1288.6500000000001</ele>
      </trkpt>
      <trkpt lat="42.820469979196787" lon="0.747009962797165">
        <ele>1295.2700000000002</ele>
      </trkpt>
      <trkpt lat="42.820220030844212" lon="0.747659979388118">
        <ele>1300.2</ele>
      </trkpt>
      <trkpt lat="42.820009980350733" lon="0.747929960489273">
        <ele>1304.51</ele>
      </trkpt>
      <trkpt lat="42.819839995354414" lon="0.747859971597791">
        <ele>1306.5500000000002</ele>
      </trkpt>
      <trkpt lat="42.819689959287643" lon="0.747870029881597">
        <ele>1309.45</ele>
      </trkpt>
      <trkpt lat="42.819149997085333" lon="0.747970025986433">
        <ele>1313.9200000000001</ele>
      </trkpt>
      <trkpt lat="42.818610034883022" lon="0.748070022091269">
        <ele>1323.6500000000001</ele>
      </trkpt>
      <trkpt lat="42.818130003288388" lon="0.747889978811145">
        <ele>1327.96</ele>
      </trkpt>
      <trkpt lat="42.817630022764206" lon="0.74804998934269">
        <ele>1335.2400000000002</ele>
      </trkpt>
      <trkpt lat="42.81723003834486" lon="0.747980000451207">
        <ele>1338.9700000000003</ele>
      </trkpt>
      <trkpt lat="42.818009974434972" lon="0.747650004923344">
        <ele>1347.48</ele>
      </trkpt>
      <trkpt lat="42.818435020744801" lon="0.747295031324029">
        <ele>1352.48</ele>
      </trkpt>
      <trkpt lat="42.818859983235598" lon="0.746939973905683">
        <ele>1355.3700000000001</ele>
      </trkpt>
      <trkpt lat="42.819149997085333" lon="0.746669992804527">
        <ele>1356.1200000000001</ele>
      </trkpt>
      <trkpt lat="42.81937999650836" lon="0.746379978954792">
        <ele>1357.55</ele>
      </trkpt>
      <trkpt lat="42.819570014253259" lon="0.746079990640283">
        <ele>1359.3500000000001</ele>
      </trkpt>
      <trkpt lat="42.819630028679967" lon="0.745930038392544">
        <ele>1359.3500000000001</ele>
      </trkpt>
      <trkpt lat="42.819739999249578" lon="0.745369959622622">
        <ele>1361.02</ele>
      </trkpt>
      <trkpt lat="42.819949965924025" lon="0.744724972173572">
        <ele>1366.0800000000002</ele>
      </trkpt>
      <trkpt lat="42.820160016417503" lon="0.744079984724522">
        <ele>1368.5600000000002</ele>
      </trkpt>
      <trkpt lat="42.820399990305305" lon="0.743659967556596">
        <ele>1370.74</ele>
      </trkpt>
      <trkpt lat="42.820620015263557" lon="0.743480008095503">
        <ele>1371.24</ele>
      </trkpt>
      <trkpt lat="42.820940036326647" lon="0.743020009249449">
        <ele>1371.95</ele>
      </trkpt>
      <trkpt lat="42.821470024064183" lon="0.742660006508231">
        <ele>1368.45</ele>
      </trkpt>
      <trkpt lat="42.821949971839786" lon="0.742260022088885">
        <ele>1363.25</ele>
      </trkpt>
      <trkpt lat="42.822149964049459" lon="0.742019964382052">
        <ele>1362.0599999999999</ele>
      </trkpt>
      <trkpt lat="42.822160022333264" lon="0.741689968854189">
        <ele>1360.7900000000002</ele>
      </trkpt>
      <trkpt lat="42.822160022333264" lon="0.741670019924641">
        <ele>1360.7900000000002</ele>
      </trkpt>
      <trkpt lat="42.82213001511991" lon="0.741419987753034">
        <ele>1359.45</ele>
      </trkpt>
      <trkpt lat="42.822009986266494" lon="0.741150006651878">
        <ele>1360.3100000000002</ele>
      </trkpt>
      <trkpt lat="42.821760037913918" lon="0.740799978375435">
        <ele>1362.1800000000001</ele>
      </trkpt>
      <trkpt lat="42.821040032431483" lon="0.740350037813187">
        <ele>1364.6400000000001</ele>
      </trkpt>
      <trkpt lat="42.820599982514977" lon="0.740139987319708">
        <ele>1365.3400000000001</ele>
      </trkpt>
      <trkpt lat="42.820160016417503" lon="0.739930020645261">
        <ele>1364.0800000000002</ele>
      </trkpt>
      <trkpt lat="42.819689959287643" lon="0.739280004054308">
        <ele>1361.6200000000001</ele>
      </trkpt>
      <trkpt lat="42.81940002925694" lon="0.738565027713776">
        <ele>1359.3000000000002</ele>
      </trkpt>
      <trkpt lat="42.819110015407205" lon="0.737849967554212">
        <ele>1358.4900000000002</ele>
      </trkpt>
      <trkpt lat="42.81852001324296" lon="0.737310005351901">
        <ele>1356.7</ele>
      </trkpt>
      <trkpt lat="42.818165039643645" lon="0.736789992079139">
        <ele>1355.1900000000001</ele>
      </trkpt>
      <trkpt lat="42.817809982225299" lon="0.736269978806376">
        <ele>1353.8800000000001</ele>
      </trkpt>
      <trkpt lat="42.817455008625984" lon="0.735860019922256">
        <ele>1353.7700000000002</ele>
      </trkpt>
      <trkpt lat="42.81710003502667" lon="0.735449977219105">
        <ele>1354.26</ele>
      </trkpt>
      <trkpt lat="42.816589996218681" lon="0.734640033915639">
        <ele>1354.4400000000001</ele>
      </trkpt>
      <trkpt lat="42.816290007904172" lon="0.733730010688305">
        <ele>1355.3000000000002</ele>
      </trkpt>
      <trkpt lat="42.815960012376308" lon="0.732910009101033">
        <ele>1352.95</ele>
      </trkpt>
      <trkpt lat="42.815669998526573" lon="0.732740024104714">
        <ele>1351.8300000000002</ele>
      </trkpt>
      <trkpt lat="42.815330028533936" lon="0.732589988037944">
        <ele>1350.6500000000001</ele>
      </trkpt>
      <trkpt lat="42.815189966931939" lon="0.732550006359816">
        <ele>1349.6000000000001</ele>
      </trkpt>
      <trkpt lat="42.814750000834465" lon="0.732674980536103">
        <ele>1345.75</ele>
      </trkpt>
      <trkpt lat="42.814310034736991" lon="0.732800038531423">
        <ele>1341.97</ele>
      </trkpt>
      <trkpt lat="42.813720032572746" lon="0.732469959184527">
        <ele>1335.7700000000002</ele>
      </trkpt>
      <trkpt lat="42.813590029254556" lon="0.732350014150143">
        <ele>1334.1800000000001</ele>
      </trkpt>
      <trkpt lat="42.813370004296303" lon="0.732320006936789">
        <ele>1331.72</ele>
      </trkpt>
      <trkpt lat="42.812629966065288" lon="0.73172003030777">
        <ele>1321.8200000000002</ele>
      </trkpt>
      <trkpt lat="42.812350010499358" lon="0.731060039252043">
        <ele>1314.7000000000003</ele>
      </trkpt>
      <trkpt lat="42.812399966642261" lon="0.730670029297471">
        <ele>1311.97</ele>
      </trkpt>
      <trkpt lat="42.811739975586534" lon="0.729890009388328">
        <ele>1302.51</ele>
      </trkpt>
      <trkpt lat="42.811119966208935" lon="0.729829994961619">
        <ele>1294.9400000000003</ele>
      </trkpt>
      <trkpt lat="42.810629960149527" lon="0.729460017755628">
        <ele>1286.3900000000001</ele>
      </trkpt>
      <trkpt lat="42.810289990156889" lon="0.728925000876188">
        <ele>1279.3800000000001</ele>
      </trkpt>
      <trkpt lat="42.809950020164251" lon="0.728389983996749">
        <ele>1273.8600000000001</ele>
      </trkpt>
      <trkpt lat="42.809959994629025" lon="0.728380009531975">
        <ele>1273.8600000000001</ele>
      </trkpt>
      <trkpt lat="42.809950020164251" lon="0.728380009531975">
        <ele>1273.8600000000001</ele>
      </trkpt>
      <trkpt lat="42.810080023482442" lon="0.728350002318621">
        <ele>1271.7500000000002</ele>
      </trkpt>
      <trkpt lat="42.810640018433332" lon="0.729070007801056">
        <ele>1261.6300000000001</ele>
      </trkpt>
      <trkpt lat="42.811479968950152" lon="0.729249967262149">
        <ele>1252.0800000000002</ele>
      </trkpt>
      <trkpt lat="42.812099978327751" lon="0.729179978370667">
        <ele>1246.1400000000001</ele>
      </trkpt>
      <trkpt lat="42.812240039929748" lon="0.729030026122928">
        <ele>1243.1400000000001</ele>
      </trkpt>
      <trkpt lat="42.812470039352775" lon="0.728979986160994">
        <ele>1241.23</ele>
      </trkpt>
      <trkpt lat="42.813010001555085" lon="0.729119963943958">
        <ele>1235.8099999999999</ele>
      </trkpt>
      <trkpt lat="42.813400011509657" lon="0.729560013860464">
        <ele>1231.8800000000001</ele>
      </trkpt>
      <trkpt lat="42.81362003646791" lon="0.729560013860464">
        <ele>1230.3099999999999</ele>
      </trkpt>
      <trkpt lat="42.813639985397458" lon="0.729449959471822">
        <ele>1229.3400000000001</ele>
      </trkpt>
      <trkpt lat="42.813089964911342" lon="0.728830033913255">
        <ele>1222.2</ele>
      </trkpt>
      <trkpt lat="42.812585039064288" lon="0.728695001453161">
        <ele>1215.75</ele>
      </trkpt>
      <trkpt lat="42.812080029398203" lon="0.728559968993068">
        <ele>1211.75</ele>
      </trkpt>
      <trkpt lat="42.811579965054989" lon="0.72821999900043">
        <ele>1207.1600000000001</ele>
      </trkpt>
      <trkpt lat="42.811079984530807" lon="0.727880029007792">
        <ele>1200.3499999999999</ele>
      </trkpt>
      <trkpt lat="42.810540022328496" lon="0.727070001885295">
        <ele>1195.45</ele>
      </trkpt>
      <trkpt lat="42.8099699690938" lon="0.727149965241551">
        <ele>1191.3900000000001</ele>
      </trkpt>
      <trkpt lat="42.809639973565936" lon="0.726840002462268">
        <ele>1187.7900000000002</ele>
      </trkpt>
      <trkpt lat="42.809639973565936" lon="0.72602997533977">
        <ele>1181.4200000000001</ele>
      </trkpt>
      <trkpt lat="42.809490021318197" lon="0.72592000477016">
        <ele>1179.3</ele>
      </trkpt>
      <trkpt lat="42.809149967506528" lon="0.725989993661642">
        <ele>1175.8200000000002</ele>
      </trkpt>
      <trkpt lat="42.809100011363626" lon="0.725859990343452">
        <ele>1174.1099999999999</ele>
      </trkpt>
      <trkpt lat="42.809149967506528" lon="0.725799975916743">
        <ele>1173.03</ele>
      </trkpt>
      <trkpt lat="42.809220040217042" lon="0.725759994238615">
        <ele>1172.0300000000002</ele>
      </trkpt>
      <trkpt lat="42.809739969670773" lon="0.725799975916743">
        <ele>1167.4400000000001</ele>
      </trkpt>
      <trkpt lat="42.809950020164251" lon="0.726099964231253">
        <ele>1163.6300000000001</ele>
      </trkpt>
      <trkpt lat="42.810029983520508" lon="0.726510006934404">
        <ele>1161.3900000000001</ele>
      </trkpt>
      <trkpt lat="42.810359979048371" lon="0.726489974185824">
        <ele>1157.5900000000001</ele>
      </trkpt>
      <trkpt lat="42.810730040073395" lon="0.726280007511377">
        <ele>1153.3699999999999</ele>
      </trkpt>
      <trkpt lat="42.811219962313771" lon="0.726700024679303">
        <ele>1146.6400000000001</ele>
      </trkpt>
      <trkpt lat="42.812010040506721" lon="0.727070001885295">
        <ele>1137.45</ele>
      </trkpt>
      <trkpt lat="42.812150018289685" lon="0.727009987458587">
        <ele>1137.45</ele>
      </trkpt>
      <trkpt lat="42.81228999607265" lon="0.727019961923361">
        <ele>1134.9400000000001</ele>
      </trkpt>
      <trkpt lat="42.812729962170124" lon="0.72714501991868">
        <ele>1129.46</ele>
      </trkpt>
      <trkpt lat="42.81317001208663" lon="0.727269994094968">
        <ele>1125.04</ele>
      </trkpt>
      <trkpt lat="42.813569996505976" lon="0.727190030738711">
        <ele>1121.4700000000003</ele>
      </trkpt>
      <trkpt lat="42.813850035890937" lon="0.727179972454906">
        <ele>1117.4000000000001</ele>
      </trkpt>
      <trkpt lat="42.81413996592164" lon="0.727239986881614">
        <ele>1114.5200000000002</ele>
      </trkpt>
      <trkpt lat="42.814250020310283" lon="0.727309975773096">
        <ele>1112.75</ele>
      </trkpt>
      <trkpt lat="42.814759975299239" lon="0.727869970723987">
        <ele>1107.4000000000001</ele>
      </trkpt>
      <trkpt lat="42.815079996362329" lon="0.728389983996749">
        <ele>1101.49</ele>
      </trkpt>
      <trkpt lat="42.815179992467165" lon="0.728419991210103">
        <ele>1100.26</ele>
      </trkpt>
      <trkpt lat="42.815260039642453" lon="0.728299962356687">
        <ele>1098.29</ele>
      </trkpt>
      <trkpt lat="42.814810015261173" lon="0.727520026266575">
        <ele>1091.6000000000001</ele>
      </trkpt>
      <trkpt lat="42.814359990879893" lon="0.726740006357431">
        <ele>1085.8000000000002</ele>
      </trkpt>
      <trkpt lat="42.813899992033839" lon="0.726400036364794">
        <ele>1081.73</ele>
      </trkpt>
      <trkpt lat="42.813330022618175" lon="0.726229967549443">
        <ele>1075.25</ele>
      </trkpt>
      <trkpt lat="42.8129349835217" lon="0.725884968414903">
        <ele>1072.3599999999999</ele>
      </trkpt>
      <trkpt lat="42.812540028244257" lon="0.725539969280362">
        <ele>1069.2700000000002</ele>
      </trkpt>
      <trkpt lat="42.811899986118078" lon="0.725199999287724">
        <ele>1063.0799999999999</ele>
      </trkpt>
      <trkpt lat="42.811390031129122" lon="0.72428997606039">
        <ele>1055.0300000000002</ele>
      </trkpt>
      <trkpt lat="42.811119966208935" lon="0.724080009385943">
        <ele>1052.9300000000001</ele>
      </trkpt>
      <trkpt lat="42.810700032860041" lon="0.724129965528846">
        <ele>1048.3600000000001</ele>
      </trkpt>
      <trkpt lat="42.810310022905469" lon="0.723769962787628">
        <ele>1044.3099999999999</ele>
      </trkpt>
      <trkpt lat="42.810429967939854" lon="0.723650017753243">
        <ele>1041.5800000000002</ele>
      </trkpt>
      <trkpt lat="42.810789970681071" lon="0.723889991641045">
        <ele>1037.4100000000001</ele>
      </trkpt>
      <trkpt lat="42.811009995639324" lon="0.723610036075115">
        <ele>1034.24</ele>
      </trkpt>
      <trkpt lat="42.811449961736798" lon="0.723539963364601">
        <ele>1030.3300000000002</ele>
      </trkpt>
      <trkpt lat="42.811890011653304" lon="0.723669966682792">
        <ele>1027.0799999999999</ele>
      </trkpt>
      <trkpt lat="42.812199974432588" lon="0.724140023812652">
        <ele>1022.14</ele>
      </trkpt>
      <trkpt lat="42.812329977750778" lon="0.724419979378581">
        <ele>1019.42</ele>
      </trkpt>
      <trkpt lat="42.812689980491996" lon="0.724449986591935">
        <ele>1011.66</ele>
      </trkpt>
      <trkpt lat="42.813443345949054" lon="0.724563309922814">
        <ele>1002.9100000000002</ele>
      </trkpt>
      <trkpt lat="42.81419662758708" lon="0.724676633253694">
        <ele>992.25999999999999</ele>
      </trkpt>
      <trkpt lat="42.814949993044138" lon="0.724790040403605">
        <ele>982.85000000000014</ele>
      </trkpt>
      <trkpt lat="42.81534000299871" lon="0.724990032613277">
        <ele>976.63000000000011</ele>
      </trkpt>
      <trkpt lat="42.815779969096184" lon="0.725460005924106">
        <ele>967.86000000000001</ele>
      </trkpt>
      <trkpt lat="42.816359996795654" lon="0.725710038095713">
        <ele>958.90000000000009</ele>
      </trkpt>
      <trkpt lat="42.816840028390288" lon="0.726410010829568">
        <ele>948.46000000000004</ele>
      </trkpt>
      <trkpt lat="42.816910017281771" lon="0.726229967549443">
        <ele>948.46000000000004</ele>
      </trkpt>
      <trkpt lat="42.816910017281771" lon="0.726219993084669">
        <ele>948.46000000000004</ele>
      </trkpt>
      <trkpt lat="42.816710025072098" lon="0.725690005347133">
        <ele>942.21000000000004</ele>
      </trkpt>
      <trkpt lat="42.816120022907853" lon="0.725009981542826">
        <ele>930.45000000000005</ele>
      </trkpt>
      <trkpt lat="42.815809976309538" lon="0.724570015445352">
        <ele>924.73000000000002</ele>
      </trkpt>
      <trkpt lat="42.815409991890192" lon="0.723789995536208">
        <ele>915.04000000000008</ele>
      </trkpt>
      <trkpt lat="42.815270014107227" lon="0.723629985004663">
        <ele>912.98000000000013</ele>
      </trkpt>
      <trkpt lat="42.814849996939301" lon="0.723490007221699">
        <ele>905.16999999999996</ele>
      </trkpt>
      <trkpt lat="42.814339958131313" lon="0.722930012270808">
        <ele>895.91000000000008</ele>
      </trkpt>
      <trkpt lat="42.81357997097075" lon="0.72284996509552">
        <ele>887.28000000000009</ele>
      </trkpt>
      <trkpt lat="42.813419960439205" lon="0.722790034487844">
        <ele>883.61000000000013</ele>
      </trkpt>
      <trkpt lat="42.813400011509657" lon="0.722630023956299">
        <ele>883.61000000000013</ele>
      </trkpt>
      <trkpt lat="42.813419960439205" lon="0.722470013424754">
        <ele>881.83000000000004</ele>
      </trkpt>
      <trkpt lat="42.813379978761077" lon="0.722270021215081">
        <ele>880.13999999999999</ele>
      </trkpt>
      <trkpt lat="42.812729962170124" lon="0.721629979088902">
        <ele>869.31000000000006</ele>
      </trkpt>
      <trkpt lat="42.812205003574491" lon="0.721280034631491">
        <ele>863.0200000000001</ele>
      </trkpt>
      <trkpt lat="42.811679961159825" lon="0.720930006355047">
        <ele>854.47000000000003</ele>
      </trkpt>
      <trkpt lat="42.811300009489059" lon="0.720415022224188">
        <ele>848.25999999999999</ele>
      </trkpt>
      <trkpt lat="42.810919973999262" lon="0.719900038093328">
        <ele>842.62</ele>
      </trkpt>
      <trkpt lat="42.810730040073395" lon="0.719329984858632">
        <ele>837.41000000000008</ele>
      </trkpt>
      <trkpt lat="42.810470033437014" lon="0.719150025397539">
        <ele>834.04000000000008</ele>
      </trkpt>
      <trkpt lat="42.810210026800632" lon="0.718279983848333">
        <ele>823.50000000000011</ele>
      </trkpt>
      <trkpt lat="42.809799984097481" lon="0.717465011402965">
        <ele>816.31000000000006</ele>
      </trkpt>
      <trkpt lat="42.809390025213361" lon="0.716650038957596">
        <ele>809.55000000000007</ele>
      </trkpt>
      <trkpt lat="42.809249963611364" lon="0.716119967401028">
        <ele>804.11000000000013</ele>
      </trkpt>
      <trkpt lat="42.809520028531551" lon="0.716219963505864">
        <ele>801.86000000000001</ele>
      </trkpt>
      <trkpt lat="42.809639973565936" lon="0.716560017317533">
        <ele>792.99000000000012</ele>
      </trkpt>
      <trkpt lat="42.809999976307154" lon="0.716799991205335">
        <ele>780.33000000000004</ele>
      </trkpt>
      <trkpt lat="42.810370037332177" lon="0.717080030590296">
        <ele>763.13999999999999</ele>
      </trkpt>
      <trkpt lat="42.810740014538169" lon="0.717169968411326">
        <ele>744.72000000000003</ele>
      </trkpt>
      <trkpt lat="42.811049977317452" lon="0.717139961197972">
        <ele>734.82000000000005</ele>
      </trkpt>
      <trkpt lat="42.811200013384223" lon="0.717190001159906">
        <ele>730.3900000000001</ele>
      </trkpt>
      <trkpt lat="42.811630005016923" lon="0.716980034485459">
        <ele>712.76999999999998</ele>
      </trkpt>
      <trkpt lat="42.811999982222915" lon="0.717250015586615">
        <ele>713.61000000000001</ele>
      </trkpt>
      <trkpt lat="42.812250014394522" lon="0.717570036649704">
        <ele>716.42999999999995</ele>
      </trkpt>
      <trkpt lat="42.812440032139421" lon="0.717900032177567">
        <ele>716.94000000000005</ele>
      </trkpt>
      <trkpt lat="42.812759969383478" lon="0.718260034918785">
        <ele>715.46000000000004</ele>
      </trkpt>
      <trkpt lat="42.81284999102354" lon="0.718539990484715">
        <ele>710.36000000000013</ele>
      </trkpt>
      <trkpt lat="42.813040008768439" lon="0.718539990484715">
        <ele>706.0200000000001</ele>
      </trkpt>
      <trkpt lat="42.81317001208663" lon="0.718240002170205">
        <ele>697.33000000000004</ele>
      </trkpt>
      <trkpt lat="42.813260033726692" lon="0.717900032177567">
        <ele>690.38000000000011</ele>
      </trkpt>
      <trkpt lat="42.813240000978112" lon="0.717700039967895">
        <ele>687.70000000000005</ele>
      </trkpt>
      <trkpt lat="42.813349971547723" lon="0.717510022222996">
        <ele>682.85000000000002</ele>
      </trkpt>
      <trkpt lat="42.813379978761077" lon="0.717399967834353">
        <ele>680.72000000000014</ele>
      </trkpt>
      <trkpt lat="42.813249975442886" lon="0.716709969565272">
        <ele>669.7700000000001</ele>
      </trkpt>
      <trkpt lat="42.813240000978112" lon="0.716319959610701">
        <ele>665.18000000000006</ele>
      </trkpt>
      <trkpt lat="42.813390037044883" lon="0.715859960764647">
        <ele>660.12</ele>
      </trkpt>
      <trkpt lat="42.813189961016178" lon="0.715280016884208">
        <ele>652.55000000000007</ele>
      </trkpt>
      <trkpt lat="42.813019976019859" lon="0.715440027415752">
        <ele>650.65999999999997</ele>
      </trkpt>
      <trkpt lat="42.812749994918704" lon="0.715549997985363">
        <ele>649.61000000000001</ele>
      </trkpt>
      <trkpt lat="42.812529969960451" lon="0.715570030733943">
        <ele>648.50000000000011</ele>
      </trkpt>
      <trkpt lat="42.812280021607876" lon="0.715429969131947">
        <ele>649</ele>
      </trkpt>
      <trkpt lat="42.812210032716393" lon="0.715259984135628">
        <ele>649.09000000000003</ele>
      </trkpt>
      <trkpt lat="42.812299970537424" lon="0.714820018038154">
        <ele>643.83000000000004</ele>
      </trkpt>
      <trkpt lat="42.812189999967813" lon="0.714450040832162">
        <ele>642.38</ele>
      </trkpt>
      <trkpt lat="42.812210032716393" lon="0.714290030300617">
        <ele>641.98000000000013</ele>
      </trkpt>
      <trkpt lat="42.812159992754459" lon="0.713089993223548">
        <ele>637.83000000000004</ele>
      </trkpt>
      <trkpt lat="42.812020014971495" lon="0.713040037080646">
        <ele>637.67000000000007</ele>
      </trkpt>
      <trkpt lat="42.812110036611557" lon="0.712490016594529">
        <ele>637.15000000000009</ele>
      </trkpt>
      <trkpt lat="42.811524979770184" lon="0.712139988318086">
        <ele>637.0100000000001</ele>
      </trkpt>
      <trkpt lat="42.810940006747842" lon="0.711789960041642">
        <ele>638.03000000000009</ele>
      </trkpt>
      <trkpt lat="42.810189994052052" lon="0.711150001734495">
        <ele>639.53000000000009</ele>
      </trkpt>
      <trkpt lat="42.810229975730181" lon="0.710659995675087">
        <ele>640.77999999999997</ele>
      </trkpt>
      <trkpt lat="42.809579959139228" lon="0.710139982402325">
        <ele>641.57000000000005</ele>
      </trkpt>
      <trkpt lat="42.809330010786653" lon="0.709279999136925">
        <ele>644.94000000000005</ele>
      </trkpt>
      <trkpt lat="42.809034967795014" lon="0.708459997549653">
        <ele>647.33000000000004</ele>
      </trkpt>
      <trkpt lat="42.808740008622408" lon="0.707639995962381">
        <ele>649.92999999999995</ele>
      </trkpt>
      <trkpt lat="42.808089992031455" lon="0.706910016015172">
        <ele>651.22000000000003</ele>
      </trkpt>
      <trkpt lat="42.807235037907958" lon="0.706559987738729">
        <ele>644.11000000000001</ele>
      </trkpt>
      <trkpt lat="42.806379999965429" lon="0.706209959462285">
        <ele>644.06000000000006</ele>
      </trkpt>
      <trkpt lat="42.806229963898659" lon="0.706640034914017">
        <ele>648.71000000000004</ele>
      </trkpt>
      <trkpt lat="42.805959982797503" lon="0.7065200060606">
        <ele>650.19000000000005</ele>
      </trkpt>
      <trkpt lat="42.805209970101714" lon="0.705899996683002">
        <ele>651.94000000000005</ele>
      </trkpt>
      <trkpt lat="42.804719964042306" lon="0.705439997836947">
        <ele>653.50999999999999</ele>
      </trkpt>
      <trkpt lat="42.804389968514442" lon="0.705000031739473">
        <ele>654.23000000000013</ele>
      </trkpt>
      <trkpt lat="42.804100038483739" lon="0.704710017889738">
        <ele>655.08000000000004</ele>
      </trkpt>
      <trkpt lat="42.803840031847358" lon="0.704789981245995">
        <ele>656.67000000000007</ele>
      </trkpt>
      <trkpt lat="42.803490003570914" lon="0.704689985141158">
        <ele>659.89999999999998</ele>
      </trkpt>
      <trkpt lat="42.802930008620024" lon="0.704489992931485">
        <ele>662.57000000000005</ele>
      </trkpt>
      <trkpt lat="42.802539998665452" lon="0.70467003621161">
        <ele>664.40000000000009</ele>
      </trkpt>
      <trkpt lat="42.802230035886168" lon="0.704770032316446">
        <ele>665.50000000000011</ele>
      </trkpt>
      <trkpt lat="42.802119981497526" lon="0.704699959605932">
        <ele>665.80999999999995</ele>
      </trkpt>
      <trkpt lat="42.80204001814127" lon="0.704529974609613">
        <ele>665.7700000000001</ele>
      </trkpt>
      <trkpt lat="42.801949996501207" lon="0.704459985718131">
        <ele>665.32000000000005</ele>
      </trkpt>
      <trkpt lat="42.801789985969663" lon="0.704469960182905">
        <ele>664.57000000000005</ele>
      </trkpt>
      <trkpt lat="42.801529979333282" lon="0.704410029575229">
        <ele>663.80000000000007</ele>
      </trkpt>
      <trkpt lat="42.801299979910254" lon="0.704290000721812">
        <ele>663.68999999999994</ele>
      </trkpt>
      <trkpt lat="42.801209958270192" lon="0.704210037365556">
        <ele>663.18000000000006</ele>
      </trkpt>
      <trkpt lat="42.80086001381278" lon="0.703779961913824">
        <ele>661.38999999999999</ele>
      </trkpt>
      <trkpt lat="42.800669996067882" lon="0.703479973599315">
        <ele>660.47000000000003</ele>
      </trkpt>
      <trkpt lat="42.800609981641173" lon="0.703400010243058">
        <ele>660.08000000000004</ele>
      </trkpt>
      <trkpt lat="42.800549967214465" lon="0.70336002856493">
        <ele>659.92999999999995</ele>
      </trkpt>
      <trkpt lat="42.800015034154058" lon="0.703070014715195">
        <ele>659.68999999999994</ele>
      </trkpt>
      <trkpt lat="42.799480017274618" lon="0.702780000865459">
        <ele>660.08000000000004</ele>
      </trkpt>
      <trkpt lat="42.799310032278299" lon="0.702830040827394">
        <ele>660.83000000000004</ele>
      </trkpt>
      <trkpt lat="42.798899989575148" lon="0.702600041404366">
        <ele>660.70000000000005</ele>
      </trkpt>
      <trkpt lat="42.79856001958251" lon="0.702359983697534">
        <ele>661.92999999999995</ele>
      </trkpt>
      <trkpt lat="42.798119969666004" lon="0.702229980379343">
        <ele>663.68000000000006</ele>
      </trkpt>
      <trkpt lat="42.797879995778203" lon="0.70205002091825">
        <ele>664.58000000000004</ele>
      </trkpt>
      <trkpt lat="42.797670029103756" lon="0.701959999278188">
        <ele>664.24000000000001</ele>
      </trkpt>
      <trkpt lat="42.797499960288405" lon="0.701950024813414">
        <ele>664.55000000000007</ele>
      </trkpt>
      <trkpt lat="42.797450004145503" lon="0.701929992064834">
        <ele>664.55000000000007</ele>
      </trkpt>
      <trkpt lat="42.797289993613958" lon="0.701699992641807">
        <ele>665.40000000000009</ele>
      </trkpt>
      <trkpt lat="42.797240037471056" lon="0.701520033180714">
        <ele>665.51999999999998</ele>
      </trkpt>
      <trkpt lat="42.796959998086095" lon="0.701290033757687">
        <ele>665.89999999999998</ele>
      </trkpt>
      <trkpt lat="42.796760005876422" lon="0.70117000490427">
        <ele>666.38000000000011</ele>
      </trkpt>
      <trkpt lat="42.796590020880103" lon="0.70114997215569">
        <ele>667.48000000000002</ele>
      </trkpt>
      <trkpt lat="42.796360021457076" lon="0.701049976050854">
        <ele>669.31000000000006</ele>
      </trkpt>
      <trkpt lat="42.796049974858761" lon="0.700800027698278">
        <ele>674.43000000000006</ele>
      </trkpt>
      <trkpt lat="42.795710004866123" lon="0.7005899772048">
        <ele>680.23000000000002</ele>
      </trkpt>
      <trkpt lat="42.795589976012707" lon="0.700559969991446">
        <ele>680.95000000000005</ele>
      </trkpt>
      <trkpt lat="42.795500038191676" lon="0.700570028275251">
        <ele>682.29999999999995</ele>
      </trkpt>
      <trkpt lat="42.795140035450459" lon="0.700440024957061">
        <ele>687.97000000000003</ele>
      </trkpt>
      <trkpt lat="42.794769974425435" lon="0.700110029429197">
        <ele>689.56000000000006</ele>
      </trkpt>
      <trkpt lat="42.794690011069179" lon="0.700010033324361">
        <ele>689.24000000000001</ele>
      </trkpt>
      <trkpt lat="42.794660003855824" lon="0.699899978935719">
        <ele>688.48000000000013</ele>
      </trkpt>
      <trkpt lat="42.794709959998727" lon="0.69970996119082">
        <ele>688.04000000000008</ele>
      </trkpt>
      <trkpt lat="42.794569982215762" lon="0.699390023946762">
        <ele>688.19000000000005</ele>
      </trkpt>
      <trkpt lat="42.794350041076541" lon="0.699009988456964">
        <ele>687.83000000000004</ele>
      </trkpt>
      <trkpt lat="42.79420000500977" lon="0.698919966816902">
        <ele>686.94000000000005</ele>
      </trkpt>
      <trkpt lat="42.794079976156354" lon="0.698900017887354">
        <ele>686.78999999999996</ele>
      </trkpt>
      <trkpt lat="42.793990038335323" lon="0.698939999565482">
        <ele>686.75999999999999</ele>
      </trkpt>
      <trkpt lat="42.79409003444016" lon="0.699109984561801">
        <ele>687.16000000000008</ele>
      </trkpt>
      <trkpt lat="42.794109983369708" lon="0.699220038950443">
        <ele>688.00999999999999</ele>
      </trkpt>
      <trkpt lat="42.79407000169158" lon="0.699330009520054">
        <ele>688.00999999999999</ele>
      </trkpt>
      <trkpt lat="42.793740006163716" lon="0.699829990044236">
        <ele>693.32000000000005</ele>
      </trkpt>
      <trkpt lat="42.793630035594106" lon="0.699899978935719">
        <ele>693.32000000000005</ele>
      </trkpt>
      <trkpt lat="42.793219992890954" lon="0.699599990621209">
        <ele>698.09000000000003</ele>
      </trkpt>
      <trkpt lat="42.793059982359409" lon="0.699509968981147">
        <ele>701.05000000000007</ele>
      </trkpt>
      <trkpt lat="42.792929979041219" lon="0.699479961767793">
        <ele>703.71000000000004</ele>
      </trkpt>
      <trkpt lat="42.792799975723028" lon="0.699490020051599">
        <ele>704.83000000000004</ele>
      </trkpt>
      <trkpt lat="42.792729986831546" lon="0.699460012838244">
        <ele>705.08000000000004</ele>
      </trkpt>
      <trkpt lat="42.792620016261935" lon="0.699460012838244">
        <ele>705.43000000000006</ele>
      </trkpt>
      <trkpt lat="42.792429998517036" lon="0.699339983984828">
        <ele>706.49000000000001</ele>
      </trkpt>
      <trkpt lat="42.792299995198846" lon="0.69932003505528">
        <ele>707.54000000000008</ele>
      </trkpt>
      <trkpt lat="42.792060021311045" lon="0.699200006201863">
        <ele>710.34000000000003</ele>
      </trkpt>
      <trkpt lat="42.791990032419562" lon="0.699190031737089">
        <ele>711.30000000000007</ele>
      </trkpt>
      <trkpt lat="42.791930017992854" lon="0.699209980666637">
        <ele>711.63000000000011</ele>
      </trkpt>
      <trkpt lat="42.791779981926084" lon="0.699360016733408">
        <ele>712.22000000000003</ele>
      </trkpt>
      <trkpt lat="42.791700018569827" lon="0.699379965662956">
        <ele>712.22000000000003</ele>
      </trkpt>
      <trkpt lat="42.791400030255318" lon="0.699360016733408">
        <ele>712.81000000000006</ele>
      </trkpt>
      <trkpt lat="42.791300034150481" lon="0.699390023946762">
        <ele>712.81000000000006</ele>
      </trkpt>
      <trkpt lat="42.791210012510419" lon="0.699379965662956">
        <ele>712.81000000000006</ele>
      </trkpt>
      <trkpt lat="42.791119990870357" lon="0.699330009520054">
        <ele>712.94000000000005</ele>
      </trkpt>
      <trkpt lat="42.790940031409264" lon="0.699179973453283">
        <ele>713.06000000000006</ele>
      </trkpt>
      <trkpt lat="42.790559995919466" lon="0.698939999565482">
        <ele>713.82000000000005</ele>
      </trkpt>
      <trkpt lat="42.790169985964894" lon="0.698489975184202">
        <ele>714.75000000000011</ele>
      </trkpt>
      <trkpt lat="42.789879972115159" lon="0.698259975761175">
        <ele>714.41000000000008</ele>
      </trkpt>
      <trkpt lat="42.789660030975938" lon="0.698159979656339">
        <ele>714.32000000000005</ele>
      </trkpt>
      <trkpt lat="42.789440006017685" lon="0.697940038517118">
        <ele>714.5100000000001</ele>
      </trkpt>
      <trkpt lat="42.789349984377623" lon="0.697880024090409">
        <ele>714.63999999999999</ele>
      </trkpt>
      <trkpt lat="42.789240013808012" lon="0.697869965806603">
        <ele>714.98000000000002</ele>
      </trkpt>
      <trkpt lat="42.78914999216795" lon="0.697829984128475">
        <ele>714.98000000000002</ele>
      </trkpt>
      <trkpt lat="42.789080003276467" lon="0.697759995236993">
        <ele>715.45000000000005</ele>
      </trkpt>
      <trkpt lat="42.789019988849759" lon="0.697620017454028">
        <ele>715.2700000000001</ele>
      </trkpt>
      <trkpt lat="42.788750007748604" lon="0.696640005335212">
        <ele>711.45000000000005</ele>
      </trkpt>
      <trkpt lat="42.788480026647449" lon="0.695659993216395">
        <ele>709.53000000000009</ele>
      </trkpt>
      <trkpt lat="42.788229994475842" lon="0.695190019905567">
        <ele>709.86000000000001</ele>
      </trkpt>
      <trkpt lat="42.787669999524951" lon="0.694589959457517">
        <ele>710.44000000000005</ele>
      </trkpt>
      <trkpt lat="42.787479981780052" lon="0.694440007209778">
        <ele>710.95000000000005</ele>
      </trkpt>
      <trkpt lat="42.787300022318959" lon="0.694340011104941">
        <ele>712.27999999999997</ele>
      </trkpt>
      <trkpt lat="42.786849997937679" lon="0.694330036640167">
        <ele>713.3900000000001</ele>
      </trkpt>
      <trkpt lat="42.78633501380682" lon="0.694215036928654">
        <ele>714.09000000000015</ele>
      </trkpt>
      <trkpt lat="42.785820029675961" lon="0.69410003721714">
        <ele>714.42000000000007</ele>
      </trkpt>
      <trkpt lat="42.785769989714026" lon="0.69397003389895">
        <ele>714.47000000000003</ele>
      </trkpt>
      <trkpt lat="42.78564996086061" lon="0.693829972296953">
        <ele>714.36000000000013</ele>
      </trkpt>
      <trkpt lat="42.785330023616552" lon="0.693680020049214">
        <ele>714.75999999999999</ele>
      </trkpt>
      <trkpt lat="42.785209994763136" lon="0.693510035052896">
        <ele>714.88000000000011</ele>
      </trkpt>
      <trkpt lat="42.785109998658299" lon="0.693410038948059">
        <ele>714.49000000000001</ele>
      </trkpt>
      <trkpt lat="42.785014361143112" lon="0.693344408646226">
        <ele>714.44000000000005</ele>
      </trkpt>
      <trkpt lat="42.784852674230933" lon="0.693332171067595">
        <ele>715.25</ele>
      </trkpt>
      <trkpt lat="42.784601217135787" lon="0.693209711462259">
        <ele>715.60000000000002</ele>
      </trkpt>
      <trkpt lat="42.784169968217611" lon="0.69303821772337">
        <ele>716.31000000000006</ele>
      </trkpt>
      <trkpt lat="42.783756740391254" lon="0.692817689850926">
        <ele>716.62</ele>
      </trkpt>
      <trkpt lat="42.78332557529211" lon="0.692597161978483">
        <ele>717.63999999999999</ele>
      </trkpt>
      <trkpt lat="42.782301474362612" lon="0.691592758521438">
        <ele>722.70000000000005</ele>
      </trkpt>
      <trkpt lat="42.781978100538254" lon="0.691372230648994">
        <ele>723.11000000000001</ele>
      </trkpt>
      <trkpt lat="42.78154693543911" lon="0.691323196515441">
        <ele>723.29000000000008</ele>
      </trkpt>
      <trkpt lat="42.781025916337967" lon="0.691274246200919">
        <ele>723.38</ele>
      </trkpt>
      <trkpt lat="42.780522918328643" lon="0.691323280334473">
        <ele>723.45000000000005</ele>
      </trkpt>
      <trkpt lat="42.780325273051858" lon="0.691396789625287">
        <ele>723.88000000000011</ele>
      </trkpt>
      <trkpt lat="42.780091753229499" lon="0.691421264782548">
        <ele>723.95000000000005</ele>
      </trkpt>
      <trkpt lat="42.779840212315321" lon="0.691421264782548">
        <ele>724.10000000000002</ele>
      </trkpt>
      <trkpt lat="42.779570734128356" lon="0.691372314468026">
        <ele>724.10000000000002</ele>
      </trkpt>
      <trkpt lat="42.779373088851571" lon="0.691372314468026">
        <ele>724.21000000000004</ele>
      </trkpt>
      <trkpt lat="42.779103610664606" lon="0.691494774073362">
        <ele>724.41000000000008</ele>
      </trkpt>
      <trkpt lat="42.778816111385822" lon="0.691470298916101">
        <ele>724.60000000000002</ele>
      </trkpt>
      <trkpt lat="42.778618466109037" lon="0.691690742969513">
        <ele>725.0200000000001</ele>
      </trkpt>
      <trkpt lat="42.778438841924071" lon="0.691764252260327">
        <ele>724.97000000000014</ele>
      </trkpt>
      <trkpt lat="42.778223259374499" lon="0.691519249230623">
        <ele>725.34000000000003</ele>
      </trkpt>
      <trkpt lat="42.777953781187534" lon="0.691274330019951">
        <ele>725.34000000000003</ele>
      </trkpt>
      <trkpt lat="42.777792010456324" lon="0.691029326990247">
        <ele>725.5100000000001</ele>
      </trkpt>
      <trkpt lat="42.777630323544145" lon="0.690882308408618">
        <ele>725.97000000000003</ele>
      </trkpt>
      <trkpt lat="42.777450699359179" lon="0.690735289826989">
        <ele>726.15000000000009</ele>
      </trkpt>
      <trkpt lat="42.777181221172214" lon="0.690686339512467">
        <ele>726.29000000000008</ele>
      </trkpt>
      <trkpt lat="42.776929680258036" lon="0.690686339512467">
        <ele>726.46000000000004</ele>
      </trkpt>
      <trkpt lat="42.776678139343858" lon="0.690539320930839">
        <ele>726.46000000000004</ele>
      </trkpt>
      <trkpt lat="42.776588285341859" lon="0.690073790028691">
        <ele>727.03999999999996</ele>
      </trkpt>
      <trkpt lat="42.776390640065074" lon="0.68968185223639">
        <ele>727.58000000000004</ele>
      </trkpt>
      <trkpt lat="42.776211015880108" lon="0.689338864758611">
        <ele>727.78000000000009</ele>
      </trkpt>
      <trkpt lat="42.775995433330536" lon="0.689191846176982">
        <ele>728.17000000000007</ele>
      </trkpt>
      <trkpt lat="42.775672059506178" lon="0.689314305782318">
        <ele>729.00999999999999</ele>
      </trkpt>
      <trkpt lat="42.775420518592" lon="0.689828786998987">
        <ele>730.15000000000009</ele>
      </trkpt>
      <trkpt lat="42.775151040405035" lon="0.690245283767581">
        <ele>730.91000000000008</ele>
      </trkpt>
      <trkpt lat="42.774863541126251" lon="0.690245283767581">
        <ele>731.15999999999997</ele>
      </trkpt>
      <trkpt lat="42.774414354935288" lon="0.69002483971417">
        <ele>731.40000000000009</ele>
      </trkpt>
      <trkpt lat="42.773893335834146" lon="0.689706327393651">
        <ele>731.45000000000005</ele>
      </trkpt>
      <trkpt lat="42.773552024737" lon="0.689461324363947">
        <ele>732.29000000000008</ele>
      </trkpt>
      <trkpt lat="42.773336442187428" lon="0.689069302752614">
        <ele>733.42000000000007</ele>
      </trkpt>
      <trkpt lat="42.773228567093611" lon="0.688750874251127">
        <ele>736.22000000000003</ele>
      </trkpt>
      <trkpt lat="42.772941151633859" lon="0.688554821535945">
        <ele>738.54000000000008</ele>
      </trkpt>
      <trkpt lat="42.772689610719681" lon="0.688236393034458">
        <ele>738.88999999999999</ele>
      </trkpt>
      <trkpt lat="42.772474028170109" lon="0.688064899295568">
        <ele>739.90000000000009</ele>
      </trkpt>
      <trkpt lat="42.772209998220205" lon="0.687670027837157">
        <ele>740.46000000000004</ele>
      </trkpt>
      <trkpt lat="42.772209998220205" lon="0.687749991193414">
        <ele>740.46000000000004</ele>
      </trkpt>
      <trkpt lat="42.771749999374151" lon="0.687680002301931">
        <ele>739.57000000000005</ele>
      </trkpt>
      <trkpt lat="42.771210037171841" lon="0.687480010092258">
        <ele>740.03000000000009</ele>
      </trkpt>
      <trkpt lat="42.770530013367534" lon="0.687659969553351">
        <ele>740.40000000000009</ele>
      </trkpt>
      <trkpt lat="42.770060040056705" lon="0.687710009515285">
        <ele>741.25999999999999</ele>
      </trkpt>
      <trkpt lat="42.769550001248717" lon="0.687629962339997">
        <ele>742.48000000000002</ele>
      </trkpt>
      <trkpt lat="42.769039962440729" lon="0.687549998983741">
        <ele>745.50999999999999</ele>
      </trkpt>
      <trkpt lat="42.76878003962338" lon="0.68744002841413">
        <ele>748.05000000000007</ele>
      </trkpt>
      <trkpt lat="42.768500000238419" lon="0.687410021200776">
        <ele>753.58000000000004</ele>
      </trkpt>
      <trkpt lat="42.768400004133582" lon="0.687879994511604">
        <ele>761.54000000000008</ele>
      </trkpt>
      <trkpt lat="42.768630003556609" lon="0.688160033896565">
        <ele>769.72000000000003</ele>
      </trkpt>
      <trkpt lat="42.768609970808029" lon="0.68830001167953">
        <ele>773.35000000000002</ele>
      </trkpt>
      <trkpt lat="42.768279975280166" lon="0.688230022788048">
        <ele>778.5200000000001</ele>
      </trkpt>
      <trkpt lat="42.768119964748621" lon="0.688040005043149">
        <ele>781.20000000000005</ele>
      </trkpt>
      <trkpt lat="42.76803002692759" lon="0.687889968976378">
        <ele>781.04999999999995</ele>
      </trkpt>
      <trkpt lat="42.767870016396046" lon="0.68774001672864">
        <ele>780.0100000000001</ele>
      </trkpt>
      <trkpt lat="42.767649991437793" lon="0.68784998729825">
        <ele>781.57000000000005</ele>
      </trkpt>
      <trkpt lat="42.767500039190054" lon="0.688000023365021">
        <ele>784.38999999999999</ele>
      </trkpt>
      <trkpt lat="42.767340028658509" lon="0.688089961186051">
        <ele>786.83000000000004</ele>
      </trkpt>
      <trkpt lat="42.766920011490583" lon="0.688179982826114">
        <ele>791.80999999999995</ele>
      </trkpt>
      <trkpt lat="42.76659001596272" lon="0.688270004466176">
        <ele>796.65000000000009</ele>
      </trkpt>
      <trkpt lat="42.766399998217821" lon="0.688409982249141">
        <ele>796.25</ele>
      </trkpt>
      <trkpt lat="42.766039995476604" lon="0.688539985567331">
        <ele>791.57000000000005</ele>
      </trkpt>
      <trkpt lat="42.765749981626868" lon="0.688809966668487">
        <ele>782.97000000000003</ele>
      </trkpt>
      <trkpt lat="42.765419986099005" lon="0.689429976046085">
        <ele>776.08000000000004</ele>
      </trkpt>
      <trkpt lat="42.765110023319721" lon="0.690189963206649">
        <ele>771.72000000000003</ele>
      </trkpt>
      <trkpt lat="42.765010027214885" lon="0.690539991483092">
        <ele>770.8900000000001</ele>
      </trkpt>
      <trkpt lat="42.764799976721406" lon="0.690700002014637">
        <ele>770.04000000000008</ele>
      </trkpt>
      <trkpt lat="42.764509962871671" lon="0.690990015864372">
        <ele>768.81000000000006</ele>
      </trkpt>
      <trkpt lat="42.764330003410578" lon="0.691229989752173">
        <ele>770.58000000000004</ele>
      </trkpt>
      <trkpt lat="42.764079971238971" lon="0.691410033032298">
        <ele>771.77999999999997</ele>
      </trkpt>
      <trkpt lat="42.76381996460259" lon="0.691719995811582">
        <ele>774.41000000000008</ele>
      </trkpt>
      <trkpt lat="42.763510001823306" lon="0.69221000187099">
        <ele>783.25000000000011</ele>
      </trkpt>
      <trkpt lat="42.763319984078407" lon="0.692479982972145">
        <ele>785.86000000000013</ele>
      </trkpt>
      <trkpt lat="42.763210013508797" lon="0.692739989608526">
        <ele>784.61000000000001</ele>
      </trkpt>
      <trkpt lat="42.762889992445707" lon="0.692560030147433">
        <ele>781.24000000000001</ele>
      </trkpt>
      <trkpt lat="42.762629985809326" lon="0.69261996075511">
        <ele>774.91000000000008</ele>
      </trkpt>
      <trkpt lat="42.76225003413856" lon="0.692440001294017">
        <ele>768.70000000000005</ele>
      </trkpt>
      <trkpt lat="42.761660031974316" lon="0.692579979076982">
        <ele>767.67000000000007</ele>
      </trkpt>
      <trkpt lat="42.76113498955965" lon="0.692734960466623">
        <ele>770.8900000000001</ele>
      </trkpt>
      <trkpt lat="42.760610030964017" lon="0.692890025675297">
        <ele>771.57000000000005</ele>
      </trkpt>
      <trkpt lat="42.75993000715971" lon="0.692779971286654">
        <ele>765.2700000000001</ele>
      </trkpt>
      <trkpt lat="42.759830011054873" lon="0.692939981818199">
        <ele>763.71000000000015</ele>
      </trkpt>
      <trkpt lat="42.75928501971066" lon="0.693510035052896">
        <ele>762.47000000000003</ele>
      </trkpt>
      <trkpt lat="42.758740028366446" lon="0.69408000446856">
        <ele>764.15000000000009</ele>
      </trkpt>
      <trkpt lat="42.758380025625229" lon="0.694630024954677">
        <ele>766.32000000000005</ele>
      </trkpt>
      <trkpt lat="42.758050030097365" lon="0.695079965516925">
        <ele>768.18000000000006</ele>
      </trkpt>
      <trkpt lat="42.757879961282015" lon="0.695139979943633">
        <ele>768.92000000000007</ele>
      </trkpt>
      <trkpt lat="42.757869986817241" lon="0.69523997604847">
        <ele>773.32000000000005</ele>
      </trkpt>
      <trkpt lat="42.757709976285696" lon="0.69539001211524">
        <ele>777.25999999999999</ele>
      </trkpt>
      <trkpt lat="42.757700001820922" lon="0.695499982684851">
        <ele>778.42000000000007</ele>
      </trkpt>
      <trkpt lat="42.757620038464665" lon="0.695720007643104">
        <ele>785.06000000000006</ele>
      </trkpt>
      <trkpt lat="42.757600005716085" lon="0.695910025388002">
        <ele>787.49000000000001</ele>
      </trkpt>
      <trkpt lat="42.757449969649315" lon="0.696219988167286">
        <ele>796.95000000000005</ele>
      </trkpt>
      <trkpt lat="42.757379980757833" lon="0.696310009807348">
        <ele>796.95000000000005</ele>
      </trkpt>
      <trkpt lat="42.757349973544478" lon="0.696419980376959">
        <ele>800.82000000000005</ele>
      </trkpt>
      <trkpt lat="42.75728995911777" lon="0.696470020338893">
        <ele>803.71000000000004</ele>
      </trkpt>
      <trkpt lat="42.757270010188222" lon="0.696559958159924">
        <ele>805.33000000000004</ele>
      </trkpt>
      <trkpt lat="42.757300017401576" lon="0.696579990908504">
        <ele>805.33000000000004</ele>
      </trkpt>
      <trkpt lat="42.75728995911777" lon="0.696630030870438">
        <ele>805.33000000000004</ele>
      </trkpt>
      <trkpt lat="42.757319966331124" lon="0.696749975904822">
        <ele>812.26999999999998</ele>
      </trkpt>
      <trkpt lat="42.757379980757833" lon="0.696770008653402">
        <ele>815.63000000000011</ele>
      </trkpt>
      <trkpt lat="42.757509984076023" lon="0.696570016443729">
        <ele>819.90000000000009</ele>
      </trkpt>
      <trkpt lat="42.75763001292944" lon="0.696559958159924">
        <ele>823.45000000000005</ele>
      </trkpt>
      <trkpt lat="42.75776001624763" lon="0.696500027552247">
        <ele>826.3900000000001</ele>
      </trkpt>
      <trkpt lat="42.757869986817241" lon="0.696510002017021">
        <ele>828.88</ele>
      </trkpt>
      <trkpt lat="42.757930001243949" lon="0.696489969268441">
        <ele>829.75999999999999</ele>
      </trkpt>
      <trkpt lat="42.75819000788033" lon="0.696370024234056">
        <ele>837.62</ele>
      </trkpt>
      <trkpt lat="42.758259996771812" lon="0.696280002593994">
        <ele>840.35000000000002</ele>
      </trkpt>
      <trkpt lat="42.758299978449941" lon="0.696259969845414">
        <ele>841.83000000000004</ele>
      </trkpt>
      <trkpt lat="42.758329985663295" lon="0.69627002812922">
        <ele>841.83000000000004</ele>
      </trkpt>
      <trkpt lat="42.758329985663295" lon="0.696370024234056">
        <ele>846.53000000000009</ele>
      </trkpt>
      <trkpt lat="42.75821004062891" lon="0.696779983118176">
        <ele>856.33000000000004</ele>
      </trkpt>
      <trkpt lat="42.758199982345104" lon="0.696870004758239">
        <ele>856.33000000000004</ele>
      </trkpt>
      <trkpt lat="42.758199982345104" lon="0.696960026398301">
        <ele>859.17000000000007</ele>
      </trkpt>
      <trkpt lat="42.758220015093684" lon="0.696990033611655">
        <ele>860.68000000000006</ele>
      </trkpt>
      <trkpt lat="42.758259996771812" lon="0.697000008076429">
        <ele>860.68000000000006</ele>
      </trkpt>
      <trkpt lat="42.758320011198521" lon="0.696949968114495">
        <ele>865.5</ele>
      </trkpt>
      <trkpt lat="42.758329985663295" lon="0.697000008076429">
        <ele>865.5</ele>
      </trkpt>
      <trkpt lat="42.75821004062891" lon="0.697339978069067">
        <ele>874.5</ele>
      </trkpt>
      <trkpt lat="42.75821004062891" lon="0.697390018031001">
        <ele>875.82000000000005</ele>
      </trkpt>
      <trkpt lat="42.758239964023232" lon="0.697420025244355">
        <ele>875.82000000000005</ele>
      </trkpt>
      <trkpt lat="42.758310036733747" lon="0.697439974173903">
        <ele>879.58000000000004</ele>
      </trkpt>
      <trkpt lat="42.758339960128069" lon="0.697469981387258">
        <ele>879.58000000000004</ele>
      </trkpt>
      <trkpt lat="42.758290003985167" lon="0.697599984705448">
        <ele>883.67999999999995</ele>
      </trkpt>
      <trkpt lat="42.758259996771812" lon="0.697799976915121">
        <ele>889.71000000000015</ele>
      </trkpt>
      <trkpt lat="42.758259996771812" lon="0.697850016877055">
        <ele>889.71000000000015</ele>
      </trkpt>
      <trkpt lat="42.758290003985167" lon="0.697859991341829">
        <ele>891.16000000000008</ele>
      </trkpt>
      <trkpt lat="42.758310036733747" lon="0.697899973019958">
        <ele>891.16000000000008</ele>
      </trkpt>
      <trkpt lat="42.758320011198521" lon="0.698250001296401">
        <ele>900.66000000000008</ele>
      </trkpt>
      <trkpt lat="42.758350018411875" lon="0.698219994083047">
        <ele>900.66000000000008</ele>
      </trkpt>
      <trkpt lat="42.758469963446259" lon="0.697980020195246">
        <ele>907.44000000000005</ele>
      </trkpt>
      <trkpt lat="42.758499970659614" lon="0.69798999466002">
        <ele>907.44000000000005</ele>
      </trkpt>
      <trkpt lat="42.758510028943419" lon="0.698129972442985">
        <ele>912.32000000000005</ele>
      </trkpt>
      <trkpt lat="42.758489996194839" lon="0.698270034044981">
        <ele>914.94000000000005</ele>
      </trkpt>
      <trkpt lat="42.758529977872968" lon="0.698240026831627">
        <ele>914.94000000000005</ele>
      </trkpt>
      <trkpt lat="42.75859996676445" lon="0.698110023513436">
        <ele>919.08000000000015</ele>
      </trkpt>
      <trkpt lat="42.75861999951303" lon="0.69814003072679">
        <ele>919.08000000000015</ele>
      </trkpt>
      <trkpt lat="42.75861999951303" lon="0.698289982974529">
        <ele>923.72000000000003</ele>
      </trkpt>
      <trkpt lat="42.758680013939738" lon="0.698150005191565">
        <ele>930.31000000000006</ele>
      </trkpt>
      <trkpt lat="42.758759977295995" lon="0.698040034621954">
        <ele>931.85000000000002</ele>
      </trkpt>
      <trkpt lat="42.758819991722703" lon="0.697810035198927">
        <ele>937.12</ele>
      </trkpt>
      <trkpt lat="42.758880006149411" lon="0.69769000634551">
        <ele>939.44000000000005</ele>
      </trkpt>
      <trkpt lat="42.758940020576119" lon="0.697650024667382">
        <ele>939.44000000000005</ele>
      </trkpt>
      <trkpt lat="42.758970027789474" lon="0.697659999132156">
        <ele>939.44000000000005</ele>
      </trkpt>
      <trkpt lat="42.758980002254248" lon="0.697859991341829">
        <ele>946.0200000000001</ele>
      </trkpt>
      <trkpt lat="42.758919987827539" lon="0.698170037940145">
        <ele>949.66000000000008</ele>
      </trkpt>
      <trkpt lat="42.758910013362765" lon="0.698359971866012">
        <ele>952.5100000000001</ele>
      </trkpt>
      <trkpt lat="42.758949995040894" lon="0.698540015146136">
        <ele>955.55000000000007</ele>
      </trkpt>
      <trkpt lat="42.759010009467602" lon="0.698500033468008">
        <ele>958.21000000000015</ele>
      </trkpt>
      <trkpt lat="42.75902995839715" lon="0.698540015146136">
        <ele>958.21000000000015</ele>
      </trkpt>
      <trkpt lat="42.759040016680956" lon="0.698800021782517">
        <ele>965.32000000000005</ele>
      </trkpt>
      <trkpt lat="42.759079998359084" lon="0.698990039527416">
        <ele>969.73000000000002</ele>
      </trkpt>
      <trkpt lat="42.759119980037212" lon="0.698990039527416">
        <ele>969.73000000000002</ele>
      </trkpt>
      <trkpt lat="42.759179994463921" lon="0.698949974030256">
        <ele>974.23000000000002</ele>
      </trkpt>
      <trkpt lat="42.759240008890629" lon="0.698990039527416">
        <ele>975.70000000000016</ele>
      </trkpt>
      <trkpt lat="42.759289965033531" lon="0.698930025100708">
        <ele>978.39999999999998</ele>
      </trkpt>
      <trkpt lat="42.759319972246885" lon="0.698949974030256">
        <ele>978.39999999999998</ele>
      </trkpt>
      <trkpt lat="42.759360037744045" lon="0.698930025100708">
        <ele>978.39999999999998</ele>
      </trkpt>
      <trkpt lat="42.759370012208819" lon="0.698889959603548">
        <ele>978.39999999999998</ele>
      </trkpt>
      <trkpt lat="42.75947998277843" lon="0.699049970135093">
        <ele>985.76999999999998</ele>
      </trkpt>
      <trkpt lat="42.759530022740364" lon="0.699230013415217">
        <ele>988.36000000000013</ele>
      </trkpt>
      <trkpt lat="42.759579978883266" lon="0.699149966239929">
        <ele>992.33000000000004</ele>
      </trkpt>
      <trkpt lat="42.759670000523329" lon="0.698800021782517">
        <ele>999.41000000000008</ele>
      </trkpt>
      <trkpt lat="42.759720040485263" lon="0.698730032891035">
        <ele>999.41000000000008</ele>
      </trkpt>
      <trkpt lat="42.759749963879585" lon="0.698600029572845">
        <ele>1003.02</ele>
      </trkpt>
      <trkpt lat="42.759800003841519" lon="0.698530040681362">
        <ele>1003.02</ele>
      </trkpt>
      <trkpt lat="42.759849959984422" lon="0.698789963498712">
        <ele>1009.86</ele>
      </trkpt>
      <trkpt lat="42.760060010477901" lon="0.699339983984828">
        <ele>1021.3499999999999</ele>
      </trkpt>
      <trkpt lat="42.759969988837838" lon="0.699980026111007">
        <ele>1031.77</ele>
      </trkpt>
      <trkpt lat="42.759969988837838" lon="0.700120003893971">
        <ele>1036.3500000000001</ele>
      </trkpt>
      <trkpt lat="42.759999996051192" lon="0.700199967250228">
        <ele>1037.6500000000001</ele>
      </trkpt>
      <trkpt lat="42.760060010477901" lon="0.700240032747388">
        <ele>1039.05</ele>
      </trkpt>
      <trkpt lat="42.760099992156029" lon="0.700370036065578">
        <ele>1045.28</ele>
      </trkpt>
      <trkpt lat="42.760160006582737" lon="0.700410017743707">
        <ele>1045.28</ele>
      </trkpt>
      <trkpt lat="42.760180039331317" lon="0.700449999421835">
        <ele>1046.6800000000001</ele>
      </trkpt>
      <trkpt lat="42.760169981047511" lon="0.700940005481243">
        <ele>1051.9200000000001</ele>
      </trkpt>
      <trkpt lat="42.760139973834157" lon="0.701079983264208">
        <ele>1052.1500000000001</ele>
      </trkpt>
      <trkpt lat="42.759779971092939" lon="0.701500000432134">
        <ele>1055.8100000000002</ele>
      </trkpt>
      <trkpt lat="42.759590037167072" lon="0.701839970424771">
        <ele>1059.5899999999999</ele>
      </trkpt>
      <trkpt lat="42.75947998277843" lon="0.701969973742962">
        <ele>1060.77</ele>
      </trkpt>
      <trkpt lat="42.759400019422174" lon="0.702120009809732">
        <ele>1063.1800000000001</ele>
      </trkpt>
      <trkpt lat="42.759319972246885" lon="0.702199973165989">
        <ele>1063.1800000000001</ele>
      </trkpt>
      <trkpt lat="42.759179994463921" lon="0.702489987015724">
        <ele>1068.2200000000003</ele>
      </trkpt>
      <trkpt lat="42.758870031684637" lon="0.703290039673448">
        <ele>1081.0600000000002</ele>
      </trkpt>
      <trkpt lat="42.758719995617867" lon="0.703560020774603">
        <ele>1085.79</ele>
      </trkpt>
      <trkpt lat="42.758480021730065" lon="0.703739980235696">
        <ele>1092.5</ele>
      </trkpt>
      <trkpt lat="42.758160000666976" lon="0.703690024092793">
        <ele>1097.6900000000001</ele>
      </trkpt>
      <trkpt lat="42.758020022884011" lon="0.703730005770922">
        <ele>1100.1700000000001</ele>
      </trkpt>
      <trkpt lat="42.757769990712404" lon="0.703739980235696">
        <ele>1105.52</ele>
      </trkpt>
      <trkpt lat="42.757669994607568" lon="0.703760012984276">
        <ele>1109.5799999999999</ele>
      </trkpt>
      <trkpt lat="42.757449969649315" lon="0.703839976340532">
        <ele>1117.0500000000002</ele>
      </trkpt>
      <trkpt lat="42.757240002974868" lon="0.703709973022342">
        <ele>1120.53</ele>
      </trkpt>
      <trkpt lat="42.757209995761514" lon="0.703709973022342">
        <ele>1120.53</ele>
      </trkpt>
      <trkpt lat="42.757040010765195" lon="0.703830001875758">
        <ele>1127.97</ele>
      </trkpt>
      <trkpt lat="42.756919981911778" lon="0.703980037942529">
        <ele>1132.5800000000002</ele>
      </trkpt>
      <trkpt lat="42.756700040772557" lon="0.704159997403622">
        <ele>1136.98</ele>
      </trkpt>
      <trkpt lat="42.756550004705787" lon="0.704380022361875">
        <ele>1142.25</ele>
      </trkpt>
      <trkpt lat="42.756719989702106" lon="0.704489992931485">
        <ele>1149.1500000000001</ele>
      </trkpt>
      <trkpt lat="42.756589986383915" lon="0.704619996249676">
        <ele>1152.6700000000001</ele>
      </trkpt>
      <trkpt lat="42.756949989125133" lon="0.704770032316446">
        <ele>1160.53</ele>
      </trkpt>
      <trkpt lat="42.757130032405257" lon="0.704910010099411">
        <ele>1166.1800000000001</ele>
      </trkpt>
      <trkpt lat="42.756829960271716" lon="0.70505996234715">
        <ele>1171.54</ele>
      </trkpt>
      <trkpt lat="42.756480015814304" lon="0.705330027267337">
        <ele>1179.2</ele>
      </trkpt>
      <trkpt lat="42.75629997253418" lon="0.705649964511395">
        <ele>1188.8199999999999</ele>
      </trkpt>
      <trkpt lat="42.75589001365006" lon="0.706250024959445">
        <ele>1196.9100000000001</ele>
      </trkpt>
      <trkpt lat="42.755809966474771" lon="0.706529980525374">
        <ele>1198.74</ele>
      </trkpt>
      <trkpt lat="42.755899988114834" lon="0.706810019910336">
        <ele>1198.2400000000002</ele>
      </trkpt>
      <trkpt lat="42.755790017545223" lon="0.707170022651553">
        <ele>1195.6900000000001</ele>
      </trkpt>
      <trkpt lat="42.755779959261417" lon="0.707660028710961">
        <ele>1198.1500000000001</ele>
      </trkpt>
      <trkpt lat="42.75554995983839" lon="0.708120027557015">
        <ele>1201.5500000000002</ele>
      </trkpt>
      <trkpt lat="42.755170008167624" lon="0.708599975332618">
        <ele>1208.7</ele>
      </trkpt>
      <trkpt lat="42.754930034279823" lon="0.709359962493181">
        <ele>1215.26</ele>
      </trkpt>
      <trkpt lat="42.754789972677827" lon="0.709879975765944">
        <ele>1223.3900000000001</ele>
      </trkpt>
      <trkpt lat="42.754819979891181" lon="0.710390014573932">
        <ele>1224.9800000000002</ele>
      </trkpt>
      <trkpt lat="42.754830038174987" lon="0.710720010101795">
        <ele>1224.8600000000001</ele>
      </trkpt>
      <trkpt lat="42.754870019853115" lon="0.71098999120295">
        <ele>1224.7100000000003</ele>
      </trkpt>
      <trkpt lat="42.75500999763608" lon="0.710959983989596">
        <ele>1225.2800000000002</ele>
      </trkpt>
      <trkpt lat="42.755170008167624" lon="0.711050005629659">
        <ele>1226.28</ele>
      </trkpt>
      <trkpt lat="42.755370000377297" lon="0.711129968985915">
        <ele>1228.46</ele>
      </trkpt>
      <trkpt lat="42.755530010908842" lon="0.711170034483075">
        <ele>1231.8800000000001</ele>
      </trkpt>
      <trkpt lat="42.755720028653741" lon="0.711140027269721">
        <ele>1234.8800000000001</ele>
      </trkpt>
      <trkpt lat="42.756029991433024" lon="0.711029972881079">
        <ele>1245.6700000000001</ele>
      </trkpt>
      <trkpt lat="42.756139962002635" lon="0.710850013419986">
        <ele>1251.0100000000002</ele>
      </trkpt>
      <trkpt lat="42.75629997253418" lon="0.710950009524822">
        <ele>1258.3800000000001</ele>
      </trkpt>
      <trkpt lat="42.756619993597269" lon="0.71058003231883">
        <ele>1267.5</ele>
      </trkpt>
      <trkpt lat="42.756710015237331" lon="0.710699977353215">
        <ele>1274.6500000000001</ele>
      </trkpt>
      <trkpt lat="42.75690003298223" lon="0.710669970139861">
        <ele>1276.9300000000001</ele>
      </trkpt>
      <trkpt lat="42.756829960271716" lon="0.711019998416305">
        <ele>1284.24</ele>
      </trkpt>
      <trkpt lat="42.756949989125133" lon="0.71128997951746">
        <ele>1288.9400000000003</ele>
      </trkpt>
      <trkpt lat="42.75728995911777" lon="0.711589967831969">
        <ele>1302.1299999999999</ele>
      </trkpt>
      <trkpt lat="42.757170014083385" lon="0.71174000389874">
        <ele>1306.3300000000002</ele>
      </trkpt>
      <trkpt lat="42.756970021873713" lon="0.71187000721693">
        <ele>1308</ele>
      </trkpt>
      <trkpt lat="42.757089966908097" lon="0.71219002828002">
        <ele>1310.75</ele>
      </trkpt>
      <trkpt lat="42.757149981334805" lon="0.712139988318086">
        <ele>1310.5</ele>
      </trkpt>
      <trkpt lat="42.757209995761514" lon="0.712239984422922">
        <ele>1313.3600000000001</ele>
      </trkpt>
      <trkpt lat="42.757300017401576" lon="0.71229999884963">
        <ele>1316.1400000000001</ele>
      </trkpt>
      <trkpt lat="42.757709976285696" lon="0.712490016594529">
        <ele>1330.9400000000001</ele>
      </trkpt>
      <trkpt lat="42.758139967918396" lon="0.712439976632595">
        <ele>1340.54</ele>
      </trkpt>
      <trkpt lat="42.75821004062891" lon="0.712390020489693">
        <ele>1340.54</ele>
      </trkpt>
      <trkpt lat="42.758269971236587" lon="0.712200002744794">
        <ele>1345.7100000000003</ele>
      </trkpt>
      <trkpt lat="42.758469963446259" lon="0.71176003664732">
        <ele>1352.71</ele>
      </trkpt>
      <trkpt lat="42.758719995617867" lon="0.711540011689067">
        <ele>1356.6400000000001</ele>
      </trkpt>
      <trkpt lat="42.758719995617867" lon="0.711470022797585">
        <ele>1356.5999999999999</ele>
      </trkpt>
      <trkpt lat="42.758989976719022" lon="0.711340019479394">
        <ele>1359.3200000000002</ele>
      </trkpt>
      <trkpt lat="42.759170019999146" lon="0.711219990625978">
        <ele>1361.7700000000002</ele>
      </trkpt>
      <trkpt lat="42.759300023317337" lon="0.711210016161203">
        <ele>1362.6500000000001</ele>
      </trkpt>
      <trkpt lat="42.759470008313656" lon="0.711140027269721">
        <ele>1363.1200000000001</ele>
      </trkpt>
      <trkpt lat="42.760180039331317" lon="0.710529992356896">
        <ele>1374.1000000000001</ele>
      </trkpt>
      <trkpt lat="42.760529983788729" lon="0.710629988461733">
        <ele>1381.5700000000002</ele>
      </trkpt>
      <trkpt lat="42.760770041495562" lon="0.710529992356896">
        <ele>1389.1400000000001</ele>
      </trkpt>
      <trkpt lat="42.760870037600398" lon="0.71042999625206">
        <ele>1394.98</ele>
      </trkpt>
      <trkpt lat="42.761340010911226" lon="0.710739959031343">
        <ele>1407.7700000000002</ele>
      </trkpt>
      <trkpt lat="42.761869998648763" lon="0.710929976776242">
        <ele>1420.1900000000001</ele>
      </trkpt>
      <trkpt lat="42.762450026348233" lon="0.711070038378239">
        <ele>1428.7800000000002</ele>
      </trkpt>
      <trkpt lat="42.763040028512478" lon="0.711449990049005">
        <ele>1437.6700000000003</ele>
      </trkpt>
      <trkpt lat="42.763370024040341" lon="0.711570018902421">
        <ele>1445.7600000000002</ele>
      </trkpt>
      <trkpt lat="42.763879979029298" lon="0.711939996108413">
        <ele>1457.9100000000001</ele>
      </trkpt>
      <trkpt lat="42.764030015096068" lon="0.712079973891377">
        <ele>1459.9200000000001</ele>
      </trkpt>
      <trkpt lat="42.764069996774197" lon="0.712090032175183">
        <ele>1459.9200000000001</ele>
      </trkpt>
      <trkpt lat="42.764320028945804" lon="0.712000010535121">
        <ele>1463.7300000000002</ele>
      </trkpt>
      <trkpt lat="42.764650024473667" lon="0.711730029433966">
        <ele>1474.5800000000002</ele>
      </trkpt>
      <trkpt lat="42.765199961140752" lon="0.711495000869036">
        <ele>1492.01</ele>
      </trkpt>
      <trkpt lat="42.765749981626868" lon="0.711259972304106">
        <ele>1508.9200000000001</ele>
      </trkpt>
      <trkpt lat="42.766320034861565" lon="0.711059980094433">
        <ele>1518.97</ele>
      </trkpt>
      <trkpt lat="42.766499994322658" lon="0.711150001734495">
        <ele>1520.73</ele>
      </trkpt>
      <trkpt lat="42.766620023176074" lon="0.711280005052686">
        <ele>1520.7100000000003</ele>
      </trkpt>
      <trkpt lat="42.766769975423813" lon="0.711380001157522">
        <ele>1520.8300000000002</ele>
      </trkpt>
      <trkpt lat="42.766929985955358" lon="0.711640007793903">
        <ele>1521.4900000000002</ele>
      </trkpt>
      <trkpt lat="42.766910037025809" lon="0.711909988895059">
        <ele>1521.5800000000002</ele>
      </trkpt>
      <trkpt lat="42.766990000382066" lon="0.712019959464669">
        <ele>1521.53</ele>
      </trkpt>
      <trkpt lat="42.767229974269867" lon="0.712309973314404">
        <ele>1522.5799999999999</ele>
      </trkpt>
      <trkpt lat="42.767370035871863" lon="0.712379962205887">
        <ele>1522.9100000000001</ele>
      </trkpt>
      <trkpt lat="42.767540020868182" lon="0.712420027703047">
        <ele>1523.26</ele>
      </trkpt>
      <trkpt lat="42.767689973115921" lon="0.712409969419241">
        <ele>1524.04</ele>
      </trkpt>
      <trkpt lat="42.76787999086082" lon="0.712309973314404">
        <ele>1524.73</ele>
      </trkpt>
      <trkpt lat="42.768040001392365" lon="0.712249958887696">
        <ele>1524.73</ele>
      </trkpt>
      <trkpt lat="42.768179979175329" lon="0.712139988318086">
        <ele>1525.5700000000002</ele>
      </trkpt>
      <trkpt lat="42.768290033563972" lon="0.712090032175183">
        <ele>1525.8800000000001</ele>
      </trkpt>
      <trkpt lat="42.768379971385002" lon="0.712120039388537">
        <ele>1526.1400000000001</ele>
      </trkpt>
      <trkpt lat="42.768500000238419" lon="0.712390020489693">
        <ele>1526.8400000000001</ele>
      </trkpt>
      <trkpt lat="42.768650036305189" lon="0.71259998716414">
        <ele>1528.0300000000002</ele>
      </trkpt>
      <trkpt lat="42.768679959699512" lon="0.712739964947104">
        <ele>1528.5700000000002</ele>
      </trkpt>
      <trkpt lat="42.768669985234737" lon="0.712799979373813">
        <ele>1528.5700000000002</ele>
      </trkpt>
      <trkpt lat="42.768660010769963" lon="0.712820012122393">
        <ele>1528.5700000000002</ele>
      </trkpt>
      <trkpt lat="42.768590021878481" lon="0.712950015440583">
        <ele>1529.6400000000001</ele>
      </trkpt>
      <trkpt lat="42.76846001856029" lon="0.71305001154542">
        <ele>1530.27</ele>
      </trkpt>
      <trkpt lat="42.76830998249352" lon="0.713089993223548">
        <ele>1532.28</ele>
      </trkpt>
      <trkpt lat="42.767949979752302" lon="0.713129974901676">
        <ele>1534.8900000000001</ele>
      </trkpt>
      <trkpt lat="42.767759962007403" lon="0.713099967688322">
        <ele>1532.6400000000001</ele>
      </trkpt>
      <trkpt lat="42.76755996979773" lon="0.713120000436902">
        <ele>1529.9400000000001</ele>
      </trkpt>
      <trkpt lat="42.767340028658509" lon="0.713219996541739">
        <ele>1525.9300000000003</ele>
      </trkpt>
      <trkpt lat="42.767229974269867" lon="0.713299959897995">
        <ele>1525.9300000000003</ele>
      </trkpt>
      <trkpt lat="42.76702000759542" lon="0.71358997374773">
        <ele>1521.8800000000001</ele>
      </trkpt>
      <trkpt lat="42.766910037025809" lon="0.713689969852567">
        <ele>1520.5799999999999</ele>
      </trkpt>
      <trkpt lat="42.766959993168712" lon="0.713719977065921">
        <ele>1520.5799999999999</ele>
      </trkpt>
      <trkpt lat="42.76699997484684" lon="0.713779991492629">
        <ele>1520.5799999999999</ele>
      </trkpt>
      <trkpt lat="42.76699997484684" lon="0.713840005919337">
        <ele>1521.8800000000001</ele>
      </trkpt>
      <trkpt lat="42.766950018703938" lon="0.713949976488948">
        <ele>1521.8800000000001</ele>
      </trkpt>
      <trkpt lat="42.766839964315295" lon="0.714090038090944">
        <ele>1522.3500000000001</ele>
      </trkpt>
      <trkpt lat="42.766650030389428" lon="0.714499996975064">
        <ele>1525.3900000000001</ele>
      </trkpt>
      <trkpt lat="42.766550034284592" lon="0.714569985866547">
        <ele>1526.4000000000001</ele>
      </trkpt>
      <trkpt lat="42.766290027648211" lon="0.714550036936998">
        <ele>1529.5599999999999</ele>
      </trkpt>
      <trkpt lat="42.766190031543374" lon="0.714609967544675">
        <ele>1530.46</ele>
      </trkpt>
      <trkpt lat="42.766060028225183" lon="0.714850025251508">
        <ele>1532.9400000000001</ele>
      </trkpt>
      <trkpt lat="42.766019962728024" lon="0.715150013566017">
        <ele>1535.2800000000002</ele>
      </trkpt>
      <trkpt lat="42.766220038756728" lon="0.715819979086518">
        <ele>1541.05</ele>
      </trkpt>
      <trkpt lat="42.766230013221502" lon="0.715930033475161">
        <ele>1541.97</ele>
      </trkpt>
      <trkpt lat="42.765939999371767" lon="0.716599998995662">
        <ele>1547.8800000000001</ele>
      </trkpt>
      <trkpt lat="42.765819970518351" lon="0.716799991205335">
        <ele>1549.4500000000003</ele>
      </trkpt>
      <trkpt lat="42.765570022165775" lon="0.71709000505507">
        <ele>1553.76</ele>
      </trkpt>
      <trkpt lat="42.765359971672297" lon="0.717169968411326">
        <ele>1555.1100000000001</ele>
      </trkpt>
      <trkpt lat="42.765029976144433" lon="0.717180026695132">
        <ele>1558.8700000000001</ele>
      </trkpt>
      <trkpt lat="42.76482998393476" lon="0.717129986733198">
        <ele>1561.1400000000001</ele>
      </trkpt>
      <trkpt lat="42.764480039477348" lon="0.716860005632043">
        <ele>1565.4800000000002</ele>
      </trkpt>
      <trkpt lat="42.764360010623932" lon="0.716809965670109">
        <ele>1565.4800000000002</ele>
      </trkpt>
      <trkpt lat="42.764279963448644" lon="0.716809965670109">
        <ele>1570.0699999999999</ele>
      </trkpt>
      <trkpt lat="42.764030015096068" lon="0.716869980096817">
        <ele>1570.0699999999999</ele>
      </trkpt>
      <trkpt lat="42.763830022886395" lon="0.716980034485459">
        <ele>1572.4600000000003</ele>
      </trkpt>
      <trkpt lat="42.763649979606271" lon="0.717020016163588">
        <ele>1574.6500000000001</ele>
      </trkpt>
      <trkpt lat="42.763370024040341" lon="0.716960001736879">
        <ele>1577.98</ele>
      </trkpt>
      <trkpt lat="42.763310009613633" lon="0.716990008950233">
        <ele>1578.3600000000001</ele>
      </trkpt>
      <trkpt lat="42.762840036302805" lon="0.717599960044026">
        <ele>1584.74</ele>
      </trkpt>
      <trkpt lat="42.762580029666424" lon="0.718040009960532">
        <ele>1590.3600000000001</ele>
      </trkpt>
      <trkpt lat="42.762480033561587" lon="0.718160038813949">
        <ele>1591.5700000000002</ele>
      </trkpt>
      <trkpt lat="42.762290015816689" lon="0.718460027128458">
        <ele>1594.54</ele>
      </trkpt>
      <trkpt lat="42.762139979749918" lon="0.718799997121096">
        <ele>1598.27</ele>
      </trkpt>
      <trkpt lat="42.761849965900183" lon="0.719150025397539">
        <ele>1600.7000000000003</ele>
      </trkpt>
      <trkpt lat="42.761739995330572" lon="0.719199981540442">
        <ele>1602.0200000000002</ele>
      </trkpt>
      <trkpt lat="42.761449981480837" lon="0.719450013712049">
        <ele>1605.5800000000002</ele>
      </trkpt>
      <trkpt lat="42.761300029233098" lon="0.719619998708367">
        <ele>1608.5</ele>
      </trkpt>
      <trkpt lat="42.761180000379682" lon="0.719680013135076">
        <ele>1608.5</ele>
      </trkpt>
      <trkpt lat="42.760950000956655" lon="0.719759976491332">
        <ele>1612.1300000000001</ele>
      </trkpt>
      <trkpt lat="42.760699968785048" lon="0.719729969277978">
        <ele>1614.3299999999999</ele>
      </trkpt>
      <trkpt lat="42.760520009323955" lon="0.719729969277978">
        <ele>1617.76</ele>
      </trkpt>
      <trkpt lat="42.760160006582737" lon="0.719870030879974">
        <ele>1620.95</ele>
      </trkpt>
      <trkpt lat="42.759660026058555" lon="0.72024998255074">
        <ele>1627.5600000000002</ele>
      </trkpt>
      <trkpt lat="42.759590037167072" lon="0.720340004190803">
        <ele>1627.5600000000002</ele>
      </trkpt>
      <trkpt lat="42.759509989991784" lon="0.720530021935701">
        <ele>1630.7300000000002</ele>
      </trkpt>
      <trkpt lat="42.759530022740364" lon="0.720579978078604">
        <ele>1631.1200000000001</ele>
      </trkpt>
      <trkpt lat="42.759619960561395" lon="0.720600010827184">
        <ele>1631.6800000000003</ele>
      </trkpt>
      <trkpt lat="42.759679974988103" lon="0.72057000361383">
        <ele>1631.8900000000001</ele>
      </trkpt>
      <trkpt lat="42.759830011054873" lon="0.720419967547059">
        <ele>1632.7300000000002</ele>
      </trkpt>
      <trkpt lat="42.759939981624484" lon="0.720389960333705">
        <ele>1633.6200000000001</ele>
      </trkpt>
      <trkpt lat="42.760009970515966" lon="0.720389960333705">
        <ele>1633.6200000000001</ele>
      </trkpt>
      <trkpt lat="42.760139973834157" lon="0.720449974760413">
        <ele>1635.2300000000002</ele>
      </trkpt>
      <trkpt lat="42.760260002687573" lon="0.72057000361383">
        <ele>1636.1400000000001</ele>
      </trkpt>
      <trkpt lat="42.76038003154099" lon="0.720830010250211">
        <ele>1637.8000000000002</ele>
      </trkpt>
      <trkpt lat="42.760480027645826" lon="0.720869991928339">
        <ele>1638.5500000000002</ele>
      </trkpt>
      <trkpt lat="42.760569965466857" lon="0.720849959179759">
        <ele>1639.3300000000002</ele>
      </trkpt>
      <trkpt lat="42.760870037600398" lon="0.720669999718666">
        <ele>1642.1400000000001</ele>
      </trkpt>
      <trkpt lat="42.761489963158965" lon="0.720409993082285">
        <ele>1646.2200000000003</ele>
      </trkpt>
      <trkpt lat="42.76180000975728" lon="0.720400018617511">
        <ele>1648.1800000000001</ele>
      </trkpt>
      <trkpt lat="42.762130005285144" lon="0.720419967547059">
        <ele>1651.1200000000001</ele>
      </trkpt>
      <trkpt lat="42.762799970805645" lon="0.72057000361383">
        <ele>1657.25</ele>
      </trkpt>
      <trkpt lat="42.762989988550544" lon="0.72057000361383">
        <ele>1658.97</ele>
      </trkpt>
      <trkpt lat="42.763359965756536" lon="0.720749963074923">
        <ele>1663.4400000000001</ele>
      </trkpt>
      <trkpt lat="42.763570016250014" lon="0.720820035785437">
        <ele>1665.9100000000001</ele>
      </trkpt>
      <trkpt lat="42.763800015673041" lon="0.720860017463565">
        <ele>1667.24</ele>
      </trkpt>
      <trkpt lat="42.764200000092387" lon="0.720869991928339">
        <ele>1670.8500000000001</ele>
      </trkpt>
      <trkpt lat="42.764360010623932" lon="0.720830010250211">
        <ele>1672.4500000000003</ele>
      </trkpt>
      <trkpt lat="42.764469981193542" lon="0.720730014145374">
        <ele>1674.74</ele>
      </trkpt>
      <trkpt lat="42.764539970085025" lon="0.72070000693202">
        <ele>1674.74</ele>
      </trkpt>
      <trkpt lat="42.764599984511733" lon="0.7207200396806">
        <ele>1675.54</ele>
      </trkpt>
      <trkpt lat="42.764620017260313" lon="0.720809977501631">
        <ele>1675.8700000000001</ele>
      </trkpt>
      <trkpt lat="42.764590010046959" lon="0.720890024676919">
        <ele>1676.3700000000001</ele>
      </trkpt>
      <trkpt lat="42.764490013942122" lon="0.720960013568401">
        <ele>1676.6700000000001</ele>
      </trkpt>
      <trkpt lat="42.764309970661998" lon="0.72102002799511">
        <ele>1677.0600000000002</ele>
      </trkpt>
      <trkpt lat="42.763849971815944" lon="0.721060009673238">
        <ele>1680.5700000000002</ele>
      </trkpt>
      <trkpt lat="42.76354000903666" lon="0.721209961920977">
        <ele>1684.1500000000001</ele>
      </trkpt>
      <trkpt lat="42.763229962438345" lon="0.721229994669557">
        <ele>1687.9300000000001</ele>
      </trkpt>
      <trkpt lat="42.762910025194287" lon="0.721299983561039">
        <ele>1690.73</ele>
      </trkpt>
      <trkpt lat="42.762420019134879" lon="0.721540041267872">
        <ele>1696.49</ele>
      </trkpt>
      <trkpt lat="42.761979969218373" lon="0.721780015155673">
        <ele>1702.29</ele>
      </trkpt>
      <trkpt lat="42.761719962581992" lon="0.721959974616766">
        <ele>1706.6900000000001</ele>
      </trkpt>
      <trkpt lat="42.761579984799027" lon="0.722159966826439">
        <ele>1708.22</ele>
      </trkpt>
      <trkpt lat="42.761509995907545" lon="0.722319977357984">
        <ele>1709.6300000000001</ele>
      </trkpt>
      <trkpt lat="42.761419974267483" lon="0.722409998998046">
        <ele>1711.47</ele>
      </trkpt>
      <trkpt lat="42.761200033128262" lon="0.722560035064816">
        <ele>1713.27</ele>
      </trkpt>
      <trkpt lat="42.76089996099472" lon="0.722700012847781">
        <ele>1717.5900000000001</ele>
      </trkpt>
      <trkpt lat="42.760629979893565" lon="0.722690038383007">
        <ele>1719.47</ele>
      </trkpt>
      <trkpt lat="42.76046996936202" lon="0.722709987312555">
        <ele>1721.6900000000001</ele>
      </trkpt>
      <trkpt lat="42.759999996051192" lon="0.722549976781011">
        <ele>1726.3800000000001</ele>
      </trkpt>
      <trkpt lat="42.759769996628165" lon="0.722530027851462">
        <ele>1728.5400000000002</ele>
      </trkpt>
      <trkpt lat="42.759370012208819" lon="0.722409998998046">
        <ele>1732.4000000000001</ele>
      </trkpt>
      <trkpt lat="42.75904999114573" lon="0.722359959036112">
        <ele>1736.3500000000001</ele>
      </trkpt>
      <trkpt lat="42.758710021153092" lon="0.722119985148311">
        <ele>1740.0400000000002</ele>
      </trkpt>
      <trkpt lat="42.758610025048256" lon="0.722119985148311">
        <ele>1740.7500000000002</ele>
      </trkpt>
      <trkpt lat="42.758399974554777" lon="0.722200032323599">
        <ele>1741.47</ele>
      </trkpt>
      <trkpt lat="42.758250022307038" lon="0.722149992361665">
        <ele>1741.51</ele>
      </trkpt>
      <trkpt lat="42.757799997925758" lon="0.72185997851193">
        <ele>1740.8199999999999</ele>
      </trkpt>
      <trkpt lat="42.757690027356148" lon="0.721759982407093">
        <ele>1740.8800000000001</ele>
      </trkpt>
      <trkpt lat="42.757390039041638" lon="0.721729975193739">
        <ele>1740.6600000000001</ele>
      </trkpt>
      <trkpt lat="42.75733002461493" lon="0.721799964085221">
        <ele>1740.6600000000001</ele>
      </trkpt>
      <trkpt lat="42.757189963012934" lon="0.722210006788373">
        <ele>1738.4700000000003</ele>
      </trkpt>
      <trkpt lat="42.75685996748507" lon="0.722749968990684">
        <ele>1736.4300000000001</ele>
      </trkpt>
      <trkpt lat="42.756810011342168" lon="0.722939986735582">
        <ele>1735.6900000000001</ele>
      </trkpt>
      <trkpt lat="42.756740022450686" lon="0.723580028861761">
        <ele>1731.95</ele>
      </trkpt>
      <trkpt lat="42.756680008023977" lon="0.723759988322854">
        <ele>1730.47</ele>
      </trkpt>
      <trkpt lat="42.756610019132495" lon="0.7241599727422">
        <ele>1728.9100000000001</ele>
      </trkpt>
      <trkpt lat="42.756489990279078" lon="0.724530033767223">
        <ele>1727.0599999999999</ele>
      </trkpt>
      <trkpt lat="42.75645000860095" lon="0.724860029295087">
        <ele>1725.71</ele>
      </trkpt>
      <trkpt lat="42.756499964743853" lon="0.725299995392561">
        <ele>1724.0000000000002</ele>
      </trkpt>
      <trkpt lat="42.756440034136176" lon="0.72562001645565">
        <ele>1723.5600000000002</ele>
      </trkpt>
      <trkpt lat="42.756220009177923" lon="0.72602997533977">
        <ele>1722.3400000000001</ele>
      </trkpt>
      <trkpt lat="42.756029991433024" lon="0.726259974762797">
        <ele>1721.1500000000001</ele>
      </trkpt>
      <trkpt lat="42.75589001365006" lon="0.726359970867634">
        <ele>1720.5700000000002</ele>
      </trkpt>
      <trkpt lat="42.755760010331869" lon="0.726419985294342">
        <ele>1720.4000000000001</ele>
      </trkpt>
      <trkpt lat="42.755639981478453" lon="0.726530039682984">
        <ele>1719.5699999999999</ele>
      </trkpt>
      <trkpt lat="42.755449963733554" lon="0.72688995860517">
        <ele>1718.0700000000002</ele>
      </trkpt>
      <trkpt lat="42.755300011485815" lon="0.727030020207167">
        <ele>1714.7800000000002</ele>
      </trkpt>
      <trkpt lat="42.754789972677827" lon="0.727330008521676">
        <ele>1711.99</ele>
      </trkpt>
      <trkpt lat="42.754529966041446" lon="0.727479960769415">
        <ele>1709.1600000000003</ele>
      </trkpt>
      <trkpt lat="42.754429969936609" lon="0.727590015158057">
        <ele>1709.1600000000003</ele>
      </trkpt>
      <trkpt lat="42.7541299816221" lon="0.72806996293366">
        <ele>1703.8500000000001</ele>
      </trkpt>
      <trkpt lat="42.754050018265843" lon="0.728329969570041">
        <ele>1703.0500000000002</ele>
      </trkpt>
      <trkpt lat="42.754029985517263" lon="0.728529961779714">
        <ele>1702.3199999999999</ele>
      </trkpt>
      <trkpt lat="42.753890007734299" lon="0.729230018332601">
        <ele>1697.0800000000002</ele>
      </trkpt>
      <trkpt lat="42.753884978592396" lon="0.729854973033071">
        <ele>1691.3600000000001</ele>
      </trkpt>
      <trkpt lat="42.753880033269525" lon="0.730480011552572">
        <ele>1687.04</ele>
      </trkpt>
      <trkpt lat="42.753809960559011" lon="0.731209991499782">
        <ele>1681.3800000000001</ele>
      </trkpt>
      <trkpt lat="42.753650033846498" lon="0.732060000300407">
        <ele>1675.9700000000003</ele>
      </trkpt>
      <trkpt lat="42.753530004993081" lon="0.73258001357317">
        <ele>1671.1300000000001</ele>
      </trkpt>
      <trkpt lat="42.753279972821474" lon="0.733270011842251">
        <ele>1665.5600000000002</ele>
      </trkpt>
      <trkpt lat="42.753190035000443" lon="0.73399999178946">
        <ele>1657.6099999999999</ele>
      </trkpt>
      <trkpt lat="42.753239991143346" lon="0.734399976208806">
        <ele>1656.77</ele>
      </trkpt>
      <trkpt lat="42.753230016678572" lon="0.73472997173667">
        <ele>1654.5400000000002</ele>
      </trkpt>
      <trkpt lat="42.753379968926311" lon="0.735040018334985">
        <ele>1653.0900000000001</ele>
      </trkpt>
      <trkpt lat="42.753400001674891" lon="0.735579980537295">
        <ele>1650</ele>
      </trkpt>
      <trkpt lat="42.753479965031147" lon="0.735769998282194">
        <ele>1647.7800000000002</ele>
      </trkpt>
      <trkpt lat="42.75324996560812" lon="0.736539959907532">
        <ele>1640.9400000000001</ele>
      </trkpt>
      <trkpt lat="42.753260023891926" lon="0.737059973180294">
        <ele>1637.04</ele>
      </trkpt>
      <trkpt lat="42.753019966185093" lon="0.738199995830655">
        <ele>1626.8300000000002</ele>
      </trkpt>
      <trkpt lat="42.753049973398447" lon="0.738509958609939">
        <ele>1623.21</ele>
      </trkpt>
      <trkpt lat="42.753039998933673" lon="0.738889994099736">
        <ele>1622.2900000000002</ele>
      </trkpt>
      <trkpt lat="42.752889962866902" lon="0.739640006795526">
        <ele>1615.1600000000001</ele>
      </trkpt>
      <trkpt lat="42.752740010619164" lon="0.740483310073614">
        <ele>1607.8600000000001</ele>
      </trkpt>
      <trkpt lat="42.752589974552393" lon="0.741326697170734">
        <ele>1601.49</ele>
      </trkpt>
      <trkpt lat="42.752440022304654" lon="0.742170000448823">
        <ele>1595.26</ele>
      </trkpt>
      <trkpt lat="42.752400040626526" lon="0.742739969864488">
        <ele>1591.2100000000003</ele>
      </trkpt>
      <trkpt lat="42.752500036731362" lon="0.743189994245768">
        <ele>1587.8</ele>
      </trkpt>
      <trkpt lat="42.752589974552393" lon="0.743900025263429">
        <ele>1582.5200000000002</ele>
      </trkpt>
      <trkpt lat="42.752540018409491" lon="0.74424996972084">
        <ele>1580.5800000000002</ele>
      </trkpt>
      <trkpt lat="42.752640014514327" lon="0.74456999078393">
        <ele>1575.6700000000001</ele>
      </trkpt>
      <trkpt lat="42.752710003405809" lon="0.74512998573482">
        <ele>1572.2500000000002</ele>
      </trkpt>
      <trkpt lat="42.752779992297292" lon="0.746230026707053">
        <ele>1564.4200000000001</ele>
      </trkpt>
      <trkpt lat="42.752689970657229" lon="0.746630011126399">
        <ele>1563.53</ele>
      </trkpt>
      <trkpt lat="42.752710003405809" lon="0.746850036084652">
        <ele>1559.8299999999999</ele>
      </trkpt>
      <trkpt lat="42.752670021727681" lon="0.747399972751737">
        <ele>1557.6000000000001</ele>
      </trkpt>
      <trkpt lat="42.752540018409491" lon="0.747689986601472">
        <ele>1554.5900000000001</ele>
      </trkpt>
      <trkpt lat="42.752400040626526" lon="0.748660024255514">
        <ele>1546.8300000000002</ele>
      </trkpt>
      <trkpt lat="42.752419989556074" lon="0.749129997566342">
        <ele>1544.0900000000001</ele>
      </trkpt>
      <trkpt lat="42.75238998234272" lon="0.749290008097887">
        <ele>1543.0600000000002</ele>
      </trkpt>
      <trkpt lat="42.752280011773109" lon="0.749299982562661">
        <ele>1543.0600000000002</ele>
      </trkpt>
      <trkpt lat="42.752170041203499" lon="0.749120023101568">
        <ele>1538.9200000000001</ele>
      </trkpt>
      <trkpt lat="42.752180015668273" lon="0.748690031468868">
        <ele>1535.74</ele>
      </trkpt>
      <trkpt lat="42.752250004559755" lon="0.748059963807464">
        <ele>1530.6500000000001</ele>
      </trkpt>
      <trkpt lat="42.752129975706339" lon="0.747410031035542">
        <ele>1524.3000000000002</ele>
      </trkpt>
      <trkpt lat="42.752080019563437" lon="0.746920024976134">
        <ele>1521.8700000000001</ele>
      </trkpt>
      <trkpt lat="42.752029979601502" lon="0.746390037238598">
        <ele>1517.3599999999999</ele>
      </trkpt>
      <trkpt lat="42.752020005136728" lon="0.745689980685711">
        <ele>1513.7600000000002</ele>
      </trkpt>
      <trkpt lat="42.751899976283312" lon="0.745210032910109">
        <ele>1510.8499999999999</ele>
      </trkpt>
      <trkpt lat="42.751750024035573" lon="0.744899986311793">
        <ele>1507.4000000000001</ele>
      </trkpt>
      <trkpt lat="42.7515500318259" lon="0.74456999078393">
        <ele>1504.1700000000003</ele>
      </trkpt>
      <trkpt lat="42.751439977437258" lon="0.744319958612323">
        <ele>1500.4400000000003</ele>
      </trkpt>
      <trkpt lat="42.751290025189519" lon="0.743849985301495">
        <ele>1498.3800000000001</ele>
      </trkpt>
      <trkpt lat="42.751000011339784" lon="0.742720020934939">
        <ele>1489.1700000000001</ele>
      </trkpt>
      <trkpt lat="42.750919964164495" lon="0.742750028148294">
        <ele>1488.4300000000001</ele>
      </trkpt>
      <trkpt lat="42.750879982486367" lon="0.742699988186359">
        <ele>1486.8400000000001</ele>
      </trkpt>
      <trkpt lat="42.750860033556819" lon="0.742609966546297">
        <ele>1486.1000000000001</ele>
      </trkpt>
      <trkpt lat="42.750800019130111" lon="0.742530003190041">
        <ele>1484.8500000000001</ele>
      </trkpt>
      <trkpt lat="42.750770011916757" lon="0.741770016029477">
        <ele>1478.7400000000002</ele>
      </trkpt>
      <trkpt lat="42.750740004703403" lon="0.741010028868914">
        <ele>1466.8100000000002</ele>
      </trkpt>
      <trkpt lat="42.750679990276694" lon="0.740750022232533">
        <ele>1463.98</ele>
      </trkpt>
      <trkpt lat="42.750660041347146" lon="0.740060023963451">
        <ele>1456.76</ele>
      </trkpt>
      <trkpt lat="42.750589968636632" lon="0.73980001732707">
        <ele>1453.3400000000001</ele>
      </trkpt>
      <trkpt lat="42.750449990853667" lon="0.739530036225915">
        <ele>1452.1000000000001</ele>
      </trkpt>
      <trkpt lat="42.750259973108768" lon="0.7392199896276">
        <ele>1446.3700000000001</ele>
      </trkpt>
      <trkpt lat="42.749959984794259" lon="0.738929975777864">
        <ele>1437.1100000000001</ele>
      </trkpt>
      <trkpt lat="42.749690003693104" lon="0.7387899979949">
        <ele>1430.23</ele>
      </trkpt>
      <trkpt lat="42.749550025910139" lon="0.738550024107099">
        <ele>1423.7700000000002</ele>
      </trkpt>
      <trkpt lat="42.749460004270077" lon="0.738320024684072">
        <ele>1419.8300000000002</ele>
      </trkpt>
      <trkpt lat="42.749060019850731" lon="0.737839993089437">
        <ele>1409.4000000000001</ele>
      </trkpt>
      <trkpt lat="42.748739998787642" lon="0.73758996091783">
        <ele>1397.21</ele>
      </trkpt>
      <trkpt lat="42.748630028218031" lon="0.737600019201636">
        <ele>1397.21</ele>
      </trkpt>
      <trkpt lat="42.748470017686486" lon="0.737460041418672">
        <ele>1394.6500000000001</ele>
      </trkpt>
      <trkpt lat="42.74834998883307" lon="0.737259965389967">
        <ele>1393.8700000000001</ele>
      </trkpt>
      <trkpt lat="42.748240018263459" lon="0.736999958753586">
        <ele>1392.6000000000001</ele>
      </trkpt>
      <trkpt lat="42.748189978301525" lon="0.736589999869466">
        <ele>1389.9800000000002</ele>
      </trkpt>
      <trkpt lat="42.748140022158623" lon="0.736420014873147">
        <ele>1388.3700000000001</ele>
      </trkpt>
      <trkpt lat="42.748119989410043" lon="0.736130001023412">
        <ele>1387.0500000000002</ele>
      </trkpt>
      <trkpt lat="42.748200036585331" lon="0.735670002177358">
        <ele>1383.8300000000002</ele>
      </trkpt>
      <trkpt lat="42.748189978301525" lon="0.735460035502911">
        <ele>1381.9400000000001</ele>
      </trkpt>
      <trkpt lat="42.748159971088171" lon="0.73530999943614">
        <ele>1381.2900000000002</ele>
      </trkpt>
      <trkpt lat="42.748119989410043" lon="0.734910015016794">
        <ele>1379.0300000000002</ele>
      </trkpt>
      <trkpt lat="42.748040026053786" lon="0.734480023384094">
        <ele>1374.9000000000001</ele>
      </trkpt>
      <trkpt lat="42.74805000051856" lon="0.73386998847127">
        <ele>1372.6700000000001</ele>
      </trkpt>
      <trkpt lat="42.748010018840432" lon="0.733379982411861">
        <ele>1365.0500000000002</ele>
      </trkpt>
      <trkpt lat="42.747999960556626" lon="0.732749998569489">
        <ele>1351.3300000000002</ele>
      </trkpt>
      <trkpt lat="42.74807003326714" lon="0.732220010831952">
        <ele>1342.6900000000001</ele>
      </trkpt>
      <trkpt lat="42.748240018263459" lon="0.731309987604618">
        <ele>1331.1900000000001</ele>
      </trkpt>
      <trkpt lat="42.748430036008358" lon="0.731009999290109">
        <ele>1327.21</ele>
      </trkpt>
      <trkpt lat="42.748549981042743" lon="0.730550000444055">
        <ele>1322.4600000000003</ele>
      </trkpt>
      <trkpt lat="42.748640002682805" lon="0.730069968849421">
        <ele>1318.95</ele>
      </trkpt>
      <trkpt lat="42.748609995469451" lon="0.729920016601682">
        <ele>1317.3400000000001</ele>
      </trkpt>
      <trkpt lat="42.74847999215126" lon="0.729690017178655">
        <ele>1312.7700000000002</ele>
      </trkpt>
      <trkpt lat="42.748310007154942" lon="0.729539981111884">
        <ele>1308.6700000000001</ele>
      </trkpt>
      <trkpt lat="42.748219985514879" lon="0.729499999433756">
        <ele>1306.8000000000002</ele>
      </trkpt>
      <trkpt lat="42.748080007731915" lon="0.729369996115565">
        <ele>1305.0700000000002</ele>
      </trkpt>
      <trkpt lat="42.748010018840432" lon="0.729109989479184">
        <ele>1303.5</ele>
      </trkpt>
      <trkpt lat="42.747989986091852" lon="0.728710005059838">
        <ele>1298.9000000000001</ele>
      </trkpt>
      <trkpt lat="42.747999960556626" lon="0.72851998731494">
        <ele>1297.77</ele>
      </trkpt>
      <trkpt lat="42.748149996623397" lon="0.728250006213784">
        <ele>1292.72</ele>
      </trkpt>
      <trkpt lat="42.748300032690167" lon="0.727829989045858">
        <ele>1289.1700000000001</ele>
      </trkpt>
      <trkpt lat="42.748609995469451" lon="0.727269994094968">
        <ele>1283.3100000000002</ele>
      </trkpt>
      <trkpt lat="42.748579988256097" lon="0.727130016312003">
        <ele>1282.28</ele>
      </trkpt>
      <trkpt lat="42.74847999215126" lon="0.727109983563423">
        <ele>1282.28</ele>
      </trkpt>
      <trkpt lat="42.748330039903522" lon="0.727249961346388">
        <ele>1278.6300000000001</ele>
      </trkpt>
      <trkpt lat="42.748019993305206" lon="0.727599989622831">
        <ele>1274.99</ele>
      </trkpt>
      <trkpt lat="42.747856881469488" lon="0.727924620732665">
        <ele>1271.98</ele>
      </trkpt>
      <trkpt lat="42.747743725776672" lon="0.727986562997103">
        <ele>1268.8900000000001</ele>
      </trkpt>
      <trkpt lat="42.747825449332595" lon="0.727397901937366">
        <ele>1260.3200000000002</ele>
      </trkpt>
      <trkpt lat="42.747794017195702" lon="0.726894484832883">
        <ele>1254.8400000000001</ele>
      </trkpt>
      <trkpt lat="42.747677341103554" lon="0.726509084925056">
        <ele>1255.05859375</ele>
      </trkpt>
      <trkpt lat="42.747435607016087" lon="0.72711911983788">
        <ele>1254.99609375</ele>
      </trkpt>
      <trkpt lat="42.747416747733951" lon="0.72727401740849">
        <ele>1254.46875</ele>
      </trkpt>
      <trkpt lat="42.747416747733951" lon="0.727390190586448">
        <ele>1254.140625</ele>
      </trkpt>
      <trkpt lat="42.747410461306572" lon="0.727560594677925">
        <ele>1253.63671875</ele>
      </trkpt>
      <trkpt lat="42.747404174879193" lon="0.72779294103384">
        <ele>1253.99609375</ele>
      </trkpt>
      <trkpt lat="42.747379029169679" lon="0.727986562997103">
        <ele>1253.3125</ele>
      </trkpt>
      <trkpt lat="42.747353883460164" lon="0.72811053134501">
        <ele>1253.01953125</ele>
      </trkpt>
      <trkpt lat="42.747291019186378" lon="0.728296358138323">
        <ele>1251.984375</ele>
      </trkpt>
      <trkpt lat="42.747253216803074" lon="0.728428037837148">
        <ele>1252.3515625</ele>
      </trkpt>
      <trkpt lat="42.747140061110258" lon="0.728637166321278">
        <ele>1252.21875</ele>
      </trkpt>
      <trkpt lat="42.747033191844821" lon="0.728761134669185">
        <ele>1251.51171875</ele>
      </trkpt>
      <trkpt lat="42.746970243752003" lon="0.728854089975357">
        <ele>1251.34375</ele>
      </trkpt>
      <trkpt lat="42.746813083067536" lon="0.72904771193862">
        <ele>1250.34375</ele>
      </trkpt>
      <trkpt lat="42.746706213802099" lon="0.729225827381015">
        <ele>1251.11328125</ele>
      </trkpt>
      <trkpt lat="42.74655525572598" lon="0.72941173799336">
        <ele>1251.53515625</ele>
      </trkpt>
      <trkpt lat="42.746423240751028" lon="0.729620866477489">
        <ele>1251.6015625</ele>
      </trkpt>
      <trkpt lat="42.746297428384423" lon="0.729791270568967">
        <ele>1252.5859375</ele>
      </trkpt>
      <trkpt lat="42.746322574093938" lon="0.72951240465045">
        <ele>1252.5234375</ele>
      </trkpt>
      <trkpt lat="42.746416954323649" lon="0.729001192376018">
        <ele>1249.83984375</ele>
      </trkpt>
      <trkpt lat="42.746492391452193" lon="0.728559717535973">
        <ele>1247.94140625</ele>
      </trkpt>
      <trkpt lat="42.74655525572598" lon="0.728133749216795">
        <ele>1243.83984375</ele>
      </trkpt>
      <trkpt lat="42.746674697846174" lon="0.727622536942363">
        <ele>1238.76953125</ele>
      </trkpt>
      <trkpt lat="42.746932525187731" lon="0.727002946659923">
        <ele>1253.3400000000001</ele>
      </trkpt>
      <trkpt lat="42.746926238760352" lon="0.726848049089313">
        <ele>1253.0100000000002</ele>
      </trkpt>
      <trkpt lat="42.746945098042488" lon="0.726522747427225">
        <ele>1252.3200000000002</ele>
      </trkpt>
      <trkpt lat="42.74708348326385" lon="0.726197445765138">
        <ele>1251.5699999999999</ele>
      </trkpt>
      <trkpt lat="42.747146347537637" lon="0.726011535152793">
        <ele>1250.1800000000001</ele>
      </trkpt>
      <trkpt lat="42.747146347537637" lon="0.725965015590191">
        <ele>1249.1800000000001</ele>
      </trkpt>
      <trkpt lat="42.747146347537637" lon="0.725670726969838">
        <ele>1247.8700000000001</ele>
      </trkpt>
      <trkpt lat="42.747127488255501" lon="0.725484816357493">
        <ele>1244.72</ele>
      </trkpt>
      <trkpt lat="42.747114915400743" lon="0.725128585472703">
        <ele>1233.51</ele>
      </trkpt>
      <trkpt lat="42.747239973396063" lon="0.72476003319025">
        <ele>1229.4200000000001</ele>
      </trkpt>
      <trkpt lat="42.74719001725316" lon="0.724640004336834">
        <ele>1227.1500000000001</ele>
      </trkpt>
      <trkpt lat="42.747139977291226" lon="0.724689960479736">
        <ele>1225.0500000000002</ele>
      </trkpt>
      <trkpt lat="42.747020032256842" lon="0.724679986014962">
        <ele>1221.21</ele>
      </trkpt>
      <trkpt lat="42.746809981763363" lon="0.72474000044167">
        <ele>1217.6200000000001</ele>
      </trkpt>
      <trkpt lat="42.746540000662208" lon="0.724860029295087">
        <ele>1212.9000000000001</ele>
      </trkpt>
      <trkpt lat="42.746489960700274" lon="0.724930018186569">
        <ele>1211.5200000000002</ele>
      </trkpt>
      <trkpt lat="42.74620003066957" lon="0.724879978224635">
        <ele>1208.0600000000002</ele>
      </trkpt>
      <trkpt lat="42.745940024033189" lon="0.72460999712348">
        <ele>1206.1900000000001</ele>
      </trkpt>
      <trkpt lat="42.745829969644547" lon="0.724619971588254">
        <ele>1205.1900000000003</ele>
      </trkpt>
      <trkpt lat="42.745589995756745" lon="0.724579989910126">
        <ele>1200.8199999999999</ele>
      </trkpt>
      <trkpt lat="42.745269974693656" lon="0.724419979378581">
        <ele>1195.3</ele>
      </trkpt>
      <trkpt lat="42.745260000228882" lon="0.724410004913807">
        <ele>1195.3</ele>
      </trkpt>
      <trkpt lat="42.745060008019209" lon="0.724830022081733">
        <ele>1187.96</ele>
      </trkpt>
      <trkpt lat="42.744679972529411" lon="0.725369984284043">
        <ele>1173.2900000000002</ele>
      </trkpt>
      <trkpt lat="42.744300020858645" lon="0.725910030305386">
        <ele>1154.6900000000001</ele>
      </trkpt>
      <trkpt lat="42.74403003975749" lon="0.726189985871315">
        <ele>1149.6099999999999</ele>
      </trkpt>
      <trkpt lat="42.743849996477365" lon="0.72647999972105">
        <ele>1140.5599999999999</ele>
      </trkpt>
      <trkpt lat="42.743650004267693" lon="0.727530000731349">
        <ele>1120.3899999999999</ele>
      </trkpt>
      <trkpt lat="42.74345001205802" lon="0.727590015158057">
        <ele>1112.46</ele>
      </trkpt>
      <trkpt lat="42.743359990417957" lon="0.727760000154376">
        <ele>1108.0800000000002</ele>
      </trkpt>
      <trkpt lat="42.743280027061701" lon="0.727530000731349">
        <ele>1101.45</ele>
      </trkpt>
      <trkpt lat="42.743210038170218" lon="0.727669978514314">
        <ele>1099.04</ele>
      </trkpt>
      <trkpt lat="42.743139965459704" lon="0.72806996293366">
        <ele>1091.79</ele>
      </trkpt>
      <trkpt lat="42.743029994890094" lon="0.728340027853847">
        <ele>1082.77</ele>
      </trkpt>
      <trkpt lat="42.742960005998611" lon="0.728689972311258">
        <ele>1077.76</ele>
      </trkpt>
      <trkpt lat="42.742839977145195" lon="0.728889964520931">
        <ele>1072.3700000000001</ele>
      </trkpt>
      <trkpt lat="42.742620036005974" lon="0.729499999433756">
        <ele>1063.0700000000002</ele>
      </trkpt>
      <trkpt lat="42.742649959400296" lon="0.729780038818717">
        <ele>1060.48</ele>
      </trkpt>
      <trkpt lat="42.742539988830686" lon="0.730120008811355">
        <ele>1056.2900000000002</ele>
      </trkpt>
      <trkpt lat="42.742520039901137" lon="0.730940010398626">
        <ele>1047.8800000000001</ele>
      </trkpt>
      <trkpt lat="42.742449967190623" lon="0.731300013139844">
        <ele>1046.1800000000001</ele>
      </trkpt>
      <trkpt lat="42.74227000772953" lon="0.731419958174229">
        <ele>1042.98</ele>
      </trkpt>
      <trkpt lat="42.742060041055083" lon="0.731360027566552">
        <ele>1036.45</ele>
      </trkpt>
      <trkpt lat="42.741940012201667" lon="0.73169999755919">
        <ele>1031.5100000000002</ele>
      </trkpt>
      <trkpt lat="42.74181998334825" lon="0.732190003618598">
        <ele>1025.6000000000001</ele>
      </trkpt>
      <trkpt lat="42.741715041920543" lon="0.732810012996197">
        <ele>1016.99</ele>
      </trkpt>
      <trkpt lat="42.741610016673803" lon="0.733430022373796">
        <ele>1006.0700000000001</ele>
      </trkpt>
      <trkpt lat="42.741450006142259" lon="0.734009966254234">
        <ele>999.23000000000002</ele>
      </trkpt>
      <trkpt lat="42.741289995610714" lon="0.734589993953705">
        <ele>993.6400000000001</ele>
      </trkpt>
      <trkpt lat="42.741050021722913" lon="0.735240010544658">
        <ele>992.98000000000002</ele>
      </trkpt>
      <trkpt lat="42.740920018404722" lon="0.735430028289557">
        <ele>992.6400000000001</ele>
      </trkpt>
      <trkpt lat="42.740690018981695" lon="0.735679976642132">
        <ele>991.79000000000008</ele>
      </trkpt>
      <trkpt lat="42.740560015663505" lon="0.735670002177358">
        <ele>992.03000000000009</ele>
      </trkpt>
      <trkpt lat="42.74037997238338" lon="0.735709983855486">
        <ele>993.2700000000001</ele>
      </trkpt>
      <trkpt lat="42.740279976278543" lon="0.735939983278513">
        <ele>992.88999999999999</ele>
      </trkpt>
      <trkpt lat="42.740260027348995" lon="0.736180040985346">
        <ele>991.79000000000008</ele>
      </trkpt>
      <trkpt lat="42.740190038457513" lon="0.736380033195019">
        <ele>991.06000000000006</ele>
      </trkpt>
      <trkpt lat="42.739989962428808" lon="0.736669963225722">
        <ele>989.75000000000011</ele>
      </trkpt>
      <trkpt lat="42.739960039034486" lon="0.736819999292493">
        <ele>988.54000000000008</ele>
      </trkpt>
      <trkpt lat="42.739879991859198" lon="0.736940028145909">
        <ele>987.90000000000009</ele>
      </trkpt>
      <trkpt lat="42.739840010181069" lon="0.73718000203371">
        <ele>984.36000000000013</ele>
      </trkpt>
      <trkpt lat="42.739810002967715" lon="0.737700015306473">
        <ele>982.23000000000002</ele>
      </trkpt>
      <trkpt lat="42.739719981327653" lon="0.738620012998581">
        <ele>979.27999999999997</ele>
      </trkpt>
      <trkpt lat="42.739719981327653" lon="0.738910026848316">
        <ele>978.36000000000013</ele>
      </trkpt>
      <trkpt lat="42.739619985222816" lon="0.739410007372499">
        <ele>976.63000000000011</ele>
      </trkpt>
      <trkpt lat="42.739470032975078" lon="0.739530036225915">
        <ele>974.82000000000016</ele>
      </trkpt>
      <trkpt lat="42.739289989694953" lon="0.739489970728755">
        <ele>970.71000000000004</ele>
      </trkpt>
      <trkpt lat="42.739129979163408" lon="0.74052999727428">
        <ele>962.12000000000012</ele>
      </trkpt>
      <trkpt lat="42.738939961418509" lon="0.740839960053563">
        <ele>958.96000000000004</ele>
      </trkpt>
      <trkpt lat="42.738530002534389" lon="0.741419987753034">
        <ele>945.65000000000009</ele>
      </trkpt>
      <trkpt lat="42.738360017538071" lon="0.741819972172379">
        <ele>941.93000000000006</ele>
      </trkpt>
      <trkpt lat="42.738220039755106" lon="0.742030022665858">
        <ele>941.31000000000006</ele>
      </trkpt>
      <trkpt lat="42.738119959831238" lon="0.742269996553659">
        <ele>939.13000000000011</ele>
      </trkpt>
      <trkpt lat="42.737960033118725" lon="0.742560010403395">
        <ele>932.34000000000003</ele>
      </trkpt>
      <trkpt lat="42.737900018692017" lon="0.742760002613068">
        <ele>929.22000000000003</ele>
      </trkpt>
      <trkpt lat="42.737559964880347" lon="0.743380011990666">
        <ele>922.62000000000012</ele>
      </trkpt>
      <trkpt lat="42.737579997628927" lon="0.74416003189981">
        <ele>915.44000000000005</ele>
      </trkpt>
      <trkpt lat="42.737640012055635" lon="0.744460020214319">
        <ele>912.91000000000008</ele>
      </trkpt>
      <trkpt lat="42.737679993733764" lon="0.745210032910109">
        <ele>914.26999999999998</ele>
      </trkpt>
      <trkpt lat="42.737659960985184" lon="0.746149979531765">
        <ele>909.83000000000004</ele>
      </trkpt>
      <trkpt lat="42.737689968198538" lon="0.746449967846274">
        <ele>909.61000000000001</ele>
      </trkpt>
      <trkpt lat="42.737760040909052" lon="0.746630011126399">
        <ele>910.38999999999999</ele>
      </trkpt>
      <trkpt lat="42.737749982625246" lon="0.746790021657944">
        <ele>911.70000000000005</ele>
      </trkpt>
      <trkpt lat="42.737819971516728" lon="0.7472999766469">
        <ele>911.8900000000001</ele>
      </trkpt>
      <trkpt lat="42.737860037013888" lon="0.747469961643219">
        <ele>910.6400000000001</ele>
      </trkpt>
      <trkpt lat="42.737979982048273" lon="0.747559983283281">
        <ele>909.56000000000006</ele>
      </trkpt>
      <trkpt lat="42.738070003688335" lon="0.747689986601472">
        <ele>908.38000000000011</ele>
      </trkpt>
      <trkpt lat="42.738130018115044" lon="0.747849997133017">
        <ele>907.59000000000015</ele>
      </trkpt>
      <trkpt lat="42.738130018115044" lon="0.748149985447526">
        <ele>908.53000000000009</ele>
      </trkpt>
      <trkpt lat="42.738160025328398" lon="0.748240007087588">
        <ele>908.79000000000008</ele>
      </trkpt>
      <trkpt lat="42.738260021433234" lon="0.748379984870553">
        <ele>908.73000000000002</ele>
      </trkpt>
      <trkpt lat="42.738360017538071" lon="0.748479980975389">
        <ele>906.53000000000009</ele>
      </trkpt>
      <trkpt lat="42.738390024751425" lon="0.748639991506934">
        <ele>902.94000000000005</ele>
      </trkpt>
      <trkpt lat="42.738379966467619" lon="0.749030001461506">
        <ele>896.05000000000007</ele>
      </trkpt>
      <trkpt lat="42.738239988684654" lon="0.748950038105249">
        <ele>888.87</ele>
      </trkpt>
      <trkpt lat="42.738220039755106" lon="0.74906000867486">
        <ele>887.66000000000008</ele>
      </trkpt>
      <trkpt lat="42.738239988684654" lon="0.749280033633113">
        <ele>884.73000000000013</ele>
      </trkpt>
      <trkpt lat="42.73823001421988" lon="0.749780014157295">
        <ele>878.47000000000003</ele>
      </trkpt>
      <trkpt lat="42.738279970362782" lon="0.750549975782633">
        <ele>871.63</ele>
      </trkpt>
      <trkpt lat="42.738390024751425" lon="0.751520013436675">
        <ele>864.73000000000013</ele>
      </trkpt>
      <trkpt lat="42.738450039178133" lon="0.751859983429313">
        <ele>866.3900000000001</ele>
      </trkpt>
      <trkpt lat="42.738399999216199" lon="0.752029968425632">
        <ele>867.09000000000003</ele>
      </trkpt>
      <trkpt lat="42.738239988684654" lon="0.752270026132464">
        <ele>868.88999999999999</ele>
      </trkpt>
      <trkpt lat="42.738160025328398" lon="0.752640003338456">
        <ele>872.25000000000011</ele>
      </trkpt>
      <trkpt lat="42.738169999793172" lon="0.752930017188191">
        <ele>873.81000000000006</ele>
      </trkpt>
      <trkpt lat="42.738090036436915" lon="0.75307996943593">
        <ele>872.87</ele>
      </trkpt>
      <trkpt lat="42.738019963726401" lon="0.753279961645603">
        <ele>871.20000000000005</ele>
      </trkpt>
      <trkpt lat="42.737990040332079" lon="0.75350996106863">
        <ele>869.96000000000004</ele>
      </trkpt>
      <trkpt lat="42.738000014796853" lon="0.753790000453591">
        <ele>868.97000000000003</ele>
      </trkpt>
      <trkpt lat="42.73810001090169" lon="0.75425997376442">
        <ele>867.72000000000003</ele>
      </trkpt>
      <trkpt lat="42.738169999793172" lon="0.754429958760738">
        <ele>868.2700000000001</ele>
      </trkpt>
      <trkpt lat="42.738249963149428" lon="0.754519980400801">
        <ele>868.2700000000001</ele>
      </trkpt>
      <trkpt lat="42.738300003111362" lon="0.754610002040863">
        <ele>868.61000000000013</ele>
      </trkpt>
      <trkpt lat="42.738320035859942" lon="0.754700023680925">
        <ele>868.61000000000013</ele>
      </trkpt>
      <trkpt lat="42.738279970362782" lon="0.755009986460209">
        <ele>868.95000000000005</ele>
      </trkpt>
      <trkpt lat="42.738149967044592" lon="0.755829988047481">
        <ele>869.40999999999997</ele>
      </trkpt>
      <trkpt lat="42.738220039755106" lon="0.755880028009415">
        <ele>869.40999999999997</ele>
      </trkpt>
      <trkpt lat="42.738239988684654" lon="0.755980024114251">
        <ele>870.30000000000007</ele>
      </trkpt>
      <trkpt lat="42.738009989261627" lon="0.756770018488169">
        <ele>874.69000000000005</ele>
      </trkpt>
      <trkpt lat="42.738000014796853" lon="0.757790012285113">
        <ele>888.88000000000011</ele>
      </trkpt>
      <trkpt lat="42.738049970939755" lon="0.757920015603304">
        <ele>894.12</ele>
      </trkpt>
      <trkpt lat="42.738139992579818" lon="0.75799997895956">
        <ele>895.13999999999999</ele>
      </trkpt>
      <trkpt lat="42.738290028646588" lon="0.758259985595942">
        <ele>901.05000000000007</ele>
      </trkpt>
      <trkpt lat="42.738349959254265" lon="0.758610013872385">
        <ele>904.60000000000002</ele>
      </trkpt>
      <trkpt lat="42.738450039178133" lon="0.758659970015287">
        <ele>906.68000000000006</ele>
      </trkpt>
      <trkpt lat="42.738539976999164" lon="0.758619988337159">
        <ele>909.29000000000008</ele>
      </trkpt>
      <trkpt lat="42.738599991425872" lon="0.758559973910451">
        <ele>910.04000000000008</ele>
      </trkpt>
      <trkpt lat="42.738650031387806" lon="0.758480010554194">
        <ele>911.84000000000003</ele>
      </trkpt>
      <trkpt lat="42.738699987530708" lon="0.758359981700778">
        <ele>911.84000000000003</ele>
      </trkpt>
      <trkpt lat="42.738769976422191" lon="0.758250011131167">
        <ele>915.97000000000003</ele>
      </trkpt>
      <trkpt lat="42.738809958100319" lon="0.758310025557876">
        <ele>917.85000000000002</ele>
      </trkpt>
      <trkpt lat="42.738809958100319" lon="0.758580006659031">
        <ele>920.33000000000004</ele>
      </trkpt>
      <trkpt lat="42.738769976422191" lon="0.759049979969859">
        <ele>928.81000000000006</ele>
      </trkpt>
      <trkpt lat="42.738729994744062" lon="0.759209990501404">
        <ele>928.81000000000006</ele>
      </trkpt>
      <trkpt lat="42.738339984789491" lon="0.760250017046928">
        <ele>946.90999999999997</ele>
      </trkpt>
      <trkpt lat="42.738279970362782" lon="0.760250017046928">
        <ele>947.85000000000002</ele>
      </trkpt>
      <trkpt lat="42.738279970362782" lon="0.760780004784465">
        <ele>953.06000000000006</ele>
      </trkpt>
      <trkpt lat="42.7382099814713" lon="0.76104998588562">
        <ele>953.56000000000006</ele>
      </trkpt>
      <trkpt lat="42.738239988684654" lon="0.761119974777102">
        <ele>953.98000000000002</ele>
      </trkpt>
      <trkpt lat="42.738090036436915" lon="0.76147997751832">
        <ele>955.05000000000007</ele>
      </trkpt>
      <trkpt lat="42.737879985943437" lon="0.761860013008118">
        <ele>955.11000000000013</ele>
      </trkpt>
      <trkpt lat="42.737789964303374" lon="0.762369967997074">
        <ele>956.65000000000009</ele>
      </trkpt>
      <trkpt lat="42.737819971516728" lon="0.762429982423782">
        <ele>956.65000000000009</ele>
      </trkpt>
      <trkpt lat="42.737555019557476" lon="0.763085028156638">
        <ele>951.74000000000001</ele>
      </trkpt>
      <trkpt lat="42.737289983779192" lon="0.763739990070462">
        <ele>945.18000000000006</ele>
      </trkpt>
      <trkpt lat="42.737250002101064" lon="0.764280036091805">
        <ele>938.74000000000012</ele>
      </trkpt>
      <trkpt lat="42.737059984356165" lon="0.764970034360886">
        <ele>931.45000000000005</ele>
      </trkpt>
      <trkpt lat="42.736859992146492" lon="0.765379993245006">
        <ele>926.53000000000009</ele>
      </trkpt>
      <trkpt lat="42.736599985510111" lon="0.76586002483964">
        <ele>923.07000000000005</ele>
      </trkpt>
      <trkpt lat="42.736390018835664" lon="0.766190020367503">
        <ele>921.53999999999996</ele>
      </trkpt>
      <trkpt lat="42.736109979450703" lon="0.766610037535429">
        <ele>920.38999999999999</ele>
      </trkpt>
      <trkpt lat="42.735570017248392" lon="0.767329959198833">
        <ele>921.75999999999999</ele>
      </trkpt>
      <trkpt lat="42.73505000397563" lon="0.768109979107976">
        <ele>928.47000000000014</ele>
      </trkpt>
      <trkpt lat="42.734644990414381" lon="0.769174983724952">
        <ele>929.06000000000006</ele>
      </trkpt>
      <trkpt lat="42.734239976853132" lon="0.770239988341928">
        <ele>923.95000000000005</ele>
      </trkpt>
      <trkpt lat="42.734075020998716" lon="0.77089000493288">
        <ele>919.92000000000007</ele>
      </trkpt>
      <trkpt lat="42.733909981325269" lon="0.771540021523833">
        <ele>917.74000000000012</ele>
      </trkpt>
      <trkpt lat="42.73373999632895" lon="0.772155001759529">
        <ele>916.65999999999997</ele>
      </trkpt>
      <trkpt lat="42.733570011332631" lon="0.772769981995225">
        <ele>914.61000000000001</ele>
      </trkpt>
      <trkpt lat="42.733259964734316" lon="0.773710012435913">
        <ele>909.21000000000004</ele>
      </trkpt>
      <trkpt lat="42.733240015804768" lon="0.774130029603839">
        <ele>915.55000000000007</ele>
      </trkpt>
      <trkpt lat="42.733080005273223" lon="0.774739980697632">
        <ele>920.21000000000004</ele>
      </trkpt>
      <trkpt lat="42.733089979737997" lon="0.775009961798787">
        <ele>921.84000000000003</ele>
      </trkpt>
      <trkpt lat="42.733259964734316" lon="0.775699960067868">
        <ele>923.11000000000013</ele>
      </trkpt>
      <trkpt lat="42.73331000469625" lon="0.776000032201409">
        <ele>922.99000000000012</ele>
      </trkpt>
      <trkpt lat="42.733300030231476" lon="0.776070021092892">
        <ele>923.21000000000004</ele>
      </trkpt>
      <trkpt lat="42.733259964734316" lon="0.77611000277102">
        <ele>923.61000000000001</ele>
      </trkpt>
      <trkpt lat="42.733249990269542" lon="0.776230031624436">
        <ele>925.10000000000002</ele>
      </trkpt>
      <trkpt lat="42.733219983056188" lon="0.776249980553985">
        <ele>926.16000000000008</ele>
      </trkpt>
      <trkpt lat="42.733189975842834" lon="0.776379983872175">
        <ele>929.7700000000001</ele>
      </trkpt>
      <trkpt lat="42.733129961416125" lon="0.776509987190366">
        <ele>929.80000000000007</ele>
      </trkpt>
      <trkpt lat="42.733049998059869" lon="0.776430023834109">
        <ele>929.80000000000007</ele>
      </trkpt>
      <trkpt lat="42.732970034703612" lon="0.776379983872175">
        <ele>929.80000000000007</ele>
      </trkpt>
      <trkpt lat="42.732840031385422" lon="0.776400016620755">
        <ele>928.38999999999999</ele>
      </trkpt>
      <trkpt lat="42.73242998868227" lon="0.776860015466809">
        <ele>927.67000000000007</ele>
      </trkpt>
      <trkpt lat="42.732239970937371" lon="0.77712002210319">
        <ele>927.21000000000004</ele>
      </trkpt>
      <trkpt lat="42.731530023738742" lon="0.77755001373589">
        <ele>923.16000000000008</ele>
      </trkpt>
      <trkpt lat="42.731430027633905" lon="0.777659984305501">
        <ele>922.71000000000004</ele>
      </trkpt>
      <trkpt lat="42.731360038742423" lon="0.777789987623692">
        <ele>922.57000000000005</ele>
      </trkpt>
      <trkpt lat="42.73114001378417" lon="0.778070027008653">
        <ele>922.53999999999996</ele>
      </trkpt>
      <trkpt lat="42.731089973822236" lon="0.778100034222007">
        <ele>922.53999999999996</ele>
      </trkpt>
      <trkpt lat="42.731049992144108" lon="0.778089975938201">
        <ele>922.53999999999996</ele>
      </trkpt>
      <trkpt lat="42.730870032683015" lon="0.778639996424317">
        <ele>929.13000000000011</ele>
      </trkpt>
      <trkpt lat="42.730740029364824" lon="0.778869995847344">
        <ele>932.19000000000005</ele>
      </trkpt>
      <trkpt lat="42.730750003829598" lon="0.778990024700761">
        <ele>933.29000000000008</ele>
      </trkpt>
      <trkpt lat="42.730870032683015" lon="0.779179958626628">
        <ele>934.65000000000009</ele>
      </trkpt>
      <trkpt lat="42.7309899777174" lon="0.779309961944819">
        <ele>935.69000000000005</ele>
      </trkpt>
      <trkpt lat="42.73114001378417" lon="0.779550019651651">
        <ele>940.88</ele>
      </trkpt>
      <trkpt lat="42.730840025469661" lon="0.780300032347441">
        <ele>947.75999999999999</ele>
      </trkpt>
      <trkpt lat="42.730740029364824" lon="0.780509999021888">
        <ele>952.61000000000001</ele>
      </trkpt>
      <trkpt lat="42.730640033259988" lon="0.780630027875304">
        <ele>956.41000000000008</ele>
      </trkpt>
      <trkpt lat="42.730589993298054" lon="0.780839994549751">
        <ele>958.46000000000004</ele>
      </trkpt>
      <trkpt lat="42.730459989979863" lon="0.781220030039549">
        <ele>968.25</ele>
      </trkpt>
      <trkpt lat="42.730410033836961" lon="0.781309967860579">
        <ele>970.36000000000013</ele>
      </trkpt>
      <trkpt lat="42.730290004983544" lon="0.781429996713996">
        <ele>973.20000000000005</ele>
      </trkpt>
      <trkpt lat="42.730210041627288" lon="0.781759992241859">
        <ele>980.31000000000006</ele>
      </trkpt>
      <trkpt lat="42.730080038309097" lon="0.781769966706634">
        <ele>983.25</ele>
      </trkpt>
      <trkpt lat="42.729869987815619" lon="0.782159976661205">
        <ele>987.22000000000003</ele>
      </trkpt>
      <trkpt lat="42.729730010032654" lon="0.782619975507259">
        <ele>992.34000000000015</ele>
      </trkpt>
      <trkpt lat="42.729319967329502" lon="0.783379962667823">
        <ele>1006.86</ele>
      </trkpt>
      <trkpt lat="42.729149982333183" lon="0.783569980412722">
        <ele>1010.1200000000001</ele>
      </trkpt>
      <trkpt lat="42.728829961270094" lon="0.78362999483943">
        <ele>1013.3100000000002</ele>
      </trkpt>
      <trkpt lat="42.728570038452744" lon="0.783750023692846">
        <ele>1014.85</ele>
      </trkpt>
      <trkpt lat="42.72849996574223" lon="0.783959990367293">
        <ele>1016.51</ele>
      </trkpt>
      <trkpt lat="42.728580012917519" lon="0.783890001475811">
        <ele>1016.51</ele>
      </trkpt>
      <trkpt lat="42.728689983487129" lon="0.783850019797683">
        <ele>1017.66</ele>
      </trkpt>
      <trkpt lat="42.729160040616989" lon="0.783829987049103">
        <ele>1022.3100000000001</ele>
      </trkpt>
      <trkpt lat="42.729289960116148" lon="0.783850019797683">
        <ele>1024.8600000000001</ele>
      </trkpt>
      <trkpt lat="42.729340000078082" lon="0.783880027011037">
        <ele>1026.0900000000001</ele>
      </trkpt>
      <trkpt lat="42.729349974542856" lon="0.783999972045422">
        <ele>1026.0900000000001</ele>
      </trkpt>
      <trkpt lat="42.729309992864728" lon="0.784099968150258">
        <ele>1028.3800000000001</ele>
      </trkpt>
      <trkpt lat="42.729059960693121" lon="0.784250004217029">
        <ele>1030.9200000000001</ele>
      </trkpt>
      <trkpt lat="42.728889975696802" lon="0.784540018066764">
        <ele>1033.8599999999999</ele>
      </trkpt>
      <trkpt lat="42.728729965165257" lon="0.784860039129853">
        <ele>1036.7</ele>
      </trkpt>
      <trkpt lat="42.728469958528876" lon="0.785509971901774">
        <ele>1042.03</ele>
      </trkpt>
      <trkpt lat="42.7284100279212" lon="0.785860000178218">
        <ele>1044.21</ele>
      </trkpt>
      <trkpt lat="42.728239959105849" lon="0.786640020087361">
        <ele>1044.8700000000001</ele>
      </trkpt>
      <trkpt lat="42.728229984641075" lon="0.786849986761808">
        <ele>1043.9400000000001</ele>
      </trkpt>
      <trkpt lat="42.727909963577986" lon="0.78668000176549">
        <ele>1039.8800000000001</ele>
      </trkpt>
      <trkpt lat="42.727779960259795" lon="0.786940008401871">
        <ele>1034.52</ele>
      </trkpt>
      <trkpt lat="42.727449964731932" lon="0.787490028887987">
        <ele>1021.6</ele>
      </trkpt>
      <trkpt lat="42.727390034124255" lon="0.787609973922372">
        <ele>1022.0900000000001</ele>
      </trkpt>
      <trkpt lat="42.727430015802383" lon="0.787909962236881">
        <ele>1023.9599999999999</ele>
      </trkpt>
      <trkpt lat="42.72763998247683" lon="0.788459982722998">
        <ele>1029.1800000000001</ele>
      </trkpt>
      <trkpt lat="42.727650040760636" lon="0.788519997149706">
        <ele>1029.3400000000001</ele>
      </trkpt>
      <trkpt lat="42.727630008012056" lon="0.788719989359379">
        <ele>1029.5</ele>
      </trkpt>
      <trkpt lat="42.72750997915864" lon="0.789240002632141">
        <ele>1030.2900000000002</ele>
      </trkpt>
      <trkpt lat="42.727439990267158" lon="0.789419962093234">
        <ele>1032.5699999999999</ele>
      </trkpt>
      <trkpt lat="42.727379975840449" lon="0.789449969306588">
        <ele>1033.5</ele>
      </trkpt>
      <trkpt lat="42.727339994162321" lon="0.789439994841814">
        <ele>1033.5</ele>
      </trkpt>
      <trkpt lat="42.727149976417422" lon="0.789319965988398">
        <ele>1039.6600000000001</ele>
      </trkpt>
      <trkpt lat="42.726930035278201" lon="0.789370005950332">
        <ele>1043.4800000000002</ele>
      </trkpt>
      <trkpt lat="42.726889969781041" lon="0.789390038698912">
        <ele>1043.9300000000001</ele>
      </trkpt>
      <trkpt lat="42.726830039173365" lon="0.789490034803748">
        <ele>1044.5699999999999</ele>
      </trkpt>
      <trkpt lat="42.726640021428466" lon="0.789669994264841">
        <ele>1045.2700000000002</ele>
      </trkpt>
      <trkpt lat="42.726510018110275" lon="0.789750041440129">
        <ele>1045.77</ele>
      </trkpt>
      <trkpt lat="42.726280018687248" lon="0.78983997926116">
        <ele>1046.1800000000001</ele>
      </trkpt>
      <trkpt lat="42.72619997151196" lon="0.789909968152642">
        <ele>1046.51</ele>
      </trkpt>
      <trkpt lat="42.726140040904284" lon="0.790009964257479">
        <ele>1047.0000000000002</ele>
      </trkpt>
      <trkpt lat="42.725939964875579" lon="0.790459988638759">
        <ele>1049.3700000000001</ele>
      </trkpt>
      <trkpt lat="42.725739972665906" lon="0.790670039132237">
        <ele>1049.8700000000001</ele>
      </trkpt>
      <trkpt lat="42.725520031526685" lon="0.791049990803003">
        <ele>1051.3499999999999</ele>
      </trkpt>
      <trkpt lat="42.725469991564751" lon="0.791330030187964">
        <ele>1053.01</ele>
      </trkpt>
      <trkpt lat="42.725300006568432" lon="0.791800003498793">
        <ele>1057.52</ele>
      </trkpt>
      <trkpt lat="42.725149970501661" lon="0.79213997349143">
        <ele>1061.26</ele>
      </trkpt>
      <trkpt lat="42.724659964442253" lon="0.792750008404255">
        <ele>1062.1400000000001</ele>
      </trkpt>
      <trkpt lat="42.724310019984841" lon="0.793230039998889">
        <ele>1064.78</ele>
      </trkpt>
      <trkpt lat="42.724110027775168" lon="0.793700013309717">
        <ele>1068.8800000000001</ele>
      </trkpt>
      <trkpt lat="42.724080020561814" lon="0.793819958344102">
        <ele>1069.6000000000001</ele>
      </trkpt>
      <trkpt lat="42.724089995026588" lon="0.793960019946098">
        <ele>1068.4600000000003</ele>
      </trkpt>
      <trkpt lat="42.724020006135106" lon="0.794099997729063">
        <ele>1068.4600000000003</ele>
      </trkpt>
      <trkpt lat="42.723780032247305" lon="0.794740039855242">
        <ele>1060.72</ele>
      </trkpt>
      <trkpt lat="42.72362002171576" lon="0.795270027592778">
        <ele>1059.2700000000002</ele>
      </trkpt>
      <trkpt lat="42.72349001839757" lon="0.795579990372062">
        <ele>1055.6499999999999</ele>
      </trkpt>
      <trkpt lat="42.723339982330799" lon="0.796060021966696">
        <ele>1050.5999999999999</ele>
      </trkpt>
      <trkpt lat="42.722979979589581" lon="0.796429999172688">
        <ele>1044.4100000000001</ele>
      </trkpt>
      <trkpt lat="42.722809994593263" lon="0.796550028026104">
        <ele>1042.9100000000001</ele>
      </trkpt>
      <trkpt lat="42.722549987956882" lon="0.796699980273843">
        <ele>1040.23</ele>
      </trkpt>
      <trkpt lat="42.722249999642372" lon="0.796920005232096">
        <ele>1038.28</ele>
      </trkpt>
      <trkpt lat="42.722140029072762" lon="0.796889998018742">
        <ele>1038.1800000000001</ele>
      </trkpt>
      <trkpt lat="42.722040032967925" lon="0.79692997969687">
        <ele>1038.1800000000001</ele>
      </trkpt>
      <trkpt lat="42.721899971365929" lon="0.797070041298866">
        <ele>1038.98</ele>
      </trkpt>
      <trkpt lat="42.721650023013353" lon="0.797429960221052">
        <ele>1041.5100000000002</ele>
      </trkpt>
      <trkpt lat="42.721580034121871" lon="0.797670017927885">
        <ele>1043.1900000000001</ele>
      </trkpt>
      <trkpt lat="42.721539968624711" lon="0.79796003177762">
        <ele>1046.47</ele>
      </trkpt>
      <trkpt lat="42.721590008586645" lon="0.798109984025359">
        <ele>1047.2700000000002</ele>
      </trkpt>
      <trkpt lat="42.721560001373291" lon="0.798750026151538">
        <ele>1046.3399999999999</ele>
      </trkpt>
      <trkpt lat="42.721529994159937" lon="0.798810040578246">
        <ele>1046.3399999999999</ele>
      </trkpt>
      <trkpt lat="42.721509961411357" lon="0.798790007829666">
        <ele>1044.71</ele>
      </trkpt>
      <trkpt lat="42.721360009163618" lon="0.799189992249012">
        <ele>1041.6100000000001</ele>
      </trkpt>
      <trkpt lat="42.721379958093166" lon="0.799310021102428">
        <ele>1039.8299999999999</ele>
      </trkpt>
      <trkpt lat="42.721160016953945" lon="0.799989961087704">
        <ele>1032.3999999999999</ele>
      </trkpt>
      <trkpt lat="42.721030013635755" lon="0.800620028749108">
        <ele>1025.8299999999999</ele>
      </trkpt>
      <trkpt lat="42.72084997035563" lon="0.801329975947738">
        <ele>1017.46</ele>
      </trkpt>
      <trkpt lat="42.720770006999373" lon="0.8014199975878">
        <ele>1017.2400000000001</ele>
      </trkpt>
      <trkpt lat="42.720510000362992" lon="0.801889970898628">
        <ele>1015.9900000000001</ele>
      </trkpt>
      <trkpt lat="42.720040027052164" lon="0.802419958636165">
        <ele>1015.8500000000001</ele>
      </trkpt>
      <trkpt lat="42.719799969345331" lon="0.802799994125962">
        <ele>1015.42</ele>
      </trkpt>
      <trkpt lat="42.719759987667203" lon="0.803039968013763">
        <ele>1015.42</ele>
      </trkpt>
      <trkpt lat="42.719799969345331" lon="0.803369963541627">
        <ele>1015.3000000000001</ele>
      </trkpt>
      <trkpt lat="42.719910023733974" lon="0.803519999608397">
        <ele>1015.76</ele>
      </trkpt>
      <trkpt lat="42.719970038160682" lon="0.803689984604716">
        <ele>1016.6300000000001</ele>
      </trkpt>
      <trkpt lat="42.719919998198748" lon="0.803849995136261">
        <ele>1017.5599999999999</ele>
      </trkpt>
      <trkpt lat="42.719820002093911" lon="0.803949991241097">
        <ele>1017.4500000000002</ele>
      </trkpt>
      <trkpt lat="42.719859983772039" lon="0.80414998345077">
        <ele>1018.7000000000002</ele>
      </trkpt>
      <trkpt lat="42.719810027629137" lon="0.804200023412704">
        <ele>1020.34</ele>
      </trkpt>
      <trkpt lat="42.719710031524301" lon="0.804219972342253">
        <ele>1022.2600000000001</ele>
      </trkpt>
      <trkpt lat="42.719620009884238" lon="0.804379982873797">
        <ele>1024.45</ele>
      </trkpt>
      <trkpt lat="42.71915003657341" lon="0.804089969024062">
        <ele>1036.9300000000001</ele>
      </trkpt>
      <trkpt lat="42.719020033255219" lon="0.804049987345934">
        <ele>1038.22</ele>
      </trkpt>
      <trkpt lat="42.718930011615157" lon="0.803989972919226">
        <ele>1039.7800000000002</ele>
      </trkpt>
      <trkpt lat="42.718760026618838" lon="0.803919984027743">
        <ele>1045.1200000000001</ele>
      </trkpt>
      <trkpt lat="42.718830015510321" lon="0.804049987345934">
        <ele>1047.1700000000001</ele>
      </trkpt>
      <trkpt lat="42.718939986079931" lon="0.804189965128899">
        <ele>1049.55</ele>
      </trkpt>
      <trkpt lat="42.719009974971414" lon="0.804330026730895">
        <ele>1051.6400000000001</ele>
      </trkpt>
      <trkpt lat="42.719099996611476" lon="0.804439997300506">
        <ele>1052.9700000000003</ele>
      </trkpt>
      <trkpt lat="42.719120029360056" lon="0.804500011727214">
        <ele>1054.22</ele>
      </trkpt>
      <trkpt lat="42.719250032678246" lon="0.804669996723533">
        <ele>1057.2700000000002</ele>
      </trkpt>
      <trkpt lat="42.719439966604114" lon="0.804820032790303">
        <ele>1059.47</ele>
      </trkpt>
      <trkpt lat="42.719510039314628" lon="0.805060006678104">
        <ele>1062.3400000000001</ele>
      </trkpt>
      <trkpt lat="42.719950005412102" lon="0.805659983307123">
        <ele>1073.3199999999999</ele>
      </trkpt>
      <trkpt lat="42.720119990408421" lon="0.805949997156858">
        <ele>1082.3400000000001</ele>
      </trkpt>
      <trkpt lat="42.720280000939965" lon="0.806080000475049">
        <ele>1086.4300000000001</ele>
      </trkpt>
      <trkpt lat="42.720530033111572" lon="0.806460035964847">
        <ele>1092.8300000000002</ele>
      </trkpt>
      <trkpt lat="42.720679985359311" lon="0.807439964264631">
        <ele>1111.6500000000001</ele>
      </trkpt>
      <trkpt lat="42.720670010894537" lon="0.807689996436238">
        <ele>1118.74</ele>
      </trkpt>
      <trkpt lat="42.720630029216409" lon="0.807850006967783">
        <ele>1120.8100000000002</ele>
      </trkpt>
      <trkpt lat="42.720670010894537" lon="0.807980010285974">
        <ele>1120.8100000000002</ele>
      </trkpt>
      <trkpt lat="42.720649978145957" lon="0.808019991964102">
        <ele>1120.8100000000002</ele>
      </trkpt>
      <trkpt lat="42.720640003681183" lon="0.808040024712682">
        <ele>1120.8100000000002</ele>
      </trkpt>
      <trkpt lat="42.720579989254475" lon="0.80805997364223">
        <ele>1120.8100000000002</ele>
      </trkpt>
      <trkpt lat="42.720500025898218" lon="0.808010017499328">
        <ele>1122.77</ele>
      </trkpt>
      <trkpt lat="42.720240019261837" lon="0.807689996436238">
        <ele>1127.4700000000003</ele>
      </trkpt>
      <trkpt lat="42.719919998198748" lon="0.807699970901012">
        <ele>1137.5600000000002</ele>
      </trkpt>
      <trkpt lat="42.719099996611476" lon="0.807569967582822">
        <ele>1163.0500000000002</ele>
      </trkpt>
      <trkpt lat="42.718489961698651" lon="0.807395037263632">
        <ele>1172.1500000000001</ele>
      </trkpt>
      <trkpt lat="42.717880010604858" lon="0.80722002312541">
        <ele>1177.9000000000001</ele>
      </trkpt>
      <trkpt lat="42.717459993436933" lon="0.807060012593865">
        <ele>1182.45</ele>
      </trkpt>
      <trkpt lat="42.717129997909069" lon="0.806830013170838">
        <ele>1189.5800000000002</ele>
      </trkpt>
      <trkpt lat="42.717269975692034" lon="0.807139975950122">
        <ele>1192.3499999999999</ele>
      </trkpt>
      <trkpt lat="42.716726660728455" lon="0.806573359295726">
        <ele>1204.22</ele>
      </trkpt>
      <trkpt lat="42.716183345764875" lon="0.806006658822298">
        <ele>1212.9300000000001</ele>
      </trkpt>
      <trkpt lat="42.715640030801296" lon="0.80543995834887">
        <ele>1221.77</ele>
      </trkpt>
      <trkpt lat="42.715129991993308" lon="0.805065035820007">
        <ele>1230.48</ele>
      </trkpt>
      <trkpt lat="42.714620037004352" lon="0.804690029472113">
        <ele>1237.21</ele>
      </trkpt>
      <trkpt lat="42.713989969342947" lon="0.804694974794984">
        <ele>1247.4100000000001</ele>
      </trkpt>
      <trkpt lat="42.713359985500574" lon="0.804700003936887">
        <ele>1256.27</ele>
      </trkpt>
      <trkpt lat="42.712794961407781" lon="0.804980043321848">
        <ele>1265.3500000000001</ele>
      </trkpt>
      <trkpt lat="42.712230021134019" lon="0.805259998887777">
        <ele>1281.0100000000002</ele>
      </trkpt>
      <trkpt lat="42.711540022864938" lon="0.805640034377575">
        <ele>1292.4000000000001</ele>
      </trkpt>
      <trkpt lat="42.711229976266623" lon="0.806364985182881">
        <ele>1303.7500000000002</ele>
      </trkpt>
      <trkpt lat="42.710920013487339" lon="0.80709001980722">
        <ele>1331.45</ele>
      </trkpt>
      <trkpt lat="42.710379967465997" lon="0.806779973208904">
        <ele>1347.1200000000001</ele>
      </trkpt>
      <trkpt lat="42.709800023585558" lon="0.806670002639294">
        <ele>1369.9000000000001</ele>
      </trkpt>
      <trkpt lat="42.709389980882406" lon="0.806809980422258">
        <ele>1388.0400000000002</ele>
      </trkpt>
      <trkpt lat="42.708874996751547" lon="0.80683495849371">
        <ele>1402.9200000000001</ele>
      </trkpt>
      <trkpt lat="42.708360012620687" lon="0.806860020384192">
        <ele>1412.9400000000001</ele>
      </trkpt>
      <trkpt lat="42.707949969917536" lon="0.807599974796176">
        <ele>1431.5900000000001</ele>
      </trkpt>
      <trkpt lat="42.707809992134571" lon="0.807669963687658">
        <ele>1432.7500000000002</ele>
      </trkpt>
      <trkpt lat="42.707670014351606" lon="0.807789992541075">
        <ele>1433.48</ele>
      </trkpt>
      <trkpt lat="42.707300037145615" lon="0.807950003072619">
        <ele>1433.03</ele>
      </trkpt>
      <trkpt lat="42.707029972225428" lon="0.808140020817518">
        <ele>1430.9100000000001</ele>
      </trkpt>
      <trkpt lat="42.706769965589046" lon="0.808479990810156">
        <ele>1427.95</ele>
      </trkpt>
      <trkpt lat="42.706590006127954" lon="0.808770004659891">
        <ele>1426.6300000000001</ele>
      </trkpt>
      <trkpt lat="42.706550024449825" lon="0.808920040726662">
        <ele>1426.0400000000002</ele>
      </trkpt>
      <trkpt lat="42.706509958952665" lon="0.80893998965621">
        <ele>1425.8099999999999</ele>
      </trkpt>
      <trkpt lat="42.706490010023117" lon="0.809000004082918">
        <ele>1425.5300000000002</ele>
      </trkpt>
      <trkpt lat="42.706460002809763" lon="0.809030011296272">
        <ele>1425.1600000000001</ele>
      </trkpt>
      <trkpt lat="42.706369981169701" lon="0.809030011296272">
        <ele>1424.2100000000003</ele>
      </trkpt>
      <trkpt lat="42.706309966742992" lon="0.809130007401109">
        <ele>1422.6700000000001</ele>
      </trkpt>
      <trkpt lat="42.706220028921962" lon="0.809199996292591">
        <ele>1420.7200000000003</ele>
      </trkpt>
      <trkpt lat="42.706120032817125" lon="0.809329999610782">
        <ele>1419.28</ele>
      </trkpt>
      <trkpt lat="42.706049960106611" lon="0.809469977393746">
        <ele>1418.5700000000002</ele>
      </trkpt>
      <trkpt lat="42.705870000645518" lon="0.809699976816773">
        <ele>1417</ele>
      </trkpt>
      <trkpt lat="42.705579986795783" lon="0.81024999730289">
        <ele>1415.51</ele>
      </trkpt>
      <trkpt lat="42.705489965155721" lon="0.810640007257462">
        <ele>1413.2300000000002</ele>
      </trkpt>
      <trkpt lat="42.705419976264238" lon="0.810779985040426">
        <ele>1412.9600000000003</ele>
      </trkpt>
      <trkpt lat="42.705340012907982" lon="0.811049966141582">
        <ele>1412.9200000000001</ele>
      </trkpt>
      <trkpt lat="42.705259965732694" lon="0.81113001331687">
        <ele>1412.7900000000002</ele>
      </trkpt>
      <trkpt lat="42.705070031806827" lon="0.811609961092472">
        <ele>1412.1500000000001</ele>
      </trkpt>
      <trkpt lat="42.704910021275282" lon="0.811869967728853">
        <ele>1411.3200000000002</ele>
      </trkpt>
      <trkpt lat="42.704650014638901" lon="0.812459969893098">
        <ele>1411.46</ele>
      </trkpt>
      <trkpt lat="42.704459996894002" lon="0.812659962102771">
        <ele>1410.2800000000002</ele>
      </trkpt>
      <trkpt lat="42.70439000800252" lon="0.812759958207607">
        <ele>1409.1900000000001</ele>
      </trkpt>
      <trkpt lat="42.704280037432909" lon="0.813090037554502">
        <ele>1407.1100000000001</ele>
      </trkpt>
      <trkpt lat="42.704199990257621" lon="0.81340997479856">
        <ele>1405.6099999999999</ele>
      </trkpt>
      <trkpt lat="42.704120026901364" lon="0.813639974221587">
        <ele>1403.73</ele>
      </trkpt>
      <trkpt lat="42.704009972512722" lon="0.814080024138093">
        <ele>1397.5300000000002</ele>
      </trkpt>
      <trkpt lat="42.704009972512722" lon="0.814350005239248">
        <ele>1393.75</ele>
      </trkpt>
      <trkpt lat="42.70396001636982" lon="0.814649993553758">
        <ele>1391.1400000000001</ele>
      </trkpt>
      <trkpt lat="42.703920034691691" lon="0.814759964123368">
        <ele>1390.1500000000001</ele>
      </trkpt>
      <trkpt lat="42.703800005838275" lon="0.815260028466582">
        <ele>1387.1300000000001</ele>
      </trkpt>
      <trkpt lat="42.703719958662987" lon="0.815420038998127">
        <ele>1385.5700000000002</ele>
      </trkpt>
      <trkpt lat="42.703630020841956" lon="0.815709969028831">
        <ele>1382.5200000000002</ele>
      </trkpt>
      <trkpt lat="42.703609988093376" lon="0.816169967874885">
        <ele>1377.3300000000002</ele>
      </trkpt>
      <trkpt lat="42.70363999530673" lon="0.816450007259846">
        <ele>1372.0899999999999</ele>
      </trkpt>
      <trkpt lat="42.703590039163828" lon="0.81701997667551">
        <ele>1364.2</ele>
      </trkpt>
      <trkpt lat="42.703470010310411" lon="0.817170012742281">
        <ele>1361.9000000000001</ele>
      </trkpt>
      <trkpt lat="42.703419970348477" lon="0.817260034382343">
        <ele>1361.6100000000001</ele>
      </trkpt>
      <trkpt lat="42.703340006992221" lon="0.817509982734919">
        <ele>1360.3200000000002</ele>
      </trkpt>
      <trkpt lat="42.703349981456995" lon="0.817609978839755">
        <ele>1359.1800000000001</ele>
      </trkpt>
      <trkpt lat="42.703300025314093" lon="0.817779963836074">
        <ele>1356.3299999999999</ele>
      </trkpt>
      <trkpt lat="42.703289967030287" lon="0.818399973213673">
        <ele>1351.1300000000001</ele>
      </trkpt>
      <trkpt lat="42.703330032527447" lon="0.818469962105155">
        <ele>1350.8600000000001</ele>
      </trkpt>
      <trkpt lat="42.703300025314093" lon="0.818789983168244">
        <ele>1349.96</ele>
      </trkpt>
      <trkpt lat="42.703240010887384" lon="0.819149985909462">
        <ele>1347.01</ele>
      </trkpt>
      <trkpt lat="42.70318997092545" lon="0.819289963692427">
        <ele>1344.9000000000001</ele>
      </trkpt>
      <trkpt lat="42.703159963712096" lon="0.819600010290742">
        <ele>1343.23</ele>
      </trkpt>
      <trkpt lat="42.70310003310442" lon="0.819899998605251">
        <ele>1342.54</ele>
      </trkpt>
      <trkpt lat="42.703029960393906" lon="0.819709980860353">
        <ele>1339.1700000000001</ele>
      </trkpt>
      <trkpt lat="42.702989978715777" lon="0.819409992545843">
        <ele>1333.3000000000002</ele>
      </trkpt>
      <trkpt lat="42.702889982610941" lon="0.819049989804626">
        <ele>1325.0300000000002</ele>
      </trkpt>
      <trkpt lat="42.702850000932813" lon="0.819010008126497">
        <ele>1318.0599999999999</ele>
      </trkpt>
      <trkpt lat="42.70275997929275" lon="0.819089971482754">
        <ele>1316.3800000000001</ele>
      </trkpt>
      <trkpt lat="42.702710023149848" lon="0.81918996758759">
        <ele>1313.23</ele>
      </trkpt>
      <trkpt lat="42.702610027045012" lon="0.81953002139926">
        <ele>1306.1299999999999</ele>
      </trkpt>
      <trkpt lat="42.702499972656369" lon="0.820150030776858">
        <ele>1292.6700000000001</ele>
      </trkpt>
      <trkpt lat="42.702439958229661" lon="0.820080041885376">
        <ele>1288.9400000000003</ele>
      </trkpt>
      <trkpt lat="42.702390002086759" lon="0.820109965279698">
        <ele>1287.1900000000001</ele>
      </trkpt>
      <trkpt lat="42.702359994873405" lon="0.820260001346469">
        <ele>1282.6200000000001</ele>
      </trkpt>
      <trkpt lat="42.702320013195276" lon="0.820310041308403">
        <ele>1279.9200000000001</ele>
      </trkpt>
      <trkpt lat="42.702139969915152" lon="0.820840029045939">
        <ele>1265.3700000000001</ele>
      </trkpt>
      <trkpt lat="42.702120020985603" lon="0.820840029045939">
        <ele>1265.3700000000001</ele>
      </trkpt>
      <trkpt lat="42.702129995450377" lon="0.820740032941103">
        <ele>1265.3700000000001</ele>
      </trkpt>
      <trkpt lat="42.702099988237023" lon="0.820720000192523">
        <ele>1265.3700000000001</ele>
      </trkpt>
      <trkpt lat="42.701960010454059" lon="0.820480026304722">
        <ele>1260.0900000000001</ele>
      </trkpt>
      <trkpt lat="42.70192002877593" lon="0.82052000798285">
        <ele>1254.7400000000002</ele>
      </trkpt>
      <trkpt lat="42.70187996327877" lon="0.820659985765815">
        <ele>1252.2000000000003</ele>
      </trkpt>
      <trkpt lat="42.70187996327877" lon="0.820799963548779">
        <ele>1250.9800000000002</ele>
      </trkpt>
      <trkpt lat="42.701850039884448" lon="0.820919992402196">
        <ele>1246.28</ele>
      </trkpt>
      <trkpt lat="42.701839981600642" lon="0.821049995720387">
        <ele>1244.99</ele>
      </trkpt>
      <trkpt lat="42.70179002545774" lon="0.821210006251931">
        <ele>1242.0900000000001</ele>
      </trkpt>
      <trkpt lat="42.701690029352903" lon="0.821080002933741">
        <ele>1237.3200000000002</ele>
      </trkpt>
      <trkpt lat="42.701660022139549" lon="0.821100035682321">
        <ele>1234.2900000000002</ele>
      </trkpt>
      <trkpt lat="42.701620040461421" lon="0.821330035105348">
        <ele>1228.5700000000002</ele>
      </trkpt>
      <trkpt lat="42.701639989390969" lon="0.821460038423538">
        <ele>1227.2800000000002</ele>
      </trkpt>
      <trkpt lat="42.701590033248067" lon="0.821649972349405">
        <ele>1221.8</ele>
      </trkpt>
      <trkpt lat="42.701579974964261" lon="0.821839990094304">
        <ele>1219.45</ele>
      </trkpt>
      <trkpt lat="42.70149003714323" lon="0.822109971195459">
        <ele>1215.3900000000001</ele>
      </trkpt>
      <trkpt lat="42.701509986072779" lon="0.822250032797456">
        <ele>1215.3900000000001</ele>
      </trkpt>
      <trkpt lat="42.70149003714323" lon="0.822369977831841">
        <ele>1202.4100000000001</ele>
      </trkpt>
      <trkpt lat="42.701409989967942" lon="0.822369977831841">
        <ele>1202.4100000000001</ele>
      </trkpt>
      <trkpt lat="42.701379982754588" lon="0.822339970618486">
        <ele>1202.4100000000001</ele>
      </trkpt>
      <trkpt lat="42.701370008289814" lon="0.822250032797456">
        <ele>1201.0500000000002</ele>
      </trkpt>
      <trkpt lat="42.701309993863106" lon="0.822090022265911">
        <ele>1196.2400000000002</ele>
      </trkpt>
      <trkpt lat="42.701189965009689" lon="0.822050040587783">
        <ele>1193.51</ele>
      </trkpt>
      <trkpt lat="42.701059961691499" lon="0.821860022842884">
        <ele>1185.5699999999999</ele>
      </trkpt>
      <trkpt lat="42.701010005548596" lon="0.821639997884631">
        <ele>1182.5899999999999</ele>
      </trkpt>
      <trkpt lat="42.701049987226725" lon="0.821389965713024">
        <ele>1174.3100000000002</ele>
      </trkpt>
      <trkpt lat="42.700949991121888" lon="0.821330035105348">
        <ele>1174.3100000000002</ele>
      </trkpt>
      <trkpt lat="42.70088997669518" lon="0.821179999038577">
        <ele>1168.7200000000003</ele>
      </trkpt>
      <trkpt lat="42.700840020552278" lon="0.821289969608188">
        <ele>1167.3</ele>
      </trkpt>
      <trkpt lat="42.700829962268472" lon="0.82135995849967">
        <ele>1162.9200000000001</ele>
      </trkpt>
      <trkpt lat="42.700840020552278" lon="0.821430031210184">
        <ele>1162.9200000000001</ele>
      </trkpt>
      <trkpt lat="42.700800038874149" lon="0.821549976244569">
        <ele>1157.2600000000002</ele>
      </trkpt>
      <trkpt lat="42.700740024447441" lon="0.821630023419857">
        <ele>1155.78</ele>
      </trkpt>
      <trkpt lat="42.700689984485507" lon="0.821649972349405">
        <ele>1155.78</ele>
      </trkpt>
      <trkpt lat="42.700550006702542" lon="0.821860022842884">
        <ele>1144.3900000000001</ele>
      </trkpt>
      <trkpt lat="42.700529973953962" lon="0.821909978985786">
        <ele>1144.3900000000001</ele>
      </trkpt>
      <trkpt lat="42.700540032237768" lon="0.822030007839203">
        <ele>1142.7800000000002</ele>
      </trkpt>
      <trkpt lat="42.700519999489188" lon="0.822079963982105">
        <ele>1141.24</ele>
      </trkpt>
      <trkpt lat="42.70048001781106" lon="0.822099996730685">
        <ele>1141.24</ele>
      </trkpt>
      <trkpt lat="42.700420003384352" lon="0.822209967300296">
        <ele>1136.8299999999999</ele>
      </trkpt>
      <trkpt lat="42.700350014492869" lon="0.822099996730685">
        <ele>1132.24</ele>
      </trkpt>
      <trkpt lat="42.700229985639453" lon="0.821779975667596">
        <ele>1124.5800000000002</ele>
      </trkpt>
      <trkpt lat="42.700159996747971" lon="0.822030007839203">
        <ele>1120.6500000000001</ele>
      </trkpt>
      <trkpt lat="42.700159996747971" lon="0.822130003944039">
        <ele>1114.71</ele>
      </trkpt>
      <trkpt lat="42.700069975107908" lon="0.822290014475584">
        <ele>1111.9200000000001</ele>
      </trkpt>
      <trkpt lat="42.70005002617836" lon="0.822290014475584">
        <ele>1111.9200000000001</ele>
      </trkpt>
      <trkpt lat="42.70002999342978" lon="0.822160011157393">
        <ele>1109.3200000000002</ele>
      </trkpt>
      <trkpt lat="42.699990011751652" lon="0.822090022265911">
        <ele>1109.3200000000002</ele>
      </trkpt>
      <trkpt lat="42.699990011751652" lon="0.821990026161075">
        <ele>1101.73</ele>
      </trkpt>
      <trkpt lat="42.699969979003072" lon="0.821969993412495">
        <ele>1101.73</ele>
      </trkpt>
      <trkpt lat="42.699960004538298" lon="0.822069989517331">
        <ele>1101.73</ele>
      </trkpt>
      <trkpt lat="42.699939971789718" lon="0.822079963982105">
        <ele>1101.73</ele>
      </trkpt>
      <trkpt lat="42.699909964576364" lon="0.822050040587783">
        <ele>1099.2700000000002</ele>
      </trkpt>
      <trkpt lat="42.699790019541979" lon="0.821530027315021">
        <ele>1090.51</ele>
      </trkpt>
      <trkpt lat="42.699809968471527" lon="0.82140002399683">
        <ele>1086.7300000000002</ele>
      </trkpt>
      <trkpt lat="42.699799994006753" lon="0.821319976821542">
        <ele>1085.23</ele>
      </trkpt>
      <trkpt lat="42.699720030650496" lon="0.821240013465285">
        <ele>1080.1300000000001</ele>
      </trkpt>
      <trkpt lat="42.699650041759014" lon="0.821279995143414">
        <ele>1080.1300000000001</ele>
      </trkpt>
      <trkpt lat="42.69960000179708" lon="0.82137999124825">
        <ele>1073.1600000000001</ele>
      </trkpt>
      <trkpt lat="42.699569994583726" lon="0.821460038423538">
        <ele>1073.1600000000001</ele>
      </trkpt>
      <trkpt lat="42.699549961835146" lon="0.821590041741729">
        <ele>1069.9400000000001</ele>
      </trkpt>
      <trkpt lat="42.699569994583726" lon="0.821630023419857">
        <ele>1068.5200000000002</ele>
      </trkpt>
      <trkpt lat="42.699500005692244" lon="0.821909978985786">
        <ele>1062.0500000000002</ele>
      </trkpt>
      <trkpt lat="42.699520038440824" lon="0.822020033374429">
        <ele>1060.0500000000002</ele>
      </trkpt>
      <trkpt lat="42.699479972943664" lon="0.822150036692619">
        <ele>1058.3500000000001</ele>
      </trkpt>
      <trkpt lat="42.699460024014115" lon="0.822369977831841">
        <ele>1055.4200000000001</ele>
      </trkpt>
      <trkpt lat="42.699509980157018" lon="0.822759987786412">
        <ele>1051.45</ele>
      </trkpt>
      <trkpt lat="42.699549961835146" lon="0.822880016639829">
        <ele>1050.9000000000001</ele>
      </trkpt>
      <trkpt lat="42.699549961835146" lon="0.823059976100922">
        <ele>1049.5700000000002</ele>
      </trkpt>
      <trkpt lat="42.69960000179708" lon="0.823440011590719">
        <ele>1043.25</ele>
      </trkpt>
      <trkpt lat="42.699530012905598" lon="0.823530033230782">
        <ele>1041.3199999999999</ele>
      </trkpt>
      <trkpt lat="42.699639983475208" lon="0.824139984324574">
        <ele>1033.3800000000001</ele>
      </trkpt>
      <trkpt lat="42.699339995160699" lon="0.82453996874392">
        <ele>1024.72</ele>
      </trkpt>
      <trkpt lat="42.699290039017797" lon="0.824769968166947">
        <ele>1023.5500000000002</ele>
      </trkpt>
      <trkpt lat="42.6991499774158" lon="0.824850015342236">
        <ele>1023.49</ele>
      </trkpt>
      <trkpt lat="42.699089962989092" lon="0.824869964271784">
        <ele>1023.52</ele>
      </trkpt>
      <trkpt lat="42.699160035699606" lon="0.825270032510161">
        <ele>1024.1800000000001</ele>
      </trkpt>
      <trkpt lat="42.699370002374053" lon="0.826220037415624">
        <ele>1030.4200000000001</ele>
      </trkpt>
      <trkpt lat="42.699379976838827" lon="0.826550032943487">
        <ele>1031.2</ele>
      </trkpt>
      <trkpt lat="42.699339995160699" lon="0.827020006254315">
        <ele>1033.22</ele>
      </trkpt>
      <trkpt lat="42.699260031804442" lon="0.827419990673661">
        <ele>1034.6800000000001</ele>
      </trkpt>
      <trkpt lat="42.6991499774158" lon="0.827619982883334">
        <ele>1038.01</ele>
      </trkpt>
      <trkpt lat="42.699140002951026" lon="0.827730037271976">
        <ele>1038.01</ele>
      </trkpt>
      <trkpt lat="42.699189959093928" lon="0.827900022268295">
        <ele>1038.01</ele>
      </trkpt>
      <trkpt lat="42.699160035699606" lon="0.828030025586486">
        <ele>1038.3500000000001</ele>
      </trkpt>
      <trkpt lat="42.69901997409761" lon="0.828279973939061">
        <ele>1039.9400000000001</ele>
      </trkpt>
      <trkpt lat="42.698949985206127" lon="0.828539980575442">
        <ele>1042.0599999999999</ele>
      </trkpt>
      <trkpt lat="42.699230024591088" lon="0.829110033810139">
        <ele>1042.51</ele>
      </trkpt>
      <trkpt lat="42.699379976838827" lon="0.829510018229485">
        <ele>1043.4300000000001</ele>
      </trkpt>
      <trkpt lat="42.699509980157018" lon="0.829729959368706">
        <ele>1043.6400000000001</ele>
      </trkpt>
      <trkpt lat="42.69960000179708" lon="0.830019973218441">
        <ele>1044.24</ele>
      </trkpt>
      <trkpt lat="42.699899990111589" lon="0.830799993127584">
        <ele>1045.02</ele>
      </trkpt>
      <trkpt lat="42.700099982321262" lon="0.83066001534462">
        <ele>1044.1599999999999</ele>
      </trkpt>
      <trkpt lat="42.700159996747971" lon="0.830690022557974">
        <ele>1043.3900000000001</ele>
      </trkpt>
      <trkpt lat="42.700299974530935" lon="0.830720029771328">
        <ele>1041.9900000000002</ele>
      </trkpt>
      <trkpt lat="42.700399970635772" lon="0.83066001534462">
        <ele>1039.5700000000002</ele>
      </trkpt>
      <trkpt lat="42.700429977849126" lon="0.830600000917912">
        <ele>1039.5700000000002</ele>
      </trkpt>
      <trkpt lat="42.700469959527254" lon="0.830439990386367">
        <ele>1038.7600000000002</ele>
      </trkpt>
      <trkpt lat="42.70048001781106" lon="0.830119969323277">
        <ele>1037.0900000000001</ele>
      </trkpt>
      <trkpt lat="42.700689984485507" lon="0.82993003539741">
        <ele>1036.6300000000001</ele>
      </trkpt>
      <trkpt lat="42.700710017234087" lon="0.829870020970702">
        <ele>1036.6300000000001</ele>
      </trkpt>
      <trkpt lat="42.700840020552278" lon="0.830079987645149">
        <ele>1036.74</ele>
      </trkpt>
      <trkpt lat="42.700880002230406" lon="0.830219965428114">
        <ele>1036.9100000000001</ele>
      </trkpt>
      <trkpt lat="42.700959965586662" lon="0.83076998591423">
        <ele>1042.0699999999999</ele>
      </trkpt>
      <trkpt lat="42.700989972800016" lon="0.830860007554293">
        <ele>1043.4200000000001</ele>
      </trkpt>
      <trkpt lat="42.700979998335242" lon="0.830980036407709">
        <ele>1046.28</ele>
      </trkpt>
      <trkpt lat="42.701019980013371" lon="0.831129988655448">
        <ele>1048.8600000000001</ele>
      </trkpt>
      <trkpt lat="42.701089968904853" lon="0.831280024722219">
        <ele>1053.3199999999999</ele>
      </trkpt>
      <trkpt lat="42.701140008866787" lon="0.831310031935573">
        <ele>1054.3299999999999</ele>
      </trkpt>
      <trkpt lat="42.701230030506849" lon="0.831559980288148">
        <ele>1057.47</ele>
      </trkpt>
      <trkpt lat="42.70131996832788" lon="0.832019979134202">
        <ele>1063.3700000000001</ele>
      </trkpt>
      <trkpt lat="42.70144997164607" lon="0.832349974662066">
        <ele>1070.2200000000003</ele>
      </trkpt>
      <trkpt lat="42.70157502964139" lon="0.833124965429306">
        <ele>1085.3499999999999</ele>
      </trkpt>
      <trkpt lat="42.701700003817677" lon="0.833900040015578">
        <ele>1098.1700000000001</ele>
      </trkpt>
      <trkpt lat="42.70176999270916" lon="0.834170021116734">
        <ele>1103.8800000000001</ele>
      </trkpt>
      <trkpt lat="42.70179002545774" lon="0.834430027753115">
        <ele>1109.3300000000002</ele>
      </trkpt>
      <trkpt lat="42.701809974387288" lon="0.83510996773839">
        <ele>1109.9400000000001</ele>
      </trkpt>
      <trkpt lat="42.701779967173934" lon="0.835329992696643">
        <ele>1109.52</ele>
      </trkpt>
      <trkpt lat="42.701779967173934" lon="0.835780017077923">
        <ele>1109.9400000000001</ele>
      </trkpt>
      <trkpt lat="42.701809974387288" lon="0.836200034245849">
        <ele>1111.1300000000001</ele>
      </trkpt>
      <trkpt lat="42.701860014349222" lon="0.836410000920296">
        <ele>1112.0899999999999</ele>
      </trkpt>
      <trkpt lat="42.701850039884448" lon="0.837060017511249">
        <ele>1120.29</ele>
      </trkpt>
      <trkpt lat="42.701939977705479" lon="0.837199995294213">
        <ele>1122.4400000000001</ele>
      </trkpt>
      <trkpt lat="42.701969984918833" lon="0.83729999139905">
        <ele>1123.1200000000001</ele>
      </trkpt>
      <trkpt lat="42.701969984918833" lon="0.837439969182014">
        <ele>1124.2</ele>
      </trkpt>
      <trkpt lat="42.701939977705479" lon="0.837520016357303">
        <ele>1124.5800000000002</ele>
      </trkpt>
      <trkpt lat="42.701969984918833" lon="0.837959982454777">
        <ele>1126.8299999999999</ele>
      </trkpt>
      <trkpt lat="42.701930003240705" lon="0.83820004016161">
        <ele>1127.3200000000002</ele>
      </trkpt>
      <trkpt lat="42.70192002877593" lon="0.838640006259084">
        <ele>1127.48</ele>
      </trkpt>
      <trkpt lat="42.701799999922514" lon="0.839339978992939">
        <ele>1125.1400000000001</ele>
      </trkpt>
      <trkpt lat="42.701649963855743" lon="0.839729988947511">
        <ele>1124.3800000000001</ele>
      </trkpt>
      <trkpt lat="42.701609982177615" lon="0.839769970625639">
        <ele>1124.3800000000001</ele>
      </trkpt>
      <trkpt lat="42.701379982754588" lon="0.839839959517121">
        <ele>1124.22</ele>
      </trkpt>
      <trkpt lat="42.701279986649752" lon="0.83992000669241">
        <ele>1123.8600000000001</ele>
      </trkpt>
      <trkpt lat="42.701140008866787" lon="0.840219995006919">
        <ele>1122.9400000000001</ele>
      </trkpt>
      <trkpt lat="42.701070019975305" lon="0.840510008856654">
        <ele>1123.1700000000001</ele>
      </trkpt>
      <trkpt lat="42.700970023870468" lon="0.840870011597872">
        <ele>1123.0300000000002</ele>
      </trkpt>
      <trkpt lat="42.700780006125569" lon="0.841160025447607">
        <ele>1122.4100000000001</ele>
      </trkpt>
      <trkpt lat="42.700670035555959" lon="0.841260021552444">
        <ele>1122.6700000000001</ele>
      </trkpt>
      <trkpt lat="42.700659977272153" lon="0.841579958796501">
        <ele>1122.54</ele>
      </trkpt>
      <trkpt lat="42.700680010020733" lon="0.842229975387454">
        <ele>1121.1900000000001</ele>
      </trkpt>
      <trkpt lat="42.700519999489188" lon="0.8426299598068">
        <ele>1122.0899999999999</ele>
      </trkpt>
      <trkpt lat="42.700420003384352" lon="0.843190038576722">
        <ele>1123.3000000000002</ele>
      </trkpt>
      <trkpt lat="42.700420003384352" lon="0.84363997913897">
        <ele>1124</ele>
      </trkpt>
      <trkpt lat="42.700559981167316" lon="0.843630004674196">
        <ele>1124.1800000000001</ele>
      </trkpt>
      <trkpt lat="42.700629970058799" lon="0.844050021842122">
        <ele>1123.5600000000002</ele>
      </trkpt>
      <trkpt lat="42.700629970058799" lon="0.84436995908618">
        <ele>1122.73</ele>
      </trkpt>
      <trkpt lat="42.700670035555959" lon="0.844470039010048">
        <ele>1122.73</ele>
      </trkpt>
      <trkpt lat="42.700680010020733" lon="0.844830041751266">
        <ele>1122.1499999999999</ele>
      </trkpt>
      <trkpt lat="42.700740024447441" lon="0.844870023429394">
        <ele>1121.9000000000001</ele>
      </trkpt>
      <trkpt lat="42.700770031660795" lon="0.844940012320876">
        <ele>1121.9000000000001</ele>
      </trkpt>
      <trkpt lat="42.70088997669518" lon="0.845620036125183">
        <ele>1121.0999999999999</ele>
      </trkpt>
      <trkpt lat="42.700989972800016" lon="0.846440037712455">
        <ele>1121.76</ele>
      </trkpt>
      <trkpt lat="42.701010005548596" lon="0.847379984334111">
        <ele>1124.3700000000001</ele>
      </trkpt>
      <trkpt lat="42.700989972800016" lon="0.848280033096671">
        <ele>1126.6600000000001</ele>
      </trkpt>
      <trkpt lat="42.701079994440079" lon="0.848410036414862">
        <ele>1126.03</ele>
      </trkpt>
      <trkpt lat="42.701089968904853" lon="0.848520006984472">
        <ele>1125.75</ele>
      </trkpt>
      <trkpt lat="42.701070019975305" lon="0.848810020834208">
        <ele>1125.5900000000001</ele>
      </trkpt>
      <trkpt lat="42.701240004971623" lon="0.849489960819483">
        <ele>1125.6000000000001</ele>
      </trkpt>
      <trkpt lat="42.701230030506849" lon="0.84976002573967">
        <ele>1126.48</ele>
      </trkpt>
      <trkpt lat="42.701100027188659" lon="0.850450024008751">
        <ele>1128.1199999999999</ele>
      </trkpt>
      <trkpt lat="42.701010005548596" lon="0.851219985634089">
        <ele>1131.6400000000001</ele>
      </trkpt>
      <trkpt lat="42.701010005548596" lon="0.851770006120205">
        <ele>1134.6100000000001</ele>
      </trkpt>
      <trkpt lat="42.700970023870468" lon="0.852330001071095">
        <ele>1138.1900000000001</ele>
      </trkpt>
      <trkpt lat="42.700959965586662" lon="0.852739959955215">
        <ele>1141.1400000000001</ele>
      </trkpt>
      <trkpt lat="42.700979998335242" lon="0.853890040889382">
        <ele>1146.98</ele>
      </trkpt>
      <trkpt lat="42.701049987226725" lon="0.854190029203892">
        <ele>1150.1800000000003</ele>
      </trkpt>
      <trkpt lat="42.701089968904853" lon="0.85506996139884">
        <ele>1156.7</ele>
      </trkpt>
      <trkpt lat="42.701130034402013" lon="0.855319993570447">
        <ele>1158.1800000000001</ele>
      </trkpt>
      <trkpt lat="42.701179990544915" lon="0.856160027906299">
        <ele>1162.9200000000001</ele>
      </trkpt>
      <trkpt lat="42.701149983331561" lon="0.856579961255193">
        <ele>1164.6300000000001</ele>
      </trkpt>
      <trkpt lat="42.701209997758269" lon="0.857210028916597">
        <ele>1167.1600000000001</ele>
      </trkpt>
      <trkpt lat="42.701289961114526" lon="0.857900027185678">
        <ele>1170.4000000000001</ele>
      </trkpt>
      <trkpt lat="42.701390041038394" lon="0.85814000107348">
        <ele>1173.3900000000001</ele>
      </trkpt>
      <trkpt lat="42.70147000439465" lon="0.858609974384308">
        <ele>1175.7300000000002</ele>
      </trkpt>
      <trkpt lat="42.701530018821359" lon="0.858739977702498">
        <ele>1175.8200000000002</ele>
      </trkpt>
      <trkpt lat="42.701620040461421" lon="0.858779959380627">
        <ele>1175.3600000000001</ele>
      </trkpt>
      <trkpt lat="42.701720036566257" lon="0.858769984915853">
        <ele>1174.0400000000002</ele>
      </trkpt>
      <trkpt lat="42.702069981023669" lon="0.858850032091141">
        <ele>1172.6700000000001</ele>
      </trkpt>
      <trkpt lat="42.702180035412312" lon="0.858899988234043">
        <ele>1172.3499999999999</ele>
      </trkpt>
      <trkpt lat="42.70219998434186" lon="0.858939969912171">
        <ele>1172.3499999999999</ele>
      </trkpt>
      <trkpt lat="42.70219998434186" lon="0.859029991552234">
        <ele>1172.2700000000002</ele>
      </trkpt>
      <trkpt lat="42.70189999602735" lon="0.859599960967898">
        <ele>1173.5800000000002</ele>
      </trkpt>
      <trkpt lat="42.70179002545774" lon="0.859819985926151">
        <ele>1174.6500000000001</ele>
      </trkpt>
      <trkpt lat="42.70176999270916" lon="0.859889974817634">
        <ele>1174.9300000000001</ele>
      </trkpt>
      <trkpt lat="42.701760018244386" lon="0.860000029206276">
        <ele>1175.28</ele>
      </trkpt>
      <trkpt lat="42.701839981600642" lon="0.860909968614578">
        <ele>1174.5</ele>
      </trkpt>
      <trkpt lat="42.701860014349222" lon="0.861550010740757">
        <ele>1170.25</ele>
      </trkpt>
      <trkpt lat="42.701839981600642" lon="0.862340005114675">
        <ele>1165.6800000000001</ele>
      </trkpt>
      <trkpt lat="42.701799999922514" lon="0.862939981743693">
        <ele>1161.5300000000002</ele>
      </trkpt>
      <trkpt lat="42.701735040172935" lon="0.863580023869872">
        <ele>1157.7700000000002</ele>
      </trkpt>
      <trkpt lat="42.701669996604323" lon="0.864219982177019">
        <ele>1155.0900000000001</ele>
      </trkpt>
      <trkpt lat="42.701660022139549" lon="0.864809984341264">
        <ele>1152.8700000000001</ele>
      </trkpt>
      <trkpt lat="42.701579974964261" lon="0.865820003673434">
        <ele>1149.55</ele>
      </trkpt>
      <trkpt lat="42.701500011608005" lon="0.866440013051033">
        <ele>1148.0100000000002</ele>
      </trkpt>
      <trkpt lat="42.701409989967942" lon="0.866839997470379">
        <ele>1145.8000000000002</ele>
      </trkpt>
      <trkpt lat="42.701370008289814" lon="0.866960026323795">
        <ele>1145.0800000000002</ele>
      </trkpt>
      <trkpt lat="42.701240004971623" lon="0.867139985784888">
        <ele>1143.6600000000001</ele>
      </trkpt>
      <trkpt lat="42.701189965009689" lon="0.867269989103079">
        <ele>1143.1900000000001</ele>
      </trkpt>
      <trkpt lat="42.701070019975305" lon="0.868020001798868">
        <ele>1142.4400000000001</ele>
      </trkpt>
      <trkpt lat="42.700989972800016" lon="0.868889959529042">
        <ele>1145.45</ele>
      </trkpt>
      <trkpt lat="42.700959965586662" lon="0.869019962847233">
        <ele>1145.45</ele>
      </trkpt>
      <trkpt lat="42.700919983908534" lon="0.869760001078248">
        <ele>1151.0200000000002</ele>
      </trkpt>
      <trkpt lat="42.701189965009689" lon="0.869780033826828">
        <ele>1152.9300000000001</ele>
      </trkpt>
      <trkpt lat="42.70144997164607" lon="0.869839964434505">
        <ele>1157.04</ele>
      </trkpt>
      <trkpt lat="42.702009966596961" lon="0.869880029931664">
        <ele>1166.53</ele>
      </trkpt>
      <trkpt lat="42.702160002663732" lon="0.869959993287921">
        <ele>1170.3100000000002</ele>
      </trkpt>
      <trkpt lat="42.702290005981922" lon="0.870089996606112">
        <ele>1173.74</ele>
      </trkpt>
      <trkpt lat="42.702599968761206" lon="0.870250007137656">
        <ele>1179.4600000000003</ele>
      </trkpt>
      <trkpt lat="42.702880008146167" lon="0.870299963280559">
        <ele>1184.9000000000001</ele>
      </trkpt>
      <trkpt lat="42.703000036999583" lon="0.870299963280559">
        <ele>1186.7800000000002</ele>
      </trkpt>
      <trkpt lat="42.703240010887384" lon="0.870449999347329">
        <ele>1193</ele>
      </trkpt>
      <trkpt lat="42.70350999198854" lon="0.870589977130294">
        <ele>1201.0899999999999</ele>
      </trkpt>
      <trkpt lat="42.70361996255815" lon="0.870619984343648">
        <ele>1203.0899999999999</ele>
      </trkpt>
      <trkpt lat="42.703769998624921" lon="0.870629958808422">
        <ele>1206.8700000000001</ele>
      </trkpt>
      <trkpt lat="42.704139975830913" lon="0.870789969339967">
        <ele>1217.6100000000001</ele>
      </trkpt>
      <trkpt lat="42.704350026324391" lon="0.870819976553321">
        <ele>1223.1800000000001</ele>
      </trkpt>
      <trkpt lat="42.70452001132071" lon="0.870810002088547">
        <ele>1226.7800000000002</ele>
      </trkpt>
      <trkpt lat="42.704680021852255" lon="0.870849983766675">
        <ele>1231.9300000000001</ele>
      </trkpt>
      <trkpt lat="42.70481999963522" lon="0.870859958231449">
        <ele>1235.96</ele>
      </trkpt>
      <trkpt lat="42.705210009589791" lon="0.870849983766675">
        <ele>1247.3899999999999</ele>
      </trkpt>
      <trkpt lat="42.705080006271601" lon="0.871230019256473">
        <ele>1248.3099999999999</ele>
      </trkpt>
      <trkpt lat="42.704744981601834" lon="0.871709967032075">
        <ele>1258.3500000000001</ele>
      </trkpt>
      <trkpt lat="42.7044100407511" lon="0.872189998626709">
        <ele>1269.9400000000001</ele>
      </trkpt>
      <trkpt lat="42.704160008579493" lon="0.872840015217662">
        <ele>1279.05</ele>
      </trkpt>
      <trkpt lat="42.703900001943111" lon="0.873370002955198">
        <ele>1285.1900000000001</ele>
      </trkpt>
      <trkpt lat="42.703790031373501" lon="0.873720031231642">
        <ele>1290.4100000000001</ele>
      </trkpt>
      <trkpt lat="42.703809980303049" lon="0.873839976266027">
        <ele>1292.5900000000001</ele>
      </trkpt>
      <trkpt lat="42.703909976407886" lon="0.874069975689054">
        <ele>1296.51</ele>
      </trkpt>
      <trkpt lat="42.704060012474656" lon="0.873860009014606">
        <ele>1308.3</ele>
      </trkpt>
      <trkpt lat="42.704150034114718" lon="0.873950030654669">
        <ele>1308.3</ele>
      </trkpt>
      <trkpt lat="42.704260004684329" lon="0.873920023441315">
        <ele>1317.5100000000002</ele>
      </trkpt>
      <trkpt lat="42.70436997525394" lon="0.874139964580536">
        <ele>1317.5100000000002</ele>
      </trkpt>
      <trkpt lat="42.704710029065609" lon="0.873990012332797">
        <ele>1333.49</ele>
      </trkpt>
      <trkpt lat="42.705089980736375" lon="0.87373998016119">
        <ele>1344.0200000000002</ele>
      </trkpt>
      <trkpt lat="42.704780017957091" lon="0.874610021710396">
        <ele>1355.8600000000001</ele>
      </trkpt>
      <trkpt lat="42.704750010743737" lon="0.875260038301349">
        <ele>1368.0400000000002</ele>
      </trkpt>
      <trkpt lat="42.704789992421865" lon="0.875490037724376">
        <ele>1372.0400000000002</ele>
      </trkpt>
      <trkpt lat="42.70495000295341" lon="0.875530019402504">
        <ele>1376.8</ele>
      </trkpt>
      <trkpt lat="42.70540002733469" lon="0.874989973381162">
        <ele>1390.4200000000001</ele>
      </trkpt>
      <trkpt lat="42.706039985641837" lon="0.874410029500723">
        <ele>1403.5799999999999</ele>
      </trkpt>
      <trkpt lat="42.706220028921962" lon="0.874369964003563">
        <ele>1408.5500000000002</ele>
      </trkpt>
      <trkpt lat="42.706539966166019" lon="0.874350015074015">
        <ele>1416.2100000000003</ele>
      </trkpt>
      <trkpt lat="42.706469977274537" lon="0.874900035560131">
        <ele>1425.2300000000002</ele>
      </trkpt>
      <trkpt lat="42.706339973956347" lon="0.875470004975796">
        <ele>1431.95</ele>
      </trkpt>
      <trkpt lat="42.70626001060009" lon="0.87595003657043">
        <ele>1438.3100000000002</ele>
      </trkpt>
      <trkpt lat="42.706460002809763" lon="0.876250024884939">
        <ele>1442.76</ele>
      </trkpt>
      <trkpt lat="42.706350032240152" lon="0.877140015363693">
        <ele>1448.4000000000001</ele>
      </trkpt>
      <trkpt lat="42.706230003386736" lon="0.87764997035265">
        <ele>1448.9000000000001</ele>
      </trkpt>
      <trkpt lat="42.70626001060009" lon="0.878160009160638">
        <ele>1447.78</ele>
      </trkpt>
      <trkpt lat="42.706590006127954" lon="0.879059974104166">
        <ele>1446.26</ele>
      </trkpt>
      <trkpt lat="42.706869961693883" lon="0.879930015653372">
        <ele>1446.9300000000001</ele>
      </trkpt>
      <trkpt lat="42.706899968907237" lon="0.880130007863045">
        <ele>1447.21</ele>
      </trkpt>
      <trkpt lat="42.706829980015755" lon="0.880590006709099">
        <ele>1439.1900000000001</ele>
      </trkpt>
      <trkpt lat="42.706859987229109" lon="0.881119994446635">
        <ele>1427.6400000000001</ele>
      </trkpt>
      <trkpt lat="42.706810031086206" lon="0.881719971075654">
        <ele>1409.95</ele>
      </trkpt>
      <trkpt lat="42.706829980015755" lon="0.882529998198152">
        <ele>1390.1199999999999</ele>
      </trkpt>
      <trkpt lat="42.706599980592728" lon="0.882509965449572">
        <ele>1381.78</ele>
      </trkpt>
      <trkpt lat="42.706610038876534" lon="0.882739964872599">
        <ele>1370.6800000000001</ele>
      </trkpt>
      <trkpt lat="42.706279959529638" lon="0.882750023156405">
        <ele>1360.5600000000002</ele>
      </trkpt>
      <trkpt lat="42.706480035558343" lon="0.883349999785423">
        <ele>1340.5999999999999</ele>
      </trkpt>
      <trkpt lat="42.70669000223279" lon="0.88355996645987">
        <ele>1334.4400000000001</ele>
      </trkpt>
      <trkpt lat="42.706650020554662" lon="0.883759958669543">
        <ele>1331.3499999999999</ele>
      </trkpt>
      <trkpt lat="42.706399988383055" lon="0.883800024166703">
        <ele>1322.8500000000001</ele>
      </trkpt>
      <trkpt lat="42.706840038299561" lon="0.884400000795722">
        <ele>1303.3000000000002</ele>
      </trkpt>
      <trkpt lat="42.706659995019436" lon="0.885250009596348">
        <ele>1297.2100000000003</ele>
      </trkpt>
      <trkpt lat="42.706799972802401" lon="0.885949982330203">
        <ele>1293.9000000000001</ele>
      </trkpt>
      <trkpt lat="42.706820005550981" lon="0.886420039460063">
        <ele>1288.75</ele>
      </trkpt>
      <trkpt lat="42.70709996111691" lon="0.887389993295074">
        <ele>1286.45</ele>
      </trkpt>
      <trkpt lat="42.707210015505552" lon="0.887840017676353">
        <ele>1283.6900000000001</ele>
      </trkpt>
      <trkpt lat="42.707219989970326" lon="0.888279983773828">
        <ele>1274.3399999999999</ele>
      </trkpt>
      <trkpt lat="42.707280004397035" lon="0.888530015945435">
        <ele>1269.3199999999999</ele>
      </trkpt>
      <trkpt lat="42.707229964435101" lon="0.888660019263625">
        <ele>1268.3099999999999</ele>
      </trkpt>
      <trkpt lat="42.706580031663179" lon="0.888700000941753">
        <ele>1255.7800000000002</ele>
      </trkpt>
      <trkpt lat="42.706599980592728" lon="0.888769989833236">
        <ele>1255.7800000000002</ele>
      </trkpt>
      <trkpt lat="42.706420021131635" lon="0.888899993151426">
        <ele>1259.5900000000001</ele>
      </trkpt>
      <trkpt lat="42.706399988383055" lon="0.889169974252582">
        <ele>1262.54</ele>
      </trkpt>
      <trkpt lat="42.706580031663179" lon="0.889190007001162">
        <ele>1265.47</ele>
      </trkpt>
      <trkpt lat="42.70666996948421" lon="0.889169974252582">
        <ele>1266.1400000000001</ele>
      </trkpt>
      <trkpt lat="42.706750016659498" lon="0.889190007001162">
        <ele>1267.9100000000001</ele>
      </trkpt>
      <trkpt lat="42.707170033827424" lon="0.889989975839853">
        <ele>1269.26</ele>
      </trkpt>
      <trkpt lat="42.707380000501871" lon="0.890530021861196">
        <ele>1268.1600000000001</ele>
      </trkpt>
      <trkpt lat="42.707589967176318" lon="0.891299983486533">
        <ele>1267.9300000000001</ele>
      </trkpt>
      <trkpt lat="42.707800017669797" lon="0.892419973388314">
        <ele>1267.26</ele>
      </trkpt>
      <trkpt lat="42.707924991846085" lon="0.893435021862388">
        <ele>1266.9100000000001</ele>
      </trkpt>
      <trkpt lat="42.708049966022372" lon="0.894449986517429">
        <ele>1269.4500000000003</ele>
      </trkpt>
      <trkpt lat="42.708239983767271" lon="0.89516001753509">
        <ele>1273.3700000000001</ele>
      </trkpt>
      <trkpt lat="42.708350038155913" lon="0.895790001377463">
        <ele>1275.5</ele>
      </trkpt>
      <trkpt lat="42.708514994010329" lon="0.896415039896965">
        <ele>1279.6900000000001</ele>
      </trkpt>
      <trkpt lat="42.708680033683777" lon="0.897039994597435">
        <ele>1281.9900000000002</ele>
      </trkpt>
      <trkpt lat="42.708869967609644" lon="0.897339982911944">
        <ele>1285.3400000000001</ele>
      </trkpt>
      <trkpt lat="42.709069959819317" lon="0.897769974544644">
        <ele>1290.3</ele>
      </trkpt>
      <trkpt lat="42.709170039743185" lon="0.898089995607734">
        <ele>1293.2800000000002</ele>
      </trkpt>
      <trkpt lat="42.709270035848022" lon="0.898559968918562">
        <ele>1293.71</ele>
      </trkpt>
      <trkpt lat="42.709359973669052" lon="0.898770019412041">
        <ele>1293.1000000000001</ele>
      </trkpt>
      <trkpt lat="42.709689969196916" lon="0.899379970505834">
        <ele>1296.1500000000001</ele>
      </trkpt>
      <trkpt lat="42.709819972515106" lon="0.899920016527176">
        <ele>1298.5900000000001</ele>
      </trkpt>
      <trkpt lat="42.70987001247704" lon="0.900050019845366">
        <ele>1298.8000000000002</ele>
      </trkpt>
      <trkpt lat="42.709930026903749" lon="0.900110034272075">
        <ele>1298.54</ele>
      </trkpt>
      <trkpt lat="42.710000015795231" lon="0.900250012055039">
        <ele>1297.8500000000001</ele>
      </trkpt>
      <trkpt lat="42.710079979151487" lon="0.900540025904775">
        <ele>1295.29</ele>
      </trkpt>
      <trkpt lat="42.709990041330457" lon="0.900930035859346">
        <ele>1294.27</ele>
      </trkpt>
      <trkpt lat="42.709860038012266" lon="0.901270005851984">
        <ele>1294.0600000000002</ele>
      </trkpt>
      <trkpt lat="42.710009990260005" lon="0.901609975844622">
        <ele>1294.48</ele>
      </trkpt>
      <trkpt lat="42.710139993578196" lon="0.901750037446618">
        <ele>1294.8099999999999</ele>
      </trkpt>
      <trkpt lat="42.71030000410974" lon="0.902029993012547">
        <ele>1294.78</ele>
      </trkpt>
      <trkpt lat="42.71019003354013" lon="0.902129989117384">
        <ele>1295.0400000000002</ele>
      </trkpt>
      <trkpt lat="42.710049971938133" lon="0.902190003544092">
        <ele>1295.5800000000002</ele>
      </trkpt>
      <trkpt lat="42.710000015795231" lon="0.902199978008866">
        <ele>1295.79</ele>
      </trkpt>
      <trkpt lat="42.709800023585558" lon="0.902150021865964">
        <ele>1298.0800000000002</ele>
      </trkpt>
      <trkpt lat="42.709700027480721" lon="0.902499966323376">
        <ele>1301.9900000000002</ele>
      </trkpt>
      <trkpt lat="42.709659961983562" lon="0.902729965746403">
        <ele>1300.7600000000002</ele>
      </trkpt>
      <trkpt lat="42.709689969196916" lon="0.902749998494983">
        <ele>1300.1800000000001</ele>
      </trkpt>
      <trkpt lat="42.709659961983562" lon="0.902989972382784">
        <ele>1297.8200000000002</ele>
      </trkpt>
      <trkpt lat="42.709579998627305" lon="0.903030037879944">
        <ele>1295.8599999999999</ele>
      </trkpt>
      <trkpt lat="42.709529958665371" lon="0.903019979596138">
        <ele>1292.78</ele>
      </trkpt>
      <trkpt lat="42.70941998809576" lon="0.902949990704656">
        <ele>1292.78</ele>
      </trkpt>
      <trkpt lat="42.709270035848022" lon="0.902900034561753">
        <ele>1287.5700000000002</ele>
      </trkpt>
      <trkpt lat="42.709180014207959" lon="0.902819987386465">
        <ele>1285.0900000000001</ele>
      </trkpt>
      <trkpt lat="42.709140032529831" lon="0.902810012921691">
        <ele>1282.3900000000001</ele>
      </trkpt>
      <trkpt lat="42.709119999781251" lon="0.902829961851239">
        <ele>1282.3900000000001</ele>
      </trkpt>
      <trkpt lat="42.709210021421313" lon="0.903040012344718">
        <ele>1274.0800000000002</ele>
      </trkpt>
      <trkpt lat="42.709250003099442" lon="0.903070019558072">
        <ele>1274.0800000000002</ele>
      </trkpt>
      <trkpt lat="42.709280010312796" lon="0.903149982914329">
        <ele>1274.0800000000002</ele>
      </trkpt>
      <trkpt lat="42.709329966455698" lon="0.903189964592457">
        <ele>1271.4200000000001</ele>
      </trkpt>
      <trkpt lat="42.709410013630986" lon="0.903209997341037">
        <ele>1269.1100000000001</ele>
      </trkpt>
      <trkpt lat="42.709400039166212" lon="0.903240004554391">
        <ele>1269.1100000000001</ele>
      </trkpt>
      <trkpt lat="42.709340024739504" lon="0.903260037302971">
        <ele>1265.9600000000003</ele>
      </trkpt>
      <trkpt lat="42.709199963137507" lon="0.903249979019165">
        <ele>1263.6500000000001</ele>
      </trkpt>
      <trkpt lat="42.709080018103123" lon="0.903160041198134">
        <ele>1258.6200000000001</ele>
      </trkpt>
      <trkpt lat="42.70898999646306" lon="0.903160041198134">
        <ele>1257.45</ele>
      </trkpt>
      <trkpt lat="42.708799978718162" lon="0.903230030089617">
        <ele>1254.0200000000002</ele>
      </trkpt>
      <trkpt lat="42.708620019257069" lon="0.903140008449554">
        <ele>1253.1500000000001</ele>
      </trkpt>
      <trkpt lat="42.70856000483036" lon="0.90313003398478">
        <ele>1253.26</ele>
      </trkpt>
      <trkpt lat="42.70853997208178" lon="0.903340000659227">
        <ele>1253.3200000000002</ele>
      </trkpt>
      <trkpt lat="42.708499990403652" lon="0.903330026194453">
        <ele>1253.2500000000002</ele>
      </trkpt>
      <trkpt lat="42.70840996876359" lon="0.903349975124002">
        <ele>1253.3</ele>
      </trkpt>
      <trkpt lat="42.708350038155913" lon="0.903340000659227">
        <ele>1253.6900000000001</ele>
      </trkpt>
      <trkpt lat="42.708299998193979" lon="0.903289960697293">
        <ele>1254.21</ele>
      </trkpt>
      <trkpt lat="42.708220034837723" lon="0.903270011767745">
        <ele>1254.4100000000001</ele>
      </trkpt>
      <trkpt lat="42.708039991557598" lon="0.903049986809492">
        <ele>1254.4700000000003</ele>
      </trkpt>
      <trkpt lat="42.708009984344244" lon="0.902989972382784">
        <ele>1253.9900000000002</ele>
      </trkpt>
      <trkpt lat="42.707970002666116" lon="0.902970023453236">
        <ele>1253.8900000000001</ele>
      </trkpt>
      <trkpt lat="42.707930020987988" lon="0.902910009026527">
        <ele>1253.8800000000001</ele>
      </trkpt>
      <trkpt lat="42.707849973812699" lon="0.902849994599819">
        <ele>1254.1100000000001</ele>
      </trkpt>
      <trkpt lat="42.707740003243089" lon="0.902699958533049">
        <ele>1256.4400000000001</ele>
      </trkpt>
      <trkpt lat="42.707640007138252" lon="0.902670035138726">
        <ele>1257.22</ele>
      </trkpt>
      <trkpt lat="42.707609999924898" lon="0.902719991281629">
        <ele>1259.8100000000002</ele>
      </trkpt>
      <trkpt lat="42.707609999924898" lon="0.902770031243563">
        <ele>1259.8100000000002</ele>
      </trkpt>
      <trkpt lat="42.707749977707863" lon="0.903010005131364">
        <ele>1264.01</ele>
      </trkpt>
      <trkpt lat="42.707800017669797" lon="0.903179990127683">
        <ele>1265.77</ele>
      </trkpt>
      <trkpt lat="42.707800017669797" lon="0.903319967910647">
        <ele>1263.6000000000001</ele>
      </trkpt>
      <trkpt lat="42.707839999347925" lon="0.903370007872581">
        <ele>1263.6000000000001</ele>
      </trkpt>
      <trkpt lat="42.707679988816381" lon="0.903679970651865">
        <ele>1267.73</ele>
      </trkpt>
      <trkpt lat="42.707870006561279" lon="0.903879962861538">
        <ele>1269.49</ele>
      </trkpt>
      <trkpt lat="42.707630032673478" lon="0.903630014508963">
        <ele>1267.76</ele>
      </trkpt>
      <trkpt lat="42.70757001824677" lon="0.9035399928689">
        <ele>1267.53</ele>
      </trkpt>
      <trkpt lat="42.707449989393353" lon="0.903189964592457">
        <ele>1265.4100000000001</ele>
      </trkpt>
      <trkpt lat="42.707389974966645" lon="0.90297999791801">
        <ele>1264.7</ele>
      </trkpt>
      <trkpt lat="42.707340018823743" lon="0.902870027348399">
        <ele>1264.4300000000001</ele>
      </trkpt>
      <trkpt lat="42.707280004397035" lon="0.902829961851239">
        <ele>1263.26</ele>
      </trkpt>
      <trkpt lat="42.707019997760653" lon="0.902719991281629">
        <ele>1259.3100000000002</ele>
      </trkpt>
      <trkpt lat="42.706940034404397" lon="0.902780005708337">
        <ele>1259.0100000000002</ele>
      </trkpt>
      <trkpt lat="42.706929976120591" lon="0.902819987386465">
        <ele>1259.0100000000002</ele>
      </trkpt>
      <trkpt lat="42.706899968907237" lon="0.902870027348399">
        <ele>1257.1900000000001</ele>
      </trkpt>
      <trkpt lat="42.706850012764335" lon="0.902900034561753">
        <ele>1256.9100000000001</ele>
      </trkpt>
      <trkpt lat="42.706780023872852" lon="0.903289960697293">
        <ele>1253.6800000000001</ele>
      </trkpt>
      <trkpt lat="42.706639962270856" lon="0.903530018404126">
        <ele>1251.4200000000001</ele>
      </trkpt>
      <trkpt lat="42.706550024449825" lon="0.903660021722317">
        <ele>1251.1300000000001</ele>
      </trkpt>
      <trkpt lat="42.706450028344989" lon="0.903979958966374">
        <ele>1249.8900000000001</ele>
      </trkpt>
      <trkpt lat="42.706420021131635" lon="0.904020024463534">
        <ele>1249.8900000000001</ele>
      </trkpt>
      <trkpt lat="42.706290017813444" lon="0.904099987819791">
        <ele>1249.6500000000001</ele>
      </trkpt>
      <trkpt lat="42.705609994009137" lon="0.904750004410744">
        <ele>1253.0800000000002</ele>
      </trkpt>
      <trkpt lat="42.705500023439527" lon="0.904989978298545">
        <ele>1253.6200000000001</ele>
      </trkpt>
      <trkpt lat="42.705295002087951" lon="0.90557998046279">
        <ele>1254.3900000000001</ele>
      </trkpt>
      <trkpt lat="42.705089980736375" lon="0.906169982627034">
        <ele>1256.7700000000002</ele>
      </trkpt>
      <trkpt lat="42.704919995740056" lon="0.906880013644695">
        <ele>1258.7400000000002</ele>
      </trkpt>
      <trkpt lat="42.704889988526702" lon="0.907670008018613">
        <ele>1263.8500000000001</ele>
      </trkpt>
      <trkpt lat="42.704795021563768" lon="0.908269984647632">
        <ele>1268.2900000000002</ele>
      </trkpt>
      <trkpt lat="42.704699970781803" lon="0.90886996127665">
        <ele>1271.1800000000001</ele>
      </trkpt>
      <trkpt lat="42.704590000212193" lon="0.909349992871284">
        <ele>1274.0500000000002</ele>
      </trkpt>
      <trkpt lat="42.704539960250258" lon="0.909679988399148">
        <ele>1274.6099999999999</ele>
      </trkpt>
      <trkpt lat="42.704550018534064" lon="0.910009983927011">
        <ele>1276.79</ele>
      </trkpt>
      <trkpt lat="42.704439964145422" lon="0.911150006577373">
        <ele>1283.4500000000003</ele>
      </trkpt>
      <trkpt lat="42.704329993575811" lon="0.911500034853816">
        <ele>1284.78</ele>
      </trkpt>
      <trkpt lat="42.704020030796528" lon="0.9118099976331">
        <ele>1285.9100000000001</ele>
      </trkpt>
      <trkpt lat="42.703709984198213" lon="0.9122399892658">
        <ele>1286.98</ele>
      </trkpt>
      <trkpt lat="42.703400021418929" lon="0.912620024755597">
        <ele>1288.4300000000001</ele>
      </trkpt>
      <trkpt lat="42.703149989247322" lon="0.912699988111854">
        <ele>1289.53</ele>
      </trkpt>
      <trkpt lat="42.702940022572875" lon="0.912920013070107">
        <ele>1290.46</ele>
      </trkpt>
      <trkpt lat="42.70265000872314" lon="0.913150012493134">
        <ele>1290.0999999999999</ele>
      </trkpt>
      <trkpt lat="42.702489998191595" lon="0.913370037451386">
        <ele>1289.5700000000002</ele>
      </trkpt>
      <trkpt lat="42.702320013195276" lon="0.913779996335506">
        <ele>1290.3500000000001</ele>
      </trkpt>
      <trkpt lat="42.70189999602735" lon="0.914639979600906">
        <ele>1296.0900000000001</ele>
      </trkpt>
      <trkpt lat="42.701730011031032" lon="0.914860004559159">
        <ele>1296.6000000000001</ele>
      </trkpt>
      <trkpt lat="42.701590033248067" lon="0.914929993450642">
        <ele>1297.1100000000001</ele>
      </trkpt>
      <trkpt lat="42.701460029929876" lon="0.91496997512877">
        <ele>1298.1900000000001</ele>
      </trkpt>
      <trkpt lat="42.701330026611686" lon="0.914980033412576">
        <ele>1298.1900000000001</ele>
      </trkpt>
      <trkpt lat="42.701130034402013" lon="0.914980033412576">
        <ele>1300.0699999999999</ele>
      </trkpt>
      <trkpt lat="42.701010005548596" lon="0.915110036730766">
        <ele>1301.97</ele>
      </trkpt>
      <trkpt lat="42.700929958373308" lon="0.915429973974824">
        <ele>1304.6300000000001</ele>
      </trkpt>
      <trkpt lat="42.701170016080141" lon="0.91555000282824">
        <ele>1304.9200000000001</ele>
      </trkpt>
      <trkpt lat="42.701300019398332" lon="0.915680006146431">
        <ele>1305.8500000000001</ele>
      </trkpt>
      <trkpt lat="42.701430022716522" lon="0.915759969502687">
        <ele>1306.48</ele>
      </trkpt>
      <trkpt lat="42.701609982177615" lon="0.915689980611205">
        <ele>1307.5899999999999</ele>
      </trkpt>
      <trkpt lat="42.701519960537553" lon="0.91600002720952">
        <ele>1309.74</ele>
      </trkpt>
      <trkpt lat="42.701579974964261" lon="0.916089965030551">
        <ele>1310.0699999999999</ele>
      </trkpt>
      <trkpt lat="42.70144997164607" lon="0.91627998277545">
        <ele>1311.4100000000001</ele>
      </trkpt>
      <trkpt lat="42.70131996832788" lon="0.916549963876605">
        <ele>1312.1900000000001</ele>
      </trkpt>
      <trkpt lat="42.701289961114526" lon="0.916590029373765">
        <ele>1312.5900000000001</ele>
      </trkpt>
      <trkpt lat="42.701219972223043" lon="0.917039969936013">
        <ele>1315.3600000000001</ele>
      </trkpt>
      <trkpt lat="42.70104001276195" lon="0.917459987103939">
        <ele>1319.53</ele>
      </trkpt>
      <trkpt lat="42.700810013338923" lon="0.917800040915608">
        <ele>1320.9000000000001</ele>
      </trkpt>
      <trkpt lat="42.700540032237768" lon="0.918249981477857">
        <ele>1324.1800000000001</ele>
      </trkpt>
      <trkpt lat="42.70048001781106" lon="0.918519962579012">
        <ele>1325.02</ele>
      </trkpt>
      <trkpt lat="42.700469959527254" lon="0.918790027499199">
        <ele>1326.3299999999999</ele>
      </trkpt>
      <trkpt lat="42.700440036132932" lon="0.918930005282164">
        <ele>1327.3000000000002</ele>
      </trkpt>
      <trkpt lat="42.700350014492869" lon="0.919129997491837">
        <ele>1329.21</ele>
      </trkpt>
      <trkpt lat="42.700350014492869" lon="0.919280033558607">
        <ele>1330.0599999999999</ele>
      </trkpt>
      <trkpt lat="42.700239960104227" lon="0.919529981911182">
        <ele>1331.0900000000001</ele>
      </trkpt>
      <trkpt lat="42.700069975107908" lon="0.919829970225692">
        <ele>1331.97</ele>
      </trkpt>
      <trkpt lat="42.70002999342978" lon="0.919940024614334">
        <ele>1332.71</ele>
      </trkpt>
      <trkpt lat="42.699960004538298" lon="0.920310001820326">
        <ele>1334.03</ele>
      </trkpt>
      <trkpt lat="42.699880041182041" lon="0.920409997925162">
        <ele>1334</ele>
      </trkpt>
      <trkpt lat="42.699850033968687" lon="0.920549975708127">
        <ele>1335.3400000000001</ele>
      </trkpt>
      <trkpt lat="42.699809968471527" lon="0.920649971812963">
        <ele>1336.77</ele>
      </trkpt>
      <trkpt lat="42.699739979580045" lon="0.921030007302761">
        <ele>1342.5800000000002</ele>
      </trkpt>
      <trkpt lat="42.699820026755333" lon="0.921099996194243">
        <ele>1344.4100000000001</ele>
      </trkpt>
      <trkpt lat="42.699860008433461" lon="0.921229999512434">
        <ele>1345.73</ele>
      </trkpt>
      <trkpt lat="42.699830001220107" lon="0.921550020575523">
        <ele>1346.96</ele>
      </trkpt>
      <trkpt lat="42.699760012328625" lon="0.921729980036616">
        <ele>1347.3499999999999</ele>
      </trkpt>
      <trkpt lat="42.6995799690485" lon="0.921929972246289">
        <ele>1350.5699999999999</ele>
      </trkpt>
      <trkpt lat="42.699479972943664" lon="0.922019993886352">
        <ele>1351.1500000000001</ele>
      </trkpt>
      <trkpt lat="42.699469998478889" lon="0.922249993309379">
        <ele>1354.1800000000001</ele>
      </trkpt>
      <trkpt lat="42.699430016800761" lon="0.922259967774153">
        <ele>1355.02</ele>
      </trkpt>
      <trkpt lat="42.699370002374053" lon="0.922319982200861">
        <ele>1355.9100000000001</ele>
      </trkpt>
      <trkpt lat="42.699360027909279" lon="0.922330040484667">
        <ele>1355.9100000000001</ele>
      </trkpt>
      <trkpt lat="42.699249973520637" lon="0.922319982200861">
        <ele>1356.9000000000001</ele>
      </trkpt>
      <trkpt lat="42.699239999055862" lon="0.92218997888267">
        <ele>1361.24</ele>
      </trkpt>
      <trkpt lat="42.699249973520637" lon="0.921910023316741">
        <ele>1359.6900000000001</ele>
      </trkpt>
      <trkpt lat="42.699300013482571" lon="0.921459998935461">
        <ele>1358.5200000000002</ele>
      </trkpt>
      <trkpt lat="42.699300013482571" lon="0.920839989557862">
        <ele>1357.9800000000002</ele>
      </trkpt>
      <trkpt lat="42.699339995160699" lon="0.920479986816645">
        <ele>1356.6400000000001</ele>
      </trkpt>
      <trkpt lat="42.699400009587407" lon="0.920279994606972">
        <ele>1354.5999999999999</ele>
      </trkpt>
      <trkpt lat="42.699430016800761" lon="0.919520007446408">
        <ele>1344.72</ele>
      </trkpt>
      <trkpt lat="42.699419958516955" lon="0.919080041348934">
        <ele>1340.2800000000002</ele>
      </trkpt>
      <trkpt lat="42.699290039017797" lon="0.91900996863842">
        <ele>1342.71</ele>
      </trkpt>
      <trkpt lat="42.699119970202446" lon="0.91905003413558">
        <ele>1345.76</ele>
      </trkpt>
      <trkpt lat="42.699009999632835" lon="0.919099990278482">
        <ele>1345.76</ele>
      </trkpt>
      <trkpt lat="42.698810007423162" lon="0.919039975851774">
        <ele>1355.3600000000001</ele>
      </trkpt>
      <trkpt lat="42.698410023003817" lon="0.918800001963973">
        <ele>1366.5</ele>
      </trkpt>
      <trkpt lat="42.698220005258918" lon="0.918720038607717">
        <ele>1372.5599999999999</ele>
      </trkpt>
      <trkpt lat="42.698189998045564" lon="0.918739987537265">
        <ele>1372.5599999999999</ele>
      </trkpt>
      <trkpt lat="42.698069969192147" lon="0.918690031394362">
        <ele>1374.6100000000001</ele>
      </trkpt>
      <trkpt lat="42.697980031371117" lon="0.9186000097543">
        <ele>1376.3400000000001</ele>
      </trkpt>
      <trkpt lat="42.697950024157763" lon="0.918619958683848">
        <ele>1376.3400000000001</ele>
      </trkpt>
      <trkpt lat="42.697769980877638" lon="0.918400017544627">
        <ele>1378.03</ele>
      </trkpt>
      <trkpt lat="42.697569988667965" lon="0.918270014226437">
        <ele>1378.3899999999999</ele>
      </trkpt>
      <trkpt lat="42.697439985349774" lon="0.918270014226437">
        <ele>1379.6700000000001</ele>
      </trkpt>
      <trkpt lat="42.697209985926747" lon="0.918140010908246">
        <ele>1382.6100000000001</ele>
      </trkpt>
      <trkpt lat="42.697209985926747" lon="0.918089970946312">
        <ele>1382.9200000000001</ele>
      </trkpt>
      <trkpt lat="42.697160029783845" lon="0.91804001480341">
        <ele>1382.9200000000001</ele>
      </trkpt>
      <trkpt lat="42.696989960968494" lon="0.918010007590055">
        <ele>1384.51</ele>
      </trkpt>
      <trkpt lat="42.696689972653985" lon="0.917819989845157">
        <ele>1389.1400000000001</ele>
      </trkpt>
      <trkpt lat="42.696540020406246" lon="0.917780008167028">
        <ele>1390.46</ele>
      </trkpt>
      <trkpt lat="42.696289988234639" lon="0.917599964886904">
        <ele>1392.5599999999999</ele>
      </trkpt>
      <trkpt lat="42.696189992129803" lon="0.917550008744001">
        <ele>1394.4200000000001</ele>
      </trkpt>
      <trkpt lat="42.696129977703094" lon="0.917489994317293">
        <ele>1394.4200000000001</ele>
      </trkpt>
      <trkpt lat="42.696020007133484" lon="0.917499968782067">
        <ele>1395.96</ele>
      </trkpt>
      <trkpt lat="42.69596996717155" lon="0.917459987103939">
        <ele>1396.4300000000001</ele>
      </trkpt>
      <trkpt lat="42.695620022714138" lon="0.917369965463877">
        <ele>1401.2000000000003</ele>
      </trkpt>
      <trkpt lat="42.695550033822656" lon="0.917320009320974">
        <ele>1401.8000000000002</ele>
      </trkpt>
      <trkpt lat="42.695479961112142" lon="0.917320009320974">
        <ele>1402.8299999999999</ele>
      </trkpt>
      <trkpt lat="42.695339983329177" lon="0.917210038751364">
        <ele>1403.5700000000002</ele>
      </trkpt>
      <trkpt lat="42.695200005546212" lon="0.916969981044531">
        <ele>1401.76</ele>
      </trkpt>
      <trkpt lat="42.695090034976602" lon="0.916879959404469">
        <ele>1401.3300000000002</ele>
      </trkpt>
      <trkpt lat="42.695030020549893" lon="0.916890017688274">
        <ele>1401.96</ele>
      </trkpt>
      <trkpt lat="42.694730032235384" lon="0.916830003261566">
        <ele>1406.3199999999999</ele>
      </trkpt>
      <trkpt lat="42.694600028917193" lon="0.916909966617823">
        <ele>1410.1200000000001</ele>
      </trkpt>
      <trkpt lat="42.694359971210361" lon="0.916909966617823">
        <ele>1419.0500000000002</ele>
      </trkpt>
      <trkpt lat="42.69422996789217" lon="0.916990013793111">
        <ele>1424.1600000000001</ele>
      </trkpt>
      <trkpt lat="42.694159979000688" lon="0.917099984362721">
        <ele>1425.3099999999999</ele>
      </trkpt>
      <trkpt lat="42.693999968469143" lon="0.91715999878943">
        <ele>1428.1400000000001</ele>
      </trkpt>
      <trkpt lat="42.693880023434758" lon="0.917150024324656">
        <ele>1428.95</ele>
      </trkpt>
      <trkpt lat="42.693720012903214" lon="0.917190006002784">
        <ele>1429.3099999999999</ele>
      </trkpt>
      <trkpt lat="42.693710038438439" lon="0.91718003153801">
        <ele>1429.3099999999999</ele>
      </trkpt>
      <trkpt lat="42.693650024011731" lon="0.917280027642846">
        <ele>1429.28</ele>
      </trkpt>
      <trkpt lat="42.693509962409735" lon="0.917380023747683">
        <ele>1430.1100000000001</ele>
      </trkpt>
      <trkpt lat="42.693460006266832" lon="0.917489994317293">
        <ele>1430.8100000000002</ele>
      </trkpt>
      <trkpt lat="42.693279962986708" lon="0.917339958250523">
        <ele>1431.0500000000002</ele>
      </trkpt>
      <trkpt lat="42.692870004102588" lon="0.917339958250523">
        <ele>1429.98</ele>
      </trkpt>
      <trkpt lat="42.692679986357689" lon="0.917389998212457">
        <ele>1430.5700000000002</ele>
      </trkpt>
      <trkpt lat="42.692349990829825" lon="0.917389998212457">
        <ele>1432.0799999999999</ele>
      </trkpt>
      <trkpt lat="42.692249994724989" lon="0.917450012639165">
        <ele>1432.8900000000001</ele>
      </trkpt>
      <trkpt lat="42.691780021414161" lon="0.917520001530647">
        <ele>1434.4300000000001</ele>
      </trkpt>
      <trkpt lat="42.691590003669262" lon="0.917529975995421">
        <ele>1434.8</ele>
      </trkpt>
      <trkpt lat="42.691190019249916" lon="0.91771999374032">
        <ele>1434.5500000000002</ele>
      </trkpt>
      <trkpt lat="42.691039983183146" lon="0.91801998205483">
        <ele>1434.1500000000001</ele>
      </trkpt>
      <trkpt lat="42.690860023722053" lon="0.917940018698573">
        <ele>1433.2300000000002</ele>
      </trkpt>
      <trkpt lat="42.690579984337091" lon="0.917910011485219">
        <ele>1433.2900000000002</ele>
      </trkpt>
      <trkpt lat="42.690300028771162" lon="0.917970025911927">
        <ele>1435.21</ele>
      </trkpt>
      <trkpt lat="42.690140018239617" lon="0.918049989268184">
        <ele>1435.8800000000001</ele>
      </trkpt>
      <trkpt lat="42.689840029925108" lon="0.917989974841475">
        <ele>1435.25</ele>
      </trkpt>
      <trkpt lat="42.689499976113439" lon="0.917989974841475">
        <ele>1433.8099999999999</ele>
      </trkpt>
      <trkpt lat="42.688890025019646" lon="0.9177400264889">
        <ele>1435.0600000000002</ele>
      </trkpt>
      <trkpt lat="42.688730014488101" lon="0.917750000953674">
        <ele>1435.4000000000001</ele>
      </trkpt>
      <trkpt lat="42.688570003956556" lon="0.917680012062192">
        <ele>1436.25</ele>
      </trkpt>
      <trkpt lat="42.68857997842133" lon="0.917480019852519">
        <ele>1436.2100000000003</ele>
      </trkpt>
      <trkpt lat="42.688389960676432" lon="0.917329983785748">
        <ele>1436.53</ele>
      </trkpt>
      <trkpt lat="42.688240008428693" lon="0.917129991576076">
        <ele>1437.3900000000001</ele>
      </trkpt>
      <trkpt lat="42.687959969043732" lon="0.916890017688274">
        <ele>1437.3200000000002</ele>
      </trkpt>
      <trkpt lat="42.687840024009347" lon="0.916679967194796">
        <ele>1437.4000000000001</ele>
      </trkpt>
      <trkpt lat="42.687599966302514" lon="0.91643001884222">
        <ele>1437.6100000000001</ele>
      </trkpt>
      <trkpt lat="42.687450014054775" lon="0.916189961135387">
        <ele>1437.1500000000001</ele>
      </trkpt>
      <trkpt lat="42.686999989673495" lon="0.916149979457259">
        <ele>1435.5699999999999</ele>
      </trkpt>
      <trkpt lat="42.686760015785694" lon="0.916390037164092">
        <ele>1435.8099999999999</ele>
      </trkpt>
      <trkpt lat="42.686409987509251" lon="0.916620036587119">
        <ele>1437.5600000000002</ele>
      </trkpt>
      <trkpt lat="42.686360031366348" lon="0.916720032691956">
        <ele>1438.0000000000002</ele>
      </trkpt>
      <trkpt lat="42.686170013621449" lon="0.916869984939694">
        <ele>1439.6700000000003</ele>
      </trkpt>
      <trkpt lat="42.685940014198422" lon="0.916929999366403">
        <ele>1442.1600000000001</ele>
      </trkpt>
      <trkpt lat="42.685879999771714" lon="0.917060002684593">
        <ele>1443.1400000000001</ele>
      </trkpt>
      <trkpt lat="42.685810010880232" lon="0.917459987103939">
        <ele>1446.6199999999999</ele>
      </trkpt>
      <trkpt lat="42.685570036992431" lon="0.917619997635484">
        <ele>1448.6900000000001</ele>
      </trkpt>
      <trkpt lat="42.685159994289279" lon="0.917859971523285">
        <ele>1450.2700000000002</ele>
      </trkpt>
      <trkpt lat="42.684850031509995" lon="0.917900037020445">
        <ele>1450.8</ele>
      </trkpt>
      <trkpt lat="42.684609973803163" lon="0.917889978736639">
        <ele>1451.4300000000003</ele>
      </trkpt>
      <trkpt lat="42.684520035982132" lon="0.91801998205483">
        <ele>1452.9100000000001</ele>
      </trkpt>
      <trkpt lat="42.684490028768778" lon="0.918130036443472">
        <ele>1453.6400000000001</ele>
      </trkpt>
      <trkpt lat="42.684369999915361" lon="0.9181700181216">
        <ele>1453.3400000000001</ele>
      </trkpt>
      <trkpt lat="42.684260029345751" lon="0.9181700181216">
        <ele>1452.8500000000001</ele>
      </trkpt>
      <trkpt lat="42.683919975534081" lon="0.918319970369339">
        <ele>1452.8100000000002</ele>
      </trkpt>
      <trkpt lat="42.683689976111054" lon="0.918590035289526">
        <ele>1453.6600000000001</ele>
      </trkpt>
      <trkpt lat="42.683540023863316" lon="0.918609984219074">
        <ele>1454.3300000000002</ele>
      </trkpt>
      <trkpt lat="42.683410020545125" lon="0.918590035289526">
        <ele>1455.1700000000001</ele>
      </trkpt>
      <trkpt lat="42.682839967310429" lon="0.918679973110557">
        <ele>1458.1400000000001</ele>
      </trkpt>
      <trkpt lat="42.682790011167526" lon="0.918570002540946">
        <ele>1458.47</ele>
      </trkpt>
      <trkpt lat="42.682499997317791" lon="0.918519962579012">
        <ele>1459.9000000000001</ele>
      </trkpt>
      <trkpt lat="42.682060031220317" lon="0.918400017544627">
        <ele>1462.9100000000001</ele>
      </trkpt>
      <trkpt lat="42.68196003511548" lon="0.918330028653145">
        <ele>1463.5200000000002</ele>
      </trkpt>
      <trkpt lat="42.681840006262064" lon="0.918349977582693">
        <ele>1463.5200000000002</ele>
      </trkpt>
      <trkpt lat="42.681730035692453" lon="0.918289963155985">
        <ele>1464.55</ele>
      </trkpt>
      <trkpt lat="42.681619981303811" lon="0.918270014226437">
        <ele>1464.6300000000001</ele>
      </trkpt>
      <trkpt lat="42.6815100107342" lon="0.918289963155985">
        <ele>1464.55</ele>
      </trkpt>
      <trkpt lat="42.681180015206337" lon="0.918270014226437">
        <ele>1465.1100000000001</ele>
      </trkpt>
      <trkpt lat="42.681040037423372" lon="0.918209999799728">
        <ele>1466.5100000000002</ele>
      </trkpt>
      <trkpt lat="42.680999971926212" lon="0.918130036443472">
        <ele>1467.2800000000002</ele>
      </trkpt>
      <trkpt lat="42.680920008569956" lon="0.918070022016764">
        <ele>1467.77</ele>
      </trkpt>
      <trkpt lat="42.680620020255446" lon="0.918110003694892">
        <ele>1469.5</ele>
      </trkpt>
      <trkpt lat="42.680439976975322" lon="0.918100029230118">
        <ele>1471.8600000000001</ele>
      </trkpt>
      <trkpt lat="42.680290024727583" lon="0.918110003694892">
        <ele>1472.3100000000002</ele>
      </trkpt>
      <trkpt lat="42.679870007559657" lon="0.917949993163347">
        <ele>1472.8700000000001</ele>
      </trkpt>
      <trkpt lat="42.679749978706241" lon="0.917880004271865">
        <ele>1472.29</ele>
      </trkpt>
      <trkpt lat="42.679610000923276" lon="0.917770033702254">
        <ele>1471.27</ele>
      </trkpt>
      <trkpt lat="42.679219990968704" lon="0.917280027642846">
        <ele>1471.24</ele>
      </trkpt>
      <trkpt lat="42.678989991545677" lon="0.917129991576076">
        <ele>1472.1300000000001</ele>
      </trkpt>
      <trkpt lat="42.678599981591105" lon="0.916929999366403">
        <ele>1474.5400000000002</ele>
      </trkpt>
      <trkpt lat="42.678369982168078" lon="0.916760014370084">
        <ele>1475.3200000000002</ele>
      </trkpt>
      <trkpt lat="42.678109975531697" lon="0.916649959981442">
        <ele>1476.7400000000002</ele>
      </trkpt>
      <trkpt lat="42.677849968895316" lon="0.916449967771769">
        <ele>1478.7400000000002</ele>
      </trkpt>
      <trkpt lat="42.677760031074286" lon="0.916439993306994">
        <ele>1478.7400000000002</ele>
      </trkpt>
      <trkpt lat="42.677709991112351" lon="0.916590029373765">
        <ele>1479.5</ele>
      </trkpt>
      <trkpt lat="42.677640002220869" lon="0.916649959981442">
        <ele>1480.1700000000001</ele>
      </trkpt>
      <trkpt lat="42.67747001722455" lon="0.916590029373765">
        <ele>1481.7600000000002</ele>
      </trkpt>
      <trkpt lat="42.67734001390636" lon="0.916479974985123">
        <ele>1482.3300000000002</ele>
      </trkpt>
      <trkpt lat="42.677210010588169" lon="0.916470000520349">
        <ele>1482.3700000000001</ele>
      </trkpt>
      <trkpt lat="42.677119988948107" lon="0.916520040482283">
        <ele>1482.0700000000002</ele>
      </trkpt>
      <trkpt lat="42.676729978993535" lon="0.916479974985123">
        <ele>1482.8300000000002</ele>
      </trkpt>
      <trkpt lat="42.67661003395915" lon="0.916520040482283">
        <ele>1483.7600000000002</ele>
      </trkpt>
      <trkpt lat="42.676079962402582" lon="0.916500007733703">
        <ele>1486.5799999999999</ele>
      </trkpt>
      <trkpt lat="42.675890028476715" lon="0.916569996625185">
        <ele>1489.6500000000001</ele>
      </trkpt>
      <trkpt lat="42.675779974088073" lon="0.916539989411831">
        <ele>1490.1800000000001</ele>
      </trkpt>
      <trkpt lat="42.675690036267042" lon="0.916579971089959">
        <ele>1491.1000000000001</ele>
      </trkpt>
      <trkpt lat="42.675649970769882" lon="0.916520040482283">
        <ele>1491.8800000000001</ele>
      </trkpt>
      <trkpt lat="42.67560001462698" lon="0.916520040482283">
        <ele>1492.22</ele>
      </trkpt>
      <trkpt lat="42.675540000200272" lon="0.916479974985123">
        <ele>1492.5300000000002</ele>
      </trkpt>
      <trkpt lat="42.675509992986917" lon="0.916370004415512">
        <ele>1493.03</ele>
      </trkpt>
      <trkpt lat="42.675449978560209" lon="0.916349971666932">
        <ele>1493.6100000000001</ele>
      </trkpt>
      <trkpt lat="42.675159964710474" lon="0.916390037164092">
        <ele>1495.51</ele>
      </trkpt>
      <trkpt lat="42.674989979714155" lon="0.916230026632547">
        <ele>1497.1800000000001</ele>
      </trkpt>
      <trkpt lat="42.674859976395965" lon="0.916160037741065">
        <ele>1498.5000000000002</ele>
      </trkpt>
      <trkpt lat="42.674759980291128" lon="0.916049983352423">
        <ele>1500.0200000000002</ele>
      </trkpt>
      <trkpt lat="42.674620002508163" lon="0.916119972243905">
        <ele>1501.2</ele>
      </trkpt>
      <trkpt lat="42.674369970336556" lon="0.916089965030551">
        <ele>1504.8300000000002</ele>
      </trkpt>
      <trkpt lat="42.674280032515526" lon="0.915989968925714">
        <ele>1505.03</ele>
      </trkpt>
      <trkpt lat="42.674229992553592" lon="0.915989968925714">
        <ele>1505.03</ele>
      </trkpt>
      <trkpt lat="42.674160003662109" lon="0.916030034422874">
        <ele>1505.02</ele>
      </trkpt>
      <trkpt lat="42.674099989235401" lon="0.916019976139069">
        <ele>1505.0500000000002</ele>
      </trkpt>
      <trkpt lat="42.673979960381985" lon="0.915989968925714">
        <ele>1505.4400000000001</ele>
      </trkpt>
      <trkpt lat="42.673850040882826" lon="0.915889972820878">
        <ele>1506.3399999999999</ele>
      </trkpt>
      <trkpt lat="42.673739986494184" lon="0.915879998356104">
        <ele>1507.97</ele>
      </trkpt>
      <trkpt lat="42.67340999096632" lon="0.91600002720952">
        <ele>1510.5400000000002</ele>
      </trkpt>
      <trkpt lat="42.673309994861484" lon="0.91597999446094">
        <ele>1511.6600000000001</ele>
      </trkpt>
      <trkpt lat="42.673209998756647" lon="0.915900031104684">
        <ele>1511.9000000000001</ele>
      </trkpt>
      <trkpt lat="42.673130035400391" lon="0.91587002389133">
        <ele>1512.5000000000002</ele>
      </trkpt>
      <trkpt lat="42.672789981588721" lon="0.915819983929396">
        <ele>1515.4100000000001</ele>
      </trkpt>
      <trkpt lat="42.672800039872527" lon="0.915819983929396">
        <ele>1515.4100000000001</ele>
      </trkpt>
      <trkpt lat="42.672659978270531" lon="0.915889972820878">
        <ele>1517.0500000000002</ele>
      </trkpt>
      <trkpt lat="42.6725700404495" lon="0.916010001674294">
        <ele>1517.8300000000002</ele>
      </trkpt>
      <trkpt lat="42.672510026022792" lon="0.916040008887649">
        <ele>1519.1600000000001</ele>
      </trkpt>
      <trkpt lat="42.672489993274212" lon="0.916109997779131">
        <ele>1519.1600000000001</ele>
      </trkpt>
      <trkpt lat="42.672410029917955" lon="0.916149979457259">
        <ele>1519.53</ele>
      </trkpt>
      <trkpt lat="42.67212001606822" lon="0.916230026632547">
        <ele>1522.7700000000002</ele>
      </trkpt>
      <trkpt lat="42.671980038285255" lon="0.916290041059256">
        <ele>1523.1100000000001</ele>
      </trkpt>
      <trkpt lat="42.671899991109967" lon="0.91630001552403">
        <ele>1523.8600000000001</ele>
      </trkpt>
      <trkpt lat="42.671739980578423" lon="0.916479974985123">
        <ele>1526.1000000000001</ele>
      </trkpt>
      <trkpt lat="42.671609977260232" lon="0.916590029373765">
        <ele>1527.9200000000001</ele>
      </trkpt>
      <trkpt lat="42.671439992263913" lon="0.916660018265247">
        <ele>1530.24</ele>
      </trkpt>
      <trkpt lat="42.671390036121011" lon="0.916760014370084">
        <ele>1530.8000000000002</ele>
      </trkpt>
      <trkpt lat="42.671249974519014" lon="0.916769988834858">
        <ele>1532.28</ele>
      </trkpt>
      <trkpt lat="42.670940011739731" lon="0.916990013793111">
        <ele>1535.9100000000001</ele>
      </trkpt>
      <trkpt lat="42.670819982886314" lon="0.917109958827496">
        <ele>1538.1600000000001</ele>
      </trkpt>
      <trkpt lat="42.670710012316704" lon="0.917259994894266">
        <ele>1541.47</ele>
      </trkpt>
      <trkpt lat="42.670570034533739" lon="0.917350016534328">
        <ele>1544.71</ele>
      </trkpt>
      <trkpt lat="42.670529969036579" lon="0.917429979890585">
        <ele>1546.27</ele>
      </trkpt>
      <trkpt lat="42.670410024002194" lon="0.917429979890585">
        <ele>1547.7</ele>
      </trkpt>
      <trkpt lat="42.670340035110712" lon="0.917499968782067">
        <ele>1548.9200000000001</ele>
      </trkpt>
      <trkpt lat="42.670189999043941" lon="0.917780008167028">
        <ele>1551.0800000000002</ele>
      </trkpt>
      <trkpt lat="42.669980032369494" lon="0.918240007013083">
        <ele>1558.8400000000001</ele>
      </trkpt>
      <trkpt lat="42.669839970767498" lon="0.918360035866499">
        <ele>1561.2100000000003</ele>
      </trkpt>
      <trkpt lat="42.669709967449307" lon="0.918519962579012">
        <ele>1562.8200000000002</ele>
      </trkpt>
      <trkpt lat="42.669630004093051" lon="0.91857997700572">
        <ele>1562.8200000000002</ele>
      </trkpt>
      <trkpt lat="42.669550040736794" lon="0.918809976428747">
        <ele>1564.4600000000003</ele>
      </trkpt>
      <trkpt lat="42.669409979134798" lon="0.918960012495518">
        <ele>1565.8200000000002</ele>
      </trkpt>
      <trkpt lat="42.669119965285063" lon="0.919220019131899">
        <ele>1569.0600000000002</ele>
      </trkpt>
      <trkpt lat="42.668930031359196" lon="0.919339964166284">
        <ele>1571.9200000000001</ele>
      </trkpt>
      <trkpt lat="42.668749988079071" lon="0.919369971379638">
        <ele>1573.0700000000002</ele>
      </trkpt>
      <trkpt lat="42.668689973652363" lon="0.919320015236735">
        <ele>1573.0700000000002</ele>
      </trkpt>
      <trkpt lat="42.668549995869398" lon="0.919099990278482">
        <ele>1574.6300000000001</ele>
      </trkpt>
      <trkpt lat="42.668470032513142" lon="0.919039975851774">
        <ele>1575.6500000000001</ele>
      </trkpt>
      <trkpt lat="42.668389985337853" lon="0.91905003413558">
        <ele>1576.21</ele>
      </trkpt>
      <trkpt lat="42.668229974806309" lon="0.919129997491837">
        <ele>1578.7300000000002</ele>
      </trkpt>
      <trkpt lat="42.668140036985278" lon="0.919150030240417">
        <ele>1581.3900000000001</ele>
      </trkpt>
      <trkpt lat="42.668050015345216" lon="0.919139971956611">
        <ele>1581.3900000000001</ele>
      </trkpt>
      <trkpt lat="42.667959993705153" lon="0.919180037453771">
        <ele>1583.1900000000001</ele>
      </trkpt>
      <trkpt lat="42.667799983173609" lon="0.919299982488155">
        <ele>1585.4300000000001</ele>
      </trkpt>
      <trkpt lat="42.667660005390644" lon="0.91948002576828">
        <ele>1587.8800000000001</ele>
      </trkpt>
      <trkpt lat="42.667620023712516" lon="0.919640036299825">
        <ele>1589.5500000000002</ele>
      </trkpt>
      <trkpt lat="42.667490020394325" lon="0.919970031827688">
        <ele>1593.7800000000002</ele>
      </trkpt>
      <trkpt lat="42.667469987645745" lon="0.920159965753555">
        <ele>1594.96</ele>
      </trkpt>
      <trkpt lat="42.667430005967617" lon="0.920289969071746">
        <ele>1596.4900000000002</ele>
      </trkpt>
      <trkpt lat="42.667349958792329" lon="0.920389965176582">
        <ele>1598.2500000000002</ele>
      </trkpt>
      <trkpt lat="42.667130017653108" lon="0.920519968494773">
        <ele>1601.6900000000001</ele>
      </trkpt>
      <trkpt lat="42.667019963264465" lon="0.920530026778579">
        <ele>1603.8199999999999</ele>
      </trkpt>
      <trkpt lat="42.666870011016726" lon="0.920619964599609">
        <ele>1604.3600000000001</ele>
      </trkpt>
      <trkpt lat="42.666649986058474" lon="0.920630022883415">
        <ele>1608.3500000000001</ele>
      </trkpt>
      <trkpt lat="42.666570022702217" lon="0.920679979026318">
        <ele>1608.96</ele>
      </trkpt>
      <trkpt lat="42.666510008275509" lon="0.920679979026318">
        <ele>1609.6200000000001</ele>
      </trkpt>
      <trkpt lat="42.666359972208738" lon="0.920619964599609">
        <ele>1613.0799999999999</ele>
      </trkpt>
      <trkpt lat="42.66631999053061" lon="0.920660030096769">
        <ele>1613.0799999999999</ele>
      </trkpt>
      <trkpt lat="42.666259976103902" lon="0.920670004561543">
        <ele>1617.1800000000001</ele>
      </trkpt>
      <trkpt lat="42.666229968890548" lon="0.920649971812963">
        <ele>1617.1800000000001</ele>
      </trkpt>
      <trkpt lat="42.666099965572357" lon="0.920730018988252">
        <ele>1619.02</ele>
      </trkpt>
      <trkpt lat="42.665940038859844" lon="0.920860022306442">
        <ele>1621.6300000000001</ele>
      </trkpt>
      <trkpt lat="42.665829984471202" lon="0.920990025624633">
        <ele>1623.8900000000001</ele>
      </trkpt>
      <trkpt lat="42.66573996283114" lon="0.921069988980889">
        <ele>1625.1600000000001</ele>
      </trkpt>
      <trkpt lat="42.665690006688237" lon="0.921060014516115">
        <ele>1625.8800000000001</ele>
      </trkpt>
      <trkpt lat="42.665569977834821" lon="0.921169985085726">
        <ele>1627.4400000000003</ele>
      </trkpt>
      <trkpt lat="42.665529996156693" lon="0.921160010620952">
        <ele>1627.4400000000003</ele>
      </trkpt>
      <trkpt lat="42.665499988943338" lon="0.921120028942823">
        <ele>1631.6600000000001</ele>
      </trkpt>
      <trkpt lat="42.665230007842183" lon="0.921209966763854">
        <ele>1634.7900000000002</ele>
      </trkpt>
      <trkpt lat="42.665139986202121" lon="0.921209966763854">
        <ele>1636.6200000000001</ele>
      </trkpt>
      <trkpt lat="42.665100004523993" lon="0.921299988403916">
        <ele>1637.72</ele>
      </trkpt>
      <trkpt lat="42.665109978988767" lon="0.921380035579205">
        <ele>1641.4000000000001</ele>
      </trkpt>
      <trkpt lat="42.664839997887611" lon="0.921729980036616">
        <ele>1647.76</ele>
      </trkpt>
      <trkpt lat="42.664389973506331" lon="0.92221001163125">
        <ele>1661.1900000000001</ele>
      </trkpt>
      <trkpt lat="42.66417003236711" lon="0.922389971092343">
        <ele>1664.4200000000003</ele>
      </trkpt>
      <trkpt lat="42.664089985191822" lon="0.92250999994576">
        <ele>1669.3099999999999</ele>
      </trkpt>
      <trkpt lat="42.66412996686995" lon="0.922609996050596">
        <ele>1671.1800000000001</ele>
      </trkpt>
      <trkpt lat="42.664310010150075" lon="0.922709992155433">
        <ele>1673.1500000000001</ele>
      </trkpt>
      <trkpt lat="42.664459962397814" lon="0.922849969938397">
        <ele>1674.1300000000001</ele>
      </trkpt>
      <trkpt lat="42.664930019527674" lon="0.92296002432704">
        <ele>1679.71</ele>
      </trkpt>
      <trkpt lat="42.665100004523993" lon="0.922909984365106">
        <ele>1683</ele>
      </trkpt>
      <trkpt lat="42.665299996733665" lon="0.923079969361424">
        <ele>1686.3100000000002</ele>
      </trkpt>
      <trkpt lat="42.665499988943338" lon="0.92339001595974">
        <ele>1693.2900000000002</ele>
      </trkpt>
      <trkpt lat="42.665729988366365" lon="0.923690004274249">
        <ele>1702.1400000000001</ele>
      </trkpt>
      <trkpt lat="42.665790002793074" lon="0.923940036445856">
        <ele>1704.1800000000003</ele>
      </trkpt>
      <trkpt lat="42.665699981153011" lon="0.924199959263206">
        <ele>1708.0400000000002</ele>
      </trkpt>
      <trkpt lat="42.665729988366365" lon="0.924419984221458">
        <ele>1711.24</ele>
      </trkpt>
      <trkpt lat="42.665569977834821" lon="0.924600027501583">
        <ele>1714.9100000000001</ele>
      </trkpt>
      <trkpt lat="42.665369985625148" lon="0.924760038033128">
        <ele>1720.7200000000003</ele>
      </trkpt>
      <trkpt lat="42.665169993415475" lon="0.925000011920929">
        <ele>1724.8500000000001</ele>
      </trkpt>
      <trkpt lat="42.665049964562058" lon="0.925279967486858">
        <ele>1728.8200000000002</ele>
      </trkpt>
      <trkpt lat="42.664849972352386" lon="0.925580039620399">
        <ele>1734.8800000000001</ele>
      </trkpt>
      <trkpt lat="42.664709994569421" lon="0.926010031253099">
        <ele>1740.5800000000002</ele>
      </trkpt>
      <trkpt lat="42.664749976247549" lon="0.926710003986955">
        <ele>1744.1600000000001</ele>
      </trkpt>
      <trkpt lat="42.66455995850265" lon="0.92697998508811">
        <ele>1744.4000000000001</ele>
      </trkpt>
      <trkpt lat="42.664310010150075" lon="0.927290031686425">
        <ele>1744.7</ele>
      </trkpt>
      <trkpt lat="42.664080010727048" lon="0.927769979462028">
        <ele>1744.5600000000002</ele>
      </trkpt>
      <trkpt lat="42.663910025730729" lon="0.92801003716886">
        <ele>1744.6500000000001</ele>
      </trkpt>
      <trkpt lat="42.663789996877313" lon="0.928110033273697">
        <ele>1744.45</ele>
      </trkpt>
      <trkpt lat="42.66356997191906" lon="0.928210029378533">
        <ele>1743.8300000000002</ele>
      </trkpt>
      <trkpt lat="42.663209969177842" lon="0.928489984944463">
        <ele>1745.0400000000002</ele>
      </trkpt>
      <trkpt lat="42.662849966436625" lon="0.928649995476007">
        <ele>1745.2500000000002</ele>
      </trkpt>
      <trkpt lat="42.662779977545142" lon="0.928700035437942">
        <ele>1745.7300000000002</ele>
      </trkpt>
      <trkpt lat="42.662049997597933" lon="0.928970016539097">
        <ele>1748.2400000000002</ele>
      </trkpt>
      <trkpt lat="42.661750009283423" lon="0.92917000874877">
        <ele>1749.5200000000002</ele>
      </trkpt>
      <trkpt lat="42.661559991538525" lon="0.928759966045618">
        <ele>1749.6100000000001</ele>
      </trkpt>
      <trkpt lat="42.661439962685108" lon="0.928759966045618">
        <ele>1750.1200000000001</ele>
      </trkpt>
      <trkpt lat="42.661260003224015" lon="0.928910002112389">
        <ele>1750.73</ele>
      </trkpt>
      <trkpt lat="42.661120025441051" lon="0.929060038179159">
        <ele>1751.6400000000001</ele>
      </trkpt>
      <trkpt lat="42.66096998937428" lon="0.929119968786836">
        <ele>1751.6400000000001</ele>
      </trkpt>
      <trkpt lat="42.660709982737899" lon="0.92914997600019">
        <ele>1753.1800000000001</ele>
      </trkpt>
      <trkpt lat="42.66053999774158" lon="0.929130027070642">
        <ele>1753.4400000000001</ele>
      </trkpt>
      <trkpt lat="42.660409994423389" lon="0.929079987108707">
        <ele>1754.1800000000001</ele>
      </trkpt>
      <trkpt lat="42.660309998318553" lon="0.929000023752451">
        <ele>1754.1800000000001</ele>
      </trkpt>
      <trkpt lat="42.660070024430752" lon="0.928570032119751">
        <ele>1755.4100000000001</ele>
      </trkpt>
      <trkpt lat="42.659780010581017" lon="0.928229978308082">
        <ele>1756.7100000000003</ele>
      </trkpt>
      <trkpt lat="42.659569960087538" lon="0.928080026060343">
        <ele>1756.8000000000002</ele>
      </trkpt>
      <trkpt lat="42.659399975091219" lon="0.927910041064024">
        <ele>1757.23</ele>
      </trkpt>
      <trkpt lat="42.659080037847161" lon="0.927809961140156">
        <ele>1758.2300000000002</ele>
      </trkpt>
      <trkpt lat="42.658909969031811" lon="0.927739972248673">
        <ele>1758.6900000000001</ele>
      </trkpt>
      <trkpt lat="42.658790023997426" lon="0.927669983357191">
        <ele>1758.76</ele>
      </trkpt>
      <trkpt lat="42.658700002357364" lon="0.927539980039001">
        <ele>1758.8800000000001</ele>
      </trkpt>
      <trkpt lat="42.658530017361045" lon="0.927449958398938">
        <ele>1758.76</ele>
      </trkpt>
      <trkpt lat="42.658360032364726" lon="0.927439983934164">
        <ele>1758.25</ele>
      </trkpt>
      <trkpt lat="42.657849993556738" lon="0.927260024473071">
        <ele>1754.7100000000003</ele>
      </trkpt>
      <trkpt lat="42.657749997451901" lon="0.927200010046363">
        <ele>1754.45</ele>
      </trkpt>
      <trkpt lat="42.65748999081552" lon="0.92697998508811">
        <ele>1752.6000000000001</ele>
      </trkpt>
      <trkpt lat="42.657389994710684" lon="0.926930028945208">
        <ele>1752.6000000000001</ele>
      </trkpt>
      <trkpt lat="42.657229984179139" lon="0.926919970661402">
        <ele>1751.1000000000001</ele>
      </trkpt>
      <trkpt lat="42.657050024718046" lon="0.926960036158562">
        <ele>1750.8100000000002</ele>
      </trkpt>
      <trkpt lat="42.657159995287657" lon="0.927469991147518">
        <ele>1753.4300000000001</ele>
      </trkpt>
      <trkpt lat="42.657129988074303" lon="0.927499998360872">
        <ele>1753.71</ele>
      </trkpt>
      <trkpt lat="42.656460022553802" lon="0.927699990570545">
        <ele>1755.8500000000001</ele>
      </trkpt>
      <trkpt lat="42.656219964846969" lon="0.927809961140156">
        <ele>1756.5000000000002</ele>
      </trkpt>
      <trkpt lat="42.655740017071366" lon="0.927944993600249">
        <ele>1758.1300000000001</ele>
      </trkpt>
      <trkpt lat="42.655259985476732" lon="0.928080026060343">
        <ele>1758.72</ele>
      </trkpt>
      <trkpt lat="42.655220003798604" lon="0.928029986098409">
        <ele>1758.9800000000002</ele>
      </trkpt>
      <trkpt lat="42.655159989371896" lon="0.92801003716886">
        <ele>1758.9800000000002</ele>
      </trkpt>
      <trkpt lat="42.654880033805966" lon="0.928020011633635">
        <ele>1759.6500000000001</ele>
      </trkpt>
      <trkpt lat="42.654409976676106" lon="0.928080026060343">
        <ele>1762.3600000000001</ele>
      </trkpt>
      <trkpt lat="42.653909996151924" lon="0.928090000525117">
        <ele>1764.8400000000001</ele>
      </trkpt>
      <trkpt lat="42.653730036690831" lon="0.928140040487051">
        <ele>1765.5500000000002</ele>
      </trkpt>
      <trkpt lat="42.653480004519224" lon="0.928140040487051">
        <ele>1766.2600000000002</ele>
      </trkpt>
      <trkpt lat="42.653219997882843" lon="0.928199971094728">
        <ele>1767.0899999999999</ele>
      </trkpt>
      <trkpt lat="42.65299997292459" lon="0.928329974412918">
        <ele>1767.98</ele>
      </trkpt>
      <trkpt lat="42.652959991246462" lon="0.928429970517755">
        <ele>1768.1000000000001</ele>
      </trkpt>
      <trkpt lat="42.652959991246462" lon="0.928900027647614">
        <ele>1769.5600000000002</ele>
      </trkpt>
      <trkpt lat="42.652839962393045" lon="0.929179983213544">
        <ele>1770.4100000000001</ele>
      </trkpt>
      <trkpt lat="42.652790006250143" lon="0.929239997640252">
        <ele>1770.4100000000001</ele>
      </trkpt>
      <trkpt lat="42.65259001404047" lon="0.929360026493669">
        <ele>1771.1300000000001</ele>
      </trkpt>
      <trkpt lat="42.652509966865182" lon="0.929379975423217">
        <ele>1771.9600000000003</ele>
      </trkpt>
      <trkpt lat="42.652330007404089" lon="0.929390033707023">
        <ele>1772.46</ele>
      </trkpt>
      <trkpt lat="42.652200004085898" lon="0.929449964314699">
        <ele>1772.96</ele>
      </trkpt>
      <trkpt lat="42.65213998965919" lon="0.929520037025213">
        <ele>1773.9900000000002</ele>
      </trkpt>
      <trkpt lat="42.652090033516288" lon="0.929650040343404">
        <ele>1774.52</ele>
      </trkpt>
      <trkpt lat="42.652019960805774" lon="0.929739978164434">
        <ele>1775.2200000000003</ele>
      </trkpt>
      <trkpt lat="42.651809994131327" lon="0.929839974269271">
        <ele>1776.21</ele>
      </trkpt>
      <trkpt lat="42.651619976386428" lon="0.929869981482625">
        <ele>1776.97</ele>
      </trkpt>
      <trkpt lat="42.651459965854883" lon="0.929920021444559">
        <ele>1778.76</ele>
      </trkpt>
      <trkpt lat="42.651199959218502" lon="0.930190002545714">
        <ele>1780.9400000000001</ele>
      </trkpt>
      <trkpt lat="42.6511500030756" lon="0.930389994755387">
        <ele>1782.2300000000002</ele>
      </trkpt>
      <trkpt lat="42.65125997364521" lon="0.930959964171052">
        <ele>1786.2700000000002</ele>
      </trkpt>
      <trkpt lat="42.651400035247207" lon="0.931170014664531">
        <ele>1787.6300000000001</ele>
      </trkpt>
      <trkpt lat="42.651459965854883" lon="0.93131996691227">
        <ele>1787.4000000000001</ele>
      </trkpt>
      <trkpt lat="42.651459965854883" lon="0.931379981338978">
        <ele>1787.4300000000001</ele>
      </trkpt>
      <trkpt lat="42.651310013607144" lon="0.93176999129355">
        <ele>1788.7100000000003</ele>
      </trkpt>
      <trkpt lat="42.651059981435537" lon="0.932310037314892">
        <ele>1797.05</ele>
      </trkpt>
      <trkpt lat="42.650950010865927" lon="0.933140013366938">
        <ele>1800.2600000000002</ele>
      </trkpt>
      <trkpt lat="42.650910029187799" lon="0.93321000225842">
        <ele>1800.76</ele>
      </trkpt>
      <trkpt lat="42.650840040296316" lon="0.933259958401322">
        <ele>1801.8700000000001</ele>
      </trkpt>
      <trkpt lat="42.650769967585802" lon="0.933379987254739">
        <ele>1803.97</ele>
      </trkpt>
      <trkpt lat="42.650769967585802" lon="0.933419968932867">
        <ele>1804.9100000000003</ele>
      </trkpt>
      <trkpt lat="42.650840040296316" lon="0.933539997786283">
        <ele>1807.22</ele>
      </trkpt>
      <trkpt lat="42.65082998201251" lon="0.933579979464412">
        <ele>1807.22</ele>
      </trkpt>
      <trkpt lat="42.650769967585802" lon="0.933600012212992">
        <ele>1811.0100000000002</ele>
      </trkpt>
      <trkpt lat="42.650750018656254" lon="0.93361996114254">
        <ele>1811.0100000000002</ele>
      </trkpt>
      <trkpt lat="42.650759993121028" lon="0.9336600266397">
        <ele>1811.0100000000002</ele>
      </trkpt>
      <trkpt lat="42.650729985907674" lon="0.933709982782602">
        <ele>1811.8600000000001</ele>
      </trkpt>
      <trkpt lat="42.650729985907674" lon="0.933790029957891">
        <ele>1812.0600000000002</ele>
      </trkpt>
      <trkpt lat="42.650539968162775" lon="0.933779971674085">
        <ele>1813.1900000000001</ele>
      </trkpt>
      <trkpt lat="42.650260012596846" lon="0.933609986677766">
        <ele>1816.5200000000002</ele>
      </trkpt>
      <trkpt lat="42.650179965421557" lon="0.933579979464412">
        <ele>1816.5200000000002</ele>
      </trkpt>
      <trkpt lat="42.64981996268034" lon="0.933649968355894">
        <ele>1820.8200000000002</ele>
      </trkpt>
      <trkpt lat="42.649479992687702" lon="0.933609986677766">
        <ele>1824.7300000000002</ele>
      </trkpt>
      <trkpt lat="42.649340014904737" lon="0.933630019426346">
        <ele>1824.7300000000002</ele>
      </trkpt>
      <trkpt lat="42.649170029908419" lon="0.933709982782602">
        <ele>1826.95</ele>
      </trkpt>
      <trkpt lat="42.648590002208948" lon="0.934050036594272">
        <ele>1834.0700000000002</ele>
      </trkpt>
      <trkpt lat="42.648499980568886" lon="0.934150032699108">
        <ele>1834.0700000000002</ele>
      </trkpt>
      <trkpt lat="42.648339970037341" lon="0.9345200099051">
        <ele>1839.29</ele>
      </trkpt>
      <trkpt lat="42.648250032216311" lon="0.934569966048002">
        <ele>1840.1100000000001</ele>
      </trkpt>
      <trkpt lat="42.648109970614314" lon="0.934589998796582">
        <ele>1840.78</ele>
      </trkpt>
      <trkpt lat="42.648009974509478" lon="0.934550017118454">
        <ele>1841.6300000000001</ele>
      </trkpt>
      <trkpt lat="42.647890029475093" lon="0.934459995478392">
        <ele>1842.2600000000002</ele>
      </trkpt>
      <trkpt lat="42.647500019520521" lon="0.933979963883758">
        <ele>1845.3900000000001</ele>
      </trkpt>
      <trkpt lat="42.647289969027042" lon="0.933830011636019">
        <ele>1845.6300000000001</ele>
      </trkpt>
      <trkpt lat="42.646865006536245" lon="0.933630019426346">
        <ele>1847.4300000000001</ele>
      </trkpt>
      <trkpt lat="42.646439960226417" lon="0.933430027216673">
        <ele>1848.27</ele>
      </trkpt>
      <trkpt lat="42.646269975230098" lon="0.933379987254739">
        <ele>1848.3200000000002</ele>
      </trkpt>
      <trkpt lat="42.645899998024106" lon="0.933309998363256">
        <ele>1848.45</ele>
      </trkpt>
      <trkpt lat="42.645294992253184" lon="0.933249983936548">
        <ele>1850.4100000000001</ele>
      </trkpt>
      <trkpt lat="42.644689986482263" lon="0.93318996950984">
        <ele>1852.5600000000002</ele>
      </trkpt>
      <trkpt lat="42.64408003538847" lon="0.933240009471774">
        <ele>1853.23</ele>
      </trkpt>
      <trkpt lat="42.6437399815768" lon="0.933360038325191">
        <ele>1853.6800000000003</ele>
      </trkpt>
      <trkpt lat="42.643660018220544" lon="0.933370012789965">
        <ele>1853.7200000000003</ele>
      </trkpt>
      <trkpt lat="42.643240001052618" lon="0.933300023898482">
        <ele>1853.4400000000001</ele>
      </trkpt>
      <trkpt lat="42.642910005524755" lon="0.933330031111836">
        <ele>1852.98</ele>
      </trkpt>
      <trkpt lat="42.642849991098046" lon="0.933319972828031">
        <ele>1852.96</ele>
      </trkpt>
      <trkpt lat="42.642519995570183" lon="0.933130038902164">
        <ele>1853.6500000000001</ele>
      </trkpt>
      <trkpt lat="42.642440032213926" lon="0.933049991726875">
        <ele>1854.1100000000001</ele>
      </trkpt>
      <trkpt lat="42.642099978402257" lon="0.932589992880821">
        <ele>1857.0400000000002</ele>
      </trkpt>
      <trkpt lat="42.642010040581226" lon="0.932310037314892">
        <ele>1857.9100000000001</ele>
      </trkpt>
      <trkpt lat="42.641920018941164" lon="0.93189999461174">
        <ele>1859.1500000000001</ele>
      </trkpt>
      <trkpt lat="42.641860004514456" lon="0.931739984080195">
        <ele>1859.1200000000001</ele>
      </trkpt>
      <trkpt lat="42.641790015622973" lon="0.931639987975359">
        <ele>1858.9300000000001</ele>
      </trkpt>
      <trkpt lat="42.641679961234331" lon="0.931530017405748">
        <ele>1858.9300000000001</ele>
      </trkpt>
      <trkpt lat="42.641330016776919" lon="0.931279985234141">
        <ele>1859.8500000000001</ele>
      </trkpt>
      <trkpt lat="42.641179980710149" lon="0.931110000237823">
        <ele>1860.3600000000001</ele>
      </trkpt>
      <trkpt lat="42.640640018507838" lon="0.930580012500286">
        <ele>1860.6800000000001</ele>
      </trkpt>
      <trkpt lat="42.640389986336231" lon="0.930289998650551">
        <ele>1858.7700000000002</ele>
      </trkpt>
      <trkpt lat="42.640059990808368" lon="0.929999984800816">
        <ele>1857.1500000000001</ele>
      </trkpt>
      <trkpt lat="42.639820016920567" lon="0.929829999804497">
        <ele>1857.0700000000002</ele>
      </trkpt>
      <trkpt lat="42.639750028029084" lon="0.929829999804497">
        <ele>1857.1500000000001</ele>
      </trkpt>
      <trkpt lat="42.63911996036768" lon="0.929969977587461">
        <ele>1857.3600000000001</ele>
      </trkpt>
      <trkpt lat="42.63873003423214" lon="0.930250016972423">
        <ele>1857.9000000000001</ele>
      </trkpt>
      <trkpt lat="42.638630038127303" lon="0.930289998650551">
        <ele>1858.4400000000001</ele>
      </trkpt>
      <trkpt lat="42.638440020382404" lon="0.930310031399131">
        <ele>1858.6200000000001</ele>
      </trkpt>
      <trkpt lat="42.638349998742342" lon="0.930269965901971">
        <ele>1858.9000000000001</ele>
      </trkpt>
      <trkpt lat="42.638250002637506" lon="0.930199977010489">
        <ele>1858.9000000000001</ele>
      </trkpt>
      <trkpt lat="42.638129973784089" lon="0.930059999227524">
        <ele>1859.1900000000001</ele>
      </trkpt>
      <trkpt lat="42.638010028749704" lon="0.930039966478944">
        <ele>1859.52</ele>
      </trkpt>
      <trkpt lat="42.637759996578097" lon="0.929880039766431">
        <ele>1860.2600000000002</ele>
      </trkpt>
      <trkpt lat="42.637580037117004" lon="0.929890014231205">
        <ele>1860.78</ele>
      </trkpt>
      <trkpt lat="42.637369986623526" lon="0.929860007017851">
        <ele>1861.9100000000001</ele>
      </trkpt>
      <trkpt lat="42.63707997277379" lon="0.929760010913014">
        <ele>1863.2100000000003</ele>
      </trkpt>
      <trkpt lat="42.636900013312697" lon="0.929679963737726">
        <ele>1863.6000000000001</ele>
      </trkpt>
      <trkpt lat="42.636830024421215" lon="0.929690022021532">
        <ele>1864.0800000000002</ele>
      </trkpt>
      <trkpt lat="42.63664998114109" lon="0.929790018126369">
        <ele>1864.9000000000001</ele>
      </trkpt>
      <trkpt lat="42.636579992249608" lon="0.929860007017851">
        <ele>1865.8000000000002</ele>
      </trkpt>
      <trkpt lat="42.636489970609546" lon="0.929920021444559">
        <ele>1867.4000000000001</ele>
      </trkpt>
      <trkpt lat="42.636349992826581" lon="0.930059999227524">
        <ele>1872.5300000000002</ele>
      </trkpt>
      <trkpt lat="42.636270029470325" lon="0.930080031976104">
        <ele>1873.6100000000001</ele>
      </trkpt>
      <trkpt lat="42.636019997298717" lon="0.930099980905652">
        <ele>1878.9700000000003</ele>
      </trkpt>
      <trkpt lat="42.635880019515753" lon="0.930169969797134">
        <ele>1885.3300000000002</ele>
      </trkpt>
      <trkpt lat="42.635720008984208" lon="0.930289998650551">
        <ele>1892.8000000000002</ele>
      </trkpt>
      <trkpt lat="42.635590005666018" lon="0.93018002808094">
        <ele>1896.9300000000003</ele>
      </trkpt>
      <trkpt lat="42.635460002347827" lon="0.930120013654232">
        <ele>1901.6800000000003</ele>
      </trkpt>
      <trkpt lat="42.635320024564862" lon="0.929980035871267">
        <ele>1904.5800000000002</ele>
      </trkpt>
      <trkpt lat="42.635090025141835" lon="0.929799992591143">
        <ele>1908.6700000000001</ele>
      </trkpt>
      <trkpt lat="42.634969996288419" lon="0.929790018126369">
        <ele>1909.7700000000002</ele>
      </trkpt>
      <trkpt lat="42.634839992970228" lon="0.929869981482625">
        <ele>1912.1400000000001</ele>
      </trkpt>
      <trkpt lat="42.634619968011975" lon="0.930090006440878">
        <ele>1919.28</ele>
      </trkpt>
      <trkpt lat="42.634210009127855" lon="0.930659975856543">
        <ele>1930.0800000000002</ele>
      </trkpt>
      <trkpt lat="42.634049998596311" lon="0.930840019136667">
        <ele>1934.5800000000002</ele>
      </trkpt>
      <trkpt lat="42.633980009704828" lon="0.930949989706278">
        <ele>1938.0400000000002</ele>
      </trkpt>
      <trkpt lat="42.6339400280267" lon="0.931100025773048">
        <ele>1941.1900000000001</ele>
      </trkpt>
      <trkpt lat="42.633959976956248" lon="0.931270010769367">
        <ele>1943.48</ele>
      </trkpt>
      <trkpt lat="42.634029965847731" lon="0.931430021300912">
        <ele>1947.7600000000002</ele>
      </trkpt>
      <trkpt lat="42.634059973061085" lon="0.931460028514266">
        <ele>1949.1700000000001</ele>
      </trkpt>
      <trkpt lat="42.634119987487793" lon="0.931479977443814">
        <ele>1950.4200000000003</ele>
      </trkpt>
      <trkpt lat="42.634149994701147" lon="0.931549966335297">
        <ele>1951.4200000000001</ele>
      </trkpt>
      <trkpt lat="42.634149994701147" lon="0.931639987975359">
        <ele>1952.6800000000001</ele>
      </trkpt>
      <trkpt lat="42.634200034663081" lon="0.931690027937293">
        <ele>1953.04</ele>
      </trkpt>
      <trkpt lat="42.634189976379275" lon="0.931809972971678">
        <ele>1953.5800000000002</ele>
      </trkpt>
      <trkpt lat="42.634210009127855" lon="0.93187996186316">
        <ele>1954.4300000000001</ele>
      </trkpt>
      <trkpt lat="42.634159969165921" lon="0.932020023465157">
        <ele>1955.95</ele>
      </trkpt>
      <trkpt lat="42.634070031344891" lon="0.932099986821413">
        <ele>1957.8099999999999</ele>
      </trkpt>
      <trkpt lat="42.633959976956248" lon="0.932090012356639">
        <ele>1959.8900000000001</ele>
      </trkpt>
      <trkpt lat="42.633750010281801" lon="0.932180033996701">
        <ele>1961.9000000000001</ele>
      </trkpt>
      <trkpt lat="42.633699970319867" lon="0.932220015674829">
        <ele>1963.1300000000001</ele>
      </trkpt>
      <trkpt lat="42.633599974215031" lon="0.932380026206374">
        <ele>1966.05</ele>
      </trkpt>
      <trkpt lat="42.63346997089684" lon="0.932520003989339">
        <ele>1969.1000000000001</ele>
      </trkpt>
      <trkpt lat="42.633399982005358" lon="0.932640032842755">
        <ele>1973.6200000000001</ele>
      </trkpt>
      <trkpt lat="42.632860019803047" lon="0.933279991149902">
        <ele>1992.5900000000001</ele>
      </trkpt>
      <trkpt lat="42.632800005376339" lon="0.933460034430027">
        <ele>1996.2400000000002</ele>
      </trkpt>
      <trkpt lat="42.63263002038002" lon="0.933519965037704">
        <ele>1999.3800000000001</ele>
      </trkpt>
      <trkpt lat="42.632460035383701" lon="0.933709982782602">
        <ele>2006.1300000000001</ele>
      </trkpt>
      <trkpt lat="42.632389962673187" lon="0.933879967778921">
        <ele>2010.8499999999999</ele>
      </trkpt>
      <trkpt lat="42.632379988208413" lon="0.933969989418983">
        <ele>2010.8499999999999</ele>
      </trkpt>
      <trkpt lat="42.632349980995059" lon="0.934009971097112">
        <ele>2012.97</ele>
      </trkpt>
      <trkpt lat="42.632300024852157" lon="0.934039978310466">
        <ele>2012.97</ele>
      </trkpt>
      <trkpt lat="42.632219977676868" lon="0.934039978310466">
        <ele>2015.9600000000003</ele>
      </trkpt>
      <trkpt lat="42.632059967145324" lon="0.933979963883758">
        <ele>2018.45</ele>
      </trkpt>
      <trkpt lat="42.631910014897585" lon="0.933860018849373">
        <ele>2021.8700000000003</ele>
      </trkpt>
      <trkpt lat="42.631819993257523" lon="0.933820037171245">
        <ele>2022.6000000000001</ele>
      </trkpt>
      <trkpt lat="42.63175000436604" lon="0.933839986100793">
        <ele>2024.3100000000002</ele>
      </trkpt>
      <trkpt lat="42.631569961085916" lon="0.934020029380918">
        <ele>2029.1300000000003</ele>
      </trkpt>
      <trkpt lat="42.631559986621141" lon="0.93406998552382">
        <ele>2032.1700000000003</ele>
      </trkpt>
      <trkpt lat="42.631399976089597" lon="0.934239970520139">
        <ele>2039.0700000000002</ele>
      </trkpt>
      <trkpt lat="42.631420008838177" lon="0.934350024908781">
        <ele>2042.9000000000003</ele>
      </trkpt>
      <trkpt lat="42.631589993834496" lon="0.934599973261356">
        <ele>2052.8600000000001</ele>
      </trkpt>
      <trkpt lat="42.63159996829927" lon="0.934659987688065">
        <ele>2059.1500000000001</ele>
      </trkpt>
      <trkpt lat="42.63164003379643" lon="0.934729976579547">
        <ele>2059.1500000000001</ele>
      </trkpt>
      <trkpt lat="42.631670041009784" lon="0.934699969366193">
        <ele>2061.0500000000002</ele>
      </trkpt>
      <trkpt lat="42.631680015474558" lon="0.934750009328127">
        <ele>2062.7400000000002</ele>
      </trkpt>
      <trkpt lat="42.631650008261204" lon="0.934840030968189">
        <ele>2064.2200000000003</ele>
      </trkpt>
      <trkpt lat="42.631680015474558" lon="0.934899961575866">
        <ele>2065.5400000000004</ele>
      </trkpt>
      <trkpt lat="42.631680015474558" lon="0.935019990429282">
        <ele>2069.3000000000002</ele>
      </trkpt>
      <trkpt lat="42.631759978830814" lon="0.935089979320765">
        <ele>2072.0300000000002</ele>
      </trkpt>
      <trkpt lat="42.631799960508943" lon="0.935349985957146">
        <ele>2078.6300000000001</ele>
      </trkpt>
      <trkpt lat="42.631850000470877" lon="0.93535996042192">
        <ele>2078.6300000000001</ele>
      </trkpt>
      <trkpt lat="42.631880007684231" lon="0.93548996374011">
        <ele>2083.3200000000002</ele>
      </trkpt>
      <trkpt lat="42.631880007684231" lon="0.93553002923727">
        <ele>2083.3200000000002</ele>
      </trkpt>
      <trkpt lat="42.631850000470877" lon="0.935560036450624">
        <ele>2088.4500000000003</ele>
      </trkpt>
      <trkpt lat="42.631929963827133" lon="0.935819959267974">
        <ele>2093.6700000000005</ele>
      </trkpt>
      <trkpt lat="42.631919989362359" lon="0.935969995334744">
        <ele>2095.5500000000002</ele>
      </trkpt>
      <trkpt lat="42.631829967722297" lon="0.936039984226227">
        <ele>2098.79</ele>
      </trkpt>
      <trkpt lat="42.631710022687912" lon="0.936049958691001">
        <ele>2100.6599999999999</ele>
      </trkpt>
      <trkpt lat="42.631659982725978" lon="0.936109973117709">
        <ele>2102.1100000000001</ele>
      </trkpt>
      <trkpt lat="42.63162000104785" lon="0.936279958114028">
        <ele>2104.0400000000004</ele>
      </trkpt>
      <trkpt lat="42.631650008261204" lon="0.936429994180799">
        <ele>2104.7800000000002</ele>
      </trkpt>
      <trkpt lat="42.63164003379643" lon="0.936520015820861">
        <ele>2107.1900000000001</ele>
      </trkpt>
      <trkpt lat="42.63159996829927" lon="0.936559997498989">
        <ele>2107.1900000000001</ele>
      </trkpt>
      <trkpt lat="42.631520004943013" lon="0.936569971963763">
        <ele>2108.8800000000001</ele>
      </trkpt>
      <trkpt lat="42.631489997729659" lon="0.936599979177117">
        <ele>2110.6200000000003</ele>
      </trkpt>
      <trkpt lat="42.631489997729659" lon="0.9366699680686">
        <ele>2110.6200000000003</ele>
      </trkpt>
      <trkpt lat="42.63129997998476" lon="0.936859985813499">
        <ele>2115.0500000000002</ele>
      </trkpt>
      <trkpt lat="42.631060006096959" lon="0.936940032988787">
        <ele>2117.4600000000005</ele>
      </trkpt>
      <trkpt lat="42.63086998835206" lon="0.9370999597013">
        <ele>2119.7799999999997</ele>
      </trkpt>
      <trkpt lat="42.630539992824197" lon="0.937089985236526">
        <ele>2124.21</ele>
      </trkpt>
      <trkpt lat="42.630409989506006" lon="0.93714002519846">
        <ele>2124.73</ele>
      </trkpt>
      <trkpt lat="42.630249978974462" lon="0.937019996345043">
        <ele>2125.0300000000002</ele>
      </trkpt>
      <trkpt lat="42.630160041153431" lon="0.936980014666915">
        <ele>2125.0300000000002</ele>
      </trkpt>
      <trkpt lat="42.63001000508666" lon="0.937010021880269">
        <ele>2125.1600000000003</ele>
      </trkpt>
      <trkpt lat="42.629740023985505" lon="0.937110017985106">
        <ele>2125.6500000000001</ele>
      </trkpt>
      <trkpt lat="42.629659976810217" lon="0.937180006876588">
        <ele>2125.9499999999998</ele>
      </trkpt>
      <trkpt lat="42.629550006240606" lon="0.937149999663234">
        <ele>2126.46</ele>
      </trkpt>
      <trkpt lat="42.629489991813898" lon="0.9370999597013">
        <ele>2126.6600000000003</ele>
      </trkpt>
      <trkpt lat="42.629480017349124" lon="0.9370999597013">
        <ele>2126.7599999999998</ele>
      </trkpt>
      <trkpt lat="42.629469959065318" lon="0.937059978023171">
        <ele>2126.96</ele>
      </trkpt>
      <trkpt lat="42.629410028457642" lon="0.936970040202141">
        <ele>2128.2000000000003</ele>
      </trkpt>
      <trkpt lat="42.629359988495708" lon="0.936940032988787">
        <ele>2129.2400000000002</ele>
      </trkpt>
      <trkpt lat="42.629269966855645" lon="0.936750015243888">
        <ele>2133.2200000000003</ele>
      </trkpt>
      <trkpt lat="42.629210036247969" lon="0.93669000081718">
        <ele>2135.8300000000004</ele>
      </trkpt>
      <trkpt lat="42.629009960219264" lon="0.936290016397834">
        <ele>2145.3100000000004</ele>
      </trkpt>
      <trkpt lat="42.628950029611588" lon="0.936130005866289">
        <ele>2148.8800000000001</ele>
      </trkpt>
      <trkpt lat="42.628699997439981" lon="0.935670007020235">
        <ele>2159.7200000000003</ele>
      </trkpt>
      <trkpt lat="42.628620034083724" lon="0.93548996374011">
        <ele>2161.2500000000005</ele>
      </trkpt>
      <trkpt lat="42.628630008548498" lon="0.935310004279017">
        <ele>2161.6199999999999</ele>
      </trkpt>
      <trkpt lat="42.62854996137321" lon="0.935230040922761">
        <ele>2162.23</ele>
      </trkpt>
      <trkpt lat="42.628479972481728" lon="0.93508000485599">
        <ele>2164.4900000000002</ele>
      </trkpt>
      <trkpt lat="42.628370001912117" lon="0.934959976002574">
        <ele>2167.6300000000006</ele>
      </trkpt>
      <trkpt lat="42.628330020233989" lon="0.934880012646317">
        <ele>2168.3400000000001</ele>
      </trkpt>
      <trkpt lat="42.628249973058701" lon="0.934789991006255">
        <ele>2169.1600000000003</ele>
      </trkpt>
      <trkpt lat="42.62816003523767" lon="0.934599973261356">
        <ele>2168.9700000000003</ele>
      </trkpt>
      <trkpt lat="42.628089962527156" lon="0.934569966048002">
        <ele>2169.0100000000002</ele>
      </trkpt>
      <trkpt lat="42.628060039132833" lon="0.934529984369874">
        <ele>2169.2200000000003</ele>
      </trkpt>
      <trkpt lat="42.627889970317483" lon="0.934150032699108">
        <ele>2171.6500000000001</ele>
      </trkpt>
      <trkpt lat="42.627859963104129" lon="0.934139974415302">
        <ele>2171.9099999999999</ele>
      </trkpt>
      <trkpt lat="42.627770025283098" lon="0.934030003845692">
        <ele>2172.3600000000001</ele>
      </trkpt>
      <trkpt lat="42.62771001085639" lon="0.933860018849373">
        <ele>2172.2600000000002</ele>
      </trkpt>
      <trkpt lat="42.627640021964908" lon="0.933730015531182">
        <ele>2171.8499999999999</ele>
      </trkpt>
      <trkpt lat="42.627610014751554" lon="0.933600012212992">
        <ele>2171.71</ele>
      </trkpt>
      <trkpt lat="42.627519993111491" lon="0.933419968932867">
        <ele>2171.8200000000002</ele>
      </trkpt>
      <trkpt lat="42.627229979261756" lon="0.933000035583973">
        <ele>2168.79</ele>
      </trkpt>
      <trkpt lat="42.627129983156919" lon="0.932929962873459">
        <ele>2167.8400000000001</ele>
      </trkpt>
      <trkpt lat="42.627110034227371" lon="0.932840025052428">
        <ele>2166.21</ele>
      </trkpt>
      <trkpt lat="42.627050019800663" lon="0.932789985090494">
        <ele>2165.02</ele>
      </trkpt>
      <trkpt lat="42.626920016482472" lon="0.93275997787714">
        <ele>2159.0200000000004</ele>
      </trkpt>
      <trkpt lat="42.626769980415702" lon="0.932580018416047">
        <ele>2154.5700000000002</ele>
      </trkpt>
      <trkpt lat="42.626630002632737" lon="0.932339960709214">
        <ele>2149.2400000000002</ele>
      </trkpt>
      <trkpt lat="42.626720024272799" lon="0.932190008461475">
        <ele>2147.5099999999998</ele>
      </trkpt>
      <trkpt lat="42.626739973202348" lon="0.932109961286187">
        <ele>2146.73</ele>
      </trkpt>
      <trkpt lat="42.62685002759099" lon="0.932020023465157">
        <ele>2145.3900000000003</ele>
      </trkpt>
      <trkpt lat="42.626969972625375" lon="0.93179002404213">
        <ele>2145.3600000000001</ele>
      </trkpt>
      <trkpt lat="42.626990005373955" lon="0.931669995188713">
        <ele>2144.8800000000001</ele>
      </trkpt>
      <trkpt lat="42.626969972625375" lon="0.93144997023046">
        <ele>2144.8099999999999</ele>
      </trkpt>
      <trkpt lat="42.626999979838729" lon="0.930949989706278">
        <ele>2150.1100000000001</ele>
      </trkpt>
      <trkpt lat="42.626959998160601" lon="0.930859968066216">
        <ele>2150.02</ele>
      </trkpt>
      <trkpt lat="42.626890009269118" lon="0.930740023031831">
        <ele>2149.3200000000002</ele>
      </trkpt>
      <trkpt lat="42.626780038699508" lon="0.930619994178414">
        <ele>2147.5600000000004</ele>
      </trkpt>
      <trkpt lat="42.626729998737574" lon="0.930519998073578">
        <ele>2146.77</ele>
      </trkpt>
      <trkpt lat="42.626630002632737" lon="0.930389994755387">
        <ele>2146.6000000000004</ele>
      </trkpt>
      <trkpt lat="42.626569988206029" lon="0.930369962006807">
        <ele>2146.8899999999999</ele>
      </trkpt>
      <trkpt lat="42.626530006527901" lon="0.930310031399131">
        <ele>2146.8899999999999</ele>
      </trkpt>
      <trkpt lat="42.626520032063127" lon="0.930190002545714">
        <ele>2148.8699999999999</ele>
      </trkpt>
      <trkpt lat="42.626469992101192" lon="0.929990010336041">
        <ele>2151.3099999999999</ele>
      </trkpt>
      <trkpt lat="42.62642003595829" lon="0.929909963160753">
        <ele>2151.9700000000003</ele>
      </trkpt>
      <trkpt lat="42.626369995996356" lon="0.929869981482625">
        <ele>2153.5999999999999</ele>
      </trkpt>
      <trkpt lat="42.626260025426745" lon="0.929860007017851">
        <ele>2156.48</ele>
      </trkpt>
      <trkpt lat="42.626200011000037" lon="0.929790018126369">
        <ele>2157.3499999999999</ele>
      </trkpt>
      <trkpt lat="42.626170003786683" lon="0.929790018126369">
        <ele>2157.3499999999999</ele>
      </trkpt>
      <trkpt lat="42.626109989359975" lon="0.929720029234886">
        <ele>2159.8600000000001</ele>
      </trkpt>
      <trkpt lat="42.626049974933267" lon="0.92973000369966">
        <ele>2159.8600000000001</ele>
      </trkpt>
      <trkpt lat="42.62597001157701" lon="0.929779959842563">
        <ele>2162.5700000000002</ele>
      </trkpt>
      <trkpt lat="42.625919971615076" lon="0.929779959842563">
        <ele>2163.3600000000001</ele>
      </trkpt>
      <trkpt lat="42.625849982723594" lon="0.92975003644824">
        <ele>2164.0500000000002</ele>
      </trkpt>
      <trkpt lat="42.625740012153983" lon="0.929660014808178">
        <ele>2166.8000000000002</ele>
      </trkpt>
      <trkpt lat="42.625649990513921" lon="0.929669989272952">
        <ele>2167.5900000000001</ele>
      </trkpt>
      <trkpt lat="42.62551998719573" lon="0.929650040343404">
        <ele>2171.1100000000001</ele>
      </trkpt>
      <trkpt lat="42.625489979982376" lon="0.929590025916696">
        <ele>2172.1400000000003</ele>
      </trkpt>
      <trkpt lat="42.625510012730956" lon="0.929530011489987">
        <ele>2172.6800000000003</ele>
      </trkpt>
      <trkpt lat="42.625740012153983" lon="0.929390033707023">
        <ele>2177.6900000000001</ele>
      </trkpt>
      <trkpt lat="42.625830033794045" lon="0.92917000874877">
        <ele>2180.04</ele>
      </trkpt>
      <trkpt lat="42.625960037112236" lon="0.929030030965805">
        <ele>2182.6700000000001</ele>
      </trkpt>
      <trkpt lat="42.626149971038103" lon="0.928770024329424">
        <ele>2184.48</ele>
      </trkpt>
      <trkpt lat="42.62624996714294" lon="0.928710009902716">
        <ele>2185.5599999999999</ele>
      </trkpt>
      <trkpt lat="42.626349963247776" lon="0.928510017693043">
        <ele>2188.2800000000002</ele>
      </trkpt>
      <trkpt lat="42.62637997046113" lon="0.928220003843308">
        <ele>2185.7300000000005</ele>
      </trkpt>
      <trkpt lat="42.626460017636418" lon="0.928150014951825">
        <ele>2182.9200000000001</ele>
      </trkpt>
      <trkpt lat="42.626460017636418" lon="0.928120007738471">
        <ele>2182.9200000000001</ele>
      </trkpt>
      <trkpt lat="42.626360021531582" lon="0.928029986098409">
        <ele>2178.4299999999998</ele>
      </trkpt>
      <trkpt lat="42.626330014318228" lon="0.927869975566864">
        <ele>2174.8800000000001</ele>
      </trkpt>
      <trkpt lat="42.626460017636418" lon="0.927479965612292">
        <ele>2168.0100000000002</ele>
      </trkpt>
      <trkpt lat="42.626460017636418" lon="0.927379969507456">
        <ele>2165.2200000000003</ele>
      </trkpt>
      <trkpt lat="42.62640000320971" lon="0.927090039476752">
        <ele>2156.8800000000001</ele>
      </trkpt>
      <trkpt lat="42.626430010423064" lon="0.927060032263398">
        <ele>2156.8800000000001</ele>
      </trkpt>
      <trkpt lat="42.626499999314547" lon="0.927060032263398">
        <ele>2155.3600000000001</ele>
      </trkpt>
      <trkpt lat="42.626539980992675" lon="0.927019966766238">
        <ele>2155.3600000000001</ele>
      </trkpt>
      <trkpt lat="42.626639977097511" lon="0.926819974556565">
        <ele>2146.7500000000005</ele>
      </trkpt>
      <trkpt lat="42.62640000320971" lon="0.926640015095472">
        <ele>2139.9700000000003</ele>
      </trkpt>
      <trkpt lat="42.626200011000037" lon="0.926350001245737">
        <ele>2135.0999999999999</ele>
      </trkpt>
      <trkpt lat="42.626179978251457" lon="0.926280012354255">
        <ele>2134.04</ele>
      </trkpt>
      <trkpt lat="42.626200011000037" lon="0.926159983500838">
        <ele>2132.8300000000004</ele>
      </trkpt>
      <trkpt lat="42.626209985464811" lon="0.925790006294847">
        <ele>2123.6500000000001</ele>
      </trkpt>
      <trkpt lat="42.62626999989152" lon="0.925309974700212">
        <ele>2117.4600000000005</ele>
      </trkpt>
      <trkpt lat="42.626239992678165" lon="0.924939997494221">
        <ele>2114.6300000000001</ele>
      </trkpt>
      <trkpt lat="42.626160029321909" lon="0.924510005861521">
        <ele>2115.5000000000005</ele>
      </trkpt>
      <trkpt lat="42.626083502545953" lon="0.92431889846921">
        <ele>2131.1328125</ele>
      </trkpt>
      <trkpt lat="42.62609607540071" lon="0.924027375876904">
        <ele>2123.53515625</ele>
      </trkpt>
      <trkpt lat="42.625838248059154" lon="0.923615824431181">
        <ele>2121.7265625</ele>
      </trkpt>
      <trkpt lat="42.626089788973331" lon="0.923667289316654">
        <ele>2119.87109375</ele>
      </trkpt>
      <trkpt lat="42.626196658238769" lon="0.923787318170071">
        <ele>2112.46</ele>
      </trkpt>
      <trkpt lat="42.626253236085176" lon="0.923718670383096">
        <ele>2108.5500000000002</ele>
      </trkpt>
      <trkpt lat="42.626316100358963" lon="0.923684388399124">
        <ele>2107.1799999999998</ele>
      </trkpt>
      <trkpt lat="42.626430010423064" lon="0.923669971525669">
        <ele>2105.5800000000004</ele>
      </trkpt>
      <trkpt lat="42.626520032063127" lon="0.923710037022829">
        <ele>2104.6599999999999</ele>
      </trkpt>
      <trkpt lat="42.626630002632737" lon="0.923829982057214">
        <ele>2102.3600000000001</ele>
      </trkpt>
      <trkpt lat="42.626650035381317" lon="0.923910029232502">
        <ele>2101.7800000000002</ele>
      </trkpt>
      <trkpt lat="42.626650035381317" lon="0.924210017547011">
        <ele>2098.9500000000003</ele>
      </trkpt>
      <trkpt lat="42.62669999152422" lon="0.924280006438494">
        <ele>2096.8699999999999</ele>
      </trkpt>
      <trkpt lat="42.626669984310865" lon="0.92440003529191">
        <ele>2094.29</ele>
      </trkpt>
      <trkpt lat="42.626709965988994" lon="0.924479998648167">
        <ele>2094.29</ele>
      </trkpt>
      <trkpt lat="42.626769980415702" lon="0.924540013074875">
        <ele>2088.5999999999999</ele>
      </trkpt>
      <trkpt lat="42.626909958198667" lon="0.924589969217777">
        <ele>2086.0300000000002</ele>
      </trkpt>
      <trkpt lat="42.626969972625375" lon="0.924589969217777">
        <ele>2084.4500000000003</ele>
      </trkpt>
      <trkpt lat="42.627020012587309" lon="0.924570020288229">
        <ele>2084.4500000000003</ele>
      </trkpt>
      <trkpt lat="42.62725998647511" lon="0.924389977008104">
        <ele>2078.04</ele>
      </trkpt>
      <trkpt lat="42.627459978684783" lon="0.924340020865202">
        <ele>2074.1599999999999</ele>
      </trkpt>
      <trkpt lat="42.627519993111491" lon="0.924280006438494">
        <ele>2073.29</ele>
      </trkpt>
      <trkpt lat="42.627779999747872" lon="0.924340020865202">
        <ele>2072.2400000000002</ele>
      </trkpt>
      <trkpt lat="42.627959959208965" lon="0.924459965899587">
        <ele>2070.46</ele>
      </trkpt>
      <trkpt lat="42.628079988062382" lon="0.924489973112941">
        <ele>2069.5100000000002</ele>
      </trkpt>
      <trkpt lat="42.628230024129152" lon="0.924470024183393">
        <ele>2067.0800000000004</ele>
      </trkpt>
      <trkpt lat="42.628409983590245" lon="0.924540013074875">
        <ele>2065.48</ele>
      </trkpt>
      <trkpt lat="42.628600001335144" lon="0.924640009179711">
        <ele>2059.9899999999998</ele>
      </trkpt>
      <trkpt lat="42.628709971904755" lon="0.924589969217777">
        <ele>2057.0099999999998</ele>
      </trkpt>
      <trkpt lat="42.628969978541136" lon="0.924760038033128">
        <ele>2052.1399999999999</ele>
      </trkpt>
      <trkpt lat="42.629090007394552" lon="0.924909990280867">
        <ele>2049.3499999999999</ele>
      </trkpt>
      <trkpt lat="42.629180029034615" lon="0.925070000812411">
        <ele>2048.3100000000004</ele>
      </trkpt>
      <trkpt lat="42.629340039566159" lon="0.92526001855731">
        <ele>2047.79</ele>
      </trkpt>
      <trkpt lat="42.629499966278672" lon="0.925369989126921">
        <ele>2046.2700000000002</ele>
      </trkpt>
      <trkpt lat="42.62955998070538" lon="0.925269993022084">
        <ele>2046.2100000000003</ele>
      </trkpt>
      <trkpt lat="42.629659976810217" lon="0.925149964168668">
        <ele>2046.02</ele>
      </trkpt>
      <trkpt lat="42.629829961806536" lon="0.925039993599057">
        <ele>2045.55</ele>
      </trkpt>
      <trkpt lat="42.629919983446598" lon="0.924909990280867">
        <ele>2045.4500000000003</ele>
      </trkpt>
      <trkpt lat="42.630219971761107" lon="0.924010025337338">
        <ele>2045.4000000000003</ele>
      </trkpt>
      <trkpt lat="42.630300018936396" lon="0.923940036445856">
        <ele>2045.4400000000001</ele>
      </trkpt>
      <trkpt lat="42.630390040576458" lon="0.923780025914311">
        <ele>2045.4500000000003</ele>
      </trkpt>
      <trkpt lat="42.630409989506006" lon="0.923690004274249">
        <ele>2045.4200000000001</ele>
      </trkpt>
      <trkpt lat="42.630470003932714" lon="0.923639964312315">
        <ele>2045.3200000000002</ele>
      </trkpt>
      <trkpt lat="42.630490036681294" lon="0.923560000956059">
        <ele>2044.6699999999998</ele>
      </trkpt>
      <trkpt lat="42.630470003932714" lon="0.923490012064576">
        <ele>2044.0900000000001</ele>
      </trkpt>
      <trkpt lat="42.630530018359423" lon="0.923399990424514">
        <ele>2042.6399999999999</ele>
      </trkpt>
      <trkpt lat="42.630519960075617" lon="0.923320027068257">
        <ele>2042.6399999999999</ele>
      </trkpt>
      <trkpt lat="42.630539992824197" lon="0.923230005428195">
        <ele>2039.47</ele>
      </trkpt>
      <trkpt lat="42.630620039999485" lon="0.92309002764523">
        <ele>2037.76</ele>
      </trkpt>
      <trkpt lat="42.630709977820516" lon="0.922979973256588">
        <ele>2035.0100000000002</ele>
      </trkpt>
      <trkpt lat="42.630669996142387" lon="0.92293999157846">
        <ele>2034.2600000000002</ele>
      </trkpt>
      <trkpt lat="42.630530018359423" lon="0.923020038753748">
        <ele>2032.26</ele>
      </trkpt>
      <trkpt lat="42.630600007250905" lon="0.922890035435557">
        <ele>2032.26</ele>
      </trkpt>
      <trkpt lat="42.630600007250905" lon="0.922790039330721">
        <ele>2027.3099999999999</ele>
      </trkpt>
      <trkpt lat="42.63073998503387" lon="0.92264000326395">
        <ele>2025.4199999999998</ele>
      </trkpt>
      <trkpt lat="42.630809973925352" lon="0.92250999994576">
        <ele>2022.23</ele>
      </trkpt>
      <trkpt lat="42.630850039422512" lon="0.922500025480986">
        <ele>2021.1200000000001</ele>
      </trkpt>
      <trkpt lat="42.63089002110064" lon="0.922519974410534">
        <ele>2019.9200000000003</ele>
      </trkpt>
      <trkpt lat="42.630920028313994" lon="0.922500025480986">
        <ele>2018.6300000000003</ele>
      </trkpt>
      <trkpt lat="42.630920028313994" lon="0.922459959983826">
        <ele>2018.6300000000003</ele>
      </trkpt>
      <trkpt lat="42.63089002110064" lon="0.922440011054277">
        <ele>2018.6300000000003</ele>
      </trkpt>
      <trkpt lat="42.63089002110064" lon="0.922330040484667">
        <ele>2014.5400000000002</ele>
      </trkpt>
      <trkpt lat="42.63086998835206" lon="0.922289974987507">
        <ele>2013.23</ele>
      </trkpt>
      <trkpt lat="42.630920028313994" lon="0.922240018844604">
        <ele>2010.7600000000002</ele>
      </trkpt>
      <trkpt lat="42.630950035527349" lon="0.922180004417896">
        <ele>2010.7600000000002</ele>
      </trkpt>
      <trkpt lat="42.631069980561733" lon="0.922070033848286">
        <ele>2006.9400000000001</ele>
      </trkpt>
      <trkpt lat="42.631129994988441" lon="0.922029968351126">
        <ele>2005.4100000000003</ele>
      </trkpt>
      <trkpt lat="42.631290005519986" lon="0.922029968351126">
        <ele>2002.4800000000002</ele>
      </trkpt>
      <trkpt lat="42.631339961662889" lon="0.922010019421577">
        <ele>2002.4800000000002</ele>
      </trkpt>
      <trkpt lat="42.631489997729659" lon="0.921850008890033">
        <ele>1995.9100000000001</ele>
      </trkpt>
      <trkpt lat="42.631529979407787" lon="0.921799968928099">
        <ele>1995.9100000000001</ele>
      </trkpt>
      <trkpt lat="42.631510030478239" lon="0.921750012785196">
        <ele>1993.47</ele>
      </trkpt>
      <trkpt lat="42.631610026583076" lon="0.921599976718426">
        <ele>1989.3900000000001</ele>
      </trkpt>
      <trkpt lat="42.631589993834496" lon="0.921539962291718">
        <ele>1989.3900000000001</ele>
      </trkpt>
      <trkpt lat="42.63164003379643" lon="0.921499980613589">
        <ele>1986.4000000000001</ele>
      </trkpt>
      <trkpt lat="42.631689989939332" lon="0.921320021152496">
        <ele>1982.4300000000001</ele>
      </trkpt>
      <trkpt lat="42.63172997161746" lon="0.921290013939142">
        <ele>1981.3600000000001</ele>
      </trkpt>
      <trkpt lat="42.631759978830814" lon="0.921229999512434">
        <ele>1980.3499999999999</ele>
      </trkpt>
      <trkpt lat="42.631740029901266" lon="0.921190017834306">
        <ele>1980.1300000000001</ele>
      </trkpt>
      <trkpt lat="42.63172997161746" lon="0.92077000066638">
        <ele>1980.4500000000003</ele>
      </trkpt>
      <trkpt lat="42.631759978830814" lon="0.920590041205287">
        <ele>1980.47</ele>
      </trkpt>
      <trkpt lat="42.63175000436604" lon="0.920470012351871">
        <ele>1980.47</ele>
      </trkpt>
      <trkpt lat="42.631699964404106" lon="0.920379990711808">
        <ele>1981.7700000000002</ele>
      </trkpt>
      <trkpt lat="42.63162000104785" lon="0.920110009610653">
        <ele>1982.7800000000002</ele>
      </trkpt>
      <trkpt lat="42.63162000104785" lon="0.919989980757236">
        <ele>1986.7800000000002</ele>
      </trkpt>
      <trkpt lat="42.631659982725978" lon="0.919740032404661">
        <ele>1986.7800000000002</ele>
      </trkpt>
      <trkpt lat="42.631670041009784" lon="0.919339964166284">
        <ele>1990.8200000000002</ele>
      </trkpt>
      <trkpt lat="42.631699964404106" lon="0.919209960848093">
        <ele>1992.5000000000002</ele>
      </trkpt>
      <trkpt lat="42.63175000436604" lon="0.919120023027062">
        <ele>1993.5800000000002</ele>
      </trkpt>
      <trkpt lat="42.632010011002421" lon="0.918860016390681">
        <ele>1998.49</ele>
      </trkpt>
      <trkpt lat="42.632289966568351" lon="0.918760020285845">
        <ele>2000.96</ele>
      </trkpt>
      <trkpt lat="42.633090019226074" lon="0.918260039761662">
        <ele>2008.6099999999999</ele>
      </trkpt>
      <trkpt lat="42.633620006963611" lon="0.918140010908246">
        <ele>2016.3500000000001</ele>
      </trkpt>
      <trkpt lat="42.633780017495155" lon="0.918130036443472">
        <ele>2019.0100000000002</ele>
      </trkpt>
      <trkpt lat="42.633970035240054" lon="0.918200025334954">
        <ele>2020.9200000000003</ele>
      </trkpt>
      <trkpt lat="42.634219983592629" lon="0.918159959837794">
        <ele>2023</ele>
      </trkpt>
      <trkpt lat="42.6348000112921" lon="0.918260039761662">
        <ele>2030.8700000000001</ele>
      </trkpt>
      <trkpt lat="42.635030010715127" lon="0.918219974264503">
        <ele>2034.3300000000002</ele>
      </trkpt>
      <trkpt lat="42.635239977389574" lon="0.918249981477857">
        <ele>2036.7</ele>
      </trkpt>
      <trkpt lat="42.635559998452663" lon="0.918270014226437">
        <ele>2040.48</ele>
      </trkpt>
      <trkpt lat="42.63581003062427" lon="0.918349977582693">
        <ele>2042.73</ele>
      </trkpt>
      <trkpt lat="42.636329960078001" lon="0.918590035289526">
        <ele>2050.73</ele>
      </trkpt>
      <trkpt lat="42.637085001915693" lon="0.918839983642101">
        <ele>2059.2600000000002</ele>
      </trkpt>
      <trkpt lat="42.637839959934354" lon="0.919090015813708">
        <ele>2068.1999999999998</ele>
      </trkpt>
      <trkpt lat="42.638319991528988" lon="0.919020026922226">
        <ele>2074.6500000000001</ele>
      </trkpt>
      <trkpt lat="42.638570023700595" lon="0.919129997491837">
        <ele>2077.7800000000002</ele>
      </trkpt>
      <trkpt lat="42.638909993693233" lon="0.918769994750619">
        <ele>2084.1000000000004</ele>
      </trkpt>
      <trkpt lat="42.639399999752641" lon="0.919030001387">
        <ele>2089.2000000000003</ele>
      </trkpt>
      <trkpt lat="42.639780035242438" lon="0.919099990278482">
        <ele>2092.9000000000001</ele>
      </trkpt>
      <trkpt lat="42.640489982441068" lon="0.919080041348934">
        <ele>2100.1800000000003</ele>
      </trkpt>
      <trkpt lat="42.640849985182285" lon="0.919180037453771">
        <ele>2104.3700000000003</ele>
      </trkpt>
      <trkpt lat="42.641430012881756" lon="0.918909972533584">
        <ele>2109.7900000000004</ele>
      </trkpt>
      <trkpt lat="42.641929993405938" lon="0.919199986383319">
        <ele>2113.6300000000001</ele>
      </trkpt>
      <trkpt lat="42.642459981143475" lon="0.919420011341572">
        <ele>2116.7600000000002</ele>
      </trkpt>
      <trkpt lat="42.643170012161136" lon="0.918990019708872">
        <ele>2121.5599999999999</ele>
      </trkpt>
      <trkpt lat="42.643720032647252" lon="0.918839983642101">
        <ele>2124.2200000000003</ele>
      </trkpt>
      <trkpt lat="42.644399972632527" lon="0.918779969215393">
        <ele>2128.3800000000006</ele>
      </trkpt>
      <trkpt lat="42.64481496065855" lon="0.918524991720915">
        <ele>2131.1600000000003</ele>
      </trkpt>
      <trkpt lat="42.645230032503605" lon="0.918270014226437">
        <ele>2134.3499999999999</ele>
      </trkpt>
      <trkpt lat="42.645549969747663" lon="0.918189967051148">
        <ele>2135.79</ele>
      </trkpt>
      <trkpt lat="42.645960012450814" lon="0.918159959837794">
        <ele>2136.7800000000002</ele>
      </trkpt>
      <trkpt lat="42.646329989656806" lon="0.918349977582693">
        <ele>2138.6300000000001</ele>
      </trkpt>
      <trkpt lat="42.646859977394342" lon="0.918079996481538">
        <ele>2138.2000000000003</ele>
      </trkpt>
      <trkpt lat="42.647319976240396" lon="0.917650004848838">
        <ele>2136.9900000000002</ele>
      </trkpt>
      <trkpt lat="42.647794978693128" lon="0.917750000953674">
        <ele>2137.27</ele>
      </trkpt>
      <trkpt lat="42.648269981145859" lon="0.917849997058511">
        <ele>2137.29</ele>
      </trkpt>
      <trkpt lat="42.648759987205267" lon="0.918179992586374">
        <ele>2137.1200000000003</ele>
      </trkpt>
      <trkpt lat="42.649219986051321" lon="0.918249981477857">
        <ele>2135.0200000000004</ele>
      </trkpt>
      <trkpt lat="42.649790039286017" lon="0.918130036443472">
        <ele>2131.6599999999999</ele>
      </trkpt>
      <trkpt lat="42.650599982589483" lon="0.917729968205094">
        <ele>2126.7800000000002</ele>
      </trkpt>
      <trkpt lat="42.651059981435537" lon="0.917614968493581">
        <ele>2124.3400000000001</ele>
      </trkpt>
      <trkpt lat="42.651519980281591" lon="0.917499968782067">
        <ele>2120.9900000000002</ele>
      </trkpt>
      <trkpt lat="42.652390021830797" lon="0.917259994894266">
        <ele>2115.54</ele>
      </trkpt>
      <trkpt lat="42.6528699696064" lon="0.916990013793111">
        <ele>2112.8400000000001</ele>
      </trkpt>
      <trkpt lat="42.652880027890205" lon="0.916990013793111">
        <ele>2112.8400000000001</ele>
      </trkpt>
      <trkpt lat="42.653219997882843" lon="0.916649959981442">
        <ele>2111.0500000000002</ele>
      </trkpt>
      <trkpt lat="42.653630040585995" lon="0.916089965030551">
        <ele>2106.6500000000001</ele>
      </trkpt>
      <trkpt lat="42.654030025005341" lon="0.915599958971143">
        <ele>2103.6200000000003</ele>
      </trkpt>
      <trkpt lat="42.654249966144562" lon="0.914980033412576">
        <ele>2099.1600000000003</ele>
      </trkpt>
      <trkpt lat="42.654469991102815" lon="0.914139999076724">
        <ele>2093.3499999999999</ele>
      </trkpt>
      <trkpt lat="42.654320038855076" lon="0.913789970800281">
        <ele>2090.1400000000003</ele>
      </trkpt>
      <trkpt lat="42.65433001331985" lon="0.913310023024678">
        <ele>2087.9299999999998</ele>
      </trkpt>
      <trkpt lat="42.654699990525842" lon="0.912539977580309">
        <ele>2081.3600000000001</ele>
      </trkpt>
      <trkpt lat="42.65473997220397" lon="0.911970008164644">
        <ele>2078.29</ele>
      </trkpt>
      <trkpt lat="42.654705019667745" lon="0.911135002970696">
        <ele>2072.2400000000002</ele>
      </trkpt>
      <trkpt lat="42.654669983312488" lon="0.910299997776747">
        <ele>2066.5500000000002</ele>
      </trkpt>
      <trkpt lat="42.655080026015639" lon="0.909240022301674">
        <ele>2061.5100000000002</ele>
      </trkpt>
      <trkpt lat="42.655229978263378" lon="0.908380039036274">
        <ele>2060.0100000000002</ele>
      </trkpt>
      <trkpt lat="42.655329974368215" lon="0.908150039613247">
        <ele>2059.1500000000001</ele>
      </trkpt>
      <trkpt lat="42.655489984899759" lon="0.907990029081702">
        <ele>2058.3699999999999</ele>
      </trkpt>
      <trkpt lat="42.655710009858012" lon="0.907849967479706">
        <ele>2057.5599999999999</ele>
      </trkpt>
      <trkpt lat="42.655949983745813" lon="0.907990029081702">
        <ele>2056.96</ele>
      </trkpt>
      <trkpt lat="42.656040005385876" lon="0.907969996333122">
        <ele>2056.1100000000001</ele>
      </trkpt>
      <trkpt lat="42.656260030344129" lon="0.907809985801578">
        <ele>2055.3400000000001</ele>
      </trkpt>
      <trkpt lat="42.656439989805222" lon="0.907739996910095">
        <ele>2054.4500000000003</ele>
      </trkpt>
      <trkpt lat="42.656490029767156" lon="0.907579986378551">
        <ele>2053.5799999999999</ele>
      </trkpt>
      <trkpt lat="42.65660997480154" lon="0.907070031389594">
        <ele>2050.04</ele>
      </trkpt>
      <trkpt lat="42.656720029190183" lon="0.906859980896115">
        <ele>2048.4099999999999</ele>
      </trkpt>
      <trkpt lat="42.656850032508373" lon="0.906669963151217">
        <ele>2047.7500000000002</ele>
      </trkpt>
      <trkpt lat="42.657050024718046" lon="0.906520010903478">
        <ele>2045.49</ele>
      </trkpt>
      <trkpt lat="42.657120013609529" lon="0.906420014798641">
        <ele>2044.7700000000002</ele>
      </trkpt>
      <trkpt lat="42.657139962539077" lon="0.906339967623353">
        <ele>2043.1800000000001</ele>
      </trkpt>
      <trkpt lat="42.657090006396174" lon="0.906169982627034">
        <ele>2041.8899999999999</ele>
      </trkpt>
      <trkpt lat="42.65690996311605" lon="0.905990023165941">
        <ele>2039.7000000000003</ele>
      </trkpt>
      <trkpt lat="42.656899988651276" lon="0.905830012634397">
        <ele>2038.2800000000002</ele>
      </trkpt>
      <trkpt lat="42.656999984756112" lon="0.905779972672462">
        <ele>2037.21</ele>
      </trkpt>
      <trkpt lat="42.65748999081552" lon="0.905409995466471">
        <ele>2030.5400000000002</ele>
      </trkpt>
      <trkpt lat="42.658010004088283" lon="0.905219977721572">
        <ele>2026.3900000000001</ele>
      </trkpt>
      <trkpt lat="42.658490035682917" lon="0.905074970796704">
        <ele>2021.0000000000002</ele>
      </trkpt>
      <trkpt lat="42.658969983458519" lon="0.904929963871837">
        <ele>2016.0400000000002</ele>
      </trkpt>
      <trkpt lat="42.659220015630126" lon="0.904680015519261">
        <ele>2015.47</ele>
      </trkpt>
      <trkpt lat="42.659459989517927" lon="0.904320012778044">
        <ele>2012.3700000000001</ele>
      </trkpt>
      <trkpt lat="42.659620000049472" lon="0.903950035572052">
        <ele>2009.5800000000002</ele>
      </trkpt>
      <trkpt lat="42.659599967300892" lon="0.903790025040507">
        <ele>2007.7000000000003</ele>
      </trkpt>
      <trkpt lat="42.659489996731281" lon="0.903649963438511">
        <ele>2007.2900000000002</ele>
      </trkpt>
      <trkpt lat="42.659160001203418" lon="0.903669996187091">
        <ele>2003.2</ele>
      </trkpt>
      <trkpt lat="42.658860012888908" lon="0.903739985078573">
        <ele>2000.3200000000004</ele>
      </trkpt>
      <trkpt lat="42.65877996571362" lon="0.903669996187091">
        <ele>1999.3200000000002</ele>
      </trkpt>
      <trkpt lat="42.65877996571362" lon="0.903530018404126">
        <ele>1998.2600000000002</ele>
      </trkpt>
      <trkpt lat="42.659290004521608" lon="0.903030037879944">
        <ele>1990.79</ele>
      </trkpt>
      <trkpt lat="42.659629974514246" lon="0.902499966323376">
        <ele>1987.1000000000001</ele>
      </trkpt>
      <trkpt lat="42.660010010004044" lon="0.901560019701719">
        <ele>1979.71</ele>
      </trkpt>
      <trkpt lat="42.660249983891845" lon="0.901089962571859">
        <ele>1975.9000000000001</ele>
      </trkpt>
      <trkpt lat="42.660389961674809" lon="0.901100020855665">
        <ele>1975.4300000000003</ele>
      </trkpt>
      <trkpt lat="42.660530023276806" lon="0.901009999215603">
        <ele>1975.48</ele>
      </trkpt>
      <trkpt lat="42.660600012168288" lon="0.900849988684058">
        <ele>1975.8300000000002</ele>
      </trkpt>
      <trkpt lat="42.661050036549568" lon="0.900280019268394">
        <ele>1975.72</ele>
      </trkpt>
      <trkpt lat="42.661339966580272" lon="0.900140041485429">
        <ele>1975.74</ele>
      </trkpt>
      <trkpt lat="42.661539958789945" lon="0.900129983201623">
        <ele>1975.8200000000002</ele>
      </trkpt>
      <trkpt lat="42.661899961531162" lon="0.899969972670078">
        <ele>1975.8300000000002</ele>
      </trkpt>
      <trkpt lat="42.662589959800243" lon="0.899569988250732">
        <ele>1976.0100000000002</ele>
      </trkpt>
      <trkpt lat="42.66283999197185" lon="0.899469992145896">
        <ele>1976.05</ele>
      </trkpt>
      <trkpt lat="42.662869999185205" lon="0.899320039898157">
        <ele>1976.1800000000003</ele>
      </trkpt>
      <trkpt lat="42.662790035828948" lon="0.89909004047513">
        <ele>1976.3100000000002</ele>
      </trkpt>
      <trkpt lat="42.662679981440306" lon="0.898870015516877">
        <ele>1976.3100000000002</ele>
      </trkpt>
      <trkpt lat="42.662639999762177" lon="0.89861998334527">
        <ele>1976.3400000000001</ele>
      </trkpt>
      <trkpt lat="42.662609992548823" lon="0.89808002114296">
        <ele>1976.1300000000001</ele>
      </trkpt>
      <trkpt lat="42.662724992260337" lon="0.897475015372038">
        <ele>1975.6800000000001</ele>
      </trkpt>
      <trkpt lat="42.66283999197185" lon="0.896870009601116">
        <ele>1975.72</ele>
      </trkpt>
      <trkpt lat="42.662920039147139" lon="0.896210018545389">
        <ele>1975.3900000000001</ele>
      </trkpt>
      <trkpt lat="42.66283999197185" lon="0.89586996473372">
        <ele>1975.5200000000002</ele>
      </trkpt>
      <trkpt lat="42.662809984758496" lon="0.89556997641921">
        <ele>1975.5000000000002</ele>
      </trkpt>
      <trkpt lat="42.662830017507076" lon="0.89516001753509">
        <ele>1975.3100000000002</ele>
      </trkpt>
      <trkpt lat="42.662990028038621" lon="0.894400030374527">
        <ele>1975.3100000000002</ele>
      </trkpt>
      <trkpt lat="42.663209969177842" lon="0.893850009888411">
        <ele>1975.21</ele>
      </trkpt>
      <trkpt lat="42.663239976391196" lon="0.893680024892092">
        <ele>1975.21</ele>
      </trkpt>
      <trkpt lat="42.663109973073006" lon="0.892849965021014">
        <ele>1975.1600000000003</ele>
      </trkpt>
      <trkpt lat="42.663239976391196" lon="0.892340010032058">
        <ele>1974.8100000000002</ele>
      </trkpt>
      <trkpt lat="42.663399986922741" lon="0.891989981755614">
        <ele>1974.8300000000002</ele>
      </trkpt>
      <trkpt lat="42.663480034098029" lon="0.89187003672123">
        <ele>1974.8300000000002</ele>
      </trkpt>
      <trkpt lat="42.663520015776157" lon="0.891710026189685">
        <ele>1974.8100000000002</ele>
      </trkpt>
      <trkpt lat="42.663414990529418" lon="0.891035031527281">
        <ele>1974.7200000000003</ele>
      </trkpt>
      <trkpt lat="42.663309965282679" lon="0.890360036864877">
        <ele>1974.5500000000002</ele>
      </trkpt>
      <trkpt lat="42.663309965282679" lon="0.889959968626499">
        <ele>1974.46</ele>
      </trkpt>
      <trkpt lat="42.663399986922741" lon="0.889510028064251">
        <ele>1974.4300000000001</ele>
      </trkpt>
      <trkpt lat="42.663499983027577" lon="0.889129992574453">
        <ele>1974.3300000000002</ele>
      </trkpt>
      <trkpt lat="42.663750015199184" lon="0.888079991564155">
        <ele>1974.3700000000001</ele>
      </trkpt>
      <trkpt lat="42.663840036839247" lon="0.887840017676353">
        <ele>1974.3700000000001</ele>
      </trkpt>
      <trkpt lat="42.66404002904892" lon="0.887570036575198">
        <ele>1974.29</ele>
      </trkpt>
      <trkpt lat="42.664430039003491" lon="0.887220008298755">
        <ele>1974.29</ele>
      </trkpt>
      <trkpt lat="42.664960026741028" lon="0.887139961123466">
        <ele>1974.7800000000002</ele>
      </trkpt>
      <trkpt lat="42.6653500366956" lon="0.88703996501863">
        <ele>1974.8500000000001</ele>
      </trkpt>
      <trkpt lat="42.665239982306957" lon="0.886569991707802">
        <ele>1975.1000000000001</ele>
      </trkpt>
      <trkpt lat="42.665250040590763" lon="0.886300010606647">
        <ele>1975.0700000000002</ele>
      </trkpt>
      <trkpt lat="42.665279963985085" lon="0.886130025610328">
        <ele>1974.9900000000002</ele>
      </trkpt>
      <trkpt lat="42.665360011160374" lon="0.885940007865429">
        <ele>1974.4200000000001</ele>
      </trkpt>
      <trkpt lat="42.665769970044494" lon="0.885250009596348">
        <ele>1974.2400000000002</ele>
      </trkpt>
      <trkpt lat="42.665929980576038" lon="0.885140039026737">
        <ele>1974.2</ele>
      </trkpt>
      <trkpt lat="42.666040034964681" lon="0.885159987956285">
        <ele>1974.2</ele>
      </trkpt>
      <trkpt lat="42.666300041601062" lon="0.885020010173321">
        <ele>1974.1000000000001</ele>
      </trkpt>
      <trkpt lat="42.666610004380345" lon="0.884690014645457">
        <ele>1974.0400000000002</ele>
      </trkpt>
      <trkpt lat="42.666600029915571" lon="0.884699989110231">
        <ele>1974.0400000000002</ele>
      </trkpt>
      <trkpt lat="42.666819971054792" lon="0.884660007432103">
        <ele>1974.0400000000002</ele>
      </trkpt>
      <trkpt lat="42.666939999908209" lon="0.884569985792041">
        <ele>1973.98</ele>
      </trkpt>
      <trkpt lat="42.667109984904528" lon="0.884560011327267">
        <ele>1973.75</ele>
      </trkpt>
      <trkpt lat="42.667390024289489" lon="0.884390026330948">
        <ele>1973.72</ele>
      </trkpt>
      <trkpt lat="42.667520027607679" lon="0.884360019117594">
        <ele>1973.6800000000001</ele>
      </trkpt>
      <trkpt lat="42.667739968746901" lon="0.884509971365333">
        <ele>1973.5600000000002</ele>
      </trkpt>
      <trkpt lat="42.667910037562251" lon="0.88443998247385">
        <ele>1973.3</ele>
      </trkpt>
      <trkpt lat="42.668020008131862" lon="0.884469989687204">
        <ele>1973.1200000000001</ele>
      </trkpt>
      <trkpt lat="42.668129978701472" lon="0.88446001522243">
        <ele>1973.0400000000002</ele>
      </trkpt>
      <trkpt lat="42.668229974806309" lon="0.884420033544302">
        <ele>1973.0400000000002</ele>
      </trkpt>
      <trkpt lat="42.668350003659725" lon="0.884430008009076">
        <ele>1972.9000000000001</ele>
      </trkpt>
      <trkpt lat="42.668440025299788" lon="0.884499996900558">
        <ele>1972.9000000000001</ele>
      </trkpt>
      <trkpt lat="42.668570028617978" lon="0.884699989110231">
        <ele>1972.77</ele>
      </trkpt>
      <trkpt lat="42.668659966439009" lon="0.88476000353694">
        <ele>1972.7</ele>
      </trkpt>
      <trkpt lat="42.668779995292425" lon="0.884799985215068">
        <ele>1972.7</ele>
      </trkpt>
      <trkpt lat="42.669000020250678" lon="0.884839966893196">
        <ele>1972.5100000000002</ele>
      </trkpt>
      <trkpt lat="42.669109990820289" lon="0.88489000685513">
        <ele>1972.5100000000002</ele>
      </trkpt>
      <trkpt lat="42.669260026887059" lon="0.885099973529577">
        <ele>1972.4100000000001</ele>
      </trkpt>
      <trkpt lat="42.669780040159822" lon="0.885450001806021">
        <ele>1972.3700000000001</ele>
      </trkpt>
      <trkpt lat="42.670389991253614" lon="0.885510016232729">
        <ele>1972.5</ele>
      </trkpt>
      <trkpt lat="42.670989967882633" lon="0.885359980165958">
        <ele>1972.5</ele>
      </trkpt>
      <trkpt lat="42.671119971200824" lon="0.885240035131574">
        <ele>1972.0900000000001</ele>
      </trkpt>
      <trkpt lat="42.671409985050559" lon="0.885240035131574">
        <ele>1971.9000000000001</ele>
      </trkpt>
      <trkpt lat="42.671750038862228" lon="0.885570030659437">
        <ele>1971.6300000000001</ele>
      </trkpt>
      <trkpt lat="42.67196998000145" lon="0.885570030659437">
        <ele>1971.6300000000001</ele>
      </trkpt>
      <trkpt lat="42.67252997495234" lon="0.885830037295818">
        <ele>1971.3600000000001</ele>
      </trkpt>
      <trkpt lat="42.672800039872527" lon="0.885879993438721">
        <ele>1971.1800000000001</ele>
      </trkpt>
      <trkpt lat="42.673100028187037" lon="0.88607001118362">
        <ele>1971.3100000000002</ele>
      </trkpt>
      <trkpt lat="42.673530019819736" lon="0.886209988966584">
        <ele>1971.2900000000002</ele>
      </trkpt>
      <trkpt lat="42.673939978703856" lon="0.886239996179938">
        <ele>1971.2200000000003</ele>
      </trkpt>
      <trkpt lat="42.674239967018366" lon="0.886209988966584">
        <ele>1971.4600000000003</ele>
      </trkpt>
      <trkpt lat="42.674610028043389" lon="0.886219963431358">
        <ele>1971.1700000000001</ele>
      </trkpt>
      <trkpt lat="42.675119983032346" lon="0.88663000613451">
        <ele>1970.9000000000001</ele>
      </trkpt>
      <trkpt lat="42.67570998519659" lon="0.886869980022311">
        <ele>1970.97</ele>
      </trkpt>
      <trkpt lat="42.675900002941489" lon="0.886769983917475">
        <ele>1970.9300000000001</ele>
      </trkpt>
      <trkpt lat="42.676190016791224" lon="0.886820023879409">
        <ele>1970.8299999999999</ele>
      </trkpt>
      <trkpt lat="42.676410041749477" lon="0.887050023302436">
        <ele>1970.8200000000002</ele>
      </trkpt>
      <trkpt lat="42.67659000121057" lon="0.887340037152171">
        <ele>1970.7200000000003</ele>
      </trkpt>
      <trkpt lat="42.676799967885017" lon="0.887599959969521">
        <ele>1970.73</ele>
      </trkpt>
      <trkpt lat="42.676970036700368" lon="0.887680007144809">
        <ele>1970.8400000000001</ele>
      </trkpt>
      <trkpt lat="42.677229959517717" lon="0.887570036575198">
        <ele>1971.2800000000002</ele>
      </trkpt>
      <trkpt lat="42.677419977262616" lon="0.88751002214849">
        <ele>1971.1800000000001</ele>
      </trkpt>
      <trkpt lat="42.677760031074286" lon="0.887440033257008">
        <ele>1970.77</ele>
      </trkpt>
      <trkpt lat="42.678030012175441" lon="0.887480014935136">
        <ele>1970.6500000000001</ele>
      </trkpt>
      <trkpt lat="42.678160015493631" lon="0.887399967759848">
        <ele>1970.6300000000001</ele>
      </trkpt>
      <trkpt lat="42.678339974954724" lon="0.887519996613264">
        <ele>1970.6300000000001</ele>
      </trkpt>
      <trkpt lat="42.678520018234849" lon="0.887480014935136">
        <ele>1970.8299999999999</ele>
      </trkpt>
      <trkpt lat="42.678680028766394" lon="0.88748998939991">
        <ele>1970.8900000000001</ele>
      </trkpt>
      <trkpt lat="42.678810032084584" lon="0.887340037152171">
        <ele>1970.9100000000001</ele>
      </trkpt>
      <trkpt lat="42.679110020399094" lon="0.887670032680035">
        <ele>1971.0900000000001</ele>
      </trkpt>
      <trkpt lat="42.679219990968704" lon="0.887710014358163">
        <ele>1971.1000000000001</ele>
      </trkpt>
      <trkpt lat="42.679579993709922" lon="0.887410026043653">
        <ele>1970.05</ele>
      </trkpt>
      <trkpt lat="42.68004996702075" lon="0.88705999776721">
        <ele>1971.0100000000002</ele>
      </trkpt>
      <trkpt lat="42.680699983611703" lon="0.887280022725463">
        <ele>1970.8100000000002</ele>
      </trkpt>
      <trkpt lat="42.68140004016459" lon="0.887495018541813">
        <ele>1971.6000000000001</ele>
      </trkpt>
      <trkpt lat="42.682100012898445" lon="0.887710014358163">
        <ele>1970.9600000000003</ele>
      </trkpt>
      <trkpt lat="42.682420033961535" lon="0.887710014358163">
        <ele>1970.9200000000001</ele>
      </trkpt>
      <trkpt lat="42.682499997317791" lon="0.887599959969521">
        <ele>1970.6800000000001</ele>
      </trkpt>
      <trkpt lat="42.682620026171207" lon="0.887529971078038">
        <ele>1970.3500000000001</ele>
      </trkpt>
      <trkpt lat="42.683129981160164" lon="0.887389993295074">
        <ele>1969.3</ele>
      </trkpt>
      <trkpt lat="42.683429969474673" lon="0.887240041047335">
        <ele>1968.9100000000001</ele>
      </trkpt>
      <trkpt lat="42.683540023863316" lon="0.887220008298755">
        <ele>1968.5599999999999</ele>
      </trkpt>
      <trkpt lat="42.683740016072989" lon="0.887240041047335">
        <ele>1967.9000000000001</ele>
      </trkpt>
      <trkpt lat="42.683830037713051" lon="0.887190001085401">
        <ele>1967.71</ele>
      </trkpt>
      <trkpt lat="42.68410999327898" lon="0.886980034410954">
        <ele>1967.1600000000003</ele>
      </trkpt>
      <trkpt lat="42.684369999915361" lon="0.886880038306117">
        <ele>1966.8200000000002</ele>
      </trkpt>
      <trkpt lat="42.684420039877295" lon="0.886890012770891">
        <ele>1966.8200000000002</ele>
      </trkpt>
      <trkpt lat="42.684509977698326" lon="0.886990008875728">
        <ele>1966.3199999999999</ele>
      </trkpt>
      <trkpt lat="42.684660013765097" lon="0.887240041047335">
        <ele>1965.6400000000001</ele>
      </trkpt>
      <trkpt lat="42.684779958799481" lon="0.887529971078038">
        <ele>1965.4300000000003</ele>
      </trkpt>
      <trkpt lat="42.684899987652898" lon="0.887719988822937">
        <ele>1964.6800000000001</ele>
      </trkpt>
      <trkpt lat="42.684999983757734" lon="0.887959962710738">
        <ele>1964.3100000000002</ele>
      </trkpt>
      <trkpt lat="42.685099979862571" lon="0.888079991564155">
        <ele>1964.3100000000002</ele>
      </trkpt>
      <trkpt lat="42.685250015929341" lon="0.888179987668991">
        <ele>1963.8900000000001</ele>
      </trkpt>
      <trkpt lat="42.685470040887594" lon="0.88839003816247">
        <ele>1963.45</ele>
      </trkpt>
      <trkpt lat="42.685619993135333" lon="0.888470001518726">
        <ele>1963.3200000000002</ele>
      </trkpt>
      <trkpt lat="42.685940014198422" lon="0.888490034267306">
        <ele>1963.0900000000001</ele>
      </trkpt>
      <trkpt lat="42.686100024729967" lon="0.888460027053952">
        <ele>1964.3400000000001</ele>
      </trkpt>
      <trkpt lat="42.686049984768033" lon="0.888590030372143">
        <ele>1966.3900000000001</ele>
      </trkpt>
      <trkpt lat="42.685889974236488" lon="0.888690026476979">
        <ele>1969.3</ele>
      </trkpt>
      <trkpt lat="42.685840018093586" lon="0.88879999704659">
        <ele>1970.1400000000001</ele>
      </trkpt>
      <trkpt lat="42.685840018093586" lon="0.8889099676162">
        <ele>1970.5800000000002</ele>
      </trkpt>
      <trkpt lat="42.685580011457205" lon="0.889550009742379">
        <ele>1968.2800000000002</ele>
      </trkpt>
      <trkpt lat="42.685299972072244" lon="0.890010008588433">
        <ele>1962.4500000000003</ele>
      </trkpt>
      <trkpt lat="42.684829998761415" lon="0.89064996689558">
        <ele>1966.4400000000001</ele>
      </trkpt>
      <trkpt lat="42.684609973803163" lon="0.890890024602413">
        <ele>1968.6400000000001</ele>
      </trkpt>
      <trkpt lat="42.684460021555424" lon="0.891229994595051">
        <ele>1963.2800000000002</ele>
      </trkpt>
      <trkpt lat="42.684479970484972" lon="0.891439961269498">
        <ele>1961.6900000000001</ele>
      </trkpt>
      <trkpt lat="42.68456001766026" lon="0.891789989545941">
        <ele>1958.6100000000001</ele>
      </trkpt>
      <trkpt lat="42.684599999338388" lon="0.891880011186004">
        <ele>1957.1100000000001</ele>
      </trkpt>
      <trkpt lat="42.684690020978451" lon="0.891899960115552">
        <ele>1955.4900000000002</ele>
      </trkpt>
      <trkpt lat="42.684899987652898" lon="0.891859978437424">
        <ele>1950.3700000000001</ele>
      </trkpt>
      <trkpt lat="42.685080030933022" lon="0.891699967905879">
        <ele>1947.4300000000001</ele>
      </trkpt>
      <trkpt lat="42.685190001502633" lon="0.891629979014397">
        <ele>1943.7400000000002</ele>
      </trkpt>
      <trkpt lat="42.685380019247532" lon="0.891629979014397">
        <ele>1934.4500000000003</ele>
      </trkpt>
      <trkpt lat="42.685749996453524" lon="0.891490001231432">
        <ele>1927.0699999999999</ele>
      </trkpt>
      <trkpt lat="42.686030035838485" lon="0.891589997336268">
        <ele>1912.4100000000001</ele>
      </trkpt>
      <trkpt lat="42.686160039156675" lon="0.891620004549623">
        <ele>1909.3700000000001</ele>
      </trkpt>
      <trkpt lat="42.686370005831122" lon="0.891490001231432">
        <ele>1904.0899999999999</ele>
      </trkpt>
      <trkpt lat="42.686500009149313" lon="0.891459994018078">
        <ele>1898.5200000000002</ele>
      </trkpt>
      <trkpt lat="42.686690026894212" lon="0.891290009021759">
        <ele>1893.52</ele>
      </trkpt>
      <trkpt lat="42.686879960820079" lon="0.891169980168343">
        <ele>1889.3900000000001</ele>
      </trkpt>
      <trkpt lat="42.687544981017709" lon="0.89118498377502">
        <ele>1881.8400000000001</ele>
      </trkpt>
      <trkpt lat="42.688210001215339" lon="0.891199987381697">
        <ele>1873.2700000000002</ele>
      </trkpt>
      <trkpt lat="42.688730014488101" lon="0.891940025612712">
        <ele>1863.4200000000001</ele>
      </trkpt>
      <trkpt lat="42.689326638355851" lon="0.892193326726556">
        <ele>1855.8800000000001</ele>
      </trkpt>
      <trkpt lat="42.689923346042633" lon="0.8924466278404">
        <ele>1848.0900000000001</ele>
      </trkpt>
      <trkpt lat="42.690519969910383" lon="0.892700012773275">
        <ele>1840.95</ele>
      </trkpt>
      <trkpt lat="42.690839990973473" lon="0.892749968916178">
        <ele>1839.0400000000002</ele>
      </trkpt>
      <trkpt lat="42.691130004823208" lon="0.893060015514493">
        <ele>1834.3</ele>
      </trkpt>
      <trkpt lat="42.691450025886297" lon="0.893150037154555">
        <ele>1826.1900000000001</ele>
      </trkpt>
      <trkpt lat="42.691869959235191" lon="0.893109971657395">
        <ele>1820.1300000000001</ele>
      </trkpt>
      <trkpt lat="42.69248996861279" lon="0.893190018832684">
        <ele>1805.5700000000002</ele>
      </trkpt>
      <trkpt lat="42.692749975249171" lon="0.893350029364228">
        <ele>1798.72</ele>
      </trkpt>
      <trkpt lat="42.692870004102588" lon="0.893569970503449">
        <ele>1791.0900000000001</ele>
      </trkpt>
      <trkpt lat="42.693590009585023" lon="0.894270027056336">
        <ele>1771.03</ele>
      </trkpt>
      <trkpt lat="42.693729987367988" lon="0.894909985363483">
        <ele>1766.75</ele>
      </trkpt>
      <trkpt lat="42.693810034543276" lon="0.89602000080049">
        <ele>1757.8600000000001</ele>
      </trkpt>
      <trkpt lat="42.693810034543276" lon="0.896519981324673">
        <ele>1752.1600000000001</ele>
      </trkpt>
      <trkpt lat="42.69384004175663" lon="0.896670017391443">
        <ele>1749.2</ele>
      </trkpt>
      <trkpt lat="42.693910030648112" lon="0.896679991856217">
        <ele>1749.2</ele>
      </trkpt>
      <trkpt lat="42.693999968469143" lon="0.896659959107637">
        <ele>1748.5700000000002</ele>
      </trkpt>
      <trkpt lat="42.694140030071139" lon="0.896459966897964">
        <ele>1745.54</ele>
      </trkpt>
      <trkpt lat="42.694280007854104" lon="0.896559963002801">
        <ele>1743.0599999999999</ele>
      </trkpt>
      <trkpt lat="42.694410011172295" lon="0.896250000223517">
        <ele>1735.96</ele>
      </trkpt>
      <trkpt lat="42.694530040025711" lon="0.896099964156747">
        <ele>1734.05</ele>
      </trkpt>
      <trkpt lat="42.694549988955259" lon="0.895840041339397">
        <ele>1729.6700000000001</ele>
      </trkpt>
      <trkpt lat="42.694619977846742" lon="0.895629990845919">
        <ele>1724.1500000000001</ele>
      </trkpt>
      <trkpt lat="42.694649985060096" lon="0.895650023594499">
        <ele>1722.53</ele>
      </trkpt>
      <trkpt lat="42.694689966738224" lon="0.895529994741082">
        <ele>1722.53</ele>
      </trkpt>
      <trkpt lat="42.694740006700158" lon="0.895529994741082">
        <ele>1714.1600000000001</ele>
      </trkpt>
      <trkpt lat="42.694760039448738" lon="0.895420024171472">
        <ele>1714.1600000000001</ele>
      </trkpt>
      <trkpt lat="42.694860035553575" lon="0.895490013062954">
        <ele>1714.1600000000001</ele>
      </trkpt>
      <trkpt lat="42.694990038871765" lon="0.895429998636246">
        <ele>1704.53</ele>
      </trkpt>
      <trkpt lat="42.695030020549893" lon="0.895130010321736">
        <ele>1698.3800000000001</ele>
      </trkpt>
      <trkpt lat="42.695139991119504" lon="0.894960025325418">
        <ele>1696.2400000000002</ele>
      </trkpt>
      <trkpt lat="42.695249961689115" lon="0.894649978727102">
        <ele>1692.0900000000001</ele>
      </trkpt>
      <trkpt lat="42.695190031081438" lon="0.894459960982203">
        <ele>1690.29</ele>
      </trkpt>
      <trkpt lat="42.695169998332858" lon="0.893980013206601">
        <ele>1689.4400000000001</ele>
      </trkpt>
      <trkpt lat="42.69510998390615" lon="0.893550021573901">
        <ele>1687.7600000000002</ele>
      </trkpt>
      <trkpt lat="42.695009987801313" lon="0.893320022150874">
        <ele>1687.7900000000002</ele>
      </trkpt>
      <trkpt lat="42.695009987801313" lon="0.893120029941201">
        <ele>1687.01</ele>
      </trkpt>
      <trkpt lat="42.694960031658411" lon="0.892939986661077">
        <ele>1686.5899999999999</ele>
      </trkpt>
      <trkpt lat="42.694760039448738" lon="0.892570009455085">
        <ele>1685.52</ele>
      </trkpt>
      <trkpt lat="42.69478996284306" lon="0.89243003167212">
        <ele>1684.5899999999999</ele>
      </trkpt>
      <trkpt lat="42.694760039448738" lon="0.892240013927221">
        <ele>1682.1400000000001</ele>
      </trkpt>
      <trkpt lat="42.694470025599003" lon="0.891989981755614">
        <ele>1680.4100000000001</ele>
      </trkpt>
      <trkpt lat="42.694240026175976" lon="0.89142001233995">
        <ele>1679.24</ele>
      </trkpt>
      <trkpt lat="42.694140030071139" lon="0.891329990699887">
        <ele>1677.9300000000001</ele>
      </trkpt>
      <trkpt lat="42.694099964573979" lon="0.891180038452148">
        <ele>1676.3500000000001</ele>
      </trkpt>
      <trkpt lat="42.693959986791015" lon="0.89109999127686">
        <ele>1675.4700000000003</ele>
      </trkpt>
      <trkpt lat="42.693969961255789" lon="0.891009969636798">
        <ele>1674.53</ele>
      </trkpt>
      <trkpt lat="42.693480039015412" lon="0.890430025756359">
        <ele>1669.3700000000001</ele>
      </trkpt>
      <trkpt lat="42.693120036274195" lon="0.889859972521663">
        <ele>1661.1800000000001</ele>
      </trkpt>
      <trkpt lat="42.693149959668517" lon="0.889710020273924">
        <ele>1659.3700000000001</ele>
      </trkpt>
      <trkpt lat="42.693090029060841" lon="0.889569958671927">
        <ele>1655.6000000000001</ele>
      </trkpt>
      <trkpt lat="42.69296002574265" lon="0.889480020850897">
        <ele>1653.3700000000001</ele>
      </trkpt>
      <trkpt lat="42.692990032956004" lon="0.88935999199748">
        <ele>1651.8700000000001</ele>
      </trkpt>
      <trkpt lat="42.693149959668517" lon="0.889159999787807">
        <ele>1646.4400000000001</ele>
      </trkpt>
      <trkpt lat="42.693299995735288" lon="0.889009963721037">
        <ele>1639.1000000000001</ele>
      </trkpt>
      <trkpt lat="42.693469980731606" lon="0.889099985361099">
        <ele>1634.8900000000001</ele>
      </trkpt>
      <trkpt lat="42.693739961832762" lon="0.889399973675609">
        <ele>1629.2400000000002</ele>
      </trkpt>
      <trkpt lat="42.694185040891171" lon="0.889265025034547">
        <ele>1615.5400000000002</ele>
      </trkpt>
      <trkpt lat="42.694630036130548" lon="0.889129992574453">
        <ele>1596.5699999999999</ele>
      </trkpt>
      <trkpt lat="42.695090034976602" lon="0.888879960402846">
        <ele>1571.8299999999999</ele>
      </trkpt>
      <trkpt lat="42.695169998332858" lon="0.88895003311336">
        <ele>1569.8400000000001</ele>
      </trkpt>
      <trkpt lat="42.695300001651049" lon="0.888860011473298">
        <ele>1561.49</ele>
      </trkpt>
      <trkpt lat="42.69558004103601" lon="0.888709975406528">
        <ele>1551.77</ele>
      </trkpt>
      <trkpt lat="42.695910036563873" lon="0.888700000941753">
        <ele>1537.6500000000001</ele>
      </trkpt>
      <trkpt lat="42.696229973807931" lon="0.888639986515045">
        <ele>1527.7500000000002</ele>
      </trkpt>
      <trkpt lat="42.69639995880425" lon="0.888569997623563">
        <ele>1520.8199999999999</ele>
      </trkpt>
      <trkpt lat="42.696359977126122" lon="0.888470001518726">
        <ele>1519.5500000000002</ele>
      </trkpt>
      <trkpt lat="42.696470031514764" lon="0.888439994305372">
        <ele>1516.3300000000002</ele>
      </trkpt>
      <trkpt lat="42.696449998766184" lon="0.888319965451956">
        <ele>1513.74</ele>
      </trkpt>
      <trkpt lat="42.696689972653985" lon="0.888059958815575">
        <ele>1500.2900000000002</ele>
      </trkpt>
      <trkpt lat="42.696810001507401" lon="0.888030035421252">
        <ele>1498.8300000000002</ele>
      </trkpt>
      <trkpt lat="42.697030026465654" lon="0.88807001709938">
        <ele>1493.1300000000001</ele>
      </trkpt>
      <trkpt lat="42.697239993140101" lon="0.888179987668991">
        <ele>1488.46</ele>
      </trkpt>
      <trkpt lat="42.697490025311708" lon="0.888140005990863">
        <ele>1481.6900000000001</ele>
      </trkpt>
      <trkpt lat="42.698050020262599" lon="0.888760015368462">
        <ele>1461.1300000000001</ele>
      </trkpt>
      <trkpt lat="42.698090001940727" lon="0.888130031526089">
        <ele>1446.26</ele>
      </trkpt>
      <trkpt lat="42.698050020262599" lon="0.887559978291392">
        <ele>1435.5800000000002</ele>
      </trkpt>
      <trkpt lat="42.698110034689307" lon="0.887159993872046">
        <ele>1426.6500000000001</ele>
      </trkpt>
      <trkpt lat="42.698120009154081" lon="0.88665003888309">
        <ele>1412.3100000000002</ele>
      </trkpt>
      <trkpt lat="42.698080027475953" lon="0.886369999498129">
        <ele>1403.55</ele>
      </trkpt>
      <trkpt lat="42.69818002358079" lon="0.886290036141872">
        <ele>1400.3600000000001</ele>
      </trkpt>
      <trkpt lat="42.698419997468591" lon="0.886400006711483">
        <ele>1389.6900000000001</ele>
      </trkpt>
      <trkpt lat="42.698749992996454" lon="0.886739976704121">
        <ele>1378.2800000000002</ele>
      </trkpt>
      <trkpt lat="42.6991499774158" lon="0.886980034410954">
        <ele>1361.6700000000001</ele>
      </trkpt>
      <trkpt lat="42.699279980733991" lon="0.887269964441657">
        <ele>1354.0400000000002</ele>
      </trkpt>
      <trkpt lat="42.699449965730309" lon="0.887480014935136">
        <ele>1351.96</ele>
      </trkpt>
      <trkpt lat="42.6995799690485" lon="0.887519996613264">
        <ele>1347.6400000000001</ele>
      </trkpt>
      <trkpt lat="42.699679965153337" lon="0.88748998939991">
        <ele>1345.6500000000001</ele>
      </trkpt>
      <trkpt lat="42.699609976261854" lon="0.886899987235665">
        <ele>1331.1300000000001</ele>
      </trkpt>
      <trkpt lat="42.699909964576364" lon="0.886890012770891">
        <ele>1324.3299999999999</ele>
      </trkpt>
      <trkpt lat="42.699920022860169" lon="0.886769983917475">
        <ele>1322.7000000000003</ele>
      </trkpt>
      <trkpt lat="42.700090007856488" lon="0.886690020561218">
        <ele>1314.1800000000001</ele>
      </trkpt>
      <trkpt lat="42.700110040605068" lon="0.886579966172576">
        <ele>1312.5900000000001</ele>
      </trkpt>
      <trkpt lat="42.700329981744289" lon="0.886639980599284">
        <ele>1303.2800000000002</ele>
      </trkpt>
      <trkpt lat="42.700389996170998" lon="0.886449962854385">
        <ele>1299.8700000000001</ele>
      </trkpt>
      <trkpt lat="42.700440036132932" lon="0.886369999498129">
        <ele>1290.9200000000001</ele>
      </trkpt>
      <trkpt lat="42.700499966740608" lon="0.886390032246709">
        <ele>1290.9200000000001</ele>
      </trkpt>
      <trkpt lat="42.700629970058799" lon="0.886209988966584">
        <ele>1286.4300000000001</ele>
      </trkpt>
      <trkpt lat="42.700940016657114" lon="0.886449962854385">
        <ele>1275.0800000000002</ele>
      </trkpt>
      <trkpt lat="42.700949991121888" lon="0.886360025033355">
        <ele>1272.6500000000001</ele>
      </trkpt>
      <trkpt lat="42.701049987226725" lon="0.886500002816319">
        <ele>1269.8900000000001</ele>
      </trkpt>
      <trkpt lat="42.701219972223043" lon="0.886920019984245">
        <ele>1263.7200000000003</ele>
      </trkpt>
      <trkpt lat="42.701270012184978" lon="0.887559978291392">
        <ele>1265.3500000000001</ele>
      </trkpt>
      <trkpt lat="42.70134000107646" lon="0.887910006567836">
        <ele>1267.1900000000001</ele>
      </trkpt>
      <trkpt lat="42.701330026611686" lon="0.888200020417571">
        <ele>1268.78</ele>
      </trkpt>
      <trkpt lat="42.701745014637709" lon="0.888600004836917">
        <ele>1257.6300000000001</ele>
      </trkpt>
      <trkpt lat="42.702160002663732" lon="0.888999989256263">
        <ele>1247.72</ele>
      </trkpt>
      <trkpt lat="42.702589994296432" lon="0.889069978147745">
        <ele>1237.26</ele>
      </trkpt>
      <trkpt lat="42.70318997092545" lon="0.889239963144064">
        <ele>1222.7400000000002</ele>
      </trkpt>
      <trkpt lat="42.703579980880022" lon="0.889420006424189">
        <ele>1215.0400000000002</ele>
      </trkpt>
      <trkpt lat="42.703479984775186" lon="0.889090010896325">
        <ele>1212.3600000000001</ele>
      </trkpt>
      <trkpt lat="42.70323003642261" lon="0.888609979301691">
        <ele>1208.23</ele>
      </trkpt>
      <trkpt lat="42.703070025891066" lon="0.888179987668991">
        <ele>1207.0700000000002</ele>
      </trkpt>
      <trkpt lat="42.702870033681393" lon="0.887310029938817">
        <ele>1202.26</ele>
      </trkpt>
      <trkpt lat="42.702599968761206" lon="0.886539984494448">
        <ele>1203.3100000000002</ele>
      </trkpt>
      <trkpt lat="42.702489998191595" lon="0.886119967326522">
        <ele>1202.9100000000001</ele>
      </trkpt>
      <trkpt lat="42.702399976551533" lon="0.885589979588985">
        <ele>1201.5500000000002</ele>
      </trkpt>
      <trkpt lat="42.702390002086759" lon="0.88529996573925">
        <ele>1201.3200000000002</ele>
      </trkpt>
      <trkpt lat="42.702439958229661" lon="0.885010035708547">
        <ele>1200.5599999999999</ele>
      </trkpt>
      <trkpt lat="42.70275997929275" lon="0.884119961410761">
        <ele>1200.46</ele>
      </trkpt>
      <trkpt lat="42.702850000932813" lon="0.883800024166703">
        <ele>1198.1300000000001</ele>
      </trkpt>
      <trkpt lat="42.702859975397587" lon="0.88304003700614">
        <ele>1193.2500000000002</ele>
      </trkpt>
      <trkpt lat="42.702819993719459" lon="0.882439976558089">
        <ele>1190.5400000000002</ele>
      </trkpt>
      <trkpt lat="42.702659983187914" lon="0.881979977712035">
        <ele>1188.4100000000001</ele>
      </trkpt>
      <trkpt lat="42.702380027621984" lon="0.881419982761145">
        <ele>1183.9400000000001</ele>
      </trkpt>
      <trkpt lat="42.702069981023669" lon="0.880550025030971">
        <ele>1182.96</ele>
      </trkpt>
      <trkpt lat="42.701850039884448" lon="0.879739997908473">
        <ele>1177.23</ele>
      </trkpt>
      <trkpt lat="42.701760018244386" lon="0.879300031810999">
        <ele>1176.3100000000002</ele>
      </trkpt>
      <trkpt lat="42.701739985495806" lon="0.878899963572621">
        <ele>1177.24</ele>
      </trkpt>
      <trkpt lat="42.701700003817677" lon="0.878750011324883">
        <ele>1177.51</ele>
      </trkpt>
      <trkpt lat="42.701700003817677" lon="0.878559993579984">
        <ele>1177.2600000000002</ele>
      </trkpt>
      <trkpt lat="42.701760018244386" lon="0.878299986943603">
        <ele>1175.0699999999999</ele>
      </trkpt>
      <trkpt lat="42.701869988813996" lon="0.878069987520576">
        <ele>1171.9700000000003</ele>
      </trkpt>
      <trkpt lat="42.702029999345541" lon="0.877820039168">
        <ele>1169.46</ele>
      </trkpt>
      <trkpt lat="42.702069981023669" lon="0.877549974247813">
        <ele>1168.5</ele>
      </trkpt>
      <trkpt lat="42.701370008289814" lon="0.876959972083569">
        <ele>1166.8100000000002</ele>
      </trkpt>
      <trkpt lat="42.701070019975305" lon="0.876650009304285">
        <ele>1166.7800000000002</ele>
      </trkpt>
      <trkpt lat="42.700610021129251" lon="0.876410035416484">
        <ele>1166.77</ele>
      </trkpt>
      <trkpt lat="42.700150022283196" lon="0.876169977709651">
        <ele>1166.5800000000002</ele>
      </trkpt>
      <trkpt lat="42.699980037286878" lon="0.876109963282943">
        <ele>1166.5800000000002</ele>
      </trkpt>
      <trkpt lat="42.699860008433461" lon="0.876109963282943">
        <ele>1157.7</ele>
      </trkpt>
      <trkpt lat="42.700420003384352" lon="0.875279987230897">
        <ele>1152.1600000000001</ele>
      </trkpt>
      <trkpt lat="42.700320007279515" lon="0.874800039455295">
        <ele>1149.5900000000001</ele>
      </trkpt>
      <trkpt lat="42.700239960104227" lon="0.873990012332797">
        <ele>1147.5799999999999</ele>
      </trkpt>
      <trkpt lat="42.699929997324944" lon="0.873270006850362">
        <ele>1145.3699999999999</ele>
      </trkpt>
      <trkpt lat="42.69962003454566" lon="0.872550001367927">
        <ele>1143.25</ele>
      </trkpt>
      <trkpt lat="42.699400009587407" lon="0.872159991413355">
        <ele>1141.98</ele>
      </trkpt>
      <trkpt lat="42.699309987947345" lon="0.871839970350266">
        <ele>1141.5600000000002</ele>
      </trkpt>
      <trkpt lat="42.699030032381415" lon="0.871709967032075">
        <ele>1141.3699999999999</ele>
      </trkpt>
      <trkpt lat="42.698830040171742" lon="0.871679959818721">
        <ele>1141.8700000000001</ele>
      </trkpt>
      <trkpt lat="42.698600040748715" lon="0.871609970927238">
        <ele>1142.8299999999999</ele>
      </trkpt>
      <trkpt lat="42.698519993573427" lon="0.871539982035756">
        <ele>1142.8</ele>
      </trkpt>
      <trkpt lat="42.698480011895299" lon="0.8714600186795">
        <ele>1142.8</ele>
      </trkpt>
      <trkpt lat="42.698459979146719" lon="0.871339989826083">
        <ele>1142.5899999999999</ele>
      </trkpt>
      <trkpt lat="42.698399964720011" lon="0.87111996486783">
        <ele>1142.3900000000001</ele>
      </trkpt>
      <trkpt lat="42.6982899941504" lon="0.870919972658157">
        <ele>1142.5899999999999</ele>
      </trkpt>
      <trkpt lat="42.69818002358079" lon="0.870849983766675">
        <ele>1143.45</ele>
      </trkpt>
      <trkpt lat="42.698069969192147" lon="0.870470032095909">
        <ele>1146.6100000000001</ele>
      </trkpt>
      <trkpt lat="42.697990005835891" lon="0.870350003242493">
        <ele>1147.0900000000001</ele>
      </trkpt>
      <trkpt lat="42.698110034689307" lon="0.869869971647859">
        <ele>1145.99</ele>
      </trkpt>
      <trkpt lat="42.698080027475953" lon="0.869509968906641">
        <ele>1145.3800000000001</ele>
      </trkpt>
      <trkpt lat="42.697990005835891" lon="0.869090035557747">
        <ele>1144.4200000000001</ele>
      </trkpt>
      <trkpt lat="42.697950024157763" lon="0.868670018389821">
        <ele>1141.6900000000001</ele>
      </trkpt>
      <trkpt lat="42.697950024157763" lon="0.868229968473315">
        <ele>1140.4400000000001</ele>
      </trkpt>
      <trkpt lat="42.697990005835891" lon="0.867799976840615">
        <ele>1138.76</ele>
      </trkpt>
      <trkpt lat="42.698059994727373" lon="0.867429999634624">
        <ele>1137.8400000000001</ele>
      </trkpt>
      <trkpt lat="42.698189998045564" lon="0.866909986361861">
        <ele>1135.54</ele>
      </trkpt>
      <trkpt lat="42.698220005258918" lon="0.866300035268068">
        <ele>1134.1199999999999</ele>
      </trkpt>
      <trkpt lat="42.698299968615174" lon="0.865750014781952">
        <ele>1134.7200000000003</ele>
      </trkpt>
      <trkpt lat="42.6982899941504" lon="0.865169987082481">
        <ele>1134.3700000000001</ele>
      </trkpt>
      <trkpt lat="42.69831002689898" lon="0.864619966596365">
        <ele>1132.8800000000001</ele>
      </trkpt>
      <trkpt lat="42.698350008577108" lon="0.864300029352307">
        <ele>1131.9400000000001</ele>
      </trkpt>
      <trkpt lat="42.698429971933365" lon="0.86407002992928">
        <ele>1131.79</ele>
      </trkpt>
      <trkpt lat="42.698519993573427" lon="0.863610031083226">
        <ele>1130.8400000000001</ele>
      </trkpt>
      <trkpt lat="42.698550000786781" lon="0.862999996170402">
        <ele>1130</ele>
      </trkpt>
      <trkpt lat="42.698710011318326" lon="0.862055020406842">
        <ele>1128.98</ele>
      </trkpt>
      <trkpt lat="42.698870021849871" lon="0.861109960824251">
        <ele>1127.8499999999999</ele>
      </trkpt>
      <trkpt lat="42.698879996314645" lon="0.86086998693645">
        <ele>1127.5600000000002</ele>
      </trkpt>
      <trkpt lat="42.698570033535361" lon="0.859910007566214">
        <ele>1124.8200000000002</ele>
      </trkpt>
      <trkpt lat="42.698529968038201" lon="0.859759971499443">
        <ele>1124.5</ele>
      </trkpt>
      <trkpt lat="42.698519993573427" lon="0.859589986503124">
        <ele>1124.4300000000001</ele>
      </trkpt>
      <trkpt lat="42.698570033535361" lon="0.859210034832358">
        <ele>1124.73</ele>
      </trkpt>
      <trkpt lat="42.698600040748715" lon="0.858390033245087">
        <ele>1123.51</ele>
      </trkpt>
      <trkpt lat="42.698689978569746" lon="0.857989965006709">
        <ele>1123.2900000000002</ele>
      </trkpt>
      <trkpt lat="42.698689978569746" lon="0.857849987223744">
        <ele>1123.1800000000001</ele>
      </trkpt>
      <trkpt lat="42.698640022426844" lon="0.857619987800717">
        <ele>1122.49</ele>
      </trkpt>
      <trkpt lat="42.698780000209808" lon="0.85693996399641">
        <ele>1120.6400000000001</ele>
      </trkpt>
      <trkpt lat="42.698859963566065" lon="0.856799986213446">
        <ele>1120.6400000000001</ele>
      </trkpt>
      <trkpt lat="42.698930036276579" lon="0.856609968468547">
        <ele>1120.1900000000001</ele>
      </trkpt>
      <trkpt lat="42.698919977992773" lon="0.856450041756034">
        <ele>1119.97</ele>
      </trkpt>
      <trkpt lat="42.698770025745034" lon="0.856019966304302">
        <ele>1118.72</ele>
      </trkpt>
      <trkpt lat="42.698629964143038" lon="0.8555400185287">
        <ele>1118.0899999999999</ele>
      </trkpt>
      <trkpt lat="42.698499960824847" lon="0.854969965294003">
        <ele>1116.74</ele>
      </trkpt>
      <trkpt lat="42.698489986360073" lon="0.854690009728074">
        <ele>1116.74</ele>
      </trkpt>
      <trkpt lat="42.698419997468591" lon="0.853909989818931">
        <ele>1115.4400000000001</ele>
      </trkpt>
      <trkpt lat="42.698450004681945" lon="0.85332996211946">
        <ele>1114.9000000000001</ele>
      </trkpt>
      <trkpt lat="42.698240038007498" lon="0.852820007130504">
        <ele>1113.5900000000001</ele>
      </trkpt>
      <trkpt lat="42.698189998045564" lon="0.852550026029348">
        <ele>1113.1100000000001</ele>
      </trkpt>
      <trkpt lat="42.698259986937046" lon="0.851660035550594">
        <ele>1111.48</ele>
      </trkpt>
      <trkpt lat="42.698329975828528" lon="0.850769961252809">
        <ele>1120.0700000000002</ele>
      </trkpt>
      <trkpt lat="42.6982899941504" lon="0.850350027903914">
        <ele>1114.9900000000002</ele>
      </trkpt>
      <trkpt lat="42.69826996140182" lon="0.850350027903914">
        <ele>1116.3599999999999</ele>
      </trkpt>
      <trkpt lat="42.698250012472272" lon="0.850269980728626">
        <ele>1116.3599999999999</ele>
      </trkpt>
      <trkpt lat="42.698240038007498" lon="0.849969992414117">
        <ele>1122.26</ele>
      </trkpt>
      <trkpt lat="42.698120009154081" lon="0.849549975246191">
        <ele>1123.5900000000001</ele>
      </trkpt>
      <trkpt lat="42.698080027475953" lon="0.849240012466908">
        <ele>1129.6900000000001</ele>
      </trkpt>
      <trkpt lat="42.698069969192147" lon="0.848899958655238">
        <ele>1133.24</ele>
      </trkpt>
      <trkpt lat="42.697909958660603" lon="0.848420010879636">
        <ele>1137.79</ele>
      </trkpt>
      <trkpt lat="42.697820020839572" lon="0.847920030355453">
        <ele>1143.73</ele>
      </trkpt>
      <trkpt lat="42.697660010308027" lon="0.847609983757138">
        <ele>1148.1900000000001</ele>
      </trkpt>
      <trkpt lat="42.697520032525063" lon="0.847030039876699">
        <ele>1155.3500000000001</ele>
      </trkpt>
      <trkpt lat="42.697460018098354" lon="0.846880003809929">
        <ele>1156.6100000000001</ele>
      </trkpt>
      <trkpt lat="42.697430010885" lon="0.846670037135482">
        <ele>1158.3400000000001</ele>
      </trkpt>
      <trkpt lat="42.697109989821911" lon="0.845769988372922">
        <ele>1169.7700000000002</ele>
      </trkpt>
      <trkpt lat="42.697090040892363" lon="0.845630010589957">
        <ele>1171.9200000000001</ele>
      </trkpt>
      <trkpt lat="42.697019968181849" lon="0.845449967309833">
        <ele>1173.0200000000002</ele>
      </trkpt>
      <trkpt lat="42.697009993717074" lon="0.845430018380284">
        <ele>1173.0200000000002</ele>
      </trkpt>
      <trkpt lat="42.696580002084374" lon="0.844879997894168">
        <ele>1174.1700000000001</ele>
      </trkpt>
      <trkpt lat="42.696489980444312" lon="0.844719987362623">
        <ele>1174.1800000000001</ele>
      </trkpt>
      <trkpt lat="42.696459973230958" lon="0.844640024006367">
        <ele>1174.3499999999999</ele>
      </trkpt>
      <trkpt lat="42.695920011028647" lon="0.84393996745348">
        <ele>1189.8200000000002</ele>
      </trkpt>
      <trkpt lat="42.695890003815293" lon="0.843760007992387">
        <ele>1190.73</ele>
      </trkpt>
      <trkpt lat="42.695590015500784" lon="0.843369998037815">
        <ele>1199.72</ele>
      </trkpt>
      <trkpt lat="42.69526001997292" lon="0.843179980292916">
        <ele>1207.1400000000001</ele>
      </trkpt>
      <trkpt lat="42.694709999486804" lon="0.842940006405115">
        <ele>1225.5600000000002</ele>
      </trkpt>
      <trkpt lat="42.693899972364306" lon="0.842470033094287">
        <ele>1256.4000000000001</ele>
      </trkpt>
      <trkpt lat="42.693889997899532" lon="0.842749988660216">
        <ele>1267.8</ele>
      </trkpt>
      <trkpt lat="42.693720012903214" lon="0.842789970338345">
        <ele>1270.8000000000002</ele>
      </trkpt>
      <trkpt lat="42.693520020693541" lon="0.842540021985769">
        <ele>1276.73</ele>
      </trkpt>
      <trkpt lat="42.693320028483868" lon="0.842380011454225">
        <ele>1284.4000000000001</ele>
      </trkpt>
      <trkpt lat="42.693120036274195" lon="0.842020008713007">
        <ele>1294.9700000000003</ele>
      </trkpt>
      <trkpt lat="42.693009981885552" lon="0.842080023139715">
        <ele>1296.52</ele>
      </trkpt>
      <trkpt lat="42.692740000784397" lon="0.841639973223209">
        <ele>1313.96</ele>
      </trkpt>
      <trkpt lat="42.692430038005114" lon="0.841569984331727">
        <ele>1323.1099999999999</ele>
      </trkpt>
      <trkpt lat="42.692089984193444" lon="0.841379966586828">
        <ele>1331.6199999999999</ele>
      </trkpt>
      <trkpt lat="42.691595032811165" lon="0.840885015204549">
        <ele>1348.74</ele>
      </trkpt>
      <trkpt lat="42.691099997609854" lon="0.840389980003238">
        <ele>1368.5999999999999</ele>
      </trkpt>
      <trkpt lat="42.690979968756437" lon="0.840340023860335">
        <ele>1371.7100000000003</ele>
      </trkpt>
      <trkpt lat="42.690400024875998" lon="0.840170038864017">
        <ele>1388.8299999999999</ele>
      </trkpt>
      <trkpt lat="42.690519969910383" lon="0.84050003439188">
        <ele>1400.5599999999999</ele>
      </trkpt>
      <trkpt lat="42.690149992704391" lon="0.840640012174845">
        <ele>1418.22</ele>
      </trkpt>
      <trkpt lat="42.689859978854656" lon="0.8404800016433">
        <ele>1426.4300000000001</ele>
      </trkpt>
      <trkpt lat="42.689669961109757" lon="0.840210020542145">
        <ele>1431.01</ele>
      </trkpt>
      <trkpt lat="42.689610030502081" lon="0.840280009433627">
        <ele>1443.5900000000001</ele>
      </trkpt>
      <trkpt lat="42.68945999443531" lon="0.840080017223954">
        <ele>1448.5</ele>
      </trkpt>
      <trkpt lat="42.6893500238657" lon="0.840119998902082">
        <ele>1448.5</ele>
      </trkpt>
      <trkpt lat="42.689369972795248" lon="0.840289983898401">
        <ele>1459.0500000000002</ele>
      </trkpt>
      <trkpt lat="42.689039977267385" lon="0.840010028332472">
        <ele>1469.1700000000001</ele>
      </trkpt>
      <trkpt lat="42.68905003555119" lon="0.840129973366857">
        <ele>1478.0000000000002</ele>
      </trkpt>
      <trkpt lat="42.688389960676432" lon="0.840080017223954">
        <ele>1495.72</ele>
      </trkpt>
      <trkpt lat="42.688340004533529" lon="0.839980021119118">
        <ele>1504.0500000000002</ele>
      </trkpt>
      <trkpt lat="42.688300022855401" lon="0.839609960094094">
        <ele>1512.6900000000001</ele>
      </trkpt>
      <trkpt lat="42.688000034540892" lon="0.839739963412285">
        <ele>1527.0899999999999</ele>
      </trkpt>
      <trkpt lat="42.688000034540892" lon="0.839390018954873">
        <ele>1537.0100000000002</ele>
      </trkpt>
      <trkpt lat="42.687670039013028" lon="0.839450033381581">
        <ele>1550.0600000000002</ele>
      </trkpt>
      <trkpt lat="42.687550010159612" lon="0.839130012318492">
        <ele>1558.1200000000001</ele>
      </trkpt>
      <trkpt lat="42.687350017949939" lon="0.839420026168227">
        <ele>1568.9100000000001</ele>
      </trkpt>
      <trkpt lat="42.687220014631748" lon="0.839200001209974">
        <ele>1575.8700000000001</ele>
      </trkpt>
      <trkpt lat="42.687060004100204" lon="0.839100005105138">
        <ele>1587.23</ele>
      </trkpt>
      <trkpt lat="42.686850037425756" lon="0.839139986783266">
        <ele>1593.3400000000001</ele>
      </trkpt>
      <trkpt lat="42.686390038579702" lon="0.838559959083796">
        <ele>1613.79</ele>
      </trkpt>
      <trkpt lat="42.685989970341325" lon="0.838540010154247">
        <ele>1626.0800000000002</ele>
      </trkpt>
      <trkpt lat="42.68582995980978" lon="0.83863003179431">
        <ele>1633.2700000000002</ele>
      </trkpt>
      <trkpt lat="42.68539996817708" lon="0.838670013472438">
        <ele>1645.5700000000002</ele>
      </trkpt>
      <trkpt lat="42.68496997654438" lon="0.83860999904573">
        <ele>1658.0500000000002</ele>
      </trkpt>
      <trkpt lat="42.684520035982132" lon="0.8387600351125">
        <ele>1668.9200000000001</ele>
      </trkpt>
      <trkpt lat="42.684390032663941" lon="0.838939994573593">
        <ele>1671.24</ele>
      </trkpt>
      <trkpt lat="42.684260029345751" lon="0.838960027322173">
        <ele>1672.1000000000001</ele>
      </trkpt>
      <trkpt lat="42.684160033240914" lon="0.838949969038367">
        <ele>1672.3900000000001</ele>
      </trkpt>
      <trkpt lat="42.683949982747436" lon="0.839000009000301">
        <ele>1673.0699999999999</ele>
      </trkpt>
      <trkpt lat="42.683849986642599" lon="0.838939994573593">
        <ele>1673.9300000000001</ele>
      </trkpt>
      <trkpt lat="42.683749990537763" lon="0.838930020108819">
        <ele>1674.29</ele>
      </trkpt>
      <trkpt lat="42.683350006118417" lon="0.839139986783266">
        <ele>1674.74</ele>
      </trkpt>
      <trkpt lat="42.683229977265" lon="0.839179968461394">
        <ele>1675.2000000000003</ele>
      </trkpt>
      <trkpt lat="42.682999977841973" lon="0.839179968461394">
        <ele>1675.2900000000002</ele>
      </trkpt>
      <trkpt lat="42.682769978418946" lon="0.839269990101457">
        <ele>1675.0500000000002</ele>
      </trkpt>
      <trkpt lat="42.682660007849336" lon="0.839339978992939">
        <ele>1674.9100000000001</ele>
      </trkpt>
      <trkpt lat="42.682539978995919" lon="0.839309971779585">
        <ele>1674.3400000000001</ele>
      </trkpt>
      <trkpt lat="42.682179976254702" lon="0.839120037853718">
        <ele>1671.6400000000001</ele>
      </trkpt>
      <trkpt lat="42.682060031220317" lon="0.839139986783266">
        <ele>1671.28</ele>
      </trkpt>
      <trkpt lat="42.681819973513484" lon="0.839260015636683">
        <ele>1671.95</ele>
      </trkpt>
      <trkpt lat="42.681559966877103" lon="0.839460007846355">
        <ele>1674.5700000000002</ele>
      </trkpt>
      <trkpt lat="42.681419989094138" lon="0.83949001505971">
        <ele>1675.0999999999999</ele>
      </trkpt>
      <trkpt lat="42.681229971349239" lon="0.839629992842674">
        <ele>1676.6900000000003</ele>
      </trkpt>
      <trkpt lat="42.681129975244403" lon="0.839660000056028">
        <ele>1676.95</ele>
      </trkpt>
      <trkpt lat="42.680450035259128" lon="0.839720014482737">
        <ele>1684.5800000000002</ele>
      </trkpt>
      <trkpt lat="42.680139988660812" lon="0.839509963989258">
        <ele>1686.9300000000001</ele>
      </trkpt>
      <trkpt lat="42.679830025881529" lon="0.839369986206293">
        <ele>1686.3700000000001</ele>
      </trkpt>
      <trkpt lat="42.679559960961342" lon="0.839330004528165">
        <ele>1685.25</ele>
      </trkpt>
      <trkpt lat="42.679430041462183" lon="0.83916999399662">
        <ele>1684.9300000000001</ele>
      </trkpt>
      <trkpt lat="42.679370027035475" lon="0.838970001786947">
        <ele>1684.46</ele>
      </trkpt>
      <trkpt lat="42.679389975965023" lon="0.838860031217337">
        <ele>1691.8400000000001</ele>
      </trkpt>
      <trkpt lat="42.679310012608767" lon="0.838489970192313">
        <ele>1693.28</ele>
      </trkpt>
      <trkpt lat="42.679070038720965" lon="0.838540010154247">
        <ele>1695.8700000000001</ele>
      </trkpt>
      <trkpt lat="42.678690003231168" lon="0.838679987937212">
        <ele>1698.0300000000002</ele>
      </trkpt>
      <trkpt lat="42.678000004962087" lon="0.8388049621135">
        <ele>1700.1800000000003</ele>
      </trkpt>
      <trkpt lat="42.677310006693006" lon="0.838930020108819">
        <ele>1704.5700000000002</ele>
      </trkpt>
      <trkpt lat="42.676919996738434" lon="0.838860031217337">
        <ele>1706.6400000000001</ele>
      </trkpt>
      <trkpt lat="42.676539961248636" lon="0.838870005682111">
        <ele>1709.74</ele>
      </trkpt>
      <trkpt lat="42.676209965720773" lon="0.838819965720177">
        <ele>1712.1600000000001</ele>
      </trkpt>
      <trkpt lat="42.675719959661365" lon="0.839000009000301">
        <ele>1715.0500000000002</ele>
      </trkpt>
      <trkpt lat="42.675370015203953" lon="0.839049965143204">
        <ele>1718.5100000000002</ele>
      </trkpt>
      <trkpt lat="42.675089975818992" lon="0.838830024003983">
        <ele>1721.7600000000002</ele>
      </trkpt>
      <trkpt lat="42.674250025302172" lon="0.838459962978959">
        <ele>1729.3200000000002</ele>
      </trkpt>
      <trkpt lat="42.673960011452436" lon="0.838070036843419">
        <ele>1732.7500000000002</ele>
      </trkpt>
      <trkpt lat="42.673560027033091" lon="0.837690001353621">
        <ele>1739.0200000000002</ele>
      </trkpt>
      <trkpt lat="42.673240005970001" lon="0.837499983608723">
        <ele>1743.1500000000001</ele>
      </trkpt>
      <trkpt lat="42.672870028764009" lon="0.837220028042793">
        <ele>1750.02</ele>
      </trkpt>
      <trkpt lat="42.672069976106286" lon="0.836749970912933">
        <ele>1761.4400000000001</ele>
      </trkpt>
      <trkpt lat="42.671720031648874" lon="0.836349986493587">
        <ele>1766.1300000000001</ele>
      </trkpt>
      <trkpt lat="42.671479973942041" lon="0.836240015923977">
        <ele>1770.2700000000002</ele>
      </trkpt>
      <trkpt lat="42.671070015057921" lon="0.835880013182759">
        <ele>1778.4000000000001</ele>
      </trkpt>
      <trkpt lat="42.67068000510335" lon="0.835740035399795">
        <ele>1780.3099999999999</ele>
      </trkpt>
      <trkpt lat="42.670450005680323" lon="0.835620006546378">
        <ele>1781.73</ele>
      </trkpt>
      <trkpt lat="42.670289995148778" lon="0.835599973797798">
        <ele>1782.1800000000001</ele>
      </trkpt>
      <trkpt lat="42.671070015057921" lon="0.835880013182759">
        <ele>1774.0699999999999</ele>
      </trkpt>
      <trkpt lat="42.671479973942041" lon="0.836240015923977">
        <ele>1770.2700000000002</ele>
      </trkpt>
      <trkpt lat="42.671720031648874" lon="0.836349986493587">
        <ele>1766.1300000000001</ele>
      </trkpt>
      <trkpt lat="42.672069976106286" lon="0.836749970912933">
        <ele>1759.9400000000001</ele>
      </trkpt>
      <trkpt lat="42.672870028764009" lon="0.837220028042793">
        <ele>1747.4400000000001</ele>
      </trkpt>
      <trkpt lat="42.673240005970001" lon="0.837499983608723">
        <ele>1743.1500000000001</ele>
      </trkpt>
      <trkpt lat="42.673560027033091" lon="0.837690001353621">
        <ele>1737.9000000000001</ele>
      </trkpt>
      <trkpt lat="42.673960011452436" lon="0.838070036843419">
        <ele>1732.7500000000002</ele>
      </trkpt>
      <trkpt lat="42.674250025302172" lon="0.838459962978959">
        <ele>1728.9400000000001</ele>
      </trkpt>
      <trkpt lat="42.675089975818992" lon="0.838830024003983">
        <ele>1720.7500000000002</ele>
      </trkpt>
      <trkpt lat="42.675370015203953" lon="0.839049965143204">
        <ele>1717.71</ele>
      </trkpt>
      <trkpt lat="42.675719959661365" lon="0.839000009000301">
        <ele>1715.0500000000002</ele>
      </trkpt>
      <trkpt lat="42.676209965720773" lon="0.838819965720177">
        <ele>1712.1600000000001</ele>
      </trkpt>
      <trkpt lat="42.676539961248636" lon="0.838870005682111">
        <ele>1709.74</ele>
      </trkpt>
      <trkpt lat="42.676919996738434" lon="0.838860031217337">
        <ele>1706.6400000000001</ele>
      </trkpt>
      <trkpt lat="42.677310006693006" lon="0.838930020108819">
        <ele>1703.4900000000002</ele>
      </trkpt>
      <trkpt lat="42.678000004962087" lon="0.8388049621135">
        <ele>1700.1800000000003</ele>
      </trkpt>
      <trkpt lat="42.678690003231168" lon="0.838679987937212">
        <ele>1698.0300000000002</ele>
      </trkpt>
      <trkpt lat="42.679070038720965" lon="0.838540010154247">
        <ele>1695.8700000000001</ele>
      </trkpt>
      <trkpt lat="42.679779985919595" lon="0.838400032371283">
        <ele>1691.04</ele>
      </trkpt>
      <trkpt lat="42.680279966443777" lon="0.838050004094839">
        <ele>1688.3300000000002</ele>
      </trkpt>
      <trkpt lat="42.680859994143248" lon="0.837810030207038">
        <ele>1686.9900000000002</ele>
      </trkpt>
      <trkpt lat="42.681374978274107" lon="0.837529990822077">
        <ele>1686.2100000000003</ele>
      </trkpt>
      <trkpt lat="42.681889962404966" lon="0.837250035256147">
        <ele>1683.5900000000001</ele>
      </trkpt>
      <trkpt lat="42.682450041174889" lon="0.837130006402731">
        <ele>1680.5500000000002</ele>
      </trkpt>
      <trkpt lat="42.683240035548806" lon="0.836670007556677">
        <ele>1672.26</ele>
      </trkpt>
      <trkpt lat="42.6836599688977" lon="0.836670007556677">
        <ele>1668.02</ele>
      </trkpt>
      <trkpt lat="42.684070011600852" lon="0.836330037564039">
        <ele>1663.0800000000002</ele>
      </trkpt>
      <trkpt lat="42.684520035982132" lon="0.836059972643852">
        <ele>1655</ele>
      </trkpt>
      <trkpt lat="42.684790017083287" lon="0.836019990965724">
        <ele>1652.4200000000003</ele>
      </trkpt>
      <trkpt lat="42.685050023719668" lon="0.835889987647533">
        <ele>1648.98</ele>
      </trkpt>
      <trkpt lat="42.685670033097267" lon="0.835789991542697">
        <ele>1645.3700000000001</ele>
      </trkpt>
      <trkpt lat="42.685879999771714" lon="0.835880013182759">
        <ele>1644.4900000000002</ele>
      </trkpt>
      <trkpt lat="42.686010003089905" lon="0.835850005969405">
        <ele>1643.72</ele>
      </trkpt>
      <trkpt lat="42.68630001693964" lon="0.835650013759732">
        <ele>1640.8900000000001</ele>
      </trkpt>
      <trkpt lat="42.686560023576021" lon="0.835610032081604">
        <ele>1638.8900000000001</ele>
      </trkpt>
      <trkpt lat="42.687069978564978" lon="0.83515003323555">
        <ele>1635.76</ele>
      </trkpt>
      <trkpt lat="42.687150025740266" lon="0.835020029917359">
        <ele>1635.5700000000002</ele>
      </trkpt>
      <trkpt lat="42.687250021845102" lon="0.834630019962788">
        <ele>1633.3200000000002</ele>
      </trkpt>
      <trkpt lat="42.687199981883168" lon="0.834189970046282">
        <ele>1629.49</ele>
      </trkpt>
      <trkpt lat="42.687020022422075" lon="0.833680015057325">
        <ele>1623.22</ele>
      </trkpt>
      <trkpt lat="42.686950033530593" lon="0.832869987934828">
        <ele>1616.6500000000001</ele>
      </trkpt>
      <trkpt lat="42.686939975246787" lon="0.832390040159225">
        <ele>1611.1400000000001</ele>
      </trkpt>
      <trkpt lat="42.686669994145632" lon="0.831680009141564">
        <ele>1605.9000000000001</ele>
      </trkpt>
      <trkpt lat="42.686439994722605" lon="0.831210035830736">
        <ele>1603.4400000000001</ele>
      </trkpt>
      <trkpt lat="42.686439994722605" lon="0.831120014190674">
        <ele>1603.4400000000001</ele>
      </trkpt>
      <trkpt lat="42.686470001935959" lon="0.83106997422874">
        <ele>1601.6800000000003</ele>
      </trkpt>
      <trkpt lat="42.686509983614087" lon="0.83106997422874">
        <ele>1601.6800000000003</ele>
      </trkpt>
      <trkpt lat="42.686560023576021" lon="0.8311100397259">
        <ele>1600.6300000000001</ele>
      </trkpt>
      <trkpt lat="42.686690026894212" lon="0.831320006400347">
        <ele>1599.0799999999999</ele>
      </trkpt>
      <trkpt lat="42.686960007995367" lon="0.831874972209334">
        <ele>1594.7900000000002</ele>
      </trkpt>
      <trkpt lat="42.687229989096522" lon="0.832430021837354">
        <ele>1591.76</ele>
      </trkpt>
      <trkpt lat="42.687559984624386" lon="0.833039972931147">
        <ele>1587.2700000000002</ele>
      </trkpt>
      <trkpt lat="42.687659980729222" lon="0.833160001784563">
        <ele>1586.3800000000001</ele>
      </trkpt>
      <trkpt lat="42.687729969620705" lon="0.833109961822629">
        <ele>1584.23</ele>
      </trkpt>
      <trkpt lat="42.687710020691156" lon="0.832999991253018">
        <ele>1583.73</ele>
      </trkpt>
      <trkpt lat="42.68761002458632" lon="0.832869987934828">
        <ele>1582.8099999999999</ele>
      </trkpt>
      <trkpt lat="42.687389999628067" lon="0.832349974662066">
        <ele>1578.0599999999999</ele>
      </trkpt>
      <trkpt lat="42.687150025740266" lon="0.831250017508864">
        <ele>1572.75</ele>
      </trkpt>
      <trkpt lat="42.687129992991686" lon="0.830430015921593">
        <ele>1567.8100000000002</ele>
      </trkpt>
      <trkpt lat="42.68716000020504" lon="0.829940009862185">
        <ele>1564.5800000000002</ele>
      </trkpt>
      <trkpt lat="42.687405003234744" lon="0.829095030203462">
        <ele>1557.3800000000001</ele>
      </trkpt>
      <trkpt lat="42.687650006264448" lon="0.828249966725707">
        <ele>1552.49</ele>
      </trkpt>
      <trkpt lat="42.687670039013028" lon="0.827510012313724">
        <ele>1547.77</ele>
      </trkpt>
      <trkpt lat="42.687599966302514" lon="0.826899977400899">
        <ele>1543.8200000000002</ele>
      </trkpt>
      <trkpt lat="42.687529977411032" lon="0.826290026307106">
        <ele>1540</ele>
      </trkpt>
      <trkpt lat="42.687220014631748" lon="0.825749980285764">
        <ele>1537.9600000000003</ele>
      </trkpt>
      <trkpt lat="42.686649961397052" lon="0.8254199847579">
        <ele>1533.9100000000001</ele>
      </trkpt>
      <trkpt lat="42.686219969764352" lon="0.824850015342236">
        <ele>1527.98</ele>
      </trkpt>
      <trkpt lat="42.685589985921979" lon="0.82458003424108">
        <ele>1519.7800000000002</ele>
      </trkpt>
      <trkpt lat="42.685129987075925" lon="0.824509961530566">
        <ele>1515.8800000000001</ele>
      </trkpt>
      <trkpt lat="42.685039965435863" lon="0.824439972639084">
        <ele>1514.45</ele>
      </trkpt>
      <trkpt lat="42.685020016506314" lon="0.824320027604699">
        <ele>1513.26</ele>
      </trkpt>
      <trkpt lat="42.685059998184443" lon="0.823600022122264">
        <ele>1509.6100000000001</ele>
      </trkpt>
      <trkpt lat="42.684960002079606" lon="0.823180004954338">
        <ele>1508.1100000000001</ele>
      </trkpt>
      <trkpt lat="42.684950027614832" lon="0.822580028325319">
        <ele>1506.7100000000003</ele>
      </trkpt>
      <trkpt lat="42.684809966012836" lon="0.822360003367066">
        <ele>1505.8100000000002</ele>
      </trkpt>
      <trkpt lat="42.684609973803163" lon="0.822209967300296">
        <ele>1504.6500000000001</ele>
      </trkpt>
      <trkpt lat="42.684590024873614" lon="0.822120029479265">
        <ele>1504.6500000000001</ele>
      </trkpt>
      <trkpt lat="42.684660013765097" lon="0.821990026161075">
        <ele>1502.2700000000002</ele>
      </trkpt>
      <trkpt lat="42.685099979862571" lon="0.821730019524693">
        <ele>1496.9800000000002</ele>
      </trkpt>
      <trkpt lat="42.685540029779077" lon="0.821340009570122">
        <ele>1492.5300000000002</ele>
      </trkpt>
      <trkpt lat="42.685680007562041" lon="0.820899959653616">
        <ele>1490.21</ele>
      </trkpt>
      <trkpt lat="42.685989970341325" lon="0.820490000769496">
        <ele>1485.1300000000001</ele>
      </trkpt>
      <trkpt lat="42.686219969764352" lon="0.819669999182224">
        <ele>1481.6200000000001</ele>
      </trkpt>
      <trkpt lat="42.686304962262511" lon="0.819019982591271">
        <ele>1474.04</ele>
      </trkpt>
      <trkpt lat="42.686390038579702" lon="0.818369966000319">
        <ele>1467.5999999999999</ele>
      </trkpt>
      <trkpt lat="42.686370005831122" lon="0.817720033228397">
        <ele>1459.3</ele>
      </trkpt>
      <trkpt lat="42.686600005254149" lon="0.817260034382343">
        <ele>1454.5700000000002</ele>
      </trkpt>
      <trkpt lat="42.686669994145632" lon="0.816919980570674">
        <ele>1450.9300000000001</ele>
      </trkpt>
      <trkpt lat="42.68675004132092" lon="0.816870024427772">
        <ele>1450.2100000000003</ele>
      </trkpt>
      <trkpt lat="42.686809971928596" lon="0.81693003885448">
        <ele>1453.2800000000002</ele>
      </trkpt>
      <trkpt lat="42.686700001358986" lon="0.816489988937974">
        <ele>1453.0500000000002</ele>
      </trkpt>
      <trkpt lat="42.686690026894212" lon="0.816320003941655">
        <ele>1453.72</ele>
      </trkpt>
      <trkpt lat="42.686700001358986" lon="0.815880037844181">
        <ele>1453.27</ele>
      </trkpt>
      <trkpt lat="42.68675004132092" lon="0.815369999036193">
        <ele>1459.8500000000001</ele>
      </trkpt>
      <trkpt lat="42.686909968033433" lon="0.815079985186458">
        <ele>1461.95</ele>
      </trkpt>
      <trkpt lat="42.687250021845102" lon="0.814649993553758">
        <ele>1455.5300000000002</ele>
      </trkpt>
      <trkpt lat="42.687440039590001" lon="0.81431002356112">
        <ele>1452.7800000000002</ele>
      </trkpt>
      <trkpt lat="42.68756995908916" lon="0.813639974221587">
        <ele>1457.1700000000001</ele>
      </trkpt>
      <trkpt lat="42.687619999051094" lon="0.813249964267015">
        <ele>1457.1600000000001</ele>
      </trkpt>
      <trkpt lat="42.687729969620705" lon="0.812809998169541">
        <ele>1453.8600000000001</ele>
      </trkpt>
      <trkpt lat="42.68814998678863" lon="0.812240028753877">
        <ele>1432.2800000000002</ele>
      </trkpt>
      <trkpt lat="42.688349978998303" lon="0.811999971047044">
        <ele>1422.25</ele>
      </trkpt>
      <trkpt lat="42.688539996743202" lon="0.811450034379959">
        <ele>1410.5700000000002</ele>
      </trkpt>
      <trkpt lat="42.688779970631003" lon="0.811069998890162">
        <ele>1391.25</ele>
      </trkpt>
      <trkpt lat="42.689250027760863" lon="0.810170033946633">
        <ele>1353.23</ele>
      </trkpt>
      <trkpt lat="42.689589997753501" lon="0.809569973498583">
        <ele>1332.21</ele>
      </trkpt>
      <trkpt lat="42.689859978854656" lon="0.808969996869564">
        <ele>1311.9100000000001</ele>
      </trkpt>
      <trkpt lat="42.690129959955812" lon="0.808370020240545">
        <ele>1284.76</ele>
      </trkpt>
      <trkpt lat="42.690509995445609" lon="0.807380033656955">
        <ele>1249.9400000000001</ele>
      </trkpt>
      <trkpt lat="42.690570009872317" lon="0.806900002062321">
        <ele>1242.7100000000003</ele>
      </trkpt>
      <trkpt lat="42.690649973228574" lon="0.806489959359169">
        <ele>1235.9100000000001</ele>
      </trkpt>
      <trkpt lat="42.691039983183146" lon="0.806040018796921">
        <ele>1219.3599999999999</ele>
      </trkpt>
      <trkpt lat="42.690869998186827" lon="0.805529979988933">
        <ele>1226.4100000000001</ele>
      </trkpt>
      <trkpt lat="42.69074996933341" lon="0.805099988356233">
        <ele>1231.46</ele>
      </trkpt>
      <trkpt lat="42.690739994868636" lon="0.804530018940568">
        <ele>1234.6400000000001</ele>
      </trkpt>
      <trkpt lat="42.690630024299026" lon="0.803940016776323">
        <ele>1243.9100000000001</ele>
      </trkpt>
      <trkpt lat="42.690509995445609" lon="0.803450010716915">
        <ele>1256.1700000000001</ele>
      </trkpt>
      <trkpt lat="42.690419973805547" lon="0.802960004657507">
        <ele>1266.04</ele>
      </trkpt>
      <trkpt lat="42.690289970487356" lon="0.802430016919971">
        <ele>1275.4400000000001</ele>
      </trkpt>
      <trkpt lat="42.690179999917746" lon="0.801470037549734">
        <ele>1301.4400000000001</ele>
      </trkpt>
      <trkpt lat="42.690149992704391" lon="0.800909958779812">
        <ele>1320.2800000000002</ele>
      </trkpt>
      <trkpt lat="42.690089978277683" lon="0.800750032067299">
        <ele>1323.3700000000001</ele>
      </trkpt>
      <trkpt lat="42.690100036561489" lon="0.800590021535754">
        <ele>1329.7800000000002</ele>
      </trkpt>
      <trkpt lat="42.690600017085671" lon="0.800079982727766">
        <ele>1314.8000000000002</ele>
      </trkpt>
      <trkpt lat="42.690370017662644" lon="0.800270000472665">
        <ele>1318.2200000000003</ele>
      </trkpt>
      <trkpt lat="42.690159967169166" lon="0.800530007109046">
        <ele>1327.8100000000002</ele>
      </trkpt>
      <trkpt lat="42.690370017662644" lon="0.800270000472665">
        <ele>1318.2200000000003</ele>
      </trkpt>
      <trkpt lat="42.6906399987638" lon="0.800049975514412">
        <ele>1312.6600000000001</ele>
      </trkpt>
      <trkpt lat="42.691209968179464" lon="0.799619983881712">
        <ele>1297.5</ele>
      </trkpt>
      <trkpt lat="42.691620010882616" lon="0.799370035529137">
        <ele>1281.8400000000001</ele>
      </trkpt>
      <trkpt lat="42.692029969766736" lon="0.79912000335753">
        <ele>1266.76</ele>
      </trkpt>
      <trkpt lat="42.692189980298281" lon="0.798990000039339">
        <ele>1263.1000000000001</ele>
      </trkpt>
      <trkpt lat="42.692660037428141" lon="0.798360016196966">
        <ele>1253.4000000000001</ele>
      </trkpt>
      <trkpt lat="42.692689960822463" lon="0.79836999066174">
        <ele>1253.4000000000001</ele>
      </trkpt>
      <trkpt lat="42.692790040746331" lon="0.798279969021678">
        <ele>1252.28</ele>
      </trkpt>
      <trkpt lat="42.693079970777035" lon="0.798149965703487">
        <ele>1244.6500000000001</ele>
      </trkpt>
      <trkpt lat="42.693469980731606" lon="0.79791996628046">
        <ele>1231.97</ele>
      </trkpt>
      <trkpt lat="42.693899972364306" lon="0.797579996287823">
        <ele>1218.8800000000001</ele>
      </trkpt>
      <trkpt lat="42.694189986214042" lon="0.797229968011379">
        <ele>1212.7400000000002</ele>
      </trkpt>
      <trkpt lat="42.694219993427396" lon="0.797229968011379">
        <ele>1212.7400000000002</ele>
      </trkpt>
      <trkpt lat="42.694559963420033" lon="0.797029975801706">
        <ele>1205.0899999999999</ele>
      </trkpt>
      <trkpt lat="42.694979980587959" lon="0.796599984169006">
        <ele>1193.3100000000002</ele>
      </trkpt>
      <trkpt lat="42.695330008864403" lon="0.796339977532625">
        <ele>1183.8300000000002</ele>
      </trkpt>
      <trkpt lat="42.695469986647367" lon="0.796209974214435">
        <ele>1177.1700000000001</ele>
      </trkpt>
      <trkpt lat="42.695639971643686" lon="0.795939993113279">
        <ele>1172.0900000000001</ele>
      </trkpt>
      <trkpt lat="42.695760000497103" lon="0.79566003754735">
        <ele>1166.6300000000001</ele>
      </trkpt>
      <trkpt lat="42.695769974961877" lon="0.795489968731999">
        <ele>1163.8500000000001</ele>
      </trkpt>
      <trkpt lat="42.695739967748523" lon="0.795219987630844">
        <ele>1160.0700000000002</ele>
      </trkpt>
      <trkpt lat="42.695620022714138" lon="0.795010020956397">
        <ele>1156.5500000000002</ele>
      </trkpt>
      <trkpt lat="42.695629997178912" lon="0.794970039278269">
        <ele>1156.5500000000002</ele>
      </trkpt>
      <trkpt lat="42.695660004392266" lon="0.794950006529689">
        <ele>1155.47</ele>
      </trkpt>
      <trkpt lat="42.695790007710457" lon="0.795010020956397">
        <ele>1149.5900000000001</ele>
      </trkpt>
      <trkpt lat="42.696159984916449" lon="0.795340016484261">
        <ele>1141.73</ele>
      </trkpt>
      <trkpt lat="42.696289988234639" lon="0.795519975945354">
        <ele>1138.1499999999999</ele>
      </trkpt>
      <trkpt lat="42.696359977126122" lon="0.795689960941672">
        <ele>1135.1200000000001</ele>
      </trkpt>
      <trkpt lat="42.69641999155283" lon="0.795719968155026">
        <ele>1133.9400000000001</ele>
      </trkpt>
      <trkpt lat="42.696470031514764" lon="0.795790040865541">
        <ele>1131.4100000000001</ele>
      </trkpt>
      <trkpt lat="42.696489980444312" lon="0.795879978686571">
        <ele>1128.6400000000001</ele>
      </trkpt>
      <trkpt lat="42.696610009297729" lon="0.795749975368381">
        <ele>1124.22</ele>
      </trkpt>
      <trkpt lat="42.696670023724437" lon="0.795770008116961">
        <ele>1121.3900000000001</ele>
      </trkpt>
      <trkpt lat="42.696749987080693" lon="0.795510001480579">
        <ele>1119.3200000000002</ele>
      </trkpt>
      <trkpt lat="42.696840008720756" lon="0.795419979840517">
        <ele>1117.8799999999999</ele>
      </trkpt>
      <trkpt lat="42.696930030360818" lon="0.795259969308972">
        <ele>1113.4000000000001</ele>
      </trkpt>
      <trkpt lat="42.696940004825592" lon="0.795159973204136">
        <ele>1113.4000000000001</ele>
      </trkpt>
      <trkpt lat="42.697009993717074" lon="0.795070035383105">
        <ele>1111.4000000000001</ele>
      </trkpt>
      <trkpt lat="42.696830034255981" lon="0.794789995998144">
        <ele>1101.7700000000002</ele>
      </trkpt>
      <trkpt lat="42.696710005402565" lon="0.794539963826537">
        <ele>1095.52</ele>
      </trkpt>
      <trkpt lat="42.696830034255981" lon="0.794469974935055">
        <ele>1092.6900000000001</ele>
      </trkpt>
      <trkpt lat="42.696719979867339" lon="0.794060016050935">
        <ele>1080.45</ele>
      </trkpt>
      <trkpt lat="42.696319995447993" lon="0.793049996718764">
        <ele>1054.4900000000002</ele>
      </trkpt>
      <trkpt lat="42.696370035409927" lon="0.792940026149154">
        <ele>1053.1099999999999</ele>
      </trkpt>
      <trkpt lat="42.696370035409927" lon="0.79256996512413">
        <ele>1041.9900000000002</ele>
      </trkpt>
      <trkpt lat="42.696470031514764" lon="0.792750008404255">
        <ele>1041.6300000000001</ele>
      </trkpt>
      <trkpt lat="42.696740012615919" lon="0.793080003932118">
        <ele>1038.7</ele>
      </trkpt>
      <trkpt lat="42.696960037574172" lon="0.793230039998889">
        <ele>1032.6600000000001</ele>
      </trkpt>
      <trkpt lat="42.697239993140101" lon="0.793330036103725">
        <ele>1030.78</ele>
      </trkpt>
      <trkpt lat="42.697469992563128" lon="0.793460039421916">
        <ele>1025.9400000000001</ele>
      </trkpt>
      <trkpt lat="42.697820020839572" lon="0.793779976665974">
        <ele>1022.8000000000002</ele>
      </trkpt>
      <trkpt lat="42.69818002358079" lon="0.794009976089001">
        <ele>1015.73</ele>
      </trkpt>
      <trkpt lat="42.698510019108653" lon="0.794150037690997">
        <ele>1010.6600000000001</ele>
      </trkpt>
      <trkpt lat="42.69874001853168" lon="0.794160012155771">
        <ele>1008.5600000000001</ele>
      </trkpt>
      <trkpt lat="42.699179984629154" lon="0.794239975512028">
        <ele>1001.3400000000001</ele>
      </trkpt>
      <trkpt lat="42.699469998478889" lon="0.79417996108532">
        <ele>997.03000000000009</ele>
      </trkpt>
      <trkpt lat="42.699669990688562" lon="0.794160012155771">
        <ele>995.6400000000001</ele>
      </trkpt>
      <trkpt lat="42.699899990111589" lon="0.794220026582479">
        <ele>992.82000000000005</ele>
      </trkpt>
      <trkpt lat="42.70005002617836" lon="0.794280041009188">
        <ele>991.63000000000011</ele>
      </trkpt>
      <trkpt lat="42.700199978426099" lon="0.794399986043572">
        <ele>990.22000000000003</ele>
      </trkpt>
      <trkpt lat="42.700540032237768" lon="0.794620011001825">
        <ele>987.91000000000008</ele>
      </trkpt>
      <trkpt lat="42.700410028919578" lon="0.795010020956397">
        <ele>987.83000000000004</ele>
      </trkpt>
      <trkpt lat="42.700190003961325" lon="0.795430038124323">
        <ele>988.32000000000005</ele>
      </trkpt>
      <trkpt lat="42.700420003384352" lon="0.795919960364699">
        <ele>985.57000000000005</ele>
      </trkpt>
      <trkpt lat="42.700159996747971" lon="0.796269988641143">
        <ele>984.61000000000013</ele>
      </trkpt>
      <trkpt lat="42.699990011751652" lon="0.796529995277524">
        <ele>984.17000000000007</ele>
      </trkpt>
      <trkpt lat="42.700365018099546" lon="0.797014972195029">
        <ele>979.23000000000002</ele>
      </trkpt>
      <trkpt lat="42.700740024447441" lon="0.797500032931566">
        <ele>977.29000000000008</ele>
      </trkpt>
      <trkpt lat="42.700780006125569" lon="0.79740003682673">
        <ele>977.24000000000012</ele>
      </trkpt>
      <trkpt lat="42.701539993286133" lon="0.798019962385297">
        <ele>971.62</ele>
      </trkpt>
      <trkpt lat="42.701379982754588" lon="0.798279969021678">
        <ele>971.07000000000005</ele>
      </trkpt>
      <trkpt lat="42.701260037720203" lon="0.798560008406639">
        <ele>971.05000000000007</ele>
      </trkpt>
    </trkseg>
  </trk>

</gpx>