<?xml version="1.0" encoding="utf-8"?><gpx version="1.1" creator="MySchweizMobil - https://map.schweizmobil.ch/" xmlns:xsi="http://www.w3.org/2001/XMLSchema-instance" xmlns="http://www.topografix.com/GPX/1/1" xsi:schemaLocation="http://www.topografix.com/GPX/1/1 http://www.topografix.com/GPX/1/1/gpx.xsd"><metadata><name>2025xtraversee</name><bounds minlat="45.86735593993217" minlon="7.095459938514978" maxlat="46.09611024521291" maxlon="7.307649207301438" /></metadata><trk><name>2025xtraversee</name><trkseg><trkpt lat="45.93211300065741" lon="7.098624455742538"><ele>1599.3999938964844</ele></trkpt><trkpt lat="45.93199614016339" lon="7.098650967236608"><ele>1599.2999877929688</ele></trkpt><trkpt lat="45.93191147502512" lon="7.0986153986305"><ele>1599.0999755859375</ele></trkpt><trkpt lat="45.93177997972816" lon="7.098562073893845"><ele>1598.7999877929688</ele></trkpt><trkpt lat="45.9317221082747" lon="7.098463170230389"><ele>1598.3999938964844</ele></trkpt><trkpt lat="45.93166424520314" lon="7.09836684493348"><ele>1598.5999755859375</ele></trkpt><trkpt lat="45.931605470366776" lon="7.098266658373177"><ele>1599.5999755859375</ele></trkpt><trkpt lat="45.93154849857092" lon="7.098167750053108"><ele>1600.0999755859375</ele></trkpt><trkpt lat="45.93150147655979" lon="7.098086827434599"><ele>1600.2999877929688</ele></trkpt><trkpt lat="45.931434649042785" lon="7.098000872414559"><ele>1600.5</ele></trkpt><trkpt lat="45.931366917677224" lon="7.097913634032011"><ele>1600.6999816894531</ele></trkpt><trkpt lat="45.93130008643493" lon="7.0978263900615275"><ele>1600.8999938964844</ele></trkpt><trkpt lat="45.931233254726976" lon="7.097739146556705"><ele>1601.1999816894531</ele></trkpt><trkpt lat="45.93116641882807" lon="7.09765061410144"><ele>1601.5</ele></trkpt><trkpt lat="45.931093321647495" lon="7.097573722712696"><ele>1601.7999877929688</ele></trkpt><trkpt lat="45.93102022865787" lon="7.097498121205717"><ele>1602.1999816894531</ele></trkpt><trkpt lat="45.9309480311349" lon="7.09742122516036"><ele>1602.5</ele></trkpt><trkpt lat="45.93087763246149" lon="7.0973443179391325"><ele>1602.8999938964844</ele></trkpt><trkpt lat="45.93080543819815" lon="7.097268710844219"><ele>1603.0999755859375</ele></trkpt><trkpt lat="45.93073144135997" lon="7.097191826440394"><ele>1603.3999938964844</ele></trkpt><trkpt lat="45.93065834790468" lon="7.097116225864738"><ele>1603.6999816894531</ele></trkpt><trkpt lat="45.93058614991605" lon="7.097039330750704"><ele>1603.8999938964844</ele></trkpt><trkpt lat="45.93053560750559" lon="7.096984215080738"><ele>1604.0999755859375</ele></trkpt><trkpt lat="45.930456252768636" lon="7.096920256502926"><ele>1604.3999938964844</ele></trkpt><trkpt lat="45.93037959234789" lon="7.096854991745204"><ele>1604.6999816894531</ele></trkpt><trkpt lat="45.930317371618" lon="7.096805105917156"><ele>1605.0999755859375</ele></trkpt><trkpt lat="45.93025055108592" lon="7.096721732523292"><ele>1605.3999938964844</ele></trkpt><trkpt lat="45.930181027855724" lon="7.096637086942792"><ele>1605.5999755859375</ele></trkpt><trkpt lat="45.930112408008426" lon="7.096553725190461"><ele>1606.0</ele></trkpt><trkpt lat="45.93004558328539" lon="7.096469062846154"><ele>1606.3999938964844</ele></trkpt><trkpt lat="45.92998328758404" lon="7.0963946855627"><ele>1607.0</ele></trkpt><trkpt lat="45.929926310200244" lon="7.0962944929488"><ele>1607.8999938964844</ele></trkpt><trkpt lat="45.929869340732694" lon="7.096196878701448"><ele>1608.8999938964844</ele></trkpt><trkpt lat="45.92981235962361" lon="7.096095397602767"><ele>1609.7999877929688</ele></trkpt><trkpt lat="45.929748150054365" lon="7.095983649138361"><ele>1610.5</ele></trkpt><trkpt lat="45.929674164392054" lon="7.0959106353111565"><ele>1611.2999877929688</ele></trkpt><trkpt lat="45.92960017453879" lon="7.0958363325335085"><ele>1612.1999816894531</ele></trkpt><trkpt lat="45.92952618887648" lon="7.095763319171965"><ele>1613.0</ele></trkpt><trkpt lat="45.92945220274851" lon="7.095690305810422"><ele>1613.6999816894531</ele></trkpt><trkpt lat="45.92938723554835" lon="7.095624970737845"><ele>1614.2999877929688</ele></trkpt><trkpt lat="45.92930256947875" lon="7.095589408185333"><ele>1614.8999938964844</ele></trkpt><trkpt lat="45.92921430571005" lon="7.095553868915886"><ele>1615.5999755859375</ele></trkpt><trkpt lat="45.9291296438314" lon="7.09551959624514"><ele>1616.3999938964844</ele></trkpt><trkpt lat="45.92904137959704" lon="7.0954840569756925"><ele>1616.7999877929688</ele></trkpt><trkpt lat="45.92898193560541" lon="7.095459938514978"><ele>1617.0999755859375</ele></trkpt><trkpt lat="45.92889294587076" lon="7.095481123775244"><ele>1617.7999877929688</ele></trkpt><trkpt lat="45.92880666255951" lon="7.095504869706929"><ele>1618.5</ele></trkpt><trkpt lat="45.928715869784355" lon="7.095524777192622"><ele>1619.0</ele></trkpt><trkpt lat="45.928658343385905" lon="7.0955393188633025"><ele>1619.3999938964844</ele></trkpt><trkpt lat="45.92858660640195" lon="7.0956132472492754"><ele>1620.1999816894531</ele></trkpt><trkpt lat="45.92851127125323" lon="7.0956871984526515"><ele>1621.3999938964844</ele></trkpt><trkpt lat="45.92843953426927" lon="7.095761126372963"><ele>1622.0</ele></trkpt><trkpt lat="45.92836419865489" lon="7.095835076645017"><ele>1621.6999816894531</ele></trkpt><trkpt lat="45.92829156154767" lon="7.0959090096876025"><ele>1621.0999755859375</ele></trkpt><trkpt lat="45.928216225933284" lon="7.095982959959656"><ele>1621.0999755859375</ele></trkpt><trkpt lat="45.92812923993915" lon="7.096071162261069"><ele>1621.1999816894531</ele></trkpt><trkpt lat="45.92805208172649" lon="7.096137389075011"><ele>1621.0999755859375</ele></trkpt><trkpt lat="45.92797492351383" lon="7.096203615423292"><ele>1621.0999755859375</ele></trkpt><trkpt lat="45.92789956415072" lon="7.096269830595702"><ele>1621.0999755859375</ele></trkpt><trkpt lat="45.927779330872" lon="7.096369842067361"><ele>1621.1999816894531</ele></trkpt><trkpt lat="45.92769853072241" lon="7.096421911381185"><ele>1621.2999877929688</ele></trkpt><trkpt lat="45.92761503253132" lon="7.096473996993154"><ele>1621.3999938964844</ele></trkpt><trkpt lat="45.92749203322455" lon="7.096552111208439"><ele>1621.5</ele></trkpt><trkpt lat="45.927407587878406" lon="7.096588734071702"><ele>1621.5999755859375</ele></trkpt><trkpt lat="45.92732044821605" lon="7.096626662649214"><ele>1621.6999816894531</ele></trkpt><trkpt lat="45.927233304362744" lon="7.0966633022762835"><ele>1622.1999816894531</ele></trkpt><trkpt lat="45.92716144071892" lon="7.096695979125798"><ele>1623.0999755859375</ele></trkpt><trkpt lat="45.927072434686124" lon="7.096712005324662"><ele>1623.3999938964844</ele></trkpt><trkpt lat="45.92698252527043" lon="7.096726748161018"><ele>1623.2999877929688</ele></trkpt><trkpt lat="45.92689351923764" lon="7.096742774359882"><ele>1622.7999877929688</ele></trkpt><trkpt lat="45.92680451320484" lon="7.096758800558746"><ele>1622.1999816894531</ele></trkpt><trkpt lat="45.92671460751444" lon="7.096774832345545"><ele>1622.0</ele></trkpt><trkpt lat="45.926625594031066" lon="7.0967882801778615"><ele>1621.8999938964844</ele></trkpt><trkpt lat="45.92653658799827" lon="7.096804306376725"><ele>1622.0999755859375</ele></trkpt><trkpt lat="45.926444879733026" lon="7.0968190603889525"><ele>1622.2999877929688</ele></trkpt><trkpt lat="45.926386441569775" lon="7.096829738467932"><ele>1622.5</ele></trkpt><trkpt lat="45.926307460293174" lon="7.096888239495456"><ele>1622.8999938964844</ele></trkpt><trkpt lat="45.926227575633675" lon="7.096945456694812"><ele>1623.3999938964844</ele></trkpt><trkpt lat="45.92609922261909" lon="7.097037780564278"><ele>1623.8999938964844</ele></trkpt><trkpt lat="45.92603111034259" lon="7.097120704129338"><ele>1624.5</ele></trkpt><trkpt lat="45.92596210213378" lon="7.097204921767116"><ele>1625.2999877929688</ele></trkpt><trkpt lat="45.925893989391625" lon="7.097287844866514"><ele>1625.6999816894531</ele></trkpt><trkpt lat="45.925824981182814" lon="7.09737206203863"><ele>1625.7999877929688</ele></trkpt><trkpt lat="45.92575866775587" lon="7.097454973496497"><ele>1626.0999755859375</ele></trkpt><trkpt lat="45.92568965954706" lon="7.097539190668613"><ele>1626.6999816894531</ele></trkpt><trkpt lat="45.925621546804905" lon="7.097622112836689"><ele>1627.5</ele></trkpt><trkpt lat="45.92555253813043" lon="7.0977063295431435"><ele>1628.6999816894531</ele></trkpt><trkpt lat="45.92548442538828" lon="7.097789251245558"><ele>1629.8999938964844</ele></trkpt><trkpt lat="45.925415417179465" lon="7.097873467486352"><ele>1630.6999816894531</ele></trkpt><trkpt lat="45.92534640431404" lon="7.097956394311041"><ele>1631.5999755859375</ele></trkpt><trkpt lat="45.92527739610523" lon="7.098040610086173"><ele>1632.5999755859375</ele></trkpt><trkpt lat="45.92520838743076" lon="7.098124825861305"><ele>1633.2999877929688</ele></trkpt><trkpt lat="45.92514027003199" lon="7.098206457216293"><ele>1633.5999755859375</ele></trkpt><trkpt lat="45.925071260891855" lon="7.0982906725257635"><ele>1633.2999877929688</ele></trkpt><trkpt lat="45.92500315140933" lon="7.098374881315976"><ele>1632.8999938964844</ele></trkpt><trkpt lat="45.92500315140933" lon="7.098374881315976"><ele>1632.8999938964844</ele></trkpt><trkpt lat="45.92500315140933" lon="7.098374881315976"><ele>1632.8999938964844</ele></trkpt><trkpt lat="45.924934138543904" lon="7.098457807209343"><ele>1633.5999755859375</ele></trkpt><trkpt lat="45.92486602533609" lon="7.098540727049112"><ele>1635.0</ele></trkpt><trkpt lat="45.92479701619595" lon="7.098624941427261"><ele>1635.6999816894531</ele></trkpt><trkpt lat="45.924728902522475" lon="7.098707860801369"><ele>1635.5</ele></trkpt><trkpt lat="45.92466259142384" lon="7.098792057484388"><ele>1635.0999755859375</ele></trkpt><trkpt lat="45.924593578092754" lon="7.098874982446432"><ele>1635.0</ele></trkpt><trkpt lat="45.92452546861023" lon="7.098959189839661"><ele>1635.2999877929688</ele></trkpt><trkpt lat="45.92445645527914" lon="7.099042114336044"><ele>1636.2999877929688</ele></trkpt><trkpt lat="45.924387441948056" lon="7.099125038366765"><ele>1637.8999938964844</ele></trkpt><trkpt lat="45.92431843234226" lon="7.099209251347929"><ele>1639.0999755859375</ele></trkpt><trkpt lat="45.92427092976868" lon="7.099266261793673"><ele>1639.5999755859375</ele></trkpt><trkpt lat="45.92419195873663" lon="7.099328623618931"><ele>1639.5</ele></trkpt><trkpt lat="45.92411388689652" lon="7.099390979390591"><ele>1639.1999816894531</ele></trkpt><trkpt lat="45.92403491633013" lon="7.099453340750188"><ele>1639.2999877929688</ele></trkpt><trkpt lat="45.923955945298076" lon="7.099515702109784"><ele>1639.3999938964844</ele></trkpt><trkpt lat="45.9238940263167" lon="7.099565067794174"><ele>1639.6999816894531</ele></trkpt><trkpt lat="45.923805016092956" lon="7.099579799454659"><ele>1640.0</ele></trkpt><trkpt lat="45.92371510993689" lon="7.099595825653523"><ele>1640.1999816894531</ele></trkpt><trkpt lat="45.92366026621312" lon="7.099605189170688"><ele>1640.3999938964844</ele></trkpt><trkpt lat="45.92357764672488" lon="7.099650816060603"><ele>1640.8999938964844</ele></trkpt><trkpt lat="45.92346448590979" lon="7.099710811395198"><ele>1641.5</ele></trkpt><trkpt lat="45.923386425711215" lon="7.099777032621205"><ele>1642.0999755859375</ele></trkpt><trkpt lat="45.92330927355215" lon="7.099845826160163"><ele>1642.5999755859375</ele></trkpt><trkpt lat="45.92323301266879" lon="7.0999120362102985"><ele>1643.0</ele></trkpt><trkpt lat="45.92315855855122" lon="7.099980812519789"><ele>1643.1999816894531</ele></trkpt><trkpt lat="45.923081401735544" lon="7.100048316642642"><ele>1643.3999938964844</ele></trkpt><trkpt lat="45.92300334526226" lon="7.1001158258877695"><ele>1643.5</ele></trkpt><trkpt lat="45.92292708810419" lon="7.100183323957026"><ele>1643.6999816894531</ele></trkpt><trkpt lat="45.92284993175417" lon="7.100250827614218"><ele>1643.8999938964844</ele></trkpt><trkpt lat="45.922775473445654" lon="7.100318314041942"><ele>1644.0999755859375</ele></trkpt><trkpt lat="45.92269741697237" lon="7.1003858228214085"><ele>1644.1999816894531</ele></trkpt><trkpt lat="45.92261039232835" lon="7.100462409202009"><ele>1644.5</ele></trkpt><trkpt lat="45.922526880633086" lon="7.100510617252439"><ele>1644.5999755859375</ele></trkpt><trkpt lat="45.92244336847216" lon="7.100558825302869"><ele>1644.6999816894531</ele></trkpt><trkpt lat="45.922361651901156" lon="7.100605733226985"><ele>1644.7999877929688</ele></trkpt><trkpt lat="45.922276336699724" lon="7.100652663037181"><ele>1645.0999755859375</ele></trkpt><trkpt lat="45.92219462385401" lon="7.1007008594460785"><ele>1645.3999938964844</ele></trkpt><trkpt lat="45.922108413185924" lon="7.100749083328992"><ele>1645.6999816894531</ele></trkpt><trkpt lat="45.92202944168821" lon="7.100811440963298"><ele>1646.0</ele></trkpt><trkpt lat="45.921950469724834" lon="7.1008737976662815"><ele>1646.1999816894531</ele></trkpt><trkpt lat="45.92187149822712" lon="7.100936154834926"><ele>1646.5999755859375</ele></trkpt><trkpt lat="45.92179342964664" lon="7.100999794434756"><ele>1646.7999877929688</ele></trkpt><trkpt lat="45.921714453957975" lon="7.101060862187296"><ele>1647.0999755859375</ele></trkpt><trkpt lat="45.9216354819946" lon="7.101123218424618"><ele>1647.5</ele></trkpt><trkpt lat="45.92155741387978" lon="7.101186858024448"><ele>1647.7999877929688</ele></trkpt><trkpt lat="45.921478437725455" lon="7.101247925311327"><ele>1648.1999816894531</ele></trkpt><trkpt lat="45.92139946622774" lon="7.101310281082988"><ele>1648.6999816894531</ele></trkpt><trkpt lat="45.921337546315044" lon="7.101359642110765"><ele>1649.2999877929688</ele></trkpt><trkpt lat="45.92127395933494" lon="7.101452836301178"><ele>1650.1999816894531</ele></trkpt><trkpt lat="45.92121127201244" lon="7.101546024437994"><ele>1651.0</ele></trkpt><trkpt lat="45.92114948434755" lon="7.101639206986874"><ele>1651.6999816894531</ele></trkpt><trkpt lat="45.92110291821882" lon="7.101709095295519"><ele>1652.1999816894531</ele></trkpt><trkpt lat="45.921061885077506" lon="7.101824060548097"><ele>1652.5</ele></trkpt><trkpt lat="45.921022650785744" lon="7.101939014159143"><ele>1652.7999877929688</ele></trkpt><trkpt lat="45.92096019908786" lon="7.102110822685063"><ele>1653.0</ele></trkpt><trkpt lat="45.920908336527646" lon="7.102214253973216"><ele>1653.0</ele></trkpt><trkpt lat="45.92085647722706" lon="7.102318973746151"><ele>1653.0999755859375</ele></trkpt><trkpt lat="45.92080551804975" lon="7.10242368793115"><ele>1653.3999938964844</ele></trkpt><trkpt lat="45.92075096396729" lon="7.102529713418335"><ele>1654.0</ele></trkpt><trkpt lat="45.92069910513237" lon="7.102634432725608"><ele>1654.7999877929688</ele></trkpt><trkpt lat="45.92063830047846" lon="7.102755962405354"><ele>1655.5999755859375</ele></trkpt><trkpt lat="45.92056746222079" lon="7.102831154130399"><ele>1656.1999816894531</ele></trkpt><trkpt lat="45.92044998006895" lon="7.102950454223901"><ele>1657.0999755859375</ele></trkpt><trkpt lat="45.92037191055715" lon="7.103014090098441"><ele>1658.1999816894531</ele></trkpt><trkpt lat="45.920295640360564" lon="7.103077714331448"><ele>1659.0</ele></trkpt><trkpt lat="45.92021757084876" lon="7.103141349274665"><ele>1659.7999877929688</ele></trkpt><trkpt lat="45.92013950506225" lon="7.103206273168325"><ele>1661.0</ele></trkpt><trkpt lat="45.92006143601611" lon="7.1032699081115425"><ele>1662.2999877929688</ele></trkpt><trkpt lat="45.919982470571995" lon="7.103334837127477"><ele>1663.6999816894531</ele></trkpt><trkpt lat="45.91989542497322" lon="7.103404971305281"><ele>1664.8999938964844</ele></trkpt><trkpt lat="45.919811020139605" lon="7.103455755859613"><ele>1666.0999755859375</ele></trkpt><trkpt lat="45.919728418346494" lon="7.103507818188518"><ele>1667.2999877929688</ele></trkpt><trkpt lat="45.91964761540294" lon="7.103559868875891"><ele>1668.2999877929688</ele></trkpt><trkpt lat="45.91956320684403" lon="7.10360936447978"><ele>1669.3999938964844</ele></trkpt><trkpt lat="45.91948239970952" lon="7.10366012621671"><ele>1670.2999877929688</ele></trkpt><trkpt lat="45.91939799487591" lon="7.1037109098397195"><ele>1671.2999877929688</ele></trkpt><trkpt lat="45.919315388891846" lon="7.103761682286859"><ele>1672.3999938964844</ele></trkpt><trkpt lat="45.91923458594829" lon="7.10381373250857"><ele>1673.3999938964844</ele></trkpt><trkpt lat="45.919150184839964" lon="7.103865804616362"><ele>1674.3999938964844</ele></trkpt><trkpt lat="45.91906847432256" lon="7.103915282525122"><ele>1675.3999938964844</ele></trkpt><trkpt lat="45.91898496868089" lon="7.103966060094535"><ele>1676.2999877929688</ele></trkpt><trkpt lat="45.91890236688778" lon="7.104018120560795"><ele>1677.3999938964844</ele></trkpt><trkpt lat="45.918798210565" lon="7.104081912897527"><ele>1678.5</ele></trkpt><trkpt lat="45.918711967766285" lon="7.104119818191975"><ele>1679.5999755859375</ele></trkpt><trkpt lat="45.91862842394039" lon="7.104157706722617"><ele>1680.8999938964844</ele></trkpt><trkpt lat="45.918503551743925" lon="7.104212603531778"><ele>1682.2999877929688</ele></trkpt><trkpt lat="45.91841454477981" lon="7.104228615295142"><ele>1683.6999816894531</ele></trkpt><trkpt lat="45.91827698703855" lon="7.104252657853067"><ele>1685.0</ele></trkpt><trkpt lat="45.91819163225591" lon="7.10428669070825"><ele>1686.0999755859375</ele></trkpt><trkpt lat="45.91810447815806" lon="7.104320734273642"><ele>1687.0</ele></trkpt><trkpt lat="45.918016428593546" lon="7.104356071911752"><ele>1687.8999938964844</ele></trkpt><trkpt lat="45.91793017461896" lon="7.104390109889209"><ele>1688.5999755859375</ele></trkpt><trkpt lat="45.917843020521104" lon="7.104424153454602"><ele>1689.0999755859375</ele></trkpt><trkpt lat="45.917843020521104" lon="7.104424153454602"><ele>1689.0999755859375</ele></trkpt><trkpt lat="45.917843020521104" lon="7.104424153454602"><ele>1689.0999755859375</ele></trkpt><trkpt lat="45.91775856493041" lon="7.104458179790527"><ele>1689.7999877929688</ele></trkpt><trkpt lat="45.917648050468415" lon="7.104501388035715"><ele>1690.8999938964844</ele></trkpt><trkpt lat="45.91755811357871" lon="7.104507094249129"><ele>1691.8999938964844</ele></trkpt><trkpt lat="45.91746817622334" lon="7.104512800462544"><ele>1692.7999877929688</ele></trkpt><trkpt lat="45.91737824305892" lon="7.104519795160741"><ele>1693.5999755859375</ele></trkpt><trkpt lat="45.91728830244392" lon="7.104524212423712"><ele>1694.2999877929688</ele></trkpt><trkpt lat="45.91719836508855" lon="7.104529918637127"><ele>1694.7999877929688</ele></trkpt><trkpt lat="45.917108428198844" lon="7.10453562438488"><ele>1695.3999938964844</ele></trkpt><trkpt lat="45.916983417235315" lon="7.104544122703373"><ele>1695.8999938964844</ele></trkpt><trkpt lat="45.91689536347985" lon="7.104578170925379"><ele>1696.3999938964844</ele></trkpt><trkpt lat="45.916809109039605" lon="7.104612207505852"><ele>1697.0</ele></trkpt><trkpt lat="45.91672196285799" lon="7.104648827575147"><ele>1697.6999816894531</ele></trkpt><trkpt lat="45.916637507267296" lon="7.104682852979749"><ele>1698.5999755859375</ele></trkpt><trkpt lat="45.916549450252205" lon="7.1047156122513115"><ele>1699.6999816894531</ele></trkpt><trkpt lat="45.91645241668448" lon="7.104754869826138"><ele>1700.8999938964844</ele></trkpt><trkpt lat="45.91636433266103" lon="7.1047786069102585"><ele>1702.0</ele></trkpt><trkpt lat="45.91627625236288" lon="7.104803632944822"><ele>1703.0</ele></trkpt><trkpt lat="45.91618817579001" lon="7.104829947464168"><ele>1703.8999938964844</ele></trkpt><trkpt lat="45.91609919583425" lon="7.104854978621006"><ele>1704.5999755859375</ele></trkpt><trkpt lat="45.916011115536094" lon="7.10488000465557"><ele>1705.3999938964844</ele></trkpt><trkpt lat="45.91592303477228" lon="7.104905030224472"><ele>1706.0999755859375</ele></trkpt><trkpt lat="45.91583495819941" lon="7.104931344278157"><ele>1706.5999755859375</ele></trkpt><trkpt lat="45.91574867675081" lon="7.104956358671188"><ele>1707.1999816894531</ele></trkpt><trkpt lat="45.91566059645265" lon="7.104981384240091"><ele>1707.7999877929688</ele></trkpt><trkpt lat="45.91558240307495" lon="7.1050037713721395"><ele>1708.5</ele></trkpt><trkpt lat="45.91549526806921" lon="7.105044255964458"><ele>1709.1999816894531</ele></trkpt><trkpt lat="45.91540993237868" lon="7.105084729380906"><ele>1710.0</ele></trkpt><trkpt lat="45.9153254958801" lon="7.105125197209418"><ele>1710.6999816894531</ele></trkpt><trkpt lat="45.91523926053196" lon="7.105165676213801"><ele>1711.2999877929688</ele></trkpt><trkpt lat="45.915140450932086" lon="7.105212675407529"><ele>1711.8999938964844</ele></trkpt><trkpt lat="45.91505238600075" lon="7.105242854915559"><ele>1712.5999755859375</ele></trkpt><trkpt lat="45.914965212810785" lon="7.105270451400429"><ele>1713.2999877929688</ele></trkpt><trkpt lat="45.9148771436885" lon="7.105299341958016"><ele>1714.0</ele></trkpt><trkpt lat="45.9147899816744" lon="7.105330804362893"><ele>1714.5999755859375</ele></trkpt><trkpt lat="45.91470190882683" lon="7.105358406435698"><ele>1715.1999816894531</ele></trkpt><trkpt lat="45.9146165382117" lon="7.105387280229479"><ele>1715.7999877929688</ele></trkpt><trkpt lat="45.91454734001309" lon="7.105409611482173"><ele>1716.3999938964844</ele></trkpt><trkpt lat="45.914422498084605" lon="7.105474811047316"><ele>1717.2999877929688</ele></trkpt><trkpt lat="45.91434442345053" lon="7.105537147261202"><ele>1718.0999755859375</ele></trkpt><trkpt lat="45.91426544915885" lon="7.105599488597363"><ele>1718.8999938964844</ele></trkpt><trkpt lat="45.914186475332826" lon="7.105661829933524"><ele>1719.5999755859375</ele></trkpt><trkpt lat="45.91410749685019" lon="7.105722882784903"><ele>1720.2999877929688</ele></trkpt><trkpt lat="45.91402942221612" lon="7.105785218067467"><ele>1720.8999938964844</ele></trkpt><trkpt lat="45.913950451649725" lon="7.105848847422749"><ele>1721.6999816894531</ele></trkpt><trkpt lat="45.91387147363275" lon="7.105909899342805"><ele>1722.5</ele></trkpt><trkpt lat="45.91379249934107" lon="7.105972240213305"><ele>1723.2999877929688</ele></trkpt><trkpt lat="45.913714428432286" lon="7.10603586351499"><ele>1723.8999938964844</ele></trkpt><trkpt lat="45.91363544622436" lon="7.106095626018941"><ele>1724.5</ele></trkpt><trkpt lat="45.91355647193268" lon="7.106157965958118"><ele>1725.2999877929688</ele></trkpt><trkpt lat="45.913477497175336" lon="7.1062203058972955"><ele>1726.1999816894531</ele></trkpt><trkpt lat="45.913398522883654" lon="7.106282645370811"><ele>1727.0</ele></trkpt><trkpt lat="45.91331954812631" lon="7.106344984844327"><ele>1727.7999877929688</ele></trkpt><trkpt lat="45.91324329888448" lon="7.106416328344494"><ele>1728.6999816894531</ele></trkpt><trkpt lat="45.91316794930026" lon="7.106487666256726"><ele>1729.3999938964844</ele></trkpt><trkpt lat="45.91309349890798" lon="7.106558998581022"><ele>1730.5</ele></trkpt><trkpt lat="45.91301815304905" lon="7.106631624978036"><ele>1731.6999816894531</ele></trkpt><trkpt lat="45.91294550150633" lon="7.1067029456608"><ele>1732.5</ele></trkpt><trkpt lat="45.9128692522645" lon="7.106774288229644"><ele>1733.0999755859375</ele></trkpt><trkpt lat="45.9127634097822" lon="7.1068767393007874"><ele>1733.8999938964844</ele></trkpt><trkpt lat="45.91269439877942" lon="7.106962213292718"><ele>1734.8999938964844</ele></trkpt><trkpt lat="45.912627186160535" lon="7.1070476761087775"><ele>1735.5</ele></trkpt><trkpt lat="45.91253846883774" lon="7.107161620166153"><ele>1736.0</ele></trkpt><trkpt lat="45.91246221540496" lon="7.107231672853231"><ele>1736.8999938964844</ele></trkpt><trkpt lat="45.912385957781225" lon="7.107300437055528"><ele>1737.8999938964844</ele></trkpt><trkpt lat="45.91226843651384" lon="7.107408111914992"><ele>1738.8999938964844</ele></trkpt><trkpt lat="45.91216252138838" lon="7.107486076187342"><ele>1739.7999877929688</ele></trkpt><trkpt lat="45.912074448075145" lon="7.107513673137873"><ele>1740.5999755859375</ele></trkpt><trkpt lat="45.91198547556996" lon="7.10754127567634"><ele>1741.5999755859375</ele></trkpt><trkpt lat="45.91189740598202" lon="7.107570161111653"><ele>1742.1999816894531</ele></trkpt><trkpt lat="45.91180933220312" lon="7.107597757596523"><ele>1742.5</ele></trkpt><trkpt lat="45.911721258889884" lon="7.107625354081392"><ele>1742.7999877929688</ele></trkpt><trkpt lat="45.91162240272388" lon="7.107656882144511"><ele>1743.6999816894531</ele></trkpt><trkpt lat="45.911547052208334" lon="7.107728216331452"><ele>1744.8999938964844</ele></trkpt><trkpt lat="45.91146004991606" lon="7.107813796028495"><ele>1745.8999938964844</ele></trkpt><trkpt lat="45.911412690766156" lon="7.107921042945236"><ele>1746.5999755859375</ele></trkpt><trkpt lat="45.9113635327667" lon="7.108028300106525"><ele>1747.0999755859375</ele></trkpt><trkpt lat="45.911290240008384" lon="7.108187250327319"><ele>1747.5</ele></trkpt><trkpt lat="45.911256407853216" lon="7.108306012582034"><ele>1748.5</ele></trkpt><trkpt lat="45.91120116179809" lon="7.1084841825068"><ele>1749.5999755859375</ele></trkpt><trkpt lat="45.911138464696705" lon="7.108576057013124"><ele>1749.8999938964844</ele></trkpt><trkpt lat="45.91107666352764" lon="7.10866663698107"><ele>1750.2999877929688</ele></trkpt><trkpt lat="45.911011271644384" lon="7.10875981580466"><ele>1751.1999816894531</ele></trkpt><trkpt lat="45.910968272946775" lon="7.108820642810315"><ele>1751.7999877929688</ele></trkpt><trkpt lat="45.91090015601367" lon="7.108904817607254"><ele>1752.5</ele></trkpt><trkpt lat="45.910831135232" lon="7.108987708576024"><ele>1753.0999755859375</ele></trkpt><trkpt lat="45.91076301783323" lon="7.10907188244164"><ele>1753.6999816894531</ele></trkpt><trkpt lat="45.91069399751723" lon="7.109154772944748"><ele>1754.2999877929688</ele></trkpt><trkpt lat="45.910629466641694" lon="7.109235059004277"><ele>1755.0</ele></trkpt><trkpt lat="45.91054596984759" lon="7.109289686661214"><ele>1755.5</ele></trkpt><trkpt lat="45.9104642723687" lon="7.109344302676618"><ele>1755.8999938964844</ele></trkpt><trkpt lat="45.910383474547416" lon="7.109398913569748"><ele>1756.5999755859375</ele></trkpt><trkpt lat="45.910383474547416" lon="7.109398913569748"><ele>1756.5999755859375</ele></trkpt><trkpt lat="45.910383474547416" lon="7.109398913569748"><ele>1756.5999755859375</ele></trkpt><trkpt lat="45.91030357964337" lon="7.109454807359725"><ele>1757.2999877929688</ele></trkpt><trkpt lat="45.910220079123974" lon="7.109508145134896"><ele>1758.0</ele></trkpt><trkpt lat="45.91016262350604" lon="7.109547151252627"><ele>1758.5999755859375</ele></trkpt><trkpt lat="45.91008727904409" lon="7.10962105775252"><ele>1759.3999938964844</ele></trkpt><trkpt lat="45.91001553321257" lon="7.109694942831993"><ele>1760.1999816894531</ele></trkpt><trkpt lat="45.90993928955868" lon="7.109768854919821"><ele>1761.0</ele></trkpt><trkpt lat="45.9098675432615" lon="7.109842739067972"><ele>1762.0</ele></trkpt><trkpt lat="45.909811032470316" lon="7.109897202346474"><ele>1763.0</ele></trkpt><trkpt lat="45.90974651975557" lon="7.109983929432929"><ele>1763.3999938964844</ele></trkpt><trkpt lat="45.90967840934172" lon="7.110070677474141"><ele>1763.8999938964844</ele></trkpt><trkpt lat="45.90961119858548" lon="7.1101574203930795"><ele>1764.6999816894531</ele></trkpt><trkpt lat="45.90954668214545" lon="7.11024285806343"><ele>1765.0999755859375</ele></trkpt><trkpt lat="45.90947947464883" lon="7.110330889001489"><ele>1765.6999816894531</ele></trkpt><trkpt lat="45.909411360509694" lon="7.110416347626597"><ele>1766.5</ele></trkpt><trkpt lat="45.909345048479736" lon="7.110503084026277"><ele>1767.0999755859375</ele></trkpt><trkpt lat="45.909279636573046" lon="7.110589814838022"><ele>1767.6999816894531</ele></trkpt><trkpt lat="45.90921242861077" lon="7.1106778448447585"><ele>1768.5</ele></trkpt><trkpt lat="45.90914431400597" lon="7.110763303004205"><ele>1769.0</ele></trkpt><trkpt lat="45.90907800197601" lon="7.110850038472563"><ele>1769.0999755859375</ele></trkpt><trkpt lat="45.90901348507032" lon="7.110935474745929"><ele>1769.2999877929688</ele></trkpt><trkpt lat="45.9089444745332" lon="7.111022226046771"><ele>1770.3999938964844</ele></trkpt><trkpt lat="45.90887816250324" lon="7.111108961049467"><ele>1771.5</ele></trkpt><trkpt lat="45.90881364932284" lon="7.111195684876293"><ele>1772.1999816894531</ele></trkpt><trkpt lat="45.90874643716961" lon="7.111282425001264"><ele>1773.0999755859375</ele></trkpt><trkpt lat="45.90867832582444" lon="7.1113691702485085"><ele>1774.1999816894531</ele></trkpt><trkpt lat="45.90861201379448" lon="7.111455904319882"><ele>1775.0999755859375</ele></trkpt><trkpt lat="45.90854660049081" lon="7.111542632803321"><ele>1776.0999755859375</ele></trkpt><trkpt lat="45.90847759693861" lon="7.111631960142404"><ele>1777.0</ele></trkpt><trkpt lat="45.908437456935644" lon="7.111748174764216"><ele>1777.5999755859375</ele></trkpt><trkpt lat="45.908398216590285" lon="7.111864383332431"><ele>1778.0999755859375</ele></trkpt><trkpt lat="45.90835897997022" lon="7.11198188085109"><ele>1778.5999755859375</ele></trkpt><trkpt lat="45.908324195537716" lon="7.112083888147026"><ele>1779.3999938964844</ele></trkpt><trkpt lat="45.90829846635461" lon="7.112206458579749"><ele>1780.3999938964844</ele></trkpt><trkpt lat="45.90827094158158" lon="7.112330328207463"><ele>1780.7999877929688</ele></trkpt><trkpt lat="45.90824431274086" lon="7.112452904228121"><ele>1781.1999816894531</ele></trkpt><trkpt lat="45.90821947855875" lon="7.112574180122465"><ele>1781.7999877929688</ele></trkpt><trkpt lat="45.908200960140675" lon="7.112701861653477"><ele>1782.5</ele></trkpt><trkpt lat="45.90818333346397" lon="7.11282696062699"><ele>1783.1999816894531</ele></trkpt><trkpt lat="45.90816840901971" lon="7.112953331787139"><ele>1783.7999877929688</ele></trkpt><trkpt lat="45.9081516857259" lon="7.113079713657498"><ele>1784.3999938964844</ele></trkpt><trkpt lat="45.908132266718894" lon="7.113207399845123"><ele>1785.1999816894531</ele></trkpt><trkpt lat="45.90811202349141" lon="7.113360863178968"><ele>1786.0</ele></trkpt><trkpt lat="45.90805203607306" lon="7.113457864616066"><ele>1786.5999755859375</ele></trkpt><trkpt lat="45.90796161815524" lon="7.113607879728079"><ele>1787.0</ele></trkpt><trkpt lat="45.907914261333644" lon="7.1137176915071905"><ele>1787.0999755859375</ele></trkpt><trkpt lat="45.907870505936444" lon="7.113828770350665"><ele>1787.1999816894531</ele></trkpt><trkpt lat="45.90782225318253" lon="7.113939875736833"><ele>1787.0999755859375</ele></trkpt><trkpt lat="45.90777849778533" lon="7.114050954114646"><ele>1787.0999755859375</ele></trkpt><trkpt lat="45.90773114049807" lon="7.114160765428096"><ele>1787.5</ele></trkpt><trkpt lat="45.90768290590495" lon="7.114278313238174"><ele>1788.2999877929688</ele></trkpt><trkpt lat="45.90762110752985" lon="7.11437145806849"><ele>1788.8999938964844</ele></trkpt><trkpt lat="45.90755841322243" lon="7.114465896971524"><ele>1789.2999877929688</ele></trkpt><trkpt lat="45.907498409971595" lon="7.114557742141187"><ele>1789.8999938964844</ele></trkpt><trkpt lat="45.907433912623674" lon="7.114650902803987"><ele>1790.5999755859375</ele></trkpt><trkpt lat="45.90737211378291" lon="7.114744047168642"><ele>1791.5</ele></trkpt><trkpt lat="45.907309415750206" lon="7.1148371966555715"><ele>1792.0999755859375</ele></trkpt><trkpt lat="45.907249415759" lon="7.114930329378694"><ele>1792.1999816894531</ele></trkpt><trkpt lat="45.90718133514747" lon="7.115028664469719"><ele>1792.6999816894531</ele></trkpt><trkpt lat="45.907129464205354" lon="7.115133346058428"><ele>1793.5</ele></trkpt><trkpt lat="45.907078492920846" lon="7.1152380225248635"><ele>1794.0999755859375</ele></trkpt><trkpt lat="45.90702392347157" lon="7.115342719480395"><ele>1794.6999816894531</ele></trkpt><trkpt lat="45.906972052529454" lon="7.115447400603443"><ele>1795.3999938964844</ele></trkpt><trkpt lat="45.90691928192973" lon="7.115552086848766"><ele>1796.0</ele></trkpt><trkpt lat="45.906867410521954" lon="7.115656767506152"><ele>1796.8999938964844</ele></trkpt><trkpt lat="45.906816438771784" lon="7.115761442575604"><ele>1797.7999877929688</ele></trkpt><trkpt lat="45.9067645710893" lon="7.115867411252111"><ele>1798.0999755859375</ele></trkpt><trkpt lat="45.906716260593385" lon="7.115959184709936"><ele>1798.3999938964844</ele></trkpt><trkpt lat="45.906658976804465" lon="7.11605874216184"><ele>1799.0999755859375</ele></trkpt><trkpt lat="45.90660349233076" lon="7.116158288903534"><ele>1799.7999877929688</ele></trkpt><trkpt lat="45.906544409226626" lon="7.116257857065648"><ele>1800.2999877929688</ele></trkpt><trkpt lat="45.906487121712416" lon="7.116356125101447"><ele>1800.5</ele></trkpt><trkpt lat="45.90643163677305" lon="7.11645567137748"><ele>1800.5999755859375</ele></trkpt><trkpt lat="45.90637345286086" lon="7.116555233020335"><ele>1800.6999816894531</ele></trkpt><trkpt lat="45.9063134775497" lon="7.116657382342964"><ele>1800.7999877929688</ele></trkpt><trkpt lat="45.90623540058732" lon="7.116720981895924"><ele>1801.1999816894531</ele></trkpt><trkpt lat="45.90615642024204" lon="7.116783298086375"><ele>1802.0999755859375</ele></trkpt><trkpt lat="45.90607116185129" lon="7.116852093953639"><ele>1803.2999877929688</ele></trkpt><trkpt lat="45.906008450780064" lon="7.11694137332961"><ele>1804.0999755859375</ele></trkpt><trkpt lat="45.905942145269364" lon="7.11703196214512"><ele>1805.5</ele></trkpt><trkpt lat="45.905847169458866" lon="7.117162664420903"><ele>1807.5</ele></trkpt><trkpt lat="45.90580341499299" lon="7.11727502476424"><ele>1809.0</ele></trkpt><trkpt lat="45.90575965633616" lon="7.117386096622795"><ele>1810.1999816894531</ele></trkpt><trkpt lat="45.90571320289746" lon="7.117498472798616"><ele>1811.2999877929688</ele></trkpt><trkpt lat="45.9056441760622" lon="7.117581345140934"><ele>1811.7999877929688</ele></trkpt><trkpt lat="45.90557604888454" lon="7.117664211895317"><ele>1812.1999816894531</ele></trkpt><trkpt lat="45.90550702577457" lon="7.117748372256756"><ele>1813.0999755859375</ele></trkpt><trkpt lat="45.905437998473644" lon="7.117831244133413"><ele>1814.0</ele></trkpt><trkpt lat="45.90538242366165" lon="7.117899862583727"><ele>1814.8999938964844</ele></trkpt><trkpt lat="45.905307973735034" lon="7.117973746266216"><ele>1815.8999938964844</ele></trkpt><trkpt lat="45.90523442346603" lon="7.118047624826431"><ele>1817.5999755859375</ele></trkpt><trkpt lat="45.90516267577186" lon="7.118122780695558"><ele>1819.7999877929688</ele></trkpt><trkpt lat="45.90506041795015" lon="7.11822388600558"><ele>1821.1999816894531</ele></trkpt><trkpt lat="45.90499598393217" lon="7.118340231012553"><ele>1822.0999755859375</ele></trkpt><trkpt lat="45.90497025195509" lon="7.118464079685509"><ele>1823.0999755859375</ele></trkpt><trkpt lat="45.90497025195509" lon="7.118464079685509"><ele>1823.0999755859375</ele></trkpt><trkpt lat="45.90497025195509" lon="7.118464079685509"><ele>1823.0999755859375</ele></trkpt><trkpt lat="45.90494541544467" lon="7.118586634285748"><ele>1824.0</ele></trkpt><trkpt lat="45.90492058219388" lon="7.118710477370769"><ele>1824.5999755859375</ele></trkpt><trkpt lat="45.90489305043593" lon="7.118834336288273"><ele>1825.0</ele></trkpt><trkpt lat="45.90487354435027" lon="7.118933666497469"><ele>1826.0999755859375</ele></trkpt><trkpt lat="45.904800151474774" lon="7.119062947575003"><ele>1827.8999938964844</ele></trkpt><trkpt lat="45.904722980223596" lon="7.119129113852978"><ele>1829.3999938964844</ele></trkpt><trkpt lat="45.90464760782197" lon="7.119195269420743"><ele>1830.1999816894531</ele></trkpt><trkpt lat="45.90455967141315" lon="7.119271805975586"><ele>1831.0999755859375</ele></trkpt><trkpt lat="45.90449245693162" lon="7.1193598178215325"><ele>1832.1999816894531</ele></trkpt><trkpt lat="45.90440644090995" lon="7.119478863663971"><ele>1833.1999816894531</ele></trkpt><trkpt lat="45.904374399688095" lon="7.119598881807178"><ele>1834.2999877929688</ele></trkpt><trkpt lat="45.90434235846624" lon="7.119718899950385"><ele>1835.5</ele></trkpt><trkpt lat="45.904309453908354" lon="7.119851807598025"><ele>1836.3999938964844</ele></trkpt><trkpt lat="45.90423410292715" lon="7.119925692677498"><ele>1837.1999816894531</ele></trkpt><trkpt lat="45.904161454644054" lon="7.120000849943608"><ele>1838.2999877929688</ele></trkpt><trkpt lat="45.904087003320456" lon="7.120074728969485"><ele>1839.3999938964844</ele></trkpt><trkpt lat="45.9040143545717" lon="7.1201498857699335"><ele>1840.5999755859375</ele></trkpt><trkpt lat="45.90394260175526" lon="7.120223748963326"><ele>1841.8999938964844</ele></trkpt><trkpt lat="45.903886089567095" lon="7.120279483962804"><ele>1843.6999816894531</ele></trkpt><trkpt lat="45.903859451878816" lon="7.1204020460136235"><ele>1845.6999816894531</ele></trkpt><trkpt lat="45.903825691435486" lon="7.120550419203937"><ele>1846.5999755859375</ele></trkpt><trkpt lat="45.903761331923306" lon="7.1206938163377345"><ele>1846.8999938964844</ele></trkpt><trkpt lat="45.90367242554203" lon="7.1207458740100265"><ele>1848.0999755859375</ele></trkpt><trkpt lat="45.90356444241479" lon="7.120732330251485"><ele>1848.7999877929688</ele></trkpt><trkpt lat="45.90348154678941" lon="7.120683850720525"><ele>1848.7999877929688</ele></trkpt><trkpt lat="45.90336532192305" lon="7.120618815533817"><ele>1849.7999877929688</ele></trkpt><trkpt lat="45.90326644387096" lon="7.120643873233348"><ele>1851.5</ele></trkpt><trkpt lat="45.903160446789116" lon="7.120696030091494"><ele>1853.2999877929688</ele></trkpt><trkpt lat="45.90308147156611" lon="7.120760913938284"><ele>1855.1999816894531</ele></trkpt><trkpt lat="45.903003400191665" lon="7.120827081147581"><ele>1857.2999877929688</ele></trkpt><trkpt lat="45.90292622381821" lon="7.120891954284161"><ele>1859.0999755859375</ele></trkpt><trkpt lat="45.90284905163571" lon="7.120958115439862"><ele>1860.3999938964844</ele></trkpt><trkpt lat="45.902770976070315" lon="7.121022993233055"><ele>1861.3999938964844</ele></trkpt><trkpt lat="45.90268303453922" lon="7.121098236180842"><ele>1862.0999755859375</ele></trkpt><trkpt lat="45.90259308228269" lon="7.121098759584129"><ele>1862.8999938964844</ele></trkpt><trkpt lat="45.90246714884415" lon="7.121099492534995"><ele>1864.3999938964844</ele></trkpt><trkpt lat="45.90237906528637" lon="7.121124485973269"><ele>1865.8999938964844</ele></trkpt><trkpt lat="45.902290078345686" lon="7.121148196049035"><ele>1867.1999816894531</ele></trkpt><trkpt lat="45.90220199432224" lon="7.121173189487308"><ele>1868.3999938964844</ele></trkpt><trkpt lat="45.90211570588872" lon="7.12119688373059"><ele>1869.5</ele></trkpt><trkpt lat="45.902027622330934" lon="7.121221876703203"><ele>1870.5999755859375</ele></trkpt><trkpt lat="45.90193863864988" lon="7.121246874798089"><ele>1871.5</ele></trkpt><trkpt lat="45.90184695692733" lon="7.12127188872546"><ele>1872.3999938964844</ele></trkpt><trkpt lat="45.90175697905943" lon="7.121263393200934"><ele>1873.5</ele></trkpt><trkpt lat="45.90166700491682" lon="7.121256185695529"><ele>1874.6999816894531</ele></trkpt><trkpt lat="45.90157793043181" lon="7.121248973533511"><ele>1875.8999938964844</ele></trkpt><trkpt lat="45.90148795582354" lon="7.1212417664937675"><ele>1877.0</ele></trkpt><trkpt lat="45.90139708574861" lon="7.12123585306108"><ele>1877.5</ele></trkpt><trkpt lat="45.90133404266089" lon="7.121209162753075"><ele>1877.8999938964844</ele></trkpt><trkpt lat="45.90127171622589" lon="7.121118046808988"><ele>1878.8999938964844</ele></trkpt><trkpt lat="45.9012094005011" lon="7.121030796784908"><ele>1880.5999755859375</ele></trkpt><trkpt lat="45.90117194643244" lon="7.121145684737712"><ele>1883.0999755859375</ele></trkpt><trkpt lat="45.90108293760568" lon="7.121161664370447"><ele>1885.5999755859375</ele></trkpt><trkpt lat="45.901019101031125" lon="7.121172343380749"><ele>1887.5999755859375</ele></trkpt><trkpt lat="45.90093441819772" lon="7.121127741411328"><ele>1889.5999755859375</ele></trkpt><trkpt lat="45.90085243014619" lon="7.121081835590303"><ele>1891.5</ele></trkpt><trkpt lat="45.90076594799757" lon="7.121037244796753"><ele>1893.0999755859375</ele></trkpt><trkpt lat="45.900682164821774" lon="7.120992637705058"><ele>1894.0999755859375</ele></trkpt><trkpt lat="45.900615494232625" lon="7.120955661870539"><ele>1895.0999755859375</ele></trkpt><trkpt lat="45.90053248219192" lon="7.120865956880152"><ele>1897.5</ele></trkpt><trkpt lat="45.90049866680056" lon="7.1209949953481555"><ele>1901.5999755859375</ele></trkpt><trkpt lat="45.900522409472615" lon="7.121119833551347"><ele>1905.5</ele></trkpt><trkpt lat="45.90054246643558" lon="7.121213771402836"><ele>1908.7999877929688</ele></trkpt><trkpt lat="45.90046198479831" lon="7.121381733100861"><ele>1912.5</ele></trkpt><trkpt lat="45.90037217922509" lon="7.121433792170137"><ele>1916.5</ele></trkpt><trkpt lat="45.90031398786232" lon="7.121532049961388"><ele>1920.1999816894531</ele></trkpt><trkpt lat="45.900257588364184" lon="7.1216277200728655"><ele>1923.0</ele></trkpt><trkpt lat="45.90024712309241" lon="7.121743737254292"><ele>1925.0</ele></trkpt><trkpt lat="45.9001571345143" lon="7.12173137627542"><ele>1927.2999877929688</ele></trkpt><trkpt lat="45.900097500067204" lon="7.121637669857591"><ele>1929.5</ele></trkpt><trkpt lat="45.90005052089691" lon="7.121565792709589"><ele>1931.8999938964844</ele></trkpt><trkpt lat="45.89996151207015" lon="7.12158177094534"><ele>1934.6999816894531</ele></trkpt><trkpt lat="45.89987250696868" lon="7.1215990372002125"><ele>1937.0</ele></trkpt><trkpt lat="45.899770012591034" lon="7.121617670636624"><ele>1938.8999938964844</ele></trkpt><trkpt lat="45.899734323844314" lon="7.121720949653536"><ele>1941.0999755859375</ele></trkpt><trkpt lat="45.89974098559469" lon="7.121849750634283"><ele>1943.1999816894531</ele></trkpt><trkpt lat="45.89974944246933" lon="7.121977252420038"><ele>1945.0</ele></trkpt><trkpt lat="45.89975333958864" lon="7.122082878369838"><ele>1946.5</ele></trkpt><trkpt lat="45.89978965232149" lon="7.122199911624193"><ele>1948.0999755859375</ele></trkpt><trkpt lat="45.89981872169301" lon="7.122300238348544"><ele>1949.6999816894531</ele></trkpt><trkpt lat="45.899808291811496" lon="7.122429138049483"><ele>1951.2999877929688</ele></trkpt><trkpt lat="45.89970042556524" lon="7.122456819750369"><ele>1952.7999877929688</ele></trkpt><trkpt lat="45.89962108898908" lon="7.122394148260355"><ele>1953.7999877929688</ele></trkpt><trkpt lat="45.89954355545342" lon="7.122332755476236"><ele>1954.5999755859375</ele></trkpt><trkpt lat="45.89946332294494" lon="7.12227137805894"><ele>1955.3999938964844</ele></trkpt><trkpt lat="45.89940472319722" lon="7.122225335799158"><ele>1956.0</ele></trkpt><trkpt lat="45.8993129641749" lon="7.122223291080445"><ele>1956.5999755859375</ele></trkpt><trkpt lat="45.89922300493345" lon="7.122221236117184"><ele>1957.3999938964844</ele></trkpt><trkpt lat="45.899133045226336" lon="7.122219181153923"><ele>1958.2999877929688</ele></trkpt><trkpt lat="45.899043085519224" lon="7.122217126190662"><ele>1959.0999755859375</ele></trkpt><trkpt lat="45.89895312581211" lon="7.1222150712274015"><ele>1959.8999938964844</ele></trkpt><trkpt lat="45.89886316983029" lon="7.122214304283261"><ele>1960.6999816894531</ele></trkpt><trkpt lat="45.89877321058884" lon="7.12221224932"><ele>1961.5999755859375</ele></trkpt><trkpt lat="45.89877321058884" lon="7.12221224932"><ele>1961.5999755859375</ele></trkpt><trkpt lat="45.89877321058884" lon="7.12221224932"><ele>1961.5999755859375</ele></trkpt><trkpt lat="45.89868325088173" lon="7.1222101943567395"><ele>1962.5999755859375</ele></trkpt><trkpt lat="45.89859329117462" lon="7.122208139393479"><ele>1963.6999816894531</ele></trkpt><trkpt lat="45.898458351846784" lon="7.122205057181418"><ele>1964.8999938964844</ele></trkpt><trkpt lat="45.898377540521324" lon="7.122257060371339"><ele>1966.0</ele></trkpt><trkpt lat="45.898293131031096" lon="7.122309084050357"><ele>1966.8999938964844</ele></trkpt><trkpt lat="45.89818896865472" lon="7.122374105732888"><ele>1967.8999938964844</ele></trkpt><trkpt lat="45.89810267975554" lon="7.12239779625088"><ele>1968.7999877929688</ele></trkpt><trkpt lat="45.89801368908957" lon="7.122420214116573"><ele>1969.7999877929688</ele></trkpt><trkpt lat="45.897883349098265" lon="7.122453178279102"><ele>1970.8999938964844</ele></trkpt><trkpt lat="45.897793396841735" lon="7.122453699354082"><ele>1971.7999877929688</ele></trkpt><trkpt lat="45.897703444585204" lon="7.122454220894724"><ele>1972.6999816894531</ele></trkpt><trkpt lat="45.897613492328674" lon="7.122454741969705"><ele>1973.5999755859375</ele></trkpt><trkpt lat="45.89752443972975" lon="7.122455258388072"><ele>1974.3999938964844</ele></trkpt><trkpt lat="45.89743448747322" lon="7.122455779463053"><ele>1975.1999816894531</ele></trkpt><trkpt lat="45.897345434408635" lon="7.122456295415759"><ele>1976.1999816894531</ele></trkpt><trkpt lat="45.897255482152104" lon="7.122456816956401"><ele>1977.5</ele></trkpt><trkpt lat="45.897165530361235" lon="7.122457338497043"><ele>1978.8999938964844</ele></trkpt><trkpt lat="45.897075578104705" lon="7.122457859572023"><ele>1980.1999816894531</ele></trkpt><trkpt lat="45.89700361620635" lon="7.122458276804537"><ele>1981.3999938964844</ele></trkpt><trkpt lat="45.896914614364505" lon="7.122476829215884"><ele>1982.5</ele></trkpt><trkpt lat="45.89682561298832" lon="7.122495381627232"><ele>1983.6999816894531</ele></trkpt><trkpt lat="45.89673661114648" lon="7.122513933572918"><ele>1985.0</ele></trkpt><trkpt lat="45.89662423636764" lon="7.122537774499506"><ele>1986.2999877929688</ele></trkpt><trkpt lat="45.89653798379004" lon="7.12257434707135"><ele>1987.3999938964844</ele></trkpt><trkpt lat="45.89645353052765" lon="7.122610909398645"><ele>1988.2999877929688</ele></trkpt><trkpt lat="45.89636547584087" lon="7.122646203730255"><ele>1989.2999877929688</ele></trkpt><trkpt lat="45.896284617017955" lon="7.122681456618011"><ele>1990.0999755859375</ele></trkpt><trkpt lat="45.89619465358555" lon="7.1226781122386456"><ele>1990.5999755859375</ele></trkpt><trkpt lat="45.89610469061881" lon="7.122674768324941"><ele>1991.3999938964844</ele></trkpt><trkpt lat="45.8960147309117" lon="7.122672712896019"><ele>1992.6999816894531</ele></trkpt><trkpt lat="45.89595895353705" lon="7.12267045956105"><ele>1993.8999938964844</ele></trkpt><trkpt lat="45.89589609624818" lon="7.122709472663701"><ele>1995.0999755859375</ele></trkpt><trkpt lat="45.89590541878715" lon="7.122825365979224"><ele>1996.5</ele></trkpt><trkpt lat="45.8959704390727" lon="7.122915171086788"><ele>1997.6999816894531</ele></trkpt><trkpt lat="45.896051552612334" lon="7.122970099095255"><ele>1998.6999816894531</ele></trkpt><trkpt lat="45.89613266987726" lon="7.123026315588504"><ele>1999.7999877929688</ele></trkpt><trkpt lat="45.896211984567344" lon="7.123081254307181"><ele>2000.7999877929688</ele></trkpt><trkpt lat="45.89629845507443" lon="7.123121980577707"><ele>2001.7999877929688</ele></trkpt><trkpt lat="45.89638312300667" lon="7.123161428608"><ele>2002.5999755859375</ele></trkpt><trkpt lat="45.896470493171364" lon="7.123202149756253"><ele>2003.2999877929688</ele></trkpt><trkpt lat="45.896553365979344" lon="7.123242896981537"><ele>2003.8999938964844</ele></trkpt><trkpt lat="45.89664433756843" lon="7.123284886125475"><ele>2005.0</ele></trkpt><trkpt lat="45.89657801995054" lon="7.123372875154018"><ele>2006.5999755859375</ele></trkpt><trkpt lat="45.896538593806326" lon="7.123427212238312"><ele>2008.1999816894531</ele></trkpt><trkpt lat="45.89645418012515" lon="7.12347794463858"><ele>2009.2999877929688</ele></trkpt><trkpt lat="45.89637246122584" lon="7.123527372255921"><ele>2010.6999816894531</ele></trkpt><trkpt lat="45.89625841425732" lon="7.123596311546862"><ele>2012.5999755859375</ele></trkpt><trkpt lat="45.89617398614064" lon="7.1236418900080025"><ele>2014.2999877929688</ele></trkpt><trkpt lat="45.89609046140686" lon="7.1236887513659894"><ele>2015.6999816894531</ele></trkpt><trkpt lat="45.89600603329018" lon="7.1237343293614686"><ele>2017.0</ele></trkpt><trkpt lat="45.89592610253021" lon="7.123779881279916"><ele>2018.0</ele></trkpt><trkpt lat="45.895840742159635" lon="7.123813869897276"><ele>2019.0</ele></trkpt><trkpt lat="45.89575448213145" lon="7.123847863636911"><ele>2020.0999755859375</ele></trkpt><trkpt lat="45.895666415803134" lon="7.12387929065153"><ele>2021.2999877929688</ele></trkpt><trkpt lat="45.895579256583005" lon="7.123913289047778"><ele>2022.5</ele></trkpt><trkpt lat="45.89552355138585" lon="7.1239367998205125"><ele>2023.5999755859375</ele></trkpt><trkpt lat="45.8954336210154" lon="7.123945048544556"><ele>2024.5999755859375</ele></trkpt><trkpt lat="45.895344597287476" lon="7.1239558681845665"><ele>2026.0</ele></trkpt><trkpt lat="45.8952789506875" lon="7.12396268825978"><ele>2027.6999816894531</ele></trkpt><trkpt lat="45.89515470759943" lon="7.123924756422639"><ele>2029.3999938964844</ele></trkpt><trkpt lat="45.89506569877267" lon="7.123940729536116"><ele>2030.7999877929688</ele></trkpt><trkpt lat="45.894973990973085" lon="7.1239567175507545"><ele>2032.0</ele></trkpt><trkpt lat="45.894856211263686" lon="7.123978009447455"><ele>2033.0999755859375</ele></trkpt><trkpt lat="45.894766248296946" lon="7.123974663671106"><ele>2033.7999877929688</ele></trkpt><trkpt lat="45.894676281604916" lon="7.123970029409975"><ele>2034.5</ele></trkpt><trkpt lat="45.894586318172514" lon="7.123966683167964"><ele>2035.3999938964844</ele></trkpt><trkpt lat="45.894496351480484" lon="7.123962048906833"><ele>2036.1999816894531</ele></trkpt><trkpt lat="45.894406388513744" lon="7.123958703130484"><ele>2037.0999755859375</ele></trkpt><trkpt lat="45.89431642182171" lon="7.123954068869352"><ele>2038.0</ele></trkpt><trkpt lat="45.89422645885497" lon="7.123950723093003"><ele>2038.6999816894531</ele></trkpt><trkpt lat="45.89413649169728" lon="7.123946088831872"><ele>2039.3999938964844</ele></trkpt><trkpt lat="45.8940744176507" lon="7.123943870421499"><ele>2039.7999877929688</ele></trkpt><trkpt lat="45.89400346390903" lon="7.123982927296311"><ele>2041.1999816894531</ele></trkpt><trkpt lat="45.89394805626944" lon="7.12411207286641"><ele>2043.6999816894531</ele></trkpt><trkpt lat="45.893875408452004" lon="7.124188498593867"><ele>2045.7999877929688</ele></trkpt><trkpt lat="45.89380546333268" lon="7.124266196973622"><ele>2047.5</ele></trkpt><trkpt lat="45.893731019925326" lon="7.124343920964748"><ele>2049.5</ele></trkpt><trkpt lat="45.89365926850587" lon="7.124419053085148"><ele>2052.0999755859375</ele></trkpt><trkpt lat="45.893607252277434" lon="7.124474747572094"><ele>2055.0</ele></trkpt><trkpt lat="45.89354547485709" lon="7.124578163493425"><ele>2058.0</ele></trkpt><trkpt lat="45.89354670001194" lon="7.124694099184126"><ele>2060.699981689453</ele></trkpt><trkpt lat="45.893630464561284" lon="7.124732264783233"><ele>2063.0999755859375</ele></trkpt><trkpt lat="45.89371872320771" lon="7.12476911675185"><ele>2065.199981689453</ele></trkpt><trkpt lat="45.89380248775706" lon="7.124807282816619"><ele>2067.199981689453</ele></trkpt><trkpt lat="45.893890749663115" lon="7.124845423270017"><ele>2069.3999938964844</ele></trkpt><trkpt lat="45.89395019458607" lon="7.124872134998441"><ele>2071.2999877929688</ele></trkpt><trkpt lat="45.89402416534722" lon="7.1249464293941855"><ele>2073.5999755859375</ele></trkpt><trkpt lat="45.89409723645076" lon="7.125020728446543"><ele>2076.3999938964844</ele></trkpt><trkpt lat="45.89416849473491" lon="7.125089885666966"><ele>2079.5999755859375</ele></trkpt><trkpt lat="45.894149102736264" lon="7.125231706071645"><ele>2083.2999877929688</ele></trkpt><trkpt lat="45.89406649116427" lon="7.125283711589873"><ele>2086.5</ele></trkpt><trkpt lat="45.89400543225929" lon="7.125322710257024"><ele>2089.5999755859375</ele></trkpt><trkpt lat="45.89395354874432" lon="7.125426068902016"><ele>2092.699981689453</ele></trkpt><trkpt lat="45.89387262845412" lon="7.125439416151494"><ele>2095.2999877929688</ele></trkpt><trkpt lat="45.89379636757076" lon="7.125510707963258"><ele>2097.7999877929688</ele></trkpt><trkpt lat="45.89373626187444" lon="7.125569024588913"><ele>2100.3999938964844</ele></trkpt><trkpt lat="45.89373626187444" lon="7.125569024588913"><ele>2100.3999938964844</ele></trkpt><trkpt lat="45.89373626187444" lon="7.125569024588913"><ele>2100.3999938964844</ele></trkpt><trkpt lat="45.893684450536966" lon="7.125698147341609"><ele>2103.5</ele></trkpt><trkpt lat="45.89367398060858" lon="7.125814150087535"><ele>2106.5</ele></trkpt><trkpt lat="45.89360674703494" lon="7.125896983779967"><ele>2108.199981689453</ele></trkpt><trkpt lat="45.89353771414608" lon="7.125979827251285"><ele>2108.8999938964844</ele></trkpt><trkpt lat="45.893469573929906" lon="7.126060088630766"><ele>2109.699981689453</ele></trkpt><trkpt lat="45.89342040615156" lon="7.1261698715388775"><ele>2111.5999755859375</ele></trkpt><trkpt lat="45.893378398381174" lon="7.126266730483621"><ele>2114.2999877929688</ele></trkpt><trkpt lat="45.89334364468232" lon="7.126384159550071"><ele>2116.699981689453</ele></trkpt><trkpt lat="45.89330439642072" lon="7.126502902712673"><ele>2118.3999938964844</ele></trkpt><trkpt lat="45.89326963853091" lon="7.12661904329434"><ele>2120.0</ele></trkpt><trkpt lat="45.893231286201626" lon="7.126736492384225"><ele>2121.3999938964844</ele></trkpt><trkpt lat="45.89319653157145" lon="7.126853920985013"><ele>2122.7999877929688</ele></trkpt><trkpt lat="45.89316441817209" lon="7.1269507221877575"><ele>2124.3999938964844</ele></trkpt><trkpt lat="45.89308547554538" lon="7.1270284675993025"><ele>2126.0</ele></trkpt><trkpt lat="45.89302638312802" lon="7.1271279994398355"><ele>2127.5</ele></trkpt><trkpt lat="45.89294939348474" lon="7.127261126879603"><ele>2128.8999938964844</ele></trkpt><trkpt lat="45.89289841474965" lon="7.127367052715272"><ele>2129.7999877929688</ele></trkpt><trkpt lat="45.89284743927419" lon="7.1274742665700614"><ele>2130.8999938964844</ele></trkpt><trkpt lat="45.89277142751962" lon="7.1276357290335"><ele>2132.3999938964844</ele></trkpt><trkpt lat="45.89269061759114" lon="7.127689006738365"><ele>2134.0</ele></trkpt><trkpt lat="45.89257299154997" lon="7.127765682525933"><ele>2135.7999877929688</ele></trkpt><trkpt lat="45.89250135188922" lon="7.127882030792534"><ele>2137.699981689453</ele></trkpt><trkpt lat="45.892460292205215" lon="7.1279969164170325"><ele>2139.0</ele></trkpt><trkpt lat="45.892419232521206" lon="7.128111802041531"><ele>2140.3999938964844</ele></trkpt><trkpt lat="45.89235943648964" lon="7.128282187040895"><ele>2142.5</ele></trkpt><trkpt lat="45.89229943649843" lon="7.128379145171493"><ele>2145.0</ele></trkpt><trkpt lat="45.892239436972886" lon="7.12847610283643"><ele>2147.8999938964844</ele></trkpt><trkpt lat="45.89215347589925" lon="7.128618295304477"><ele>2150.8999938964844</ele></trkpt><trkpt lat="45.89216642268002" lon="7.1287457551807165"><ele>2152.699981689453</ele></trkpt><trkpt lat="45.89217846933752" lon="7.128873219713569"><ele>2153.0</ele></trkpt><trkpt lat="45.89219141565263" lon="7.129000679589808"><ele>2153.2999877929688</ele></trkpt><trkpt lat="45.892208081204444" lon="7.129171917680651"><ele>2154.5999755859375</ele></trkpt><trkpt lat="45.892163461539894" lon="7.129300992004573"><ele>2155.2999877929688</ele></trkpt><trkpt lat="45.892151223961264" lon="7.1294298828579485"><ele>2154.699981689453</ele></trkpt><trkpt lat="45.89213722618297" lon="7.1295729535631835"><ele>2153.199981689453</ele></trkpt><trkpt lat="45.89210246456787" lon="7.129689089488238"><ele>2152.5</ele></trkpt><trkpt lat="45.8920480562374" lon="7.129856864921749"><ele>2154.3999938964844</ele></trkpt><trkpt lat="45.89196748659015" lon="7.129997736308724"><ele>2157.0999755859375</ele></trkpt><trkpt lat="45.89189302548766" lon="7.130070297047496"><ele>2159.3999938964844</ele></trkpt><trkpt lat="45.89181946404278" lon="7.130142853129655"><ele>2162.3999938964844</ele></trkpt><trkpt lat="45.89171629631892" lon="7.130243916530162"><ele>2165.5</ele></trkpt><trkpt lat="45.89162634452805" lon="7.130244425032288"><ele>2168.2999877929688</ele></trkpt><trkpt lat="45.89153844024986" lon="7.130335096269846"><ele>2171.0999755859375</ele></trkpt><trkpt lat="45.89145220676437" lon="7.130379382520914"><ele>2173.5999755859375</ele></trkpt><trkpt lat="45.89133903058246" lon="7.130439278669655"><ele>2175.5999755859375</ele></trkpt><trkpt lat="45.89124909276143" lon="7.130444939713925"><ele>2177.5</ele></trkpt><trkpt lat="45.891132175922394" lon="7.1304533295333385"><ele>2179.2999877929688</ele></trkpt><trkpt lat="45.89107076404616" lon="7.130364791490138"><ele>2180.5</ele></trkpt><trkpt lat="45.89096105424687" lon="7.130377004854381"><ele>2181.3999938964844</ele></trkpt><trkpt lat="45.89088840223849" lon="7.130453418474644"><ele>2183.0999755859375</ele></trkpt><trkpt lat="45.890801400877535" lon="7.130545370746404"><ele>2185.3999938964844</ele></trkpt><trkpt lat="45.89071607403457" lon="7.130592227447778"><ele>2187.5</ele></trkpt><trkpt lat="45.890639735385776" lon="7.130636456422508"><ele>2189.7999877929688</ele></trkpt><trkpt lat="45.89056625869125" lon="7.130739925894886"><ele>2192.5</ele></trkpt><trkpt lat="45.89046741789207" lon="7.130779128987342"><ele>2195.0</ele></trkpt><trkpt lat="45.8904092181474" lon="7.130877358838916"><ele>2197.3999938964844</ele></trkpt><trkpt lat="45.89035102259368" lon="7.130976876243949"><ele>2200.5999755859375</ele></trkpt><trkpt lat="45.89026148524135" lon="7.131128097418696"><ele>2204.199981689453</ele></trkpt><trkpt lat="45.89021771354601" lon="7.131239126902074"><ele>2207.199981689453</ele></trkpt><trkpt lat="45.890170343220234" lon="7.131350176408887"><ele>2210.0</ele></trkpt><trkpt lat="45.89012567186728" lon="7.131461210548878"><ele>2212.7999877929688</ele></trkpt><trkpt lat="45.89007830154151" lon="7.13157225959003"><ele>2215.699981689453</ele></trkpt><trkpt lat="45.89003452565521" lon="7.131682000588626"><ele>2218.7999877929688</ele></trkpt><trkpt lat="45.889987155329436" lon="7.131793049164116"><ele>2221.699981689453</ele></trkpt><trkpt lat="45.88995946524665" lon="7.131864054128528"><ele>2225.3999938964844</ele></trkpt><trkpt lat="45.89004977140576" lon="7.131992363836616"><ele>2230.8999938964844</ele></trkpt><trkpt lat="45.89004836138338" lon="7.132134070619941"><ele>2235.7999877929688</ele></trkpt><trkpt lat="45.89011348411441" lon="7.132263809908181"><ele>2239.199981689453</ele></trkpt><trkpt lat="45.89018614497036" lon="7.132189976982772"><ele>2242.199981689453</ele></trkpt><trkpt lat="45.890282133594155" lon="7.132094113621861"><ele>2245.0999755859375</ele></trkpt><trkpt lat="45.890369303524494" lon="7.132062708493322"><ele>2247.8999938964844</ele></trkpt><trkpt lat="45.89045646926388" lon="7.1320300148800015"><ele>2250.699981689453</ele></trkpt><trkpt lat="45.89054544176906" lon="7.131999887060374"><ele>2253.199981689453</ele></trkpt><trkpt lat="45.89063260750845" lon="7.131967193447053"><ele>2255.5999755859375</ele></trkpt><trkpt lat="45.89074942981824" lon="7.131924027577043"><ele>2258.7999877929688</ele></trkpt><trkpt lat="45.89080548333004" lon="7.132026767358184"><ele>2262.699981689453</ele></trkpt><trkpt lat="45.89075020747259" lon="7.132207423914224"><ele>2266.699981689453</ele></trkpt><trkpt lat="45.89075941871852" lon="7.132285951636732"><ele>2269.3999938964844</ele></trkpt><trkpt lat="45.89084937470034" lon="7.132286734879017"><ele>2271.2999877929688</ele></trkpt><trkpt lat="45.89093933440745" lon="7.132288806606084"><ele>2273.2999877929688</ele></trkpt><trkpt lat="45.89102929783985" lon="7.132292166352272"><ele>2275.3999938964844</ele></trkpt><trkpt lat="45.89116423763335" lon="7.132295273710042"><ele>2277.5</ele></trkpt><trkpt lat="45.89125245809555" lon="7.132319254335016"><ele>2279.5999755859375</ele></trkpt><trkpt lat="45.89134247833863" lon="7.132343225181103"><ele>2283.0</ele></trkpt><trkpt lat="45.89144330332056" lon="7.132371000479907"><ele>2286.3999938964844</ele></trkpt><trkpt lat="45.89150619972497" lon="7.132344883866608"><ele>2288.5999755859375</ele></trkpt><trkpt lat="45.89156930800527" lon="7.132396057713777"><ele>2290.5999755859375</ele></trkpt><trkpt lat="45.89156930800527" lon="7.132396057713777"><ele>2290.5999755859375</ele></trkpt><trkpt lat="45.89156930800527" lon="7.132396057713777"><ele>2290.5999755859375</ele></trkpt><trkpt lat="45.89165842439979" lon="7.132418745663017"><ele>2292.7999877929688</ele></trkpt><trkpt lat="45.89174843719229" lon="7.132440140470862"><ele>2295.0999755859375</ele></trkpt><trkpt lat="45.8918213522993" lon="7.13245905470103"><ele>2298.3999938964844</ele></trkpt><trkpt lat="45.891912451479584" lon="7.132548718713224"><ele>2302.0999755859375</ele></trkpt><trkpt lat="45.89183347346261" lon="7.1326148603111506"><ele>2305.0</ele></trkpt><trkpt lat="45.89175628731027" lon="7.1326784156262875"><ele>2306.7999877929688</ele></trkpt><trkpt lat="45.89167820522562" lon="7.132743263617158"><ele>2308.8999938964844</ele></trkpt><trkpt lat="45.89160102279857" lon="7.132808106485754"><ele>2311.3999938964844</ele></trkpt><trkpt lat="45.891524743288755" lon="7.132874232716858"><ele>2313.7999877929688</ele></trkpt><trkpt lat="45.891447560396045" lon="7.132939075119793"><ele>2316.0999755859375</ele></trkpt><trkpt lat="45.89136947831139" lon="7.133003922645003"><ele>2317.699981689453</ele></trkpt><trkpt lat="45.891290496103466" lon="7.133068774826825"><ele>2319.0</ele></trkpt><trkpt lat="45.89122946606949" lon="7.133119355887175"><ele>2320.2999877929688</ele></trkpt><trkpt lat="45.891188400797546" lon="7.133234234992415"><ele>2321.8999938964844</ele></trkpt><trkpt lat="45.89114733599126" lon="7.133349114097655"><ele>2323.699981689453</ele></trkpt><trkpt lat="45.89110717037693" lon="7.1334639876149595"><ele>2325.199981689453</ele></trkpt><trkpt lat="45.89107950683683" lon="7.133545298594981"><ele>2326.3999938964844</ele></trkpt><trkpt lat="45.89108525495976" lon="7.133674085140228"><ele>2327.5</ele></trkpt><trkpt lat="45.89109550090507" lon="7.133802847005427"><ele>2329.0</ele></trkpt><trkpt lat="45.89110124576837" lon="7.133930345997214"><ele>2330.5999755859375</ele></trkpt><trkpt lat="45.89110775664449" lon="7.1340088890865445"><ele>2331.8999938964844</ele></trkpt><trkpt lat="45.89107840554789" lon="7.134131431113929"><ele>2332.699981689453</ele></trkpt><trkpt lat="45.89104905445129" lon="7.134253972675651"><ele>2333.7999877929688</ele></trkpt><trkpt lat="45.89102149847895" lon="7.134375215973705"><ele>2335.5999755859375</ele></trkpt><trkpt lat="45.89099124772474" lon="7.134497762657702"><ele>2337.699981689453</ele></trkpt><trkpt lat="45.89096548082307" lon="7.134615131653845"><ele>2340.3999938964844</ele></trkpt><trkpt lat="45.89097662549466" lon="7.13474388839677"><ele>2343.5999755859375</ele></trkpt><trkpt lat="45.890988662373275" lon="7.134870063979179"><ele>2346.3999938964844</ele></trkpt><trkpt lat="45.89099800772965" lon="7.134998830966651"><ele>2348.2999877929688</ele></trkpt><trkpt lat="45.89101005811244" lon="7.135130159091204"><ele>2349.8999938964844</ele></trkpt><trkpt lat="45.89100950816646" lon="7.135258981026709"><ele>2351.699981689453</ele></trkpt><trkpt lat="45.891005360521376" lon="7.135387822985649"><ele>2354.2999877929688</ele></trkpt><trkpt lat="45.89100571349263" lon="7.135517928283662"><ele>2358.5999755859375</ele></trkpt><trkpt lat="45.89100232208148" lon="7.135593950748444"><ele>2362.3999938964844</ele></trkpt><trkpt lat="45.89094046782702" lon="7.135672873817384"><ele>2364.5999755859375</ele></trkpt><trkpt lat="45.890850498806685" lon="7.1356669324450195"><ele>2366.8999938964844</ele></trkpt><trkpt lat="45.89077042415738" lon="7.135660936590284"><ele>2369.3999938964844</ele></trkpt><trkpt lat="45.89070680225268" lon="7.135751462541521"><ele>2370.5</ele></trkpt><trkpt lat="45.89064228022471" lon="7.13584199314937"><ele>2370.5</ele></trkpt><trkpt lat="45.89055447233841" lon="7.135970009490848"><ele>2371.3999938964844</ele></trkpt><trkpt lat="45.89046448841691" lon="7.1359589151106775"><ele>2372.5</ele></trkpt><trkpt lat="45.89037540787831" lon="7.135949104093015"><ele>2373.8999938964844</ele></trkpt><trkpt lat="45.89024043502286" lon="7.135933107230812"><ele>2377.2999877929688</ele></trkpt><trkpt lat="45.890186603646725" lon="7.135984933003783"><ele>2381.8999938964844</ele></trkpt><trkpt lat="45.89024812029675" lon="7.136113409418613"><ele>2385.5</ele></trkpt><trkpt lat="45.89033011998981" lon="7.1361657697707415"><ele>2387.5</ele></trkpt><trkpt lat="45.89041212340817" lon="7.136219418607652"><ele>2389.0999755859375</ele></trkpt><trkpt lat="45.890494123101234" lon="7.1362717798911035"><ele>2390.7999877929688</ele></trkpt><trkpt lat="45.89054548647255" lon="7.136304988060147"><ele>2391.7999877929688</ele></trkpt><trkpt lat="45.89063542149961" lon="7.136298048775643"><ele>2392.0</ele></trkpt><trkpt lat="45.89072535652667" lon="7.13629110949114"><ele>2392.5</ele></trkpt><trkpt lat="45.890815291553736" lon="7.1362841706722975"><ele>2393.199981689453</ele></trkpt><trkpt lat="45.89090432738885" lon="7.136277236510068"><ele>2394.5</ele></trkpt><trkpt lat="45.89099426288158" lon="7.136270297691226"><ele>2396.699981689453</ele></trkpt><trkpt lat="45.89107610285282" lon="7.136263403575867"><ele>2399.5</ele></trkpt><trkpt lat="45.89112125709653" lon="7.136328851338476"><ele>2402.0999755859375</ele></trkpt><trkpt lat="45.89107477106154" lon="7.136436028871685"><ele>2404.2999877929688</ele></trkpt><trkpt lat="45.891026492696255" lon="7.136545792222023"><ele>2406.2999877929688</ele></trkpt><trkpt lat="45.89097640803084" lon="7.136652989313006"><ele>2407.8999938964844</ele></trkpt><trkpt lat="45.89094242779538" lon="7.136727891862392"><ele>2408.3999938964844</ele></trkpt><trkpt lat="45.89085333328694" lon="7.136712926439941"><ele>2408.199981689453</ele></trkpt><trkpt lat="45.890763339120895" lon="7.136697966605425"><ele>2408.699981689453</ele></trkpt><trkpt lat="45.890674244612455" lon="7.136683001182973"><ele>2409.5</ele></trkpt><trkpt lat="45.890585150104016" lon="7.136668036226183"><ele>2410.2999877929688</ele></trkpt><trkpt lat="45.89049245789647" lon="7.136653091292828"><ele>2411.8999938964844</ele></trkpt><trkpt lat="45.89040436735377" lon="7.136676766443998"><ele>2414.3999938964844</ele></trkpt><trkpt lat="45.890296505298465" lon="7.136706991586834"><ele>2417.2999877929688</ele></trkpt><trkpt lat="45.89021409349516" lon="7.136834976263344"><ele>2420.5</ele></trkpt><trkpt lat="45.89025031821802" lon="7.136924948077649"><ele>2423.5999755859375</ele></trkpt><trkpt lat="45.89034047955647" lon="7.137001740280539"><ele>2426.0</ele></trkpt><trkpt lat="45.890306405723095" lon="7.1370418621227145"><ele>2428.199981689453</ele></trkpt><trkpt lat="45.89034270262346" lon="7.137158885598183"><ele>2430.2999877929688</ele></trkpt><trkpt lat="45.89037810033187" lon="7.137275913730264"><ele>2432.0999755859375</ele></trkpt><trkpt lat="45.89040441904217" lon="7.137362075969577"><ele>2433.3999938964844</ele></trkpt><trkpt lat="45.890428143087775" lon="7.1374868978746235"><ele>2434.8999938964844</ele></trkpt><trkpt lat="45.890453663188964" lon="7.1376104219816625"><ele>2436.8999938964844</ele></trkpt><trkpt lat="45.890468291472644" lon="7.1376979374326766"><ele>2438.7999877929688</ele></trkpt><trkpt lat="45.890414455439895" lon="7.137748473323882"><ele>2440.8999938964844</ele></trkpt><trkpt lat="45.89038058929145" lon="7.1378658837638795"><ele>2443.8999938964844</ele></trkpt><trkpt lat="45.89030973846093" lon="7.137944853398949"><ele>2446.7999877929688</ele></trkpt><trkpt lat="45.89023979054764" lon="7.1380251054652035"><ele>2450.0999755859375</ele></trkpt><trkpt lat="45.890129482373595" lon="7.13814937742427"><ele>2455.0</ele></trkpt><trkpt lat="45.89004777139053" lon="7.138203931041062"><ele>2458.8999938964844</ele></trkpt><trkpt lat="45.88996604643762" lon="7.138253331184387"><ele>2460.7999877929688</ele></trkpt><trkpt lat="45.889895195607096" lon="7.138332299422473"><ele>2462.3999938964844</ele></trkpt><trkpt lat="45.889849454630166" lon="7.13838278921321"><ele>2464.0999755859375</ele></trkpt><trkpt lat="45.88976946659386" lon="7.13840899290517"><ele>2465.3999938964844</ele></trkpt><trkpt lat="45.88972659036517" lon="7.138521298300475"><ele>2466.3999938964844</ele></trkpt><trkpt lat="45.88968371693045" lon="7.138634891714901"><ele>2467.0999755859375</ele></trkpt><trkpt lat="45.889635474421084" lon="7.138758820015937"><ele>2467.5999755859375</ele></trkpt><trkpt lat="45.88956733467057" lon="7.13884292403236"><ele>2467.8999938964844</ele></trkpt><trkpt lat="45.88949113385752" lon="7.138939953874797"><ele>2467.699981689453</ele></trkpt><trkpt lat="45.8894192376174" lon="7.138964823912829"><ele>2467.3999938964844</ele></trkpt><trkpt lat="45.889374434016645" lon="7.1390294772572815"><ele>2466.8999938964844</ele></trkpt><trkpt lat="45.88928542891517" lon="7.1390479994006455"><ele>2465.8999938964844</ele></trkpt><trkpt lat="45.88918743561953" lon="7.139069147408009"><ele>2464.5</ele></trkpt><trkpt lat="45.88913360191509" lon="7.139120968524367"><ele>2463.199981689453</ele></trkpt><trkpt lat="45.88904365990311" lon="7.1391253266483545"><ele>2461.8999938964844</ele></trkpt><trkpt lat="45.88904365990311" lon="7.1391253266483545"><ele>2461.8999938964844</ele></trkpt><trkpt lat="45.88904365990311" lon="7.1391253266483545"><ele>2461.8999938964844</ele></trkpt><trkpt lat="45.888953720685095" lon="7.139130972325802"><ele>2460.5</ele></trkpt><trkpt lat="45.88883679313585" lon="7.139135478530079"><ele>2459.8999938964844</ele></trkpt><trkpt lat="45.888750531710684" lon="7.139170731417835"><ele>2460.199981689453</ele></trkpt><trkpt lat="45.888662475161254" lon="7.139207282569259"><ele>2460.3999938964844</ele></trkpt><trkpt lat="45.8885834030807" lon="7.139239919371903"><ele>2459.8999938964844</ele></trkpt><trkpt lat="45.88848442398012" lon="7.139228869229555"><ele>2458.7999877929688</ele></trkpt><trkpt lat="45.888412289787084" lon="7.139164858497679"><ele>2458.0999755859375</ele></trkpt><trkpt lat="45.88834817521274" lon="7.139072465710342"><ele>2458.0</ele></trkpt><trkpt lat="45.88826058013365" lon="7.138945422600955"><ele>2457.7999877929688</ele></trkpt><trkpt lat="45.88817061018199" lon="7.138939476106316"><ele>2457.7999877929688</ele></trkpt><trkpt lat="45.888062653597444" lon="7.1389349163509905"><ele>2458.5999755859375</ele></trkpt><trkpt lat="45.88794405153021" lon="7.138985804282129"><ele>2459.5</ele></trkpt><trkpt lat="45.88789847213775" lon="7.139096832368523"><ele>2460.2999877929688</ele></trkpt><trkpt lat="45.887853792868555" lon="7.139207855332643"><ele>2461.2999877929688</ele></trkpt><trkpt lat="45.88781178742647" lon="7.139309846796095"><ele>2462.5</ele></trkpt><trkpt lat="45.88780130352825" lon="7.139425834640861"><ele>2464.0999755859375</ele></trkpt><trkpt lat="45.88784747570753" lon="7.139536358881742"><ele>2465.5999755859375</ele></trkpt><trkpt lat="45.88789367163554" lon="7.139655900653452"><ele>2466.5</ele></trkpt><trkpt lat="45.88790121534839" lon="7.139785958454013"><ele>2466.5</ele></trkpt><trkpt lat="45.88790145283565" lon="7.139874836895615"><ele>2466.0999755859375</ele></trkpt><trkpt lat="45.887863082345575" lon="7.139990977011621"><ele>2465.199981689453</ele></trkpt><trkpt lat="45.88783007487655" lon="7.140094206202775"><ele>2464.199981689453</ele></trkpt><trkpt lat="45.88776463968679" lon="7.140180867630988"><ele>2463.7999877929688</ele></trkpt><trkpt lat="45.88769649947062" lon="7.14026496745646"><ele>2464.5</ele></trkpt><trkpt lat="45.887616709806025" lon="7.140365875791758"><ele>2466.0</ele></trkpt><trkpt lat="45.887530462350696" lon="7.1404062788933516"><ele>2468.5999755859375</ele></trkpt><trkpt lat="45.88744421163574" lon="7.140445393510163"><ele>2471.0999755859375</ele></trkpt><trkpt lat="45.88736335420981" lon="7.140483190771192"><ele>2472.699981689453</ele></trkpt><trkpt lat="45.88730243081227" lon="7.140574978664517"><ele>2474.0</ele></trkpt><trkpt lat="45.88726225774735" lon="7.140689839143306"><ele>2476.0</ele></trkpt><trkpt lat="45.8872114000842" lon="7.140845976769924"><ele>2477.5999755859375</ele></trkpt><trkpt lat="45.88712875684723" lon="7.14088893448934"><ele>2477.699981689453</ele></trkpt><trkpt lat="45.88704341510311" lon="7.1409319075755775"><ele>2477.5</ele></trkpt><trkpt lat="45.88695717416704" lon="7.140974884852767"><ele>2478.5999755859375</ele></trkpt><trkpt lat="45.88687453465536" lon="7.141019131056964"><ele>2480.0999755859375</ele></trkpt><trkpt lat="45.88678020844236" lon="7.141066016629338"><ele>2480.8999938964844</ele></trkpt><trkpt lat="45.886690276674926" lon="7.141074235551059"><ele>2481.0999755859375</ele></trkpt><trkpt lat="45.88660034816712" lon="7.141083742491901"><ele>2481.0999755859375</ele></trkpt><trkpt lat="45.88650142448023" lon="7.141093298327178"><ele>2481.0</ele></trkpt><trkpt lat="45.886416777037084" lon="7.141058981884271"><ele>2481.199981689453</ele></trkpt><trkpt lat="45.88631231896579" lon="7.141017044894397"><ele>2481.8999938964844</ele></trkpt><trkpt lat="45.886223307810724" lon="7.1410329872742295"><ele>2482.8999938964844</ele></trkpt><trkpt lat="45.88613338628784" lon="7.141045070718974"><ele>2483.7999877929688</ele></trkpt><trkpt lat="45.88606145512313" lon="7.141057055443525"><ele>2484.5</ele></trkpt><trkpt lat="45.88598518446088" lon="7.141128315124661"><ele>2485.0999755859375</ele></trkpt><trkpt lat="45.885912507772446" lon="7.141198267228901"><ele>2485.5999755859375</ele></trkpt><trkpt lat="45.885827261954546" lon="7.141277303453535"><ele>2486.0999755859375</ele></trkpt><trkpt lat="45.88573918072507" lon="7.141304832883179"><ele>2486.699981689453</ele></trkpt><trkpt lat="45.88565109251067" lon="7.141329786274582"><ele>2488.2999877929688</ele></trkpt><trkpt lat="45.885523463599384" lon="7.141369123477489"><ele>2490.3999938964844</ele></trkpt><trkpt lat="45.88543722545728" lon="7.141413387376815"><ele>2491.5999755859375</ele></trkpt><trkpt lat="45.885354589205235" lon="7.141458919271827"><ele>2491.8999938964844</ele></trkpt><trkpt lat="45.885297091677785" lon="7.141486281529069"><ele>2492.3999938964844</ele></trkpt><trkpt lat="45.885207132901996" lon="7.141484195366502"><ele>2493.5</ele></trkpt><trkpt lat="45.88511717366055" lon="7.141482109203935"><ele>2494.7999877929688</ele></trkpt><trkpt lat="45.88502721115947" lon="7.141478735022247"><ele>2495.7999877929688</ele></trkpt><trkpt lat="45.88489227602258" lon="7.141476893797517"><ele>2496.7999877929688</ele></trkpt><trkpt lat="45.884818700142205" lon="7.141546848695725"><ele>2497.699981689453</ele></trkpt><trkpt lat="45.884742429014295" lon="7.141618106048554"><ele>2498.699981689453</ele></trkpt><trkpt lat="45.8846670538187" lon="7.14168807072565"><ele>2499.699981689453</ele></trkpt><trkpt lat="45.88459348073229" lon="7.141759312711656"><ele>2500.5999755859375</ele></trkpt><trkpt lat="45.88451721286401" lon="7.1418318576179445"><ele>2501.8999938964844</ele></trkpt><trkpt lat="45.88440056564286" lon="7.141941974870861"><ele>2503.699981689453</ele></trkpt><trkpt lat="45.88434146018699" lon="7.142041474580765"><ele>2505.5</ele></trkpt><trkpt lat="45.88428415404633" lon="7.142140964511782"><ele>2507.2999877929688</ele></trkpt><trkpt lat="45.884229545947164" lon="7.142240439541638"><ele>2509.199981689453</ele></trkpt><trkpt lat="45.8841856746003" lon="7.14231795957312"><ele>2511.0999755859375</ele></trkpt><trkpt lat="45.884111212100834" lon="7.142393069341779"><ele>2513.199981689453</ele></trkpt><trkpt lat="45.88402240211144" lon="7.142485001590103"><ele>2515.2999877929688</ele></trkpt><trkpt lat="45.883963289204985" lon="7.142581923864782"><ele>2517.5</ele></trkpt><trkpt lat="45.88390418048948" lon="7.142680134624243"><ele>2520.0999755859375</ele></trkpt><trkpt lat="45.883834321051836" lon="7.142795146908611"><ele>2522.7999877929688</ele></trkpt><trkpt lat="45.8837625537999" lon="7.142868953291327"><ele>2524.7999877929688</ele></trkpt><trkpt lat="45.883686285000294" lon="7.142941495403647"><ele>2526.3999938964844</ele></trkpt><trkpt lat="45.883614517748356" lon="7.143015301320702"><ele>2527.7999877929688</ele></trkpt><trkpt lat="45.88353915186599" lon="7.143089126329869"><ele>2529.3999938964844</ele></trkpt><trkpt lat="45.883431495167315" lon="7.143197902012616"><ele>2531.199981689453</ele></trkpt><trkpt lat="45.883347059134394" lon="7.143243439961225"><ele>2533.0</ele></trkpt><trkpt lat="45.883264425676316" lon="7.143290255218744"><ele>2534.5999755859375</ele></trkpt><trkpt lat="45.883197060320526" lon="7.143327972386032"><ele>2536.5999755859375</ele></trkpt><trkpt lat="45.883132519666106" lon="7.143413329962641"><ele>2539.5</ele></trkpt><trkpt lat="45.88306438410655" lon="7.143499994650483"><ele>2542.8999938964844</ele></trkpt><trkpt lat="45.88299805065617" lon="7.143587937578559"><ele>2545.0999755859375</ele></trkpt><trkpt lat="45.8829101966694" lon="7.143701756373048"><ele>2546.199981689453</ele></trkpt><trkpt lat="45.88282934157178" lon="7.143740833271295"><ele>2547.5</ele></trkpt><trkpt lat="45.88274124637246" lon="7.143763205502182"><ele>2549.0999755859375</ele></trkpt><trkpt lat="45.88265225477517" lon="7.143786870408803"><ele>2550.5</ele></trkpt><trkpt lat="45.88256415957585" lon="7.143809242174029"><ele>2551.3999938964844</ele></trkpt><trkpt lat="45.882475167978555" lon="7.143832906614989"><ele>2552.2999877929688</ele></trkpt><trkpt lat="45.88238706905395" lon="7.1438539903610945"><ele>2553.5999755859375</ele></trkpt><trkpt lat="45.88231875328347" lon="7.143872391432524"><ele>2555.199981689453</ele></trkpt><trkpt lat="45.882231421768665" lon="7.143843240104616"><ele>2557.3999938964844</ele></trkpt><trkpt lat="45.882231421768665" lon="7.143843240104616"><ele>2557.3999938964844</ele></trkpt><trkpt lat="45.882231421768665" lon="7.143843240104616"><ele>2557.3999938964844</ele></trkpt><trkpt lat="45.882093669846654" lon="7.143796329386532"><ele>2560.3999938964844</ele></trkpt><trkpt lat="45.882004658225924" lon="7.143812266178429"><ele>2563.0999755859375</ele></trkpt><trkpt lat="45.88194981450215" lon="7.143822866491973"><ele>2565.0999755859375</ele></trkpt><trkpt lat="45.8818624666892" lon="7.143787275534123"><ele>2568.0</ele></trkpt><trkpt lat="45.88173369271681" lon="7.143733877222985"><ele>2572.199981689453</ele></trkpt><trkpt lat="45.88164374791086" lon="7.143736939877272"><ele>2575.7999877929688</ele></trkpt><trkpt lat="45.88155380310491" lon="7.143740002065897"><ele>2578.2999877929688</ele></trkpt><trkpt lat="45.88146206224337" lon="7.14374436205253"><ele>2580.5</ele></trkpt><trkpt lat="45.881327144335955" lon="7.143748955335468"><ele>2582.699981689453</ele></trkpt><trkpt lat="45.88124268455431" lon="7.143785474356264"><ele>2584.5</ele></trkpt><trkpt lat="45.881111497059464" lon="7.143840277567506"><ele>2585.8999938964844</ele></trkpt><trkpt lat="45.8810451598838" lon="7.143926928751171"><ele>2587.0</ele></trkpt><trkpt lat="45.88098062481731" lon="7.144014857709408"><ele>2587.699981689453</ele></trkpt><trkpt lat="45.88092324184254" lon="7.144086004700512"><ele>2588.699981689453</ele></trkpt><trkpt lat="45.880834246985614" lon="7.144108380656689"><ele>2590.0</ele></trkpt><trkpt lat="45.88074614852667" lon="7.144129463005811"><ele>2591.2999877929688</ele></trkpt><trkpt lat="45.88065715320408" lon="7.144151838496327"><ele>2592.3999938964844</ele></trkpt><trkpt lat="45.88056905800477" lon="7.144174209330231"><ele>2593.699981689453</ele></trkpt><trkpt lat="45.880448600277305" lon="7.144204481970519"><ele>2595.5</ele></trkpt><trkpt lat="45.88035865826532" lon="7.144208831246942"><ele>2597.199981689453</ele></trkpt><trkpt lat="45.88026870647445" lon="7.144209316466004"><ele>2598.699981689453</ele></trkpt><trkpt lat="45.88017876120284" lon="7.144212377723306"><ele>2599.8999938964844</ele></trkpt><trkpt lat="45.88008881593123" lon="7.144215438980609"><ele>2601.0</ele></trkpt><trkpt lat="45.879997074604034" lon="7.14421979803592"><ele>2602.0999755859375</ele></trkpt><trkpt lat="45.879907122813165" lon="7.144220283254981"><ele>2603.199981689453</ele></trkpt><trkpt lat="45.879817177541554" lon="7.144223344512284"><ele>2604.7999877929688</ele></trkpt><trkpt lat="45.87972723226994" lon="7.144226405769587"><ele>2606.199981689453</ele></trkpt><trkpt lat="45.87963728699833" lon="7.144229467026889"><ele>2607.3999938964844</ele></trkpt><trkpt lat="45.87954733846709" lon="7.144231240265071"><ele>2608.7999877929688</ele></trkpt><trkpt lat="45.87945739319548" lon="7.144234301522374"><ele>2610.3999938964844</ele></trkpt><trkpt lat="45.87940342538059" lon="7.144235880579799"><ele>2611.7999877929688</ele></trkpt><trkpt lat="45.879315197933465" lon="7.1442080228589475"><ele>2613.199981689453</ele></trkpt><trkpt lat="45.87922967225313" lon="7.144181438256055"><ele>2614.5999755859375</ele></trkpt><trkpt lat="45.8791603515856" lon="7.1441599181853235"><ele>2616.3999938964844</ele></trkpt><trkpt lat="45.87907953048125" lon="7.1442118706181645"><ele>2618.7999877929688</ele></trkpt><trkpt lat="45.87895560031757" lon="7.144289813935757"><ele>2621.5</ele></trkpt><trkpt lat="45.87886558379978" lon="7.144265829585493"><ele>2623.7999877929688</ele></trkpt><trkpt lat="45.878793724346906" lon="7.144304854329675"><ele>2625.3999938964844</ele></trkpt><trkpt lat="45.87870463449508" lon="7.14429116807878"><ele>2627.0</ele></trkpt><trkpt lat="45.87861464545131" lon="7.144277486950159"><ele>2629.0999755859375</ele></trkpt><trkpt lat="45.87852555885911" lon="7.1442650887183845"><ele>2631.3999938964844</ele></trkpt><trkpt lat="45.87845176830888" lon="7.144253896083683"><ele>2634.0999755859375</ele></trkpt><trkpt lat="45.87836011918262" lon="7.1442930274643"><ele>2636.8999938964844</ele></trkpt><trkpt lat="45.87829885352403" lon="7.144256009720266"><ele>2639.5</ele></trkpt><trkpt lat="45.87820983538404" lon="7.144269368611276"><ele>2641.699981689453</ele></trkpt><trkpt lat="45.87811812153086" lon="7.144284030422568"><ele>2643.5999755859375</ele></trkpt><trkpt lat="45.87805428635329" lon="7.144295965787023"><ele>2645.0999755859375</ele></trkpt><trkpt lat="45.8779660621658" lon="7.144269396550953"><ele>2646.5</ele></trkpt><trkpt lat="45.877879643812776" lon="7.1442453931085765"><ele>2648.2999877929688</ele></trkpt><trkpt lat="45.87773921340704" lon="7.144206226803362"><ele>2650.3999938964844</ele></trkpt><trkpt lat="45.87765112193301" lon="7.1442298837937415"><ele>2652.3999938964844</ele></trkpt><trkpt lat="45.87758640060201" lon="7.144246975425631"><ele>2653.3999938964844</ele></trkpt><trkpt lat="45.87751915631816" lon="7.144331049639732"><ele>2653.699981689453</ele></trkpt><trkpt lat="45.87743578897789" lon="7.144440968055278"><ele>2654.199981689453</ele></trkpt><trkpt lat="45.87735317880288" lon="7.1444967915304005"><ele>2656.0</ele></trkpt><trkpt lat="45.87727237120271" lon="7.144553893245757"><ele>2658.5999755859375</ele></trkpt><trkpt lat="45.877192463260144" lon="7.1446109903045"><ele>2661.2999877929688</ele></trkpt><trkpt lat="45.87711345450953" lon="7.144668081775308"><ele>2663.0</ele></trkpt><trkpt lat="45.87704970361665" lon="7.144712212495506"><ele>2664.199981689453</ele></trkpt><trkpt lat="45.87696253461763" lon="7.1447448786348104"><ele>2666.699981689453</ele></trkpt><trkpt lat="45.87687447015196" lon="7.144778837449849"><ele>2670.2999877929688</ele></trkpt><trkpt lat="45.87678729835898" lon="7.144810215570033"><ele>2673.2999877929688</ele></trkpt><trkpt lat="45.87670012935996" lon="7.144842881243676"><ele>2675.2999877929688</ele></trkpt><trkpt lat="45.87661476340145" lon="7.144876825157553"><ele>2677.7999877929688</ele></trkpt><trkpt lat="45.87649254407734" lon="7.14492127019912"><ele>2681.5</ele></trkpt><trkpt lat="45.87641627434641" lon="7.144993800204247"><ele>2685.3999938964844</ele></trkpt><trkpt lat="45.876343599520624" lon="7.145065023098141"><ele>2688.5</ele></trkpt><trkpt lat="45.87626642687246" lon="7.14513626974076"><ele>2691.199981689453</ele></trkpt><trkpt lat="45.876196447294205" lon="7.145206189248711"><ele>2693.5999755859375</ele></trkpt><trkpt lat="45.87610839214176" lon="7.145244010258466"><ele>2695.0</ele></trkpt><trkpt lat="45.87602212931961" lon="7.145279245451093"><ele>2695.0999755859375</ele></trkpt><trkpt lat="45.87593766488135" lon="7.145314470864832"><ele>2694.2999877929688</ele></trkpt><trkpt lat="45.875851405318826" lon="7.145350993145257"><ele>2692.699981689453</ele></trkpt><trkpt lat="45.875790301244706" lon="7.145375790074468"><ele>2690.0</ele></trkpt><trkpt lat="45.87570031452924" lon="7.145363394636661"><ele>2686.2999877929688</ele></trkpt><trkpt lat="45.87561123073101" lon="7.145352282561362"><ele>2682.699981689453</ele></trkpt><trkpt lat="45.875521244015545" lon="7.145339887123555"><ele>2679.199981689453</ele></trkpt><trkpt lat="45.875432156957686" lon="7.1453274874947965"><ele>2675.8999938964844</ele></trkpt><trkpt lat="45.87534217396751" lon="7.14531638007611"><ele>2672.8999938964844</ele></trkpt><trkpt lat="45.87523239431903" lon="7.145302803721279"><ele>2670.0</ele></trkpt><trkpt lat="45.87515065539628" lon="7.1453483160585165"><ele>2666.8999938964844</ele></trkpt><trkpt lat="45.87506532529369" lon="7.145396423060447"><ele>2664.0</ele></trkpt><trkpt lat="45.874983589630574" lon="7.145443222951144"><ele>2660.8999938964844</ele></trkpt><trkpt lat="45.874864127952605" lon="7.145510829985142"><ele>2657.0</ele></trkpt><trkpt lat="45.8747742054984" lon="7.1455229027196765"><ele>2653.7999877929688</ele></trkpt><trkpt lat="45.874721796717495" lon="7.145433037541807"><ele>2652.0</ele></trkpt><trkpt lat="45.87470350181684" lon="7.14531723363325"><ele>2650.3999938964844</ele></trkpt><trkpt lat="45.874640291556716" lon="7.145224851090461"><ele>2647.7999877929688</ele></trkpt><trkpt lat="45.87458429438993" lon="7.145138869527727"><ele>2644.8999938964844</ele></trkpt><trkpt lat="45.874515717383474" lon="7.145058106631041"><ele>2642.199981689453</ele></trkpt><trkpt lat="45.87445075530559" lon="7.144983763340861"><ele>2639.5</ele></trkpt><trkpt lat="45.87436339305714" lon="7.144943023566157"><ele>2637.0</ele></trkpt><trkpt lat="45.87428052490577" lon="7.144900972023606"><ele>2634.3999938964844</ele></trkpt><trkpt lat="45.87428052490577" lon="7.144900972023606"><ele>2634.3999938964844</ele></trkpt><trkpt lat="45.87428052490577" lon="7.144900972023606"><ele>2634.3999938964844</ele></trkpt><trkpt lat="45.874189553782344" lon="7.144856388214976"><ele>2630.5999755859375</ele></trkpt><trkpt lat="45.87409063940868" lon="7.144869797863066"><ele>2625.7999877929688</ele></trkpt><trkpt lat="45.87406225968152" lon="7.145024484489113"><ele>2620.8999938964844</ele></trkpt><trkpt lat="45.87400049902499" lon="7.1451420043595135"><ele>2615.3999938964844</ele></trkpt><trkpt lat="45.87391146225855" lon="7.145148921292275"><ele>2610.0999755859375</ele></trkpt><trkpt lat="45.8738215258345" lon="7.145155843347311"><ele>2606.0</ele></trkpt><trkpt lat="45.873740429989994" lon="7.145103479735553"><ele>2602.7999877929688</ele></trkpt><trkpt lat="45.87369568971917" lon="7.14519386459142"><ele>2600.0</ele></trkpt><trkpt lat="45.87369423126802" lon="7.145323937758803"><ele>2597.7999877929688</ele></trkpt><trkpt lat="45.87369549833238" lon="7.145464298315346"><ele>2595.3999938964844</ele></trkpt><trkpt lat="45.87363277096301" lon="7.1455560671165586"><ele>2592.0</ele></trkpt><trkpt lat="45.87356913695112" lon="7.145645264536142"><ele>2588.3999938964844</ele></trkpt><trkpt lat="45.873479285277426" lon="7.145684379618615"><ele>2585.2999877929688</ele></trkpt><trkpt lat="45.873454401735216" lon="7.145800412166864"><ele>2582.699981689453</ele></trkpt><trkpt lat="45.87336447229609" lon="7.145809908863157"><ele>2580.199981689453</ele></trkpt><trkpt lat="45.87331051053479" lon="7.145814061164856"><ele>2577.5999755859375</ele></trkpt><trkpt lat="45.87324868934229" lon="7.145908399485052"><ele>2574.8999938964844</ele></trkpt><trkpt lat="45.873156401794404" lon="7.146047973074019"><ele>2572.199981689453</ele></trkpt><trkpt lat="45.87312343204394" lon="7.146167911589146"><ele>2569.8999938964844</ele></trkpt><trkpt lat="45.873090462293476" lon="7.146287849638611"><ele>2567.5999755859375</ele></trkpt><trkpt lat="45.873057486023754" lon="7.146405212581158"><ele>2565.0999755859375</ele></trkpt><trkpt lat="45.87302451580763" lon="7.146525150630623"><ele>2562.5</ele></trkpt><trkpt lat="45.8729915455915" lon="7.146645088214427"><ele>2560.0999755859375</ele></trkpt><trkpt lat="45.87295857537538" lon="7.146765026263893"><ele>2557.3999938964844</ele></trkpt><trkpt lat="45.872917576693" lon="7.146910761948675"><ele>2554.699981689453</ele></trkpt><trkpt lat="45.8728620740585" lon="7.147014078684151"><ele>2551.7999877929688</ele></trkpt><trkpt lat="45.87278241897002" lon="7.147169034928083"><ele>2548.7999877929688</ele></trkpt><trkpt lat="45.87274314137176" lon="7.147285141982138"><ele>2546.3999938964844</ele></trkpt><trkpt lat="45.87270566308871" lon="7.147401239722967"><ele>2544.3999938964844</ele></trkpt><trkpt lat="45.87266548583284" lon="7.147517351899296"><ele>2542.5</ele></trkpt><trkpt lat="45.87262620776892" lon="7.147633458953351"><ele>2540.5999755859375</ele></trkpt><trkpt lat="45.872589631937444" lon="7.147750839125365"><ele>2538.699981689453</ele></trkpt><trkpt lat="45.872549454215914" lon="7.147866950370371"><ele>2536.7999877929688</ele></trkpt><trkpt lat="45.87252278300002" lon="7.147988140583038"><ele>2534.8999938964844</ele></trkpt><trkpt lat="45.87249341281131" lon="7.148109345231205"><ele>2533.199981689453</ele></trkpt><trkpt lat="45.87246314669028" lon="7.148231842555106"><ele>2531.699981689453</ele></trkpt><trkpt lat="45.87244447693229" lon="7.148316932842135"><ele>2530.5</ele></trkpt><trkpt lat="45.87239438435063" lon="7.148425369989127"><ele>2529.5</ele></trkpt><trkpt lat="45.87234609015286" lon="7.148533797357231"><ele>2528.199981689453</ele></trkpt><trkpt lat="45.87229869607836" lon="7.148642219603062"><ele>2526.5999755859375</ele></trkpt><trkpt lat="45.872265606652945" lon="7.148717084433883"><ele>2525.0999755859375</ele></trkpt><trkpt lat="45.87219475116581" lon="7.148797300644219"><ele>2523.5999755859375</ele></trkpt><trkpt lat="45.872122093103826" lon="7.1488762381486595"><ele>2521.699981689453</ele></trkpt><trkpt lat="45.872058416716754" lon="7.1489499770104885"><ele>2519.5999755859375</ele></trkpt><trkpt lat="45.87196943350136" lon="7.148977491538972"><ele>2516.8999938964844</ele></trkpt><trkpt lat="45.8718525916338" lon="7.149015455506742"><ele>2513.5</ele></trkpt><trkpt lat="45.87175207817927" lon="7.149106129538268"><ele>2510.699981689453</ele></trkpt><trkpt lat="45.87167109083384" lon="7.149094969499856"><ele>2508.5999755859375</ele></trkpt><trkpt lat="45.87164540076628" lon="7.149248344823718"><ele>2505.8999938964844</ele></trkpt><trkpt lat="45.87154755182564" lon="7.149326127022505"><ele>2502.7999877929688</ele></trkpt><trkpt lat="45.87151007773355" lon="7.149444796144962"><ele>2499.3999938964844</ele></trkpt><trkpt lat="45.87145746452734" lon="7.1496227802708745"><ele>2495.8999938964844</ele></trkpt><trkpt lat="45.87135058734566" lon="7.149687732104212"><ele>2493.5999755859375</ele></trkpt><trkpt lat="45.87131320638582" lon="7.149842456448823"><ele>2492.199981689453</ele></trkpt><trkpt lat="45.8713514842093" lon="7.150035412050784"><ele>2490.5</ele></trkpt><trkpt lat="45.87139764521271" lon="7.150145911611617"><ele>2487.8999938964844</ele></trkpt><trkpt lat="45.871440201066434" lon="7.150253855157644"><ele>2484.8999938964844</ele></trkpt><trkpt lat="45.87144046602771" lon="7.1503568715415895"><ele>2482.0999755859375</ele></trkpt><trkpt lat="45.8713975539431" lon="7.150460115633905"><ele>2479.5</ele></trkpt><trkpt lat="45.87135271029547" lon="7.150511860847473"><ele>2477.2999877929688</ele></trkpt><trkpt lat="45.87126279063523" lon="7.150525212753564"><ele>2474.7999877929688</ele></trkpt><trkpt lat="45.871200068853796" lon="7.150620834436268"><ele>2471.0999755859375</ele></trkpt><trkpt lat="45.87113913940266" lon="7.150713870767504"><ele>2467.0999755859375</ele></trkpt><trkpt lat="45.87107731355354" lon="7.150808199774474"><ele>2463.3999938964844</ele></trkpt><trkpt lat="45.87101011676714" lon="7.15091285854578"><ele>2459.7999877929688</ele></trkpt><trkpt lat="45.870937447063625" lon="7.15098792873323"><ele>2456.3999938964844</ele></trkpt><trkpt lat="45.870867455843836" lon="7.151055257767439"><ele>2453.199981689453</ele></trkpt><trkpt lat="45.870778468903154" lon="7.151081480551511"><ele>2450.3999938964844</ele></trkpt><trkpt lat="45.87072206335142" lon="7.151184794027358"><ele>2447.699981689453</ele></trkpt><trkpt lat="45.870651331264526" lon="7.15131393680349"><ele>2444.0</ele></trkpt><trkpt lat="45.870563412085176" lon="7.151405825745314"><ele>2439.3999938964844</ele></trkpt><trkpt lat="45.87047245725989" lon="7.151366385165602"><ele>2435.2999877929688</ele></trkpt><trkpt lat="45.87039527250454" lon="7.151435038540512"><ele>2430.8999938964844</ele></trkpt><trkpt lat="45.87028308585286" lon="7.151534780859947"><ele>2425.7999877929688</ele></trkpt><trkpt lat="45.87019771290943" lon="7.151567421853542"><ele>2421.199981689453</ele></trkpt><trkpt lat="45.870076392777264" lon="7.151613128837198"><ele>2418.199981689453</ele></trkpt><trkpt lat="45.87010304769501" lon="7.15148421889171"><ele>2416.5</ele></trkpt><trkpt lat="45.86998614203185" lon="7.151497710496187"><ele>2413.699981689453</ele></trkpt><trkpt lat="45.86992521537468" lon="7.1515920320525765"><ele>2409.7999877929688</ele></trkpt><trkpt lat="45.869864294771105" lon="7.151688928250223"><ele>2404.8999938964844</ele></trkpt><trkpt lat="45.869771116413176" lon="7.151834925636649"><ele>2399.7999877929688</ele></trkpt><trkpt lat="45.86981458356604" lon="7.151948013342917"><ele>2396.7999877929688</ele></trkpt><trkpt lat="45.86987255513668" lon="7.152104806620628"><ele>2395.0999755859375</ele></trkpt><trkpt lat="45.86980804987252" lon="7.152206872124225"><ele>2393.199981689453</ele></trkpt><trkpt lat="45.86970030795783" lon="7.152285985648632"><ele>2390.2999877929688</ele></trkpt><trkpt lat="45.86961036501452" lon="7.152290320023894"><ele>2386.7999877929688</ele></trkpt><trkpt lat="45.86952042533085" lon="7.152295942418277"><ele>2383.5</ele></trkpt><trkpt lat="45.86946645984426" lon="7.1522988001815975"><ele>2380.8999938964844</ele></trkpt><trkpt lat="45.869396494701505" lon="7.152376427780837"><ele>2379.0999755859375</ele></trkpt><trkpt lat="45.869324730243534" lon="7.152454064227641"><ele>2378.0</ele></trkpt><trkpt lat="45.869324730243534" lon="7.152454064227641"><ele>2378.0</ele></trkpt><trkpt lat="45.869324730243534" lon="7.152454064227641"><ele>2378.0</ele></trkpt><trkpt lat="45.86926741106436" lon="7.1525522279553115"><ele>2377.199981689453</ele></trkpt><trkpt lat="45.86918143229559" lon="7.152699472848326"><ele>2376.3999938964844</ele></trkpt><trkpt lat="45.869212321937084" lon="7.152819064445794"><ele>2375.199981689453</ele></trkpt><trkpt lat="45.86925228871405" lon="7.152970800176263"><ele>2372.3999938964844</ele></trkpt><trkpt lat="45.86932547483593" lon="7.153097896836698"><ele>2368.8999938964844</ele></trkpt><trkpt lat="45.869364452548325" lon="7.15321487095207"><ele>2366.0999755859375</ele></trkpt><trkpt lat="45.86940343072638" lon="7.153331845533103"><ele>2364.199981689453</ele></trkpt><trkpt lat="45.869442402385175" lon="7.153446244541556"><ele>2363.0999755859375</ele></trkpt><trkpt lat="45.869471413083375" lon="7.1535349427722394"><ele>2361.7999877929688</ele></trkpt><trkpt lat="45.86947444267571" lon="7.15366498241201"><ele>2360.0999755859375</ele></trkpt><trkpt lat="45.86947929766029" lon="7.153805313631892"><ele>2358.7999877929688</ele></trkpt><trkpt lat="45.869445574935526" lon="7.153985764365643"><ele>2358.3999938964844</ele></trkpt><trkpt lat="45.86939367465675" lon="7.15409291209653"><ele>2358.2999877929688</ele></trkpt><trkpt lat="45.86933638993651" lon="7.154205238446593"><ele>2358.3999938964844</ele></trkpt><trkpt lat="45.86929980432615" lon="7.154321319889277"><ele>2358.5999755859375</ele></trkpt><trkpt lat="45.8692614226602" lon="7.154438698198646"><ele>2359.2999877929688</ele></trkpt><trkpt lat="45.86922213854268" lon="7.154554793611169"><ele>2360.0</ele></trkpt><trkpt lat="45.86918645165861" lon="7.154670869465917"><ele>2360.2999877929688</ele></trkpt><trkpt lat="45.86915347352624" lon="7.154790794476867"><ele>2359.7999877929688</ele></trkpt><trkpt lat="45.86912139412016" lon="7.154910714365542"><ele>2359.199981689453</ele></trkpt><trkpt lat="45.869089318439364" lon="7.155031922273338"><ele>2359.0</ele></trkpt><trkpt lat="45.86905723949894" lon="7.155151842162013"><ele>2359.0999755859375</ele></trkpt><trkpt lat="45.86902605975047" lon="7.155271756928414"><ele>2359.5</ele></trkpt><trkpt lat="45.86899844510481" lon="7.155378777068108"><ele>2360.0</ele></trkpt><trkpt lat="45.869007769972086" lon="7.155508783180267"><ele>2360.3999938964844</ele></trkpt><trkpt lat="45.86901628598571" lon="7.155674847774208"><ele>2360.2999877929688</ele></trkpt><trkpt lat="45.868986008223146" lon="7.155796045437455"><ele>2359.7999877929688</ele></trkpt><trkpt lat="45.86895752931014" lon="7.155917233787477"><ele>2359.5</ele></trkpt><trkpt lat="45.86892545269802" lon="7.156038440298289"><ele>2359.7999877929688</ele></trkpt><trkpt lat="45.86889427853748" lon="7.156160929705948"><ele>2360.199981689453</ele></trkpt><trkpt lat="45.868865796364844" lon="7.156280830036849"><ele>2360.5</ele></trkpt><trkpt lat="45.868838171008974" lon="7.156383986119181"><ele>2360.699981689453</ele></trkpt><trkpt lat="45.86883046850562" lon="7.156539833173156"><ele>2360.8999938964844</ele></trkpt><trkpt lat="45.86885955836624" lon="7.1566607230342925"><ele>2361.199981689453</ele></trkpt><trkpt lat="45.86888775182888" lon="7.156782905571163"><ele>2361.0</ele></trkpt><trkpt lat="45.868914145976305" lon="7.156905097421259"><ele>2360.0999755859375</ele></trkpt><trkpt lat="45.86894050752744" lon="7.157014412805438"><ele>2358.699981689453</ele></trkpt><trkpt lat="45.868997423909605" lon="7.157111981417984"><ele>2357.5999755859375</ele></trkpt><trkpt lat="45.86905524227768" lon="7.157210833858699"><ele>2356.5</ele></trkpt><trkpt lat="45.86913744546473" lon="7.157348190434277"><ele>2356.0999755859375</ele></trkpt><trkpt lat="45.86921856133267" lon="7.157410868443549"><ele>2357.199981689453</ele></trkpt><trkpt lat="45.86931950552389" lon="7.157488896511495"><ele>2358.699981689453</ele></trkpt><trkpt lat="45.869375528302044" lon="7.157589046750218"><ele>2359.5</ele></trkpt><trkpt lat="45.869432450737804" lon="7.157689192797989"><ele>2360.0</ele></trkpt><trkpt lat="45.869498420041054" lon="7.1578098949976265"><ele>2361.0</ele></trkpt><trkpt lat="45.86955461092293" lon="7.157977004535496"><ele>2362.199981689453</ele></trkpt><trkpt lat="45.8695684238337" lon="7.1581044141203165"><ele>2363.5</ele></trkpt><trkpt lat="45.86959043564275" lon="7.158272987231612"><ele>2364.2999877929688</ele></trkpt><trkpt lat="45.86957816500217" lon="7.158401818480343"><ele>2365.0999755859375</ele></trkpt><trkpt lat="45.86956329271197" lon="7.158569293096662"><ele>2366.5999755859375</ele></trkpt><trkpt lat="45.869521299377084" lon="7.1586828250437975"><ele>2368.5999755859375</ele></trkpt><trkpt lat="45.86947931209579" lon="7.158798931632191"><ele>2370.7999877929688</ele></trkpt><trkpt lat="45.86943731503561" lon="7.158911175094545"><ele>2372.2999877929688</ele></trkpt><trkpt lat="45.86941140657291" lon="7.158982130233198"><ele>2373.699981689453</ele></trkpt><trkpt lat="45.86938473023474" lon="7.159105883911252"><ele>2375.3999938964844</ele></trkpt><trkpt lat="45.86934911645949" lon="7.1592528615146875"><ele>2377.3999938964844</ele></trkpt><trkpt lat="45.86934134596959" lon="7.159382957033813"><ele>2379.2999877929688</ele></trkpt><trkpt lat="45.869334464892745" lon="7.159509184304625"><ele>2380.8999938964844</ele></trkpt><trkpt lat="45.86932325968519" lon="7.159704968333244"><ele>2382.0999755859375</ele></trkpt><trkpt lat="45.86929477378726" lon="7.159824867732823"><ele>2383.199981689453</ele></trkpt><trkpt lat="45.86925380025059" lon="7.1599873239174485"><ele>2384.699981689453</ele></trkpt><trkpt lat="45.86920008948073" lon="7.160091899801046"><ele>2386.5</ele></trkpt><trkpt lat="45.86914818035439" lon="7.1601977539248765"><ele>2388.3999938964844</ele></trkpt><trkpt lat="45.869074794929475" lon="7.160348786041141"><ele>2390.3999938964844</ele></trkpt><trkpt lat="45.86904541216791" lon="7.160469976719469"><ele>2392.699981689453</ele></trkpt><trkpt lat="45.8690035706386" lon="7.160645313095301"><ele>2395.0999755859375</ele></trkpt><trkpt lat="45.868953466415405" lon="7.160753732547164"><ele>2397.699981689453</ele></trkpt><trkpt lat="45.86888547427952" lon="7.160903448238969"><ele>2400.0999755859375</ele></trkpt><trkpt lat="45.86882544308901" lon="7.1609990410506725"><ele>2401.699981689453</ele></trkpt><trkpt lat="45.868765408638865" lon="7.1610933458432555"><ele>2403.0999755859375</ele></trkpt><trkpt lat="45.86867938423529" lon="7.161226412281394"><ele>2404.7999877929688</ele></trkpt><trkpt lat="45.86859946092591" lon="7.1612809002399445"><ele>2406.3999938964844</ele></trkpt><trkpt lat="45.86851864494383" lon="7.161337968427688"><ele>2408.5</ele></trkpt><trkpt lat="45.868411774747074" lon="7.161408044863492"><ele>2411.199981689453</ele></trkpt><trkpt lat="45.868302097544074" lon="7.161434355657548"><ele>2414.5</ele></trkpt><trkpt lat="45.86821236927062" lon="7.161524947267026"><ele>2419.0</ele></trkpt><trkpt lat="45.86820558877662" lon="7.1616923767142"><ele>2423.5999755859375</ele></trkpt><trkpt lat="45.86813562735915" lon="7.16177385346964"><ele>2426.699981689453</ele></trkpt><trkpt lat="45.868033359758556" lon="7.161886397749186"><ele>2429.199981689453</ele></trkpt><trkpt lat="45.868008555844426" lon="7.162041041068733"><ele>2432.0999755859375</ele></trkpt><trkpt lat="45.86794672161341" lon="7.162135352846235"><ele>2433.7999877929688</ele></trkpt><trkpt lat="45.8678857893683" lon="7.162230946589261"><ele>2433.699981689453</ele></trkpt><trkpt lat="45.86782215256244" lon="7.162323978729546"><ele>2432.5999755859375</ele></trkpt><trkpt lat="45.867761213798076" lon="7.1624169973656535"><ele>2431.8999938964844</ele></trkpt><trkpt lat="45.86771102854982" lon="7.162493221927434"><ele>2432.8999938964844</ele></trkpt><trkpt lat="45.867703251075" lon="7.162622025236487"><ele>2436.2999877929688</ele></trkpt><trkpt lat="45.867695540655404" lon="7.162777869030833"><ele>2441.199981689453</ele></trkpt><trkpt lat="45.867695541121066" lon="7.162777869030833"><ele>2443.0</ele></trkpt><trkpt lat="45.86775335576385" lon="7.1628767256625"><ele>2445.8999938964844</ele></trkpt><trkpt lat="45.867812066338956" lon="7.1629742896184325"><ele>2449.0</ele></trkpt><trkpt lat="45.86786988051608" lon="7.163073146250099"><ele>2450.5999755859375</ele></trkpt><trkpt lat="45.86792769096792" lon="7.163170715328306"><ele>2451.2999877929688</ele></trkpt><trkpt lat="45.86798640433699" lon="7.1632695673033595"><ele>2452.0</ele></trkpt><trkpt lat="45.868044214788824" lon="7.163367136847228"><ele>2452.699981689453</ele></trkpt><trkpt lat="45.86810202850029" lon="7.1634659939445555"><ele>2453.0999755859375</ele></trkpt><trkpt lat="45.8681607414037" lon="7.163564846850932"><ele>2453.0</ele></trkpt><trkpt lat="45.86821855138987" lon="7.1636624163948"><ele>2452.7999877929688</ele></trkpt><trkpt lat="45.868276364170015" lon="7.16376127442345"><ele>2452.5</ele></trkpt><trkpt lat="45.86833417415619" lon="7.16385884443298"><ele>2452.3999938964844</ele></trkpt><trkpt lat="45.8684109528549" lon="7.16398851107806"><ele>2452.2999877929688</ele></trkpt><trkpt lat="45.86841095332056" lon="7.16398851107806"><ele>2452.5</ele></trkpt><trkpt lat="45.8684301530011" lon="7.164114604238421"><ele>2452.7999877929688</ele></trkpt><trkpt lat="45.86844935268164" lon="7.164240697864443"><ele>2453.0</ele></trkpt><trkpt lat="45.86846764944494" lon="7.164365508127958"><ele>2452.5999755859375</ele></trkpt><trkpt lat="45.86848684865981" lon="7.16449160175398"><ele>2451.5</ele></trkpt><trkpt lat="45.86850604740903" lon="7.164617695380002"><ele>2450.2999877929688</ele></trkpt><trkpt lat="45.8685252466239" lon="7.164743789006025"><ele>2449.3999938964844</ele></trkpt><trkpt lat="45.86854354571551" lon="7.16486988728866"><ele>2448.699981689453</ele></trkpt><trkpt lat="45.868562744464725" lon="7.164995981380343"><ele>2447.7999877929688</ele></trkpt><trkpt lat="45.86858193995431" lon="7.165120787452906"><ele>2446.7999877929688</ele></trkpt><trkpt lat="45.86859931703657" lon="7.165237877052277"><ele>2446.0999755859375</ele></trkpt><trkpt lat="45.86859931703657" lon="7.165237877052277"><ele>2445.7999877929688</ele></trkpt><trkpt lat="45.86850935872644" lon="7.165235752705485"><ele>2445.699981689453</ele></trkpt><trkpt lat="45.868419396691024" lon="7.165232340339571"><ele>2445.5</ele></trkpt><trkpt lat="45.8683294383809" lon="7.165230215527117"><ele>2445.199981689453</ele></trkpt><trkpt lat="45.86823947960511" lon="7.165228090714663"><ele>2444.7999877929688</ele></trkpt><trkpt lat="45.86814951803535" lon="7.16522467834875"><ele>2444.5</ele></trkpt><trkpt lat="45.868059559259564" lon="7.165222554001957"><ele>2444.699981689453</ele></trkpt><trkpt lat="45.867969600949436" lon="7.165220429189503"><ele>2445.0999755859375</ele></trkpt><trkpt lat="45.86787964263931" lon="7.1652183048427105"><ele>2445.199981689453</ele></trkpt><trkpt lat="45.86778158508241" lon="7.165214932989329"><ele>2445.0999755859375</ele></trkpt><trkpt lat="45.86778158508241" lon="7.165214932989329"><ele>2444.7999877929688</ele></trkpt><trkpt lat="45.867720650509" lon="7.165310523472726"><ele>2444.7999877929688</ele></trkpt><trkpt lat="45.867660612333566" lon="7.165404821746051"><ele>2445.7999877929688</ele></trkpt><trkpt lat="45.867599677760154" lon="7.165500411763787"><ele>2447.7999877929688</ele></trkpt><trkpt lat="45.8675387436524" lon="7.165596001781523"><ele>2450.0</ele></trkpt><trkpt lat="45.86747870547697" lon="7.165690299589187"><ele>2452.199981689453</ele></trkpt><trkpt lat="45.86741777090356" lon="7.165785889141262"><ele>2455.199981689453</ele></trkpt><trkpt lat="45.86735593993217" lon="7.1658827709034085"><ele>2457.5999755859375</ele></trkpt><trkpt lat="45.86735594039783" lon="7.1658827709034085"><ele>2458.2999877929688</ele></trkpt><trkpt lat="45.86738771852106" lon="7.166003649123013"><ele>2457.5</ele></trkpt><trkpt lat="45.86741949338466" lon="7.166123239789158"><ele>2456.5</ele></trkpt><trkpt lat="45.86745127150789" lon="7.166244118008763"><ele>2454.8999938964844</ele></trkpt><trkpt lat="45.867483048699796" lon="7.166364996228367"><ele>2452.5999755859375</ele></trkpt><trkpt lat="45.867514823097736" lon="7.1664845873601735"><ele>2450.3999938964844</ele></trkpt><trkpt lat="45.867546600755304" lon="7.166605466045439"><ele>2449.5999755859375</ele></trkpt><trkpt lat="45.86757837841287" lon="7.166726345196366"><ele>2449.7999877929688</ele></trkpt><trkpt lat="45.86762740043923" lon="7.166910232976079"><ele>2450.3999938964844</ele></trkpt><trkpt lat="45.86762740043923" lon="7.166910232976079"><ele>2451.199981689453</ele></trkpt><trkpt lat="45.86765378713608" lon="7.167033714707941"><ele>2451.199981689453</ele></trkpt><trkpt lat="45.867679273709655" lon="7.167157200630754"><ele>2451.0999755859375</ele></trkpt><trkpt lat="45.86770565668121" lon="7.167279394809157"><ele>2450.8999938964844</ele></trkpt><trkpt lat="45.867732042912394" lon="7.1674028765410185"><ele>2450.5</ele></trkpt><trkpt lat="45.86775752902031" lon="7.167526362929493"><ele>2450.699981689453</ele></trkpt><trkpt lat="45.86778391525149" lon="7.167649845127016"><ele>2451.0999755859375</ele></trkpt><trkpt lat="45.86780940135941" lon="7.167773331981152"><ele>2451.3999938964844</ele></trkpt><trkpt lat="45.86783578665927" lon="7.167896814644337"><ele>2451.5999755859375</ele></trkpt><trkpt lat="45.8678621686995" lon="7.1680190092884"><ele>2451.0</ele></trkpt><trkpt lat="45.86788765434176" lon="7.168142496142536"><ele>2449.2999877929688</ele></trkpt><trkpt lat="45.86791403917596" lon="7.168265978805721"><ele>2447.8999938964844</ele></trkpt><trkpt lat="45.86794042401016" lon="7.168389461468905"><ele>2448.699981689453</ele></trkpt><trkpt lat="45.86796590965241" lon="7.168512949254364"><ele>2450.2999877929688</ele></trkpt><trkpt lat="45.867992291692644" lon="7.16863514482975"><ele>2451.0999755859375</ele></trkpt><trkpt lat="45.868017776403576" lon="7.168758632615209"><ele>2450.5</ele></trkpt><trkpt lat="45.86805052869022" lon="7.1689117001369596"><ele>2449.199981689453</ele></trkpt><trkpt lat="45.86805052869022" lon="7.168911699671298"><ele>2448.699981689453</ele></trkpt><trkpt lat="45.86804454261437" lon="7.169040494132787"><ele>2449.8999938964844</ele></trkpt><trkpt lat="45.86803855653852" lon="7.169169288128614"><ele>2451.7999877929688</ele></trkpt><trkpt lat="45.868032567668706" lon="7.169296795036644"><ele>2454.199981689453</ele></trkpt><trkpt lat="45.86802658159286" lon="7.169425589032471"><ele>2457.699981689453</ele></trkpt><trkpt lat="45.86802059551701" lon="7.16955438349396"><ele>2461.199981689453</ele></trkpt><trkpt lat="45.868015446700156" lon="7.169657420832664"><ele>2463.2999877929688</ele></trkpt><trkpt lat="45.868015446700156" lon="7.169657420832664"><ele>2464.2999877929688</ele></trkpt><trkpt lat="45.868095646612346" lon="7.169716257136315"><ele>2463.699981689453</ele></trkpt><trkpt lat="45.86817584652454" lon="7.169775093439966"><ele>2463.2999877929688</ele></trkpt><trkpt lat="45.86825514724478" lon="7.169833934865892"><ele>2464.3999938964844</ele></trkpt><trkpt lat="45.86833534762263" lon="7.169892772100866"><ele>2466.699981689453</ele></trkpt><trkpt lat="45.86841554753482" lon="7.16995160933584"><ele>2468.2999877929688</ele></trkpt><trkpt lat="45.86851827567443" lon="7.170027075335383"><ele>2468.5999755859375</ele></trkpt><trkpt lat="45.86851827567443" lon="7.170027075335383"><ele>2468.5</ele></trkpt><trkpt lat="45.8685392648913" lon="7.170151874423027"><ele>2468.8999938964844</ele></trkpt><trkpt lat="45.86855935724452" lon="7.170277966186404"><ele>2469.5999755859375</ele></trkpt><trkpt lat="45.868580345995724" lon="7.170402765739709"><ele>2470.0999755859375</ele></trkpt><trkpt lat="45.86860043834895" lon="7.170528857503086"><ele>2470.5999755859375</ele></trkpt><trkpt lat="45.868629642762244" lon="7.170703835319728"><ele>2471.0</ele></trkpt><trkpt lat="45.868629642762244" lon="7.170703835319728"><ele>2471.0</ele></trkpt><trkpt lat="45.86864042794332" lon="7.170699919108301"><ele>2471.0</ele></trkpt><trkpt lat="45.86862045712769" lon="7.1710000415332615"><ele>2471.5999755859375</ele></trkpt><trkpt lat="45.86863073706627" lon="7.171160948462784"><ele>2471.2999877929688</ele></trkpt><trkpt lat="45.86865090811625" lon="7.1713205189444125"><ele>2470.3999938964844</ele></trkpt><trkpt lat="45.8686806880869" lon="7.1713602906093"><ele>2470.0</ele></trkpt><trkpt lat="45.868700452614576" lon="7.1713498923927546"><ele>2469.7999877929688</ele></trkpt><trkpt lat="45.8687306297943" lon="7.171179773285985"><ele>2468.5</ele></trkpt><trkpt lat="45.868810188025236" lon="7.170970782171935"><ele>2467.5</ele></trkpt><trkpt lat="45.86885059578344" lon="7.170940967742354"><ele>2467.8999938964844</ele></trkpt><trkpt lat="45.868910839315504" lon="7.170930370688438"><ele>2468.199981689453</ele></trkpt><trkpt lat="45.86900087399408" lon="7.171340694185346"><ele>2464.699981689453</ele></trkpt><trkpt lat="45.86908065294847" lon="7.171600412111729"><ele>2463.0999755859375</ele></trkpt><trkpt lat="45.86916019488126" lon="7.171760981436819"><ele>2462.0999755859375</ele></trkpt><trkpt lat="45.86930017033592" lon="7.171990789938718"><ele>2459.7999877929688</ele></trkpt><trkpt lat="45.86935085384175" lon="7.172120597213507"><ele>2459.199981689453</ele></trkpt><trkpt lat="45.86939074238762" lon="7.172250457573682"><ele>2458.199981689453</ele></trkpt><trkpt lat="45.869400071911514" lon="7.1723907687701285"><ele>2457.2999877929688</ele></trkpt><trkpt lat="45.86936087580398" lon="7.172930494882166"><ele>2453.0</ele></trkpt><trkpt lat="45.8693905598484" lon="7.172930350527167"><ele>2452.8999938964844</ele></trkpt><trkpt lat="45.86940050404519" lon="7.172950904816389"><ele>2454.199981689453</ele></trkpt><trkpt lat="45.86945035774261" lon="7.1731103346683085"><ele>2458.5999755859375</ele></trkpt><trkpt lat="45.86948091723025" lon="7.17309988476336"><ele>2459.2999877929688</ele></trkpt><trkpt lat="45.86949071707204" lon="7.1730599189177155"><ele>2459.8999938964844</ele></trkpt><trkpt lat="45.86951062642038" lon="7.173110041767359"><ele>2461.199981689453</ele></trkpt><trkpt lat="45.86962070176378" lon="7.173249863553792"><ele>2464.2999877929688</ele></trkpt><trkpt lat="45.869780180975795" lon="7.173359829932451"><ele>2469.3999938964844</ele></trkpt><trkpt lat="45.8699305485934" lon="7.173420908395201"><ele>2473.0999755859375</ele></trkpt><trkpt lat="45.87007033312693" lon="7.17357088951394"><ele>2478.3999938964844</ele></trkpt><trkpt lat="45.8700900496915" lon="7.173539889510721"><ele>2480.0999755859375</ele></trkpt><trkpt lat="45.87005016254261" lon="7.173410026822239"><ele>2481.8999938964844</ele></trkpt><trkpt lat="45.870060910936445" lon="7.1733906590379775"><ele>2482.199981689453</ele></trkpt><trkpt lat="45.87012049369514" lon="7.173480507917702"><ele>2483.8999938964844</ele></trkpt><trkpt lat="45.870140756014735" lon="7.173680002335459"><ele>2484.3999938964844</ele></trkpt><trkpt lat="45.870330702513456" lon="7.174120760522783"><ele>2487.7999877929688</ele></trkpt><trkpt lat="45.87043088162318" lon="7.174260633997619"><ele>2488.2999877929688</ele></trkpt><trkpt lat="45.87046075472608" lon="7.174340326804668"><ele>2489.199981689453</ele></trkpt><trkpt lat="45.870510276872665" lon="7.174360690172762"><ele>2489.2999877929688</ele></trkpt><trkpt lat="45.87057070899755" lon="7.174429933540523"><ele>2487.5</ele></trkpt><trkpt lat="45.87060053599998" lon="7.174490311183035"><ele>2487.0999755859375</ele></trkpt><trkpt lat="45.87065015314147" lon="7.1745505928993225"><ele>2487.0</ele></trkpt><trkpt lat="45.870680074207485" lon="7.174650888890028"><ele>2486.5999755859375</ele></trkpt><trkpt lat="45.87072074087337" lon="7.174730530008674"><ele>2485.7999877929688</ele></trkpt><trkpt lat="45.870720859616995" lon="7.174780749715865"><ele>2484.5999755859375</ele></trkpt><trkpt lat="45.87085088575259" lon="7.174990017898381"><ele>2484.699981689453</ele></trkpt><trkpt lat="45.87092026742175" lon="7.1750399032607675"><ele>2483.5999755859375</ele></trkpt><trkpt lat="45.87096074875444" lon="7.175040995236486"><ele>2483.3999938964844</ele></trkpt><trkpt lat="45.87099047843367" lon="7.175060167443007"><ele>2483.2999877929688</ele></trkpt><trkpt lat="45.87119062198326" lon="7.175249782856554"><ele>2484.699981689453</ele></trkpt><trkpt lat="45.87128083547577" lon="7.175360091496259"><ele>2485.8999938964844</ele></trkpt><trkpt lat="45.87150060432032" lon="7.175480077508837"><ele>2488.7999877929688</ele></trkpt><trkpt lat="45.87154013849795" lon="7.175460571423173"><ele>2490.3999938964844</ele></trkpt><trkpt lat="45.87157076783478" lon="7.175479739438742"><ele>2492.0</ele></trkpt><trkpt lat="45.87165080429986" lon="7.175470339599997"><ele>2493.5999755859375</ele></trkpt><trkpt lat="45.87175053637475" lon="7.175420925021172"><ele>2494.2999877929688</ele></trkpt><trkpt lat="45.87180069787428" lon="7.17533054202795"><ele>2496.199981689453</ele></trkpt><trkpt lat="45.871930895373225" lon="7.175230758264661"><ele>2496.3999938964844</ele></trkpt><trkpt lat="45.872000821400434" lon="7.175129977520555"><ele>2496.3999938964844</ele></trkpt><trkpt lat="45.87201060121879" lon="7.175080996006727"><ele>2496.7999877929688</ele></trkpt><trkpt lat="45.871960702352226" lon="7.174900954589248"><ele>2497.7999877929688</ele></trkpt><trkpt lat="45.87195066455752" lon="7.174840479157865"><ele>2497.2999877929688</ele></trkpt><trkpt lat="45.871970360167325" lon="7.174800464417785"><ele>2497.699981689453</ele></trkpt><trkpt lat="45.87193049909547" lon="7.174680897966027"><ele>2500.699981689453</ele></trkpt><trkpt lat="45.87198072951287" lon="7.17462013149634"><ele>2501.699981689453</ele></trkpt><trkpt lat="45.872130904812366" lon="7.174600088968873"><ele>2503.2999877929688</ele></trkpt><trkpt lat="45.87221008725464" lon="7.174610008019954"><ele>2503.8999938964844</ele></trkpt><trkpt lat="45.872310077771544" lon="7.174670048523694"><ele>2506.199981689453</ele></trkpt><trkpt lat="45.8723703706637" lon="7.174680059310049"><ele>2508.7999877929688</ele></trkpt><trkpt lat="45.872540642507374" lon="7.174789982382208"><ele>2511.699981689453</ele></trkpt><trkpt lat="45.87280056299642" lon="7.1747706974856555"><ele>2517.199981689453</ele></trkpt><trkpt lat="45.87288057524711" lon="7.174750994425267"><ele>2518.3999938964844</ele></trkpt><trkpt lat="45.87291018664837" lon="7.174719945061952"><ele>2518.5</ele></trkpt><trkpt lat="45.87298039859161" lon="7.174740210175514"><ele>2520.5999755859375</ele></trkpt><trkpt lat="45.87303070211783" lon="7.174710348248482"><ele>2521.0999755859375</ele></trkpt><trkpt lat="45.873040478210896" lon="7.174660078249872"><ele>2522.199981689453</ele></trkpt><trkpt lat="45.8731401162222" lon="7.174570741131902"><ele>2525.5999755859375</ele></trkpt><trkpt lat="45.87332082632929" lon="7.174529945943505"><ele>2525.199981689453</ele></trkpt><trkpt lat="45.873450834304094" lon="7.174350316636264"><ele>2526.0</ele></trkpt><trkpt lat="45.87350023863837" lon="7.174320458900183"><ele>2528.0</ele></trkpt><trkpt lat="45.87355058733374" lon="7.1743099126033485"><ele>2528.5999755859375</ele></trkpt><trkpt lat="45.87360013462603" lon="7.174340579658747"><ele>2529.5</ele></trkpt><trkpt lat="45.87374074710533" lon="7.174460950307548"><ele>2534.5999755859375</ele></trkpt><trkpt lat="45.87377035897225" lon="7.174429900478572"><ele>2536.3999938964844</ele></trkpt><trkpt lat="45.8737503811717" lon="7.174350155051798"><ele>2538.5</ele></trkpt><trkpt lat="45.8737909081392" lon="7.174370563123375"><ele>2538.2999877929688</ele></trkpt><trkpt lat="45.873880174942315" lon="7.174460276030004"><ele>2542.5</ele></trkpt><trkpt lat="45.87423042533919" lon="7.174600237980485"><ele>2548.7999877929688</ele></trkpt><trkpt lat="45.87427014717832" lon="7.174660571850836"><ele>2548.7999877929688</ele></trkpt><trkpt lat="45.874390732031316" lon="7.174680593423545"><ele>2548.8999938964844</ele></trkpt><trkpt lat="45.874560626689345" lon="7.174630835652351"><ele>2552.199981689453</ele></trkpt><trkpt lat="45.87458036793396" lon="7.174610135611147"><ele>2554.0999755859375</ele></trkpt><trkpt lat="45.87452069297433" lon="7.174480357207358"><ele>2557.2999877929688</ele></trkpt><trkpt lat="45.87452057469636" lon="7.174430134240538"><ele>2558.2999877929688</ele></trkpt><trkpt lat="45.8745403396897" lon="7.174419736023992"><ele>2558.699981689453</ele></trkpt><trkpt lat="45.87459071679041" lon="7.174420780036598"><ele>2561.199981689453</ele></trkpt><trkpt lat="45.87467089295387" lon="7.17447061650455"><ele>2561.8999938964844</ele></trkpt><trkpt lat="45.87478063534945" lon="7.174470085185021"><ele>2564.7999877929688</ele></trkpt><trkpt lat="45.87490034522489" lon="7.174500413239002"><ele>2566.5999755859375</ele></trkpt><trkpt lat="45.8751602624543" lon="7.1744798379950225"><ele>2567.2999877929688</ele></trkpt><trkpt lat="45.87533011101186" lon="7.174410761334002"><ele>2567.0</ele></trkpt><trkpt lat="45.87540015485138" lon="7.17436019750312"><ele>2566.7999877929688</ele></trkpt><trkpt lat="45.87563046067953" lon="7.174370672553778"><ele>2567.699981689453</ele></trkpt><trkpt lat="45.87590055540204" lon="7.1744698151014745"><ele>2569.699981689453</ele></trkpt><trkpt lat="45.875970885623246" lon="7.174540305510163"><ele>2569.8999938964844</ele></trkpt><trkpt lat="45.87612082064152" lon="7.174799722153693"><ele>2570.699981689453</ele></trkpt><trkpt lat="45.87616051826626" lon="7.1748497555963695"><ele>2570.5</ele></trkpt><trkpt lat="45.876250519417226" lon="7.1748699261806905"><ele>2571.5999755859375</ele></trkpt><trkpt lat="45.87633036728948" lon="7.174780678935349"><ele>2570.5</ele></trkpt><trkpt lat="45.876410853117704" lon="7.174580674618483"><ele>2570.2999877929688</ele></trkpt><trkpt lat="45.87649076804519" lon="7.174519759137183"><ele>2571.3999938964844</ele></trkpt><trkpt lat="45.876530231907964" lon="7.174470630474389"><ele>2572.8999938964844</ele></trkpt><trkpt lat="45.876530113164335" lon="7.174420405179262"><ele>2573.699981689453</ele></trkpt><trkpt lat="45.8766800747253" lon="7.174310212023556"><ele>2572.699981689453</ele></trkpt><trkpt lat="45.87679033912718" lon="7.174149984493852"><ele>2573.699981689453</ele></trkpt><trkpt lat="45.87691035727039" lon="7.1739304680377245"><ele>2574.0</ele></trkpt><trkpt lat="45.876970909535885" lon="7.173670028336346"><ele>2576.8999938964844</ele></trkpt><trkpt lat="45.87707040226087" lon="7.173520153854042"><ele>2576.5</ele></trkpt><trkpt lat="45.87717093760148" lon="7.173050885554403"><ele>2582.199981689453</ele></trkpt><trkpt lat="45.87724053207785" lon="7.172811005730182"><ele>2586.699981689453</ele></trkpt><trkpt lat="45.87730041751638" lon="7.1726497313939035"><ele>2587.0999755859375</ele></trkpt><trkpt lat="45.877310905605555" lon="7.172520894091576"><ele>2589.0</ele></trkpt><trkpt lat="45.877360730431974" lon="7.172290123999119"><ele>2589.3999938964844</ele></trkpt><trkpt lat="45.87739028874785" lon="7.171859832946211"><ele>2588.5999755859375</ele></trkpt><trkpt lat="45.877370262518525" lon="7.1717607653699815"><ele>2588.699981689453</ele></trkpt><trkpt lat="45.87737009394914" lon="7.17168993409723"><ele>2589.2999877929688</ele></trkpt><trkpt lat="45.877420890145004" lon="7.1714900666847825"><ele>2590.8999938964844</ele></trkpt><trkpt lat="45.87757061235607" lon="7.171280699316412"><ele>2591.7999877929688</ele></trkpt><trkpt lat="45.87760010641068" lon="7.171200707089156"><ele>2594.0</ele></trkpt><trkpt lat="45.87767088226974" lon="7.171080588828772"><ele>2595.5999755859375</ele></trkpt><trkpt lat="45.87780024809763" lon="7.1710104094818234"><ele>2599.699981689453</ele></trkpt><trkpt lat="45.87782084196806" lon="7.1709703844971955"><ele>2600.2999877929688</ele></trkpt><trkpt lat="45.877890814095736" lon="7.1708901934325695"><ele>2603.0</ele></trkpt><trkpt lat="45.877960906364024" lon="7.1708602285943925"><ele>2605.5</ele></trkpt><trkpt lat="45.878050692845136" lon="7.170790242962539"><ele>2607.8999938964844</ele></trkpt><trkpt lat="45.87805609591305" lon="7.170792791992426"><ele>2607.8999938964844</ele></trkpt><trkpt lat="45.87805609591305" lon="7.170792791992426"><ele>2607.8999938964844</ele></trkpt><trkpt lat="45.878050692845136" lon="7.170790242962539"><ele>2607.8999938964844</ele></trkpt><trkpt lat="45.87791007803753" lon="7.170669873710722"><ele>2612.2999877929688</ele></trkpt><trkpt lat="45.87788032274693" lon="7.170640398748219"><ele>2613.699981689453</ele></trkpt><trkpt lat="45.878020386677235" lon="7.170530241448432"><ele>2616.699981689453</ele></trkpt><trkpt lat="45.878080633468926" lon="7.1705209305509925"><ele>2618.0999755859375</ele></trkpt><trkpt lat="45.87819013511762" lon="7.170419937931001"><ele>2620.5999755859375</ele></trkpt><trkpt lat="45.87827019626275" lon="7.170420832466334"><ele>2622.8999938964844</ele></trkpt><trkpt lat="45.8782908115536" lon="7.170389822218567"><ele>2624.199981689453</ele></trkpt><trkpt lat="45.878330177627504" lon="7.170300764963031"><ele>2625.3999938964844</ele></trkpt><trkpt lat="45.87837060680613" lon="7.170279959682375"><ele>2625.7999877929688</ele></trkpt><trkpt lat="45.87842076737434" lon="7.170190849341452"><ele>2628.0</ele></trkpt><trkpt lat="45.87846027268097" lon="7.170159745495766"><ele>2629.699981689453</ele></trkpt><trkpt lat="45.878590611275285" lon="7.170120467897505"><ele>2633.3999938964844</ele></trkpt><trkpt lat="45.87877061543986" lon="7.170160795561969"><ele>2636.2999877929688</ele></trkpt><trkpt lat="45.87883007992059" lon="7.170200427528471"><ele>2636.0999755859375</ele></trkpt><trkpt lat="45.87892093183473" lon="7.170199980493635"><ele>2636.2999877929688</ele></trkpt><trkpt lat="45.8790707946755" lon="7.170049847103655"><ele>2640.5999755859375</ele></trkpt><trkpt lat="45.87914069509134" lon="7.169940031599253"><ele>2643.5999755859375</ele></trkpt><trkpt lat="45.879180861636996" lon="7.16980975586921"><ele>2646.5999755859375</ele></trkpt><trkpt lat="45.879230168648064" lon="7.169739966280758"><ele>2648.7999877929688</ele></trkpt><trkpt lat="45.879330726806074" lon="7.169660908635706"><ele>2651.199981689453</ele></trkpt><trkpt lat="45.87938015162945" lon="7.169640058185905"><ele>2652.199981689453</ele></trkpt><trkpt lat="45.87941078469157" lon="7.169660513754934"><ele>2651.699981689453</ele></trkpt><trkpt lat="45.879510489758104" lon="7.169600778724998"><ele>2653.2999877929688</ele></trkpt><trkpt lat="45.87961045792326" lon="7.169650514610112"><ele>2654.0999755859375</ele></trkpt><trkpt lat="45.879670701455325" lon="7.169639914296567"><ele>2655.5</ele></trkpt><trkpt lat="45.87979022087529" lon="7.169590384699404"><ele>2659.0999755859375</ele></trkpt><trkpt lat="45.879810106474906" lon="7.169630212243646"><ele>2659.5999755859375</ele></trkpt><trkpt lat="45.879930668044835" lon="7.169639921281487"><ele>2662.199981689453</ele></trkpt><trkpt lat="45.88000076031312" lon="7.169609954115003"><ele>2664.5</ele></trkpt><trkpt lat="45.88009073771536" lon="7.169619814027101"><ele>2666.0999755859375</ele></trkpt><trkpt lat="45.88018059777096" lon="7.1695807334035635"><ele>2669.3999938964844</ele></trkpt><trkpt lat="45.88022020179778" lon="7.169590841513127"><ele>2669.2999877929688</ele></trkpt><trkpt lat="45.88026077626273" lon="7.169630567543209"><ele>2669.7999877929688</ele></trkpt><trkpt lat="45.880430886056274" lon="7.169670942705125"><ele>2671.2999877929688</ele></trkpt><trkpt lat="45.88058035308495" lon="7.169730739668012"><ele>2674.699981689453</ele></trkpt><trkpt lat="45.88062092801556" lon="7.169770465698093"><ele>2676.0</ele></trkpt><trkpt lat="45.88063077349216" lon="7.169749810360372"><ele>2677.3999938964844</ele></trkpt><trkpt lat="45.8807903053239" lon="7.169880394823849"><ele>2679.5</ele></trkpt><trkpt lat="45.88086066022515" lon="7.1699599009007215"><ele>2680.7999877929688</ele></trkpt><trkpt lat="45.880910424049944" lon="7.17008072277531"><ele>2677.8999938964844</ele></trkpt><trkpt lat="45.88094008387998" lon="7.170070272870362"><ele>2678.3999938964844</ele></trkpt><trkpt lat="45.88096082257107" lon="7.170090778265148"><ele>2678.199981689453</ele></trkpt><trkpt lat="45.881010559387505" lon="7.1702000088989735"><ele>2679.199981689453</ele></trkpt><trkpt lat="45.88115030154586" lon="7.170330693479627"><ele>2684.0999755859375</ele></trkpt><trkpt lat="45.88126018922776" lon="7.170390686951578"><ele>2686.5</ele></trkpt><trkpt lat="45.88136096065864" lon="7.1704004956409335"><ele>2687.199981689453</ele></trkpt><trkpt lat="45.88148081442341" lon="7.170490063726902"><ele>2691.0</ele></trkpt><trkpt lat="45.88152048969641" lon="7.17052979581058"><ele>2692.7999877929688</ele></trkpt><trkpt lat="45.88158029085025" lon="7.170709817204624"><ele>2695.199981689453</ele></trkpt><trkpt lat="45.88160008331761" lon="7.170711007900536"><ele>2695.7999877929688</ele></trkpt><trkpt lat="45.881650804542005" lon="7.170480214059353"><ele>2699.7999877929688</ele></trkpt><trkpt lat="45.88162066368386" lon="7.170289744157344"><ele>2703.3999938964844</ele></trkpt><trkpt lat="45.881620234809816" lon="7.170110719744116"><ele>2706.8999938964844</ele></trkpt><trkpt lat="45.881600179709494" lon="7.1700000539422035"><ele>2708.2999877929688</ele></trkpt><trkpt lat="45.88156040897593" lon="7.1699203960597515"><ele>2709.199981689453</ele></trkpt><trkpt lat="45.881530387327075" lon="7.169780156575143"><ele>2710.5</ele></trkpt><trkpt lat="45.88145089242607" lon="7.16964016109705"><ele>2713.699981689453</ele></trkpt><trkpt lat="45.8815001277253" lon="7.1695407456718385"><ele>2715.199981689453</ele></trkpt><trkpt lat="45.881610576529056" lon="7.169460346922278"><ele>2712.7999877929688</ele></trkpt><trkpt lat="45.88166071102023" lon="7.169360925909132"><ele>2711.0</ele></trkpt><trkpt lat="45.88169039506465" lon="7.1693607796914876"><ele>2710.2999877929688</ele></trkpt><trkpt lat="45.88179040933028" lon="7.16942983539775"><ele>2706.699981689453</ele></trkpt><trkpt lat="45.88179029105231" lon="7.1693808934651315"><ele>2705.5999755859375</ele></trkpt><trkpt lat="45.88173068035394" lon="7.169280725996941"><ele>2703.699981689453</ele></trkpt><trkpt lat="45.88170092133805" lon="7.169249961618334"><ele>2703.2999877929688</ele></trkpt><trkpt lat="45.88154056342319" lon="7.16915029194206"><ele>2699.5999755859375</ele></trkpt><trkpt lat="45.881280332803726" lon="7.169040812179446"><ele>2693.5999755859375</ele></trkpt><trkpt lat="45.881360293831676" lon="7.169000490102917"><ele>2691.5</ele></trkpt><trkpt lat="45.88143048156053" lon="7.169010446872562"><ele>2689.5999755859375</ele></trkpt><trkpt lat="45.88159050280228" lon="7.168971016537398"><ele>2684.8999938964844</ele></trkpt><trkpt lat="45.88180057937279" lon="7.168799965176731"><ele>2675.0999755859375</ele></trkpt><trkpt lat="45.88199047697708" lon="7.168840239755809"><ele>2667.7999877929688</ele></trkpt><trkpt lat="45.8820409248583" lon="7.168870901688933"><ele>2666.699981689453</ele></trkpt><trkpt lat="45.88210033951327" lon="7.168889927212149"><ele>2663.5999755859375</ele></trkpt><trkpt lat="45.88232020987198" lon="7.169049836229533"><ele>2655.2999877929688</ele></trkpt><trkpt lat="45.88225015019998" lon="7.168720459099859"><ele>2648.7999877929688</ele></trkpt><trkpt lat="45.88221039995551" lon="7.1686498168855906"><ele>2648.5</ele></trkpt><trkpt lat="45.882170288823545" lon="7.16842977097258"><ele>2645.3999938964844</ele></trkpt><trkpt lat="45.882370348554105" lon="7.168580761179328"><ele>2637.7999877929688</ele></trkpt><trkpt lat="45.88256060704589" lon="7.168770440388471"><ele>2631.0</ele></trkpt><trkpt lat="45.88266008486971" lon="7.168990193400532"><ele>2625.699981689453</ele></trkpt><trkpt lat="45.882730417884886" lon="7.169060684740543"><ele>2623.0999755859375</ele></trkpt><trkpt lat="45.88282044092193" lon="7.169089863076806"><ele>2618.7999877929688</ele></trkpt><trkpt lat="45.88286023726687" lon="7.169179826043546"><ele>2618.2999877929688</ele></trkpt><trkpt lat="45.882900814991444" lon="7.169220841024071"><ele>2617.199981689453</ele></trkpt><trkpt lat="45.882930256426334" lon="7.169120231643319"><ele>2612.8999938964844</ele></trkpt><trkpt lat="45.882940786425024" lon="7.169010699726641"><ele>2610.7999877929688</ele></trkpt><trkpt lat="45.88293060241267" lon="7.168890966568142"><ele>2608.699981689453</ele></trkpt><trkpt lat="45.88296006899327" lon="7.168800660874695"><ele>2606.3999938964844</ele></trkpt><trkpt lat="45.8830505348742" lon="7.168640501331538"><ele>2603.699981689453</ele></trkpt><trkpt lat="45.88307034922764" lon="7.168650707229972"><ele>2602.8999938964844</ele></trkpt><trkpt lat="45.88308069994673" lon="7.168839991092682"><ele>2598.699981689453</ele></trkpt><trkpt lat="45.88310066005215" lon="7.168910732027143"><ele>2597.0999755859375</ele></trkpt><trkpt lat="45.883190147113055" lon="7.169090609066188"><ele>2593.3999938964844</ele></trkpt><trkpt lat="45.883290306665" lon="7.1692202016711235"><ele>2588.3999938964844</ele></trkpt><trkpt lat="45.88333084248006" lon="7.168870951514691"><ele>2582.0999755859375</ele></trkpt><trkpt lat="45.88337008235976" lon="7.168730365112424"><ele>2580.3999938964844</ele></trkpt><trkpt lat="45.883400151506066" lon="7.168889928609133"><ele>2577.699981689453</ele></trkpt><trkpt lat="45.883460686542094" lon="7.169000397436321"><ele>2575.5999755859375</ele></trkpt><trkpt lat="45.88350029010326" lon="7.169010505545884"><ele>2573.0</ele></trkpt><trkpt lat="45.88351015979424" lon="7.169000152498484"><ele>2572.3999938964844</ele></trkpt><trkpt lat="45.883500047493726" lon="7.1689100419171154"><ele>2571.0999755859375</ele></trkpt><trkpt lat="45.883510602172464" lon="7.168810812756419"><ele>2570.0</ele></trkpt><trkpt lat="45.88354038260877" lon="7.168850593734533"><ele>2568.8999938964844</ele></trkpt><trkpt lat="45.88362056063488" lon="7.168900429271162"><ele>2565.5999755859375</ele></trkpt><trkpt lat="45.88372072065249" lon="7.169030022341758"><ele>2560.699981689453</ele></trkpt><trkpt lat="45.88366087060422" lon="7.168830676469952"><ele>2558.699981689453</ele></trkpt><trkpt lat="45.883610350545496" lon="7.168770389165729"><ele>2555.5999755859375</ele></trkpt><trkpt lat="45.8836102290079" lon="7.168720157351345"><ele>2555.699981689453</ele></trkpt><trkpt lat="45.88354050507769" lon="7.168529876507819"><ele>2552.199981689453</ele></trkpt><trkpt lat="45.883520643692464" lon="7.168500350788236"><ele>2551.7999877929688</ele></trkpt><trkpt lat="45.88347075879574" lon="7.16833058046177"><ele>2547.8999938964844</ele></trkpt><trkpt lat="45.88347066193819" lon="7.16829065233469"><ele>2546.8999938964844</ele></trkpt><trkpt lat="45.8835706547834" lon="7.16835069283843"><ele>2544.699981689453</ele></trkpt><trkpt lat="45.88356061372906" lon="7.168290206231177"><ele>2544.5</ele></trkpt><trkpt lat="45.883470274508" lon="7.168130940757692"><ele>2540.5999755859375</ele></trkpt><trkpt lat="45.883350319229066" lon="7.168000158388168"><ele>2535.8999938964844</ele></trkpt><trkpt lat="45.883310546632856" lon="7.167920499108732"><ele>2534.5999755859375</ele></trkpt><trkpt lat="45.8832606356591" lon="7.167740426026285"><ele>2530.8999938964844</ele></trkpt><trkpt lat="45.88327050535008" lon="7.167730072978884"><ele>2530.699981689453</ele></trkpt><trkpt lat="45.88340025721118" lon="7.167820876464248"><ele>2525.8999938964844</ele></trkpt><trkpt lat="45.88348050788045" lon="7.167900334112346"><ele>2523.7999877929688</ele></trkpt><trkpt lat="45.88347041979432" lon="7.1678205276839435"><ele>2522.8999938964844</ele></trkpt><trkpt lat="45.88338007684797" lon="7.16765997512266"><ele>2520.199981689453</ele></trkpt><trkpt lat="45.88337011029944" lon="7.167630400508642"><ele>2519.5999755859375</ele></trkpt><trkpt lat="45.88352047652006" lon="7.167690189555287"><ele>2515.699981689453</ele></trkpt><trkpt lat="45.88356020161882" lon="7.1677505280822515"><ele>2512.7999877929688</ele></trkpt><trkpt lat="45.883640330750495" lon="7.167779754381627"><ele>2510.5</ele></trkpt><trkpt lat="45.88361038081348" lon="7.16767042176798"><ele>2508.0</ele></trkpt><trkpt lat="45.88372036581859" lon="7.167770340107381"><ele>2505.3999938964844</ele></trkpt><trkpt lat="45.88372041564435" lon="7.167790947947651"><ele>2505.2999877929688</ele></trkpt><trkpt lat="45.88384039187804" lon="7.167930745985359"><ele>2502.5999755859375</ele></trkpt><trkpt lat="45.88386013126001" lon="7.167910039424896"><ele>2501.5</ele></trkpt><trkpt lat="45.88395035127178" lon="7.1680203611031175"><ele>2498.5</ele></trkpt><trkpt lat="45.8839908791706" lon="7.168040767777711"><ele>2495.8999938964844</ele></trkpt><trkpt lat="45.88394087180495" lon="7.167820764705539"><ele>2493.5</ele></trkpt><trkpt lat="45.883910262491554" lon="7.167810612358153"><ele>2492.199981689453</ele></trkpt><trkpt lat="45.88388033490628" lon="7.167710294947028"><ele>2490.0</ele></trkpt><trkpt lat="45.88382030976936" lon="7.167440109420568"><ele>2485.0999755859375</ele></trkpt><trkpt lat="45.88380039809272" lon="7.167389975860715"><ele>2484.199981689453</ele></trkpt><trkpt lat="45.88372024334967" lon="7.167350445408374"><ele>2482.3999938964844</ele></trkpt><trkpt lat="45.88367062294856" lon="7.167290155775845"><ele>2482.5999755859375</ele></trkpt><trkpt lat="45.88365039601922" lon="7.16710993507877"><ele>2483.699981689453</ele></trkpt><trkpt lat="45.88366009667516" lon="7.167030029930174"><ele>2483.0</ele></trkpt><trkpt lat="45.88380076456815" lon="7.166800062637776"><ele>2480.7999877929688</ele></trkpt><trkpt lat="45.883870319928974" lon="7.166549840942025"><ele>2480.5</ele></trkpt><trkpt lat="45.88389064511284" lon="7.166400329675525"><ele>2479.3999938964844</ele></trkpt><trkpt lat="45.88393024913967" lon="7.166410435922444"><ele>2478.2999877929688</ele></trkpt><trkpt lat="45.88393029617146" lon="7.166429755743593"><ele>2478.0</ele></trkpt><trkpt lat="45.88391082268208" lon="7.166559942532331"><ele>2475.7999877929688</ele></trkpt><trkpt lat="45.883930028416216" lon="7.166689935605973"><ele>2470.8999938964844</ele></trkpt><trkpt lat="45.883960514795035" lon="7.166649855207652"><ele>2471.0</ele></trkpt><trkpt lat="45.884000533260405" lon="7.166460317093879"><ele>2472.199981689453</ele></trkpt><trkpt lat="45.88402036810294" lon="7.166109876241535"><ele>2466.7999877929688</ele></trkpt><trkpt lat="45.88405065983534" lon="7.165989938657731"><ele>2465.0</ele></trkpt><trkpt lat="45.884340330958366" lon="7.165630417875946"><ele>2453.7999877929688</ele></trkpt><trkpt lat="45.884530392009765" lon="7.165000905748457"><ele>2442.7999877929688</ele></trkpt><trkpt lat="45.884530073497444" lon="7.164870816282928"><ele>2442.0999755859375</ele></trkpt><trkpt lat="45.88460076646879" lon="7.164719761349261"><ele>2439.8999938964844</ele></trkpt><trkpt lat="45.88467083405703" lon="7.164680767804384"><ele>2436.5999755859375</ele></trkpt><trkpt lat="45.884700395166874" lon="7.164630385581404"><ele>2434.0999755859375</ele></trkpt><trkpt lat="45.88472003629431" lon="7.164569749496877"><ele>2433.3999938964844</ele></trkpt><trkpt lat="45.88473075767979" lon="7.164540070574731"><ele>2433.3999938964844</ele></trkpt><trkpt lat="45.88468091795221" lon="7.164390909019858"><ele>2434.0</ele></trkpt><trkpt lat="45.88469059113413" lon="7.16430069738999"><ele>2432.0999755859375</ele></trkpt><trkpt lat="45.88476043473929" lon="7.164170254487544"><ele>2430.5</ele></trkpt><trkpt lat="45.88475031917915" lon="7.1640801429748535"><ele>2431.8999938964844</ele></trkpt><trkpt lat="45.88482086546719" lon="7.163869837298989"><ele>2429.5999755859375</ele></trkpt><trkpt lat="45.88484021509066" lon="7.163690702058375"><ele>2428.3999938964844</ele></trkpt><trkpt lat="45.884810134302825" lon="7.1635298486799"><ele>2426.5</ele></trkpt><trkpt lat="45.8848207318224" lon="7.163449936546385"><ele>2425.199981689453</ele></trkpt><trkpt lat="45.884950353764" lon="7.163120831828564"><ele>2421.199981689453</ele></trkpt><trkpt lat="45.88501032674685" lon="7.1630007405765355"><ele>2420.5</ele></trkpt><trkpt lat="45.88515020813793" lon="7.162819707300514"><ele>2419.5999755859375</ele></trkpt><trkpt lat="45.88530076527968" lon="7.162590961437672"><ele>2417.5999755859375</ele></trkpt><trkpt lat="45.88550079287961" lon="7.162360675167292"><ele>2415.5999755859375</ele></trkpt><trkpt lat="45.885520458221436" lon="7.162310341373086"><ele>2415.0999755859375</ele></trkpt><trkpt lat="45.88557070773095" lon="7.162259852513671"><ele>2414.8999938964844</ele></trkpt><trkpt lat="45.885680032428354" lon="7.162090562749654"><ele>2413.0</ele></trkpt><trkpt lat="45.88591056922451" lon="7.161830493248999"><ele>2410.3999938964844</ele></trkpt><trkpt lat="45.88593020895496" lon="7.161769854370505"><ele>2410.3999938964844</ele></trkpt><trkpt lat="45.886080036871135" lon="7.1616106615401804"><ele>2408.3999938964844</ele></trkpt><trkpt lat="45.88625008193776" lon="7.161260730121285"><ele>2407.8999938964844</ele></trkpt><trkpt lat="45.88626062683761" lon="7.161160206887871"><ele>2408.3999938964844</ele></trkpt><trkpt lat="45.88631060393527" lon="7.161000231746584"><ele>2408.8999938964844</ele></trkpt><trkpt lat="45.88636027602479" lon="7.161079839337617"><ele>2407.5</ele></trkpt><trkpt lat="45.88647071365267" lon="7.161360078025609"><ele>2403.5</ele></trkpt><trkpt lat="45.886470186989754" lon="7.161510785575956"><ele>2401.199981689453</ele></trkpt><trkpt lat="45.886450668331236" lon="7.161620371043682"><ele>2400.199981689453</ele></trkpt><trkpt lat="45.88646085932851" lon="7.161740110255778"><ele>2398.699981689453</ele></trkpt><trkpt lat="45.88644076278433" lon="7.161979794036597"><ele>2396.0</ele></trkpt><trkpt lat="45.88653006358072" lon="7.162079811096191"><ele>2393.3999938964844</ele></trkpt><trkpt lat="45.88655029796064" lon="7.162260039243847"><ele>2390.2999877929688</ele></trkpt><trkpt lat="45.88654034258798" lon="7.162600142415613"><ele>2387.199981689453</ele></trkpt><trkpt lat="45.886520775035024" lon="7.162690406665206"><ele>2385.199981689453</ele></trkpt><trkpt lat="45.88655058341101" lon="7.162740490864962"><ele>2384.3999938964844</ele></trkpt><trkpt lat="45.88663050578907" lon="7.163050513248891"><ele>2378.8999938964844</ele></trkpt><trkpt lat="45.88672082871199" lon="7.163200762588531"><ele>2376.5</ele></trkpt><trkpt lat="45.88670048164204" lon="7.163339978083968"><ele>2374.3999938964844</ele></trkpt><trkpt lat="45.88670060504228" lon="7.163390212226659"><ele>2373.5</ele></trkpt><trkpt lat="45.88673056149855" lon="7.163500836119056"><ele>2372.0</ele></trkpt><trkpt lat="45.886760391294956" lon="7.16355993738398"><ele>2370.699981689453</ele></trkpt><trkpt lat="45.88677046028897" lon="7.163630731403828"><ele>2369.7999877929688</ele></trkpt><trkpt lat="45.88681023521349" lon="7.163710391614586"><ele>2368.0999755859375</ele></trkpt><trkpt lat="45.88685081200674" lon="7.163750118110329"><ele>2367.3999938964844</ele></trkpt><trkpt lat="45.88687084801495" lon="7.163850487675518"><ele>2365.5999755859375</ele></trkpt><trkpt lat="45.886890227906406" lon="7.164050043094903"><ele>2363.8999938964844</ele></trkpt><trkpt lat="45.886970655061305" lon="7.1642003445886075"><ele>2361.3999938964844</ele></trkpt><trkpt lat="45.88701060321182" lon="7.164350850041956"><ele>2360.0</ele></trkpt><trkpt lat="45.887130728922784" lon="7.164549899753183"><ele>2356.7999877929688</ele></trkpt><trkpt lat="45.88710048887879" lon="7.1646904540248215"><ele>2356.5</ele></trkpt><trkpt lat="45.88710017548874" lon="7.164930040482432"><ele>2354.5</ele></trkpt><trkpt lat="45.887170150410384" lon="7.165220797993243"><ele>2352.2999877929688</ele></trkpt><trkpt lat="45.88722081622109" lon="7.165340336970985"><ele>2351.8999938964844</ele></trkpt><trkpt lat="45.88731018686667" lon="7.165469986852258"><ele>2350.699981689453</ele></trkpt><trkpt lat="45.88742012670264" lon="7.165550586767495"><ele>2349.3999938964844</ele></trkpt><trkpt lat="45.88756086723879" lon="7.165719911456108"><ele>2348.0999755859375</ele></trkpt><trkpt lat="45.887670781929046" lon="7.165790207218379"><ele>2345.8999938964844</ele></trkpt><trkpt lat="45.887730323243886" lon="7.165860755369067"><ele>2345.3999938964844</ele></trkpt><trkpt lat="45.88782063964754" lon="7.166009724140167"><ele>2345.3999938964844</ele></trkpt><trkpt lat="45.88797030597925" lon="7.166150668635964"><ele>2344.0</ele></trkpt><trkpt lat="45.88805080251768" lon="7.1663306024856865"><ele>2342.0999755859375</ele></trkpt><trkpt lat="45.88808080274612" lon="7.166460551787168"><ele>2340.2999877929688</ele></trkpt><trkpt lat="45.888170099817216" lon="7.1665605790913105"><ele>2337.5</ele></trkpt><trkpt lat="45.888220814056695" lon="7.166700731031597"><ele>2335.5</ele></trkpt><trkpt lat="45.88836053106934" lon="7.166819829493761"><ele>2332.5999755859375</ele></trkpt><trkpt lat="45.88843008829281" lon="7.166940566152334"><ele>2330.3999938964844</ele></trkpt><trkpt lat="45.88844053912908" lon="7.167169799562544"><ele>2327.199981689453</ele></trkpt><trkpt lat="45.88846045034006" lon="7.167219937313348"><ele>2327.0999755859375</ele></trkpt><trkpt lat="45.88850024808198" lon="7.16730990819633"><ele>2325.5</ele></trkpt><trkpt lat="45.8886708416976" lon="7.16754993936047"><ele>2322.3999938964844</ele></trkpt><trkpt lat="45.88898022985086" lon="7.167900062631816"><ele>2318.8999938964844</ele></trkpt><trkpt lat="45.8891208730638" lon="7.16803075466305"><ele>2316.8999938964844</ele></trkpt><trkpt lat="45.88934072107077" lon="7.168180376291275"><ele>2313.5999755859375</ele></trkpt><trkpt lat="45.88934971950948" lon="7.168181620072573"><ele>2313.5999755859375</ele></trkpt><trkpt lat="45.88934971950948" lon="7.168181620072573"><ele>2313.5999755859375</ele></trkpt><trkpt lat="45.88934072107077" lon="7.168180376291275"><ele>2313.5999755859375</ele></trkpt><trkpt lat="45.88952009053901" lon="7.16833020048216"><ele>2311.699981689453</ele></trkpt><trkpt lat="45.88959049619734" lon="7.168430326972157"><ele>2310.699981689453</ele></trkpt><trkpt lat="45.89005029713735" lon="7.1688608708791435"><ele>2302.8999938964844</ele></trkpt><trkpt lat="45.89014044217765" lon="7.168940290808678"><ele>2302.3999938964844</ele></trkpt><trkpt lat="45.89034042833373" lon="7.169060389511287"><ele>2299.3999938964844</ele></trkpt><trkpt lat="45.89038024889305" lon="7.169160669669509"><ele>2297.0999755859375</ele></trkpt><trkpt lat="45.89044073410332" lon="7.169250542763621"><ele>2295.0</ele></trkpt><trkpt lat="45.890620172955096" lon="7.169430000707507"><ele>2291.5999755859375</ele></trkpt><trkpt lat="45.89068051567301" lon="7.16946061886847"><ele>2291.7999877929688</ele></trkpt><trkpt lat="45.89073015656322" lon="7.169529935345054"><ele>2290.699981689453</ele></trkpt><trkpt lat="45.89078062912449" lon="7.169570907950401"><ele>2289.0</ele></trkpt><trkpt lat="45.89088076399639" lon="7.169690214563161"><ele>2287.3999938964844</ele></trkpt><trkpt lat="45.891060035675764" lon="7.169800114352256"><ele>2285.5999755859375</ele></trkpt><trkpt lat="45.89123069494963" lon="7.170069792773575"><ele>2283.0999755859375</ele></trkpt><trkpt lat="45.89128024317324" lon="7.170100465416908"><ele>2282.2999877929688</ele></trkpt><trkpt lat="45.8913200632669" lon="7.170200748369098"><ele>2282.0999755859375</ele></trkpt><trkpt lat="45.891370507888496" lon="7.170230128336698"><ele>2281.0999755859375</ele></trkpt><trkpt lat="45.89141025673598" lon="7.170300783123821"><ele>2281.0999755859375</ele></trkpt><trkpt lat="45.89153066230938" lon="7.170620951335877"><ele>2278.8999938964844</ele></trkpt><trkpt lat="45.891980471555144" lon="7.171390376985073"><ele>2275.5999755859375</ele></trkpt><trkpt lat="45.892020121216774" lon="7.171419811435044"><ele>2275.5999755859375</ele></trkpt><trkpt lat="45.892130811698735" lon="7.171439880039543"><ele>2272.5</ele></trkpt><trkpt lat="45.892190349288285" lon="7.1715104398317635"><ele>2270.5999755859375</ele></trkpt><trkpt lat="45.89247039705515" lon="7.1720101847313344"><ele>2267.0</ele></trkpt><trkpt lat="45.892590017057955" lon="7.172380607109517"><ele>2262.7999877929688</ele></trkpt><trkpt lat="45.89269033912569" lon="7.172579791862518"><ele>2260.2999877929688</ele></trkpt><trkpt lat="45.892710557207465" lon="7.17276004422456"><ele>2258.699981689453</ele></trkpt><trkpt lat="45.89277999056503" lon="7.173210583627224"><ele>2252.5</ele></trkpt><trkpt lat="45.8928206586279" lon="7.173290255479515"><ele>2250.8999938964844</ele></trkpt><trkpt lat="45.89283022098243" lon="7.17352981865406"><ele>2245.7999877929688</ele></trkpt><trkpt lat="45.892860853578895" lon="7.1735502812080085"><ele>2245.2999877929688</ele></trkpt><trkpt lat="45.89285012939945" lon="7.1735799624584615"><ele>2244.5999755859375</ele></trkpt><trkpt lat="45.89290067041293" lon="7.173650569282472"><ele>2243.199981689453</ele></trkpt><trkpt lat="45.892900789156556" lon="7.17370080947876"><ele>2242.5</ele></trkpt><trkpt lat="45.8929605842568" lon="7.173880870454013"><ele>2238.5</ele></trkpt><trkpt lat="45.89292048243806" lon="7.174040805082768"><ele>2234.2999877929688</ele></trkpt><trkpt lat="45.892950306646526" lon="7.174099918920547"><ele>2233.0</ele></trkpt><trkpt lat="45.89290005201474" lon="7.174150403123349"><ele>2231.5999755859375</ele></trkpt><trkpt lat="45.89290012186393" lon="7.174180032219738"><ele>2231.3999938964844</ele></trkpt><trkpt lat="45.89293077867478" lon="7.174210800789297"><ele>2230.2999877929688</ele></trkpt><trkpt lat="45.89301073923707" lon="7.1745505053550005"><ele>2224.5999755859375</ele></trkpt><trkpt lat="45.89309029793367" lon="7.174720166251063"><ele>2219.7999877929688</ele></trkpt><trkpt lat="45.89311074838042" lon="7.175000900868326"><ele>2213.8999938964844</ele></trkpt><trkpt lat="45.893110507167876" lon="7.175280448514968"><ele>2211.199981689453</ele></trkpt><trkpt lat="45.89315072167665" lon="7.175550782587379"><ele>2206.5999755859375</ele></trkpt><trkpt lat="45.89319032477215" lon="7.175560897216201"><ele>2205.199981689453</ele></trkpt><trkpt lat="45.89322069659829" lon="7.175470574293286"><ele>2203.8999938964844</ele></trkpt><trkpt lat="45.89326082309708" lon="7.17532094521448"><ele>2202.5</ele></trkpt><trkpt lat="45.89326063217595" lon="7.1752397869713604"><ele>2202.8999938964844</ele></trkpt><trkpt lat="45.893350657541305" lon="7.17527027009055"><ele>2202.699981689453</ele></trkpt><trkpt lat="45.89336012210697" lon="7.175469900947064"><ele>2200.2999877929688</ele></trkpt><trkpt lat="45.89346086559817" lon="7.175850733648986"><ele>2196.5</ele></trkpt><trkpt lat="45.893500411883" lon="7.176220268011093"><ele>2190.8999938964844</ele></trkpt><trkpt lat="45.89352029468864" lon="7.176260107662529"><ele>2189.8999938964844</ele></trkpt><trkpt lat="45.893640004098415" lon="7.176290449686348"><ele>2188.5999755859375</ele></trkpt><trkpt lat="45.89367068139836" lon="7.176330237649381"><ele>2187.699981689453</ele></trkpt><trkpt lat="45.89371056575328" lon="7.176460158545524"><ele>2186.8999938964844</ele></trkpt><trkpt lat="45.89373001689091" lon="7.176699678879231"><ele>2185.7999877929688</ele></trkpt><trkpt lat="45.89390016021207" lon="7.177140731364489"><ele>2179.2999877929688</ele></trkpt><trkpt lat="45.893900274299085" lon="7.177189684007317"><ele>2177.7999877929688</ele></trkpt><trkpt lat="45.89392998255789" lon="7.177199847530574"><ele>2177.3999938964844</ele></trkpt><trkpt lat="45.89397065062076" lon="7.177280812524259"><ele>2175.199981689453</ele></trkpt><trkpt lat="45.89397083688527" lon="7.177360682748258"><ele>2173.5999755859375</ele></trkpt><trkpt lat="45.8940106020309" lon="7.1774403639137745"><ele>2171.0999755859375</ele></trkpt><trkpt lat="45.89403064688668" lon="7.177549769170582"><ele>2168.5</ele></trkpt><trkpt lat="45.89402001770213" lon="7.177620674017817"><ele>2167.0</ele></trkpt><trkpt lat="45.894000296946615" lon="7.177650397643447"><ele>2165.0999755859375</ele></trkpt><trkpt lat="45.89400066854432" lon="7.1778101390227675"><ele>2162.199981689453</ele></trkpt><trkpt lat="45.893970225937665" lon="7.177870832383633"><ele>2161.0</ele></trkpt><trkpt lat="45.89397038752213" lon="7.177940397057682"><ele>2159.8999938964844</ele></trkpt><trkpt lat="45.89394008228555" lon="7.178060349076986"><ele>2156.7999877929688</ele></trkpt><trkpt lat="45.89396081957966" lon="7.1780808619223535"><ele>2156.3999938964844</ele></trkpt><trkpt lat="45.89395021088421" lon="7.178160783834755"><ele>2154.5999755859375</ele></trkpt><trkpt lat="45.89400079380721" lon="7.178250719793141"><ele>2151.7999877929688</ele></trkpt><trkpt lat="45.89407066209242" lon="7.1785106137394905"><ele>2149.5</ele></trkpt><trkpt lat="45.894130264408886" lon="7.178610812872648"><ele>2147.8999938964844</ele></trkpt><trkpt lat="45.894290613010526" lon="7.178710532840341"><ele>2145.5999755859375</ele></trkpt><trkpt lat="45.89431047113612" lon="7.17874006787315"><ele>2144.699981689453</ele></trkpt><trkpt lat="45.894310656469315" lon="7.178819939028472"><ele>2143.3999938964844</ele></trkpt><trkpt lat="45.89444053778425" lon="7.1789700468070805"><ele>2141.5</ele></trkpt><trkpt lat="45.89441020786762" lon="7.179079693276435"><ele>2139.199981689453</ele></trkpt><trkpt lat="45.89446076890454" lon="7.179160613100976"><ele>2137.0</ele></trkpt><trkpt lat="45.894459961913526" lon="7.179200552869588"><ele>2136.3999938964844</ele></trkpt><trkpt lat="45.89448076719418" lon="7.179250696208328"><ele>2134.7999877929688</ele></trkpt><trkpt lat="45.8944870820269" lon="7.179258395917714"><ele>2134.7999877929688</ele></trkpt><trkpt lat="45.8944870820269" lon="7.179258395917714"><ele>2134.7999877929688</ele></trkpt><trkpt lat="45.89448076719418" lon="7.179250696208328"><ele>2134.7999877929688</ele></trkpt><trkpt lat="45.89446023944765" lon="7.179320360068232"><ele>2134.0999755859375</ele></trkpt><trkpt lat="45.89441083371639" lon="7.179350224789232"><ele>2132.0999755859375</ele></trkpt><trkpt lat="45.89431015541777" lon="7.1793803330510855"><ele>2130.3999938964844</ele></trkpt><trkpt lat="45.89429048169404" lon="7.179430668707937"><ele>2129.3999938964844</ele></trkpt><trkpt lat="45.89424020098522" lon="7.1794708436354995"><ele>2128.5999755859375</ele></trkpt><trkpt lat="45.8941604886204" lon="7.179620659910142"><ele>2125.7999877929688</ele></trkpt><trkpt lat="45.89418046269566" lon="7.179700437001884"><ele>2125.0</ele></trkpt><trkpt lat="45.89421019470319" lon="7.179720907472074"><ele>2123.8999938964844</ele></trkpt><trkpt lat="45.89423021348193" lon="7.179820008110255"><ele>2121.5</ele></trkpt><trkpt lat="45.89420059742406" lon="7.179849778767675"><ele>2120.0999755859375</ele></trkpt><trkpt lat="45.89421056350693" lon="7.179880649317056"><ele>2118.8999938964844</ele></trkpt><trkpt lat="45.89426008146256" lon="7.179899737704545"><ele>2116.3999938964844</ele></trkpt><trkpt lat="45.89428003458306" lon="7.179970497265458"><ele>2114.5999755859375</ele></trkpt><trkpt lat="45.89434035029262" lon="7.179990823380649"><ele>2112.699981689453</ele></trkpt><trkpt lat="45.8943208376877" lon="7.18011072371155"><ele>2111.7999877929688</ele></trkpt><trkpt lat="45.89427074044943" lon="7.180230769328773"><ele>2109.199981689453</ele></trkpt><trkpt lat="45.894290714059025" lon="7.180310546420515"><ele>2107.3999938964844</ele></trkpt><trkpt lat="45.894380666315556" lon="7.180310119874775"><ele>2105.0999755859375</ele></trkpt><trkpt lat="45.89441025815904" lon="7.180270043667406"><ele>2104.0999755859375</ele></trkpt><trkpt lat="45.89443996641785" lon="7.180280209053308"><ele>2103.199981689453</ele></trkpt><trkpt lat="45.89440068695694" lon="7.180410508997738"><ele>2101.0999755859375</ele></trkpt><trkpt lat="45.894410650245845" lon="7.18044009199366"><ele>2100.3999938964844</ele></trkpt><trkpt lat="45.89443043945357" lon="7.180439998395741"><ele>2099.7999877929688</ele></trkpt><trkpt lat="45.89452034700662" lon="7.180420248303562"><ele>2097.2999877929688</ele></trkpt><trkpt lat="45.89456068864092" lon="7.1803607968613505"><ele>2096.0999755859375</ele></trkpt><trkpt lat="45.89462084090337" lon="7.180310269352049"><ele>2095.5</ele></trkpt><trkpt lat="45.89468016522005" lon="7.18029066408053"><ele>2095.0999755859375</ele></trkpt><trkpt lat="45.894780196715146" lon="7.180370063055307"><ele>2093.7999877929688</ele></trkpt><trkpt lat="45.894910651259124" lon="7.180379751138389"><ele>2091.0</ele></trkpt><trkpt lat="45.89491074346006" lon="7.180419687181711"><ele>2090.699981689453</ele></trkpt><trkpt lat="45.89485056698322" lon="7.180459908209741"><ele>2088.699981689453</ele></trkpt><trkpt lat="45.89485065918416" lon="7.180499844253063"><ele>2088.199981689453</ele></trkpt><trkpt lat="45.89494065893814" lon="7.180520030669868"><ele>2086.5999755859375</ele></trkpt><trkpt lat="45.895060506649315" lon="7.1806109310127795"><ele>2084.699981689453</ele></trkpt><trkpt lat="45.89510026946664" lon="7.180690615903586"><ele>2083.0</ele></trkpt><trkpt lat="45.89514014823362" lon="7.180820543318987"><ele>2080.0</ele></trkpt><trkpt lat="45.89516007434577" lon="7.180879709776491"><ele>2078.7999877929688</ele></trkpt><trkpt lat="45.89539083885029" lon="7.181089897174388"><ele>2074.5</ele></trkpt><trkpt lat="45.8955000275746" lon="7.1812401111237705"><ele>2070.8999938964844</ele></trkpt><trkpt lat="45.8955405773595" lon="7.181270838715136"><ele>2070.0</ele></trkpt><trkpt lat="45.895590004045516" lon="7.181249992921948"><ele>2070.5999755859375</ele></trkpt><trkpt lat="45.89568005129695" lon="7.1812907927669585"><ele>2069.5999755859375</ele></trkpt><trkpt lat="45.89573058439419" lon="7.181360122282058"><ele>2068.3999938964844</ele></trkpt><trkpt lat="45.895850635599345" lon="7.181539916899055"><ele>2064.199981689453</ele></trkpt><trkpt lat="45.89589042169973" lon="7.181629910133779"><ele>2062.5</ele></trkpt><trkpt lat="45.89602039055899" lon="7.181819965131581"><ele>2057.199981689453</ele></trkpt><trkpt lat="45.89608014887199" lon="7.1819897391833365"><ele>2053.2999877929688</ele></trkpt><trkpt lat="45.89614016050473" lon="7.182270306628197"><ele>2048.5999755859375</ele></trkpt><trkpt lat="45.896180822048336" lon="7.18234999012202"><ele>2048.0</ele></trkpt><trkpt lat="45.89614036679268" lon="7.1823604865930974"><ele>2046.3999938964844</ele></trkpt><trkpt lat="45.896020614076406" lon="7.182310805190355"><ele>2042.7999877929688</ele></trkpt><trkpt lat="45.89599002664909" lon="7.182309660129249"><ele>2041.6999816894531</ele></trkpt><trkpt lat="45.895940782502294" lon="7.1824103789404035"><ele>2039.3999938964844</ele></trkpt><trkpt lat="45.89615998743102" lon="7.182679892983288"><ele>2041.8999938964844</ele></trkpt><trkpt lat="45.896270838566124" lon="7.1827708426862955"><ele>2042.7999877929688</ele></trkpt><trkpt lat="45.896520694717765" lon="7.183069848455489"><ele>2048.2999877929688</ele></trkpt><trkpt lat="45.8966306229122" lon="7.18315049726516"><ele>2049.8999938964844</ele></trkpt><trkpt lat="45.89686055248603" lon="7.183390336111188"><ele>2051.0</ele></trkpt><trkpt lat="45.89730080170557" lon="7.18394998786971"><ele>2051.0</ele></trkpt><trkpt lat="45.897360240574926" lon="7.18398063024506"><ele>2050.0999755859375</ele></trkpt><trkpt lat="45.89737027045339" lon="7.1840398465283215"><ele>2050.0</ele></trkpt><trkpt lat="45.89745053322986" lon="7.1841296553611755"><ele>2048.5</ele></trkpt><trkpt lat="45.89746056543663" lon="7.184190160129219"><ele>2047.7999877929688</ele></trkpt><trkpt lat="45.89756995532662" lon="7.1844305684790015"><ele>2044.5</ele></trkpt><trkpt lat="45.89762044325471" lon="7.184480578172952"><ele>2043.5</ele></trkpt><trkpt lat="45.89764041407034" lon="7.1845603617839515"><ele>2042.6999816894531</ele></trkpt><trkpt lat="45.89769006893039" lon="7.18464000755921"><ele>2041.2999877929688</ele></trkpt><trkpt lat="45.89772072294727" lon="7.184670784976333"><ele>2041.0</ele></trkpt><trkpt lat="45.897740670479834" lon="7.184740262106061"><ele>2039.5</ele></trkpt><trkpt lat="45.897810094058514" lon="7.184810797218233"><ele>2036.5</ele></trkpt><trkpt lat="45.897840003483" lon="7.184909860603511"><ele>2035.3999938964844</ele></trkpt><trkpt lat="45.897870677523315" lon="7.184949656017125"><ele>2033.5999755859375</ele></trkpt><trkpt lat="45.897870814893395" lon="7.185010207816958"><ele>2033.0</ele></trkpt><trkpt lat="45.8979605040513" lon="7.185290649533272"><ele>2030.5999755859375</ele></trkpt><trkpt lat="45.89795072004199" lon="7.185339652467519"><ele>2030.5</ele></trkpt><trkpt lat="45.89798079198226" lon="7.185510862618685"><ele>2028.5</ele></trkpt><trkpt lat="45.898010566364974" lon="7.185550663154572"><ele>2028.0</ele></trkpt><trkpt lat="45.89802052825689" lon="7.185580248944461"><ele>2027.5999755859375</ele></trkpt><trkpt lat="45.89812080655247" lon="7.185770459007472"><ele>2025.0999755859375</ele></trkpt><trkpt lat="45.89819018356502" lon="7.185820383019745"><ele>2024.5</ele></trkpt><trkpt lat="45.89823005627841" lon="7.185950321611017"><ele>2022.3999938964844</ele></trkpt><trkpt lat="45.89824024448171" lon="7.186080397572368"><ele>2020.0999755859375</ele></trkpt><trkpt lat="45.898190004751086" lon="7.186139894183725"><ele>2018.2999877929688</ele></trkpt><trkpt lat="45.89819014072418" lon="7.186200445983559"><ele>2016.7999877929688</ele></trkpt><trkpt lat="45.89826044021174" lon="7.186260672751814"><ele>2014.8999938964844</ele></trkpt><trkpt lat="45.898280343040824" lon="7.186310826335102"><ele>2013.8999938964844</ele></trkpt><trkpt lat="45.89830013271421" lon="7.186310734599829"><ele>2013.0999755859375</ele></trkpt><trkpt lat="45.89831013744697" lon="7.186359645798802"><ele>2012.6999816894531</ele></trkpt><trkpt lat="45.898360557388514" lon="7.186380025930703"><ele>2011.5999755859375</ele></trkpt><trkpt lat="45.898400363046676" lon="7.18648033356294"><ele>2010.2999877929688</ele></trkpt><trkpt lat="45.89841027231887" lon="7.1864867294207215"><ele>2010.2999877929688</ele></trkpt><trkpt lat="45.89841027231887" lon="7.1864867294207215"><ele>2010.0999755859375</ele></trkpt><trkpt lat="45.89841027231887" lon="7.1864867294207215"><ele>2010.0999755859375</ele></trkpt><trkpt lat="45.898459986783564" lon="7.18659343291074"><ele>2008.1999816894531</ele></trkpt><trkpt lat="45.89851150335744" lon="7.186701416969299"><ele>2006.3999938964844</ele></trkpt><trkpt lat="45.89855941897258" lon="7.186808129306883"><ele>2005.0</ele></trkpt><trkpt lat="45.89860641444102" lon="7.186905827373266"><ele>2003.6999816894531</ele></trkpt><trkpt lat="45.89863637089729" lon="7.187026794999838"><ele>2002.0999755859375</ele></trkpt><trkpt lat="45.89866813225672" lon="7.18715033121407"><ele>2000.3999938964844</ele></trkpt><trkpt lat="45.89873399725184" lon="7.1872389246709645"><ele>1999.0999755859375</ele></trkpt><trkpt lat="45.89880165550858" lon="7.1873249327763915"><ele>1998.0</ele></trkpt><trkpt lat="45.89886752329767" lon="7.187414815183729"><ele>1996.8999938964844</ele></trkpt><trkpt lat="45.89894059859216" lon="7.18750981753692"><ele>1994.5999755859375</ele></trkpt><trkpt lat="45.89889408322051" lon="7.18762598419562"><ele>1991.7999877929688</ele></trkpt><trkpt lat="45.89891216298565" lon="7.1876658401452005"><ele>1989.7999877929688</ele></trkpt><trkpt lat="45.89897802146152" lon="7.187751857563853"><ele>1988.0</ele></trkpt><trkpt lat="45.89904658170417" lon="7.1878391513600945"><ele>1986.1999816894531</ele></trkpt><trkpt lat="45.899112440645695" lon="7.187925169244409"><ele>1985.5999755859375</ele></trkpt><trkpt lat="45.89917740318924" lon="7.1880124802701175"><ele>1985.3999938964844</ele></trkpt><trkpt lat="45.899264014326036" lon="7.188126747496426"><ele>1984.7999877929688</ele></trkpt><trkpt lat="45.89938106806949" lon="7.188177744857967"><ele>1984.0</ele></trkpt><trkpt lat="45.89940743101761" lon="7.188301308080554"><ele>1983.3999938964844</ele></trkpt><trkpt lat="45.899434693623334" lon="7.188424867577851"><ele>1983.1999816894531</ele></trkpt><trkpt lat="45.89945560740307" lon="7.188525265548378"><ele>1983.2999877929688</ele></trkpt><trkpt lat="45.89952147193253" lon="7.18861386179924"><ele>1982.8999938964844</ele></trkpt><trkpt lat="45.89960718853399" lon="7.188730711583048"><ele>1982.2999877929688</ele></trkpt><trkpt lat="45.899634145665914" lon="7.18871770426631"><ele>1981.8999938964844</ele></trkpt><trkpt lat="45.89967847568914" lon="7.188830879051238"><ele>1981.1999816894531</ele></trkpt><trkpt lat="45.89972459897399" lon="7.188941468950361"><ele>1980.5</ele></trkpt><trkpt lat="45.899767129682004" lon="7.189054652117193"><ele>1979.8999938964844</ele></trkpt><trkpt lat="45.89981145923957" lon="7.189167827833444"><ele>1978.8999938964844</ele></trkpt><trkpt lat="45.899857581593096" lon="7.189278418198228"><ele>1977.2999877929688</ele></trkpt><trkpt lat="45.89992543077096" lon="7.18945075199008"><ele>1975.7999877929688</ele></trkpt><trkpt lat="45.89997514011338" lon="7.1895561730489135"><ele>1975.1999816894531</ele></trkpt><trkpt lat="45.90002844994888" lon="7.189662866294384"><ele>1975.1999816894531</ele></trkpt><trkpt lat="45.900079055689275" lon="7.189766995608807"><ele>1975.0</ele></trkpt><trkpt lat="45.90013146074489" lon="7.189871116541326"><ele>1974.5</ele></trkpt><trkpt lat="45.90018297126517" lon="7.189977818634361"><ele>1974.1999816894531</ele></trkpt><trkpt lat="45.90023537585512" lon="7.190081940032542"><ele>1974.2999877929688</ele></trkpt><trkpt lat="45.900288682896644" lon="7.190187345724553"><ele>1974.5999755859375</ele></trkpt><trkpt lat="45.900348328985274" lon="7.190312048885971"><ele>1974.2999877929688</ele></trkpt><trkpt lat="45.900432096328586" lon="7.190361915156245"><ele>1973.0999755859375</ele></trkpt><trkpt lat="45.90051495563239" lon="7.190407920163125"><ele>1971.1999816894531</ele></trkpt><trkpt lat="45.900637448299676" lon="7.19047822477296"><ele>1969.2999877929688</ele></trkpt><trkpt lat="45.90072656376287" lon="7.190506163984537"><ele>1967.8999938964844</ele></trkpt><trkpt lat="45.900812078733" lon="7.190532831475139"><ele>1966.8999938964844</ele></trkpt><trkpt lat="45.90088049136102" lon="7.190554422792047"><ele>1965.3999938964844</ele></trkpt><trkpt lat="45.900978482328355" lon="7.19052820885554"><ele>1964.0999755859375</ele></trkpt><trkpt lat="45.901067609898746" lon="7.190561302006245"><ele>1963.0999755859375</ele></trkpt><trkpt lat="45.9011522391811" lon="7.190594415646046"><ele>1961.6999816894531</ele></trkpt><trkpt lat="45.90121345827356" lon="7.190617328509688"><ele>1959.1999816894531</ele></trkpt><trkpt lat="45.90129554318264" lon="7.19072002870962"><ele>1956.3999938964844</ele></trkpt><trkpt lat="45.901403514668345" lon="7.190732421819121"><ele>1955.0999755859375</ele></trkpt><trkpt lat="45.901511657983065" lon="7.190822119824588"><ele>1954.7999877929688</ele></trkpt><trkpt lat="45.90155238751322" lon="7.190935316495597"><ele>1953.8999938964844</ele></trkpt><trkpt lat="45.90159671800211" lon="7.191049785353243"><ele>1952.1999816894531</ele></trkpt><trkpt lat="45.901637447066605" lon="7.191162982489914"><ele>1949.5</ele></trkpt><trkpt lat="45.901682673953474" lon="7.191276158671826"><ele>1946.2999877929688</ele></trkpt><trkpt lat="45.90171797433868" lon="7.191375207621604"><ele>1944.2999877929688</ele></trkpt><trkpt lat="45.90177666535601" lon="7.191475439351052"><ele>1943.0</ele></trkpt><trkpt lat="45.90183355472982" lon="7.191574390977621"><ele>1941.5999755859375</ele></trkpt><trkpt lat="45.901918436866254" lon="7.191722176969051"><ele>1940.0</ele></trkpt><trkpt lat="45.90196545096114" lon="7.191830192692578"><ele>1938.0</ele></trkpt><trkpt lat="45.90201516309753" lon="7.191938196308911"><ele>1935.5999755859375</ele></trkpt><trkpt lat="45.90206397604197" lon="7.192046204116195"><ele>1932.8999938964844</ele></trkpt><trkpt lat="45.90211548702791" lon="7.192154200281948"><ele>1930.5999755859375</ele></trkpt><trkpt lat="45.90216340031475" lon="7.192262212745845"><ele>1928.6999816894531</ele></trkpt><trkpt lat="45.90223300643265" lon="7.192417799960822"><ele>1926.0</ele></trkpt><trkpt lat="45.90226744906977" lon="7.192536181304604"><ele>1924.0</ele></trkpt><trkpt lat="45.90231548668817" lon="7.192700885701925"><ele>1923.0999755859375</ele></trkpt><trkpt lat="45.902305928524584" lon="7.192854254040867"><ele>1921.0</ele></trkpt><trkpt lat="45.90234845736995" lon="7.192968733608723"><ele>1917.5</ele></trkpt><trkpt lat="45.902386494446546" lon="7.1930858111009"><ele>1914.0999755859375</ele></trkpt><trkpt lat="45.902427221648395" lon="7.193199011031538"><ele>1911.0999755859375</ele></trkpt><trkpt lat="45.90246795397252" lon="7.19331478793174"><ele>1908.0</ele></trkpt><trkpt lat="45.90249601705" lon="7.1933958334848285"><ele>1905.5999755859375</ele></trkpt><trkpt lat="45.90257619926706" lon="7.193452164996415"><ele>1904.8999938964844</ele></trkpt><trkpt lat="45.90265728114173" lon="7.193508492317051"><ele>1905.0999755859375</ele></trkpt><trkpt lat="45.90273746615276" lon="7.19356611231342"><ele>1905.0999755859375</ele></trkpt><trkpt lat="45.902820352464914" lon="7.193625009153038"><ele>1904.5</ele></trkpt><trkpt lat="45.90289248339832" lon="7.193701992277056"><ele>1903.1999816894531</ele></trkpt><trkpt lat="45.902966413646936" lon="7.193778967950493"><ele>1901.7999877929688</ele></trkpt><trkpt lat="45.903038545046" lon="7.193855951540172"><ele>1900.1999816894531</ele></trkpt><trkpt lat="45.903110675979406" lon="7.193932935595512"><ele>1898.5999755859375</ele></trkpt><trkpt lat="45.90318100806326" lon="7.194009928032756"><ele>1896.6999816894531</ele></trkpt><trkpt lat="45.90325313899666" lon="7.194086912088096"><ele>1895.0999755859375</ele></trkpt><trkpt lat="45.903325269930065" lon="7.194163897074759"><ele>1894.0999755859375</ele></trkpt><trkpt lat="45.903389336075634" lon="7.194255091249943"><ele>1893.0</ele></trkpt><trkpt lat="45.90345249976963" lon="7.194345001131296"><ele>1891.5999755859375</ele></trkpt><trkpt lat="45.90354363061488" lon="7.194472151808441"><ele>1890.0</ele></trkpt><trkpt lat="45.903619336895645" lon="7.194538813550025"><ele>1888.7999877929688</ele></trkpt><trkpt lat="45.903698635753244" lon="7.194602882489562"><ele>1888.1999816894531</ele></trkpt><trkpt lat="45.903775236103684" lon="7.194666963536292"><ele>1887.5999755859375</ele></trkpt><trkpt lat="45.90385453775525" lon="7.194732321426272"><ele>1886.7999877929688</ele></trkpt><trkpt lat="45.90393023844808" lon="7.1947964071296155"><ele>1885.8999938964844</ele></trkpt><trkpt lat="45.90393023844808" lon="7.1947964071296155"><ele>1885.8999938964844</ele></trkpt><trkpt lat="45.90393023844808" lon="7.1947964071296155"><ele>1885.8999938964844</ele></trkpt><trkpt lat="45.90400954009965" lon="7.194861765019596"><ele>1885.0</ele></trkpt><trkpt lat="45.9040861427784" lon="7.1949271354824305"><ele>1884.0</ele></trkpt><trkpt lat="45.904165441170335" lon="7.19499120535329"><ele>1883.0</ele></trkpt><trkpt lat="45.904264574404806" lon="7.195075802970678"><ele>1882.0999755859375</ele></trkpt><trkpt lat="45.90433400636539" lon="7.19515280239284"><ele>1881.3999938964844</ele></trkpt><trkpt lat="45.9044061396271" lon="7.195231078658253"><ele>1881.1999816894531</ele></trkpt><trkpt lat="45.9044773732312" lon="7.195309359114617"><ele>1881.1999816894531</ele></trkpt><trkpt lat="45.904533275868744" lon="7.195369669236243"><ele>1881.1999816894531</ele></trkpt><trkpt lat="45.90461792377755" lon="7.195411811582744"><ele>1880.6999816894531</ele></trkpt><trkpt lat="45.904703471343964" lon="7.1954539506696165"><ele>1879.3999938964844</ele></trkpt><trkpt lat="45.90478811878711" lon="7.195496093481779"><ele>1877.1999816894531</ele></trkpt><trkpt lat="45.90487546520308" lon="7.195538224186748"><ele>1874.8999938964844</ele></trkpt><trkpt lat="45.90495831379667" lon="7.195580375380814"><ele>1873.0</ele></trkpt><trkpt lat="45.905042964499444" lon="7.19562380714342"><ele>1871.3999938964844</ele></trkpt><trkpt lat="45.905129408463836" lon="7.195664654485881"><ele>1870.0999755859375</ele></trkpt><trkpt lat="45.905213156715035" lon="7.195706801954657"><ele>1869.1999816894531</ele></trkpt><trkpt lat="45.905299603473395" lon="7.1957489377819"><ele>1868.1999816894531</ele></trkpt><trkpt lat="45.90543558308855" lon="7.1958179119974375"><ele>1866.8999938964844</ele></trkpt><trkpt lat="45.90552021423355" lon="7.195852324832231"><ele>1865.5999755859375</ele></trkpt><trkpt lat="45.90560844587162" lon="7.195888010319322"><ele>1864.0999755859375</ele></trkpt><trkpt lat="45.90569307981059" lon="7.195923712104559"><ele>1862.5</ele></trkpt><trkpt lat="45.905780411791056" lon="7.195959402248263"><ele>1861.0</ele></trkpt><trkpt lat="45.90586594492197" lon="7.195995099842548"><ele>1859.5</ele></trkpt><trkpt lat="45.90595237771049" lon="7.196030794177204"><ele>1858.5</ele></trkpt><trkpt lat="45.90604060981423" lon="7.196066480129957"><ele>1857.5999755859375</ele></trkpt><trkpt lat="45.90612524328753" lon="7.196102182846516"><ele>1856.5</ele></trkpt><trkpt lat="45.90621347539127" lon="7.1961378692649305"><ele>1855.3999938964844</ele></trkpt><trkpt lat="45.90629811165854" lon="7.19617486000061"><ele>1854.2999877929688</ele></trkpt><trkpt lat="45.9063611314632" lon="7.196199062280357"><ele>1853.3999938964844</ele></trkpt><trkpt lat="45.90644934400916" lon="7.196225729305297"><ele>1852.5999755859375</ele></trkpt><trkpt lat="45.90653845574707" lon="7.196252392139286"><ele>1851.6999816894531</ele></trkpt><trkpt lat="45.906626670621336" lon="7.196280348114669"><ele>1850.5999755859375</ele></trkpt><trkpt lat="45.90671308385208" lon="7.1963070230558515"><ele>1849.2999877929688</ele></trkpt><trkpt lat="45.90680129593238" lon="7.196333690546453"><ele>1848.0999755859375</ele></trkpt><trkpt lat="45.90690121054649" lon="7.196364171802998"><ele>1847.3999938964844</ele></trkpt><trkpt lat="45.906990230083466" lon="7.196348313242197"><ele>1847.1999816894531</ele></trkpt><trkpt lat="45.90711701614782" lon="7.196325844153762"><ele>1847.0999755859375</ele></trkpt><trkpt lat="45.90720610320568" lon="7.196340911090374"><ele>1846.6999816894531</ele></trkpt><trkpt lat="45.90733298379928" lon="7.196362252812833"><ele>1846.3999938964844</ele></trkpt><trkpt lat="45.90744264284149" lon="7.196323108393699"><ele>1846.1999816894531</ele></trkpt><trkpt lat="45.90753260673955" lon="7.196327862329781"><ele>1845.7999877929688</ele></trkpt><trkpt lat="45.90762256504968" lon="7.1963300397619605"><ele>1845.3999938964844</ele></trkpt><trkpt lat="45.907712523359805" lon="7.19633221719414"><ele>1844.8999938964844</ele></trkpt><trkpt lat="45.9078024844639" lon="7.19633568264544"><ele>1844.5</ele></trkpt><trkpt lat="45.90789244603366" lon="7.1963391485624015"><ele>1844.2999877929688</ele></trkpt><trkpt lat="45.90798240993172" lon="7.196343902964145"><ele>1844.2999877929688</ele></trkpt><trkpt lat="45.90808046422899" lon="7.196346044540405"><ele>1844.0999755859375</ele></trkpt><trkpt lat="45.90817046165466" lon="7.196366261690855"><ele>1843.7999877929688</ele></trkpt><trkpt lat="45.90825866255909" lon="7.19638777570799"><ele>1843.2999877929688</ele></trkpt><trkpt lat="45.90834596147761" lon="7.196408004965633"><ele>1842.5</ele></trkpt><trkpt lat="45.908435059245676" lon="7.196428226772696"><ele>1842.0</ele></trkpt><trkpt lat="45.9085232578218" lon="7.196448452305049"><ele>1841.8999938964844</ele></trkpt><trkpt lat="45.908612358383834" lon="7.196469962596893"><ele>1842.0</ele></trkpt><trkpt lat="45.908701456617564" lon="7.196490184403956"><ele>1842.0999755859375</ele></trkpt><trkpt lat="45.90879145404324" lon="7.196510402020067"><ele>1841.5999755859375</ele></trkpt><trkpt lat="45.908880554605275" lon="7.196531912311912"><ele>1840.5999755859375</ele></trkpt><trkpt lat="45.90895345248282" lon="7.1965483403764665"><ele>1839.5</ele></trkpt><trkpt lat="45.909043402411044" lon="7.1965466523543"><ele>1838.7999877929688</ele></trkpt><trkpt lat="45.90913245268166" lon="7.196544968057424"><ele>1837.8999938964844</ele></trkpt><trkpt lat="45.90922240819782" lon="7.196545857004821"><ele>1836.8999938964844</ele></trkpt><trkpt lat="45.90931235533208" lon="7.1965428800322115"><ele>1836.0</ele></trkpt><trkpt lat="45.9094023052603" lon="7.196541192010045"><ele>1835.0999755859375</ele></trkpt><trkpt lat="45.90949225798249" lon="7.1965407924726605"><ele>1834.2999877929688</ele></trkpt><trkpt lat="45.90958220511675" lon="7.196537815500051"><ele>1833.3999938964844</ele></trkpt><trkpt lat="45.90967215783894" lon="7.196537415962666"><ele>1832.5999755859375</ele></trkpt><trkpt lat="45.909762107767165" lon="7.1965357274748385"><ele>1831.6999816894531</ele></trkpt><trkpt lat="45.90985205769539" lon="7.196534039452672"><ele>1830.8999938964844</ele></trkpt><trkpt lat="45.909942008089274" lon="7.196532350964844"><ele>1830.1999816894531</ele></trkpt><trkpt lat="45.9100319580175" lon="7.196530662942678"><ele>1829.5</ele></trkpt><trkpt lat="45.91008592955768" lon="7.196530423127115"><ele>1829.2999877929688</ele></trkpt><trkpt lat="45.91017770115286" lon="7.196539035998285"><ele>1829.0999755859375</ele></trkpt><trkpt lat="45.91026767063886" lon="7.196546368300915"><ele>1828.7999877929688</ele></trkpt><trkpt lat="45.910354944411665" lon="7.19655500119552"><ele>1828.6999816894531</ele></trkpt><trkpt lat="45.9104449194856" lon="7.196564910467714"><ele>1828.5999755859375</ele></trkpt><trkpt lat="45.91053668549284" lon="7.19657094636932"><ele>1828.0999755859375</ele></trkpt><trkpt lat="45.91062666056678" lon="7.196580855641514"><ele>1827.7999877929688</ele></trkpt><trkpt lat="45.91076251445338" lon="7.196591850370169"><ele>1827.7999877929688</ele></trkpt><trkpt lat="45.910852453671396" lon="7.196585007477552"><ele>1827.6999816894531</ele></trkpt><trkpt lat="45.91094149276614" lon="7.196578169241548"><ele>1827.3999938964844</ele></trkpt><trkpt lat="45.911031431518495" lon="7.196571326348931"><ele>1826.8999938964844</ele></trkpt><trkpt lat="45.9111204710789" lon="7.196564487647265"><ele>1826.8999938964844</ele></trkpt><trkpt lat="45.91121041029692" lon="7.1965576452203095"><ele>1827.5</ele></trkpt><trkpt lat="45.91129135387018" lon="7.196550842374563"><ele>1828.2999877929688</ele></trkpt><trkpt lat="45.91138131264597" lon="7.196553020272404"><ele>1828.7999877929688</ele></trkpt><trkpt lat="45.91147127421573" lon="7.196556486655027"><ele>1829.2999877929688</ele></trkpt><trkpt lat="45.911561232525855" lon="7.196558664552867"><ele>1829.6999816894531</ele></trkpt><trkpt lat="45.911651191301644" lon="7.196560842450708"><ele>1829.7999877929688</ele></trkpt><trkpt lat="45.91174114961177" lon="7.196563020348549"><ele>1829.2999877929688</ele></trkpt><trkpt lat="45.911831110715866" lon="7.196566486731172"><ele>1829.0</ele></trkpt><trkpt lat="45.911921069491655" lon="7.196568664629012"><ele>1829.0999755859375</ele></trkpt><trkpt lat="45.91201102780178" lon="7.196570842526853"><ele>1829.2999877929688</ele></trkpt><trkpt lat="45.91207400057465" lon="7.196573140099645"><ele>1829.5</ele></trkpt><trkpt lat="45.912161187734455" lon="7.1965418248437345"><ele>1829.6999816894531</ele></trkpt><trkpt lat="45.912248372565955" lon="7.19650922017172"><ele>1829.5</ele></trkpt><trkpt lat="45.912248372565955" lon="7.19650922017172"><ele>1829.5</ele></trkpt><trkpt lat="45.912248372565955" lon="7.19650922017172"><ele>1829.5</ele></trkpt><trkpt lat="45.91233645938337" lon="7.196477900724858"><ele>1829.3999938964844</ele></trkpt><trkpt lat="45.91242454061285" lon="7.19644400337711"><ele>1829.2999877929688</ele></trkpt><trkpt lat="45.91249644709751" lon="7.1964179100468755"><ele>1829.1999816894531</ele></trkpt><trkpt lat="45.91258638352156" lon="7.196409778203815"><ele>1829.2999877929688</ele></trkpt><trkpt lat="45.91267631947994" lon="7.196401646826416"><ele>1829.2999877929688</ele></trkpt><trkpt lat="45.91276625869796" lon="7.196394803468138"><ele>1829.3999938964844</ele></trkpt><trkpt lat="45.912855298258364" lon="7.196387964300811"><ele>1829.5</ele></trkpt><trkpt lat="45.91294523701072" lon="7.196381120942533"><ele>1829.8999938964844</ele></trkpt><trkpt lat="45.913035173434764" lon="7.196372989099473"><ele>1830.2999877929688</ele></trkpt><trkpt lat="45.91312511265278" lon="7.196366146206856"><ele>1830.7999877929688</ele></trkpt><trkpt lat="45.91321505140513" lon="7.1963593028485775"><ele>1831.3999938964844</ele></trkpt><trkpt lat="45.91330498782918" lon="7.196351171005517"><ele>1832.5999755859375</ele></trkpt><trkpt lat="45.91339492704719" lon="7.1963443281129"><ele>1833.7999877929688</ele></trkpt><trkpt lat="45.91348396707326" lon="7.196337488479912"><ele>1834.5</ele></trkpt><trkpt lat="45.91357570234686" lon="7.19632934872061"><ele>1834.7999877929688</ele></trkpt><trkpt lat="45.913685427978635" lon="7.196321128867567"><ele>1835.5999755859375</ele></trkpt><trkpt lat="45.91377352364361" lon="7.196293673943728"><ele>1836.6999816894531</ele></trkpt><trkpt lat="45.913890381809324" lon="7.196255781687796"><ele>1837.8999938964844</ele></trkpt><trkpt lat="45.913970314431936" lon="7.196197433862835"><ele>1839.0999755859375</ele></trkpt><trkpt lat="45.914087971672416" lon="7.196113143581897"><ele>1840.3999938964844</ele></trkpt><trkpt lat="45.91417970135808" lon="7.196102425921708"><ele>1841.6999816894531</ele></trkpt><trkpt lat="45.91426693368703" lon="7.196091728284955"><ele>1843.0999755859375</ele></trkpt><trkpt lat="45.914358663372695" lon="7.196081010159105"><ele>1844.0999755859375</ele></trkpt><trkpt lat="45.91442251345143" lon="7.196072993800044"><ele>1844.1999816894531</ele></trkpt><trkpt lat="45.914510605856776" lon="7.196044249460101"><ele>1844.3999938964844</ele></trkpt><trkpt lat="45.91459600254893" lon="7.196016806177795"><ele>1845.0</ele></trkpt><trkpt lat="45.91468409495428" lon="7.195988061837852"><ele>1845.6999816894531</ele></trkpt><trkpt lat="45.91477219341323" lon="7.195961894933134"><ele>1846.5</ele></trkpt><trkpt lat="45.914859383367" lon="7.1959318658337"><ele>1847.3999938964844</ele></trkpt><trkpt lat="45.91494747856632" lon="7.195904409978539"><ele>1848.0999755859375</ele></trkpt><trkpt lat="45.91503197606653" lon="7.195876969955862"><ele>1848.7999877929688</ele></trkpt><trkpt lat="45.915121951606125" lon="7.1958868792280555"><ele>1849.5999755859375</ele></trkpt><trkpt lat="45.91521103028208" lon="7.195898081641644"><ele>1850.0999755859375</ele></trkpt><trkpt lat="45.915301005356014" lon="7.195907990913838"><ele>1850.0</ele></trkpt><trkpt lat="45.91535768983886" lon="7.195914182346314"><ele>1850.6999816894531</ele></trkpt><trkpt lat="45.91544750332832" lon="7.195849344599992"><ele>1852.7999877929688</ele></trkpt><trkpt lat="45.91553746769205" lon="7.1958540990017354"><ele>1854.0999755859375</ele></trkpt><trkpt lat="45.915663418825716" lon="7.195861270651221"><ele>1854.1999816894531</ele></trkpt><trkpt lat="45.915751516819" lon="7.195835102815181"><ele>1854.2999877929688</ele></trkpt><trkpt lat="45.915839614812285" lon="7.195808935444802"><ele>1854.6999816894531</ele></trkpt><trkpt lat="45.91596726421267" lon="7.195769703481346"><ele>1854.8999938964844</ele></trkpt><trkpt lat="45.916057225782424" lon="7.1957731689326465"><ele>1855.5</ele></trkpt><trkpt lat="45.91614718455821" lon="7.195775345899165"><ele>1856.7999877929688</ele></trkpt><trkpt lat="45.91623714612797" lon="7.195778811816126"><ele>1858.0999755859375</ele></trkpt><trkpt lat="45.916300118900836" lon="7.195781108923256"><ele>1858.6999816894531</ele></trkpt><trkpt lat="45.91638547368348" lon="7.195734332315624"><ele>1859.5999755859375</ele></trkpt><trkpt lat="45.916490595787764" lon="7.1956771574914455"><ele>1860.6999816894531</ele></trkpt><trkpt lat="45.91659851139411" lon="7.195663788821548"><ele>1861.2999877929688</ele></trkpt><trkpt lat="45.9166884701699" lon="7.195665965788066"><ele>1862.1999816894531</ele></trkpt><trkpt lat="45.91677842894569" lon="7.195668142288923"><ele>1863.5</ele></trkpt><trkpt lat="45.91686748806387" lon="7.195670322980732"><ele>1864.7999877929688</ele></trkpt><trkpt lat="45.91695745009929" lon="7.195673788897693"><ele>1866.7999877929688</ele></trkpt><trkpt lat="45.91703841090202" lon="7.195674716960639"><ele>1869.8999938964844</ele></trkpt><trkpt lat="45.91712751239538" lon="7.195696230046451"><ele>1872.5</ele></trkpt><trkpt lat="45.91721661668271" lon="7.195719031151384"><ele>1873.7999877929688</ele></trkpt><trkpt lat="45.91730302199721" lon="7.195741844829172"><ele>1874.1999816894531</ele></trkpt><trkpt lat="45.91739212255925" lon="7.195763356983662"><ele>1872.1999816894531</ele></trkpt><trkpt lat="45.91749742301181" lon="7.19578866334632"><ele>1869.5999755859375</ele></trkpt><trkpt lat="45.91758641740307" lon="7.195761201903224"><ele>1868.6999816894531</ele></trkpt><trkpt lat="45.91767361341044" lon="7.1957337483763695"><ele>1869.1999816894531</ele></trkpt><trkpt lat="45.91776170860976" lon="7.195706290658563"><ele>1869.7999877929688</ele></trkpt><trkpt lat="45.91782912565395" lon="7.195684080477804"><ele>1869.0999755859375</ele></trkpt><trkpt lat="45.91791909793392" lon="7.195692700799555"><ele>1868.1999816894531</ele></trkpt><trkpt lat="45.918008176609874" lon="7.195703903213143"><ele>1868.1999816894531</ele></trkpt><trkpt lat="45.91807205462828" lon="7.195708773564547"><ele>1868.5</ele></trkpt><trkpt lat="45.918148366734385" lon="7.195640126243234"><ele>1869.3999938964844</ele></trkpt><trkpt lat="45.91822648048401" lon="7.19557275949046"><ele>1871.7999877929688</ele></trkpt><trkpt lat="45.91833241842687" lon="7.195476914290339"><ele>1875.3999938964844</ele></trkpt><trkpt lat="45.91841597156599" lon="7.195428855717182"><ele>1878.6999816894531</ele></trkpt><trkpt lat="45.918494136072695" lon="7.1953846868127584"><ele>1881.3999938964844</ele></trkpt><trkpt lat="45.9185586781241" lon="7.1952812927775085"><ele>1882.5999755859375</ele></trkpt><trkpt lat="45.91863138601184" lon="7.195210081990808"><ele>1882.0999755859375</ele></trkpt><trkpt lat="45.91870769113302" lon="7.195138854905963"><ele>1879.8999938964844</ele></trkpt><trkpt lat="45.91878129495308" lon="7.195066350977868"><ele>1876.8999938964844</ele></trkpt><trkpt lat="45.918857597745955" lon="7.194993834476918"><ele>1874.2999877929688</ele></trkpt><trkpt lat="45.91893030749634" lon="7.194923912175"><ele>1872.3999938964844</ele></trkpt><trkpt lat="45.9189895526506" lon="7.194866938050836"><ele>1870.7999877929688</ele></trkpt><trkpt lat="45.91906948713586" lon="7.1948098707944155"><ele>1869.1999816894531</ele></trkpt><trkpt lat="45.91914942115545" lon="7.194752804003656"><ele>1868.0</ele></trkpt><trkpt lat="45.91922845086083" lon="7.194693163502961"><ele>1867.5</ele></trkpt><trkpt lat="45.91930928174406" lon="7.194634803105146"><ele>1866.7999877929688</ele></trkpt><trkpt lat="45.91938921343535" lon="7.194576446898282"><ele>1865.5999755859375</ele></trkpt><trkpt lat="45.919470047112554" lon="7.194519375450909"><ele>1864.0</ele></trkpt><trkpt lat="45.919581413734704" lon="7.194438967388123"><ele>1862.0999755859375</ele></trkpt><trkpt lat="45.91967047844082" lon="7.1944437231868505"><ele>1859.6999816894531</ele></trkpt><trkpt lat="45.91976044466719" lon="7.194449764210731"><ele>1857.0999755859375</ele></trkpt><trkpt lat="45.91985041135922" lon="7.19445580476895"><ele>1854.6999816894531</ele></trkpt><trkpt lat="45.919940372463316" lon="7.194459268357605"><ele>1852.6999816894531</ele></trkpt><trkpt lat="45.92003033636138" lon="7.194464020431042"><ele>1851.0999755859375</ele></trkpt><trkpt lat="45.92011940386146" lon="7.1944700656458735"><ele>1850.0999755859375</ele></trkpt><trkpt lat="45.920209367759526" lon="7.194474818184972"><ele>1849.2999877929688</ele></trkpt><trkpt lat="45.92029933491722" lon="7.194480859208852"><ele>1848.5</ele></trkpt><trkpt lat="45.920426182448864" lon="7.194486734922975"><ele>1847.1999816894531</ele></trkpt><trkpt lat="45.920426182448864" lon="7.194486734922975"><ele>1847.1999816894531</ele></trkpt><trkpt lat="45.920426182448864" lon="7.194486734922975"><ele>1847.1999816894531</ele></trkpt><trkpt lat="45.92055228818208" lon="7.1945647918619215"><ele>1846.6999816894531</ele></trkpt><trkpt lat="45.9206226314418" lon="7.194646965246648"><ele>1846.6999816894531</ele></trkpt><trkpt lat="45.92068937886506" lon="7.194730443414301"><ele>1845.3999938964844</ele></trkpt><trkpt lat="45.920797603204846" lon="7.194858847185969"><ele>1843.0</ele></trkpt><trkpt lat="45.920903916005045" lon="7.1949357045814395"><ele>1841.1999816894531</ele></trkpt><trkpt lat="45.92099300818518" lon="7.194953350350261"><ele>1840.1999816894531</ele></trkpt><trkpt lat="45.92108210083097" lon="7.194970996119082"><ele>1839.0</ele></trkpt><trkpt lat="45.92122069001198" lon="7.194998731836677"><ele>1836.5999755859375</ele></trkpt><trkpt lat="45.92130791582167" lon="7.194985452573746"><ele>1833.5</ele></trkpt><trkpt lat="45.92139963619411" lon="7.194970864336938"><ele>1830.6999816894531</ele></trkpt><trkpt lat="45.921488664112985" lon="7.194958866108209"><ele>1828.5</ele></trkpt><trkpt lat="45.92156149772927" lon="7.194945651106536"><ele>1825.5</ele></trkpt><trkpt lat="45.92156841233373" lon="7.194816729053855"><ele>1820.6999816894531</ele></trkpt><trkpt lat="45.92157794116065" lon="7.194649128708988"><ele>1816.7999877929688</ele></trkpt><trkpt lat="45.92167860409245" lon="7.194610010832548"><ele>1816.3999938964844</ele></trkpt><trkpt lat="45.92177763674408" lon="7.194648234639317"><ele>1816.7999877929688</ele></trkpt><trkpt lat="45.921867578756064" lon="7.1946426765061915"><ele>1817.0</ele></trkpt><trkpt lat="45.92199349589646" lon="7.194634379353374"><ele>1817.8999938964844</ele></trkpt><trkpt lat="45.922072486486286" lon="7.194556690752506"><ele>1818.7999877929688</ele></trkpt><trkpt lat="45.92217137850821" lon="7.194530469831079"><ele>1819.0</ele></trkpt><trkpt lat="45.92228837357834" lon="7.194555724039674"><ele>1818.8999938964844</ele></trkpt><trkpt lat="45.922376609407365" lon="7.194592707790434"><ele>1819.2999877929688</ele></trkpt><trkpt lat="45.92249546246603" lon="7.194645021576434"><ele>1820.2999877929688</ele></trkpt><trkpt lat="45.9225765527226" lon="7.194705238100141"><ele>1821.3999938964844</ele></trkpt><trkpt lat="45.922654944006354" lon="7.194765467196703"><ele>1822.0</ele></trkpt><trkpt lat="45.92273423494771" lon="7.194825692102313"><ele>1822.0999755859375</ele></trkpt><trkpt lat="45.92278558947146" lon="7.194862841162831"><ele>1821.3999938964844</ele></trkpt><trkpt lat="45.92289364524186" lon="7.1949139148928225"><ele>1821.3999938964844</ele></trkpt><trkpt lat="45.92298092786223" lon="7.194926414173096"><ele>1821.8999938964844</ele></trkpt><trkpt lat="45.923070911783725" lon="7.194940189830959"><ele>1821.5</ele></trkpt><trkpt lat="45.92315999325365" lon="7.194952681194991"><ele>1821.5</ele></trkpt><trkpt lat="45.923235579393804" lon="7.194963943678886"><ele>1822.5999755859375</ele></trkpt><trkpt lat="45.923310389276594" lon="7.195031923241913"><ele>1823.1999816894531</ele></trkpt><trkpt lat="45.92342304671183" lon="7.195130668580532"><ele>1823.0999755859375</ele></trkpt><trkpt lat="45.923509479966015" lon="7.195166372694075"><ele>1822.8999938964844</ele></trkpt><trkpt lat="45.923595916014165" lon="7.195203366223723"><ele>1822.5999755859375</ele></trkpt><trkpt lat="45.92368234973401" lon="7.195239070802927"><ele>1822.7999877929688</ele></trkpt><trkpt lat="45.923770582303405" lon="7.1952747674658895"><ele>1823.3999938964844</ele></trkpt><trkpt lat="45.923855219502" lon="7.19531176937744"><ele>1824.1999816894531</ele></trkpt><trkpt lat="45.92397226532921" lon="7.195360227487981"><ele>1825.1999816894531</ele></trkpt><trkpt lat="45.92406238662079" lon="7.195437163114548"><ele>1826.7999877929688</ele></trkpt><trkpt lat="45.92411748506129" lon="7.195541323162615"><ele>1827.7999877929688</ele></trkpt><trkpt lat="45.92416898254305" lon="7.195644210558385"><ele>1827.2999877929688</ele></trkpt><trkpt lat="45.924222281202674" lon="7.195748378988355"><ele>1826.5999755859375</ele></trkpt><trkpt lat="45.92427648231387" lon="7.195853832643479"><ele>1826.2999877929688</ele></trkpt><trkpt lat="45.9243333931081" lon="7.195964429993182"><ele>1826.1999816894531</ele></trkpt><trkpt lat="45.92440821090713" lon="7.196036279201508"><ele>1826.3999938964844</ele></trkpt><trkpt lat="45.924482131842524" lon="7.196109421551228"><ele>1826.5999755859375</ele></trkpt><trkpt lat="45.92453350825235" lon="7.196156885009259"><ele>1826.5999755859375</ele></trkpt><trkpt lat="45.924632540438324" lon="7.1961951134726405"><ele>1826.5999755859375</ele></trkpt><trkpt lat="45.92472249362618" lon="7.196194713469595"><ele>1826.8999938964844</ele></trkpt><trkpt lat="45.92484842799604" lon="7.196194153279066"><ele>1827.3999938964844</ele></trkpt><trkpt lat="45.92492234054953" lon="7.196263429243118"><ele>1828.0</ele></trkpt><trkpt lat="45.92499805195257" lon="7.1963326977565885"><ele>1828.3999938964844</ele></trkpt><trkpt lat="45.92507646186277" lon="7.196401954162866"><ele>1828.6999816894531</ele></trkpt><trkpt lat="45.9251503739506" lon="7.19647123105824"><ele>1829.0999755859375</ele></trkpt><trkpt lat="45.92522608814761" lon="7.196541788987815"><ele>1828.6999816894531</ele></trkpt><trkpt lat="45.92529728729278" lon="7.196604633238167"><ele>1828.1999816894531</ele></trkpt><trkpt lat="45.92538462532684" lon="7.196642914786935"><ele>1827.8999938964844</ele></trkpt><trkpt lat="45.925469264853746" lon="7.196681208908558"><ele>1827.8999938964844</ele></trkpt><trkpt lat="45.9255566005595" lon="7.196718201972544"><ele>1828.5999755859375</ele></trkpt><trkpt lat="45.92564124008641" lon="7.1967564965598285"><ele>1829.2999877929688</ele></trkpt><trkpt lat="45.92572857812047" lon="7.196794778574258"><ele>1828.7999877929688</ele></trkpt><trkpt lat="45.925813217647374" lon="7.196833073161542"><ele>1828.0999755859375</ele></trkpt><trkpt lat="45.925900555215776" lon="7.196871355641633"><ele>1827.5</ele></trkpt><trkpt lat="45.92601940734312" lon="7.196923677343875"><ele>1826.8999938964844</ele></trkpt><trkpt lat="45.926096006762236" lon="7.196987788192928"><ele>1826.6999816894531</ele></trkpt><trkpt lat="45.926174405030906" lon="7.197051891125739"><ele>1826.6999816894531</ele></trkpt><trkpt lat="45.926253700163215" lon="7.1971147009171546"><ele>1826.7999877929688</ele></trkpt><trkpt lat="45.92633029958233" lon="7.1971788122318685"><ele>1826.7999877929688</ele></trkpt><trkpt lat="45.92639607936144" lon="7.197231370490044"><ele>1826.7999877929688</ele></trkpt><trkpt lat="45.92648163763806" lon="7.197278684936464"><ele>1826.5999755859375</ele></trkpt><trkpt lat="45.926564497407526" lon="7.197326011955738"><ele>1826.0999755859375</ele></trkpt><trkpt lat="45.92662124009803" lon="7.197359275072813"><ele>1825.6999816894531</ele></trkpt><trkpt lat="45.92670054035261" lon="7.197424664162099"><ele>1825.5</ele></trkpt><trkpt lat="45.92681949771941" lon="7.197525970637798"><ele>1825.1999816894531</ele></trkpt><trkpt lat="45.92687907489017" lon="7.19762238394469"><ele>1824.8999938964844</ele></trkpt><trkpt lat="45.92694045137614" lon="7.19771878933534"><ele>1824.3999938964844</ele></trkpt><trkpt lat="45.926998229231685" lon="7.197815211024135"><ele>1823.8999938964844</ele></trkpt><trkpt lat="45.927059608045965" lon="7.197912906296551"><ele>1823.5</ele></trkpt><trkpt lat="45.92714446596801" lon="7.198053035885096"><ele>1823.0999755859375</ele></trkpt><trkpt lat="45.92721928237006" lon="7.198124891612679"><ele>1822.7999877929688</ele></trkpt><trkpt lat="45.92729409597814" lon="7.198195458389819"><ele>1822.5999755859375</ele></trkpt><trkpt lat="45.92738963710144" lon="7.198283980600536"><ele>1822.1999816894531</ele></trkpt><trkpt lat="45.92751565435901" lon="7.198322095908225"><ele>1822.0</ele></trkpt><trkpt lat="45.92760467482731" lon="7.198306234553456"><ele>1821.8999938964844</ele></trkpt><trkpt lat="45.92769459448755" lon="7.198290369473398"><ele>1821.8999938964844</ele></trkpt><trkpt lat="45.927783612161875" lon="7.198273219168186"><ele>1821.8999938964844</ele></trkpt><trkpt lat="45.92787263263017" lon="7.198257358279079"><ele>1822.0</ele></trkpt><trkpt lat="45.92787263263017" lon="7.198257358279079"><ele>1822.0</ele></trkpt><trkpt lat="45.92787263263017" lon="7.198257358279079"><ele>1822.0</ele></trkpt><trkpt lat="45.92796165589243" lon="7.198242785874754"><ele>1822.1999816894531</ele></trkpt><trkpt lat="45.92802639724687" lon="7.198230898939073"><ele>1822.5</ele></trkpt><trkpt lat="45.92811637278646" lon="7.198240814264864"><ele>1822.5999755859375</ele></trkpt><trkpt lat="45.928251332603395" lon="7.198254398535937"><ele>1822.2999877929688</ele></trkpt><trkpt lat="45.9283386701718" lon="7.1982926852069795"><ele>1822.0999755859375</ele></trkpt><trkpt lat="45.92842330923304" lon="7.198330983519554"><ele>1821.8999938964844</ele></trkpt><trkpt lat="45.92851064680144" lon="7.198369270190597"><ele>1821.5999755859375</ele></trkpt><trkpt lat="45.92856647307053" lon="7.198394805658609"><ele>1821.2999877929688</ele></trkpt><trkpt lat="45.92864307947457" lon="7.198462788481265"><ele>1820.5999755859375</ele></trkpt><trkpt lat="45.92872148519382" lon="7.19853076338768"><ele>1819.5999755859375</ele></trkpt><trkpt lat="45.928784573916346" lon="7.1985872043296695"><ele>1818.3999938964844</ele></trkpt><trkpt lat="45.92884953087196" lon="7.198675863910466"><ele>1817.1999816894531</ele></trkpt><trkpt lat="45.928914490155876" lon="7.198765812907368"><ele>1816.0</ele></trkpt><trkpt lat="45.92897944711149" lon="7.1988544734194875"><ele>1815.0999755859375</ele></trkpt><trkpt lat="45.9290444040671" lon="7.198943133931607"><ele>1816.0</ele></trkpt><trkpt lat="45.92910846415907" lon="7.199033088050783"><ele>1818.5</ele></trkpt><trkpt lat="45.92917342064902" lon="7.1991217490285635"><ele>1817.5</ele></trkpt><trkpt lat="45.929269957356155" lon="7.199255389161408"><ele>1816.0</ele></trkpt><trkpt lat="45.92936018668115" lon="7.199383901432157"><ele>1818.5999755859375</ele></trkpt><trkpt lat="45.92940719611943" lon="7.199493267107755"><ele>1816.7999877929688</ele></trkpt><trkpt lat="45.92945420742035" lon="7.199603921733797"><ele>1810.5</ele></trkpt><trkpt lat="45.929501216392964" lon="7.199713287409395"><ele>1807.3999938964844</ele></trkpt><trkpt lat="45.929559072479606" lon="7.199847098905593"><ele>1805.5</ele></trkpt><trkpt lat="45.92965818522498" lon="7.199924009852111"><ele>1802.0999755859375</ele></trkpt><trkpt lat="45.9297481267713" lon="7.199918458703905"><ele>1798.6999816894531</ele></trkpt><trkpt lat="45.929883039556444" lon="7.199910132680088"><ele>1796.3999938964844</ele></trkpt><trkpt lat="45.92997113568708" lon="7.1998826754279435"><ele>1795.1999816894531</ele></trkpt><trkpt lat="45.930058332160115" lon="7.19985522236675"><ele>1794.5999755859375</ele></trkpt><trkpt lat="45.930146428290755" lon="7.199827765114605"><ele>1793.8999938964844</ele></trkpt><trkpt lat="45.930217447225004" lon="7.1998068280518055"><ele>1793.0</ele></trkpt><trkpt lat="45.93030649796128" lon="7.199805148411542"><ele>1791.7999877929688</ele></trkpt><trkpt lat="45.9304414303042" lon="7.199805845506489"><ele>1790.3999938964844</ele></trkpt><trkpt lat="45.930526956915855" lon="7.1998389875516295"><ele>1789.2999877929688</ele></trkpt><trkpt lat="45.930613388773054" lon="7.199874703772366"><ele>1788.2999877929688</ele></trkpt><trkpt lat="45.930702516809106" lon="7.199909119401127"><ele>1787.2999877929688</ele></trkpt><trkpt lat="45.93078714935109" lon="7.1999448435381055"><ele>1786.1999816894531</ele></trkpt><trkpt lat="45.93087447527796" lon="7.199977978132665"><ele>1785.1999816894531</ele></trkpt><trkpt lat="45.93096000747755" lon="7.2000136990100145"><ele>1784.1999816894531</ele></trkpt><trkpt lat="45.93104553455487" lon="7.200046841520816"><ele>1783.5</ele></trkpt><trkpt lat="45.93108898913488" lon="7.2001768527552485"><ele>1782.8999938964844</ele></trkpt><trkpt lat="45.931005420628935" lon="7.200218470301479"><ele>1781.5999755859375</ele></trkpt><trkpt lat="45.93090927461162" lon="7.200267877429724"><ele>1779.5</ele></trkpt><trkpt lat="45.930821059737355" lon="7.200239902362227"><ele>1778.3999938964844</ele></trkpt><trkpt lat="45.93074724590406" lon="7.20021573221311"><ele>1778.1999816894531</ele></trkpt><trkpt lat="45.930658222641796" lon="7.200230301823467"><ele>1777.8999938964844</ele></trkpt><trkpt lat="45.930568299256265" lon="7.200244875624776"><ele>1777.2999877929688</ele></trkpt><trkpt lat="45.930479275994" lon="7.200259445235133"><ele>1776.5</ele></trkpt><trkpt lat="45.930424423422664" lon="7.200268708635122"><ele>1775.7999877929688</ele></trkpt><trkpt lat="45.93033724837005" lon="7.2003064742311835"><ele>1774.7999877929688</ele></trkpt><trkpt lat="45.93025097018108" lon="7.200342946220189"><ele>1773.6999816894531</ele></trkpt><trkpt lat="45.93015391100198" lon="7.200385911390185"><ele>1772.5999755859375</ele></trkpt><trkpt lat="45.93007849017158" lon="7.200451985001564"><ele>1771.3999938964844</ele></trkpt><trkpt lat="45.92999946838245" lon="7.200516785494983"><ele>1770.5</ele></trkpt><trkpt lat="45.92992134857923" lon="7.200582870747894"><ele>1769.6999816894531</ele></trkpt><trkpt lat="45.9298504171893" lon="7.200645057018846"><ele>1768.8999938964844</ele></trkpt><trkpt lat="45.929761429317296" lon="7.200676383916289"><ele>1767.6999816894531</ele></trkpt><trkpt lat="45.92967064771801" lon="7.200710296630859"><ele>1766.3999938964844</ele></trkpt><trkpt lat="45.929582422133535" lon="7.200677165295929"><ele>1765.1999816894531</ele></trkpt><trkpt lat="45.929495095741004" lon="7.200644030235708"><ele>1764.0999755859375</ele></trkpt><trkpt lat="45.92940956912935" lon="7.200610887259245"><ele>1763.0999755859375</ele></trkpt><trkpt lat="45.9293375457637" lon="7.200582841876894"><ele>1762.0</ele></trkpt><trkpt lat="45.92933242255822" lon="7.20071177277714"><ele>1760.2999877929688</ele></trkpt><trkpt lat="45.92932721693069" lon="7.200802030973136"><ele>1758.2999877929688</ele></trkpt><trkpt lat="45.929382304195315" lon="7.200903628021479"><ele>1756.3999938964844</ele></trkpt><trkpt lat="45.92943739704788" lon="7.201007803436369"><ele>1754.7999877929688</ele></trkpt><trkpt lat="45.9294924819842" lon="7.201108111999929"><ele>1753.5</ele></trkpt><trkpt lat="45.92954846890643" lon="7.201209705788642"><ele>1752.5999755859375</ele></trkpt><trkpt lat="45.9295981451869" lon="7.201304881833494"><ele>1751.8999938964844</ele></trkpt><trkpt lat="45.92967295367271" lon="7.201374167110771"><ele>1750.2999877929688</ele></trkpt><trkpt lat="45.92974956613034" lon="7.201446022372693"><ele>1747.2999877929688</ele></trkpt><trkpt lat="45.929823480546474" lon="7.201517889276147"><ele>1744.3999938964844</ele></trkpt><trkpt lat="45.929924429859966" lon="7.201612843200564"><ele>1742.8999938964844</ele></trkpt><trkpt lat="45.930004607886076" lon="7.201669214759022"><ele>1741.7999877929688</ele></trkpt><trkpt lat="45.93008568836376" lon="7.201726871542633"><ele>1740.0</ele></trkpt><trkpt lat="45.93016406707466" lon="7.201783251017332"><ele>1738.0</ele></trkpt><trkpt lat="45.93024514755234" lon="7.201840908266604"><ele>1736.2999877929688</ele></trkpt><trkpt lat="45.93030100269243" lon="7.201880627311766"><ele>1735.2999877929688</ele></trkpt><trkpt lat="45.93038744805381" lon="7.201922792475671"><ele>1734.8999938964844</ele></trkpt><trkpt lat="45.93047119677067" lon="7.2019662582315505"><ele>1734.2999877929688</ele></trkpt><trkpt lat="45.93055764166638" lon="7.202008423395455"><ele>1733.2999877929688</ele></trkpt><trkpt lat="45.93060717033222" lon="7.2020339905284345"><ele>1732.3999938964844</ele></trkpt><trkpt lat="45.93069713981822" lon="7.202041334472597"><ele>1731.5</ele></trkpt><trkpt lat="45.93078710604459" lon="7.202047389000654"><ele>1730.0999755859375</ele></trkpt><trkpt lat="45.93092206027359" lon="7.202058404684067"><ele>1728.0</ele></trkpt><trkpt lat="45.9310093796812" lon="7.202088964637369"><ele>1726.1999816894531</ele></trkpt><trkpt lat="45.931098501197994" lon="7.2021208056248724"><ele>1724.3999938964844</ele></trkpt><trkpt lat="45.93121012719348" lon="7.202160283457488"><ele>1722.3999938964844</ele></trkpt><trkpt lat="45.931298232171685" lon="7.202136696781963"><ele>1721.1999816894531</ele></trkpt><trkpt lat="45.9313872391358" lon="7.20211439486593"><ele>1720.7999877929688</ele></trkpt><trkpt lat="45.931475344114006" lon="7.202090808190405"><ele>1719.8999938964844</ele></trkpt><trkpt lat="45.93156255502254" lon="7.2020698031410575"><ele>1718.5999755859375</ele></trkpt><trkpt lat="45.93163914559409" lon="7.20213134912774"><ele>1717.3999938964844</ele></trkpt><trkpt lat="45.93171843793243" lon="7.202194172423333"><ele>1716.5</ele></trkpt><trkpt lat="45.93171843793243" lon="7.202194172423333"><ele>1716.5</ele></trkpt><trkpt lat="45.93171843793243" lon="7.202194172423333"><ele>1716.5</ele></trkpt><trkpt lat="45.93179862946272" lon="7.202256992459297"><ele>1716.0</ele></trkpt><trkpt lat="45.9318752232939" lon="7.202319828327745"><ele>1715.7999877929688</ele></trkpt><trkpt lat="45.93193018715829" lon="7.202363420743495"><ele>1715.5</ele></trkpt><trkpt lat="45.93201841972768" lon="7.202400423120707"><ele>1714.6999816894531</ele></trkpt><trkpt lat="45.93210215494037" lon="7.202437445521355"><ele>1713.5999755859375</ele></trkpt><trkpt lat="45.93218948831782" lon="7.202474452089518"><ele>1712.5</ele></trkpt><trkpt lat="45.93227502005175" lon="7.202510177623481"><ele>1711.5</ele></trkpt><trkpt lat="45.93236145377159" lon="7.202547188382596"><ele>1710.5</ele></trkpt><trkpt lat="45.93244698783383" lon="7.202584203332663"><ele>1709.8999938964844</ele></trkpt><trkpt lat="45.93253342201933" lon="7.202621214091778"><ele>1709.5999755859375</ele></trkpt><trkpt lat="45.93258744291961" lon="7.202644185163081"><ele>1710.0</ele></trkpt><trkpt lat="45.93266942258924" lon="7.202701842878014"><ele>1711.1999816894531</ele></trkpt><trkpt lat="45.932750495150685" lon="7.202755636535585"><ele>1712.1999816894531</ele></trkpt><trkpt lat="45.93283247202635" lon="7.202812005300075"><ele>1712.3999938964844</ele></trkpt><trkpt lat="45.93288652272895" lon="7.20284915715456"><ele>1712.0</ele></trkpt><trkpt lat="45.93295954214409" lon="7.20292361266911"><ele>1711.5</ele></trkpt><trkpt lat="45.93303346121684" lon="7.2029980649240315"><ele>1711.1999816894531</ele></trkpt><trkpt lat="45.933106483425945" lon="7.2030738103203475"><ele>1711.2999877929688</ele></trkpt><trkpt lat="45.93317950051278" lon="7.203146977815777"><ele>1712.0</ele></trkpt><trkpt lat="45.933263341430575" lon="7.20323427952826"><ele>1712.8999938964844</ele></trkpt><trkpt lat="45.93333994271234" lon="7.203300985973328"><ele>1713.1999816894531</ele></trkpt><trkpt lat="45.933417443186045" lon="7.203367688693106"><ele>1712.8999938964844</ele></trkpt><trkpt lat="45.93349404446781" lon="7.203434395138174"><ele>1712.7999877929688</ele></trkpt><trkpt lat="45.93357244459912" lon="7.203501094132662"><ele>1712.5999755859375</ele></trkpt><trkpt lat="45.93364814622328" lon="7.203567805234343"><ele>1711.6999816894531</ele></trkpt><trkpt lat="45.93372744275257" lon="7.203633211553097"><ele>1710.6999816894531</ele></trkpt><trkpt lat="45.93380224471912" lon="7.203699926845729"><ele>1710.7999877929688</ele></trkpt><trkpt lat="45.93388154450804" lon="7.203766623046249"><ele>1711.6999816894531</ele></trkpt><trkpt lat="45.93395634647459" lon="7.203833338804543"><ele>1712.6999816894531</ele></trkpt><trkpt lat="45.93403564579785" lon="7.203900035005063"><ele>1712.8999938964844</ele></trkpt><trkpt lat="45.9341104477644" lon="7.203966750763357"><ele>1712.0</ele></trkpt><trkpt lat="45.93418794777244" lon="7.20403345534578"><ele>1711.3999938964844</ele></trkpt><trkpt lat="45.93426544778049" lon="7.204100159928203"><ele>1710.7999877929688</ele></trkpt><trkpt lat="45.93434204859659" lon="7.204166868701577"><ele>1709.2999877929688</ele></trkpt><trkpt lat="45.93442045059055" lon="7.204234858509153"><ele>1707.5999755859375</ele></trkpt><trkpt lat="45.934479927644134" lon="7.204286170657724"><ele>1706.5</ele></trkpt><trkpt lat="45.93454757845029" lon="7.204374834895134"><ele>1705.1999816894531</ele></trkpt><trkpt lat="45.93462425703183" lon="7.204478931147605"><ele>1703.2999877929688</ele></trkpt><trkpt lat="45.93468203395605" lon="7.204577951692045"><ele>1701.0</ele></trkpt><trkpt lat="45.93473891168833" lon="7.204676975961775"><ele>1698.6999816894531</ele></trkpt><trkpt lat="45.934798487927765" lon="7.204775989521295"><ele>1697.0</ele></trkpt><trkpt lat="45.934854466468096" lon="7.204875018447638"><ele>1695.5999755859375</ele></trkpt><trkpt lat="45.93491134652868" lon="7.2049753330647945"><ele>1693.6999816894531</ele></trkpt><trkpt lat="45.9349691234529" lon="7.205074354540557"><ele>1691.0</ele></trkpt><trkpt lat="45.93502689991146" lon="7.20517337648198"><ele>1688.5999755859375</ele></trkpt><trkpt lat="45.935095506254584" lon="7.2052891119383276"><ele>1686.2999877929688</ele></trkpt><trkpt lat="45.93517746543512" lon="7.205337750725448"><ele>1684.0</ele></trkpt><trkpt lat="45.9352603238076" lon="7.20538638625294"><ele>1682.0</ele></trkpt><trkpt lat="45.935344082303345" lon="7.205435018055141"><ele>1680.5</ele></trkpt><trkpt lat="45.93542693834752" lon="7.205482364632189"><ele>1679.6999816894531</ele></trkpt><trkpt lat="45.935489983763546" lon="7.205519482493401"><ele>1679.2999877929688</ele></trkpt><trkpt lat="45.935578191652894" lon="7.205544889438897"><ele>1678.8999938964844</ele></trkpt><trkpt lat="45.935678992886096" lon="7.205570242833346"><ele>1678.5999755859375</ele></trkpt><trkpt lat="45.93576892185956" lon="7.205558255314827"><ele>1678.5</ele></trkpt><trkpt lat="45.93587863491848" lon="7.205543604213744"><ele>1678.0</ele></trkpt><trkpt lat="45.93596593244001" lon="7.205563858151436"><ele>1677.2999877929688</ele></trkpt><trkpt lat="45.93610362522304" lon="7.205594210885465"><ele>1676.7999877929688</ele></trkpt><trkpt lat="45.93618111126125" lon="7.205654473975301"><ele>1676.2999877929688</ele></trkpt><trkpt lat="45.93626129580662" lon="7.205714725423604"><ele>1675.6999816894531</ele></trkpt><trkpt lat="45.93634147755802" lon="7.205773688387126"><ele>1675.5</ele></trkpt><trkpt lat="45.93640815000981" lon="7.205824973527342"><ele>1675.5</ele></trkpt><trkpt lat="45.93649548524991" lon="7.205863277893513"><ele>1675.5</ele></trkpt><trkpt lat="45.936580119188875" lon="7.205900304485112"><ele>1675.7999877929688</ele></trkpt><trkpt lat="45.93666745442897" lon="7.205938609316945"><ele>1676.0</ele></trkpt><trkpt lat="45.93675208836794" lon="7.205975635908544"><ele>1676.0</ele></trkpt><trkpt lat="45.936839423142374" lon="7.206013940740377"><ele>1675.8999938964844</ele></trkpt><trkpt lat="45.93692405708134" lon="7.206050968263298"><ele>1675.8999938964844</ele></trkpt><trkpt lat="45.937020395416766" lon="7.206093102693558"><ele>1676.2999877929688</ele></trkpt><trkpt lat="45.9371023629792" lon="7.206145612988621"><ele>1676.6999816894531</ele></trkpt><trkpt lat="45.93720144266263" lon="7.206208364106715"><ele>1676.2999877929688</ele></trkpt><trkpt lat="45.9372904910706" lon="7.2062054057605565"><ele>1676.3999938964844</ele></trkpt><trkpt lat="45.93738043913618" lon="7.206202443689108"><ele>1677.3999938964844</ele></trkpt><trkpt lat="45.937470387201756" lon="7.206199481151998"><ele>1678.5999755859375</ele></trkpt><trkpt lat="45.93756033247337" lon="7.206195229664445"><ele>1679.6999816894531</ele></trkpt><trkpt lat="45.93762329732999" lon="7.206193672027439"><ele>1680.8999938964844</ele></trkpt><trkpt lat="45.937707053497434" lon="7.206241018138826"><ele>1682.5</ele></trkpt><trkpt lat="45.93779260572046" lon="7.206287067849189"><ele>1684.3999938964844</ele></trkpt><trkpt lat="45.937875462230295" lon="7.206334418151528"><ele>1686.0</ele></trkpt><trkpt lat="45.9379583154805" lon="7.206380479503423"><ele>1687.1999816894531</ele></trkpt><trkpt lat="45.93804207164794" lon="7.206427826080471"><ele>1688.2999877929688</ele></trkpt><trkpt lat="45.93812942551449" lon="7.206475157756358"><ele>1689.5999755859375</ele></trkpt><trkpt lat="45.93821852467954" lon="7.2064966964535415"><ele>1690.8999938964844</ele></trkpt><trkpt lat="45.938304925803095" lon="7.2065182463265955"><ele>1692.0</ele></trkpt><trkpt lat="45.93839402496815" lon="7.206539785023779"><ele>1692.8999938964844</ele></trkpt><trkpt lat="45.93848222726956" lon="7.206562616396695"><ele>1693.6999816894531</ele></trkpt><trkpt lat="45.93854342820123" lon="7.206577827688307"><ele>1694.5999755859375</ele></trkpt><trkpt lat="45.93863247940317" lon="7.206576159223914"><ele>1695.8999938964844</ele></trkpt><trkpt lat="45.938740423414856" lon="7.206575699616224"><ele>1697.5</ele></trkpt><trkpt lat="45.938838365953416" lon="7.2065237099304795"><ele>1699.0999755859375</ele></trkpt><trkpt lat="45.93892829818651" lon="7.2065130127593875"><ele>1700.3999938964844</ele></trkpt><trkpt lat="45.939054200891405" lon="7.206497004255652"><ele>1701.2999877929688</ele></trkpt><trkpt lat="45.93914047582075" lon="7.206457957625389"><ele>1702.0</ele></trkpt><trkpt lat="45.9392276504077" lon="7.206418906338513"><ele>1702.5</ele></trkpt><trkpt lat="45.939311226829886" lon="7.206379870418459"><ele>1702.6999816894531</ele></trkpt><trkpt lat="45.93939840095118" lon="7.206340819131583"><ele>1702.1999816894531</ele></trkpt><trkpt lat="45.93939840095118" lon="7.206340819131583"><ele>1702.1999816894531</ele></trkpt><trkpt lat="45.93939840095118" lon="7.206340819131583"><ele>1702.1999816894531</ele></trkpt><trkpt lat="45.93948467588052" lon="7.206301771569997"><ele>1701.1999816894531</ele></trkpt><trkpt lat="45.939568251837045" lon="7.206262735184282"><ele>1700.0999755859375</ele></trkpt><trkpt lat="45.93968328461051" lon="7.206210670992732"><ele>1699.0999755859375</ele></trkpt><trkpt lat="45.939773256424814" lon="7.206219312269241"><ele>1698.2999877929688</ele></trkpt><trkpt lat="45.93986233184114" lon="7.206229246687144"><ele>1697.7999877929688</ele></trkpt><trkpt lat="45.939952303655446" lon="7.206237888429314"><ele>1697.2999877929688</ele></trkpt><trkpt lat="45.94004227826372" lon="7.206247819121927"><ele>1697.0</ele></trkpt><trkpt lat="45.94013225007802" lon="7.206256460398436"><ele>1696.7999877929688</ele></trkpt><trkpt lat="45.94022132549435" lon="7.206266395282"><ele>1696.5</ele></trkpt><trkpt lat="45.940311297308654" lon="7.206275036558509"><ele>1695.6999816894531</ele></trkpt><trkpt lat="45.94040307076648" lon="7.206284959800541"><ele>1694.2999877929688</ele></trkpt><trkpt lat="45.940492081455886" lon="7.206263950560242"><ele>1693.0999755859375</ele></trkpt><trkpt lat="45.94058019248769" lon="7.206242945045233"><ele>1691.8999938964844</ele></trkpt><trkpt lat="45.94066920084879" lon="7.2062206459231675"><ele>1691.0</ele></trkpt><trkpt lat="45.940758211538196" lon="7.206199636682868"><ele>1690.6999816894531</ele></trkpt><trkpt lat="45.940846322569996" lon="7.2061786307021976"><ele>1689.3999938964844</ele></trkpt><trkpt lat="45.94095241650939" lon="7.206153680104762"><ele>1688.0</ele></trkpt><trkpt lat="45.94105030456558" lon="7.206075900234282"><ele>1687.2999877929688</ele></trkpt><trkpt lat="45.94114028196782" lon="7.206087120343"><ele>1685.0</ele></trkpt><trkpt lat="45.941257250029594" lon="7.206100803334266"><ele>1681.8999938964844</ele></trkpt><trkpt lat="45.94134626351297" lon="7.20608108304441"><ele>1681.6999816894531</ele></trkpt><trkpt lat="45.94143527466804" lon="7.206060073338449"><ele>1683.2999877929688</ele></trkpt><trkpt lat="45.94152338895947" lon="7.206040356308222"><ele>1684.0999755859375</ele></trkpt><trkpt lat="45.941612399648875" lon="7.2060193461366"><ele>1683.5</ele></trkpt><trkpt lat="45.94171759672463" lon="7.205995688214898"><ele>1681.7999877929688</ele></trkpt><trkpt lat="45.941797534003854" lon="7.205937324557453"><ele>1680.0999755859375</ele></trkpt><trkpt lat="45.9419133993797" lon="7.205853019375354"><ele>1679.0999755859375</ele></trkpt><trkpt lat="45.94200248224661" lon="7.20586682157591"><ele>1677.2999877929688</ele></trkpt><trkpt lat="45.94209246709943" lon="7.20588190946728"><ele>1673.8999938964844</ele></trkpt><trkpt lat="45.94218244962394" lon="7.205895707942545"><ele>1670.8999938964844</ele></trkpt><trkpt lat="45.94227243447676" lon="7.2059107958339155"><ele>1668.5999755859375</ele></trkpt><trkpt lat="45.9423813149333" lon="7.205928381532431"><ele>1666.0999755859375</ele></trkpt><trkpt lat="45.94247033353895" lon="7.2059112386778"><ele>1663.5</ele></trkpt><trkpt lat="45.9425593521446" lon="7.205894095823169"><ele>1660.8999938964844</ele></trkpt><trkpt lat="45.94264837028459" lon="7.205876952968538"><ele>1658.0999755859375</ele></trkpt><trkpt lat="45.94272300135344" lon="7.205862450413406"><ele>1655.0</ele></trkpt><trkpt lat="45.94280564272776" lon="7.205806652549654"><ele>1652.0</ele></trkpt><trkpt lat="45.94288648478687" lon="7.205750862136483"><ele>1649.5</ele></trkpt><trkpt lat="45.94296642486006" lon="7.205693786032498"><ele>1647.0999755859375</ele></trkpt><trkpt lat="45.943047266919166" lon="7.205637995619327"><ele>1645.0999755859375</ele></trkpt><trkpt lat="45.94315415807068" lon="7.205564041621983"><ele>1643.3999938964844</ele></trkpt><trkpt lat="45.943244121968746" lon="7.205568814184517"><ele>1641.2999877929688</ele></trkpt><trkpt lat="45.94337906735018" lon="7.2055759727954865"><ele>1637.6999816894531</ele></trkpt><trkpt lat="45.9434871179983" lon="7.205627086572349"><ele>1634.0999755859375</ele></trkpt><trkpt lat="45.94357706280425" lon="7.205622833222151"><ele>1632.1999816894531</ele></trkpt><trkpt lat="45.943667005281895" lon="7.205617290455848"><ele>1630.5999755859375</ele></trkpt><trkpt lat="45.94375694729388" lon="7.205611747689545"><ele>1628.0999755859375</ele></trkpt><trkpt lat="45.94384688930586" lon="7.205606204923242"><ele>1625.2999877929688</ele></trkpt><trkpt lat="45.943938630633056" lon="7.205600654240698"><ele>1623.0999755859375</ele></trkpt><trkpt lat="45.944028575439006" lon="7.205596401356161"><ele>1621.5999755859375</ele></trkpt><trkpt lat="45.94411851791665" lon="7.2055908581241965"><ele>1619.5999755859375</ele></trkpt><trkpt lat="45.94420845992863" lon="7.205585315357894"><ele>1617.0</ele></trkpt><trkpt lat="45.9442965653725" lon="7.205561728216708"><ele>1614.8999938964844</ele></trkpt><trkpt lat="45.94438557093963" lon="7.205538137350231"><ele>1613.5999755859375</ele></trkpt><trkpt lat="45.944471874739975" lon="7.2055132682435215"><ele>1612.5</ele></trkpt><trkpt lat="45.9445599806495" lon="7.2054896811023355"><ele>1611.1999816894531</ele></trkpt><trkpt lat="45.94469213904813" lon="7.205454300157726"><ele>1610.0</ele></trkpt><trkpt lat="45.94478209223598" lon="7.205453915055841"><ele>1608.6999816894531</ele></trkpt><trkpt lat="45.94492601742968" lon="7.205453298520297"><ele>1607.1999816894531</ele></trkpt><trkpt lat="45.945013204589486" lon="7.205420688726008"><ele>1605.6999816894531</ele></trkpt><trkpt lat="45.94510039174929" lon="7.205388078931719"><ele>1604.2999877929688</ele></trkpt><trkpt lat="45.945188478566706" lon="7.205355464946479"><ele>1603.0</ele></trkpt><trkpt lat="45.94527746504173" lon="7.205322847235948"><ele>1601.7999877929688</ele></trkpt><trkpt lat="45.945229118689895" lon="7.205432658083737"><ele>1600.5</ele></trkpt><trkpt lat="45.94516019010916" lon="7.205594135448337"><ele>1599.2999877929688</ele></trkpt><trkpt lat="45.94508115714416" lon="7.20565507793799"><ele>1598.0999755859375</ele></trkpt><trkpt lat="45.94500122126192" lon="7.205714734271169"><ele>1595.7999877929688</ele></trkpt><trkpt lat="45.94492218783125" lon="7.2057756758295"><ele>1592.7999877929688</ele></trkpt><trkpt lat="45.94481890229508" lon="7.20585348457098"><ele>1591.5</ele></trkpt><trkpt lat="45.94475341355428" lon="7.2059388677589595"><ele>1591.3999938964844</ele></trkpt><trkpt lat="45.944657415151596" lon="7.20606048591435"><ele>1590.5999755859375</ele></trkpt><trkpt lat="45.94471247680485" lon="7.206151801161468"><ele>1590.0999755859375</ele></trkpt><trkpt lat="45.94480248121545" lon="7.206175916828215"><ele>1590.7999877929688</ele></trkpt><trkpt lat="45.944891347549856" lon="7.206085275858641"><ele>1590.6999816894531</ele></trkpt><trkpt lat="45.94498138362542" lon="7.206124864518642"><ele>1590.0999755859375</ele></trkpt><trkpt lat="45.94504005461931" lon="7.206221322994679"><ele>1590.7999877929688</ele></trkpt><trkpt lat="45.945101423654705" lon="7.206317770760506"><ele>1592.8999938964844</ele></trkpt><trkpt lat="45.94515830092132" lon="7.206416816916317"><ele>1595.0999755859375</ele></trkpt><trkpt lat="45.94520704448223" lon="7.206497845239937"><ele>1596.7999877929688</ele></trkpt><trkpt lat="45.94529259670526" lon="7.206543901003897"><ele>1597.6999816894531</ele></trkpt><trkpt lat="45.94537545833737" lon="7.206593837123364"><ele>1598.0999755859375</ele></trkpt><trkpt lat="45.945457411929965" lon="7.206639908719808"><ele>1598.6999816894531</ele></trkpt><trkpt lat="45.94554117321968" lon="7.206689841579646"><ele>1600.0999755859375</ele></trkpt><trkpt lat="45.94563033152372" lon="7.2067397511564195"><ele>1602.0</ele></trkpt><trkpt lat="45.94572025863454" lon="7.2067264737561345"><ele>1603.5999755859375</ele></trkpt><trkpt lat="45.94580928841606" lon="7.206714489962906"><ele>1604.5999755859375</ele></trkpt><trkpt lat="45.94589921552688" lon="7.206701212096959"><ele>1605.3999938964844</ele></trkpt><trkpt lat="45.94598824251443" lon="7.206687938421965"><ele>1606.6999816894531</ele></trkpt><trkpt lat="45.94607816962525" lon="7.20667466102168"><ele>1608.2999877929688</ele></trkpt><trkpt lat="45.946167199872434" lon="7.2066626767627895"><ele>1609.3999938964844</ele></trkpt><trkpt lat="45.946167199872434" lon="7.2066626767627895"><ele>1609.3999938964844</ele></trkpt><trkpt lat="45.946167199872434" lon="7.2066626767627895"><ele>1609.3999938964844</ele></trkpt><trkpt lat="45.946257126517594" lon="7.206649398896843"><ele>1610.3999938964844</ele></trkpt><trkpt lat="45.94636953622103" lon="7.206633446738124"><ele>1611.5</ele></trkpt><trkpt lat="45.94645492825657" lon="7.206602135207504"><ele>1612.5</ele></trkpt><trkpt lat="45.946542121469975" lon="7.206572105642408"><ele>1612.8999938964844</ele></trkpt><trkpt lat="45.94663021154702" lon="7.206540782470256"><ele>1612.8999938964844</ele></trkpt><trkpt lat="45.94671740476042" lon="7.206510752439499"><ele>1613.3999938964844</ele></trkpt><trkpt lat="45.946805495303124" lon="7.206479429267347"><ele>1615.0</ele></trkpt><trkpt lat="45.94689358584583" lon="7.206448106095195"><ele>1616.8999938964844</ele></trkpt><trkpt lat="45.94699695985764" lon="7.206412849016488"><ele>1617.3999938964844</ele></trkpt><trkpt lat="45.94708690792322" lon="7.206409886479378"><ele>1617.5</ele></trkpt><trkpt lat="45.94717865018174" lon="7.206404337659478"><ele>1618.5</ele></trkpt><trkpt lat="45.94726859824732" lon="7.206401375122368"><ele>1619.3999938964844</ele></trkpt><trkpt lat="45.94735854351893" lon="7.206397123169154"><ele>1619.5</ele></trkpt><trkpt lat="45.94744763476774" lon="7.206414796411991"><ele>1619.5999755859375</ele></trkpt><trkpt lat="45.947534929960966" lon="7.206433766987175"><ele>1619.3999938964844</ele></trkpt><trkpt lat="45.947624021209776" lon="7.206451440230012"><ele>1618.7999877929688</ele></trkpt><trkpt lat="45.94771311478689" lon="7.206470403354615"><ele>1618.5</ele></trkpt><trkpt lat="45.9478022060357" lon="7.206488076597452"><ele>1617.8999938964844</ele></trkpt><trkpt lat="45.94789130007848" lon="7.206507039722055"><ele>1616.7999877929688</ele></trkpt><trkpt lat="45.94798039132729" lon="7.206524712964892"><ele>1617.0</ele></trkpt><trkpt lat="45.94809648254886" lon="7.2065487201325595"><ele>1620.5999755859375</ele></trkpt><trkpt lat="45.9482028959319" lon="7.206677220296115"><ele>1625.7999877929688</ele></trkpt><trkpt lat="45.94828307535499" lon="7.20673490781337"><ele>1628.5999755859375</ele></trkpt><trkpt lat="45.94838307052851" lon="7.206805406603962"><ele>1629.5</ele></trkpt><trkpt lat="45.94838336436078" lon="7.206947254482657"><ele>1630.5</ele></trkpt><trkpt lat="45.94833140540868" lon="7.207050637807697"><ele>1631.6999816894531</ele></trkpt><trkpt lat="45.948248968459666" lon="7.207205732353032"><ele>1633.5</ele></trkpt><trkpt lat="45.9482312714681" lon="7.207347656134516"><ele>1635.1999816894531</ele></trkpt><trkpt lat="45.94825941044837" lon="7.207470042165369"><ele>1636.7999877929688</ele></trkpt><trkpt lat="45.94828844862059" lon="7.207592424936593"><ele>1638.2999877929688</ele></trkpt><trkpt lat="45.94832204980776" lon="7.207747025415301"><ele>1634.1999816894531</ele></trkpt><trkpt lat="45.94840847607702" lon="7.207781475968659"><ele>1629.0</ele></trkpt><trkpt lat="45.94849760271609" lon="7.207815915811807"><ele>1633.0</ele></trkpt><trkpt lat="45.94861014094204" lon="7.207861863076687"><ele>1636.8999938964844</ele></trkpt><trkpt lat="45.948689432349056" lon="7.207926003728062"><ele>1636.0</ele></trkpt><trkpt lat="45.94876602804288" lon="7.207991445902735"><ele>1634.5</ele></trkpt><trkpt lat="45.94884442258626" lon="7.2080568806268275"><ele>1632.8999938964844</ele></trkpt><trkpt lat="45.94892101595178" lon="7.208121033385396"><ele>1632.0999755859375</ele></trkpt><trkpt lat="45.948999408166856" lon="7.208185179159045"><ele>1632.0999755859375</ele></trkpt><trkpt lat="45.94908951828256" lon="7.2082608812488616"><ele>1632.0</ele></trkpt><trkpt lat="45.94917946867645" lon="7.208259210921824"><ele>1631.1999816894531</ele></trkpt><trkpt lat="45.94932249421254" lon="7.208258606027812"><ele>1630.0999755859375</ele></trkpt><trkpt lat="45.949406060855836" lon="7.208214407321066"><ele>1629.1999816894531</ele></trkpt><trkpt lat="45.94949142867699" lon="7.2081714905798435"><ele>1628.2999877929688</ele></trkpt><trkpt lat="45.949575894512236" lon="7.208127287682146"><ele>1627.2999877929688</ele></trkpt><trkpt lat="45.949660362675786" lon="7.208084374666214"><ele>1626.6999816894531</ele></trkpt><trkpt lat="45.949746627826244" lon="7.208040164317936"><ele>1626.0</ele></trkpt><trkpt lat="45.949853563215584" lon="7.20798683911562"><ele>1625.0999755859375</ele></trkpt><trkpt lat="45.94994258508086" lon="7.207970987074077"><ele>1624.2999877929688</ele></trkpt><trkpt lat="45.950032508932054" lon="7.207956420723349"><ele>1623.7999877929688</ele></trkpt><trkpt lat="45.9501215335913" lon="7.207941858097911"><ele>1623.1999816894531</ele></trkpt><trkpt lat="45.95021145744249" lon="7.207927291747183"><ele>1622.5999755859375</ele></trkpt><trkpt lat="45.95030048210174" lon="7.207912729121745"><ele>1622.0</ele></trkpt><trkpt lat="45.950389506760985" lon="7.207898166496307"><ele>1621.5</ele></trkpt><trkpt lat="45.95047943107784" lon="7.207883600145578"><ele>1621.0999755859375</ele></trkpt><trkpt lat="45.95056845527142" lon="7.20786903752014"><ele>1620.6999816894531</ele></trkpt><trkpt lat="45.95065747993067" lon="7.207854474894702"><ele>1620.5</ele></trkpt><trkpt lat="45.95074200676754" lon="7.207839931361377"><ele>1620.3999938964844</ele></trkpt><trkpt lat="45.95083109289408" lon="7.207855028565973"><ele>1620.5</ele></trkpt><trkpt lat="45.95092018134892" lon="7.207871416117996"><ele>1620.7999877929688</ele></trkpt><trkpt lat="45.95101016946137" lon="7.207887799479067"><ele>1621.0999755859375</ele></trkpt><trkpt lat="45.951099255122244" lon="7.207902897149324"><ele>1621.2999877929688</ele></trkpt><trkpt lat="45.95117394300178" lon="7.207915476989001"><ele>1621.3999938964844</ele></trkpt><trkpt lat="45.951262957416475" lon="7.207895755767822"><ele>1621.3999938964844</ele></trkpt><trkpt lat="45.95135197136551" lon="7.2078760345466435"><ele>1621.0999755859375</ele></trkpt><trkpt lat="45.95144098531455" lon="7.207856313325465"><ele>1620.7999877929688</ele></trkpt><trkpt lat="45.951534499414265" lon="7.207837862428278"><ele>1620.5999755859375</ele></trkpt><trkpt lat="45.95162349753082" lon="7.207810403313488"><ele>1620.0999755859375</ele></trkpt><trkpt lat="45.951682661660016" lon="7.207710852380842"><ele>1619.1999816894531</ele></trkpt><trkpt lat="45.951757948379964" lon="7.207577702589333"><ele>1618.1999816894531</ele></trkpt><trkpt lat="45.95184695953503" lon="7.207556691020727"><ele>1618.0</ele></trkpt><trkpt lat="45.95192158361897" lon="7.207538320217282"><ele>1618.0999755859375</ele></trkpt><trkpt lat="45.952011404093355" lon="7.207473457790911"><ele>1618.0</ele></trkpt><trkpt lat="45.95208347309381" lon="7.207524736877531"><ele>1618.2999877929688</ele></trkpt><trkpt lat="45.951993519905955" lon="7.207525118719786"><ele>1618.3999938964844</ele></trkpt><trkpt lat="45.95185858942568" lon="7.2075256910175085"><ele>1618.0</ele></trkpt><trkpt lat="45.951757948379964" lon="7.207577702589333"><ele>1618.1999816894531</ele></trkpt><trkpt lat="45.95172041002661" lon="7.207695216871798"><ele>1619.1999816894531</ele></trkpt><trkpt lat="45.95168196968734" lon="7.2078114449977875"><ele>1620.3999938964844</ele></trkpt><trkpt lat="45.9516346110031" lon="7.207965109497309"><ele>1620.8999938964844</ele></trkpt><trkpt lat="45.95163313066587" lon="7.208119869232178"><ele>1621.3999938964844</ele></trkpt><trkpt lat="45.951687342021614" lon="7.208235704805702"><ele>1622.0999755859375</ele></trkpt><trkpt lat="45.95177642768249" lon="7.208250803407282"><ele>1622.5</ele></trkpt><trkpt lat="45.9518664078787" lon="7.208263318520039"><ele>1622.5999755859375</ele></trkpt><trkpt lat="45.951955490745604" lon="7.208277127705514"><ele>1622.3999938964844</ele></trkpt><trkpt lat="45.95204547094181" lon="7.208289643283933"><ele>1622.3999938964844</ele></trkpt><trkpt lat="45.952135453466326" lon="7.208303448744118"><ele>1622.8999938964844</ele></trkpt><trkpt lat="45.95226323278621" lon="7.208324831910431"><ele>1623.5999755859375</ele></trkpt><trkpt lat="45.95234787929803" lon="7.208368321415037"><ele>1623.8999938964844</ele></trkpt><trkpt lat="45.95234787929803" lon="7.208368321415037"><ele>1623.8999938964844</ele></trkpt><trkpt lat="45.95234787929803" lon="7.208368321415037"><ele>1623.8999938964844</ele></trkpt><trkpt lat="45.95243342779577" lon="7.208413096610457"><ele>1624.1999816894531</ele></trkpt><trkpt lat="45.952516277786344" lon="7.208457883447409"><ele>1624.3999938964844</ele></trkpt><trkpt lat="45.952578412368894" lon="7.208489861804992"><ele>1624.6999816894531</ele></trkpt><trkpt lat="45.95266127306968" lon="7.208539807237685"><ele>1625.0</ele></trkpt><trkpt lat="45.95279546547681" lon="7.208617908414453"><ele>1625.5999755859375</ele></trkpt><trkpt lat="45.95287205837667" lon="7.208682066760957"><ele>1626.0</ele></trkpt><trkpt lat="45.95295045012608" lon="7.208746217656881"><ele>1626.2999877929688</ele></trkpt><trkpt lat="45.953027945477515" lon="7.208811662625521"><ele>1626.5999755859375</ele></trkpt><trkpt lat="45.95310633722693" lon="7.208875813987106"><ele>1626.6999816894531</ele></trkpt><trkpt lat="45.953185628633946" lon="7.2089399616234004"><ele>1626.6999816894531</ele></trkpt><trkpt lat="45.953262221533805" lon="7.209004120901227"><ele>1626.6999816894531</ele></trkpt><trkpt lat="45.9533415180631" lon="7.209070848766714"><ele>1626.6999816894531</ele></trkpt><trkpt lat="45.95346135972068" lon="7.2091696467250586"><ele>1626.7999877929688</ele></trkpt><trkpt lat="45.95354422274977" lon="7.209220883902162"><ele>1626.8999938964844</ele></trkpt><trkpt lat="45.953627082984895" lon="7.2092708311975"><ele>1626.7999877929688</ele></trkpt><trkpt lat="45.95370994042605" lon="7.209319489542395"><ele>1626.7999877929688</ele></trkpt><trkpt lat="45.95379549684003" lon="7.209368136245757"><ele>1626.6999816894531</ele></trkpt><trkpt lat="45.95387745741755" lon="7.209418087732047"><ele>1626.2999877929688</ele></trkpt><trkpt lat="45.953959417995065" lon="7.209468039683998"><ele>1625.7999877929688</ele></trkpt><trkpt lat="45.95404227776453" lon="7.209517987910658"><ele>1625.1999816894531</ele></trkpt><trkpt lat="45.954125137999654" lon="7.20956793660298"><ele>1624.7999877929688</ele></trkpt><trkpt lat="45.954208897892386" lon="7.20961788110435"><ele>1624.8999938964844</ele></trkpt><trkpt lat="45.95428191544488" lon="7.209693664684892"><ele>1624.7999877929688</ele></trkpt><trkpt lat="45.954371156636626" lon="7.209784856531769"><ele>1624.3999938964844</ele></trkpt><trkpt lat="45.95445401920006" lon="7.209836095105857"><ele>1623.5999755859375</ele></trkpt><trkpt lat="45.95453598489985" lon="7.209888627287"><ele>1622.5999755859375</ele></trkpt><trkpt lat="45.95459632994607" lon="7.209925774484873"><ele>1621.3999938964844</ele></trkpt><trkpt lat="45.954685444012284" lon="7.209955062717199"><ele>1620.3999938964844</ele></trkpt><trkpt lat="45.95477365888655" lon="7.209984355140477"><ele>1619.6999816894531</ele></trkpt><trkpt lat="45.95485917292535" lon="7.210012368857861"><ele>1619.5</ele></trkpt><trkpt lat="45.95494648814201" lon="7.210041665006429"><ele>1619.2999877929688</ele></trkpt><trkpt lat="45.955036502331495" lon="7.2100709499791265"><ele>1619.0</ele></trkpt><trkpt lat="45.9551220186986" lon="7.210100254043937"><ele>1618.5</ele></trkpt><trkpt lat="45.9552102307789" lon="7.21012825705111"><ele>1618.5999755859375</ele></trkpt><trkpt lat="45.95528944535181" lon="7.2101550083607435"><ele>1618.8999938964844</ele></trkpt><trkpt lat="45.95537943020463" lon="7.210170106962323"><ele>1618.8999938964844</ele></trkpt><trkpt lat="45.95546941552311" lon="7.210185206029564"><ele>1618.8999938964844</ele></trkpt><trkpt lat="45.95555940596387" lon="7.2102028843946755"><ele>1618.7999877929688</ele></trkpt><trkpt lat="45.955648488830775" lon="7.210216697305441"><ele>1618.3999938964844</ele></trkpt><trkpt lat="45.95573757402599" lon="7.210231800097972"><ele>1617.7999877929688</ele></trkpt><trkpt lat="45.95587435318157" lon="7.210255730897188"><ele>1617.1999816894531</ele></trkpt><trkpt lat="45.955964306835085" lon="7.210255353245884"><ele>1616.7999877929688</ele></trkpt><trkpt lat="45.95605426002294" lon="7.2102549760602415"><ele>1616.5</ele></trkpt><trkpt lat="45.95614421367645" lon="7.210254598874599"><ele>1616.6999816894531</ele></trkpt><trkpt lat="45.95621617650613" lon="7.210254297126085"><ele>1617.1999816894531</ele></trkpt><trkpt lat="45.956305203959346" lon="7.210241026245058"><ele>1617.0</ele></trkpt><trkpt lat="45.95639512874186" lon="7.210226462222636"><ele>1616.3999938964844</ele></trkpt><trkpt lat="45.956484156195074" lon="7.21021319180727"><ele>1616.3999938964844</ele></trkpt><trkpt lat="45.956574083305895" lon="7.210199917200953"><ele>1616.7999877929688</ele></trkpt><trkpt lat="45.95666311122477" lon="7.210186646319926"><ele>1616.7999877929688</ele></trkpt><trkpt lat="45.95673954766244" lon="7.21017471794039"><ele>1616.3999938964844</ele></trkpt><trkpt lat="45.95682863611728" lon="7.210191110614687"><ele>1616.0999755859375</ele></trkpt><trkpt lat="45.956915927585214" lon="7.210208800621331"><ele>1616.0999755859375</ele></trkpt><trkpt lat="45.95700501324609" lon="7.210223903879523"><ele>1616.5</ele></trkpt><trkpt lat="45.95709500135854" lon="7.210240293294191"><ele>1617.0999755859375</ele></trkpt><trkpt lat="45.957153492141515" lon="7.210250366013497"><ele>1617.6999816894531</ele></trkpt><trkpt lat="45.957243422046304" lon="7.210238381288946"><ele>1618.0999755859375</ele></trkpt><trkpt lat="45.957332452293485" lon="7.210226399824023"><ele>1618.5</ele></trkpt><trkpt lat="45.95742148300633" lon="7.210214418824762"><ele>1619.1999816894531</ele></trkpt><trkpt lat="45.95751141291112" lon="7.210202434100211"><ele>1620.2999877929688</ele></trkpt><trkpt lat="45.95760044362396" lon="7.2101904531009495"><ele>1621.6999816894531</ele></trkpt><trkpt lat="45.95768947387114" lon="7.210178472101688"><ele>1623.0</ele></trkpt><trkpt lat="45.95777940424159" lon="7.210166486911476"><ele>1624.0999755859375</ele></trkpt><trkpt lat="45.95786843728274" lon="7.210155795328319"><ele>1625.0</ele></trkpt><trkpt lat="45.9579520705156" lon="7.2101438366808"><ele>1625.7999877929688</ele></trkpt><trkpt lat="45.95803744206205" lon="7.210102206561714"><ele>1626.5999755859375</ele></trkpt><trkpt lat="45.95812461571768" lon="7.210061857942492"><ele>1627.3999938964844</ele></trkpt><trkpt lat="45.958208188414574" lon="7.210020234808326"><ele>1628.2999877929688</ele></trkpt><trkpt lat="45.95830344688147" lon="7.209974693134427"><ele>1629.1999816894531</ele></trkpt><trkpt lat="45.95839249063283" lon="7.209969160147011"><ele>1629.8999938964844</ele></trkpt><trkpt lat="45.95851840963587" lon="7.209960892796516"><ele>1630.0999755859375</ele></trkpt><trkpt lat="45.958584257401526" lon="7.210049610584974"><ele>1630.0999755859375</ele></trkpt><trkpt lat="45.958673551212996" lon="7.210166605655104"><ele>1630.0</ele></trkpt><trkpt lat="45.9587133647874" lon="7.210281228646636"><ele>1630.5999755859375</ele></trkpt><trkpt lat="45.95877125347033" lon="7.2104370491579175"><ele>1631.5999755859375</ele></trkpt><trkpt lat="45.95879849232733" lon="7.210560753941536"><ele>1632.3999938964844</ele></trkpt><trkpt lat="45.95882303174585" lon="7.210684469901025"><ele>1632.8999938964844</ele></trkpt><trkpt lat="45.95884392596781" lon="7.210784985218197"><ele>1633.1999816894531</ele></trkpt><trkpt lat="45.95883339177817" lon="7.210912717971951"><ele>1633.7999877929688</ele></trkpt><trkpt lat="45.95881846966222" lon="7.211094639264047"><ele>1634.7999877929688</ele></trkpt><trkpt lat="45.95886463439092" lon="7.211236322298646"><ele>1635.8999938964844</ele></trkpt><trkpt lat="45.958952946122736" lon="7.2113133408129215"><ele>1637.0999755859375</ele></trkpt><trkpt lat="45.95904026692733" lon="7.211345220915973"><ele>1637.8999938964844</ele></trkpt><trkpt lat="45.95912848692387" lon="7.2113770972937346"><ele>1638.0999755859375</ele></trkpt><trkpt lat="45.9592149076052" lon="7.211408981587738"><ele>1638.5999755859375</ele></trkpt><trkpt lat="45.95930132875219" lon="7.211440865881741"><ele>1640.2999877929688</ele></trkpt><trkpt lat="45.959390448872" lon="7.211472738999873"><ele>1642.0</ele></trkpt><trkpt lat="45.95947597036138" lon="7.211504627019167"><ele>1643.0999755859375</ele></trkpt><trkpt lat="45.959563293494284" lon="7.211537797935307"><ele>1644.1999816894531</ele></trkpt><trkpt lat="45.95965240802616" lon="7.211567091755569"><ele>1645.5999755859375</ele></trkpt><trkpt lat="45.95973792951554" lon="7.211598980240524"><ele>1647.7999877929688</ele></trkpt><trkpt lat="45.95986216003075" lon="7.211644895374775"><ele>1650.0</ele></trkpt><trkpt lat="45.95986216003075" lon="7.211644895374775"><ele>1650.0</ele></trkpt><trkpt lat="45.95986216003075" lon="7.211644895374775"><ele>1650.0</ele></trkpt><trkpt lat="45.95995213743299" lon="7.21165612898767"><ele>1651.0</ele></trkpt><trkpt lat="45.96004121750593" lon="7.21166865574196"><ele>1652.0999755859375</ele></trkpt><trkpt lat="45.96013119490817" lon="7.211679889354855"><ele>1653.7999877929688</ele></trkpt><trkpt lat="45.960220272652805" lon="7.211691126227379"><ele>1655.1999816894531</ele></trkpt><trkpt lat="45.960310250055045" lon="7.211702359840274"><ele>1655.7999877929688</ele></trkpt><trkpt lat="45.960399330127984" lon="7.211714886594564"><ele>1655.3999938964844</ele></trkpt><trkpt lat="45.96053699590266" lon="7.211732370313257"><ele>1655.8999938964844</ele></trkpt><trkpt lat="45.960626925807446" lon="7.211720387451351"><ele>1656.7999877929688</ele></trkpt><trkpt lat="45.96071595931426" lon="7.211709697730839"><ele>1657.7999877929688</ele></trkpt><trkpt lat="45.960853554308414" lon="7.211692356970161"><ele>1659.5</ele></trkpt><trkpt lat="45.96094350842759" lon="7.211691982112825"><ele>1660.6999816894531</ele></trkpt><trkpt lat="45.961033462081105" lon="7.211691607255489"><ele>1661.0999755859375</ele></trkpt><trkpt lat="45.96112341573462" lon="7.211691232398152"><ele>1662.0</ele></trkpt><trkpt lat="45.96126644220203" lon="7.211690636351705"><ele>1663.7999877929688</ele></trkpt><trkpt lat="45.96135466499254" lon="7.211723804939538"><ele>1666.6999816894531</ele></trkpt><trkpt lat="45.96147349337116" lon="7.211767164524645"><ele>1669.0</ele></trkpt><trkpt lat="45.96157146431506" lon="7.211728061083704"><ele>1669.5</ele></trkpt><trkpt lat="45.96165432641283" lon="7.21177930990234"><ele>1670.2999877929688</ele></trkpt><trkpt lat="45.96173629164696" lon="7.211831852328032"><ele>1672.1999816894531</ele></trkpt><trkpt lat="45.96181915095076" lon="7.211881811730564"><ele>1673.7999877929688</ele></trkpt><trkpt lat="45.96190201025456" lon="7.211931770667434"><ele>1674.5</ele></trkpt><trkpt lat="45.961986671201885" lon="7.21198301250115"><ele>1674.6999816894531</ele></trkpt><trkpt lat="45.96205061906949" lon="7.212022732011974"><ele>1675.1999816894531</ele></trkpt><trkpt lat="45.962140588555485" lon="7.212030096910894"><ele>1676.2999877929688</ele></trkpt><trkpt lat="45.96223055571318" lon="7.212036171928048"><ele>1677.7999877929688</ele></trkpt><trkpt lat="45.96232052799314" lon="7.212044826708734"><ele>1680.5999755859375</ele></trkpt><trkpt lat="45.96240959595889" lon="7.21205090591684"><ele>1684.2999877929688</ele></trkpt><trkpt lat="45.96249956544489" lon="7.212058271281421"><ele>1686.5999755859375</ele></trkpt><trkpt lat="45.96258953260258" lon="7.212064346298575"><ele>1688.3999938964844</ele></trkpt><trkpt lat="45.962680401746184" lon="7.2120717079378664"><ele>1691.6999816894531</ele></trkpt><trkpt lat="45.96276949066669" lon="7.212088105734438"><ele>1695.0</ele></trkpt><trkpt lat="45.96285858144984" lon="7.212105793878436"><ele>1697.3999938964844</ele></trkpt><trkpt lat="45.96294766990468" lon="7.212122191675007"><ele>1698.5</ele></trkpt><trkpt lat="45.963034961372614" lon="7.212139886803925"><ele>1698.6999816894531</ele></trkpt><trkpt lat="45.9631249490194" lon="7.212156280875206"><ele>1699.5</ele></trkpt><trkpt lat="45.96321403700858" lon="7.2121726791374385"><ele>1700.8999938964844</ele></trkpt><trkpt lat="45.96328242821619" lon="7.212185293901712"><ele>1702.5</ele></trkpt><trkpt lat="45.963381458539516" lon="7.212224868591875"><ele>1703.7999877929688</ele></trkpt><trkpt lat="45.96345447469503" lon="7.2123006684705615"><ele>1704.7999877929688</ele></trkpt><trkpt lat="45.96352659445256" lon="7.212377761956304"><ele>1705.6999816894531</ele></trkpt><trkpt lat="45.963632974307984" lon="7.212493410333991"><ele>1706.0999755859375</ele></trkpt><trkpt lat="45.96372303226963" lon="7.212544632144272"><ele>1706.5</ele></trkpt><trkpt lat="45.963812115136534" lon="7.212558451574296"><ele>1707.7999877929688</ele></trkpt><trkpt lat="45.96390210278332" lon="7.212574846576899"><ele>1709.8999938964844</ele></trkpt><trkpt lat="45.96403797483072" lon="7.212594921234995"><ele>1712.0</ele></trkpt><trkpt lat="45.964116365183145" lon="7.212659091223031"><ele>1713.5</ele></trkpt><trkpt lat="45.96422719024122" lon="7.2127489247359335"><ele>1714.3999938964844</ele></trkpt><trkpt lat="45.9643171466887" lon="7.212749841623008"><ele>1714.8999938964844</ele></trkpt><trkpt lat="45.964407097548246" lon="7.212748178746551"><ele>1715.3999938964844</ele></trkpt><trkpt lat="45.964551026467234" lon="7.2127488711848855"><ele>1716.3999938964844</ele></trkpt><trkpt lat="45.96465013176203" lon="7.212825855240226"><ele>1717.6999816894531</ele></trkpt><trkpt lat="45.96475807344541" lon="7.212824117857963"><ele>1719.0999755859375</ele></trkpt><trkpt lat="45.96484362380579" lon="7.212870200630277"><ele>1721.3999938964844</ele></trkpt><trkpt lat="45.96494718780741" lon="7.21292781829834"><ele>1724.6999816894531</ele></trkpt><trkpt lat="45.96501751895994" lon="7.213010082487017"><ele>1728.0</ele></trkpt><trkpt lat="45.965084253810346" lon="7.213093651458621"><ele>1730.3999938964844</ele></trkpt><trkpt lat="45.96515458682552" lon="7.213177205529064"><ele>1732.5999755859375</ele></trkpt><trkpt lat="45.96525558223948" lon="7.213299331255257"><ele>1735.1999816894531</ele></trkpt><trkpt lat="45.96514769271016" lon="7.213326866738498"><ele>1737.5999755859375</ele></trkpt><trkpt lat="45.965059489477426" lon="7.213302723597735"><ele>1739.5999755859375</ele></trkpt><trkpt lat="45.964949689339846" lon="7.2132747997529805"><ele>1741.5</ele></trkpt><trkpt lat="45.964863412082195" lon="7.213313854765147"><ele>1743.7999877929688</ele></trkpt><trkpt lat="45.964750174898654" lon="7.213365920819342"><ele>1745.8999938964844</ele></trkpt><trkpt lat="45.96466114977375" lon="7.213380478322506"><ele>1747.7999877929688</ele></trkpt><trkpt lat="45.96457122499123" lon="7.213395040016621"><ele>1750.3999938964844</ele></trkpt><trkpt lat="45.96448220266029" lon="7.213410887401551"><ele>1753.5</ele></trkpt><trkpt lat="45.96442644763738" lon="7.213418858125806"><ele>1756.0999755859375</ele></trkpt><trkpt lat="45.96450041746721" lon="7.213521745521575"><ele>1758.6999816894531</ele></trkpt><trkpt lat="45.96458415267989" lon="7.213560096919537"><ele>1760.0999755859375</ele></trkpt><trkpt lat="45.96467148559168" lon="7.213598433416337"><ele>1760.5</ele></trkpt><trkpt lat="45.96475611999631" lon="7.213636781554669"><ele>1761.7999877929688</ele></trkpt><trkpt lat="45.9648155416362" lon="7.21366233471781"><ele>1764.0</ele></trkpt><trkpt lat="45.96488768607378" lon="7.213752331212163"><ele>1765.3999938964844</ele></trkpt><trkpt lat="45.964882547967136" lon="7.213881344534457"><ele>1766.2999877929688</ele></trkpt><trkpt lat="45.96487740986049" lon="7.214010358322412"><ele>1768.0</ele></trkpt><trkpt lat="45.9648705762811" lon="7.214190976228565"><ele>1770.2999877929688</ele></trkpt><trkpt lat="45.96493195230141" lon="7.214293917175382"><ele>1772.3999938964844</ele></trkpt><trkpt lat="45.9650201536715" lon="7.214316772762686"><ele>1774.0</ele></trkpt><trkpt lat="45.96507595619187" lon="7.2143320217728615"><ele>1775.1999816894531</ele></trkpt><trkpt lat="45.96516769845039" lon="7.214326484594494"><ele>1776.1999816894531</ele></trkpt><trkpt lat="45.96528462274" lon="7.214318263344467"><ele>1777.2999877929688</ele></trkpt><trkpt lat="45.96538192825392" lon="7.214395258575678"><ele>1779.5999755859375</ele></trkpt><trkpt lat="45.96538668498397" lon="7.2145242327824235"><ele>1782.5</ele></trkpt><trkpt lat="45.96538694342598" lon="7.214653225615621"><ele>1784.0999755859375</ele></trkpt><trkpt lat="45.96539169922471" lon="7.214782199356705"><ele>1785.0</ele></trkpt><trkpt lat="45.96539193158969" lon="7.214898292906582"><ele>1786.3999938964844</ele></trkpt><trkpt lat="45.96544790407643" lon="7.214998677838594"><ele>1788.0999755859375</ele></trkpt><trkpt lat="45.9655273524113" lon="7.215142825152725"><ele>1790.3999938964844</ele></trkpt><trkpt lat="45.96558137610555" lon="7.215168402064592"><ele>1792.3999938964844</ele></trkpt><trkpt lat="45.96558137610555" lon="7.215168402064592"><ele>1792.3999938964844</ele></trkpt><trkpt lat="45.96558137610555" lon="7.215168402064592"><ele>1792.3999938964844</ele></trkpt><trkpt lat="45.96562627889216" lon="7.21513081016019"><ele>1794.7999877929688</ele></trkpt><trkpt lat="45.96565295662731" lon="7.214975907932967"><ele>1797.8999938964844</ele></trkpt><trkpt lat="45.965762465726584" lon="7.214858073741198"><ele>1800.1999816894531</ele></trkpt><trkpt lat="45.965869459323585" lon="7.214831835124642"><ele>1802.0</ele></trkpt><trkpt lat="45.96595499012619" lon="7.214868892449886"><ele>1803.7999877929688</ele></trkpt><trkpt lat="45.966041415929794" lon="7.214903365820646"><ele>1805.6999816894531</ele></trkpt><trkpt lat="45.966129642911255" lon="7.2149391220882535"><ele>1807.3999938964844</ele></trkpt><trkpt lat="45.96621427172795" lon="7.214974893257022"><ele>1808.7999877929688</ele></trkpt><trkpt lat="45.96630249870941" lon="7.21501064999029"><ele>1810.0999755859375</ele></trkpt><trkpt lat="45.966365518048406" lon="7.215036190580577"><ele>1812.0999755859375</ele></trkpt><trkpt lat="45.96645549777895" lon="7.2150487205944955"><ele>1814.5</ele></trkpt><trkpt lat="45.966544575523585" lon="7.2150599649176"><ele>1815.7999877929688</ele></trkpt><trkpt lat="45.96663455758244" lon="7.215073784813285"><ele>1816.6999816894531</ele></trkpt><trkpt lat="45.96673443214968" lon="7.215086274780333"><ele>1818.0</ele></trkpt><trkpt lat="45.96681460691616" lon="7.215143993962556"><ele>1819.5999755859375</ele></trkpt><trkpt lat="45.96691460022703" lon="7.215215822216123"><ele>1821.5999755859375</ele></trkpt><trkpt lat="45.96697597252205" lon="7.215317478403449"><ele>1823.5999755859375</ele></trkpt><trkpt lat="45.96699691424146" lon="7.215443809982389"><ele>1825.6999816894531</ele></trkpt><trkpt lat="45.96701965248212" lon="7.215568844694644"><ele>1827.8999938964844</ele></trkpt><trkpt lat="45.9670506096445" lon="7.215755763929337"><ele>1830.0</ele></trkpt><trkpt lat="45.96710119443014" lon="7.215861335396767"><ele>1831.7999877929688</ele></trkpt><trkpt lat="45.96715719439089" lon="7.2159759141504765"><ele>1833.3999938964844</ele></trkpt><trkpt lat="45.96719340980053" lon="7.216093154158443"><ele>1834.7999877929688</ele></trkpt><trkpt lat="45.96723144175485" lon="7.216219416353852"><ele>1836.1999816894531</ele></trkpt><trkpt lat="45.967296382877976" lon="7.216306869871914"><ele>1837.6999816894531</ele></trkpt><trkpt lat="45.96736312052235" lon="7.216393026523292"><ele>1839.2999877929688</ele></trkpt><trkpt lat="45.967428056523204" lon="7.216477900277823"><ele>1840.5</ele></trkpt><trkpt lat="45.96750733349472" lon="7.216536916326731"><ele>1841.7999877929688</ele></trkpt><trkpt lat="45.967599221970886" lon="7.21660491079092"><ele>1843.0999755859375</ele></trkpt><trkpt lat="45.967671188060194" lon="7.216605907306075"><ele>1844.3999938964844</ele></trkpt><trkpt lat="45.96775201614946" lon="7.216539788525552"><ele>1846.1999816894531</ele></trkpt><trkpt lat="45.96779947401956" lon="7.216429946012795"><ele>1848.0999755859375</ele></trkpt><trkpt lat="45.96785140410066" lon="7.216307184658945"><ele>1849.0</ele></trkpt><trkpt lat="45.967912388499826" lon="7.216214056126773"><ele>1849.7999877929688</ele></trkpt><trkpt lat="45.96797427209094" lon="7.216120923869312"><ele>1851.2999877929688</ele></trkpt><trkpt lat="45.968058582395315" lon="7.215996739920229"><ele>1852.8999938964844</ele></trkpt><trkpt lat="45.968129492364824" lon="7.215919049922377"><ele>1854.1999816894531</ele></trkpt><trkpt lat="45.96820040186867" lon="7.215841359924525"><ele>1855.5999755859375</ele></trkpt><trkpt lat="45.96830811537802" lon="7.215724819339812"><ele>1857.5999755859375</ele></trkpt><trkpt lat="45.96841603470966" lon="7.215711477678269"><ele>1859.5999755859375</ele></trkpt><trkpt lat="45.96850611967966" lon="7.215776899363846"><ele>1861.1999816894531</ele></trkpt><trkpt lat="45.9685809253715" lon="7.215848833788186"><ele>1863.0</ele></trkpt><trkpt lat="45.96865663025528" lon="7.215920764952898"><ele>1865.1999816894531</ele></trkpt><trkpt lat="45.96873143594712" lon="7.2159926998429"><ele>1867.1999816894531</ele></trkpt><trkpt lat="45.96880444511771" lon="7.21606593253091"><ele>1868.6999816894531</ele></trkpt><trkpt lat="45.968850411474705" lon="7.216110894922167"><ele>1869.8999938964844</ele></trkpt><trkpt lat="45.96891445061192" lon="7.216197064612061"><ele>1871.5999755859375</ele></trkpt><trkpt lat="45.96898029372096" lon="7.216285807080567"><ele>1873.5999755859375</ele></trkpt><trkpt lat="45.969046134501696" lon="7.216373260132968"><ele>1875.1999816894531</ele></trkpt><trkpt lat="45.96912821289152" lon="7.2164838667958975"><ele>1877.0999755859375</ele></trkpt><trkpt lat="45.969208389986306" lon="7.216542880982161"><ele>1878.6999816894531</ele></trkpt><trkpt lat="45.96928946627304" lon="7.216601891908795"><ele>1880.0999755859375</ele></trkpt><trkpt lat="45.96938946098089" lon="7.216675015632063"><ele>1881.7999877929688</ele></trkpt><trkpt lat="45.96947041945532" lon="7.216674685943872"><ele>1883.5</ele></trkpt><trkpt lat="45.96955759311095" lon="7.21663304977119"><ele>1885.0999755859375</ele></trkpt><trkpt lat="45.96964117093012" lon="7.216592717915773"><ele>1886.8999938964844</ele></trkpt><trkpt lat="45.969740028027445" lon="7.216545873787254"><ele>1888.5</ele></trkpt><trkpt lat="45.96981093566865" lon="7.216466892044991"><ele>1890.0999755859375</ele></trkpt><trkpt lat="45.96988454181701" lon="7.216387899592519"><ele>1892.0999755859375</ele></trkpt><trkpt lat="45.96995544945821" lon="7.216308917850256"><ele>1893.8999938964844</ele></trkpt><trkpt lat="45.97002545464784" lon="7.216228649485856"><ele>1895.2999877929688</ele></trkpt><trkpt lat="45.97009007818997" lon="7.2161561427637935"><ele>1896.7999877929688</ele></trkpt><trkpt lat="45.9701375332661" lon="7.216045005246997"><ele>1898.3999938964844</ele></trkpt><trkpt lat="45.97019840963185" lon="7.215897690970451"><ele>1899.8999938964844</ele></trkpt><trkpt lat="45.97029643366113" lon="7.21588438982144"><ele>1901.8999938964844</ele></trkpt><trkpt lat="45.970307485200465" lon="7.216013350058347"><ele>1904.0</ele></trkpt><trkpt lat="45.97028524847701" lon="7.216139866039157"><ele>1905.5999755859375</ele></trkpt><trkpt lat="45.970261248294264" lon="7.216284449677914"><ele>1906.6999816894531</ele></trkpt><trkpt lat="45.970220097806305" lon="7.21639943215996"><ele>1907.8999938964844</ele></trkpt><trkpt lat="45.970178947318345" lon="7.216514414642006"><ele>1909.5</ele></trkpt><trkpt lat="45.97013600496575" lon="7.21663327421993"><ele>1911.0</ele></trkpt><trkpt lat="45.970117365475744" lon="7.216759774833918"><ele>1912.0999755859375</ele></trkpt><trkpt lat="45.97010052530095" lon="7.216886268462986"><ele>1913.3999938964844</ele></trkpt><trkpt lat="45.97008454846218" lon="7.216994697228074"><ele>1914.8999938964844</ele></trkpt><trkpt lat="45.97004249505699" lon="7.217108392622322"><ele>1916.2999877929688</ele></trkpt><trkpt lat="45.970011172350496" lon="7.217189793009311"><ele>1917.6999816894531</ele></trkpt><trkpt lat="45.96995108993724" lon="7.217284210957587"><ele>1919.0</ele></trkpt><trkpt lat="45.96989011019468" lon="7.217379922047257"><ele>1920.5</ele></trkpt><trkpt lat="45.96982465358451" lon="7.217485971283168"><ele>1922.3999938964844</ele></trkpt><trkpt lat="45.96975464792922" lon="7.217566238250583"><ele>1924.3999938964844</ele></trkpt><trkpt lat="45.96965232538059" lon="7.217680177185684"><ele>1926.3999938964844</ele></trkpt><trkpt lat="45.969569652341306" lon="7.2177230841480196"><ele>1927.8999938964844</ele></trkpt><trkpt lat="45.969482481479645" lon="7.217766009271145"><ele>1929.0999755859375</ele></trkpt><trkpt lat="45.96939800912514" lon="7.217808923218399"><ele>1930.8999938964844</ele></trkpt><trkpt lat="45.96932162810117" lon="7.217849224340171"><ele>1933.0999755859375</ele></trkpt><trkpt lat="45.96928402595222" lon="7.21793967904523"><ele>1935.5999755859375</ele></trkpt><trkpt lat="45.9693722371012" lon="7.217967702075839"><ele>1937.3999938964844</ele></trkpt><trkpt lat="45.96946044778451" lon="7.217995725572109"><ele>1939.0</ele></trkpt><trkpt lat="45.969563061371446" lon="7.218028850387782"><ele>1940.6999816894531</ele></trkpt><trkpt lat="45.96965301036835" lon="7.218025906011462"><ele>1942.0</ele></trkpt><trkpt lat="45.96974295889959" lon="7.218022961635143"><ele>1943.3999938964844</ele></trkpt><trkpt lat="45.96983470954001" lon="7.2180213001556695"><ele>1945.0999755859375</ele></trkpt><trkpt lat="45.96983470954001" lon="7.2180213001556695"><ele>1945.0999755859375</ele></trkpt><trkpt lat="45.96983470954001" lon="7.2180213001556695"><ele>1945.0999755859375</ele></trkpt><trkpt lat="45.96992465853691" lon="7.21801835577935"><ele>1946.6999816894531</ele></trkpt><trkpt lat="45.97001460753381" lon="7.218015410937369"><ele>1948.0</ele></trkpt><trkpt lat="45.97006857721135" lon="7.218013902660459"><ele>1949.1999816894531</ele></trkpt><trkpt lat="45.97015409683809" lon="7.218045807443559"><ele>1950.7999877929688</ele></trkpt><trkpt lat="45.97028461936861" lon="7.218090430367738"><ele>1952.8999938964844</ele></trkpt><trkpt lat="45.97037458838895" lon="7.218097806442529"><ele>1954.8999938964844</ele></trkpt><trkpt lat="45.97046455787495" lon="7.21810518251732"><ele>1956.6999816894531</ele></trkpt><trkpt lat="45.97058151848614" lon="7.218115029390901"><ele>1958.5</ele></trkpt><trkpt lat="45.97067053196952" lon="7.218094028066844"><ele>1960.2999877929688</ele></trkpt><trkpt lat="45.97075864626095" lon="7.218073030002415"><ele>1962.1999816894531</ele></trkpt><trkpt lat="45.970847660209984" lon="7.218052028678358"><ele>1964.1999816894531</ele></trkpt><trkpt lat="45.97093667695299" lon="7.218032317236066"><ele>1966.2999877929688</ele></trkpt><trkpt lat="45.97102569043636" lon="7.218011315912008"><ele>1968.1999816894531</ele></trkpt><trkpt lat="45.97108323313296" lon="7.217996892053634"><ele>1970.0999755859375</ele></trkpt><trkpt lat="45.97118208091706" lon="7.2179448888637125"><ele>1972.0999755859375</ele></trkpt><trkpt lat="45.971255687996745" lon="7.217865895945579"><ele>1973.2999877929688</ele></trkpt><trkpt lat="45.971326598897576" lon="7.217788204085082"><ele>1974.0</ele></trkpt><trkpt lat="45.97140648216009" lon="7.217698864638805"><ele>1974.2999877929688</ele></trkpt><trkpt lat="45.97151429951191" lon="7.2176339235156775"><ele>1974.5</ele></trkpt><trkpt lat="45.9716042377986" lon="7.217625817749649"><ele>1974.1999816894531</ele></trkpt><trkpt lat="45.971667195204645" lon="7.217620401643217"><ele>1973.6999816894531</ele></trkpt><trkpt lat="45.97176619479433" lon="7.217645801138133"><ele>1973.3999938964844</ele></trkpt><trkpt lat="45.971856301650405" lon="7.217722840607166"><ele>1973.8999938964844</ele></trkpt><trkpt lat="45.97189248679206" lon="7.2178259012289345"><ele>1975.3999938964844</ele></trkpt><trkpt lat="45.97197446227074" lon="7.217884913086891"><ele>1977.2999877929688</ele></trkpt><trkpt lat="45.9720546384342" lon="7.217943931929767"><ele>1979.0</ele></trkpt><trkpt lat="45.972133012954146" lon="7.218001668807119"><ele>1980.7999877929688</ele></trkpt><trkpt lat="45.97224561544135" lon="7.218082488514483"><ele>1982.3999938964844</ele></trkpt><trkpt lat="45.972331129945815" lon="7.218111814465374"><ele>1983.5</ele></trkpt><trkpt lat="45.9724184460938" lon="7.218142423313111"><ele>1984.3999938964844</ele></trkpt><trkpt lat="45.972508458886296" lon="7.218171731103212"><ele>1985.7999877929688</ele></trkpt><trkpt lat="45.97259397339076" lon="7.218201057519764"><ele>1987.0</ele></trkpt><trkpt lat="45.97269568964839" lon="7.218235478270799"><ele>1988.0</ele></trkpt><trkpt lat="45.97277944115922" lon="7.218282873742282"><ele>1989.0999755859375</ele></trkpt><trkpt lat="45.97287400159985" lon="7.2183379656635225"><ele>1989.8999938964844</ele></trkpt><trkpt lat="45.972928177099675" lon="7.218440955504775"><ele>1990.3999938964844</ele></trkpt><trkpt lat="45.9729823525995" lon="7.218543945346028"><ele>1991.5</ele></trkpt><trkpt lat="45.973037427291274" lon="7.218646931927651"><ele>1993.0999755859375</ele></trkpt><trkpt lat="45.97311958950013" lon="7.218801414128393"><ele>1994.5</ele></trkpt><trkpt lat="45.97314861556515" lon="7.218923858366907"><ele>1996.0</ele></trkpt><trkpt lat="45.97317674243823" lon="7.219046306330711"><ele>1998.0</ele></trkpt><trkpt lat="45.973203969188035" lon="7.219168758019805"><ele>1999.7999877929688</ele></trkpt><trkpt lat="45.97322844620794" lon="7.219265418127179"><ele>2000.8999938964844</ele></trkpt><trkpt lat="45.973303239326924" lon="7.219332203269005"><ele>2001.8999938964844</ele></trkpt><trkpt lat="45.97338253306225" lon="7.219400260597467"><ele>2003.5999755859375</ele></trkpt><trkpt lat="45.97345732618123" lon="7.219467046204954"><ele>2005.5</ele></trkpt><trkpt lat="45.97350598499179" lon="7.219509424176067"><ele>2006.8999938964844</ele></trkpt><trkpt lat="45.973566443659365" lon="7.219605940859765"><ele>2008.5</ele></trkpt><trkpt lat="45.97362869605422" lon="7.219699869863689"><ele>2009.6999816894531</ele></trkpt><trkpt lat="45.97368735540658" lon="7.219796393532306"><ele>2011.0</ele></trkpt><trkpt lat="45.97374961292371" lon="7.219892903696746"><ele>2013.3999938964844</ele></trkpt><trkpt lat="45.97380826761946" lon="7.219986848067492"><ele>2015.5999755859375</ele></trkpt><trkpt lat="45.97387052234262" lon="7.220082067884505"><ele>2017.5999755859375</ele></trkpt><trkpt lat="45.9739300836809" lon="7.2201798795722425"><ele>2019.5</ele></trkpt><trkpt lat="45.97400219505653" lon="7.220255708321929"><ele>2021.0</ele></trkpt><trkpt lat="45.97407431202009" lon="7.22033411776647"><ele>2022.3999938964844</ele></trkpt><trkpt lat="45.97414642618969" lon="7.220411236863583"><ele>2023.5999755859375</ele></trkpt><trkpt lat="45.974219439551234" lon="7.220488352701068"><ele>2024.5999755859375</ele></trkpt><trkpt lat="45.97429155372083" lon="7.220565472729504"><ele>2025.6999816894531</ele></trkpt><trkpt lat="45.974373585078865" lon="7.220654163975269"><ele>2026.7999877929688</ele></trkpt><trkpt lat="45.974364690482616" lon="7.220705805812031"><ele>2027.8999938964844</ele></trkpt><trkpt lat="45.97427647560835" lon="7.22067519556731"><ele>2029.1999816894531</ele></trkpt><trkpt lat="45.974188258405775" lon="7.220643295906484"><ele>2030.5999755859375</ele></trkpt><trkpt lat="45.97410274250433" lon="7.220612674951553"><ele>2032.1999816894531</ele></trkpt><trkpt lat="45.97396861901507" lon="7.220565477851778"><ele>2034.3999938964844</ele></trkpt><trkpt lat="45.97387953987345" lon="7.2205529334023595"><ele>2036.2999877929688</ele></trkpt><trkpt lat="45.973789556417614" lon="7.220537812914699"><ele>2038.5</ele></trkpt><trkpt lat="45.97365368157625" lon="7.220515135210007"><ele>2041.0</ele></trkpt><trkpt lat="45.9735654569231" lon="7.220479365438223"><ele>2042.8999938964844</ele></trkpt><trkpt lat="45.97347903391346" lon="7.220444879028946"><ele>2044.6999816894531</ele></trkpt><trkpt lat="45.973394407425076" lon="7.220409094821662"><ele>2046.7999877929688</ele></trkpt><trkpt lat="45.97330618277192" lon="7.2203733255155385"><ele>2048.8999938964844</ele></trkpt><trkpt lat="45.9732485646382" lon="7.220349044539034"><ele>2050.8999938964844</ele></trkpt><trkpt lat="45.973309960216284" lon="7.22046490944922"><ele>2052.8999938964844</ele></trkpt><trkpt lat="45.9733766997233" lon="7.22055366076529"><ele>2054.2999877929688</ele></trkpt><trkpt lat="45.973442539107054" lon="7.220642415806651"><ele>2055.0999755859375</ele></trkpt><trkpt lat="45.97350747976452" lon="7.220731174573302"><ele>2056.5</ele></trkpt><trkpt lat="45.97357241995633" lon="7.220819933339953"><ele>2057.8999938964844</ele></trkpt><trkpt lat="45.973636460490525" lon="7.220908696297556"><ele>2059.3999938964844</ele></trkpt><trkpt lat="45.97370140301064" lon="7.2209987454116344"><ele>2060.699981689453</ele></trkpt><trkpt lat="45.97376634553075" lon="7.221088795457035"><ele>2062.2999877929688</ele></trkpt><trkpt lat="45.973831282928586" lon="7.221176265273243"><ele>2064.699981689453</ele></trkpt><trkpt lat="45.97392327943817" lon="7.2213010410778224"><ele>2067.0999755859375</ele></trkpt><trkpt lat="45.97397924633697" lon="7.221401448827237"><ele>2069.2999877929688</ele></trkpt><trkpt lat="45.97403521556407" lon="7.221503146458417"><ele>2071.5999755859375</ele></trkpt><trkpt lat="45.97409118525684" lon="7.221604844555259"><ele>2073.5</ele></trkpt><trkpt lat="45.97414715168998" lon="7.221705252304673"><ele>2075.5</ele></trkpt><trkpt lat="45.97423020238057" lon="7.221855868585408"><ele>2078.199981689453</ele></trkpt><trkpt lat="45.974301415961236" lon="7.221932993736118"><ele>2080.699981689453</ele></trkpt><trkpt lat="45.974374431185424" lon="7.222011402249336"><ele>2083.5</ele></trkpt><trkpt lat="45.97444565035403" lon="7.222091108560562"><ele>2086.5999755859375</ele></trkpt><trkpt lat="45.974511456210166" lon="7.222163095138967"><ele>2088.0</ele></trkpt><trkpt lat="45.97459341632202" lon="7.222215665504336"><ele>2088.0</ele></trkpt><trkpt lat="45.97459341632202" lon="7.222215665504336"><ele>2088.0</ele></trkpt><trkpt lat="45.97459341632202" lon="7.222215665504336"><ele>2088.0</ele></trkpt><trkpt lat="45.97467448236421" lon="7.222270819824189"><ele>2088.3999938964844</ele></trkpt><trkpt lat="45.97475644014776" lon="7.222322100307792"><ele>2088.7999877929688</ele></trkpt><trkpt lat="45.974838400259614" lon="7.222374671138823"><ele>2089.5999755859375</ele></trkpt><trkpt lat="45.974919461179525" lon="7.222427245695144"><ele>2091.0999755859375</ele></trkpt><trkpt lat="45.975002323277295" lon="7.222481103148311"><ele>2092.7999877929688</ele></trkpt><trkpt lat="45.97508608549833" lon="7.222534957807511"><ele>2094.7999877929688</ele></trkpt><trkpt lat="45.97515909280628" lon="7.222609497606754"><ele>2096.7999877929688</ele></trkpt><trkpt lat="45.97521227039397" lon="7.22266347380355"><ele>2098.0</ele></trkpt><trkpt lat="45.97525746654719" lon="7.222776829265058"><ele>2099.3999938964844</ele></trkpt><trkpt lat="45.975322536658496" lon="7.2229339722543955"><ele>2101.5</ele></trkpt><trkpt lat="45.975398225244135" lon="7.222999470774084"><ele>2102.8999938964844</ele></trkpt><trkpt lat="45.97547661419958" lon="7.223066249396652"><ele>2104.0</ele></trkpt><trkpt lat="45.975591046735644" lon="7.223165139555931"><ele>2105.199981689453</ele></trkpt><trkpt lat="45.97561108041555" lon="7.223291497677565"><ele>2106.8999938964844</ele></trkpt><trkpt lat="45.97563021443784" lon="7.2234178595244884"><ele>2109.3999938964844</ele></trkpt><trkpt lat="45.97564748954028" lon="7.223513264674693"><ele>2111.0999755859375</ele></trkpt><trkpt lat="45.97561714053154" lon="7.223635951522738"><ele>2112.2999877929688</ele></trkpt><trkpt lat="45.97557432251051" lon="7.223823195789009"><ele>2113.3999938964844</ele></trkpt><trkpt lat="45.97553045814857" lon="7.22393432399258"><ele>2114.5</ele></trkpt><trkpt lat="45.975485696457326" lon="7.224046745803207"><ele>2116.0999755859375</ele></trkpt><trkpt lat="45.97544898139313" lon="7.224133332259953"><ele>2117.5</ele></trkpt><trkpt lat="45.97544473130256" lon="7.224262366537005"><ele>2118.2999877929688</ele></trkpt><trkpt lat="45.97543598059565" lon="7.224390127696097"><ele>2118.8999938964844</ele></trkpt><trkpt lat="45.97543172957376" lon="7.224519161973149"><ele>2119.0</ele></trkpt><trkpt lat="45.97542300820351" lon="7.22466240497306"><ele>2118.7999877929688</ele></trkpt><trkpt lat="45.975385449361056" lon="7.224778668023646"><ele>2119.199981689453</ele></trkpt><trkpt lat="45.975346993654966" lon="7.224896224681288"><ele>2119.7999877929688</ele></trkpt><trkpt lat="45.975309434812516" lon="7.225012487266213"><ele>2120.199981689453</ele></trkpt><trkpt lat="45.97527007898316" lon="7.225130047183484"><ele>2120.2999877929688</ele></trkpt><trkpt lat="45.97523341933265" lon="7.225246305577457"><ele>2120.3999938964844</ele></trkpt><trkpt lat="45.975190482567996" lon="7.225372910499573"><ele>2121.0999755859375</ele></trkpt><trkpt lat="45.97512768488377" lon="7.22546217776835"><ele>2122.5999755859375</ele></trkpt><trkpt lat="45.97506129136309" lon="7.225552749820054"><ele>2124.199981689453</ele></trkpt><trkpt lat="45.97499849321321" lon="7.225642016623169"><ele>2125.3999938964844</ele></trkpt><trkpt lat="45.97495721792802" lon="7.225696365348995"><ele>2126.0999755859375</ele></trkpt><trkpt lat="45.974907049909234" lon="7.225804934743792"><ele>2127.2999877929688</ele></trkpt><trkpt lat="45.97484254371375" lon="7.22594194393605"><ele>2128.5999755859375</ele></trkpt><trkpt lat="45.974863470532" lon="7.226067007519305"><ele>2128.5999755859375</ele></trkpt><trkpt lat="45.974877142347395" lon="7.226161135360599"><ele>2128.2999877929688</ele></trkpt><trkpt lat="45.974949181545526" lon="7.226200849283487"><ele>2128.3999938964844</ele></trkpt><trkpt lat="45.9750345419161" lon="7.226150199770927"><ele>2127.8999938964844</ele></trkpt><trkpt lat="45.97511540958658" lon="7.226102147717029"><ele>2127.0999755859375</ele></trkpt><trkpt lat="45.97519897343591" lon="7.226052795071155"><ele>2127.7999877929688</ele></trkpt><trkpt lat="45.97528343973681" lon="7.226004729513079"><ele>2129.699981689453</ele></trkpt><trkpt lat="45.97537154098973" lon="7.225976001471281"><ele>2131.2999877929688</ele></trkpt><trkpt lat="45.97547941701487" lon="7.225939455442131"><ele>2132.699981689453</ele></trkpt><trkpt lat="45.97556936368346" lon="7.2259352337569"><ele>2134.3999938964844</ele></trkpt><trkpt lat="45.97565930802375" lon="7.225929721724242"><ele>2136.5</ele></trkpt><trkpt lat="45.975749254692346" lon="7.22592549957335"><ele>2138.199981689453</ele></trkpt><trkpt lat="45.975839199032634" lon="7.225919987540692"><ele>2139.0</ele></trkpt><trkpt lat="45.97592914570123" lon="7.2259157653898"><ele>2139.8999938964844</ele></trkpt><trkpt lat="45.97601908957586" lon="7.225910253357142"><ele>2141.5999755859375</ele></trkpt><trkpt lat="45.97610903671011" lon="7.2259060316719115"><ele>2144.0</ele></trkpt><trkpt lat="45.97619898337871" lon="7.2259018095210195"><ele>2146.199981689453</ele></trkpt><trkpt lat="45.97628802806139" lon="7.225896301213652"><ele>2148.0</ele></trkpt><trkpt lat="45.97637797286734" lon="7.225890789180994"><ele>2150.5</ele></trkpt><trkpt lat="45.97651559021324" lon="7.225883800536394"><ele>2153.5</ele></trkpt><trkpt lat="45.976614417508245" lon="7.225818904582411"><ele>2155.7999877929688</ele></trkpt><trkpt lat="45.97668352769688" lon="7.225737351924181"><ele>2157.699981689453</ele></trkpt><trkpt lat="45.97675353707746" lon="7.225655795540661"><ele>2159.7999877929688</ele></trkpt><trkpt lat="45.97681007580832" lon="7.225585903506726"><ele>2161.2999877929688</ele></trkpt><trkpt lat="45.97686419542879" lon="7.225663103628904"><ele>2161.199981689453</ele></trkpt><trkpt lat="45.97682933928445" lon="7.225781938992441"><ele>2160.699981689453</ele></trkpt><trkpt lat="45.97679538466036" lon="7.225902060512453"><ele>2160.7999877929688</ele></trkpt><trkpt lat="45.97676142817363" lon="7.2260208921507"><ele>2162.5999755859375</ele></trkpt><trkpt lat="45.9767274716869" lon="7.226139723788947"><ele>2165.8999938964844</ele></trkpt><trkpt lat="45.976693517528474" lon="7.226259845774621"><ele>2169.5999755859375</ele></trkpt><trkpt lat="45.97666045324877" lon="7.226374803110957"><ele>2172.8999938964844</ele></trkpt><trkpt lat="45.97666699485853" lon="7.226503797806799"><ele>2175.3999938964844</ele></trkpt><trkpt lat="45.97667718119919" lon="7.226657292339951"><ele>2177.5</ele></trkpt><trkpt lat="45.976668428163975" lon="7.226785056293011"><ele>2179.699981689453</ele></trkpt><trkpt lat="45.97666057664901" lon="7.226914107333869"><ele>2182.199981689453</ele></trkpt><trkpt lat="45.97664912464097" lon="7.227041881997138"><ele>2184.8999938964844</ele></trkpt><trkpt lat="45.976642104331404" lon="7.227134803775698"><ele>2187.0</ele></trkpt><trkpt lat="45.97665943717584" lon="7.2272624666802585"><ele>2188.699981689453</ele></trkpt><trkpt lat="45.97668044595048" lon="7.2274314016103745"><ele>2191.0</ele></trkpt><trkpt lat="45.97675253357738" lon="7.227496922481805"><ele>2193.199981689453</ele></trkpt><trkpt lat="45.9768224763684" lon="7.227379242423922"><ele>2194.7999877929688</ele></trkpt><trkpt lat="45.976840174756944" lon="7.227224349509925"><ele>2194.5999755859375</ele></trkpt><trkpt lat="45.976874134968966" lon="7.227106808684766"><ele>2192.7999877929688</ele></trkpt><trkpt lat="45.976908987388015" lon="7.2269853935576975"><ele>2190.8999938964844</ele></trkpt><trkpt lat="45.97694474644959" lon="7.226867845281959"><ele>2189.2999877929688</ele></trkpt><trkpt lat="45.97699209442362" lon="7.226694772951305"><ele>2187.5</ele></trkpt><trkpt lat="45.976993599906564" lon="7.226539941970259"><ele>2183.7999877929688</ele></trkpt><trkpt lat="45.97694745333865" lon="7.226398198399693"><ele>2179.699981689453</ele></trkpt><trkpt lat="45.9770084428601" lon="7.2263037748634815"><ele>2177.3999938964844</ele></trkpt><trkpt lat="45.9770694328472" lon="7.22620935132727"><ele>2176.0999755859375</ele></trkpt><trkpt lat="45.97713132435456" lon="7.226116214413196"><ele>2174.5999755859375</ele></trkpt><trkpt lat="45.977192313876" lon="7.226021790411323"><ele>2173.3999938964844</ele></trkpt><trkpt lat="45.97723447158933" lon="7.225958405062556"><ele>2172.0</ele></trkpt><trkpt lat="45.97730719670653" lon="7.225885869003832"><ele>2170.699981689453</ele></trkpt><trkpt lat="45.97738261288032" lon="7.225809451192617"><ele>2170.199981689453</ele></trkpt><trkpt lat="45.97745443880558" lon="7.225736917927861"><ele>2170.2999877929688</ele></trkpt><trkpt lat="45.97745443880558" lon="7.225736917927861"><ele>2170.2999877929688</ele></trkpt><trkpt lat="45.97745443880558" lon="7.225736917927861"><ele>2170.2999877929688</ele></trkpt><trkpt lat="45.97750471718609" lon="7.225686402525753"><ele>2170.8999938964844</ele></trkpt><trkpt lat="45.977603568229824" lon="7.225634407252073"><ele>2171.5</ele></trkpt><trkpt lat="45.9776735776104" lon="7.225552849005908"><ele>2171.3999938964844</ele></trkpt><trkpt lat="45.977743591647595" lon="7.225473870988935"><ele>2171.199981689453</ele></trkpt><trkpt lat="45.977813598234206" lon="7.225391022395343"><ele>2171.5999755859375</ele></trkpt><trkpt lat="45.977883607614785" lon="7.225309463683516"><ele>2172.0999755859375</ele></trkpt><trkpt lat="45.97795361932367" lon="7.225229194853455"><ele>2172.0999755859375</ele></trkpt><trkpt lat="45.97806042805314" lon="7.225104913581163"><ele>2172.2999877929688</ele></trkpt><trkpt lat="45.97814761707559" lon="7.225069735199213"><ele>2173.5</ele></trkpt><trkpt lat="45.978257277049124" lon="7.225025437306613"><ele>2175.3999938964844</ele></trkpt><trkpt lat="45.978325482457876" lon="7.224941303953528"><ele>2177.0</ele></trkpt><trkpt lat="45.978394584264606" lon="7.224855876993388"><ele>2178.0999755859375</ele></trkpt><trkpt lat="45.978460990358144" lon="7.224771750625223"><ele>2178.7999877929688</ele></trkpt><trkpt lat="45.97851842781529" lon="7.224701851606369"><ele>2180.2999877929688</ele></trkpt><trkpt lat="45.97860109480098" lon="7.2246537883765996"><ele>2183.5</ele></trkpt><trkpt lat="45.97865231195465" lon="7.224623911548406"><ele>2186.2999877929688</ele></trkpt><trkpt lat="45.97872503194958" lon="7.224548791535199"><ele>2188.199981689453</ele></trkpt><trkpt lat="45.97882468113676" lon="7.224443889223039"><ele>2189.699981689453</ele></trkpt><trkpt lat="45.97887842869386" lon="7.224326264578849"><ele>2189.2999877929688</ele></trkpt><trkpt lat="45.978948436677456" lon="7.2242447030730546"><ele>2189.2999877929688</ele></trkpt><trkpt lat="45.979018445592374" lon="7.22416314156726"><ele>2192.2999877929688</ele></trkpt><trkpt lat="45.97910999180749" lon="7.224054399412125"><ele>2196.699981689453</ele></trkpt><trkpt lat="45.97918541543186" lon="7.223981847986579"><ele>2200.7999877929688</ele></trkpt><trkpt lat="45.979258137289435" lon="7.223908016923815"><ele>2204.5</ele></trkpt><trkpt lat="45.97933355811983" lon="7.2238341751508415"><ele>2208.5999755859375</ele></trkpt><trkpt lat="45.97940628044307" lon="7.223760343622416"><ele>2212.8999938964844</ele></trkpt><trkpt lat="45.97948170406744" lon="7.223687791265547"><ele>2217.3999938964844</ele></trkpt><trkpt lat="45.97954275691882" lon="7.223626908380538"><ele>2221.8999938964844</ele></trkpt><trkpt lat="45.97959833825007" lon="7.22352733835578"><ele>2225.0999755859375</ele></trkpt><trkpt lat="45.97965841926634" lon="7.223429040517658"><ele>2227.3999938964844</ele></trkpt><trkpt lat="45.97972924495116" lon="7.2233048947528005"><ele>2229.5999755859375</ele></trkpt><trkpt lat="45.97974703507498" lon="7.223200312815607"><ele>2233.0</ele></trkpt><trkpt lat="45.97980128135532" lon="7.2233420284464955"><ele>2237.5999755859375</ele></trkpt><trkpt lat="45.97984514571726" lon="7.2232308918610215"><ele>2240.2999877929688</ele></trkpt><trkpt lat="45.97988810297102" lon="7.223115887492895"><ele>2241.5999755859375</ele></trkpt><trkpt lat="45.97993644233793" lon="7.222993120085448"><ele>2243.5999755859375</ele></trkpt><trkpt lat="45.97999923909083" lon="7.2229038421064615"><ele>2245.7999877929688</ele></trkpt><trkpt lat="45.98006562842056" lon="7.222811969462782"><ele>2248.5</ele></trkpt><trkpt lat="45.980128422845155" lon="7.2227214011363685"><ele>2251.0</ele></trkpt><trkpt lat="45.98019211599603" lon="7.222630828619003"><ele>2253.199981689453</ele></trkpt><trkpt lat="45.980257608462125" lon="7.222540249116719"><ele>2255.5</ele></trkpt><trkpt lat="45.98034821311012" lon="7.222410860937089"><ele>2258.0999755859375</ele></trkpt><trkpt lat="45.98043448710814" lon="7.222367939073592"><ele>2260.8999938964844</ele></trkpt><trkpt lat="45.980518062599" lon="7.222325027920306"><ele>2264.0999755859375</ele></trkpt><trkpt lat="45.98060343693942" lon="7.222282109316438"><ele>2268.0</ele></trkpt><trkpt lat="45.980709481053054" lon="7.2222287859767675"><ele>2271.699981689453</ele></trkpt><trkpt lat="45.98073443165049" lon="7.22210610890761"><ele>2273.5999755859375</ele></trkpt><trkpt lat="45.980770103633404" lon="7.2219459703192115"><ele>2274.699981689453</ele></trkpt><trkpt lat="45.9808617294766" lon="7.221879800315946"><ele>2276.0999755859375</ele></trkpt><trkpt lat="45.98088847566396" lon="7.22175582498312"><ele>2276.199981689453</ele></trkpt><trkpt lat="45.98091342533007" lon="7.22163314698264"><ele>2275.2999877929688</ele></trkpt><trkpt lat="45.98093927139416" lon="7.221509174909443"><ele>2274.5999755859375</ele></trkpt><trkpt lat="45.98096512025222" lon="7.221386493183672"><ele>2274.2999877929688</ele></trkpt><trkpt lat="45.98099366761744" lon="7.221263800282031"><ele>2274.5</ele></trkpt><trkpt lat="45.98101951368153" lon="7.221139828208834"><ele>2274.3999938964844</ele></trkpt><trkpt lat="45.981047133449465" lon="7.221002945676446"><ele>2274.0999755859375</ele></trkpt><trkpt lat="45.98110540769994" lon="7.220902068540454"><ele>2274.2999877929688</ele></trkpt><trkpt lat="45.981183409225196" lon="7.220768854953349"><ele>2274.3999938964844</ele></trkpt><trkpt lat="45.98122546635568" lon="7.2206551395356655"><ele>2274.2999877929688</ele></trkpt><trkpt lat="45.98128900444135" lon="7.2204858544282615"><ele>2274.3999938964844</ele></trkpt><trkpt lat="45.981345476582646" lon="7.2203836934641"><ele>2274.5</ele></trkpt><trkpt lat="45.98140375316143" lon="7.220284105744213"><ele>2274.5</ele></trkpt><trkpt lat="45.98145842831582" lon="7.220183242112398"><ele>2274.7999877929688</ele></trkpt><trkpt lat="45.98151670722291" lon="7.2200849442742765"><ele>2274.8999938964844</ele></trkpt><trkpt lat="45.98157138004899" lon="7.219982789829373"><ele>2274.699981689453</ele></trkpt><trkpt lat="45.98164041247219" lon="7.219863803125918"><ele>2274.0999755859375</ele></trkpt><trkpt lat="45.981708616018295" lon="7.2197809484787285"><ele>2273.8999938964844</ele></trkpt><trkpt lat="45.98177501792088" lon="7.219696810469031"><ele>2274.5</ele></trkpt><trkpt lat="45.98188270768151" lon="7.2195660546422005"><ele>2275.199981689453</ele></trkpt><trkpt lat="45.981927467510104" lon="7.219454906415194"><ele>2275.0</ele></trkpt><trkpt lat="45.98197042522952" lon="7.2193424752913415"><ele>2274.0</ele></trkpt><trkpt lat="45.98201428260654" lon="7.219230039976537"><ele>2273.7999877929688</ele></trkpt><trkpt lat="45.98205904196948" lon="7.21911889128387"><ele>2273.8999938964844</ele></trkpt><trkpt lat="45.98210559505969" lon="7.219005154445767"><ele>2272.8999938964844</ele></trkpt><trkpt lat="45.98215839918703" lon="7.218868166208267"><ele>2271.8999938964844</ele></trkpt><trkpt lat="45.98222569236532" lon="7.2187801520340145"><ele>2272.0999755859375</ele></trkpt><trkpt lat="45.98229028703645" lon="7.218692148569971"><ele>2273.3999938964844</ele></trkpt><trkpt lat="45.9823934729211" lon="7.218558826949447"><ele>2274.199981689453</ele></trkpt><trkpt lat="45.98240131512284" lon="7.2184297614730895"><ele>2273.5</ele></trkpt><trkpt lat="45.982412757817656" lon="7.218301971908659"><ele>2272.5</ele></trkpt><trkpt lat="45.98242149874568" lon="7.2181729027070105"><ele>2271.699981689453</ele></trkpt><trkpt lat="45.9824285376817" lon="7.218092873226851"><ele>2271.0999755859375</ele></trkpt><trkpt lat="45.9824633882381" lon="7.217975311446935"><ele>2270.5</ele></trkpt><trkpt lat="45.98250273615122" lon="7.217857731040567"><ele>2269.699981689453</ele></trkpt><trkpt lat="45.98253848589957" lon="7.217740165069699"><ele>2268.3999938964844</ele></trkpt><trkpt lat="45.98257513763383" lon="7.217623885255307"><ele>2267.0</ele></trkpt><trkpt lat="45.98261358309537" lon="7.217505017761141"><ele>2265.8999938964844</ele></trkpt><trkpt lat="45.98264933237806" lon="7.217387451324612"><ele>2264.5999755859375</ele></trkpt><trkpt lat="45.98270566109568" lon="7.2172143161296844"><ele>2263.199981689453</ele></trkpt><trkpt lat="45.98275132058188" lon="7.217104450799525"><ele>2262.3999938964844</ele></trkpt><trkpt lat="45.98275132058188" lon="7.217104450799525"><ele>2262.3999938964844</ele></trkpt><trkpt lat="45.98275132058188" lon="7.217104450799525"><ele>2262.3999938964844</ele></trkpt><trkpt lat="45.98280058056116" lon="7.216995861381292"><ele>2261.8999938964844</ele></trkpt><trkpt lat="45.982846240047365" lon="7.216885996051133"><ele>2261.699981689453</ele></trkpt><trkpt lat="45.982884753961116" lon="7.216801966074854"><ele>2260.8999938964844</ele></trkpt><trkpt lat="45.982902434654534" lon="7.216645761858672"><ele>2259.0999755859375</ele></trkpt><trkpt lat="45.98294268595055" lon="7.216530756559223"><ele>2257.8999938964844</ele></trkpt><trkpt lat="45.98298023594543" lon="7.2164144716225564"><ele>2257.2999877929688</ele></trkpt><trkpt lat="45.98304554121569" lon="7.216232265345752"><ele>2256.3999938964844</ele></trkpt><trkpt lat="45.98309030011296" lon="7.216122402343899"><ele>2255.5999755859375</ele></trkpt><trkpt lat="45.98313865438104" lon="7.2160112340934575"><ele>2254.8999938964844</ele></trkpt><trkpt lat="45.98318341281265" lon="7.215901371091604"><ele>2254.3999938964844</ele></trkpt><trkpt lat="45.983231767080724" lon="7.215790202375501"><ele>2253.699981689453</ele></trkpt><trkpt lat="45.983277425169945" lon="7.215680335182697"><ele>2252.7999877929688</ele></trkpt><trkpt lat="45.9833230804652" lon="7.215569177176803"><ele>2251.8999938964844</ele></trkpt><trkpt lat="45.98337143659592" lon="7.215459298342466"><ele>2251.0</ele></trkpt><trkpt lat="45.98341619223356" lon="7.215348143596202"><ele>2250.2999877929688</ele></trkpt><trkpt lat="45.983463648706675" lon="7.215238268021494"><ele>2249.2999877929688</ele></trkpt><trkpt lat="45.98350840434432" lon="7.21512711327523"><ele>2248.5999755859375</ele></trkpt><trkpt lat="45.98355676000938" lon="7.21501723350957"><ele>2248.0</ele></trkpt><trkpt lat="45.98360063135624" lon="7.214913824107498"><ele>2247.3999938964844</ele></trkpt><trkpt lat="45.98366522509605" lon="7.214827104005963"><ele>2247.0999755859375</ele></trkpt><trkpt lat="45.983733414672315" lon="7.214739078655839"><ele>2247.0999755859375</ele></trkpt><trkpt lat="45.983798008877784" lon="7.214652358554304"><ele>2247.699981689453</ele></trkpt><trkpt lat="45.98386440426111" lon="7.214566920883954"><ele>2248.5</ele></trkpt><trkpt lat="45.98393259337172" lon="7.214478894602507"><ele>2248.199981689453</ele></trkpt><trkpt lat="45.98399449652061" lon="7.214396055787802"><ele>2247.7999877929688</ele></trkpt><trkpt lat="45.98407534882426" lon="7.214342817198485"><ele>2248.0999755859375</ele></trkpt><trkpt lat="45.98417327180505" lon="7.214279185049236"><ele>2248.0999755859375</ele></trkpt><trkpt lat="45.98424778319895" lon="7.2142040356993675"><ele>2247.2999877929688</ele></trkpt><trkpt lat="45.984363585710526" lon="7.214084843173623"><ele>2246.3999938964844</ele></trkpt><trkpt lat="45.984447159804404" lon="7.214043205603957"><ele>2246.0</ele></trkpt><trkpt lat="45.984551407862455" lon="7.213993740733713"><ele>2246.2999877929688</ele></trkpt><trkpt lat="45.98463125992566" lon="7.213890179991722"><ele>2245.8999938964844</ele></trkpt><trkpt lat="45.98471301142126" lon="7.213836936280131"><ele>2244.8999938964844</ele></trkpt><trkpt lat="45.984795657452196" lon="7.213781108148396"><ele>2244.2999877929688</ele></trkpt><trkpt lat="45.984877408947796" lon="7.213727863971144"><ele>2244.0</ele></trkpt><trkpt lat="45.98495735647157" lon="7.213672046549618"><ele>2243.5</ele></trkpt><trkpt lat="45.98503910796717" lon="7.213618802372366"><ele>2242.5</ele></trkpt><trkpt lat="45.98511636443436" lon="7.2135668667033315"><ele>2241.2999877929688</ele></trkpt><trkpt lat="45.98523330176249" lon="7.213565092533827"><ele>2241.0999755859375</ele></trkpt><trkpt lat="45.98530453117564" lon="7.213647383730859"><ele>2242.0</ele></trkpt><trkpt lat="45.985397406853735" lon="7.213757975026965"><ele>2243.5</ele></trkpt><trkpt lat="45.985451586544514" lon="7.2138609839603305"><ele>2244.8999938964844</ele></trkpt><trkpt lat="45.9855066658929" lon="7.213963989634067"><ele>2245.5999755859375</ele></trkpt><trkpt lat="45.985559043474495" lon="7.214065715670586"><ele>2245.699981689453</ele></trkpt><trkpt lat="45.985613223165274" lon="7.214168725069612"><ele>2246.699981689453</ele></trkpt><trkpt lat="45.985668302048" lon="7.21427173120901"><ele>2248.8999938964844</ele></trkpt><trkpt lat="45.985722481738776" lon="7.214374741539359"><ele>2251.0</ele></trkpt><trkpt lat="45.98577845748514" lon="7.214476454071701"><ele>2253.0</ele></trkpt><trkpt lat="45.985832636710256" lon="7.21457946440205"><ele>2255.199981689453</ele></trkpt><trkpt lat="45.98588771559298" lon="7.21468247147277"><ele>2257.5999755859375</ele></trkpt><trkpt lat="45.985955444630235" lon="7.214813815895468"><ele>2259.699981689453</ele></trkpt><trkpt lat="45.98602039180696" lon="7.214903878513724"><ele>2261.3999938964844</ele></trkpt><trkpt lat="45.986085339449346" lon="7.214993941131979"><ele>2263.5</ele></trkpt><trkpt lat="45.98615028196946" lon="7.215081423521042"><ele>2265.699981689453</ele></trkpt><trkpt lat="45.98621522914618" lon="7.215171486604959"><ele>2267.0</ele></trkpt><trkpt lat="45.9862801739946" lon="7.21526025980711"><ele>2267.8999938964844</ele></trkpt><trkpt lat="45.986345121171325" lon="7.215350323356688"><ele>2268.8999938964844</ele></trkpt><trkpt lat="45.98641006555408" lon="7.215439096558839"><ele>2270.0</ele></trkpt><trkpt lat="45.986480419989675" lon="7.215534300077707"><ele>2271.0999755859375</ele></trkpt><trkpt lat="45.98653100524098" lon="7.215639908332378"><ele>2271.8999938964844</ele></trkpt><trkpt lat="45.98658338654786" lon="7.215744219254702"><ele>2272.3999938964844</ele></trkpt><trkpt lat="45.986636669840664" lon="7.215849816799164"><ele>2272.699981689453</ele></trkpt><trkpt lat="45.986687251832336" lon="7.215954134706408"><ele>2272.7999877929688</ele></trkpt><trkpt lat="45.98674143478274" lon="7.21605972899124"><ele>2273.199981689453</ele></trkpt><trkpt lat="45.98678749613464" lon="7.2161524523980916"><ele>2274.199981689453</ele></trkpt><trkpt lat="45.98682011803612" lon="7.216272330377251"><ele>2275.7999877929688</ele></trkpt><trkpt lat="45.98686721967533" lon="7.216436024289578"><ele>2277.0999755859375</ele></trkpt><trkpt lat="45.986929474398494" lon="7.216529972385615"><ele>2277.0999755859375</ele></trkpt><trkpt lat="45.98699173191562" lon="7.216625210829079"><ele>2277.199981689453</ele></trkpt><trkpt lat="45.987051288597286" lon="7.216719170566648"><ele>2277.699981689453</ele></trkpt><trkpt lat="45.987114442978054" lon="7.216813115868717"><ele>2278.0</ele></trkpt><trkpt lat="45.987173999194056" lon="7.216907076071948"><ele>2279.0</ele></trkpt><trkpt lat="45.98723535705358" lon="7.217002319172025"><ele>2280.7999877929688</ele></trkpt><trkpt lat="45.987298511434346" lon="7.2170962654054165"><ele>2281.7999877929688</ele></trkpt><trkpt lat="45.98735806765035" lon="7.217190226074308"><ele>2282.5</ele></trkpt><trkpt lat="45.98741942504421" lon="7.217285470105708"><ele>2283.3999938964844</ele></trkpt><trkpt lat="45.987482578959316" lon="7.217379416339099"><ele>2283.5999755859375</ele></trkpt><trkpt lat="45.98757100664079" lon="7.217517136130482"><ele>2284.199981689453</ele></trkpt><trkpt lat="45.987622489687055" lon="7.217622744385153"><ele>2286.0999755859375</ele></trkpt><trkpt lat="45.987675776239485" lon="7.21773092681542"><ele>2287.2999877929688</ele></trkpt><trkpt lat="45.987753454595804" lon="7.21789191942662"><ele>2286.8999938964844</ele></trkpt><trkpt lat="45.987817492336035" lon="7.21797812031582"><ele>2285.8999938964844</ele></trkpt><trkpt lat="45.98788423324004" lon="7.218066891655326"><ele>2284.5999755859375</ele></trkpt><trkpt lat="45.987986142747104" lon="7.218199396505952"><ele>2283.5999755859375</ele></trkpt><trkpt lat="45.98804660467431" lon="7.218297227285802"><ele>2283.5999755859375</ele></trkpt><trkpt lat="45.98810436576605" lon="7.218393778894097"><ele>2283.699981689453</ele></trkpt><trkpt lat="45.98816303117201" lon="7.218492907937616"><ele>2284.2999877929688</ele></trkpt><trkpt lat="45.988222585991025" lon="7.2185868714004755"><ele>2285.5999755859375</ele></trkpt><trkpt lat="45.9883217131719" lon="7.218676804099232"><ele>2287.699981689453</ele></trkpt><trkpt lat="45.98836241615936" lon="7.218790201935917"><ele>2291.2999877929688</ele></trkpt><trkpt lat="45.98836241615936" lon="7.218790201935917"><ele>2291.2999877929688</ele></trkpt><trkpt lat="45.98836241615936" lon="7.218790201935917"><ele>2291.2999877929688</ele></trkpt><trkpt lat="45.98841939447448" lon="7.218946120236069"><ele>2295.3999938964844</ele></trkpt><trkpt lat="45.988483439199626" lon="7.219036195427179"><ele>2297.5999755859375</ele></trkpt><trkpt lat="45.988548380788416" lon="7.219124977011234"><ele>2298.3999938964844</ele></trkpt><trkpt lat="45.98861421644688" lon="7.219211173709482"><ele>2299.2999877929688</ele></trkpt><trkpt lat="45.98868275620043" lon="7.219299940858036"><ele>2300.3999938964844</ele></trkpt><trkpt lat="45.988748591858894" lon="7.219386138021946"><ele>2301.0999755859375</ele></trkpt><trkpt lat="45.98881443263963" lon="7.219474916346371"><ele>2301.5999755859375</ele></trkpt><trkpt lat="45.98887847177684" lon="7.21956241177395"><ele>2301.5999755859375</ele></trkpt><trkpt lat="45.98894520942122" lon="7.219649896491319"><ele>2301.699981689453</ele></trkpt><trkpt lat="45.989011047407985" lon="7.219737384933978"><ele>2302.2999877929688</ele></trkpt><trkpt lat="45.989078684244305" lon="7.219824866391718"><ele>2303.0</ele></trkpt><trkpt lat="45.98914452223107" lon="7.219912355300039"><ele>2303.699981689453</ele></trkpt><trkpt lat="45.98920946056023" lon="7.219999848399311"><ele>2304.8999938964844</ele></trkpt><trkpt lat="45.98925816453993" lon="7.220065468456596"><ele>2307.5</ele></trkpt><trkpt lat="45.989329382777214" lon="7.220143903512508"><ele>2312.0</ele></trkpt><trkpt lat="45.98940239986405" lon="7.220222331117839"><ele>2316.0999755859375</ele></trkpt><trkpt lat="45.98945649340749" lon="7.220284058712423"><ele>2319.0999755859375</ele></trkpt><trkpt lat="45.989535784348845" lon="7.2203508471138775"><ele>2321.2999877929688</ele></trkpt><trkpt lat="45.98961147898808" lon="7.220418940298259"><ele>2322.2999877929688</ele></trkpt><trkpt lat="45.98968806536868" lon="7.220483158715069"><ele>2322.5999755859375</ele></trkpt><trkpt lat="45.98975564399734" lon="7.22054096031934"><ele>2322.5</ele></trkpt><trkpt lat="45.98985457094386" lon="7.220528949517757"><ele>2322.7999877929688</ele></trkpt><trkpt lat="45.989746673963964" lon="7.220553901512176"><ele>2323.3999938964844</ele></trkpt><trkpt lat="45.98985464358702" lon="7.220566374249756"><ele>2323.5999755859375</ele></trkpt><trkpt lat="45.98996276455" lon="7.220656276680529"><ele>2324.5</ele></trkpt><trkpt lat="45.99000616883859" lon="7.220772249624133"><ele>2326.5</ele></trkpt><trkpt lat="45.99008545419201" lon="7.220836458262056"><ele>2328.3999938964844</ele></trkpt><trkpt lat="45.99016204336658" lon="7.220901968423277"><ele>2330.7999877929688</ele></trkpt><trkpt lat="45.99024042673409" lon="7.220964890904725"><ele>2334.0</ele></trkpt><trkpt lat="45.99030349543318" lon="7.221016259863973"><ele>2336.7999877929688</ele></trkpt><trkpt lat="45.990389036946" lon="7.221059795469046"><ele>2337.3999938964844</ele></trkpt><trkpt lat="45.99047547020018" lon="7.221099455840886"><ele>2335.699981689453</ele></trkpt><trkpt lat="45.990593422204256" lon="7.221157057676464"><ele>2333.199981689453</ele></trkpt><trkpt lat="45.99064130522311" lon="7.221263980027288"><ele>2332.0999755859375</ele></trkpt><trkpt lat="45.99070001859218" lon="7.221388927195221"><ele>2332.199981689453</ele></trkpt><trkpt lat="45.99072634568438" lon="7.221512713469565"><ele>2333.3999938964844</ele></trkpt><trkpt lat="45.99075357476249" lon="7.221637786831707"><ele>2335.0999755859375</ele></trkpt><trkpt lat="45.990778097417206" lon="7.221758998930454"><ele>2335.8999938964844</ele></trkpt><trkpt lat="45.990804424043745" lon="7.221882785670459"><ele>2336.5</ele></trkpt><trkpt lat="45.9908316526562" lon="7.222007859032601"><ele>2338.0</ele></trkpt><trkpt lat="45.99085436621681" lon="7.222123917192221"><ele>2340.3999938964844</ele></trkpt><trkpt lat="45.990900492761284" lon="7.222252787556499"><ele>2343.0</ele></trkpt><trkpt lat="45.9909825255163" lon="7.2223427994176745"><ele>2345.0</ele></trkpt><trkpt lat="45.99107249453664" lon="7.222350184805691"><ele>2345.699981689453</ele></trkpt><trkpt lat="45.99116246588528" lon="7.222358861006796"><ele>2345.8999938964844</ele></trkpt><trkpt lat="45.99127942370251" lon="7.222367430105805"><ele>2346.0999755859375</ele></trkpt><trkpt lat="45.991364050190896" lon="7.222403229214251"><ele>2347.3999938964844</ele></trkpt><trkpt lat="45.99145047646016" lon="7.222439021337777"><ele>2350.3999938964844</ele></trkpt><trkpt lat="45.991538702044636" lon="7.222474806942046"><ele>2354.3999938964844</ele></trkpt><trkpt lat="45.99162332667038" lon="7.2225093161687255"><ele>2359.0</ele></trkpt><trkpt lat="45.99168454576284" lon="7.222534884698689"><ele>2363.0</ele></trkpt><trkpt lat="45.99177448777482" lon="7.222528075333685"><ele>2366.199981689453</ele></trkpt><trkpt lat="45.99189141392708" lon="7.222519867587835"><ele>2369.5</ele></trkpt><trkpt lat="45.99197227321565" lon="7.222467924468219"><ele>2371.7999877929688</ele></trkpt><trkpt lat="45.9920567329973" lon="7.222417257260531"><ele>2373.0999755859375</ele></trkpt><trkpt lat="45.99213849147782" lon="7.222365309484303"><ele>2373.5</ele></trkpt><trkpt lat="45.99221935495734" lon="7.222315946593881"><ele>2373.0999755859375</ele></trkpt><trkpt lat="45.99230381194502" lon="7.222263988107443"><ele>2372.8999938964844</ele></trkpt><trkpt lat="45.99238647008315" lon="7.222212036605924"><ele>2373.2999877929688</ele></trkpt><trkpt lat="45.99246732890606" lon="7.222160092089325"><ele>2374.3999938964844</ele></trkpt><trkpt lat="45.992551788687706" lon="7.222109423484653"><ele>2375.7999877929688</ele></trkpt><trkpt lat="45.99263444682583" lon="7.222057471983135"><ele>2377.0</ele></trkpt><trkpt lat="45.99271530797705" lon="7.222006817348301"><ele>2378.699981689453</ele></trkpt><trkpt lat="45.99278808385134" lon="7.221961357630789"><ele>2380.199981689453</ele></trkpt><trkpt lat="45.99285538448021" lon="7.221875911112875"><ele>2380.8999938964844</ele></trkpt><trkpt lat="45.99294243007898" lon="7.221767155453563"><ele>2382.199981689453</ele></trkpt><trkpt lat="45.993019663728774" lon="7.221701028291136"><ele>2385.0999755859375</ele></trkpt><trkpt lat="45.99312024284154" lon="7.221612867433578"><ele>2388.5999755859375</ele></trkpt><trkpt lat="45.99317040713504" lon="7.221504258457571"><ele>2391.7999877929688</ele></trkpt><trkpt lat="45.993238505441695" lon="7.221365893725306"><ele>2395.7999877929688</ele></trkpt><trkpt lat="45.99331213301048" lon="7.221295908559114"><ele>2399.0999755859375</ele></trkpt><trkpt lat="45.99341628886759" lon="7.221197406761348"><ele>2399.0</ele></trkpt><trkpt lat="45.993451142683625" lon="7.2210798230953515"><ele>2396.8999938964844</ele></trkpt><trkpt lat="45.99349851952866" lon="7.220926052425057"><ele>2395.3999938964844</ele></trkpt><trkpt lat="45.99355950765312" lon="7.220832885242999"><ele>2395.8999938964844</ele></trkpt><trkpt lat="45.993620488327" lon="7.220735846552998"><ele>2398.3999938964844</ele></trkpt><trkpt lat="45.99368147412315" lon="7.220641388557851"><ele>2401.2999877929688</ele></trkpt><trkpt lat="45.99372273031622" lon="7.2205779841169715"><ele>2402.5999755859375</ele></trkpt><trkpt lat="45.99375848053023" lon="7.220459104981273"><ele>2402.199981689453</ele></trkpt><trkpt lat="45.99380138423294" lon="7.220318256877363"><ele>2401.7999877929688</ele></trkpt><trkpt lat="45.99385335622355" lon="7.220214799977839"><ele>2402.5999755859375</ele></trkpt><trkpt lat="45.99390622321516" lon="7.220108758192509"><ele>2404.5</ele></trkpt><trkpt lat="45.993958190083504" lon="7.22000272013247"><ele>2406.7999877929688</ele></trkpt><trkpt lat="45.99401015974581" lon="7.219897971954197"><ele>2409.199981689453</ele></trkpt><trkpt lat="45.99406302906573" lon="7.219793220516294"><ele>2411.5999755859375</ele></trkpt><trkpt lat="45.99411679711193" lon="7.21968846488744"><ele>2413.7999877929688</ele></trkpt><trkpt lat="45.99416876398027" lon="7.219582425896078"><ele>2415.7999877929688</ele></trkpt><trkpt lat="45.99422073550522" lon="7.219478967599571"><ele>2417.2999877929688</ele></trkpt><trkpt lat="45.99427360156551" lon="7.219372924417257"><ele>2418.8999938964844</ele></trkpt><trkpt lat="45.99434976186603" lon="7.219219034072012"><ele>2420.7999877929688</ele></trkpt><trkpt lat="45.99438731558621" lon="7.219102727249265"><ele>2422.199981689453</ele></trkpt><trkpt lat="45.99442756688222" lon="7.218986409250647"><ele>2423.199981689453</ele></trkpt><trkpt lat="45.99442756688222" lon="7.218986409250647"><ele>2423.199981689453</ele></trkpt><trkpt lat="45.99442756688222" lon="7.218986409250647"><ele>2423.199981689453</ele></trkpt><trkpt lat="45.99448211025447" lon="7.218818408437073"><ele>2424.5999755859375</ele></trkpt><trkpt lat="45.99453857867047" lon="7.218714930582792"><ele>2425.8999938964844</ele></trkpt><trkpt lat="45.99459145125002" lon="7.218612757977098"><ele>2427.0999755859375</ele></trkpt><trkpt lat="45.99464522115886" lon="7.218509290367365"><ele>2427.7999877929688</ele></trkpt><trkpt lat="45.99470079224557" lon="7.218407106120139"><ele>2428.2999877929688</ele></trkpt><trkpt lat="45.994755463674664" lon="7.218304925598204"><ele>2428.7999877929688</ele></trkpt><trkpt lat="45.99479758227244" lon="7.218223445583135"><ele>2429.699981689453</ele></trkpt><trkpt lat="45.9948684964329" lon="7.218147011008114"><ele>2431.5</ele></trkpt><trkpt lat="45.99495737068355" lon="7.218055016361177"><ele>2432.8999938964844</ele></trkpt><trkpt lat="45.995001228991896" lon="7.217943843919784"><ele>2432.699981689453</ele></trkpt><trkpt lat="45.99504508264363" lon="7.217830090317875"><ele>2432.199981689453</ele></trkpt><trkpt lat="45.99507552711293" lon="7.217758981976658"><ele>2432.0999755859375</ele></trkpt><trkpt lat="45.99514643801376" lon="7.217681255657226"><ele>2433.0999755859375</ele></trkpt><trkpt lat="45.99524428229779" lon="7.217576317023486"><ele>2436.0999755859375</ele></trkpt><trkpt lat="45.99535210011527" lon="7.217511347495019"><ele>2440.0999755859375</ele></trkpt><trkpt lat="45.99541668407619" lon="7.217418158892542"><ele>2442.199981689453</ele></trkpt><trkpt lat="45.9954794710502" lon="7.2173262680880725"><ele>2442.699981689453</ele></trkpt><trkpt lat="45.995540455915034" lon="7.217233093455434"><ele>2443.2999877929688</ele></trkpt><trkpt lat="45.99560234323144" lon="7.217141205910593"><ele>2443.5999755859375</ele></trkpt><trkpt lat="45.99566512694582" lon="7.217048023361713"><ele>2443.3999938964844</ele></trkpt><trkpt lat="45.99573060963303" lon="7.2169548301026225"><ele>2443.2999877929688</ele></trkpt><trkpt lat="45.99580423394218" lon="7.216884834691882"><ele>2443.699981689453</ele></trkpt><trkpt lat="45.99588145921007" lon="7.21681611565873"><ele>2444.699981689453</ele></trkpt><trkpt lat="45.99595778202638" lon="7.216746109072119"><ele>2445.5999755859375</ele></trkpt><trkpt lat="45.996032308321446" lon="7.2166774002835155"><ele>2445.8999938964844</ele></trkpt><trkpt lat="45.996109530795366" lon="7.216607389505953"><ele>2445.8999938964844</ele></trkpt><trkpt lat="45.99618405941874" lon="7.216539971064776"><ele>2445.7999877929688</ele></trkpt><trkpt lat="45.99626846238971" lon="7.216462187003344"><ele>2446.2999877929688</ele></trkpt><trkpt lat="45.996350223664194" lon="7.216412807814777"><ele>2447.699981689453</ele></trkpt><trkpt lat="45.996456236578524" lon="7.216345260385424"><ele>2449.7999877929688</ele></trkpt><trkpt lat="45.99653165228665" lon="7.216271384619176"><ele>2452.0</ele></trkpt><trkpt lat="45.9966375855729" lon="7.216163826175034"><ele>2455.0999755859375</ele></trkpt><trkpt lat="45.996745456941426" lon="7.216125956270844"><ele>2458.699981689453</ele></trkpt><trkpt lat="45.9968073409982" lon="7.216032774653286"><ele>2461.7999877929688</ele></trkpt><trkpt lat="45.99689614446834" lon="7.215905925258994"><ele>2464.8999938964844</ele></trkpt><trkpt lat="45.996944499667734" lon="7.215794729534537"><ele>2467.7999877929688</ele></trkpt><trkpt lat="45.997013443149626" lon="7.215633112471551"><ele>2469.8999938964844</ele></trkpt><trkpt lat="45.997046487405896" lon="7.215512943454087"><ele>2470.7999877929688</ele></trkpt><trkpt lat="45.997079531196505" lon="7.215392774436623"><ele>2471.2999877929688</ele></trkpt><trkpt lat="45.997111678123474" lon="7.215273899957538"><ele>2472.2999877929688</ele></trkpt><trkpt lat="45.99714471679181" lon="7.215151149779558"><ele>2473.5</ele></trkpt><trkpt lat="45.997175061609596" lon="7.215030991472304"><ele>2474.0999755859375</ele></trkpt><trkpt lat="45.997207205276936" lon="7.214910825248808"><ele>2474.0999755859375</ele></trkpt><trkpt lat="45.99723758082837" lon="7.214806154835969"><ele>2473.7999877929688</ele></trkpt><trkpt lat="45.99724542116746" lon="7.214678344782442"><ele>2472.7999877929688</ele></trkpt><trkpt lat="45.9972541583702" lon="7.2145492397248745"><ele>2471.2999877929688</ele></trkpt><trkpt lat="45.9972655964084" lon="7.214421414304525"><ele>2469.7999877929688</ele></trkpt><trkpt lat="45.99727343348786" lon="7.214292312972248"><ele>2468.199981689453</ele></trkpt><trkpt lat="45.99728217255324" lon="7.214164498727769"><ele>2466.5</ele></trkpt><trkpt lat="45.99729360733181" lon="7.21403538249433"><ele>2464.0999755859375</ele></trkpt><trkpt lat="45.997307603247464" lon="7.2138378489762545"><ele>2461.199981689453</ele></trkpt><trkpt lat="45.99737745849416" lon="7.213683967944235"><ele>2458.5999755859375</ele></trkpt><trkpt lat="45.9973924937658" lon="7.213556127157062"><ele>2456.5999755859375</ele></trkpt><trkpt lat="45.99740842822939" lon="7.213428283110261"><ele>2455.0999755859375</ele></trkpt><trkpt lat="45.99743144726381" lon="7.2132449094206095"><ele>2454.0999755859375</ele></trkpt><trkpt lat="45.9974842579104" lon="7.213114330545068"><ele>2453.5</ele></trkpt><trkpt lat="45.997494409792125" lon="7.213242067024112"><ele>2452.2999877929688</ele></trkpt><trkpt lat="45.99750546365976" lon="7.2133710901252925"><ele>2451.0</ele></trkpt><trkpt lat="45.997516514733434" lon="7.213498822879046"><ele>2450.5</ele></trkpt><trkpt lat="45.997526668943465" lon="7.213627850171179"><ele>2450.199981689453</ele></trkpt><trkpt lat="45.997536823153496" lon="7.213756877463311"><ele>2449.7999877929688</ele></trkpt><trkpt lat="45.99754517292604" lon="7.213883331045508"><ele>2450.0</ele></trkpt><trkpt lat="45.99755808757618" lon="7.214043323881924"><ele>2450.3999938964844</ele></trkpt><trkpt lat="45.99759161612019" lon="7.214165801182389"><ele>2450.2999877929688</ele></trkpt><trkpt lat="45.99764146562666" lon="7.214352746494114"><ele>2450.7999877929688</ele></trkpt><trkpt lat="45.99768756702542" lon="7.214464847464114"><ele>2451.5999755859375</ele></trkpt><trkpt lat="45.99775717500597" lon="7.214636223390698"><ele>2451.3999938964844</ele></trkpt><trkpt lat="45.997752035968006" lon="7.214765314478427"><ele>2450.3999938964844</ele></trkpt><trkpt lat="45.99774869531393" lon="7.214894397649914"><ele>2449.7999877929688</ele></trkpt><trkpt lat="45.99774006102234" lon="7.2150751310400665"><ele>2450.0999755859375</ele></trkpt><trkpt lat="45.997793342452496" lon="7.2151794587261975"><ele>2450.3999938964844</ele></trkpt><trkpt lat="45.99786648573354" lon="7.215319844894111"><ele>2450.5</ele></trkpt><trkpt lat="45.997905399650335" lon="7.215437138918787"><ele>2450.0</ele></trkpt><trkpt lat="45.997943414375186" lon="7.215554436668754"><ele>2449.699981689453</ele></trkpt><trkpt lat="45.99798142910004" lon="7.215671735350043"><ele>2450.2999877929688</ele></trkpt><trkpt lat="45.99801854416728" lon="7.2157890372909606"><ele>2450.199981689453</ele></trkpt><trkpt lat="45.99805747019127" lon="7.215912785381079"><ele>2449.199981689453</ele></trkpt><trkpt lat="45.99813956161961" lon="7.216029903385788"><ele>2447.5999755859375</ele></trkpt><trkpt lat="45.99814521474764" lon="7.216158950701356"><ele>2445.0</ele></trkpt><trkpt lat="45.99815639061853" lon="7.216351219918579"><ele>2441.3999938964844</ele></trkpt><trkpt lat="45.99823942920193" lon="7.216492858249694"><ele>2438.2999877929688</ele></trkpt><trkpt lat="45.99826036673039" lon="7.216617971658707"><ele>2437.0999755859375</ele></trkpt><trkpt lat="45.998292193282396" lon="7.216790796723217"><ele>2437.0</ele></trkpt><trkpt lat="45.99835444521159" lon="7.216883474495262"><ele>2436.199981689453</ele></trkpt><trkpt lat="45.998418496456" lon="7.216976144351065"><ele>2434.7999877929688</ele></trkpt><trkpt lat="45.99845549184829" lon="7.217034075874835"><ele>2433.2999877929688</ele></trkpt><trkpt lat="45.99853745661676" lon="7.217087951488793"><ele>2429.699981689453</ele></trkpt><trkpt lat="45.99853745661676" lon="7.217087951488793"><ele>2429.699981689453</ele></trkpt><trkpt lat="45.99853745661676" lon="7.217087951488793"><ele>2429.699981689453</ele></trkpt><trkpt lat="45.998654543887824" lon="7.217162335757166"><ele>2424.3999938964844</ele></trkpt><trkpt lat="45.99871679767966" lon="7.217256303876638"><ele>2419.3999938964844</ele></trkpt><trkpt lat="45.998797103296965" lon="7.217381177004427"><ele>2414.8999938964844</ele></trkpt><trkpt lat="45.998914195690304" lon="7.217458143830299"><ele>2412.0</ele></trkpt><trkpt lat="45.99894681852311" lon="7.217579339630902"><ele>2412.3999938964844</ele></trkpt><trkpt lat="45.99898851849139" lon="7.217741801869124"><ele>2414.0</ele></trkpt><trkpt lat="45.998982477001846" lon="7.217870899476111"><ele>2416.2999877929688</ele></trkpt><trkpt lat="45.99897828511894" lon="7.218025804497302"><ele>2419.8999938964844</ele></trkpt><trkpt lat="45.999042333103716" lon="7.218117186799645"><ele>2422.3999938964844</ele></trkpt><trkpt lat="45.99913344113156" lon="7.218245890457183"><ele>2423.2999877929688</ele></trkpt><trkpt lat="45.99919666023925" lon="7.2183734169229865"><ele>2424.199981689453</ele></trkpt><trkpt lat="45.999213131610304" lon="7.218515331391245"><ele>2425.8999938964844</ele></trkpt><trkpt lat="45.99927449086681" lon="7.218611888587475"><ele>2427.8999938964844</ele></trkpt><trkpt lat="45.999358414672315" lon="7.218747076578438"><ele>2429.8999938964844</ele></trkpt><trkpt lat="45.99934949539602" lon="7.218785834964365"><ele>2431.7999877929688</ele></trkpt><trkpt lat="45.99926941143349" lon="7.218773251399398"><ele>2433.0999755859375</ele></trkpt><trkpt lat="45.999195504933596" lon="7.218699978198856"><ele>2433.699981689453</ele></trkpt><trkpt lat="45.9991207011044" lon="7.218628000002354"><ele>2434.699981689453</ele></trkpt><trkpt lat="45.99900623969734" lon="7.218516170047224"><ele>2437.5</ele></trkpt><trkpt lat="45.99896241631359" lon="7.218645420391113"><ele>2441.5</ele></trkpt><trkpt lat="45.99896359536797" lon="7.218787396326661"><ele>2444.5</ele></trkpt><trkpt lat="45.999024047050625" lon="7.218880084343255"><ele>2446.0</ele></trkpt><trkpt lat="45.99908719724044" lon="7.2189727621153"><ele>2447.199981689453</ele></trkpt><trkpt lat="45.99917831970379" lon="7.219109212048352"><ele>2448.8999938964844</ele></trkpt><trkpt lat="45.999179497826844" lon="7.2192511879839"><ele>2451.199981689453</ele></trkpt><trkpt lat="45.9992525880225" lon="7.219367059879005"><ele>2453.2999877929688</ele></trkpt><trkpt lat="45.99926543235779" lon="7.2194947907701135"><ele>2455.5999755859375</ele></trkpt><trkpt lat="45.99927827902138" lon="7.219623812939972"><ele>2458.0</ele></trkpt><trkpt lat="45.999298399314284" lon="7.219792818650603"><ele>2459.8999938964844</ele></trkpt><trkpt lat="45.99932742211968" lon="7.219914031215012"><ele>2461.199981689453</ele></trkpt><trkpt lat="45.99936911882833" lon="7.2200764967128634"><ele>2463.3999938964844</ele></trkpt><trkpt lat="45.999369396362454" lon="7.220218476839364"><ele>2466.5</ele></trkpt><trkpt lat="45.999414595309645" lon="7.2203318807296455"><ele>2469.3999938964844</ele></trkpt><trkpt lat="45.9994561932981" lon="7.220444008242339"><ele>2471.8999938964844</ele></trkpt><trkpt lat="45.999500492587686" lon="7.220557415857911"><ele>2474.2999877929688</ele></trkpt><trkpt lat="45.999568302650005" lon="7.220733975991607"><ele>2476.5999755859375</ele></trkpt><trkpt lat="45.99957849923521" lon="7.220888824667782"><ele>2478.699981689453</ele></trkpt><trkpt lat="45.99962462950498" lon="7.221019004937261"><ele>2480.5</ele></trkpt><trkpt lat="45.99969942169264" lon="7.221085824538022"><ele>2481.3999938964844</ele></trkpt><trkpt lat="45.999777814839035" lon="7.221153920516372"><ele>2481.2999877929688</ele></trkpt><trkpt lat="45.99985350854695" lon="7.221222027670592"><ele>2480.699981689453</ele></trkpt><trkpt lat="45.999928303062916" lon="7.221290138550103"><ele>2480.199981689453</ele></trkpt><trkpt lat="45.99998327065259" lon="7.2213389673270285"><ele>2480.3999938964844</ele></trkpt><trkpt lat="46.000066126231104" lon="7.221388976089656"><ele>2481.699981689453</ele></trkpt><trkpt lat="46.000172399915755" lon="7.221454380080104"><ele>2483.199981689453</ele></trkpt><trkpt lat="46.00027137435973" lon="7.221466892864555"><ele>2483.3999938964844</ele></trkpt><trkpt lat="46.000353334937245" lon="7.221519486512989"><ele>2482.7999877929688</ele></trkpt><trkpt lat="46.00047042267397" lon="7.221595174167305"><ele>2482.7999877929688</ele></trkpt><trkpt lat="46.00055944221094" lon="7.221576748415828"><ele>2483.8999938964844</ele></trkpt><trkpt lat="46.00066734990105" lon="7.221556956414133"><ele>2485.699981689453</ele></trkpt><trkpt lat="46.000766372308135" lon="7.221593994181603"><ele>2487.3999938964844</ele></trkpt><trkpt lat="46.00083670159802" lon="7.221678904257715"><ele>2488.3999938964844</ele></trkpt><trkpt lat="46.00090342760086" lon="7.221761248074472"><ele>2489.2999877929688</ele></trkpt><trkpt lat="46.00101162260398" lon="7.22188989399001"><ele>2490.5</ele></trkpt><trkpt lat="46.00106130493805" lon="7.221996830776334"><ele>2491.5999755859375</ele></trkpt><trkpt lat="46.00113626150414" lon="7.22214884404093"><ele>2492.2999877929688</ele></trkpt><trkpt lat="46.0012020948343" lon="7.222235064487904"><ele>2492.7999877929688</ele></trkpt><trkpt lat="46.001263418234885" lon="7.2223148490302265"><ele>2493.0</ele></trkpt><trkpt lat="46.00134805496782" lon="7.2223558174446225"><ele>2493.2999877929688</ele></trkpt><trkpt lat="46.0014344858937" lon="7.222394197713584"><ele>2494.0</ele></trkpt><trkpt lat="46.001519119832665" lon="7.222433875780553"><ele>2494.7999877929688</ele></trkpt><trkpt lat="46.00160645507276" lon="7.2224748339504"><ele>2496.0</ele></trkpt><trkpt lat="46.00173250306398" lon="7.222532419022173"><ele>2497.5</ele></trkpt><trkpt lat="46.001818789634854" lon="7.222495933994651"><ele>2498.2999877929688</ele></trkpt><trkpt lat="46.001903276424855" lon="7.222459455952048"><ele>2498.0999755859375</ele></trkpt><trkpt lat="46.00199046218768" lon="7.222422967199236"><ele>2498.199981689453</ele></trkpt><trkpt lat="46.00209921691567" lon="7.2223760657943785"><ele>2498.2999877929688</ele></trkpt><trkpt lat="46.002184581011534" lon="7.22232796670869"><ele>2497.7999877929688</ele></trkpt><trkpt lat="46.00226544216275" lon="7.222277303691953"><ele>2497.199981689453</ele></trkpt><trkpt lat="46.00235080393031" lon="7.222227913793176"><ele>2496.8999938964844</ele></trkpt><trkpt lat="46.00243346905336" lon="7.222179824952036"><ele>2497.0999755859375</ele></trkpt><trkpt lat="46.002515230327845" lon="7.222129157744348"><ele>2497.699981689453</ele></trkpt><trkpt lat="46.0025996924378" lon="7.2220797711052"><ele>2497.8999938964844</ele></trkpt><trkpt lat="46.00268145557493" lon="7.2220303947106"><ele>2498.199981689453</ele></trkpt><trkpt lat="46.002764121163636" lon="7.221982305403799"><ele>2499.0</ele></trkpt><trkpt lat="46.0028494829312" lon="7.221932914108038"><ele>2500.0999755859375</ele></trkpt><trkpt lat="46.00293034920469" lon="7.221884831786156"><ele>2501.199981689453</ele></trkpt><trkpt lat="46.00299953389913" lon="7.221843250095844"><ele>2501.5</ele></trkpt><trkpt lat="46.003088558558375" lon="7.221827405504882"><ele>2501.3999938964844</ele></trkpt><trkpt lat="46.00317758042365" lon="7.221810269635171"><ele>2501.5999755859375</ele></trkpt><trkpt lat="46.003267504740506" lon="7.2217944213189185"><ele>2502.2999877929688</ele></trkpt><trkpt lat="46.00335742626339" lon="7.221777282189578"><ele>2503.2999877929688</ele></trkpt><trkpt lat="46.00343646854162" lon="7.221716298256069"><ele>2504.5999755859375</ele></trkpt><trkpt lat="46.00351641047746" lon="7.221655310597271"><ele>2506.199981689453</ele></trkpt><trkpt lat="46.003595457877964" lon="7.221596907824278"><ele>2507.5999755859375</ele></trkpt><trkpt lat="46.0036753998138" lon="7.221535919699818"><ele>2508.7999877929688</ele></trkpt><trkpt lat="46.00375444209203" lon="7.221474934834987"><ele>2510.199981689453</ele></trkpt><trkpt lat="46.00375444209203" lon="7.221474934834987"><ele>2510.199981689453</ele></trkpt><trkpt lat="46.00375444209203" lon="7.221474934834987"><ele>2510.199981689453</ele></trkpt><trkpt lat="46.00381641788408" lon="7.221426926553249"><ele>2512.199981689453</ele></trkpt><trkpt lat="46.0039017922245" lon="7.221383988391608"><ele>2514.5999755859375</ele></trkpt><trkpt lat="46.00398446014151" lon="7.22133718803525"><ele>2516.699981689453</ele></trkpt><trkpt lat="46.004070731345564" lon="7.221292954869568"><ele>2518.5</ele></trkpt><trkpt lat="46.00415340391919" lon="7.221248735673726"><ele>2520.199981689453</ele></trkpt><trkpt lat="46.00423967745155" lon="7.221205792855471"><ele>2521.0</ele></trkpt><trkpt lat="46.0043223449029" lon="7.221158992033452"><ele>2521.3999938964844</ele></trkpt><trkpt lat="46.00440861610696" lon="7.221114757936448"><ele>2523.0</ele></trkpt><trkpt lat="46.00448140408844" lon="7.221075741574168"><ele>2525.5</ele></trkpt><trkpt lat="46.0045450986363" lon="7.2209864179603755"><ele>2527.2999877929688</ele></trkpt><trkpt lat="46.004611489363015" lon="7.220895792357624"><ele>2528.7999877929688</ele></trkpt><trkpt lat="46.00467428471893" lon="7.220806471537799"><ele>2531.0999755859375</ele></trkpt><trkpt lat="46.004742469172925" lon="7.220713256858289"><ele>2533.699981689453</ele></trkpt><trkpt lat="46.00483047403395" lon="7.220635452773422"><ele>2535.699981689453</ele></trkpt><trkpt lat="46.0049204537645" lon="7.220648000948131"><ele>2537.8999938964844</ele></trkpt><trkpt lat="46.0050011863932" lon="7.220531499478966"><ele>2540.2999877929688</ele></trkpt><trkpt lat="46.00501168239862" lon="7.2203778442926705"><ele>2542.0</ele></trkpt><trkpt lat="46.00507447402924" lon="7.220287231262773"><ele>2542.5999755859375</ele></trkpt><trkpt lat="46.00513906730339" lon="7.220197902061045"><ele>2542.0999755859375</ele></trkpt><trkpt lat="46.00520545709878" lon="7.220107274129987"><ele>2542.5</ele></trkpt><trkpt lat="46.00527184223756" lon="7.2200140645727515"><ele>2545.5999755859375</ele></trkpt><trkpt lat="46.005310298874974" lon="7.219899022951722"><ele>2550.0</ele></trkpt><trkpt lat="46.00535145401955" lon="7.219783969689161"><ele>2552.5</ele></trkpt><trkpt lat="46.0053935078904" lon="7.219668912235647"><ele>2552.7999877929688</ele></trkpt><trkpt lat="46.005434662569314" lon="7.219553858507425"><ele>2554.199981689453</ele></trkpt><trkpt lat="46.005495495628566" lon="7.2193819265812635"><ele>2555.8999938964844</ele></trkpt><trkpt lat="46.00555738201365" lon="7.219288733322173"><ele>2555.699981689453</ele></trkpt><trkpt lat="46.00562017271295" lon="7.219198118429631"><ele>2556.199981689453</ele></trkpt><trkpt lat="46.0056730969809" lon="7.219121742993593"><ele>2558.0999755859375</ele></trkpt><trkpt lat="46.005676445085555" lon="7.218993932008743"><ele>2559.5999755859375</ele></trkpt><trkpt lat="46.005681589245796" lon="7.218864822760224"><ele>2560.699981689453</ele></trkpt><trkpt lat="46.00568143464625" lon="7.218786079436541"><ele>2560.3999938964844</ele></trkpt><trkpt lat="46.005762215238065" lon="7.218695390503854"><ele>2557.2999877929688</ele></trkpt><trkpt lat="46.00586126744747" lon="7.218747915700078"><ele>2552.0999755859375</ele></trkpt><trkpt lat="46.00595283973962" lon="7.218655891250819"><ele>2545.8999938964844</ele></trkpt><trkpt lat="46.006042782682925" lon="7.218650362920016"><ele>2539.8999938964844</ele></trkpt><trkpt lat="46.006168702151626" lon="7.218642107676715"><ele>2535.0999755859375</ele></trkpt><trkpt lat="46.00624953350052" lon="7.218577235471457"><ele>2531.8999938964844</ele></trkpt><trkpt lat="46.00633855210617" lon="7.2185588027350605"><ele>2530.3999938964844</ele></trkpt><trkpt lat="46.006427568383515" lon="7.218539078719914"><ele>2529.8999938964844</ele></trkpt><trkpt lat="46.00651658466086" lon="7.2185193547047675"><ele>2529.3999938964844</ele></trkpt><trkpt lat="46.00660560373217" lon="7.218500921968371"><ele>2528.7999877929688</ele></trkpt><trkpt lat="46.006694617681205" lon="7.218479907140136"><ele>2528.0999755859375</ele></trkpt><trkpt lat="46.00678273662925" lon="7.218461477663368"><ele>2527.2999877929688</ele></trkpt><trkpt lat="46.00687175337225" lon="7.2184417536482215"><ele>2527.0999755859375</ele></trkpt><trkpt lat="46.006960769649595" lon="7.218422029633075"><ele>2527.5999755859375</ele></trkpt><trkpt lat="46.00709474552423" lon="7.218393086921424"><ele>2528.0</ele></trkpt><trkpt lat="46.007179234176874" lon="7.2183578899130225"><ele>2528.0</ele></trkpt><trkpt lat="46.00726641854271" lon="7.218321390915662"><ele>2528.0</ele></trkpt><trkpt lat="46.00735360244289" lon="7.218284891918302"><ele>2527.7999877929688</ele></trkpt><trkpt lat="46.00743808830157" lon="7.218248403631151"><ele>2527.7999877929688</ele></trkpt><trkpt lat="46.00752437580377" lon="7.218213199172169"><ele>2528.0</ele></trkpt><trkpt lat="46.00761246215552" lon="7.218177987262607"><ele>2528.0999755859375</ele></trkpt><trkpt lat="46.00768616097048" lon="7.218145415186882"><ele>2528.0999755859375</ele></trkpt><trkpt lat="46.0077633918263" lon="7.21807926427573"><ele>2528.3999938964844</ele></trkpt><trkpt lat="46.007885528728366" lon="7.217976785264909"><ele>2528.5999755859375</ele></trkpt><trkpt lat="46.00793118914589" lon="7.217866870108992"><ele>2528.199981689453</ele></trkpt><trkpt lat="46.00797954807058" lon="7.217756943777204"><ele>2527.7999877929688</ele></trkpt><trkpt lat="46.008025208022445" lon="7.217647028155625"><ele>2527.8999938964844</ele></trkpt><trkpt lat="46.00807446613908" lon="7.217537098098546"><ele>2527.699981689453</ele></trkpt><trkpt lat="46.008117442950606" lon="7.21743493899703"><ele>2527.2999877929688</ele></trkpt><trkpt lat="46.00818925537169" lon="7.217358481138945"><ele>2526.699981689453</ele></trkpt><trkpt lat="46.008263767231256" lon="7.217282012104988"><ele>2527.2999877929688</ele></trkpt><trkpt lat="46.008342766202986" lon="7.217200361192226"><ele>2529.0</ele></trkpt><trkpt lat="46.00835153181106" lon="7.217084140051156"><ele>2529.0</ele></trkpt><trkpt lat="46.00841247336939" lon="7.216968996915966"><ele>2527.3999938964844</ele></trkpt><trkpt lat="46.00851126667112" lon="7.216889846138656"><ele>2527.0</ele></trkpt><trkpt lat="46.008584799245" lon="7.216773360967636"><ele>2528.3999938964844</ele></trkpt><trkpt lat="46.008612445089966" lon="7.216651898808777"><ele>2530.7999877929688</ele></trkpt><trkpt lat="46.008642786648124" lon="7.216529134195298"><ele>2531.5999755859375</ele></trkpt><trkpt lat="46.0086722150445" lon="7.216399918310344"><ele>2530.199981689453</ele></trkpt><trkpt lat="46.00875307107344" lon="7.216347949113697"><ele>2528.7999877929688</ele></trkpt><trkpt lat="46.008819457609206" lon="7.21625731093809"><ele>2528.5999755859375</ele></trkpt><trkpt lat="46.00888314889744" lon="7.216167974285781"><ele>2530.699981689453</ele></trkpt><trkpt lat="46.0089504304342" lon="7.216074750293046"><ele>2534.7999877929688</ele></trkpt><trkpt lat="46.00897713750601" lon="7.2159339264035225"><ele>2537.0</ele></trkpt><trkpt lat="46.00897058425471" lon="7.215804857201874"><ele>2537.0</ele></trkpt><trkpt lat="46.00896043237299" lon="7.215675802435726"><ele>2537.0999755859375</ele></trkpt><trkpt lat="46.00894927512854" lon="7.215493822004646"><ele>2536.3999938964844</ele></trkpt><trkpt lat="46.00900124013424" lon="7.215389040764421"><ele>2534.5999755859375</ele></trkpt><trkpt lat="46.009085464756936" lon="7.215222160331905"><ele>2533.2999877929688</ele></trkpt><trkpt lat="46.00915728090331" lon="7.2151482799090445"><ele>2532.7999877929688</ele></trkpt><trkpt lat="46.00926321558654" lon="7.215041985269636"><ele>2532.7999877929688</ele></trkpt><trkpt lat="46.009350412059575" lon="7.215011934284121"><ele>2533.0999755859375</ele></trkpt><trkpt lat="46.0094394069165" lon="7.214981876313686"><ele>2533.0999755859375</ele></trkpt><trkpt lat="46.00957964500412" lon="7.214936115313321"><ele>2532.699981689453</ele></trkpt><trkpt lat="46.009669612161815" lon="7.214942200109363"><ele>2532.5999755859375</ele></trkpt><trkpt lat="46.00975957931951" lon="7.214948284905404"><ele>2533.0999755859375</ele></trkpt><trkpt lat="46.00984954368323" lon="7.214953079354018"><ele>2533.3999938964844</ele></trkpt><trkpt lat="46.00993951084092" lon="7.214959164150059"><ele>2533.3999938964844</ele></trkpt><trkpt lat="46.00993951084092" lon="7.214959164150059"><ele>2533.3999938964844</ele></trkpt><trkpt lat="46.00993951084092" lon="7.214959164150059"><ele>2533.3999938964844</ele></trkpt><trkpt lat="46.01002857834101" lon="7.214965252671391"><ele>2533.5999755859375</ele></trkpt><trkpt lat="46.0101464362815" lon="7.214973805472255"><ele>2534.0999755859375</ele></trkpt><trkpt lat="46.010235449299216" lon="7.214952783193439"><ele>2534.0</ele></trkpt><trkpt lat="46.0103244651109" lon="7.214933052193373"><ele>2533.5999755859375</ele></trkpt><trkpt lat="46.01041348092258" lon="7.214913321193308"><ele>2533.199981689453</ele></trkpt><trkpt lat="46.01050159987062" lon="7.2148948847316206"><ele>2532.7999877929688</ele></trkpt><trkpt lat="46.01055824244395" lon="7.214880450628698"><ele>2532.3999938964844</ele></trkpt><trkpt lat="46.01064076833427" lon="7.214763920754194"><ele>2532.2999877929688</ele></trkpt><trkpt lat="46.0106774144806" lon="7.214646288659424"><ele>2532.0</ele></trkpt><trkpt lat="46.010713163763285" lon="7.214529951103032"><ele>2531.0</ele></trkpt><trkpt lat="46.010752505622804" lon="7.214411016087979"><ele>2529.5</ele></trkpt><trkpt lat="46.01078379014507" lon="7.214311479590833"><ele>2528.2999877929688</ele></trkpt><trkpt lat="46.010831251274794" lon="7.214204130228609"><ele>2527.699981689453</ele></trkpt><trkpt lat="46.01088141091168" lon="7.214096769224852"><ele>2527.199981689453</ele></trkpt><trkpt lat="46.01093246694654" lon="7.213988113682717"><ele>2526.2999877929688</ele></trkpt><trkpt lat="46.010982626117766" lon="7.213880752678961"><ele>2525.5999755859375</ele></trkpt><trkpt lat="46.01103008678183" lon="7.213773402385414"><ele>2525.5999755859375</ele></trkpt><trkpt lat="46.01108024595305" lon="7.213666040915996"><ele>2525.5999755859375</ele></trkpt><trkpt lat="46.011130407918245" lon="7.213559970259666"><ele>2525.0999755859375</ele></trkpt><trkpt lat="46.01118146069348" lon="7.213450022507459"><ele>2524.5</ele></trkpt><trkpt lat="46.01124953245744" lon="7.213303855620325"><ele>2524.0</ele></trkpt><trkpt lat="46.01128167193383" lon="7.2131823669187725"><ele>2523.5</ele></trkpt><trkpt lat="46.011328091844916" lon="7.213005304802209"><ele>2522.8999938964844</ele></trkpt><trkpt lat="46.01138816587627" lon="7.212908228859305"><ele>2522.0</ele></trkpt><trkpt lat="46.011481418740004" lon="7.212759374175221"><ele>2520.8999938964844</ele></trkpt><trkpt lat="46.01155683444813" lon="7.2126867631450295"><ele>2520.0</ele></trkpt><trkpt lat="46.01163045084104" lon="7.21261416003108"><ele>2519.3999938964844</ele></trkpt><trkpt lat="46.011704069562256" lon="7.212542847264558"><ele>2519.0</ele></trkpt><trkpt lat="46.01177948527038" lon="7.212470236234367"><ele>2518.199981689453</ele></trkpt><trkpt lat="46.0118531039916" lon="7.212398923002183"><ele>2516.8999938964844</ele></trkpt><trkpt lat="46.011947370134294" lon="7.212306867353618"><ele>2515.2999877929688</ele></trkpt><trkpt lat="46.01203182525933" lon="7.212256165686995"><ele>2513.8999938964844</ele></trkpt><trkpt lat="46.01211448106915" lon="7.212205471005291"><ele>2513.0999755859375</ele></trkpt><trkpt lat="46.01219624001533" lon="7.212156070861965"><ele>2512.199981689453</ele></trkpt><trkpt lat="46.01227261219174" lon="7.212111857254058"><ele>2511.0</ele></trkpt><trkpt lat="46.01235979935154" lon="7.2120779268443584"><ele>2510.0</ele></trkpt><trkpt lat="46.012445190455765" lon="7.212045295163989"><ele>2509.199981689453</ele></trkpt><trkpt lat="46.012531478423625" lon="7.21201136847958"><ele>2508.2999877929688</ele></trkpt><trkpt lat="46.01262047002092" lon="7.211980012245476"><ele>2507.699981689453</ele></trkpt><trkpt lat="46.01270765764639" lon="7.211946081370115"><ele>2507.0</ele></trkpt><trkpt lat="46.01279304828495" lon="7.211913449224085"><ele>2506.2999877929688</ele></trkpt><trkpt lat="46.012892824131995" lon="7.21187688363716"><ele>2505.7999877929688</ele></trkpt><trkpt lat="46.01297547761351" lon="7.211824896745384"><ele>2505.3999938964844</ele></trkpt><trkpt lat="46.01303656771779" lon="7.2117859101854265"><ele>2504.7999877929688</ele></trkpt><trkpt lat="46.01310837920755" lon="7.211710729170591"><ele>2503.7999877929688</ele></trkpt><trkpt lat="46.013183791190386" lon="7.211636823602021"><ele>2502.3999938964844</ele></trkpt><trkpt lat="46.01325740432367" lon="7.211562925484031"><ele>2501.0</ele></trkpt><trkpt lat="46.01332921581343" lon="7.211487743537873"><ele>2500.0</ele></trkpt><trkpt lat="46.013422584626824" lon="7.211396978702396"><ele>2499.0999755859375</ele></trkpt><trkpt lat="46.01347004016861" lon="7.2112883306108415"><ele>2497.8999938964844</ele></trkpt><trkpt lat="46.01352019654587" lon="7.211180961690843"><ele>2496.5999755859375</ele></trkpt><trkpt lat="46.01356945093721" lon="7.211072305683047"><ele>2495.199981689453</ele></trkpt><trkpt lat="46.01362140616402" lon="7.210964928846806"><ele>2493.7999877929688</ele></trkpt><trkpt lat="46.01367066567764" lon="7.210858854465187"><ele>2492.5</ele></trkpt><trkpt lat="46.013720819260925" lon="7.210750193800777"><ele>2491.2999877929688</ele></trkpt><trkpt lat="46.01378082577139" lon="7.210620834492147"><ele>2490.0</ele></trkpt><trkpt lat="46.01381476595998" lon="7.210501912981272"><ele>2488.5999755859375</ele></trkpt><trkpt lat="46.0138496006839" lon="7.210380405187607"><ele>2487.199981689453</ele></trkpt><trkpt lat="46.013883541338146" lon="7.21026148321107"><ele>2485.8999938964844</ele></trkpt><trkpt lat="46.01391480630264" lon="7.210154192056507"><ele>2484.199981689453</ele></trkpt><trkpt lat="46.01391454227269" lon="7.210025084670633"><ele>2480.7999877929688</ele></trkpt><trkpt lat="46.01391237368807" lon="7.209844341967255"><ele>2477.0</ele></trkpt><trkpt lat="46.01389772212133" lon="7.209717877674848"><ele>2474.7999877929688</ele></trkpt><trkpt lat="46.01388036971912" lon="7.209590133279562"><ele>2473.8999938964844</ele></trkpt><trkpt lat="46.01386845624074" lon="7.209483023732901"><ele>2473.199981689453</ele></trkpt><trkpt lat="46.01389519125223" lon="7.20936025865376"><ele>2472.199981689453</ele></trkpt><trkpt lat="46.013925527222455" lon="7.209238769020885"><ele>2471.5</ele></trkpt><trkpt lat="46.01395226223394" lon="7.209116003476083"><ele>2471.5999755859375</ele></trkpt><trkpt lat="46.013983495067805" lon="7.2089932188391685"><ele>2471.8999938964844</ele></trkpt><trkpt lat="46.01402717316523" lon="7.208798081148416"><ele>2472.0</ele></trkpt><trkpt lat="46.01404760265723" lon="7.208671468310058"><ele>2471.7999877929688</ele></trkpt><trkpt lat="46.01406533643603" lon="7.208546158391982"><ele>2471.5999755859375</ele></trkpt><trkpt lat="46.01408929517493" lon="7.208385962527245"><ele>2471.7999877929688</ele></trkpt><trkpt lat="46.01408633124083" lon="7.208256866782904"><ele>2472.5999755859375</ele></trkpt><trkpt lat="46.01408336497843" lon="7.208126479759812"><ele>2473.5999755859375</ele></trkpt><trkpt lat="46.01408040057868" lon="7.207997384015471"><ele>2474.5999755859375</ele></trkpt><trkpt lat="46.014077436644584" lon="7.207868288271129"><ele>2475.5</ele></trkpt><trkpt lat="46.01407447224483" lon="7.2077391925267875"><ele>2476.3999938964844</ele></trkpt><trkpt lat="46.014070477802306" lon="7.207546838093549"><ele>2477.199981689453</ele></trkpt><trkpt lat="46.014032451901585" lon="7.207428220193833"><ele>2478.0</ele></trkpt><trkpt lat="46.01399442879483" lon="7.207310893107206"><ele>2478.699981689453</ele></trkpt><trkpt lat="46.01395730813965" lon="7.2071948535740376"><ele>2479.0</ele></trkpt><trkpt lat="46.01393556408584" lon="7.207120063714683"><ele>2479.0999755859375</ele></trkpt><trkpt lat="46.01387958182022" lon="7.207018306478858"><ele>2478.5999755859375</ele></trkpt><trkpt lat="46.01382450154051" lon="7.206917836796492"><ele>2477.5</ele></trkpt><trkpt lat="46.013771233614534" lon="7.206823814660311"><ele>2476.2999877929688</ele></trkpt><trkpt lat="46.013701803050935" lon="7.206744063645601"><ele>2475.2999877929688</ele></trkpt><trkpt lat="46.01364680239931" lon="7.206682326737791"><ele>2475.0</ele></trkpt><trkpt lat="46.0136195756495" lon="7.20656624622643"><ele>2475.0</ele></trkpt><trkpt lat="46.0136737623252" lon="7.206669300794601"><ele>2475.0</ele></trkpt><trkpt lat="46.013725250028074" lon="7.206772367469966"><ele>2475.5</ele></trkpt><trkpt lat="46.013779441360384" lon="7.206878005061299"><ele>2476.5</ele></trkpt><trkpt lat="46.013779441360384" lon="7.206878005061299"><ele>2476.5</ele></trkpt><trkpt lat="46.013779441360384" lon="7.206878005061299"><ele>2476.5</ele></trkpt><trkpt lat="46.01383542409167" lon="7.206979761831462"><ele>2477.699981689453</ele></trkpt><trkpt lat="46.0138896103017" lon="7.207082817796618"><ele>2478.3999938964844</ele></trkpt><trkpt lat="46.013962763827294" lon="7.207223234232515"><ele>2478.7999877929688</ele></trkpt><trkpt lat="46.01400168379769" lon="7.207339266315103"><ele>2478.5</ele></trkpt><trkpt lat="46.01405147835612" lon="7.207493984606117"><ele>2477.699981689453</ele></trkpt><trkpt lat="46.01407242845744" lon="7.207620421424508"><ele>2477.0</ele></trkpt><trkpt lat="46.01409706706181" lon="7.207790739834309"><ele>2476.2999877929688</ele></trkpt><trkpt lat="46.01409913180396" lon="7.207919839769602"><ele>2475.5</ele></trkpt><trkpt lat="46.01410119654611" lon="7.208048939239234"><ele>2474.5999755859375</ele></trkpt><trkpt lat="46.0141041604802" lon="7.208178034983575"><ele>2473.5999755859375</ele></trkpt><trkpt lat="46.01410622475669" lon="7.2083071349188685"><ele>2472.3999938964844</ele></trkpt><trkpt lat="46.01410728599876" lon="7.208385886158794"><ele>2471.0</ele></trkpt><trkpt lat="46.0141183398664" lon="7.208512365352362"><ele>2469.0</ele></trkpt><trkpt lat="46.01412939932197" lon="7.20864142710343"><ele>2467.0999755859375</ele></trkpt><trkpt lat="46.01414045551792" lon="7.208769197575748"><ele>2465.8999938964844</ele></trkpt><trkpt lat="46.01415241137147" lon="7.208896964322776"><ele>2464.3999938964844</ele></trkpt><trkpt lat="46.014163478277624" lon="7.209029899444431"><ele>2462.5</ele></trkpt><trkpt lat="46.01414305018261" lon="7.209157803095877"><ele>2461.0999755859375</ele></trkpt><trkpt lat="46.014118182938546" lon="7.209314128849655"><ele>2459.5</ele></trkpt><trkpt lat="46.01413463568315" lon="7.2094418769702315"><ele>2458.0999755859375</ele></trkpt><trkpt lat="46.014147442765534" lon="7.2095464006997645"><ele>2457.0999755859375</ele></trkpt><trkpt lat="46.014201652724296" lon="7.209662369918078"><ele>2455.5</ele></trkpt><trkpt lat="46.0142181343399" lon="7.209804320242256"><ele>2454.3999938964844</ele></trkpt><trkpt lat="46.014271423220634" lon="7.209909965284169"><ele>2453.8999938964844</ele></trkpt><trkpt lat="46.01432560617104" lon="7.210013024508953"><ele>2452.699981689453</ele></trkpt><trkpt lat="46.014376198872924" lon="7.2101199720054865"><ele>2451.199981689453</ele></trkpt><trkpt lat="46.01442767260596" lon="7.210217878688127"><ele>2449.699981689453</ele></trkpt><trkpt lat="46.01446209428832" lon="7.210335223469883"><ele>2448.2999877929688</ele></trkpt><trkpt lat="46.0144983176142" lon="7.210453852079809"><ele>2447.0999755859375</ele></trkpt><trkpt lat="46.014535437803715" lon="7.2105711861513555"><ele>2446.7999877929688</ele></trkpt><trkpt lat="46.014571661129594" lon="7.210689814761281"><ele>2446.699981689453</ele></trkpt><trkpt lat="46.01460608514026" lon="7.210808451287448"><ele>2445.8999938964844</ele></trkpt><trkpt lat="46.01464230520651" lon="7.210925789549947"><ele>2444.5999755859375</ele></trkpt><trkpt lat="46.01467942772433" lon="7.211044414900243"><ele>2443.5999755859375</ele></trkpt><trkpt lat="46.01471565058455" lon="7.211163044441491"><ele>2443.5999755859375</ele></trkpt><trkpt lat="46.01475368300453" lon="7.211286831181496"><ele>2443.8999938964844</ele></trkpt><trkpt lat="46.01480158092454" lon="7.2113963747397065"><ele>2443.699981689453</ele></trkpt><trkpt lat="46.014849479310215" lon="7.211505918297917"><ele>2442.699981689453</ele></trkpt><trkpt lat="46.01489647477865" lon="7.211614174302667"><ele>2441.3999938964844</ele></trkpt><trkpt lat="46.014952497091144" lon="7.211737886536866"><ele>2440.0</ele></trkpt><trkpt lat="46.014982427470386" lon="7.211859125178307"><ele>2438.5</ele></trkpt><trkpt lat="46.015012357383966" lon="7.2119803642854095"><ele>2436.7999877929688</ele></trkpt><trkpt lat="46.015060406178236" lon="7.212164792232215"><ele>2435.199981689453</ele></trkpt><trkpt lat="46.01513341488317" lon="7.212236789986491"><ele>2433.7999877929688</ele></trkpt><trkpt lat="46.01520551601425" lon="7.212304918561131"><ele>2432.5999755859375</ele></trkpt><trkpt lat="46.01523904129863" lon="7.212424852419645"><ele>2431.3999938964844</ele></trkpt><trkpt lat="46.01527525996789" lon="7.212542193010449"><ele>2429.7999877929688</ele></trkpt><trkpt lat="46.015311480965465" lon="7.212660824414343"><ele>2428.199981689453</ele></trkpt><trkpt lat="46.01534860115498" lon="7.212779452558607"><ele>2426.199981689453</ele></trkpt><trkpt lat="46.015382123179734" lon="7.212898095604032"><ele>2423.7999877929688</ele></trkpt><trkpt lat="46.01541744126007" lon="7.213015440385789"><ele>2421.699981689453</ele></trkpt><trkpt lat="46.015448230784386" lon="7.213117310777307"><ele>2420.199981689453</ele></trkpt><trkpt lat="46.015502410940826" lon="7.213220375124365"><ele>2418.7999877929688</ele></trkpt><trkpt lat="46.01555749028921" lon="7.213323436211795"><ele>2417.5</ele></trkpt><trkpt lat="46.015612572431564" lon="7.213427788577974"><ele>2416.199981689453</ele></trkpt><trkpt lat="46.01569204032421" lon="7.213581102900207"><ele>2414.3999938964844</ele></trkpt><trkpt lat="46.01575429504737" lon="7.213673805817962"><ele>2412.199981689453</ele></trkpt><trkpt lat="46.01581745175645" lon="7.213767796754837"><ele>2409.5</ele></trkpt><trkpt lat="46.015881502535194" lon="7.213859201408923"><ele>2406.5999755859375</ele></trkpt><trkpt lat="46.0159446564503" lon="7.213951901067048"><ele>2404.199981689453</ele></trkpt><trkpt lat="46.016005114186555" lon="7.214045903645456"><ele>2402.199981689453</ele></trkpt><trkpt lat="46.01606736565009" lon="7.214137316681445"><ele>2399.3999938964844</ele></trkpt><trkpt lat="46.01613141875714" lon="7.214230013079941"><ele>2396.0</ele></trkpt><trkpt lat="46.0161702176556" lon="7.214289245195687"><ele>2393.3999938964844</ele></trkpt><trkpt lat="46.016206436790526" lon="7.214407879859209"><ele>2392.0</ele></trkpt><trkpt lat="46.01624445756897" lon="7.2145277983509"><ele>2391.0</ele></trkpt><trkpt lat="46.01628973102197" lon="7.214676092378795"><ele>2390.0</ele></trkpt><trkpt lat="46.01630347967148" lon="7.2148038581945"><ele>2389.2999877929688</ele></trkpt><trkpt lat="46.01631902437657" lon="7.214930325746536"><ele>2388.7999877929688</ele></trkpt><trkpt lat="46.01633547106758" lon="7.215058080852032"><ele>2388.199981689453</ele></trkpt><trkpt lat="46.01635281695053" lon="7.215185831766576"><ele>2387.2999877929688</ele></trkpt><trkpt lat="46.016367461998016" lon="7.215312303043902"><ele>2386.2999877929688</ele></trkpt><trkpt lat="46.01638210657984" lon="7.215438774321228"><ele>2385.5</ele></trkpt><trkpt lat="46.0163994547911" lon="7.215567816980183"><ele>2384.7999877929688</ele></trkpt><trkpt lat="46.016414096578956" lon="7.215692997444421"><ele>2383.5</ele></trkpt><trkpt lat="46.016431441530585" lon="7.215820748824626"><ele>2381.699981689453</ele></trkpt><trkpt lat="46.016452497802675" lon="7.21600529551506"><ele>2380.0</ele></trkpt><trkpt lat="46.016499494202435" lon="7.21611614106223"><ele>2378.5</ele></trkpt><trkpt lat="46.01654468616471" lon="7.216224411968142"><ele>2377.0</ele></trkpt><trkpt lat="46.01661680545658" lon="7.216302876360714"><ele>2374.2999877929688</ele></trkpt><trkpt lat="46.016697709448636" lon="7.216275430750102"><ele>2370.3999938964844</ele></trkpt><trkpt lat="46.016813080757856" lon="7.216391162015498"><ele>2366.2999877929688</ele></trkpt><trkpt lat="46.01687761908397" lon="7.216275985352695"><ele>2363.0999755859375</ele></trkpt><trkpt lat="46.01693158876151" lon="7.216274473350495"><ele>2360.199981689453</ele></trkpt><trkpt lat="46.01701272837818" lon="7.2163658128120005"><ele>2356.5999755859375</ele></trkpt><trkpt lat="46.017111549619585" lon="7.216300850734115"><ele>2353.3999938964844</ele></trkpt><trkpt lat="46.01715673087165" lon="7.216403958387673"><ele>2351.2999877929688</ele></trkpt><trkpt lat="46.01721065212041" lon="7.216377914883196"><ele>2349.5</ele></trkpt><trkpt lat="46.01723771216348" lon="7.216415247414261"><ele>2347.5</ele></trkpt><trkpt lat="46.01729155611247" lon="7.216350468806922"><ele>2344.7999877929688</ele></trkpt><trkpt lat="46.01735470537096" lon="7.216441882774234"><ele>2341.7999877929688</ele></trkpt><trkpt lat="46.01737743616104" lon="7.216564449947327"><ele>2338.8999938964844</ele></trkpt><trkpt lat="46.01740743778646" lon="7.216724431142211"><ele>2335.8999938964844</ele></trkpt><trkpt lat="46.01740743778646" lon="7.216724431142211"><ele>2335.8999938964844</ele></trkpt><trkpt lat="46.01740743778646" lon="7.216724431142211"><ele>2335.8999938964844</ele></trkpt><trkpt lat="46.01747059170157" lon="7.216818428132683"><ele>2332.7999877929688</ele></trkpt><trkpt lat="46.017530150245875" lon="7.216913731303066"><ele>2329.699981689453</ele></trkpt><trkpt lat="46.017592404503375" lon="7.217007732018828"><ele>2326.8999938964844</ele></trkpt><trkpt lat="46.01763301109895" lon="7.21707212459296"><ele>2324.7999877929688</ele></trkpt><trkpt lat="46.01770243886858" lon="7.217154476325959"><ele>2322.8999938964844</ele></trkpt><trkpt lat="46.01777276862413" lon="7.217238116078079"><ele>2320.7999877929688</ele></trkpt><trkpt lat="46.017840397078544" lon="7.217320475261658"><ele>2318.699981689453</ele></trkpt><trkpt lat="46.01791343279183" lon="7.217407977674156"><ele>2316.699981689453</ele></trkpt><trkpt lat="46.01795953605324" lon="7.217522704508156"><ele>2314.699981689453</ele></trkpt><trkpt lat="46.01798856258392" lon="7.2176452479325235"><ele>2312.3999938964844</ele></trkpt><trkpt lat="46.018030310515314" lon="7.217832298949361"><ele>2309.699981689453</ele></trkpt><trkpt lat="46.01802966464311" lon="7.217961418908089"><ele>2307.0999755859375</ele></trkpt><trkpt lat="46.018025423400104" lon="7.218091844581068"><ele>2305.0</ele></trkpt><trkpt lat="46.01802215259522" lon="7.218258419539779"><ele>2303.3999938964844</ele></trkpt><trkpt lat="46.018049468752" lon="7.218426161911339"><ele>2302.5999755859375</ele></trkpt><trkpt lat="46.018126061651856" lon="7.218492993153632"><ele>2301.7999877929688</ele></trkpt><trkpt lat="46.018204452935606" lon="7.218559816945344"><ele>2300.0</ele></trkpt><trkpt lat="46.01830357220024" lon="7.218645924702287"><ele>2297.2999877929688</ele></trkpt><trkpt lat="46.018393548671156" lon="7.218657181132585"><ele>2294.8999938964844</ele></trkpt><trkpt lat="46.018482628278434" lon="7.218669732101262"><ele>2292.699981689453</ele></trkpt><trkpt lat="46.018573506735265" lon="7.218682276085019"><ele>2290.2999877929688</ele></trkpt><trkpt lat="46.018658134154975" lon="7.218718087300658"><ele>2288.199981689453</ele></trkpt><trkpt lat="46.01874546287581" lon="7.218755178153515"><ele>2286.2999877929688</ele></trkpt><trkpt lat="46.018832789268345" lon="7.218790978193283"><ele>2283.7999877929688</ele></trkpt><trkpt lat="46.01896963547915" lon="7.21884982008487"><ele>2281.0999755859375</ele></trkpt><trkpt lat="46.019038159865886" lon="7.218930888455361"><ele>2278.5999755859375</ele></trkpt><trkpt lat="46.01911208871752" lon="7.219015808776021"><ele>2276.5</ele></trkpt><trkpt lat="46.0191123415716" lon="7.219144927803427"><ele>2274.699981689453</ele></trkpt><trkpt lat="46.019113493617624" lon="7.219274043105543"><ele>2272.8999938964844</ele></trkpt><trkpt lat="46.01911464566365" lon="7.219403158407658"><ele>2271.0999755859375</ele></trkpt><trkpt lat="46.01911309827119" lon="7.219532284885645"><ele>2268.3999938964844</ele></trkpt><trkpt lat="46.019113476388156" lon="7.219725963193923"><ele>2264.5</ele></trkpt><trkpt lat="46.019187439698726" lon="7.219828961417079"><ele>2260.5</ele></trkpt><trkpt lat="46.019205681979656" lon="7.219958007801324"><ele>2256.5999755859375</ele></trkpt><trkpt lat="46.01932277297601" lon="7.220035009086132"><ele>2252.8999938964844</ele></trkpt><trkpt lat="46.0193211492151" lon="7.220125399529934"><ele>2249.5999755859375</ele></trkpt><trkpt lat="46.019402283709496" lon="7.220215457957238"><ele>2246.7999877929688</ele></trkpt><trkpt lat="46.01942411903292" lon="7.220341908279806"><ele>2245.199981689453</ele></trkpt><trkpt lat="46.01944505004212" lon="7.220465780701488"><ele>2244.699981689453</ele></trkpt><trkpt lat="46.01946868188679" lon="7.220590933226049"><ele>2244.199981689453</ele></trkpt><trkpt lat="46.019490516744554" lon="7.22071738447994"><ele>2243.7999877929688</ele></trkpt><trkpt lat="46.019502363633364" lon="7.220796100795269"><ele>2242.5999755859375</ele></trkpt><trkpt lat="46.019459436647594" lon="7.220925393514335"><ele>2241.2999877929688</ele></trkpt><trkpt lat="46.01939033996314" lon="7.221012181136757"><ele>2241.3999938964844</ele></trkpt><trkpt lat="46.01928715361282" lon="7.221146879717708"><ele>2242.7999877929688</ele></trkpt><trkpt lat="46.01923342933878" lon="7.221274924464524"><ele>2244.0</ele></trkpt><trkpt lat="46.0192417758517" lon="7.221404011826962"><ele>2244.199981689453</ele></trkpt><trkpt lat="46.01924742106348" lon="7.221531818620861"><ele>2245.199981689453</ele></trkpt><trkpt lat="46.01925209676847" lon="7.221623476129025"><ele>2248.0999755859375</ele></trkpt><trkpt lat="46.01932063233107" lon="7.221711005084217"><ele>2250.8999938964844</ele></trkpt><trkpt lat="46.01936031738296" lon="7.221765077672899"><ele>2252.2999877929688</ele></trkpt><trkpt lat="46.01935966825113" lon="7.221894201356918"><ele>2253.2999877929688</ele></trkpt><trkpt lat="46.019355420488864" lon="7.222023339010775"><ele>2254.3999938964844</ele></trkpt><trkpt lat="46.01935207191855" lon="7.2221524734050035"><ele>2254.699981689453</ele></trkpt><trkpt lat="46.01936851022765" lon="7.222280237823725"><ele>2254.0999755859375</ele></trkpt><trkpt lat="46.01938134804368" lon="7.222406724933535"><ele>2253.199981689453</ele></trkpt><trkpt lat="46.01939778635278" lon="7.222534489352256"><ele>2252.3999938964844</ele></trkpt><trkpt lat="46.0194161105901" lon="7.222707438282669"><ele>2251.5999755859375</ele></trkpt><trkpt lat="46.01939206151292" lon="7.222831489983946"><ele>2250.5999755859375</ele></trkpt><trkpt lat="46.01936445897445" lon="7.222978796809912"><ele>2249.2999877929688</ele></trkpt><trkpt lat="46.01935841049999" lon="7.22310794191435"><ele>2248.5999755859375</ele></trkpt><trkpt lat="46.019353261217475" lon="7.223237082827836"><ele>2248.5</ele></trkpt><trkpt lat="46.01934901159257" lon="7.223366220481694"><ele>2248.0999755859375</ele></trkpt><trkpt lat="46.01934565929696" lon="7.2234940635971725"><ele>2247.7999877929688</ele></trkpt><trkpt lat="46.019337038043886" lon="7.223689069971442"><ele>2248.3999938964844</ele></trkpt><trkpt lat="46.019418195355684" lon="7.2237920463085175"><ele>2249.5</ele></trkpt><trkpt lat="46.019468777347356" lon="7.223900308366865"><ele>2249.7999877929688</ele></trkpt><trkpt lat="46.01953742932528" lon="7.2240498177707195"><ele>2248.699981689453</ele></trkpt><trkpt lat="46.01960146985948" lon="7.224139949772507"><ele>2248.0999755859375</ele></trkpt><trkpt lat="46.019690747372806" lon="7.224255807232112"><ele>2249.0999755859375</ele></trkpt><trkpt lat="46.01980606187135" lon="7.224345738068223"><ele>2250.0</ele></trkpt><trkpt lat="46.01989603089169" lon="7.22435313090682"><ele>2249.5999755859375</ele></trkpt><trkpt lat="46.01998600177467" lon="7.224361814558506"><ele>2248.3999938964844</ele></trkpt><trkpt lat="46.02007506880909" lon="7.224367919377983"><ele>2246.8999938964844</ele></trkpt><trkpt lat="46.02016503736377" lon="7.22437531221658"><ele>2244.7999877929688</ele></trkpt><trkpt lat="46.0202577044256" lon="7.224382693879306"><ele>2241.699981689453</ele></trkpt><trkpt lat="46.02034673374146" lon="7.22436943044886"><ele>2238.699981689453</ele></trkpt><trkpt lat="46.02043666038662" lon="7.2243548720143735"><ele>2236.0999755859375</ele></trkpt><trkpt lat="46.02052569249645" lon="7.224342899862677"><ele>2233.2999877929688</ele></trkpt><trkpt lat="46.02061561634764" lon="7.224327050149441"><ele>2230.2999877929688</ele></trkpt><trkpt lat="46.0207046456635" lon="7.224313786253333"><ele>2227.199981689453</ele></trkpt><trkpt lat="46.02079457230866" lon="7.224299227818847"><ele>2224.5</ele></trkpt><trkpt lat="46.02088360162452" lon="7.2242859643884"><ele>2222.5999755859375</ele></trkpt><trkpt lat="46.02097352873534" lon="7.224271405488253"><ele>2220.7999877929688</ele></trkpt><trkpt lat="46.0210625580512" lon="7.224258142057806"><ele>2218.5</ele></trkpt><trkpt lat="46.021152487024665" lon="7.224244874436408"><ele>2215.2999877929688</ele></trkpt><trkpt lat="46.0212810812518" lon="7.224223706871271"><ele>2211.0999755859375</ele></trkpt><trkpt lat="46.02137120766565" lon="7.224313738755882"><ele>2207.2999877929688</ele></trkpt><trkpt lat="46.02145941648632" lon="7.224341798108071"><ele>2204.0999755859375</ele></trkpt><trkpt lat="46.02145941648632" lon="7.224341798108071"><ele>2204.0999755859375</ele></trkpt><trkpt lat="46.02145941648632" lon="7.224341798108071"><ele>2204.0999755859375</ele></trkpt><trkpt lat="46.02154852729291" lon="7.224371145479381"><ele>2200.7999877929688</ele></trkpt><trkpt lat="46.02163403760642" lon="7.224399216007441"><ele>2197.0999755859375</ele></trkpt><trkpt lat="46.0217222510837" lon="7.22442985791713"><ele>2193.199981689453</ele></trkpt><trkpt lat="46.0218123011291" lon="7.224479862488806"><ele>2189.8999938964844</ele></trkpt><trkpt lat="46.02185928635299" lon="7.224589434452355"><ele>2187.5</ele></trkpt><trkpt lat="46.02190717170015" lon="7.224699004087597"><ele>2186.5</ele></trkpt><trkpt lat="46.02195866731927" lon="7.224815015681088"><ele>2186.0</ele></trkpt><trkpt lat="46.02202450390905" lon="7.224903854075819"><ele>2184.7999877929688</ele></trkpt><trkpt lat="46.02208944037557" lon="7.224992696661502"><ele>2183.199981689453</ele></trkpt><trkpt lat="46.02215347485617" lon="7.225080251228064"><ele>2181.199981689453</ele></trkpt><trkpt lat="46.02221841132268" lon="7.225169093813747"><ele>2178.3999938964844</ele></trkpt><trkpt lat="46.02230949839577" lon="7.2252914076671"><ele>2176.3999938964844</ele></trkpt><trkpt lat="46.022396685089916" lon="7.2252549096010625"><ele>2175.7999877929688</ele></trkpt><trkpt lat="46.02248835936189" lon="7.225213228724897"><ele>2175.5</ele></trkpt><trkpt lat="46.02259740093723" lon="7.22531610308215"><ele>2174.699981689453</ele></trkpt><trkpt lat="46.022686494514346" lon="7.22533641429618"><ele>2173.3999938964844</ele></trkpt><trkpt lat="46.02277648542076" lon="7.2253554300405085"><ele>2171.699981689453</ele></trkpt><trkpt lat="46.02286467934027" lon="7.225375744514167"><ele>2169.8999938964844</ele></trkpt><trkpt lat="46.02295377058908" lon="7.225394764449447"><ele>2168.0999755859375</ele></trkpt><trkpt lat="46.02304106531665" lon="7.2254150826483965"><ele>2166.5999755859375</ele></trkpt><trkpt lat="46.023130159359425" lon="7.225435393862426"><ele>2165.0999755859375</ele></trkpt><trkpt lat="46.02321835095063" lon="7.225454417057335"><ele>2163.699981689453</ele></trkpt><trkpt lat="46.02328044595197" lon="7.22546837804839"><ele>2162.699981689453</ele></trkpt><trkpt lat="46.02335973130539" lon="7.225533923599869"><ele>2162.0999755859375</ele></trkpt><trkpt lat="46.02343631256372" lon="7.225596897304058"><ele>2161.199981689453</ele></trkpt><trkpt lat="46.02351559698582" lon="7.225662442855537"><ele>2160.0999755859375</ele></trkpt><trkpt lat="46.02359218057245" lon="7.225726708304137"><ele>2158.699981689453</ele></trkpt><trkpt lat="46.02367146266624" lon="7.225790963042527"><ele>2157.3999938964844</ele></trkpt><trkpt lat="46.02374804625288" lon="7.225855228956789"><ele>2156.199981689453</ele></trkpt><trkpt lat="46.02382642868906" lon="7.2259194874204695"><ele>2154.7999877929688</ele></trkpt><trkpt lat="46.02390571311116" lon="7.225985034368932"><ele>2153.199981689453</ele></trkpt><trkpt lat="46.02401022659615" lon="7.226072434801608"><ele>2151.5999755859375</ele></trkpt><trkpt lat="46.02409844007343" lon="7.22610308136791"><ele>2149.7999877929688</ele></trkpt><trkpt lat="46.02418665634468" lon="7.226135019212961"><ele>2148.0</ele></trkpt><trkpt lat="46.02426226902753" lon="7.22616184130311"><ele>2146.3999938964844</ele></trkpt><trkpt lat="46.024325417820364" lon="7.226257152389735"><ele>2144.3999938964844</ele></trkpt><trkpt lat="46.024384065996855" lon="7.226351189892739"><ele>2141.7999877929688</ele></trkpt><trkpt lat="46.024471573065966" lon="7.226483854930848"><ele>2139.199981689453</ele></trkpt><trkpt lat="46.024545467458665" lon="7.2265532980673015"><ele>2137.0</ele></trkpt><trkpt lat="46.02462205756456" lon="7.226621439680457"><ele>2135.0</ele></trkpt><trkpt lat="46.02474009990692" lon="7.226728159934282"><ele>2132.699981689453</ele></trkpt><trkpt lat="46.024830063804984" lon="7.226732974406332"><ele>2130.0999755859375</ele></trkpt><trkpt lat="46.02492002956569" lon="7.226739080157131"><ele>2127.8999938964844</ele></trkpt><trkpt lat="46.025009993463755" lon="7.22674389462918"><ele>2126.0999755859375</ele></trkpt><trkpt lat="46.02514674048871" lon="7.226752400863916"><ele>2124.0999755859375</ele></trkpt><trkpt lat="46.02521697757766" lon="7.226790866814554"><ele>2121.8999938964844</ele></trkpt><trkpt lat="46.02528908709064" lon="7.22686806647107"><ele>2119.0999755859375</ele></trkpt><trkpt lat="46.02539725136012" lon="7.2269838666543365"><ele>2116.3999938964844</ele></trkpt><trkpt lat="46.02544962707907" lon="7.2270908444188535"><ele>2114.7999877929688</ele></trkpt><trkpt lat="46.02549840416759" lon="7.227197837084532"><ele>2113.699981689453</ele></trkpt><trkpt lat="46.025552581530064" lon="7.227306100074202"><ele>2112.5999755859375</ele></trkpt><trkpt lat="46.0256157242693" lon="7.227398831862956"><ele>2111.5999755859375</ele></trkpt><trkpt lat="46.02567706583068" lon="7.227490279823542"><ele>2110.699981689453</ele></trkpt><trkpt lat="46.025740209035575" lon="7.227583012543619"><ele>2110.0999755859375</ele></trkpt><trkpt lat="46.025803349446505" lon="7.227674453984946"><ele>2109.5</ele></trkpt><trkpt lat="46.0258664926514" lon="7.227767187170684"><ele>2109.0999755859375</ele></trkpt><trkpt lat="46.02594947395846" lon="7.227885670494288"><ele>2109.0</ele></trkpt><trkpt lat="46.0260215587914" lon="7.227949959691614"><ele>2109.199981689453</ele></trkpt><trkpt lat="46.026109762489796" lon="7.227975444868207"><ele>2109.0999755859375</ele></trkpt><trkpt lat="46.026196169666946" lon="7.22800222877413"><ele>2108.5</ele></trkpt><trkpt lat="46.02628437336534" lon="7.228027714416385"><ele>2107.7999877929688</ele></trkpt><trkpt lat="46.02640858059749" lon="7.228064683265984"><ele>2107.3999938964844</ele></trkpt><trkpt lat="46.02649853006005" lon="7.2280617519281805"><ele>2107.8999938964844</ele></trkpt><trkpt lat="46.026588479522616" lon="7.228058821056038"><ele>2108.5999755859375</ele></trkpt><trkpt lat="46.02667842898518" lon="7.2280558897182345"><ele>2108.0999755859375</ele></trkpt><trkpt lat="46.02676747599617" lon="7.22805167036131"><ele>2106.5999755859375</ele></trkpt><trkpt lat="46.026821446139365" lon="7.2280501700006425"><ele>2105.5</ele></trkpt><trkpt lat="46.0269025163725" lon="7.228109259624034"><ele>2104.5</ele></trkpt><trkpt lat="46.02701151603833" lon="7.228191486094147"><ele>2103.5999755859375</ele></trkpt><trkpt lat="46.02708362508565" lon="7.228268690407276"><ele>2103.3999938964844</ele></trkpt><trkpt lat="46.027155734132975" lon="7.228345895186067"><ele>2103.2999877929688</ele></trkpt><trkpt lat="46.02722874004394" lon="7.228421804960817"><ele>2103.0999755859375</ele></trkpt><trkpt lat="46.02729904977605" lon="7.228499016724527"><ele>2102.699981689453</ele></trkpt><trkpt lat="46.02736124396324" lon="7.228565928991884"><ele>2102.5</ele></trkpt><trkpt lat="46.02740912279114" lon="7.228674221318215"><ele>2102.3999938964844</ele></trkpt><trkpt lat="46.0274561047554" lon="7.228783809114248"><ele>2102.2999877929688</ele></trkpt><trkpt lat="46.02750398591161" lon="7.22889339318499"><ele>2101.8999938964844</ele></trkpt><trkpt lat="46.02755096787587" lon="7.229002980981022"><ele>2101.5</ele></trkpt><trkpt lat="46.027585375122726" lon="7.22912294883281"><ele>2101.2999877929688</ele></trkpt><trkpt lat="46.02762068156153" lon="7.229242913424969"><ele>2101.3999938964844</ele></trkpt><trkpt lat="46.02765146875754" lon="7.229351272806525"><ele>2101.5999755859375</ele></trkpt><trkpt lat="46.027730751782656" lon="7.229416829068214"><ele>2101.699981689453</ele></trkpt><trkpt lat="46.027841564267874" lon="7.22950680134818"><ele>2101.5999755859375</ele></trkpt><trkpt lat="46.02790452959016" lon="7.2295052679255605"><ele>2101.2999877929688</ele></trkpt><trkpt lat="46.02798647247255" lon="7.2295501520857215"><ele>2101.0</ele></trkpt><trkpt lat="46.028071116190404" lon="7.229596317280084"><ele>2100.8999938964844</ele></trkpt><trkpt lat="46.02816566219553" lon="7.229646319057792"><ele>2100.7999877929688</ele></trkpt><trkpt lat="46.028231487609446" lon="7.229731299448758"><ele>2100.7999877929688</ele></trkpt><trkpt lat="46.02832616586238" lon="7.229852329008281"><ele>2100.3999938964844</ele></trkpt><trkpt lat="46.02838572347537" lon="7.229952831286937"><ele>2099.8999938964844</ele></trkpt><trkpt lat="46.02844347432256" lon="7.230049466248602"><ele>2099.3999938964844</ele></trkpt><trkpt lat="46.02844347432256" lon="7.230049466248602"><ele>2099.3999938964844</ele></trkpt><trkpt lat="46.02844347432256" lon="7.230049466248602"><ele>2099.3999938964844</ele></trkpt><trkpt lat="46.028500330634415" lon="7.230148687493056"><ele>2098.699981689453</ele></trkpt><trkpt lat="46.02855808613822" lon="7.230247905943543"><ele>2098.199981689453</ele></trkpt><trkpt lat="46.02861763862893" lon="7.23034582613036"><ele>2098.7999877929688</ele></trkpt><trkpt lat="46.02869615610689" lon="7.230483708437532"><ele>2099.5</ele></trkpt><trkpt lat="46.02878524642438" lon="7.230502738617361"><ele>2099.0</ele></trkpt><trkpt lat="46.028874337207526" lon="7.230521768797189"><ele>2098.3999938964844</ele></trkpt><trkpt lat="46.02893013274297" lon="7.2305344697088"><ele>2098.2999877929688</ele></trkpt><trkpt lat="46.02900672610849" lon="7.230605205055326"><ele>2097.8999938964844</ele></trkpt><trkpt lat="46.029092338401824" lon="7.23068882105872"><ele>2097.2999877929688</ele></trkpt><trkpt lat="46.02914740424603" lon="7.230793217197061"><ele>2096.8999938964844</ele></trkpt><trkpt lat="46.02921150904149" lon="7.230920824687928"><ele>2096.2999877929688</ele></trkpt><trkpt lat="46.029288089834154" lon="7.230985104106367"><ele>2095.7999877929688</ele></trkpt><trkpt lat="46.02936646947637" lon="7.231049377005547"><ele>2095.8999938964844</ele></trkpt><trkpt lat="46.029445751570165" lon="7.231114937923849"><ele>2096.2999877929688</ele></trkpt><trkpt lat="46.029522330034524" lon="7.231177926529199"><ele>2097.199981689453</ele></trkpt><trkpt lat="46.0295700780116" lon="7.231216487940401"><ele>2098.5</ele></trkpt><trkpt lat="46.02965916367248" lon="7.231232936959714"><ele>2098.8999938964844</ele></trkpt><trkpt lat="46.02978604007512" lon="7.231254407670349"><ele>2097.8999938964844</ele></trkpt><trkpt lat="46.029867103789" lon="7.231310922186822"><ele>2096.7999877929688</ele></trkpt><trkpt lat="46.02995716780424" lon="7.231369985733181"><ele>2095.8999938964844</ele></trkpt><trkpt lat="46.0300301713869" lon="7.231445903424174"><ele>2095.0999755859375</ele></trkpt><trkpt lat="46.030103175435215" lon="7.231521821580827"><ele>2095.0</ele></trkpt><trkpt lat="46.030219436157495" lon="7.231640193611383"><ele>2095.7999877929688</ele></trkpt><trkpt lat="46.03027539420873" lon="7.231740714982152"><ele>2097.0</ele></trkpt><trkpt lat="46.03033225191757" lon="7.2318412330932915"><ele>2098.2999877929688</ele></trkpt><trkpt lat="46.030388209503144" lon="7.231941754929721"><ele>2099.8999938964844</ele></trkpt><trkpt lat="46.030444162432104" lon="7.232039694208652"><ele>2101.0</ele></trkpt><trkpt lat="46.03052165172994" lon="7.232109139207751"><ele>2101.3999938964844</ele></trkpt><trkpt lat="46.030596444848925" lon="7.232179886195809"><ele>2101.3999938964844</ele></trkpt><trkpt lat="46.0306712356396" lon="7.232249341905117"><ele>2101.0999755859375</ele></trkpt><trkpt lat="46.030748726800084" lon="7.232320078648627"><ele>2101.0</ele></trkpt><trkpt lat="46.03082351991907" lon="7.232390826102346"><ele>2101.5999755859375</ele></trkpt><trkpt lat="46.03089741105214" lon="7.232460286002606"><ele>2102.0999755859375</ele></trkpt><trkpt lat="46.03097310103476" lon="7.232529738917947"><ele>2102.199981689453</ele></trkpt><trkpt lat="46.031050589866936" lon="7.2325991853140295"><ele>2102.0</ele></trkpt><trkpt lat="46.03112448286265" lon="7.2326699369587"><ele>2101.699981689453</ele></trkpt><trkpt lat="46.031200172845274" lon="7.232739390339702"><ele>2101.3999938964844</ele></trkpt><trkpt lat="46.031277664005756" lon="7.232810128945857"><ele>2101.0999755859375</ele></trkpt><trkpt lat="46.03135245665908" lon="7.2328808777965605"><ele>2101.5</ele></trkpt><trkpt lat="46.03144436702132" lon="7.232965768780559"><ele>2102.8999938964844</ele></trkpt><trkpt lat="46.031531700864434" lon="7.233008057810366"><ele>2103.7999877929688</ele></trkpt><trkpt lat="46.031615434680134" lon="7.233049069065601"><ele>2104.2999877929688</ele></trkpt><trkpt lat="46.031700070016086" lon="7.233091368339956"><ele>2104.5</ele></trkpt><trkpt lat="46.031786501873285" lon="7.233132369350642"><ele>2104.5999755859375</ele></trkpt><trkpt lat="46.03187023755163" lon="7.233174672815949"><ele>2104.8999938964844</ele></trkpt><trkpt lat="46.031956672202796" lon="7.233216965571046"><ele>2105.2999877929688</ele></trkpt><trkpt lat="46.032040405552834" lon="7.233257977291942"><ele>2105.2999877929688</ele></trkpt><trkpt lat="46.032125040423125" lon="7.233300277497619"><ele>2104.7999877929688</ele></trkpt><trkpt lat="46.032211476936936" lon="7.2333438619971275"><ele>2104.199981689453</ele></trkpt><trkpt lat="46.032295210286975" lon="7.233384874183685"><ele>2103.699981689453</ele></trkpt><trkpt lat="46.03238254133612" lon="7.233425872866064"><ele>2103.2999877929688</ele></trkpt><trkpt lat="46.032463576179" lon="7.233466895762831"><ele>2103.5999755859375</ele></trkpt><trkpt lat="46.03253657417372" lon="7.233540236949921"><ele>2104.8999938964844</ele></trkpt><trkpt lat="46.03265103651211" lon="7.233659917023033"><ele>2106.5</ele></trkpt><trkpt lat="46.03270968655124" lon="7.2337578516453505"><ele>2107.2999877929688</ele></trkpt><trkpt lat="46.032767441589385" lon="7.233858373016119"><ele>2107.7999877929688</ele></trkpt><trkpt lat="46.03282249812037" lon="7.233958904631436"><ele>2108.699981689453</ele></trkpt><trkpt lat="46.032896489370614" lon="7.234083904419094"><ele>2109.8999938964844</ele></trkpt><trkpt lat="46.03291920479387" lon="7.234207806177437"><ele>2111.199981689453</ele></trkpt><trkpt lat="46.03294641710818" lon="7.234331690706313"><ele>2112.0</ele></trkpt><trkpt lat="46.03296913439408" lon="7.234456883743405"><ele>2112.0999755859375</ele></trkpt><trkpt lat="46.03299544705078" lon="7.23458077153191"><ele>2111.8999938964844</ele></trkpt><trkpt lat="46.03302357951179" lon="7.23471627663821"><ele>2112.0999755859375</ele></trkpt><trkpt lat="46.03299771854654" lon="7.234840360935777"><ele>2112.5</ele></trkpt><trkpt lat="46.032959355041385" lon="7.235014861449599"><ele>2112.2999877929688</ele></trkpt><trkpt lat="46.03298844303936" lon="7.235181359574199"><ele>2112.199981689453</ele></trkpt><trkpt lat="46.03298418223858" lon="7.235311820171773"><ele>2112.0</ele></trkpt><trkpt lat="46.03298351448029" lon="7.235439683776349"><ele>2111.0</ele></trkpt><trkpt lat="46.0329784238711" lon="7.235608893446624"><ele>2110.0999755859375</ele></trkpt><trkpt lat="46.032951657194644" lon="7.235730397049338"><ele>2110.0</ele></trkpt><trkpt lat="46.032920393161476" lon="7.235851917415857"><ele>2109.5999755859375</ele></trkpt><trkpt lat="46.032893628347665" lon="7.23597471229732"><ele>2108.5</ele></trkpt><trkpt lat="46.032863268163055" lon="7.2360988119617105"><ele>2107.3999938964844</ele></trkpt><trkpt lat="46.032835599035025" lon="7.236219027079642"><ele>2105.8999938964844</ele></trkpt><trkpt lat="46.032805235590786" lon="7.23634183453396"><ele>2104.3999938964844</ele></trkpt><trkpt lat="46.03277846844867" lon="7.236463337671012"><ele>2102.8999938964844</ele></trkpt><trkpt lat="46.03273738734424" lon="7.236628805287182"><ele>2101.0</ele></trkpt><trkpt lat="46.03268810734153" lon="7.23673747619614"><ele>2099.5</ele></trkpt><trkpt lat="46.032640624791384" lon="7.236844848841429"><ele>2098.5</ele></trkpt><trkpt lat="46.03259044792503" lon="7.236954814288765"><ele>2097.5999755859375</ele></trkpt><trkpt lat="46.032541163265705" lon="7.237060901708901"><ele>2096.699981689453</ele></trkpt><trkpt lat="46.03249368444085" lon="7.237170856446028"><ele>2095.0999755859375</ele></trkpt><trkpt lat="46.03244440210983" lon="7.237278234679252"><ele>2093.0</ele></trkpt><trkpt lat="46.03237898554653" lon="7.23741796053946"><ele>2091.8999938964844</ele></trkpt><trkpt lat="46.03236842062324" lon="7.237545859534293"><ele>2090.699981689453</ele></trkpt><trkpt lat="46.032353431452066" lon="7.237715103197843"><ele>2088.5999755859375</ele></trkpt><trkpt lat="46.03236445505172" lon="7.237842922564596"><ele>2086.7999877929688</ele></trkpt><trkpt lat="46.03237548051402" lon="7.237972033210099"><ele>2086.199981689453</ele></trkpt><trkpt lat="46.032380119431764" lon="7.238050798419863"><ele>2085.8999938964844</ele></trkpt><trkpt lat="46.03234425513074" lon="7.238116797991097"><ele>2083.2999877929688</ele></trkpt><trkpt lat="46.03238943964243" lon="7.238232866860926"><ele>2079.199981689453</ele></trkpt><trkpt lat="46.03238943964243" lon="7.238232866860926"><ele>2079.199981689453</ele></trkpt><trkpt lat="46.03238943964243" lon="7.238232866860926"><ele>2079.199981689453</ele></trkpt><trkpt lat="46.03231941582635" lon="7.238311907276511"><ele>2077.3999938964844</ele></trkpt><trkpt lat="46.032248492352664" lon="7.238390950951725"><ele>2077.0999755859375</ele></trkpt><trkpt lat="46.03217756701633" lon="7.238468702882528"><ele>2076.5999755859375</ele></trkpt><trkpt lat="46.032120106741786" lon="7.2385309068486094"><ele>2075.0999755859375</ele></trkpt><trkpt lat="46.03204105468467" lon="7.238591898232698"><ele>2072.7999877929688</ele></trkpt><trkpt lat="46.031961102969944" lon="7.2386528928764164"><ele>2070.3999938964844</ele></trkpt><trkpt lat="46.03188205137849" lon="7.238713884260505"><ele>2068.199981689453</ele></trkpt><trkpt lat="46.03183443937451" lon="7.238750221207738"><ele>2066.199981689453</ele></trkpt><trkpt lat="46.03176261391491" lon="7.238827975466847"><ele>2064.2999877929688</ele></trkpt><trkpt lat="46.0316530787386" lon="7.238945904187858"><ele>2062.5999755859375</ele></trkpt><trkpt lat="46.031644265167415" lon="7.239047964569181"><ele>2061.699981689453</ele></trkpt><trkpt lat="46.03166697686538" lon="7.239173156674951"><ele>2061.199981689453</ele></trkpt><trkpt lat="46.031700565479696" lon="7.239344802685082"><ele>2060.8999938964844</ele></trkpt><trkpt lat="46.03165668761358" lon="7.239457324147224"><ele>2061.0999755859375</ele></trkpt><trkpt lat="46.0316101112403" lon="7.239569854922593"><ele>2061.2999877929688</ele></trkpt><trkpt lat="46.0315474322997" lon="7.239732813090086"><ele>2061.199981689453</ele></trkpt><trkpt lat="46.03151706326753" lon="7.2398543250747025"><ele>2061.199981689453</ele></trkpt><trkpt lat="46.031488495413214" lon="7.239977121353149"><ele>2061.2999877929688</ele></trkpt><trkpt lat="46.031466169282794" lon="7.240068899001926"><ele>2061.3999938964844</ele></trkpt><trkpt lat="46.031391630880535" lon="7.2401389121077955"><ele>2061.7999877929688</ele></trkpt><trkpt lat="46.03129643248394" lon="7.240225789602846"><ele>2062.3999938964844</ele></trkpt><trkpt lat="46.03127416362986" lon="7.2403498543426394"><ele>2062.8999938964844</ele></trkpt><trkpt lat="46.03124210936949" lon="7.240535945631564"><ele>2063.5999755859375</ele></trkpt><trkpt lat="46.03135923296213" lon="7.240638838149607"><ele>2064.7999877929688</ele></trkpt><trkpt lat="46.031377403996885" lon="7.240740799810737"><ele>2065.5</ele></trkpt><trkpt lat="46.031431565992534" lon="7.240847796667367"><ele>2065.7999877929688</ele></trkpt><trkpt lat="46.03148122597486" lon="7.240952227264643"><ele>2066.2999877929688</ele></trkpt><trkpt lat="46.03155073244125" lon="7.2410888727754354"><ele>2067.0999755859375</ele></trkpt><trkpt lat="46.03155545797199" lon="7.24121800577268"><ele>2068.0</ele></trkpt><trkpt lat="46.031560183502734" lon="7.241347138304263"><ele>2068.7999877929688</ele></trkpt><trkpt lat="46.03156670788303" lon="7.241476264316589"><ele>2069.5</ele></trkpt><trkpt lat="46.031571430619806" lon="7.241604105103761"><ele>2070.0</ele></trkpt><trkpt lat="46.031577102374285" lon="7.241760355886072"><ele>2070.2999877929688</ele></trkpt><trkpt lat="46.0316474144347" lon="7.2418440487235785"><ele>2070.5999755859375</ele></trkpt><trkpt lat="46.03171502565965" lon="7.241926460061222"><ele>2071.0</ele></trkpt><trkpt lat="46.03178443806246" lon="7.242010156158358"><ele>2071.5999755859375</ele></trkpt><trkpt lat="46.031852051150054" lon="7.242093859240413"><ele>2071.7999877929688</ele></trkpt><trkpt lat="46.031921460758895" lon="7.24217626452446"><ele>2071.5</ele></trkpt><trkpt lat="46.031989973504096" lon="7.242259964812547"><ele>2071.2999877929688</ele></trkpt><trkpt lat="46.03205848345533" lon="7.242342373821884"><ele>2071.2999877929688</ele></trkpt><trkpt lat="46.03212699620053" lon="7.242426074575633"><ele>2071.5999755859375</ele></trkpt><trkpt lat="46.03219640813768" lon="7.242509772069752"><ele>2072.2999877929688</ele></trkpt><trkpt lat="46.03226671740413" lon="7.242592175491154"><ele>2072.8999938964844</ele></trkpt><trkpt lat="46.032343345694244" lon="7.242687471210957"><ele>2072.7999877929688</ele></trkpt><trkpt lat="46.032373243011534" lon="7.242808765731752"><ele>2072.2999877929688</ele></trkpt><trkpt lat="46.032408566679806" lon="7.242946830578148"><ele>2071.699981689453</ele></trkpt><trkpt lat="46.032405191566795" lon="7.243074702564627"><ele>2071.0999755859375</ele></trkpt><trkpt lat="46.03240451728925" lon="7.2432038565166295"><ele>2070.0999755859375</ele></trkpt><trkpt lat="46.032401144038886" lon="7.243333020247519"><ele>2068.5</ele></trkpt><trkpt lat="46.03240046929568" lon="7.24346217373386"><ele>2066.8999938964844</ele></trkpt><trkpt lat="46.032422276213765" lon="7.24358737282455"><ele>2066.3999938964844</ele></trkpt><trkpt lat="46.03244767943397" lon="7.243711267132312"><ele>2066.5999755859375</ele></trkpt><trkpt lat="46.03247130801901" lon="7.243849374819547"><ele>2066.7999877929688</ele></trkpt><trkpt lat="46.03253444004804" lon="7.243943429552019"><ele>2066.5</ele></trkpt><trkpt lat="46.03258044458926" lon="7.244016881100833"><ele>2065.8999938964844</ele></trkpt><trkpt lat="46.03266060911119" lon="7.244077295530587"><ele>2065.0</ele></trkpt><trkpt lat="46.03275248128921" lon="7.244145417120308"><ele>2064.5999755859375</ele></trkpt><trkpt lat="46.03277969220653" lon="7.244274472352117"><ele>2065.8999938964844</ele></trkpt><trkpt lat="46.032822982408106" lon="7.24433889426291"><ele>2067.2999877929688</ele></trkpt><trkpt lat="46.032902252394706" lon="7.244401895906776"><ele>2068.2999877929688</ele></trkpt><trkpt lat="46.0329824173823" lon="7.244462311267853"><ele>2069.0999755859375</ele></trkpt><trkpt lat="46.03306168457493" lon="7.244524021632969"><ele>2070.0</ele></trkpt><trkpt lat="46.03313915338367" lon="7.244585738983005"><ele>2071.8999938964844</ele></trkpt><trkpt lat="46.033218421041965" lon="7.244647449813783"><ele>2074.199981689453</ele></trkpt><trkpt lat="46.033298587892205" lon="7.244709157384932"><ele>2075.699981689453</ele></trkpt><trkpt lat="46.033376056700945" lon="7.244770875200629"><ele>2077.699981689453</ele></trkpt><trkpt lat="46.03349945973605" lon="7.244866009335965"><ele>2079.8999938964844</ele></trkpt><trkpt lat="46.033588469959795" lon="7.244839861057699"><ele>2079.3999938964844</ele></trkpt><trkpt lat="46.03366938373074" lon="7.244813741184771"><ele>2077.5999755859375</ele></trkpt><trkpt lat="46.0337531240657" lon="7.244861229788512"><ele>2076.699981689453</ele></trkpt><trkpt lat="46.033804449252784" lon="7.244890752248466"><ele>2075.2999877929688</ele></trkpt><trkpt lat="46.03389345202595" lon="7.244860728736967"><ele>2071.7999877929688</ele></trkpt><trkpt lat="46.0339932423085" lon="7.244826791808009"><ele>2068.0</ele></trkpt><trkpt lat="46.034083182923496" lon="7.244818721432239"><ele>2066.199981689453</ele></trkpt><trkpt lat="46.03417312633246" lon="7.2448119428008795"><ele>2065.699981689453</ele></trkpt><trkpt lat="46.03426306927577" lon="7.24480516416952"><ele>2065.5</ele></trkpt><trkpt lat="46.03435301268473" lon="7.244798385538161"><ele>2065.5999755859375</ele></trkpt><trkpt lat="46.0344420587644" lon="7.24479290144518"><ele>2065.7999877929688</ele></trkpt><trkpt lat="46.03453469835222" lon="7.244784821756184"><ele>2065.3999938964844</ele></trkpt><trkpt lat="46.034619317855686" lon="7.2448206837289035"><ele>2065.0999755859375</ele></trkpt><trkpt lat="46.03470753785223" lon="7.244857824407518"><ele>2065.2999877929688</ele></trkpt><trkpt lat="46.03479215782136" lon="7.244893686845899"><ele>2066.0999755859375</ele></trkpt><trkpt lat="46.03487947862595" lon="7.244930831249803"><ele>2067.699981689453</ele></trkpt><trkpt lat="46.034964099060744" lon="7.244966694153845"><ele>2069.5999755859375</ele></trkpt><trkpt lat="46.03505141986534" lon="7.245003839023411"><ele>2072.0</ele></trkpt><trkpt lat="46.03517204616219" lon="7.245053781196475"><ele>2074.7999877929688</ele></trkpt><trkpt lat="46.03526015300304" lon="7.245025052689016"><ele>2076.0999755859375</ele></trkpt><trkpt lat="46.0353716337122" lon="7.244988491293043"><ele>2076.5</ele></trkpt><trkpt lat="46.03546158829704" lon="7.244988170452416"><ele>2077.0999755859375</ele></trkpt><trkpt lat="46.035551542881876" lon="7.24498785007745"><ele>2077.2999877929688</ele></trkpt><trkpt lat="46.03562350850552" lon="7.244988885242492"><ele>2077.3999938964844</ele></trkpt><trkpt lat="46.035695537459105" lon="7.24502608506009"><ele>2079.5</ele></trkpt><trkpt lat="46.035695537459105" lon="7.24502608506009"><ele>2079.5</ele></trkpt><trkpt lat="46.035695537459105" lon="7.24502608506009"><ele>2079.5</ele></trkpt><trkpt lat="46.03572268085554" lon="7.2451164005324244"><ele>2083.8999938964844</ele></trkpt><trkpt lat="46.03583074035123" lon="7.245181887410581"><ele>2087.0999755859375</ele></trkpt><trkpt lat="46.0359295764938" lon="7.245115664321929"><ele>2087.699981689453</ele></trkpt><trkpt lat="46.03601953107864" lon="7.2451153439469635"><ele>2087.5999755859375</ele></trkpt><trkpt lat="46.03611848084256" lon="7.245114991441369"><ele>2087.8999938964844</ele></trkpt><trkpt lat="46.036200433503836" lon="7.245168947149068"><ele>2088.0999755859375</ele></trkpt><trkpt lat="46.036281486041844" lon="7.245222906116396"><ele>2088.3999938964844</ele></trkpt><trkpt lat="46.03636343823746" lon="7.245276861824095"><ele>2089.0999755859375</ele></trkpt><trkpt lat="46.03648771811277" lon="7.245359083171934"><ele>2089.5999755859375</ele></trkpt><trkpt lat="46.03656071284786" lon="7.2454350288026035"><ele>2090.0999755859375</ele></trkpt><trkpt lat="46.036633705254644" lon="7.245509683154523"><ele>2090.8999938964844</ele></trkpt><trkpt lat="46.03670670231804" lon="7.245586920529604"><ele>2091.5999755859375</ele></trkpt><trkpt lat="46.03681033430621" lon="7.24569375673309"><ele>2091.0</ele></trkpt><trkpt lat="46.036868973169476" lon="7.245791711844504"><ele>2088.8999938964844</ele></trkpt><trkpt lat="46.0369294132106" lon="7.24589095171541"><ele>2085.3999938964844</ele></trkpt><trkpt lat="46.03697451669723" lon="7.245964413508773"><ele>2081.7999877929688</ele></trkpt><trkpt lat="46.0370555636473" lon="7.246015790849924"><ele>2078.699981689453</ele></trkpt><trkpt lat="46.03710074024275" lon="7.246131876949221"><ele>2075.5999755859375</ele></trkpt><trkpt lat="46.0370901892893" lon="7.246273992583156"><ele>2072.699981689453</ele></trkpt><trkpt lat="46.03705620998517" lon="7.246392942033708"><ele>2070.0</ele></trkpt><trkpt lat="46.037002564873546" lon="7.24658429203555"><ele>2067.0999755859375</ele></trkpt><trkpt lat="46.036980292759836" lon="7.246710949577391"><ele>2064.699981689453</ele></trkpt><trkpt lat="46.03696071449667" lon="7.246835014317185"><ele>2063.2999877929688</ele></trkpt><trkpt lat="46.03693843819201" lon="7.246959088835865"><ele>2062.199981689453</ele></trkpt><trkpt lat="46.036926962435246" lon="7.247086999937892"><ele>2060.8999938964844</ele></trkpt><trkpt lat="46.03691548667848" lon="7.247214910574257"><ele>2059.699981689453</ele></trkpt><trkpt lat="46.03690311126411" lon="7.247342824935913"><ele>2059.0999755859375</ele></trkpt><trkpt lat="46.03689343482256" lon="7.247470729518682"><ele>2059.0999755859375</ele></trkpt><trkpt lat="46.03688016207889" lon="7.247599938418716"><ele>2058.699981689453</ele></trkpt><trkpt lat="46.03686959622428" lon="7.247734304051846"><ele>2057.8999938964844</ele></trkpt><trkpt lat="46.03687341418117" lon="7.247863452881575"><ele>2057.0</ele></trkpt><trkpt lat="46.03687633480877" lon="7.247993896249682"><ele>2055.5999755859375</ele></trkpt><trkpt lat="46.036880150437355" lon="7.248121753334999"><ele>2054.2999877929688</ele></trkpt><trkpt lat="46.03688396792859" lon="7.248250901699066"><ele>2053.199981689453</ele></trkpt><trkpt lat="46.036888597067446" lon="7.248328382615"><ele>2052.2999877929688</ele></trkpt><trkpt lat="46.036909501533955" lon="7.248454888351262"><ele>2051.0999755859375</ele></trkpt><trkpt lat="46.03692950354889" lon="7.248580105602741"><ele>2049.199981689453</ele></trkpt><trkpt lat="46.03695040522143" lon="7.248705319594592"><ele>2047.3999938964844</ele></trkpt><trkpt lat="46.036970409564674" lon="7.2488318285904825"><ele>2046.2999877929688</ele></trkpt><trkpt lat="46.03699041157961" lon="7.248957046307623"><ele>2045.7999877929688</ele></trkpt><trkpt lat="46.037010414060205" lon="7.249082264024764"><ele>2045.8999938964844</ele></trkpt><trkpt lat="46.03703131759539" lon="7.2492087706923485"><ele>2045.6999816894531</ele></trkpt><trkpt lat="46.037051319144666" lon="7.249333988409489"><ele>2043.7999877929688</ele></trkpt><trkpt lat="46.037069488316774" lon="7.249439837876707"><ele>2041.0</ele></trkpt><trkpt lat="46.03707420127466" lon="7.249567692168057"><ele>2038.5999755859375</ele></trkpt><trkpt lat="46.03708161553368" lon="7.249696828890592"><ele>2036.5</ele></trkpt><trkpt lat="46.03708632849157" lon="7.2498246831819415"><ele>2034.6999816894531</ele></trkpt><trkpt lat="46.037093742284924" lon="7.249953819904476"><ele>2033.3999938964844</ele></trkpt><trkpt lat="46.03709845710546" lon="7.250082965940237"><ele>2032.2999877929688</ele></trkpt><trkpt lat="46.03710595984012" lon="7.250265059061348"><ele>2030.8999938964844</ele></trkpt><trkpt lat="46.03706747433171" lon="7.2503814389929175"><ele>2029.2999877929688</ele></trkpt><trkpt lat="46.037016462534666" lon="7.2505379021167755"><ele>2027.3999938964844</ele></trkpt><trkpt lat="46.03695003921166" lon="7.250623378902674"><ele>2026.0</ele></trkpt><trkpt lat="46.036885417066514" lon="7.250710141379386"><ele>2026.1999816894531</ele></trkpt><trkpt lat="46.036816297564656" lon="7.25079691875726"><ele>2027.1999816894531</ele></trkpt><trkpt lat="46.03673820802942" lon="7.250899226870388"><ele>2026.2999877929688</ele></trkpt><trkpt lat="46.03674737829715" lon="7.251003815792501"><ele>2023.7999877929688</ele></trkpt><trkpt lat="46.03672329802066" lon="7.251127894036472"><ele>2021.5999755859375</ele></trkpt><trkpt lat="46.036695655900985" lon="7.251273941714317"><ele>2020.1999816894531</ele></trkpt><trkpt lat="46.036652667447925" lon="7.251387752126902"><ele>2018.5999755859375</ele></trkpt><trkpt lat="46.03660967713222" lon="7.251500270795077"><ele>2016.8999938964844</ele></trkpt><trkpt lat="46.03656668867916" lon="7.2516140807420015"><ele>2015.5999755859375</ele></trkpt><trkpt lat="46.03652369976044" lon="7.251727890223265"><ele>2014.0999755859375</ele></trkpt><trkpt lat="46.036480710841715" lon="7.251841700170189"><ele>2012.6999816894531</ele></trkpt><trkpt lat="46.036434130743146" lon="7.2519593965262175"><ele>2012.3999938964844</ele></trkpt><trkpt lat="46.036406447179615" lon="7.25208090338856"><ele>2013.1999816894531</ele></trkpt><trkpt lat="46.03637426812202" lon="7.252203716896474"><ele>2014.3999938964844</ele></trkpt><trkpt lat="46.03634658455849" lon="7.252325223293155"><ele>2015.7999877929688</ele></trkpt><trkpt lat="46.03631530283019" lon="7.252446742262691"><ele>2017.3999938964844</ele></trkpt><trkpt lat="46.03627330996096" lon="7.252618669997901"><ele>2019.2999877929688</ele></trkpt><trkpt lat="46.03618427924812" lon="7.252633182797581"><ele>2021.8999938964844</ele></trkpt><trkpt lat="46.036111435852945" lon="7.252645057160407"><ele>2025.2999877929688</ele></trkpt><trkpt lat="46.03602141980082" lon="7.252607909496874"><ele>2028.5</ele></trkpt><trkpt lat="46.035990135744214" lon="7.252728135790676"><ele>2030.1999816894531</ele></trkpt><trkpt lat="46.03596155392006" lon="7.252850935794413"><ele>2031.2999877929688</ele></trkpt><trkpt lat="46.03593204449862" lon="7.25295694777742"><ele>2031.3999938964844</ele></trkpt><trkpt lat="46.03594214934856" lon="7.253083489835262"><ele>2030.1999816894531</ele></trkpt><trkpt lat="46.035950418096036" lon="7.253188081085682"><ele>2029.0999755859375</ele></trkpt><trkpt lat="46.03592542326078" lon="7.253304410260171"><ele>2029.2999877929688</ele></trkpt><trkpt lat="46.03586170775816" lon="7.253396331332624"><ele>2030.8999938964844</ele></trkpt><trkpt lat="46.0357890157029" lon="7.253499906975776"><ele>2032.5</ele></trkpt><trkpt lat="46.035708147101104" lon="7.253554429858923"><ele>2034.7999877929688</ele></trkpt><trkpt lat="46.03560032416135" lon="7.253628418780863"><ele>2038.6999816894531</ele></trkpt><trkpt lat="46.035540212877095" lon="7.253724201582372"><ele>2042.2999877929688</ele></trkpt><trkpt lat="46.035480103921145" lon="7.253821275662631"><ele>2043.7999877929688</ele></trkpt><trkpt lat="46.03544063214213" lon="7.2538872808218"><ele>2043.0</ele></trkpt><trkpt lat="46.03534001111984" lon="7.253965117968619"><ele>2041.8999938964844</ele></trkpt><trkpt lat="46.03525460930541" lon="7.253998989239335"><ele>2040.7999877929688</ele></trkpt><trkpt lat="46.03516740864143" lon="7.254032866563648"><ele>2039.5999755859375</ele></trkpt><trkpt lat="46.0350793087855" lon="7.254066746681929"><ele>2039.1999816894531</ele></trkpt><trkpt lat="46.035007392056286" lon="7.254095405805856"><ele>2040.1999816894531</ele></trkpt><trkpt lat="46.034967102110386" lon="7.254210493527353"><ele>2041.7999877929688</ele></trkpt><trkpt lat="46.03492951299995" lon="7.254326862748712"><ele>2042.7999877929688</ele></trkpt><trkpt lat="46.03492951299995" lon="7.254326862748712"><ele>2042.7999877929688</ele></trkpt><trkpt lat="46.03492951299995" lon="7.254326862748712"><ele>2042.7999877929688</ele></trkpt><trkpt lat="46.03488742373884" lon="7.254441956058145"><ele>2043.2999877929688</ele></trkpt><trkpt lat="46.03484713518992" lon="7.2545583341270685"><ele>2043.5</ele></trkpt><trkpt lat="46.034810428041965" lon="7.254664367530495"><ele>2044.3999938964844</ele></trkpt><trkpt lat="46.03472141828388" lon="7.25469179218635"><ele>2046.2999877929688</ele></trkpt><trkpt lat="46.03465499635786" lon="7.254779844079167"><ele>2047.8999938964844</ele></trkpt><trkpt lat="46.034587680827826" lon="7.254871773533523"><ele>2048.0</ele></trkpt><trkpt lat="46.03446902567521" lon="7.254923837259412"><ele>2047.0</ele></trkpt><trkpt lat="46.034424238838255" lon="7.255040229298174"><ele>2046.5999755859375</ele></trkpt><trkpt lat="46.03433445421979" lon="7.255143858026713"><ele>2047.5999755859375</ele></trkpt><trkpt lat="46.034298667218536" lon="7.255262802354991"><ele>2047.8999938964844</ele></trkpt><trkpt lat="46.0342592750676" lon="7.2553778840228915"><ele>2045.8999938964844</ele></trkpt><trkpt lat="46.0342181045562" lon="7.2555058863945305"><ele>2043.1999816894531</ele></trkpt><trkpt lat="46.034143552184105" lon="7.25557329878211"><ele>2042.5999755859375</ele></trkpt><trkpt lat="46.03405642090365" lon="7.25564979435876"><ele>2043.7999877929688</ele></trkpt><trkpt lat="46.03401612956077" lon="7.255764878820628"><ele>2045.5</ele></trkpt><trkpt lat="46.033978536725044" lon="7.255879953503609"><ele>2047.6999816894531</ele></trkpt><trkpt lat="46.03394898073748" lon="7.2559588379226625"><ele>2049.699981689453</ele></trkpt><trkpt lat="46.033862667158246" lon="7.255984959658235"><ele>2052.3999938964844</ele></trkpt><trkpt lat="46.03373319655657" lon="7.2560241422615945"><ele>2056.2999877929688</ele></trkpt><trkpt lat="46.03366138134152" lon="7.256114792544395"><ele>2061.5</ele></trkpt><trkpt lat="46.03360950388014" lon="7.2562957839109"><ele>2068.0999755859375</ele></trkpt><trkpt lat="46.033555699978024" lon="7.256399288773537"><ele>2072.8999938964844</ele></trkpt><trkpt lat="46.033473196439445" lon="7.256555841770023"><ele>2073.199981689453</ele></trkpt><trkpt lat="46.033500391989946" lon="7.256684904452413"><ele>2070.699981689453</ele></trkpt><trkpt lat="46.033413083292544" lon="7.25665290793404"><ele>2068.699981689453</ele></trkpt><trkpt lat="46.033327573910356" lon="7.256620905827731"><ele>2066.5</ele></trkpt><trkpt lat="46.033257364761084" lon="7.256594018545002"><ele>2063.3999938964844</ele></trkpt><trkpt lat="46.03323048260063" lon="7.25665868492797"><ele>2059.5999755859375</ele></trkpt><trkpt lat="46.033132494427264" lon="7.256697758566588"><ele>2055.2999877929688</ele></trkpt><trkpt lat="46.03307952778414" lon="7.256763803306967"><ele>2052.3999938964844</ele></trkpt><trkpt lat="46.03305273829028" lon="7.256885297130793"><ele>2051.0999755859375</ele></trkpt><trkpt lat="46.03303308458999" lon="7.256969312205911"><ele>2050.8999938964844</ele></trkpt><trkpt lat="46.03296214854345" lon="7.25704833259806"><ele>2051.0999755859375</ele></trkpt><trkpt lat="46.0328912162222" lon="7.257129936013371"><ele>2051.0999755859375</ele></trkpt><trkpt lat="46.03282027784735" lon="7.2572076646611094"><ele>2051.199981689453</ele></trkpt><trkpt lat="46.032749343663454" lon="7.2572879758663476"><ele>2051.3999938964844</ele></trkpt><trkpt lat="46.03267840715125" lon="7.257366995792836"><ele>2051.0</ele></trkpt><trkpt lat="46.03262902190909" lon="7.257422695867717"><ele>2050.3999938964844</ele></trkpt><trkpt lat="46.03258602786809" lon="7.257536492776126"><ele>2050.199981689453</ele></trkpt><trkpt lat="46.03254213184118" lon="7.257649001199752"><ele>2050.0</ele></trkpt><trkpt lat="46.032499136868864" lon="7.2577627981081605"><ele>2049.199981689453</ele></trkpt><trkpt lat="46.032455240376294" lon="7.257875306066126"><ele>2047.8999938964844</ele></trkpt><trkpt lat="46.03239612048492" lon="7.258030484430492"><ele>2046.0</ele></trkpt><trkpt lat="46.03241251781583" lon="7.258158289361745"><ele>2043.8999938964844</ele></trkpt><trkpt lat="46.032423480413854" lon="7.2582628657110035"><ele>2041.7999877929688</ele></trkpt><trkpt lat="46.03240119339898" lon="7.258388216141611"><ele>2039.7999877929688</ele></trkpt><trkpt lat="46.0323780043982" lon="7.258512278553098"><ele>2037.5999755859375</ele></trkpt><trkpt lat="46.03235751762986" lon="7.2586389146745205"><ele>2035.2999877929688</ele></trkpt><trkpt lat="46.03233342897147" lon="7.258762979414314"><ele>2033.2999877929688</ele></trkpt><trkpt lat="46.03231024136767" lon="7.2588883326388896"><ele>2031.0</ele></trkpt><trkpt lat="46.0322915292345" lon="7.258999464567751"><ele>2029.0999755859375</ele></trkpt><trkpt lat="46.03222059132531" lon="7.25907848123461"><ele>2029.5</ele></trkpt><trkpt lat="46.032146957702935" lon="7.259158798493445"><ele>2032.3999938964844</ele></trkpt><trkpt lat="46.03205626644194" lon="7.259259836748242"><ele>2037.6999816894531</ele></trkpt><trkpt lat="46.03194838389754" lon="7.259298938792199"><ele>2043.0999755859375</ele></trkpt><trkpt lat="46.03194041084498" lon="7.259375164285302"><ele>2046.8999938964844</ele></trkpt><trkpt lat="46.03186044143513" lon="7.259430964011699"><ele>2052.699981689453</ele></trkpt><trkpt lat="46.031770585570484" lon="7.259491961915046"><ele>2059.5999755859375</ele></trkpt><trkpt lat="46.031755498144776" lon="7.259619870223105"><ele>2061.0999755859375</ele></trkpt><trkpt lat="46.031733320094645" lon="7.259814959485084"><ele>2057.5</ele></trkpt><trkpt lat="46.03168844571337" lon="7.259879681747407"><ele>2054.7999877929688</ele></trkpt><trkpt lat="46.03166345367208" lon="7.260002455674112"><ele>2052.8999938964844</ele></trkpt><trkpt lat="46.03163666697219" lon="7.260127818677574"><ele>2050.0</ele></trkpt><trkpt lat="46.03160807443783" lon="7.260249312967062"><ele>2047.0</ele></trkpt><trkpt lat="46.03159021446481" lon="7.260332026984543"><ele>2044.6999816894531</ele></trkpt><trkpt lat="46.031491429079324" lon="7.2604356706142426"><ele>2043.2999877929688</ele></trkpt><trkpt lat="46.031439419835806" lon="7.260539160575718"><ele>2042.5</ele></trkpt><trkpt lat="46.03138561313972" lon="7.260643947869539"><ele>2041.7999877929688</ele></trkpt><trkpt lat="46.03136602183804" lon="7.260769286192954"><ele>2040.0999755859375</ele></trkpt><trkpt lat="46.03134824009612" lon="7.260901076253504"><ele>2037.8999938964844</ele></trkpt><trkpt lat="46.03135024337098" lon="7.261030218563974"><ele>2035.5</ele></trkpt><trkpt lat="46.031353146303445" lon="7.261159357614815"><ele>2032.7999877929688</ele></trkpt><trkpt lat="46.0313551495783" lon="7.261288499925286"><ele>2030.0</ele></trkpt><trkpt lat="46.0313580930233" lon="7.261443468742073"><ele>2027.0999755859375</ele></trkpt><trkpt lat="46.031374484766275" lon="7.261569980997592"><ele>2024.2999877929688</ele></trkpt><trkpt lat="46.0313954227604" lon="7.261727474164218"><ele>2021.8999938964844</ele></trkpt><trkpt lat="46.03138572955504" lon="7.261855363380164"><ele>2020.0999755859375</ele></trkpt><trkpt lat="46.031378677580506" lon="7.261947081889957"><ele>2018.0999755859375</ele></trkpt><trkpt lat="46.03140404773876" lon="7.262063233181834"><ele>2015.7999877929688</ele></trkpt><trkpt lat="46.03139705443755" lon="7.262192404828966"><ele>2013.6999816894531</ele></trkpt><trkpt lat="46.03139005927369" lon="7.262320284731686"><ele>2012.0</ele></trkpt><trkpt lat="46.03138306597248" lon="7.262449456844479"><ele>2011.1999816894531</ele></trkpt><trkpt lat="46.031379632186145" lon="7.262554078362882"><ele>2010.8999938964844</ele></trkpt><trkpt lat="46.031350139994174" lon="7.262676865793765"><ele>2010.3999938964844</ele></trkpt><trkpt lat="46.03132334817201" lon="7.262800935190171"><ele>2009.0999755859375</ele></trkpt><trkpt lat="46.03129744157195" lon="7.262915961444378"><ele>2007.0</ele></trkpt><trkpt lat="46.03123101266101" lon="7.26300399703905"><ele>2004.8999938964844</ele></trkpt><trkpt lat="46.03119151759893" lon="7.263058367185295"><ele>2003.5</ele></trkpt><trkpt lat="46.031151220202446" lon="7.26317473128438"><ele>2002.6999816894531</ele></trkpt><trkpt lat="46.03110018884763" lon="7.263329874258488"><ele>2002.1999816894531</ele></trkpt><trkpt lat="46.03104631928727" lon="7.263395913410932"><ele>2002.6999816894531</ele></trkpt><trkpt lat="46.03101141937077" lon="7.263512259814888"><ele>2003.8999938964844</ele></trkpt><trkpt lat="46.03096756199375" lon="7.263653173111379"><ele>2005.3999938964844</ele></trkpt><trkpt lat="46.030959668103606" lon="7.263782346621156"><ele>2006.5999755859375</ele></trkpt><trkpt lat="46.030959668103606" lon="7.263782346621156"><ele>2006.5999755859375</ele></trkpt><trkpt lat="46.030959668103606" lon="7.263782346621156"><ele>2006.5999755859375</ele></trkpt><trkpt lat="46.03094819607213" lon="7.263924446888268"><ele>2007.5999755859375</ele></trkpt><trkpt lat="46.03088717442006" lon="7.26401892118156"><ele>2008.5</ele></trkpt><trkpt lat="46.03082525311038" lon="7.264113398268819"><ele>2009.5999755859375</ele></trkpt><trkpt lat="46.030764230992645" lon="7.264207872096449"><ele>2010.6999816894531</ele></trkpt><trkpt lat="46.030702309682965" lon="7.264302349183708"><ele>2011.8999938964844</ele></trkpt><trkpt lat="46.03064128756523" lon="7.264396822545677"><ele>2012.8999938964844</ele></trkpt><trkpt lat="46.030544369947165" lon="7.264546944294125"><ele>2014.0999755859375</ele></trkpt><trkpt lat="46.03052027337253" lon="7.264669711701572"><ele>2015.5999755859375</ele></trkpt><trkpt lat="46.030501551926136" lon="7.264778255019337"><ele>2016.6999816894531</ele></trkpt><trkpt lat="46.03052243590355" lon="7.264903461094946"><ele>2017.2999877929688</ele></trkpt><trkpt lat="46.030545118730515" lon="7.265028661116958"><ele>2017.6999816894531</ele></trkpt><trkpt lat="46.0305705005303" lon="7.265153853222728"><ele>2018.3999938964844</ele></trkpt><trkpt lat="46.03059138217941" lon="7.2652777675539255"><ele>2018.6999816894531</ele></trkpt><trkpt lat="46.030610418412834" lon="7.265371984336525"><ele>2018.5999755859375</ele></trkpt><trkpt lat="46.03060522116721" lon="7.265501148533076"><ele>2018.6999816894531</ele></trkpt><trkpt lat="46.030600083526224" lon="7.265669056214392"><ele>2018.7999877929688</ele></trkpt><trkpt lat="46.03057148726657" lon="7.265791837126017"><ele>2018.7999877929688</ele></trkpt><trkpt lat="46.03053843323141" lon="7.265940461307764"><ele>2018.6999816894531</ele></trkpt><trkpt lat="46.030495430808514" lon="7.266054247971624"><ele>2019.7999877929688</ele></trkpt><trkpt lat="46.030452428385615" lon="7.266168034169823"><ele>2022.5</ele></trkpt><trkpt lat="46.03041032515466" lon="7.266281817574054"><ele>2025.2999877929688</ele></trkpt><trkpt lat="46.030349406879395" lon="7.266444735694677"><ele>2027.0</ele></trkpt><trkpt lat="46.03033971088007" lon="7.266573913395405"><ele>2028.1999816894531</ele></trkpt><trkpt lat="46.03032641438767" lon="7.266701810993254"><ele>2029.2999877929688</ele></trkpt><trkpt lat="46.03031402127817" lon="7.266832288354635"><ele>2030.5</ele></trkpt><trkpt lat="46.03028542222455" lon="7.266953776590526"><ele>2032.1999816894531</ele></trkpt><trkpt lat="46.03025412885472" lon="7.267077856231481"><ele>2033.2999877929688</ele></trkpt><trkpt lat="46.03022642666474" lon="7.267198049928993"><ele>2033.5999755859375</ele></trkpt><trkpt lat="46.0302085489966" lon="7.2672717198729515"><ele>2034.1999816894531</ele></trkpt><trkpt lat="46.0302006509155" lon="7.267400891520083"><ele>2035.0999755859375</ele></trkpt><trkpt lat="46.03018919378519" lon="7.267555903177708"><ele>2036.8999938964844</ele></trkpt><trkpt lat="46.03021097462624" lon="7.267681106925011"><ele>2037.8999938964844</ele></trkpt><trkpt lat="46.03024543914944" lon="7.267865677829832"><ele>2038.0</ele></trkpt><trkpt lat="46.03024743543938" lon="7.267994817811996"><ele>2038.8999938964844</ele></trkpt><trkpt lat="46.03025308903307" lon="7.268162691034377"><ele>2040.5</ele></trkpt><trkpt lat="46.03021548688412" lon="7.268280331976712"><ele>2041.1999816894531</ele></trkpt><trkpt lat="46.03017968405038" lon="7.268397967331111"><ele>2040.8999938964844</ele></trkpt><trkpt lat="46.03014028072357" lon="7.268514322582632"><ele>2041.0</ele></trkpt><trkpt lat="46.03009373601526" lon="7.268666861113161"><ele>2042.2999877929688</ele></trkpt><trkpt lat="46.03003001213074" lon="7.268761337269098"><ele>2044.3999938964844</ele></trkpt><trkpt lat="46.02994834398851" lon="7.2688868646509945"><ele>2047.0</ele></trkpt><trkpt lat="46.029905340634286" lon="7.269001938868314"><ele>2048.8999938964844</ele></trkpt><trkpt lat="46.02985158516094" lon="7.26914545847103"><ele>2049.7999877929688</ele></trkpt><trkpt lat="46.02981848595664" lon="7.269266958348453"><ele>2050.699981689453</ele></trkpt><trkpt lat="46.02978718979284" lon="7.269391035661101"><ele>2051.8999938964844</ele></trkpt><trkpt lat="46.029781088232994" lon="7.2695202003233135"><ele>2053.0</ele></trkpt><trkpt lat="46.02977498667315" lon="7.269649364519864"><ele>2053.5</ele></trkpt><trkpt lat="46.02977158129215" lon="7.269777229055762"><ele>2053.699981689453</ele></trkpt><trkpt lat="46.02976106153801" lon="7.269959356635809"><ele>2054.0999755859375</ele></trkpt><trkpt lat="46.02969733206555" lon="7.2700512474402785"><ele>2054.5999755859375</ele></trkpt><trkpt lat="46.02961744600907" lon="7.270166434813291"><ele>2055.199981689453</ele></trkpt><trkpt lat="46.029601444955915" lon="7.270293046720326"><ele>2056.2999877929688</ele></trkpt><trkpt lat="46.0295836715959" lon="7.2704377439804375"><ele>2057.3999938964844</ele></trkpt><trkpt lat="46.02960724802688" lon="7.270562941674143"><ele>2058.3999938964844</ele></trkpt><trkpt lat="46.02963352110237" lon="7.270686839707196"><ele>2059.3999938964844</ele></trkpt><trkpt lat="46.029657093342394" lon="7.270809454843402"><ele>2060.5</ele></trkpt><trkpt lat="46.02968246676028" lon="7.270933355670422"><ele>2061.5</ele></trkpt><trkpt lat="46.02970873937011" lon="7.271057254169136"><ele>2062.0999755859375</ele></trkpt><trkpt lat="46.02973231533542" lon="7.271182452328503"><ele>2062.699981689453</ele></trkpt><trkpt lat="46.029754066839814" lon="7.271290867123753"><ele>2063.8999938964844</ele></trkpt><trkpt lat="46.029809089843184" lon="7.27139143133536"><ele>2065.0999755859375</ele></trkpt><trkpt lat="46.029871333856136" lon="7.271508762147278"><ele>2065.8999938964844</ele></trkpt><trkpt lat="46.029847231693566" lon="7.2716328161768615"><ele>2066.699981689453</ele></trkpt><trkpt lat="46.0298195653595" lon="7.271780127193779"><ele>2067.5</ele></trkpt><trkpt lat="46.02983954595402" lon="7.271907919552177"><ele>2068.5</ele></trkpt><trkpt lat="46.02986316708848" lon="7.272064113523811"><ele>2068.8999938964844</ele></trkpt><trkpt lat="46.029908309690654" lon="7.2721750400960445"><ele>2069.199981689453</ele></trkpt><trkpt lat="46.029953454155475" lon="7.27228725887835"><ele>2071.0999755859375</ele></trkpt><trkpt lat="46.02999949641526" lon="7.2723981835879385"><ele>2073.0999755859375</ele></trkpt><trkpt lat="46.03004643972963" lon="7.272510396782309"><ele>2074.2999877929688</ele></trkpt><trkpt lat="46.030091581866145" lon="7.272621324285865"><ele>2075.3999938964844</ele></trkpt><trkpt lat="46.03013672772795" lon="7.272734835278243"><ele>2076.5</ele></trkpt><trkpt lat="46.030188193544745" lon="7.27286382438615"><ele>2077.8999938964844</ele></trkpt><trkpt lat="46.03021356463432" lon="7.2729877275414765"><ele>2079.699981689453</ele></trkpt><trkpt lat="46.030236239079386" lon="7.2731129308231175"><ele>2082.0999755859375</ele></trkpt><trkpt lat="46.030271583702415" lon="7.27328975405544"><ele>2085.0</ele></trkpt><trkpt lat="46.030331992544234" lon="7.273383847437799"><ele>2087.5999755859375</ele></trkpt><trkpt lat="46.03039509663358" lon="7.273475350346416"><ele>2090.3999938964844</ele></trkpt><trkpt lat="46.03048615343869" lon="7.273611969314516"><ele>2093.5</ele></trkpt><trkpt lat="46.03044127160683" lon="7.273676679469645"><ele>2095.5999755859375</ele></trkpt><trkpt lat="46.030353082343936" lon="7.273653701413423"><ele>2096.5</ele></trkpt><trkpt lat="46.03029728773981" lon="7.2736383732408285"><ele>2097.2999877929688</ele></trkpt><trkpt lat="46.03024442633614" lon="7.273781886789948"><ele>2099.0</ele></trkpt><trkpt lat="46.03022841922939" lon="7.273907207418233"><ele>2100.199981689453</ele></trkpt><trkpt lat="46.030209741555154" lon="7.274051907937974"><ele>2100.7999877929688</ele></trkpt><trkpt lat="46.03024859307334" lon="7.274168021976948"><ele>2101.699981689453</ele></trkpt><trkpt lat="46.03030733112246" lon="7.274349940940738"><ele>2102.0999755859375</ele></trkpt><trkpt lat="46.03024428477511" lon="7.274297181516886"><ele>2101.3999938964844</ele></trkpt><trkpt lat="46.03016431257129" lon="7.274356830865145"><ele>2100.2999877929688</ele></trkpt><trkpt lat="46.03008343651891" lon="7.274413899518549"><ele>2098.7999877929688</ele></trkpt><trkpt lat="46.03008343651891" lon="7.274413899518549"><ele>2098.7999877929688</ele></trkpt><trkpt lat="46.03008343651891" lon="7.274413899518549"><ele>2098.7999877929688</ele></trkpt><trkpt lat="46.030003460124135" lon="7.274470965377986"><ele>2096.5999755859375</ele></trkpt><trkpt lat="46.029886645730585" lon="7.274557845667005"><ele>2094.8999938964844</ele></trkpt><trkpt lat="46.02984003024176" lon="7.274667760357261"><ele>2094.5999755859375</ele></trkpt><trkpt lat="46.02979431813583" lon="7.2747802548110485"><ele>2094.199981689453</ele></trkpt><trkpt lat="46.02975936233997" lon="7.274866887368262"><ele>2093.199981689453</ele></trkpt><trkpt lat="46.029725353233516" lon="7.274985803291202"><ele>2092.0</ele></trkpt><trkpt lat="46.0296904463321" lon="7.275106013286859"><ele>2091.199981689453</ele></trkpt><trkpt lat="46.02965643722564" lon="7.275224929209799"><ele>2090.8999938964844</ele></trkpt><trkpt lat="46.02962242811918" lon="7.275343844667077"><ele>2090.5</ele></trkpt><trkpt lat="46.02958035795018" lon="7.275487321894616"><ele>2089.0</ele></trkpt><trkpt lat="46.029499479569495" lon="7.275543096475303"><ele>2086.3999938964844</ele></trkpt><trkpt lat="46.029419500380754" lon="7.275598868727684"><ele>2083.7999877929688</ele></trkpt><trkpt lat="46.029338620603085" lon="7.275653352029622"><ele>2083.0999755859375</ele></trkpt><trkpt lat="46.02925504185259" lon="7.275707843247801"><ele>2083.7999877929688</ele></trkpt><trkpt lat="46.029174165800214" lon="7.275764909572899"><ele>2084.7999877929688</ele></trkpt><trkpt lat="46.029122043401" lon="7.2757999347522855"><ele>2085.8999938964844</ele></trkpt><trkpt lat="46.02908623451367" lon="7.275918854866177"><ele>2087.5</ele></trkpt><trkpt lat="46.029059374239296" lon="7.276005461812019"><ele>2088.8999938964844</ele></trkpt><trkpt lat="46.02907665120438" lon="7.27613326208666"><ele>2088.5999755859375</ele></trkpt><trkpt lat="46.02909758593887" lon="7.276302377227694"><ele>2086.699981689453</ele></trkpt><trkpt lat="46.029159016907215" lon="7.276482994668186"><ele>2084.8999938964844</ele></trkpt><trkpt lat="46.02913941210136" lon="7.276610905304551"><ele>2084.199981689453</ele></trkpt><trkpt lat="46.02911445079371" lon="7.276767243631184"><ele>2083.7999877929688</ele></trkpt><trkpt lat="46.02905702358112" lon="7.2768668555654585"><ele>2082.7999877929688</ele></trkpt><trkpt lat="46.028990630526096" lon="7.276987156365067"><ele>2081.5</ele></trkpt><trkpt lat="46.02891607629135" lon="7.277062281500548"><ele>2081.0</ele></trkpt><trkpt lat="46.028800206724554" lon="7.277181438170373"><ele>2081.7999877929688</ele></trkpt><trkpt lat="46.028755391947925" lon="7.277293925639242"><ele>2082.2999877929688</ele></trkpt><trkpt lat="46.02870340971276" lon="7.27742709685117"><ele>2081.699981689453</ele></trkpt><trkpt lat="46.02856853371486" lon="7.277466240338981"><ele>2080.699981689453</ele></trkpt><trkpt lat="46.02852364908904" lon="7.277530944440514"><ele>2079.5999755859375</ele></trkpt><trkpt lat="46.028397750109434" lon="7.277557146269828"><ele>2078.5</ele></trkpt><trkpt lat="46.02832118468359" lon="7.277485053986311"><ele>2077.699981689453</ele></trkpt><trkpt lat="46.0282464181073" lon="7.27741295658052"><ele>2077.199981689453</ele></trkpt><trkpt lat="46.02817345270887" lon="7.277342145331204"><ele>2077.0999755859375</ele></trkpt><trkpt lat="46.02809868613258" lon="7.277270048391074"><ele>2077.0999755859375</ele></trkpt><trkpt lat="46.02802212070674" lon="7.277197956573218"><ele>2077.0999755859375</ele></trkpt><trkpt lat="46.02794735413045" lon="7.277125860098749"><ele>2076.8999938964844</ele></trkpt><trkpt lat="46.02784646488726" lon="7.277029304765165"><ele>2076.3999938964844</ele></trkpt><trkpt lat="46.027782464865595" lon="7.276937805116177"><ele>2076.0</ele></trkpt><trkpt lat="46.027702239342034" lon="7.276823109015822"><ele>2075.8999938964844</ele></trkpt><trkpt lat="46.02762747416273" lon="7.276752305217087"><ele>2076.0999755859375</ele></trkpt><trkpt lat="46.02754009887576" lon="7.276669915765524"><ele>2076.5999755859375</ele></trkpt><trkpt lat="46.027456370648" lon="7.276621092576534"><ele>2077.199981689453</ele></trkpt><trkpt lat="46.02736003883183" lon="7.276565850246698"><ele>2077.699981689453</ele></trkpt><trkpt lat="46.02729424322024" lon="7.276476940605789"><ele>2079.0999755859375</ele></trkpt><trkpt lat="46.02720861649141" lon="7.276359680108726"><ele>2081.2999877929688</ele></trkpt><trkpt lat="46.02712042769417" lon="7.276336698792875"><ele>2082.5</ele></trkpt><trkpt lat="46.02703043958172" lon="7.276313722599298"><ele>2082.0999755859375</ele></trkpt><trkpt lat="46.02696564607322" lon="7.276295837014914"><ele>2081.0999755859375</ele></trkpt><trkpt lat="46.0268810139969" lon="7.276244434528053"><ele>2081.0999755859375</ele></trkpt><trkpt lat="46.02679907856509" lon="7.276191733311862"><ele>2082.3999938964844</ele></trkpt><trkpt lat="46.0267405542545" lon="7.276154458522797"><ele>2084.199981689453</ele></trkpt><trkpt lat="46.026650581508875" lon="7.276141814421862"><ele>2086.5999755859375</ele></trkpt><trkpt lat="46.02656060876325" lon="7.276129169855267"><ele>2088.8999938964844</ele></trkpt><trkpt lat="46.02647521998733" lon="7.276175915263593"><ele>2089.7999877929688</ele></trkpt><trkpt lat="46.02639702335" lon="7.27622005622834"><ele>2090.2999877929688</ele></trkpt><trkpt lat="46.02632046304643" lon="7.276151842903346"><ele>2092.7999877929688</ele></trkpt><trkpt lat="46.026227687019855" lon="7.276066890452057"><ele>2095.3999938964844</ele></trkpt><trkpt lat="46.02613949216902" lon="7.276040035765618"><ele>2096.3999938964844</ele></trkpt><trkpt lat="46.02604770148173" lon="7.2760144835338"><ele>2097.199981689453</ele></trkpt><trkpt lat="46.02596934558824" lon="7.275948858819902"><ele>2099.0</ele></trkpt><trkpt lat="46.02589458273724" lon="7.275879350025207"><ele>2101.0</ele></trkpt><trkpt lat="46.02581532532349" lon="7.275812436826527"><ele>2103.0999755859375</ele></trkpt><trkpt lat="46.02574056806043" lon="7.275746802333742"><ele>2105.699981689453</ele></trkpt><trkpt lat="46.025662206579" lon="7.275677304714918"><ele>2107.8999938964844</ele></trkpt><trkpt lat="46.02558744652197" lon="7.275610378943384"><ele>2109.5999755859375</ele></trkpt><trkpt lat="46.025533406529576" lon="7.275564052630216"><ele>2111.5</ele></trkpt><trkpt lat="46.02544342447072" lon="7.275544953066856"><ele>2114.199981689453</ele></trkpt><trkpt lat="46.02535434206948" lon="7.275525850709528"><ele>2116.8999938964844</ele></trkpt><trkpt lat="46.02523646410555" lon="7.275500378105789"><ele>2118.2999877929688</ele></trkpt><trkpt lat="46.025147560052574" lon="7.275603952817619"><ele>2118.5</ele></trkpt><trkpt lat="46.02509103761986" lon="7.275706138461828"><ele>2119.0</ele></trkpt><trkpt lat="46.0250363140367" lon="7.2758083189837635"><ele>2120.0999755859375</ele></trkpt><trkpt lat="46.02499325433746" lon="7.275889802258462"><ele>2120.5</ele></trkpt><trkpt lat="46.024909652769566" lon="7.275928793009371"><ele>2119.7999877929688</ele></trkpt><trkpt lat="46.024849420879036" lon="7.275954800192267"><ele>2118.5999755859375</ele></trkpt><trkpt lat="46.02476842235774" lon="7.27592792455107"><ele>2117.2999877929688</ele></trkpt><trkpt lat="46.024725078605115" lon="7.275814416818321"><ele>2116.0</ele></trkpt><trkpt lat="46.02468353556469" lon="7.275702195242047"><ele>2115.2999877929688</ele></trkpt><trkpt lat="46.02461671549827" lon="7.275528066325933"><ele>2115.3999938964844</ele></trkpt><trkpt lat="46.02454464090988" lon="7.27545209415257"><ele>2115.199981689453</ele></trkpt><trkpt lat="46.02447166480124" lon="7.275374833960086"><ele>2114.5</ele></trkpt><trkpt lat="46.02439958974719" lon="7.275298862252384"><ele>2113.699981689453</ele></trkpt><trkpt lat="46.024326615501195" lon="7.275222893804312"><ele>2112.8999938964844</ele></trkpt><trkpt lat="46.024237422738224" lon="7.275128895416856"><ele>2112.0999755859375</ele></trkpt><trkpt lat="46.0241770115681" lon="7.275032228324562"><ele>2111.2999877929688</ele></trkpt><trkpt lat="46.024117498192936" lon="7.274934267159551"><ele>2111.0999755859375</ele></trkpt><trkpt lat="46.02404716750607" lon="7.274820843245834"><ele>2111.699981689453</ele></trkpt><trkpt lat="46.02398047270253" lon="7.274733235128224"><ele>2112.3999938964844</ele></trkpt><trkpt lat="46.023915578611195" lon="7.274646913167089"><ele>2112.5</ele></trkpt><trkpt lat="46.023915578611195" lon="7.274646913167089"><ele>2112.5</ele></trkpt><trkpt lat="46.023915578611195" lon="7.274646913167089"><ele>2112.5</ele></trkpt><trkpt lat="46.023847084492445" lon="7.2745593106374145"><ele>2112.0</ele></trkpt><trkpt lat="46.023780391551554" lon="7.274472994264215"><ele>2111.5999755859375</ele></trkpt><trkpt lat="46.023715497460216" lon="7.274386672768742"><ele>2111.3999938964844</ele></trkpt><trkpt lat="46.02365240780637" lon="7.274304219521582"><ele>2111.0999755859375</ele></trkpt><trkpt lat="46.02359648607671" lon="7.274202375672758"><ele>2110.5</ele></trkpt><trkpt lat="46.02354146214202" lon="7.274099237751216"><ele>2109.8999938964844</ele></trkpt><trkpt lat="46.02348643960431" lon="7.273997391574085"><ele>2109.8999938964844</ele></trkpt><trkpt lat="46.02341608144343" lon="7.273865892086178"><ele>2110.2999877929688</ele></trkpt><trkpt lat="46.023379027377814" lon="7.27374849608168"><ele>2111.0999755859375</ele></trkpt><trkpt lat="46.02334197284654" lon="7.273631100542843"><ele>2112.0</ele></trkpt><trkpt lat="46.02330671576783" lon="7.2735124081373215"><ele>2113.2999877929688</ele></trkpt><trkpt lat="46.02325340267271" lon="7.27334986673668"><ele>2115.199981689453</ele></trkpt><trkpt lat="46.02319568907842" lon="7.273253195453435"><ele>2116.8999938964844</ele></trkpt><trkpt lat="46.02313437545672" lon="7.27315524360165"><ele>2117.8999938964844</ele></trkpt><trkpt lat="46.023077562917024" lon="7.273059861268848"><ele>2118.199981689453</ele></trkpt><trkpt lat="46.023016248364" lon="7.272961909882724"><ele>2118.0999755859375</ele></trkpt><trkpt lat="46.02295853244141" lon="7.272863947786391"><ele>2118.199981689453</ele></trkpt><trkpt lat="46.02289722021669" lon="7.272767288144678"><ele>2118.5</ele></trkpt><trkpt lat="46.02284040721133" lon="7.272671906277537"><ele>2119.3999938964844</ele></trkpt><trkpt lat="46.02275745011866" lon="7.272537866607308"><ele>2121.2999877929688</ele></trkpt><trkpt lat="46.02267552120611" lon="7.272490339819342"><ele>2123.0999755859375</ele></trkpt><trkpt lat="46.022577388677746" lon="7.272435115184635"><ele>2124.5</ele></trkpt><trkpt lat="46.02248743455857" lon="7.272435390390456"><ele>2126.3999938964844</ele></trkpt><trkpt lat="46.022361499257386" lon="7.272435776423663"><ele>2128.7999877929688</ele></trkpt><trkpt lat="46.02227135328576" lon="7.272306925151497"><ele>2130.7999877929688</ele></trkpt><trkpt lat="46.022183157969266" lon="7.2722800783813"><ele>2131.699981689453</ele></trkpt><trkpt lat="46.02210036339238" lon="7.272255797870457"><ele>2132.0999755859375</ele></trkpt><trkpt lat="46.02201132988557" lon="7.272270274814218"><ele>2132.5</ele></trkpt><trkpt lat="46.0219213985838" lon="7.2722860453650355"><ele>2133.2999877929688</ele></trkpt><trkpt lat="46.02186743961647" lon="7.272295250091702"><ele>2134.2999877929688</ele></trkpt><trkpt lat="46.02180554578081" lon="7.272412944585085"><ele>2135.5</ele></trkpt><trkpt lat="46.02171742543578" lon="7.272436457220465"><ele>2136.7999877929688</ele></trkpt><trkpt lat="46.021616716869175" lon="7.27246388187632"><ele>2137.5999755859375</ele></trkpt><trkpt lat="46.02153855236247" lon="7.272528684232384"><ele>2137.8999938964844</ele></trkpt><trkpt lat="46.02144421543926" lon="7.2726064482703805"><ele>2138.199981689453</ele></trkpt><trkpt lat="46.02135960152373" lon="7.272567969746888"><ele>2140.0999755859375</ele></trkpt><trkpt lat="46.02127229049802" lon="7.272530790884048"><ele>2143.2999877929688</ele></trkpt><trkpt lat="46.021187676582485" lon="7.272492312360555"><ele>2145.8999938964844</ele></trkpt><trkpt lat="46.021066159941256" lon="7.2724397433921695"><ele>2148.8999938964844</ele></trkpt><trkpt lat="46.02103902306408" lon="7.272337818518281"><ele>2154.0999755859375</ele></trkpt><trkpt lat="46.02095972839743" lon="7.272246384061873"><ele>2160.699981689453</ele></trkpt><trkpt lat="46.02087154099718" lon="7.2722247038036585"><ele>2165.0999755859375</ele></trkpt><trkpt lat="46.02080674935132" lon="7.272208116482943"><ele>2166.5</ele></trkpt><trkpt lat="46.020719536114484" lon="7.272236790973693"><ele>2167.5</ele></trkpt><trkpt lat="46.020631425082684" lon="7.27226675953716"><ele>2168.7999877929688</ele></trkpt><trkpt lat="46.02049026452005" lon="7.272312385495752"><ele>2170.199981689453</ele></trkpt><trkpt lat="46.02041550073773" lon="7.272244179621339"><ele>2171.8999938964844</ele></trkpt><trkpt lat="46.020337141118944" lon="7.272177275735885"><ele>2173.699981689453</ele></trkpt><trkpt lat="46.020261477679014" lon="7.272109073121101"><ele>2175.5999755859375</ele></trkpt><trkpt lat="46.02018401585519" lon="7.272040875628591"><ele>2177.8999938964844</ele></trkpt><trkpt lat="46.020113757345825" lon="7.271977821364999"><ele>2179.7999877929688</ele></trkpt><trkpt lat="46.02002467401326" lon="7.271958726923913"><ele>2181.0999755859375</ele></trkpt><trkpt lat="46.019935592543334" lon="7.271940923295915"><ele>2181.8999938964844</ele></trkpt><trkpt lat="46.01987800048664" lon="7.271926896646619"><ele>2181.3999938964844</ele></trkpt><trkpt lat="46.01979516725987" lon="7.27187679335475"><ele>2180.0</ele></trkpt><trkpt lat="46.019708732143044" lon="7.271824118681252"><ele>2179.199981689453</ele></trkpt><trkpt lat="46.01963933976367" lon="7.271739111747593"><ele>2178.8999938964844</ele></trkpt><trkpt lat="46.019573546014726" lon="7.2716540936380625"><ele>2178.0999755859375</ele></trkpt><trkpt lat="46.01950415363535" lon="7.2715690871700644"><ele>2177.0</ele></trkpt><trkpt lat="46.0194374602288" lon="7.271484072320163"><ele>2176.5</ele></trkpt><trkpt lat="46.01932841259986" lon="7.271348831243813"><ele>2176.5999755859375</ele></trkpt><trkpt lat="46.01924916030839" lon="7.271287097595632"><ele>2176.5999755859375</ele></trkpt><trkpt lat="46.01915730442852" lon="7.271218947134912"><ele>2176.5999755859375</ele></trkpt><trkpt lat="46.019087018445134" lon="7.271137818228453"><ele>2177.199981689453</ele></trkpt><trkpt lat="46.01901312870905" lon="7.271052827127278"><ele>2178.699981689453</ele></trkpt><trkpt lat="46.01892673037946" lon="7.271024687681347"><ele>2180.3999938964844</ele></trkpt><trkpt lat="46.01883853459731" lon="7.270997845102102"><ele>2181.699981689453</ele></trkpt><trkpt lat="46.01876113936305" lon="7.270974842365831"><ele>2183.0</ele></trkpt><trkpt lat="46.018680025823414" lon="7.270871798042208"><ele>2184.0</ele></trkpt><trkpt lat="46.01859808759764" lon="7.270819112192839"><ele>2183.0999755859375</ele></trkpt><trkpt lat="46.018516149837524" lon="7.270766426343471"><ele>2182.2999877929688</ele></trkpt><trkpt lat="46.01843421207741" lon="7.270713741425425"><ele>2183.0</ele></trkpt><trkpt lat="46.01835137465969" lon="7.270661058835685"><ele>2183.0999755859375</ele></trkpt><trkpt lat="46.018222611863166" lon="7.270576239097863"><ele>2182.199981689453</ele></trkpt><trkpt lat="46.018152323551476" lon="7.2704938212409616"><ele>2182.199981689453</ele></trkpt><trkpt lat="46.0180856292136" lon="7.270408810116351"><ele>2184.0</ele></trkpt><trkpt lat="46.018032459542155" lon="7.270344416610897"><ele>2185.5</ele></trkpt><trkpt lat="46.017951417248696" lon="7.270289146807045"><ele>2184.8999938964844</ele></trkpt><trkpt lat="46.01786947483197" lon="7.270233880262822"><ele>2183.5</ele></trkpt><trkpt lat="46.017770420759916" lon="7.270164464600384"><ele>2186.2999877929688</ele></trkpt><trkpt lat="46.017717191483825" lon="7.2700600465759635"><ele>2194.0</ele></trkpt><trkpt lat="46.0176666630432" lon="7.269956910982728"><ele>2201.2999877929688</ele></trkpt><trkpt lat="46.017582756932825" lon="7.269791902974248"><ele>2206.3999938964844</ele></trkpt><trkpt lat="46.01761873951182" lon="7.2697917916812"><ele>2210.8999938964844</ele></trkpt><trkpt lat="46.01767255505547" lon="7.269687040708959"><ele>2214.8999938964844</ele></trkpt><trkpt lat="46.01760055311024" lon="7.269661441445351"><ele>2216.5999755859375</ele></trkpt><trkpt lat="46.01752847107127" lon="7.2695829048752785"><ele>2218.2999877929688</ele></trkpt><trkpt lat="46.017474403139204" lon="7.269519806839526"><ele>2220.3999938964844</ele></trkpt><trkpt lat="46.017391567118466" lon="7.269468418322504"><ele>2221.0</ele></trkpt><trkpt lat="46.0173294399865" lon="7.269429876934737"><ele>2220.7999877929688</ele></trkpt><trkpt lat="46.01722247246653" lon="7.269481856375933"><ele>2220.5999755859375</ele></trkpt><trkpt lat="46.01714141992852" lon="7.269420133437961"><ele>2221.5</ele></trkpt><trkpt lat="46.01714141992852" lon="7.269420133437961"><ele>2221.5</ele></trkpt><trkpt lat="46.01714141992852" lon="7.269420133437961"><ele>2221.5</ele></trkpt><trkpt lat="46.01704144990072" lon="7.269340393599123"><ele>2221.699981689453</ele></trkpt><trkpt lat="46.01695146970451" lon="7.269323888700455"><ele>2219.2999877929688</ele></trkpt><trkpt lat="46.01685248594731" lon="7.269302247557789"><ele>2216.2999877929688</ele></trkpt><trkpt lat="46.016766069456935" lon="7.269262491259724"><ele>2215.5999755859375</ele></trkpt><trkpt lat="46.01668145367876" lon="7.269224020652473"><ele>2216.5</ele></trkpt><trkpt lat="46.01660043839365" lon="7.269186830613762"><ele>2216.8999938964844</ele></trkpt><trkpt lat="46.01647440623492" lon="7.269123957958072"><ele>2217.0</ele></trkpt><trkpt lat="46.01639963686466" lon="7.2690531788393855"><ele>2217.7999877929688</ele></trkpt><trkpt lat="46.01632127305493" lon="7.268984993454069"><ele>2218.8999938964844</ele></trkpt><trkpt lat="46.01620327075943" lon="7.2688781982287765"><ele>2220.0999755859375</ele></trkpt><trkpt lat="46.016104340553284" lon="7.268891418818384"><ele>2220.699981689453</ele></trkpt><trkpt lat="46.016086291056126" lon="7.268852741457522"><ele>2221.0999755859375</ele></trkpt><trkpt lat="46.0159990824759" lon="7.268884001299739"><ele>2222.2999877929688</ele></trkpt><trkpt lat="46.0159424431622" lon="7.268904836382717"><ele>2223.5</ele></trkpt><trkpt lat="46.0158551405184" lon="7.268874122295529"><ele>2224.2999877929688</ele></trkpt><trkpt lat="46.01576963905245" lon="7.268844693899155"><ele>2224.699981689453</ele></trkpt><trkpt lat="46.01568143675104" lon="7.268813982605934"><ele>2225.0999755859375</ele></trkpt><trkpt lat="46.01559233898297" lon="7.268785856664181"><ele>2225.5999755859375</ele></trkpt><trkpt lat="46.01550503447652" lon="7.268753851763904"><ele>2226.3999938964844</ele></trkpt><trkpt lat="46.01541953301057" lon="7.268724423833191"><ele>2227.5</ele></trkpt><trkpt lat="46.015348432119936" lon="7.268700115382671"><ele>2228.5</ele></trkpt><trkpt lat="46.01527568139136" lon="7.268773936666548"><ele>2230.5999755859375</ele></trkpt><trkpt lat="46.01517957355827" lon="7.2688684882596135"><ele>2233.7999877929688</ele></trkpt><trkpt lat="46.01524447649717" lon="7.268957372289151"><ele>2236.2999877929688</ele></trkpt><trkpt lat="46.01530937710777" lon="7.2690449655056"><ele>2238.0999755859375</ele></trkpt><trkpt lat="46.01537427958101" lon="7.269133850000799"><ele>2240.0999755859375</ele></trkpt><trkpt lat="46.01544007938355" lon="7.26922144042328"><ele>2242.0999755859375</ele></trkpt><trkpt lat="46.01549326442182" lon="7.26929486868903"><ele>2244.199981689453</ele></trkpt><trkpt lat="46.01551234442741" lon="7.2694200477562845"><ele>2247.0</ele></trkpt><trkpt lat="46.01553141511977" lon="7.269538771361113"><ele>2249.7999877929688</ele></trkpt><trkpt lat="46.01544144935906" lon="7.269531304948032"><ele>2251.7999877929688</ele></trkpt><trkpt lat="46.01535148406401" lon="7.2695238390006125"><ele>2254.2999877929688</ele></trkpt><trkpt lat="46.015225532930344" lon="7.269513902720064"><ele>2257.699981689453</ele></trkpt><trkpt lat="46.01513833645731" lon="7.269552907906473"><ele>2261.8999938964844</ele></trkpt><trkpt lat="46.01505473861471" lon="7.2695919019170105"><ele>2266.5</ele></trkpt><trkpt lat="46.01496479101479" lon="7.269596055615693"><ele>2270.5</ele></trkpt><trkpt lat="46.01487304409966" lon="7.269600215367973"><ele>2274.199981689453</ele></trkpt><trkpt lat="46.01473812106997" lon="7.2696058000437915"><ele>2277.7999877929688</ele></trkpt><trkpt lat="46.01463913265616" lon="7.26958028646186"><ele>2280.5</ele></trkpt><trkpt lat="46.01456346642226" lon="7.269510803278536"><ele>2282.0</ele></trkpt><trkpt lat="46.014490496367216" lon="7.269440020434558"><ele>2283.2999877929688</ele></trkpt><trkpt lat="46.01440672157332" lon="7.269362816121429"><ele>2284.5999755859375</ele></trkpt><trkpt lat="46.01433473685756" lon="7.269348838832229"><ele>2285.7999877929688</ele></trkpt><trkpt lat="46.01424843585119" lon="7.26938525820151"><ele>2286.5999755859375</ele></trkpt><trkpt lat="46.01418011356145" lon="7.26941387495026"><ele>2286.2999877929688</ele></trkpt><trkpt lat="46.01413530576974" lon="7.269526338670403"><ele>2285.0</ele></trkpt><trkpt lat="46.01409139763564" lon="7.269638799130917"><ele>2284.0</ele></trkpt><trkpt lat="46.01404748763889" lon="7.269749968778342"><ele>2283.8999938964844</ele></trkpt><trkpt lat="46.01400268590078" lon="7.269866305403411"><ele>2284.5</ele></trkpt><trkpt lat="46.01391729991883" lon="7.269913049880415"><ele>2285.7999877929688</ele></trkpt><trkpt lat="46.013812139164656" lon="7.269970184192061"><ele>2287.699981689453</ele></trkpt><trkpt lat="46.013726728037" lon="7.270000143907964"><ele>2289.5999755859375</ele></trkpt><trkpt lat="46.013638615608215" lon="7.270028821658343"><ele>2291.0999755859375</ele></trkpt><trkpt lat="46.013551405165344" lon="7.270058786962181"><ele>2292.3999938964844</ele></trkpt><trkpt lat="46.01346149574965" lon="7.270088760647923"><ele>2293.7999877929688</ele></trkpt><trkpt lat="46.013374282978475" lon="7.270117435138673"><ele>2294.7999877929688</ele></trkpt><trkpt lat="46.013287072535604" lon="7.27014739997685"><ele>2295.5999755859375</ele></trkpt><trkpt lat="46.01315760426223" lon="7.27019169786945"><ele>2296.3999938964844</ele></trkpt><trkpt lat="46.01308215549216" lon="7.270266813226044"><ele>2296.7999877929688</ele></trkpt><trkpt lat="46.01297616912052" lon="7.270373008679599"><ele>2297.7999877929688</ele></trkpt><trkpt lat="46.01294044032693" lon="7.270540956873447"><ele>2300.7999877929688</ele></trkpt><trkpt lat="46.01286046858877" lon="7.27059930190444"><ele>2304.0</ele></trkpt><trkpt lat="46.01279847044498" lon="7.270645971875638"><ele>2305.699981689453</ele></trkpt><trkpt lat="46.01270946022123" lon="7.270675941370428"><ele>2306.2999877929688</ele></trkpt><trkpt lat="46.01261865673587" lon="7.270709789358079"><ele>2306.5999755859375</ele></trkpt><trkpt lat="46.012551323045045" lon="7.270797789096832"><ele>2308.0</ele></trkpt><trkpt lat="46.01248219795525" lon="7.2708909581415355"><ele>2309.7999877929688</ele></trkpt><trkpt lat="46.01239769347012" lon="7.27092607691884"><ele>2309.7999877929688</ele></trkpt><trkpt lat="46.01231049001217" lon="7.2709612040780485"><ele>2309.0</ele></trkpt><trkpt lat="46.01222238689661" lon="7.270996334031224"><ele>2308.699981689453</ele></trkpt><trkpt lat="46.01213248865679" lon="7.271034051664174"><ele>2308.5</ele></trkpt><trkpt lat="46.012062448076904" lon="7.2711168942041695"><ele>2309.3999938964844</ele></trkpt><trkpt lat="46.011980737093836" lon="7.271215264685452"><ele>2311.5</ele></trkpt><trkpt lat="46.01187103195116" lon="7.271241423673928"><ele>2313.2999877929688</ele></trkpt><trkpt lat="46.011782760731876" lon="7.27116423426196"><ele>2312.7999877929688</ele></trkpt><trkpt lat="46.011719562578946" lon="7.271010797005147"><ele>2311.8999938964844</ele></trkpt><trkpt lat="46.01162960054353" lon="7.271005910355598"><ele>2313.5999755859375</ele></trkpt><trkpt lat="46.01153964130208" lon="7.27100231545046"><ele>2317.199981689453</ele></trkpt><trkpt lat="46.01143168937415" lon="7.2709974851459265"><ele>2321.2999877929688</ele></trkpt><trkpt lat="46.01144357584417" lon="7.271125260274857"><ele>2326.8999938964844</ele></trkpt><trkpt lat="46.01145732309669" lon="7.27129434235394"><ele>2332.2999877929688</ele></trkpt><trkpt lat="46.01152851106599" lon="7.27137674856931"><ele>2335.0</ele></trkpt><trkpt lat="46.01161141786724" lon="7.271475902292877"><ele>2336.3999938964844</ele></trkpt><trkpt lat="46.011659254319966" lon="7.2715829107910395"><ele>2339.199981689453</ele></trkpt><trkpt lat="46.01170979114249" lon="7.271691202186048"><ele>2343.2999877929688</ele></trkpt><trkpt lat="46.011774776503444" lon="7.271836888976395"><ele>2347.3999938964844</ele></trkpt><trkpt lat="46.011844157241285" lon="7.271914137993008"><ele>2350.5999755859375</ele></trkpt><trkpt lat="46.01191534101963" lon="7.271993963979185"><ele>2353.2999877929688</ele></trkpt><trkpt lat="46.01201625773683" lon="7.272105974610895"><ele>2357.2999877929688</ele></trkpt><trkpt lat="46.011981445364654" lon="7.272286826744676"><ele>2361.8999938964844</ele></trkpt><trkpt lat="46.011981445364654" lon="7.272286826744676"><ele>2361.8999938964844</ele></trkpt><trkpt lat="46.011981445364654" lon="7.272286826744676"><ele>2361.8999938964844</ele></trkpt><trkpt lat="46.011928488034755" lon="7.272364451084286"><ele>2364.5999755859375</ele></trkpt><trkpt lat="46.01195549406111" lon="7.272377279121429"><ele>2367.8999938964844</ele></trkpt><trkpt lat="46.01191980112344" lon="7.2725710440427065"><ele>2373.5</ele></trkpt><trkpt lat="46.01193603174761" lon="7.272596815600991"><ele>2377.199981689453</ele></trkpt><trkpt lat="46.011858763638884" lon="7.2726590214297175"><ele>2379.0</ele></trkpt><trkpt lat="46.01173836365342" lon="7.272752343676984"><ele>2383.0999755859375</ele></trkpt><trkpt lat="46.01177540048957" lon="7.2728568045422435"><ele>2387.3999938964844</ele></trkpt><trkpt lat="46.011748470366" lon="7.272894326597452"><ele>2390.199981689453</ele></trkpt><trkpt lat="46.01165955001488" lon="7.272984970360994"><ele>2393.0999755859375</ele></trkpt><trkpt lat="46.01154264807701" lon="7.27301114751026"><ele>2396.0</ele></trkpt><trkpt lat="46.01156073715538" lon="7.273076935205609"><ele>2398.7999877929688</ele></trkpt><trkpt lat="46.011460101697594" lon="7.273153412621468"><ele>2402.5</ele></trkpt><trkpt lat="46.01143338344991" lon="7.273334237281233"><ele>2406.699981689453</ele></trkpt><trkpt lat="46.011372356209904" lon="7.273429958615452"><ele>2410.0999755859375</ele></trkpt><trkpt lat="46.0113122262992" lon="7.273524386342615"><ele>2412.8999938964844</ele></trkpt><trkpt lat="46.01123774377629" lon="7.2736459681764245"><ele>2415.2999877929688</ele></trkpt><trkpt lat="46.01114872004837" lon="7.273666894994676"><ele>2416.8999938964844</ele></trkpt><trkpt lat="46.01106059551239" lon="7.27368781901896"><ele>2418.0</ele></trkpt><trkpt lat="46.01096617616713" lon="7.273710053414106"><ele>2419.7999877929688</ele></trkpt><trkpt lat="46.01093934290111" lon="7.273813415784389"><ele>2423.7999877929688</ele></trkpt><trkpt lat="46.01095040468499" lon="7.273994124028832"><ele>2429.0</ele></trkpt><trkpt lat="46.010914558544755" lon="7.2740858951583505"><ele>2433.0</ele></trkpt><trkpt lat="46.010825521312654" lon="7.274097784422338"><ele>2436.5</ele></trkpt><trkpt lat="46.01073558907956" lon="7.27411225810647"><ele>2440.5</ele></trkpt><trkpt lat="46.01065374817699" lon="7.274124125950038"><ele>2444.2999877929688</ele></trkpt><trkpt lat="46.01058821706101" lon="7.274215985555202"><ele>2447.8999938964844</ele></trkpt><trkpt lat="46.01049037417397" lon="7.274357000831515"><ele>2451.199981689453</ele></trkpt><trkpt lat="46.01045546727255" lon="7.274475878570229"><ele>2454.2999877929688</ele></trkpt><trkpt lat="46.010421459097415" lon="7.274594753514975"><ele>2457.5999755859375</ele></trkpt><trkpt lat="46.010393717791885" lon="7.274692953098565"><ele>2460.3999938964844</ele></trkpt><trkpt lat="46.01034881640226" lon="7.274744728580117"><ele>2461.5</ele></trkpt><trkpt lat="46.01023914990947" lon="7.274797990452498"><ele>2462.0</ele></trkpt><trkpt lat="46.010203280020505" lon="7.274874267168343"><ele>2463.5</ele></trkpt><trkpt lat="46.010119683574885" lon="7.274915831163526"><ele>2465.3999938964844</ele></trkpt><trkpt lat="46.010041476693004" lon="7.274952214676887"><ele>2468.0999755859375</ele></trkpt><trkpt lat="46.00996246840805" lon="7.275055732112378"><ele>2470.7999877929688</ele></trkpt><trkpt lat="46.00987344607711" lon="7.27507794694975"><ele>2472.2999877929688</ele></trkpt><trkpt lat="46.00980060826987" lon="7.275094949640334"><ele>2474.0</ele></trkpt><trkpt lat="46.00972153944895" lon="7.275157155003399"><ele>2477.0999755859375</ele></trkpt><trkpt lat="46.00960113713518" lon="7.27525046793744"><ele>2480.3999938964844</ele></trkpt><trkpt lat="46.00961022730917" lon="7.275314989965409"><ele>2483.0</ele></trkpt><trkpt lat="46.009547354187816" lon="7.275379728060216"><ele>2485.5999755859375</ele></trkpt><trkpt lat="46.0095314453356" lon="7.275573422666639"><ele>2488.699981689453</ele></trkpt><trkpt lat="46.00949555821717" lon="7.2756380792707205"><ele>2491.199981689453</ele></trkpt><trkpt lat="46.009432590566576" lon="7.275638268329203"><ele>2493.2999877929688</ele></trkpt><trkpt lat="46.0094327791594" lon="7.275767365470529"><ele>2495.7999877929688</ele></trkpt><trkpt lat="46.00943124387413" lon="7.275948106776923"><ele>2498.7999877929688</ele></trkpt><trkpt lat="46.00935021229088" lon="7.27589800208807"><ele>2501.5</ele></trkpt><trkpt lat="46.00935037992895" lon="7.276012897957116"><ele>2504.2999877929688</ele></trkpt><trkpt lat="46.00931907258928" lon="7.276134343352169"><ele>2507.7999877929688</ele></trkpt><trkpt lat="46.00929046422243" lon="7.276255780830979"><ele>2511.5</ele></trkpt><trkpt lat="46.009262735024095" lon="7.276363014243543"><ele>2515.5</ele></trkpt><trkpt lat="46.00915308529511" lon="7.276427891105413"><ele>2520.7999877929688</ele></trkpt><trkpt lat="46.00910829426721" lon="7.27655583107844"><ele>2526.0999755859375</ele></trkpt><trkpt lat="46.009114779066294" lon="7.276684908661991"><ele>2530.699981689453</ele></trkpt><trkpt lat="46.00911946455017" lon="7.276813991833478"><ele>2535.7999877929688</ele></trkpt><trkpt lat="46.0090927220881" lon="7.276981897652149"><ele>2540.8999938964844</ele></trkpt><trkpt lat="46.009047822095454" lon="7.277034961618483"><ele>2544.8999938964844</ele></trkpt><trkpt lat="46.009042609948665" lon="7.277162782847881"><ele>2549.3999938964844</ele></trkpt><trkpt lat="46.00903736287728" lon="7.277266076300293"><ele>2554.199981689453</ele></trkpt><trkpt lat="46.00895646074787" lon="7.277305046096444"><ele>2558.3999938964844</ele></trkpt><trkpt lat="46.00892245024443" lon="7.2774239159189165"><ele>2562.7999877929688</ele></trkpt><trkpt lat="46.008888439275324" lon="7.277542785741389"><ele>2566.3999938964844</ele></trkpt><trkpt lat="46.00885979598388" lon="7.277640983927995"><ele>2569.2999877929688</ele></trkpt><trkpt lat="46.00887706968933" lon="7.277767447289079"><ele>2573.3999938964844</ele></trkpt><trkpt lat="46.00889614317566" lon="7.27789390552789"><ele>2579.0</ele></trkpt><trkpt lat="46.008915214799345" lon="7.278019072953612"><ele>2584.699981689453</ele></trkpt><trkpt lat="46.00893244938925" lon="7.278118426445872"><ele>2589.5</ele></trkpt><trkpt lat="46.0088822315447" lon="7.278227015864104"><ele>2593.5999755859375</ele></trkpt><trkpt lat="46.00885175121948" lon="7.278299400117248"><ele>2596.7999877929688</ele></trkpt><trkpt lat="46.00878170412034" lon="7.278380937408656"><ele>2598.699981689453</ele></trkpt><trkpt lat="46.008670340292156" lon="7.27850648900494"><ele>2600.5999755859375</ele></trkpt><trkpt lat="46.00862642424181" lon="7.278618931770325"><ele>2604.2999877929688</ele></trkpt><trkpt lat="46.00856456486508" lon="7.278764992021024"><ele>2607.8999938964844</ele></trkpt><trkpt lat="46.00847468478605" lon="7.2788168946281075"><ele>2608.8999938964844</ele></trkpt><trkpt lat="46.00840734457597" lon="7.278904877603054"><ele>2610.5</ele></trkpt><trkpt lat="46.00832923641428" lon="7.279010965488851"><ele>2614.0999755859375</ele></trkpt><trkpt lat="46.00829252181575" lon="7.279127259273082"><ele>2618.5</ele></trkpt><trkpt lat="46.00823251111433" lon="7.27930816821754"><ele>2624.5</ele></trkpt><trkpt lat="46.00814272509888" lon="7.279425907880068"><ele>2629.0999755859375</ele></trkpt><trkpt lat="46.00807975511998" lon="7.279424801468849"><ele>2628.699981689453</ele></trkpt><trkpt lat="46.00800249166787" lon="7.27949344785884"><ele>2627.7999877929688</ele></trkpt><trkpt lat="46.00790726346895" lon="7.279580219648778"><ele>2629.699981689453</ele></trkpt><trkpt lat="46.007825473323464" lon="7.279628224205226"><ele>2631.2999877929688</ele></trkpt><trkpt lat="46.00774278724566" lon="7.279678812716156"><ele>2631.7999877929688</ele></trkpt><trkpt lat="46.007657398469746" lon="7.2797268270514905"><ele>2632.3999938964844</ele></trkpt><trkpt lat="46.00757560832426" lon="7.279774830676615"><ele>2633.7999877929688</ele></trkpt><trkpt lat="46.007490220014006" lon="7.2798228450119495"><ele>2635.3999938964844</ele></trkpt><trkpt lat="46.00744168879464" lon="7.279853969346732"><ele>2636.7999877929688</ele></trkpt><trkpt lat="46.007354476023465" lon="7.279883916024119"><ele>2639.0</ele></trkpt><trkpt lat="46.00725107686594" lon="7.279917782638222"><ele>2641.5</ele></trkpt><trkpt lat="46.007161122746766" lon="7.279918045736849"><ele>2643.2999877929688</ele></trkpt><trkpt lat="46.007089159451425" lon="7.279918256215751"><ele>2643.5999755859375</ele></trkpt><trkpt lat="46.007008109241724" lon="7.279853947460651"><ele>2644.2999877929688</ele></trkpt><trkpt lat="46.007008109241724" lon="7.279853947460651"><ele>2644.2999877929688</ele></trkpt><trkpt lat="46.007008109241724" lon="7.279853947460651"><ele>2644.2999877929688</ele></trkpt><trkpt lat="46.00697225611657" lon="7.279944416601211"><ele>2647.199981689453</ele></trkpt><trkpt lat="46.00691826734692" lon="7.279932956211269"><ele>2648.5</ele></trkpt><trkpt lat="46.006882338784635" lon="7.27997049735859"><ele>2647.0999755859375</ele></trkpt><trkpt lat="46.006890618707985" lon="7.280100855045021"><ele>2644.5</ele></trkpt><trkpt lat="46.00689619453624" lon="7.280227347277105"><ele>2640.5</ele></trkpt><trkpt lat="46.00690447213128" lon="7.280356413684785"><ele>2634.3999938964844</ele></trkpt><trkpt lat="46.00691007217392" lon="7.28050097823143"><ele>2626.5</ele></trkpt><trkpt lat="46.00682646827772" lon="7.280539948027581"><ele>2619.5999755859375</ele></trkpt><trkpt lat="46.006739266216755" lon="7.2805789285339415"><ele>2613.5</ele></trkpt><trkpt lat="46.00671244133264" lon="7.2806938965804875"><ele>2607.8999938964844</ele></trkpt><trkpt lat="46.006623360328376" lon="7.28067608224228"><ele>2602.699981689453</ele></trkpt><trkpt lat="46.006514485459775" lon="7.2806557435542345"><ele>2597.0999755859375</ele></trkpt><trkpt lat="46.006525406148285" lon="7.28074607392773"><ele>2591.5</ele></trkpt><trkpt lat="46.00643910933286" lon="7.280788924079388"><ele>2585.699981689453</ele></trkpt><trkpt lat="46.00631865533069" lon="7.280849945731461"><ele>2580.3999938964844</ele></trkpt><trkpt lat="46.006244097836316" lon="7.280925033614039"><ele>2576.5999755859375</ele></trkpt><trkpt lat="46.00619110092521" lon="7.280979404691607"><ele>2573.0999755859375</ele></trkpt><trkpt lat="46.00619117310271" lon="7.28103103954345"><ele>2569.7999877929688</ele></trkpt><trkpt lat="46.006112098228186" lon="7.281091940589249"><ele>2567.0999755859375</ele></trkpt><trkpt lat="46.006034824531525" lon="7.281154127325863"><ele>2564.3999938964844</ele></trkpt><trkpt lat="46.005958444438875" lon="7.281212438363582"><ele>2562.0</ele></trkpt><trkpt lat="46.00586940953508" lon="7.28122689621523"><ele>2560.0</ele></trkpt><trkpt lat="46.00577947124839" lon="7.281238774769008"><ele>2558.5999755859375</ele></trkpt><trkpt lat="46.00568949151784" lon="7.281220962759107"><ele>2558.0</ele></trkpt><trkpt lat="46.005581519100815" lon="7.281201912555844"><ele>2557.2999877929688</ele></trkpt><trkpt lat="46.00551863992587" lon="7.281265347730368"><ele>2555.5</ele></trkpt><trkpt lat="46.00547742191702" lon="7.2813803548924625"><ele>2553.0</ele></trkpt><trkpt lat="46.0054272483103" lon="7.2815237869508564"><ele>2549.2999877929688</ele></trkpt><trkpt lat="46.005436406005174" lon="7.281639938708395"><ele>2544.5</ele></trkpt><trkpt lat="46.005404190160334" lon="7.2817600830458105"><ele>2540.0999755859375</ele></trkpt><trkpt lat="46.00537556130439" lon="7.281872471328825"><ele>2536.0999755859375</ele></trkpt><trkpt lat="46.00531542906538" lon="7.281970751006156"><ele>2532.7999877929688</ele></trkpt><trkpt lat="46.00526607129723" lon="7.282054799608886"><ele>2529.3999938964844</ele></trkpt><trkpt lat="46.00531119201332" lon="7.282157938461751"><ele>2524.7999877929688</ele></trkpt><trkpt lat="46.00527177192271" lon="7.282272939104587"><ele>2519.699981689453</ele></trkpt><trkpt lat="46.00521441688761" lon="7.282428008504212"><ele>2515.199981689453</ele></trkpt><trkpt lat="46.00523248082027" lon="7.282480881549418"><ele>2512.3999938964844</ele></trkpt><trkpt lat="46.00530723622069" lon="7.28254779195413"><ele>2510.2999877929688</ele></trkpt><trkpt lat="46.005394593812525" lon="7.282621120568365"><ele>2507.5</ele></trkpt><trkpt lat="46.00542167155072" lon="7.282686877064407"><ele>2504.199981689453</ele></trkpt><trkpt lat="46.00550538254902" lon="7.282725362572819"><ele>2501.699981689453</ele></trkpt><trkpt lat="46.00559269357473" lon="7.282765128649771"><ele>2499.3999938964844</ele></trkpt><trkpt lat="46.00567640597001" lon="7.282804905436933"><ele>2497.199981689453</ele></trkpt><trkpt lat="46.00576371885836" lon="7.282845962792635"><ele>2495.199981689453</ele></trkpt><trkpt lat="46.00584832765162" lon="7.2828831556253135"><ele>2493.2999877929688</ele></trkpt><trkpt lat="46.00593563867733" lon="7.282922922633588"><ele>2491.0999755859375</ele></trkpt><trkpt lat="46.006019352935255" lon="7.2829639906995"><ele>2488.7999877929688</ele></trkpt><trkpt lat="46.006114763673395" lon="7.283006316050887"><ele>2486.3999938964844</ele></trkpt><trkpt lat="46.006158084608614" lon="7.283109463285655"><ele>2483.7999877929688</ele></trkpt><trkpt lat="46.00625714333728" lon="7.283187923952937"><ele>2481.5999755859375</ele></trkpt><trkpt lat="46.00630766618997" lon="7.283294923603535"><ele>2479.7999877929688</ele></trkpt><trkpt lat="46.00635639531538" lon="7.283405801281333"><ele>2478.2999877929688</ele></trkpt><trkpt lat="46.00642039021477" lon="7.283497272059321"><ele>2477.3999938964844</ele></trkpt><trkpt lat="46.00651142094284" lon="7.2836248110979795"><ele>2476.7999877929688</ele></trkpt><trkpt lat="46.006556417793036" lon="7.283638882916421"><ele>2476.3999938964844</ele></trkpt><trkpt lat="46.00662040663883" lon="7.283726481720805"><ele>2476.5</ele></trkpt><trkpt lat="46.00668440153822" lon="7.283817953430116"><ele>2477.0999755859375</ele></trkpt><trkpt lat="46.00674929190427" lon="7.283906841184944"><ele>2477.2999877929688</ele></trkpt><trkpt lat="46.00679074553773" lon="7.283960941247642"><ele>2476.5999755859375</ele></trkpt><trkpt lat="46.00686819013208" lon="7.284021392930299"><ele>2475.2999877929688</ele></trkpt><trkpt lat="46.00694743683562" lon="7.284084422048181"><ele>2474.199981689453</ele></trkpt><trkpt lat="46.007027581799775" lon="7.284146157559007"><ele>2473.199981689453</ele></trkpt><trkpt lat="46.00710412999615" lon="7.2842091945931315"><ele>2472.2999877929688</ele></trkpt><trkpt lat="46.007212192285806" lon="7.284294087905437"><ele>2471.199981689453</ele></trkpt><trkpt lat="46.00725462893024" lon="7.284408858977258"><ele>2468.5</ele></trkpt><trkpt lat="46.00729347066954" lon="7.284526221919805"><ele>2465.0999755859375</ele></trkpt><trkpt lat="46.00737362029031" lon="7.284591830801219"><ele>2462.8999938964844</ele></trkpt><trkpt lat="46.00742044765502" lon="7.284629134926945"><ele>2461.2999877929688</ele></trkpt><trkpt lat="46.007484442554414" lon="7.2847218993119895"><ele>2458.8999938964844</ele></trkpt><trkpt lat="46.00756555702537" lon="7.284835270605981"><ele>2455.7999877929688</ele></trkpt><trkpt lat="46.007529681548476" lon="7.284912827424705"><ele>2452.7999877929688</ele></trkpt><trkpt lat="46.00758379558101" lon="7.285015948116779"><ele>2450.199981689453</ele></trkpt><trkpt lat="46.00754608726129" lon="7.285068982746452"><ele>2448.5</ele></trkpt><trkpt lat="46.007510158233345" lon="7.285107811447233"><ele>2445.8999938964844</ele></trkpt><trkpt lat="46.007384113036096" lon="7.285029421094805"><ele>2441.199981689453</ele></trkpt><trkpt lat="46.00736622791737" lon="7.285106926690787"><ele>2437.199981689453</ele></trkpt><trkpt lat="46.00742123927921" lon="7.285208753775805"><ele>2435.0</ele></trkpt><trkpt lat="46.00747625250369" lon="7.285311871673912"><ele>2431.699981689453</ele></trkpt><trkpt lat="46.00753216119483" lon="7.285412405617535"><ele>2426.7999877929688</ele></trkpt><trkpt lat="46.0075844633393" lon="7.285506494808942"><ele>2422.8999938964844</ele></trkpt><trkpt lat="46.00755746057257" lon="7.285494952462614"><ele>2420.8999938964844</ele></trkpt><trkpt lat="46.00755751132965" lon="7.285532388836145"><ele>2418.7999877929688</ele></trkpt><trkpt lat="46.00763047626242" lon="7.285607056692243"><ele>2416.199981689453</ele></trkpt><trkpt lat="46.00770344119519" lon="7.28568172454834"><ele>2413.8999938964844</ele></trkpt><trkpt lat="46.007809734903276" lon="7.285789863206446"><ele>2410.5</ele></trkpt><trkpt lat="46.00769104762003" lon="7.285828924737871"><ele>2406.0999755859375</ele></trkpt><trkpt lat="46.00776221835986" lon="7.285907470621169"><ele>2403.0999755859375</ele></trkpt><trkpt lat="46.00783339096233" lon="7.2859873082488775"><ele>2401.0999755859375</ele></trkpt><trkpt lat="46.00790546135977" lon="7.28606585226953"><ele>2398.5999755859375</ele></trkpt><trkpt lat="46.007977535482496" lon="7.286146978382021"><ele>2395.8999938964844</ele></trkpt><trkpt lat="46.00804870435968" lon="7.286224234383553"><ele>2393.7999877929688</ele></trkpt><trkpt lat="46.00809645699337" lon="7.286280901636928"><ele>2391.699981689453</ele></trkpt><trkpt lat="46.008008336648345" lon="7.286306967027485"><ele>2388.2999877929688</ele></trkpt><trkpt lat="46.00788245070726" lon="7.286344756837934"><ele>2383.7999877929688</ele></trkpt><trkpt lat="46.00797259947285" lon="7.286487797275186"><ele>2379.5</ele></trkpt><trkpt lat="46.00799967115745" lon="7.286550976801664"><ele>2376.8999938964844</ele></trkpt><trkpt lat="46.00798169756308" lon="7.286563936620951"><ele>2375.699981689453</ele></trkpt><trkpt lat="46.00789175881073" lon="7.2865758067928255"><ele>2374.2999877929688</ele></trkpt><trkpt lat="46.00780272111297" lon="7.286588964983821"><ele>2371.5</ele></trkpt><trkpt lat="46.00780272111297" lon="7.286588964983821"><ele>2371.5</ele></trkpt><trkpt lat="46.00780272111297" lon="7.286588964983821"><ele>2371.5</ele></trkpt><trkpt lat="46.0076831006445" lon="7.286603499669582"><ele>2368.0</ele></trkpt><trkpt lat="46.00760853104293" lon="7.286672127433121"><ele>2365.0999755859375</ele></trkpt><trkpt lat="46.00753036374226" lon="7.286740764975548"><ele>2363.7999877929688</ele></trkpt><trkpt lat="46.00746747246012" lon="7.286797741428018"><ele>2362.7999877929688</ele></trkpt><trkpt lat="46.0073811635375" lon="7.286832837387919"><ele>2360.5</ele></trkpt><trkpt lat="46.007271476089954" lon="7.286875743884593"><ele>2357.0999755859375</ele></trkpt><trkpt lat="46.0071996874176" lon="7.287005036137998"><ele>2354.199981689453</ele></trkpt><trkpt lat="46.00710973283276" lon="7.287005287129432"><ele>2351.8999938964844</ele></trkpt><trkpt lat="46.00703776907176" lon="7.287005487829447"><ele>2350.3999938964844</ele></trkpt><trkpt lat="46.00700912391767" lon="7.2871088408865035"><ele>2350.2999877929688</ele></trkpt><trkpt lat="46.00703632179648" lon="7.287264965940267"><ele>2351.3999938964844</ele></trkpt><trkpt lat="46.00708144949749" lon="7.287375858984888"><ele>2352.199981689453</ele></trkpt><trkpt lat="46.00712657999247" lon="7.287489333655685"><ele>2351.5999755859375</ele></trkpt><trkpt lat="46.00716449134052" lon="7.287586046848446"><ele>2349.5999755859375</ele></trkpt><trkpt lat="46.00718445004895" lon="7.287711210083216"><ele>2348.0999755859375</ele></trkpt><trkpt lat="46.00720075145364" lon="7.2877924926579"><ele>2347.5999755859375</ele></trkpt><trkpt lat="46.007286249659956" lon="7.287823237013072"><ele>2346.5999755859375</ele></trkpt><trkpt lat="46.00737444777042" lon="7.2878552647307515"><ele>2344.699981689453</ele></trkpt><trkpt lat="46.007488743402064" lon="7.2878949656151235"><ele>2343.0</ele></trkpt><trkpt lat="46.00742680160329" lon="7.287989375181496"><ele>2342.0</ele></trkpt><trkpt lat="46.007343313191086" lon="7.288114826194942"><ele>2341.7999877929688</ele></trkpt><trkpt lat="46.00731740007177" lon="7.288243990391493"><ele>2342.0</ele></trkpt><trkpt lat="46.00727245770395" lon="7.288269933313131"><ele>2342.7999877929688</ele></trkpt><trkpt lat="46.00719321332872" lon="7.288206898141652"><ele>2344.0999755859375</ele></trkpt><trkpt lat="46.00710045453161" lon="7.2881284090690315"><ele>2345.3999938964844</ele></trkpt><trkpt lat="46.00698443269357" lon="7.2881429311819375"><ele>2346.199981689453</ele></trkpt><trkpt lat="46.006941405590624" lon="7.2882553595118225"><ele>2345.699981689453</ele></trkpt><trkpt lat="46.00691362749785" lon="7.288335473276675"><ele>2345.699981689453</ele></trkpt><trkpt lat="46.0068994066678" lon="7.2884633131325245"><ele>2346.7999877929688</ele></trkpt><trkpt lat="46.00687626330182" lon="7.288645395543426"><ele>2348.0</ele></trkpt><trkpt lat="46.00678723677993" lon="7.288666296284646"><ele>2350.199981689453</ele></trkpt><trkpt lat="46.006660445127636" lon="7.288698919583112"><ele>2353.5999755859375</ele></trkpt><trkpt lat="46.006574037484825" lon="7.288660431746393"><ele>2356.5999755859375</ele></trkpt><trkpt lat="46.0064894342795" lon="7.288625811226666"><ele>2358.199981689453</ele></trkpt><trkpt lat="46.00640212651342" lon="7.288587325718254"><ele>2358.0</ele></trkpt><trkpt lat="46.00630041863769" lon="7.288543715607375"><ele>2355.2999877929688</ele></trkpt><trkpt lat="46.00625649001449" lon="7.28865614393726"><ele>2345.3999938964844</ele></trkpt><trkpt lat="46.0062134610489" lon="7.288769858889282"><ele>2329.0</ele></trkpt><trkpt lat="46.006169530097395" lon="7.288880995474756"><ele>2317.3999938964844</ele></trkpt><trkpt lat="46.00612560193986" lon="7.288993423804641"><ele>2312.5</ele></trkpt><trkpt lat="46.00608167378232" lon="7.289105852134526"><ele>2308.199981689453</ele></trkpt><trkpt lat="46.00603774609044" lon="7.2892182799987495"><ele>2304.7999877929688</ele></trkpt><trkpt lat="46.005991119425744" lon="7.289330715779215"><ele>2304.199981689453</ele></trkpt><trkpt lat="46.00594719266519" lon="7.2894431441091"><ele>2307.0</ele></trkpt><trkpt lat="46.00590326683596" lon="7.289556863717735"><ele>2310.199981689453</ele></trkpt><trkpt lat="46.005859337281436" lon="7.289668000303209"><ele>2310.0</ele></trkpt><trkpt lat="46.0058154091239" lon="7.289780427701771"><ele>2309.0</ele></trkpt><trkpt lat="46.005771482829005" lon="7.289894146379083"><ele>2309.699981689453</ele></trkpt><trkpt lat="46.00572845665738" lon="7.290007862728089"><ele>2313.2999877929688</ele></trkpt><trkpt lat="46.00568363023922" lon="7.290120292920619"><ele>2321.0</ele></trkpt><trkpt lat="46.00564330862835" lon="7.290237875189632"><ele>2329.8999938964844</ele></trkpt><trkpt lat="46.00560658145696" lon="7.290352865122259"><ele>2338.199981689453</ele></trkpt><trkpt lat="46.00556625938043" lon="7.290470446459949"><ele>2348.0</ele></trkpt><trkpt lat="46.005529534071684" lon="7.290586727205664"><ele>2358.0999755859375</ele></trkpt><trkpt lat="46.005495487712324" lon="7.290688800625503"><ele>2363.8999938964844</ele></trkpt><trkpt lat="46.005536117590964" lon="7.290802287403494"><ele>2365.5</ele></trkpt><trkpt lat="46.005576737225056" lon="7.290908028837293"><ele>2366.0999755859375</ele></trkpt><trkpt lat="46.00559669453651" lon="7.291034481022507"><ele>2367.5</ele></trkpt><trkpt lat="46.00561575219035" lon="7.291160936001688"><ele>2369.7999877929688</ele></trkpt><trkpt lat="46.00563570763916" lon="7.291286097839475"><ele>2371.7999877929688</ele></trkpt><trkpt lat="46.005654766689986" lon="7.291413843631744"><ele>2373.2999877929688</ele></trkpt><trkpt lat="46.005674719810486" lon="7.291537714190781"><ele>2373.5999755859375</ele></trkpt><trkpt lat="46.00569377653301" lon="7.291664169169962"><ele>2373.3999938964844</ele></trkpt><trkpt lat="46.00571102742106" lon="7.291785465553403"><ele>2374.3999938964844</ele></trkpt><trkpt lat="46.005781300831586" lon="7.291867892257869"><ele>2375.8999938964844</ele></trkpt><trkpt lat="46.00585246970877" lon="7.291947735007852"><ele>2377.0999755859375</ele></trkpt><trkpt lat="46.005922741256654" lon="7.2920288713648915"><ele>2378.3999938964844</ele></trkpt><trkpt lat="46.00599121162668" lon="7.292108721565455"><ele>2380.0999755859375</ele></trkpt><trkpt lat="46.0060614827089" lon="7.292189858388156"><ele>2381.199981689453</ele></trkpt><trkpt lat="46.00613355264068" lon="7.292270990088582"><ele>2381.2999877929688</ele></trkpt><trkpt lat="46.006225446239114" lon="7.292377886828035"><ele>2380.8999938964844</ele></trkpt><trkpt lat="46.00628134794533" lon="7.292477135080844"><ele>2381.0</ele></trkpt><trkpt lat="46.006339052226394" lon="7.2925789607688785"><ele>2382.5</ele></trkpt><trkpt lat="46.00639765057713" lon="7.292676911689341"><ele>2384.0999755859375</ele></trkpt><trkpt lat="46.00646977964789" lon="7.292803226504475"><ele>2385.5999755859375</ele></trkpt><trkpt lat="46.00643215235323" lon="7.292920799925923"><ele>2388.3999938964844</ele></trkpt><trkpt lat="46.006460196804255" lon="7.2930420697666705"><ele>2391.3999938964844</ele></trkpt><trkpt lat="46.00648824451491" lon="7.293165921233594"><ele>2393.699981689453</ele></trkpt><trkpt lat="46.00651538930833" lon="7.293287193868309"><ele>2395.699981689453</ele></trkpt><trkpt lat="46.00654343655333" lon="7.293411045335233"><ele>2397.5</ele></trkpt><trkpt lat="46.006571483332664" lon="7.29353489773348"><ele>2399.5</ele></trkpt><trkpt lat="46.00660042697564" lon="7.293656165711582"><ele>2401.699981689453</ele></trkpt><trkpt lat="46.00663119414821" lon="7.29379679216072"><ele>2403.3999938964844</ele></trkpt><trkpt lat="46.00660425983369" lon="7.293836882337928"><ele>2404.5</ele></trkpt><trkpt lat="46.00651431083679" lon="7.293840995058417"><ele>2406.199981689453</ele></trkpt><trkpt lat="46.00637939013541" lon="7.2938491008244455"><ele>2409.5</ele></trkpt><trkpt lat="46.006298498716205" lon="7.29390095314011"><ele>2413.3999938964844</ele></trkpt><trkpt lat="46.0062950681895" lon="7.294030052609742"><ele>2416.199981689453</ele></trkpt><trkpt lat="46.00629172241315" lon="7.294224987272173"><ele>2417.8999938964844</ele></trkpt><trkpt lat="46.006237698253244" lon="7.294185113161802"><ele>2419.2999877929688</ele></trkpt><trkpt lat="46.0062017836608" lon="7.294236844871193"><ele>2420.199981689453</ele></trkpt><trkpt lat="46.006233423016965" lon="7.294356814119965"><ele>2421.199981689453</ele></trkpt><trkpt lat="46.00626416411251" lon="7.294478076975793"><ele>2422.2999877929688</ele></trkpt><trkpt lat="46.00626416411251" lon="7.294478076975793"><ele>2422.2999877929688</ele></trkpt><trkpt lat="46.00626416411251" lon="7.294478076975793"><ele>2422.2999877929688</ele></trkpt><trkpt lat="46.00629941793159" lon="7.294610945507884"><ele>2423.3999938964844</ele></trkpt><trkpt lat="46.00623638369143" lon="7.294559477362782"><ele>2425.2999877929688</ele></trkpt><trkpt lat="46.006137469317764" lon="7.29458684893325"><ele>2428.199981689453</ele></trkpt><trkpt lat="46.00606182217598" lon="7.294519924093038"><ele>2432.8999938964844</ele></trkpt><trkpt lat="46.005983476527035" lon="7.294453006703407"><ele>2438.0999755859375</ele></trkpt><trkpt lat="46.00590603193268" lon="7.294387377798557"><ele>2443.0</ele></trkpt><trkpt lat="46.00582948513329" lon="7.294320455752313"><ele>2447.8999938964844</ele></trkpt><trkpt lat="46.00575114041567" lon="7.294254829641432"><ele>2452.5999755859375</ele></trkpt><trkpt lat="46.005675493273884" lon="7.294187905732542"><ele>2457.2999877929688</ele></trkpt><trkpt lat="46.00559714902192" lon="7.294122280087322"><ele>2462.199981689453</ele></trkpt><trkpt lat="46.005514326971024" lon="7.294072157237679"><ele>2467.199981689453</ele></trkpt><trkpt lat="46.00543240411207" lon="7.294022031594068"><ele>2471.5999755859375</ele></trkpt><trkpt lat="46.005363086704165" lon="7.293980909045786"><ele>2475.3999938964844</ele></trkpt><trkpt lat="46.005277590826154" lon="7.293950156308711"><ele>2479.0</ele></trkpt><trkpt lat="46.005188496317714" lon="7.2939194133505225"><ele>2482.699981689453</ele></trkpt><trkpt lat="46.005101202987134" lon="7.29388995654881"><ele>2486.2999877929688</ele></trkpt><trkpt lat="46.00501570710912" lon="7.293859204277396"><ele>2490.0</ele></trkpt><trkpt lat="46.00488611543551" lon="7.293814370408654"><ele>2493.7999877929688</ele></trkpt><trkpt lat="46.00479883514345" lon="7.293795241042972"><ele>2497.199981689453</ele></trkpt><trkpt lat="46.00470975600183" lon="7.293776116333902"><ele>2500.0999755859375</ele></trkpt><trkpt lat="46.00462067639455" lon="7.293756991159171"><ele>2502.5999755859375</ele></trkpt><trkpt lat="46.00453249691054" lon="7.293737864121795"><ele>2504.5999755859375</ele></trkpt><trkpt lat="46.00444341544062" lon="7.2937174485996366"><ele>2506.5999755859375</ele></trkpt><trkpt lat="46.004353436641395" lon="7.293698326218873"><ele>2508.699981689453</ele></trkpt><trkpt lat="46.00426345784217" lon="7.293679204303771"><ele>2510.699981689453</ele></trkpt><trkpt lat="46.00417437637225" lon="7.293658788781613"><ele>2512.5999755859375</ele></trkpt><trkpt lat="46.00406730128452" lon="7.293635840062052"><ele>2514.5999755859375</ele></trkpt><trkpt lat="46.00398632604629" lon="7.293623147998005"><ele>2516.7999877929688</ele></trkpt><trkpt lat="46.003901813179255" lon="7.293656935915351"><ele>2518.8999938964844</ele></trkpt><trkpt lat="46.00378942722455" lon="7.29370112484321"><ele>2519.699981689453</ele></trkpt><trkpt lat="46.003722075372934" lon="7.293789081275463"><ele>2519.199981689453</ele></trkpt><trkpt lat="46.00368256540969" lon="7.293843402061611"><ele>2518.699981689453</ele></trkpt><trkpt lat="46.00360348448157" lon="7.293904282152653"><ele>2518.8999938964844</ele></trkpt><trkpt lat="46.00352979404852" lon="7.2939599845558405"><ele>2519.8999938964844</ele></trkpt><trkpt lat="46.003440766595304" lon="7.293980875052512"><ele>2521.3999938964844</ele></trkpt><trkpt lat="46.003351736813784" lon="7.294000475201756"><ele>2522.7999877929688</ele></trkpt><trkpt lat="46.00326360715553" lon="7.294020072557032"><ele>2524.2999877929688</ele></trkpt><trkpt lat="46.00317457970232" lon="7.294040963053703"><ele>2525.5999755859375</ele></trkpt><trkpt lat="46.00306936306879" lon="7.294064478483051"><ele>2526.5</ele></trkpt><trkpt lat="46.00298938108608" lon="7.294124069157988"><ele>2527.0</ele></trkpt><trkpt lat="46.0029102996923" lon="7.294184947852045"><ele>2527.0</ele></trkpt><trkpt lat="46.00283031864092" lon="7.2942458293400705"><ele>2527.0999755859375</ele></trkpt><trkpt lat="46.002750334795564" lon="7.2943041287362576"><ele>2527.7999877929688</ele></trkpt><trkpt lat="46.002671253401786" lon="7.294365007430315"><ele>2528.699981689453</ele></trkpt><trkpt lat="46.00259127281606" lon="7.294425887987018"><ele>2529.5999755859375</ele></trkpt><trkpt lat="46.00251128850505" lon="7.294484186917543"><ele>2530.0</ele></trkpt><trkpt lat="46.002449279651046" lon="7.294530820567161"><ele>2530.0999755859375</ele></trkpt><trkpt lat="46.00237651029602" lon="7.294603298883885"><ele>2530.699981689453</ele></trkpt><trkpt lat="46.002302842680365" lon="7.294677070342004"><ele>2531.2999877929688</ele></trkpt><trkpt lat="46.00222647655755" lon="7.294750848785043"><ele>2532.0</ele></trkpt><trkpt lat="46.00215370487422" lon="7.294822035357356"><ele>2532.5</ele></trkpt><trkpt lat="46.00207823840901" lon="7.294895811006427"><ele>2533.0</ele></trkpt><trkpt lat="46.00200546858832" lon="7.2949682883918285"><ele>2534.0</ele></trkpt><trkpt lat="46.001929100602865" lon="7.295040775090456"><ele>2535.5</ele></trkpt><trkpt lat="46.00185543112457" lon="7.295113254804164"><ele>2536.5</ele></trkpt><trkpt lat="46.00180242443457" lon="7.295165026560426"><ele>2537.199981689453</ele></trkpt><trkpt lat="46.001724247355014" lon="7.295229772571474"><ele>2537.5999755859375</ele></trkpt><trkpt lat="46.0016487701796" lon="7.295295802410692"><ele>2537.7999877929688</ele></trkpt><trkpt lat="46.001570591237396" lon="7.295359257142991"><ele>2537.7999877929688</ele></trkpt><trkpt lat="46.001492413692176" lon="7.295424002688378"><ele>2537.8999938964844</ele></trkpt><trkpt lat="46.00141333648935" lon="7.295488750562072"><ele>2538.0</ele></trkpt><trkpt lat="46.00133515894413" lon="7.295553495641798"><ele>2537.8999938964844</ele></trkpt><trkpt lat="46.00125968037173" lon="7.2956182337366045"><ele>2538.0</ele></trkpt><trkpt lat="46.00118150282651" lon="7.295682978350669"><ele>2538.5999755859375</ele></trkpt><trkpt lat="46.00110242748633" lon="7.295749016106129"><ele>2539.2999877929688</ele></trkpt><trkpt lat="46.00103326840326" lon="7.295831807889044"><ele>2539.699981689453</ele></trkpt><trkpt lat="46.00096411071718" lon="7.295915890019387"><ele>2540.199981689453</ele></trkpt><trkpt lat="46.000897648744285" lon="7.295997383538634"><ele>2540.8999938964844</ele></trkpt><trkpt lat="46.0008284910582" lon="7.296081465203315"><ele>2542.0999755859375</ele></trkpt><trkpt lat="46.000758432317525" lon="7.2961642583832145"><ele>2543.5999755859375</ele></trkpt><trkpt lat="46.00068927370012" lon="7.2962470492348075"><ele>2545.8999938964844</ele></trkpt><trkpt lat="46.00059048086405" lon="7.296369931660593"><ele>2550.3999938964844</ele></trkpt><trkpt lat="46.00046544382349" lon="7.296368969138712"><ele>2556.2999877929688</ele></trkpt><trkpt lat="46.00036662677303" lon="7.2964724893681705"><ele>2560.7999877929688</ele></trkpt><trkpt lat="46.000323593616486" lon="7.29658618895337"><ele>2562.8999938964844</ele></trkpt><trkpt lat="46.00028145965189" lon="7.296699886210263"><ele>2564.199981689453</ele></trkpt><trkpt lat="46.00024828361347" lon="7.296783871948719"><ele>2566.7999877929688</ele></trkpt><trkpt lat="46.000179120805115" lon="7.296864080242813"><ele>2570.5999755859375</ele></trkpt><trkpt lat="46.00010906206444" lon="7.296946871560067"><ele>2574.0999755859375</ele></trkpt><trkpt lat="46.000052478164434" lon="7.297015429474413"><ele>2577.0999755859375</ele></trkpt><trkpt lat="45.99999143090099" lon="7.297111104708165"><ele>2579.8999938964844</ele></trkpt><trkpt lat="45.99993038503453" lon="7.297208070289344"><ele>2582.7999877929688</ele></trkpt><trkpt lat="45.99988909019157" lon="7.297274006064981"><ele>2585.7999877929688</ele></trkpt><trkpt lat="45.999818128068" lon="7.297354217618704"><ele>2588.7999877929688</ele></trkpt><trkpt lat="45.999748065602034" lon="7.297434426378459"><ele>2592.5999755859375</ele></trkpt><trkpt lat="45.99963848059997" lon="7.297559914179146"><ele>2596.7999877929688</ele></trkpt><trkpt lat="45.999583734665066" lon="7.297659443691373"><ele>2599.8999938964844</ele></trkpt><trkpt lat="45.99952539149672" lon="7.297760272864252"><ele>2602.2999877929688</ele></trkpt><trkpt lat="45.999471546616405" lon="7.2978610903956"><ele>2604.5999755859375</ele></trkpt><trkpt lat="45.99941320344806" lon="7.297961919568479"><ele>2607.199981689453</ele></trkpt><trkpt lat="45.999350380618125" lon="7.298076957929879"><ele>2610.2999877929688</ele></trkpt><trkpt lat="45.99931274494156" lon="7.2981919310987"><ele>2612.8999938964844</ele></trkpt><trkpt lat="45.99927241168916" lon="7.298308201599866"><ele>2615.3999938964844</ele></trkpt><trkpt lat="45.99923207750544" lon="7.298423181287944"><ele>2618.7999877929688</ele></trkpt><trkpt lat="45.99923207750544" lon="7.298423181287944"><ele>2618.7999877929688</ele></trkpt><trkpt lat="45.99923207750544" lon="7.298423181287944"><ele>2618.7999877929688</ele></trkpt><trkpt lat="45.99919444322586" lon="7.298539444804192"><ele>2622.3999938964844</ele></trkpt><trkpt lat="45.99915321171284" lon="7.298657007981092"><ele>2625.699981689453</ele></trkpt><trkpt lat="45.999117359984666" lon="7.298760358709842"><ele>2628.5999755859375</ele></trkpt><trkpt lat="45.99910042760894" lon="7.298886894248426"><ele>2630.8999938964844</ele></trkpt><trkpt lat="45.999083486851305" lon="7.299006975721568"><ele>2633.199981689453</ele></trkpt><trkpt lat="45.99902069475502" lon="7.299147826619446"><ele>2635.5999755859375</ele></trkpt><trkpt lat="45.998996562324464" lon="7.299271798226982"><ele>2637.3999938964844</ele></trkpt><trkpt lat="45.99897243082523" lon="7.299397060647607"><ele>2638.5999755859375</ele></trkpt><trkpt lat="45.998947399668396" lon="7.299522325396538"><ele>2638.8999938964844</ele></trkpt><trkpt lat="45.99894847581163" lon="7.299664301797748"><ele>2638.699981689453</ele></trkpt><trkpt lat="45.99885945674032" lon="7.299692925997078"><ele>2639.699981689453</ele></trkpt><trkpt lat="45.99877133406699" lon="7.299718966241926"><ele>2640.3999938964844</ele></trkpt><trkpt lat="45.99869760032743" lon="7.299742387607694"><ele>2640.2999877929688</ele></trkpt><trkpt lat="45.99866181099787" lon="7.299897365272045"><ele>2640.2999877929688</ele></trkpt><trkpt lat="45.99863468017429" lon="7.299781270325184"><ele>2639.5999755859375</ele></trkpt><trkpt lat="45.998567323666066" lon="7.299869210924953"><ele>2637.7999877929688</ele></trkpt><trkpt lat="45.99851613258943" lon="7.299936458468437"><ele>2637.2999877929688</ele></trkpt><trkpt lat="45.998534253332764" lon="7.30004096031189"><ele>2637.5999755859375</ele></trkpt><trkpt lat="45.998444330878556" lon="7.300067003816366"><ele>2636.699981689453</ele></trkpt><trkpt lat="45.9984927685" lon="7.299955878872424"><ele>2635.5999755859375</ele></trkpt><trkpt lat="45.99853940680623" lon="7.299844758119434"><ele>2635.2999877929688</ele></trkpt><trkpt lat="45.998571697156876" lon="7.2997698141261935"><ele>2634.3999938964844</ele></trkpt><trkpt lat="45.99854545574635" lon="7.299645972438157"><ele>2631.699981689453</ele></trkpt><trkpt lat="45.99852642836049" lon="7.299536310136318"><ele>2629.5</ele></trkpt><trkpt lat="45.99856038717553" lon="7.299356813542545"><ele>2628.5999755859375</ele></trkpt><trkpt lat="45.99861152423546" lon="7.2992469714954495"><ele>2628.0999755859375</ele></trkpt><trkpt lat="45.99865906778723" lon="7.299141010735184"><ele>2627.699981689453</ele></trkpt><trkpt lat="45.99870840553194" lon="7.29903117287904"><ele>2626.8999938964844</ele></trkpt><trkpt lat="45.99876851448789" lon="7.298903236631304"><ele>2624.8999938964844</ele></trkpt><trkpt lat="45.998811482451856" lon="7.298735331743956"><ele>2622.5</ele></trkpt><trkpt lat="45.99884740076959" lon="7.2986849010922015"><ele>2621.699981689453</ele></trkpt><trkpt lat="45.99896435579285" lon="7.298696216195822"><ele>2622.0</ele></trkpt><trkpt lat="45.999041627626866" lon="7.298625026829541"><ele>2622.199981689453</ele></trkpt><trkpt lat="45.99911440303549" lon="7.29855513991788"><ele>2622.0</ele></trkpt><trkpt lat="45.9991997606121" lon="7.298476184718311"><ele>2620.3999938964844</ele></trkpt><trkpt lat="45.99924549879506" lon="7.298366354312748"><ele>2617.3999938964844</ele></trkpt><trkpt lat="45.999294837005436" lon="7.298257804941386"><ele>2614.0</ele></trkpt><trkpt lat="45.999341474846005" lon="7.298147971276194"><ele>2611.199981689453</ele></trkpt><trkpt lat="45.999390811193734" lon="7.298038131091744"><ele>2608.8999938964844</ele></trkpt><trkpt lat="45.99943745182827" lon="7.297930879052728"><ele>2606.5</ele></trkpt><trkpt lat="45.999484087806195" lon="7.297819754574448"><ele>2604.2999877929688</ele></trkpt><trkpt lat="45.999549571890384" lon="7.297675021458417"><ele>2601.699981689453</ele></trkpt><trkpt lat="45.99962143693119" lon="7.2975973901338875"><ele>2598.0999755859375</ele></trkpt><trkpt lat="45.99969080509618" lon="7.297679816838354"><ele>2595.199981689453</ele></trkpt><trkpt lat="45.999783599283546" lon="7.297791870310903"><ele>2594.2999877929688</ele></trkpt><trkpt lat="45.999873561784625" lon="7.2977980906143785"><ele>2594.2999877929688</ele></trkpt><trkpt lat="45.999936535954475" lon="7.297803089953959"><ele>2593.699981689453</ele></trkpt><trkpt lat="46.000020142644644" lon="7.297762859612703"><ele>2592.3999938964844</ele></trkpt><trkpt lat="46.00010644970462" lon="7.2977239126339555"><ele>2590.0999755859375</ele></trkpt><trkpt lat="46.00018646148965" lon="7.297686272766441"><ele>2588.199981689453</ele></trkpt><trkpt lat="46.00027642864734" lon="7.297696365043521"><ele>2587.7999877929688</ele></trkpt><trkpt lat="46.00036549754441" lon="7.297707750927657"><ele>2587.699981689453</ele></trkpt><trkpt lat="46.00045546516776" lon="7.297717843204737"><ele>2587.5999755859375</ele></trkpt><trkpt lat="46.000545433722436" lon="7.297729226294905"><ele>2587.699981689453</ele></trkpt><trkpt lat="46.00060931080952" lon="7.297736804932356"><ele>2587.3999938964844</ele></trkpt><trkpt lat="46.000677566975355" lon="7.297650146763772"><ele>2586.0</ele></trkpt><trkpt lat="46.000743123702705" lon="7.297563494648784"><ele>2583.8999938964844</ele></trkpt><trkpt lat="46.000790724065155" lon="7.29750399524346"><ele>2581.7999877929688</ele></trkpt><trkpt lat="46.00087433215231" lon="7.297465054318309"><ele>2579.199981689453</ele></trkpt><trkpt lat="46.00096243945882" lon="7.297427392564714"><ele>2576.0</ele></trkpt><trkpt lat="46.00104784639552" lon="7.297388446517289"><ele>2572.7999877929688</ele></trkpt><trkpt lat="46.001132355537266" lon="7.297350793611258"><ele>2570.199981689453</ele></trkpt><trkpt lat="46.001219561789185" lon="7.29731184290722"><ele>2567.699981689453</ele></trkpt><trkpt lat="46.00133733265102" lon="7.297257323283702"><ele>2565.5999755859375</ele></trkpt><trkpt lat="46.00136866327375" lon="7.297135908156633"><ele>2564.8999938964844</ele></trkpt><trkpt lat="46.001395493745804" lon="7.297013213858008"><ele>2563.7999877929688</ele></trkpt><trkpt lat="46.00143755739555" lon="7.296844011172652"><ele>2561.199981689453</ele></trkpt><trkpt lat="46.001509425230324" lon="7.296768957749009"><ele>2558.7999877929688</ele></trkpt><trkpt lat="46.001562430989" lon="7.296715897042304"><ele>2557.3999938964844</ele></trkpt><trkpt lat="46.00161176593974" lon="7.296606050804257"><ele>2556.5</ele></trkpt><trkpt lat="46.0016422602348" lon="7.296534977853298"><ele>2556.2999877929688</ele></trkpt><trkpt lat="46.001633083913475" lon="7.296393014956266"><ele>2555.7999877929688</ele></trkpt><trkpt lat="46.001700434368104" lon="7.296302483417094"><ele>2554.5</ele></trkpt><trkpt lat="46.001787540037185" lon="7.296184792649001"><ele>2553.3999938964844</ele></trkpt><trkpt lat="46.001862114761025" lon="7.296116184908897"><ele>2552.0999755859375</ele></trkpt><trkpt lat="46.00197443040088" lon="7.296016498468816"><ele>2549.5999755859375</ele></trkpt><trkpt lat="46.00206253863871" lon="7.295980124268681"><ele>2546.699981689453</ele></trkpt><trkpt lat="46.00214884663001" lon="7.29594246391207"><ele>2544.2999877929688</ele></trkpt><trkpt lat="46.002233357168734" lon="7.295906098559499"><ele>2541.8999938964844</ele></trkpt><trkpt lat="46.002320564351976" lon="7.295868435874581"><ele>2539.5</ele></trkpt><trkpt lat="46.00240507442504" lon="7.29583207052201"><ele>2536.7999877929688</ele></trkpt><trkpt lat="46.00249138241634" lon="7.295794409699738"><ele>2534.3999938964844</ele></trkpt><trkpt lat="46.00257949111983" lon="7.295758035033941"><ele>2532.5999755859375</ele></trkpt><trkpt lat="46.00264152418822" lon="7.295730764511973"><ele>2530.7999877929688</ele></trkpt><trkpt lat="46.002730555832386" lon="7.295712458435446"><ele>2529.2999877929688</ele></trkpt><trkpt lat="46.002819588873535" lon="7.295695443172008"><ele>2528.3999938964844</ele></trkpt><trkpt lat="46.00290862005204" lon="7.295677137095481"><ele>2527.8999938964844</ele></trkpt><trkpt lat="46.003035424277186" lon="7.295652277301997"><ele>2527.0999755859375</ele></trkpt><trkpt lat="46.003125386312604" lon="7.295658494345844"><ele>2525.5</ele></trkpt><trkpt lat="46.003224345389754" lon="7.295665978454053"><ele>2523.0999755859375</ele></trkpt><trkpt lat="46.00331154605374" lon="7.295623151119798"><ele>2521.2999877929688</ele></trkpt><trkpt lat="46.00341313146055" lon="7.295573831535876"><ele>2520.2999877929688</ele></trkpt><trkpt lat="46.00350131606683" lon="7.295596834272146"><ele>2519.0</ele></trkpt><trkpt lat="46.00350131606683" lon="7.295596834272146"><ele>2519.0</ele></trkpt><trkpt lat="46.00350131606683" lon="7.295596834272146"><ele>2519.0</ele></trkpt><trkpt lat="46.003611096180975" lon="7.295624942984432"><ele>2517.5</ele></trkpt><trkpt lat="46.00359307229519" lon="7.295599173754454"><ele>2517.0</ele></trkpt><trkpt lat="46.00362160988152" lon="7.295405473560095"><ele>2517.699981689453</ele></trkpt><trkpt lat="46.00369345769286" lon="7.295314925722778"><ele>2518.8999938964844</ele></trkpt><trkpt lat="46.00372747471556" lon="7.295185752213001"><ele>2518.8999938964844</ele></trkpt><trkpt lat="46.00379940494895" lon="7.295159745030105"><ele>2517.8999938964844</ele></trkpt><trkpt lat="46.00385620491579" lon="7.295260279905051"><ele>2516.199981689453</ele></trkpt><trkpt lat="46.00391840841621" lon="7.295365964528173"><ele>2514.0</ele></trkpt><trkpt lat="46.00396248605102" lon="7.29536584764719"><ele>2512.199981689453</ele></trkpt><trkpt lat="46.00401362404227" lon="7.29525986360386"><ele>2511.0999755859375</ele></trkpt><trkpt lat="46.00406205980107" lon="7.295151304453611"><ele>2509.0999755859375</ele></trkpt><trkpt lat="46.00411229766905" lon="7.295045321807265"><ele>2506.699981689453</ele></trkpt><trkpt lat="46.004151774104685" lon="7.294965184759349"><ele>2504.7999877929688</ele></trkpt><trkpt lat="46.004205679986626" lon="7.294913407880813"><ele>2502.699981689453</ele></trkpt><trkpt lat="46.00429564388469" lon="7.294920914340764"><ele>2500.0999755859375</ele></trkpt><trkpt lat="46.00434962240979" lon="7.294925934635103"><ele>2498.199981689453</ele></trkpt><trkpt lat="46.004394533112645" lon="7.294874181505293"><ele>2497.3999938964844</ele></trkpt><trkpt lat="46.00440066307783" lon="7.294745079707354"><ele>2494.7999877929688</ele></trkpt><trkpt lat="46.004406795371324" lon="7.294617268722504"><ele>2493.199981689453</ele></trkpt><trkpt lat="46.0044102598913" lon="7.294513991102576"><ele>2490.5999755859375</ele></trkpt><trkpt lat="46.00450016185641" lon="7.29447373514995"><ele>2486.8999938964844</ele></trkpt><trkpt lat="46.00459924386814" lon="7.2945767398923635"><ele>2482.5</ele></trkpt><trkpt lat="46.004671104718" lon="7.294497806113213"><ele>2478.5999755859375</ele></trkpt><trkpt lat="46.00474206870422" lon="7.294420165941119"><ele>2477.5</ele></trkpt><trkpt lat="46.00478968117386" lon="7.294370986986905"><ele>2478.699981689453</ele></trkpt><trkpt lat="46.00487070996314" lon="7.294424987863749"><ele>2478.0999755859375</ele></trkpt><trkpt lat="46.00494273612276" lon="7.294473848771304"><ele>2474.5</ele></trkpt><trkpt lat="46.00505071179941" lon="7.294498087838292"><ele>2470.199981689453</ele></trkpt><trkpt lat="46.005122574511915" lon="7.294420444406569"><ele>2466.0999755859375</ele></trkpt><trkpt lat="46.00515421293676" lon="7.294540410395712"><ele>2462.699981689453</ele></trkpt><trkpt lat="46.00517679564655" lon="7.294613929931074"><ele>2459.5</ele></trkpt><trkpt lat="46.00524870818481" lon="7.294575012288988"><ele>2455.199981689453</ele></trkpt><trkpt lat="46.00532971788198" lon="7.294614813756198"><ele>2450.7999877929688</ele></trkpt><trkpt lat="46.00533876102418" lon="7.294652224518359"><ele>2448.2999877929688</ele></trkpt><trkpt lat="46.005401647184044" lon="7.294588804710656"><ele>2446.5999755859375</ele></trkpt><trkpt lat="46.00540176127106" lon="7.2946778745390475"><ele>2444.5</ele></trkpt><trkpt lat="46.00543774291873" lon="7.294677778612822"><ele>2442.7999877929688</ele></trkpt><trkpt lat="46.005455650389194" lon="7.294613187201321"><ele>2442.0999755859375</ele></trkpt><trkpt lat="46.00554467830807" lon="7.294592297170311"><ele>2441.5</ele></trkpt><trkpt lat="46.00563280656934" lon="7.2945714090019464"><ele>2440.3999938964844</ele></trkpt><trkpt lat="46.005720037035644" lon="7.2945518139749765"><ele>2439.199981689453</ele></trkpt><trkpt lat="46.00578748108819" lon="7.294534853193909"><ele>2437.5999755859375</ele></trkpt><trkpt lat="46.005877438001335" lon="7.294537195935845"><ele>2435.5</ele></trkpt><trkpt lat="46.00596649758518" lon="7.294540831819177"><ele>2433.5</ele></trkpt><trkpt lat="46.00605645449832" lon="7.294543174095452"><ele>2431.199981689453</ele></trkpt><trkpt lat="46.00619139196351" lon="7.294547979254276"><ele>2428.0999755859375</ele></trkpt><trkpt lat="46.006280484609306" lon="7.294577432796359"><ele>2424.3999938964844</ele></trkpt><trkpt lat="46.006371380761266" lon="7.294610754586756"><ele>2420.8999938964844</ele></trkpt><trkpt lat="46.006398333702236" lon="7.2945848647505045"><ele>2420.199981689453</ele></trkpt><trkpt lat="46.00632625538856" lon="7.294495983980596"><ele>2420.199981689453</ele></trkpt><trkpt lat="46.0063134948723" lon="7.294366927817464"><ele>2418.199981689453</ele></trkpt><trkpt lat="46.00630071759224" lon="7.294224963057786"><ele>2416.699981689453</ele></trkpt><trkpt lat="46.00639068009332" lon="7.294231177773327"><ele>2415.0999755859375</ele></trkpt><trkpt lat="46.00644465861842" lon="7.294236197602004"><ele>2412.5999755859375</ele></trkpt><trkpt lat="46.00642830133438" lon="7.294108441565186"><ele>2410.0999755859375</ele></trkpt><trkpt lat="46.006406461354345" lon="7.293914864305407"><ele>2407.7999877929688</ele></trkpt><trkpt lat="46.00652329949662" lon="7.293835807591677"><ele>2405.5999755859375</ele></trkpt><trkpt lat="46.006631245836616" lon="7.293836810160428"><ele>2403.2999877929688</ele></trkpt><trkpt lat="46.00669431174174" lon="7.293912805151194"><ele>2400.5999755859375</ele></trkpt><trkpt lat="46.00671343551949" lon="7.294093480799347"><ele>2398.0999755859375</ele></trkpt><trkpt lat="46.00678549846634" lon="7.294170742854476"><ele>2395.199981689453</ele></trkpt><trkpt lat="46.00689449440688" lon="7.294287925120443"><ele>2391.3999938964844</ele></trkpt><trkpt lat="46.006936623714864" lon="7.294172921217978"><ele>2388.3999938964844</ele></trkpt><trkpt lat="46.0069823297672" lon="7.294041126500815"><ele>2386.3999938964844</ele></trkpt><trkpt lat="46.00701844505966" lon="7.294144303072244"><ele>2385.0</ele></trkpt><trkpt lat="46.00709409639239" lon="7.2942138109356165"><ele>2383.5</ele></trkpt><trkpt lat="46.00717244949192" lon="7.294285893440247"><ele>2381.699981689453</ele></trkpt><trkpt lat="46.007200435269624" lon="7.294363274239004"><ele>2380.3999938964844</ele></trkpt><trkpt lat="46.007244462613016" lon="7.294324429240078"><ele>2378.5</ele></trkpt><trkpt lat="46.007335498929024" lon="7.294466188177466"><ele>2375.199981689453</ele></trkpt><trkpt lat="46.00739851593971" lon="7.294504747726023"><ele>2371.199981689453</ele></trkpt><trkpt lat="46.00751542439684" lon="7.294479909352958"><ele>2367.8999938964844</ele></trkpt><trkpt lat="46.00748858554289" lon="7.29459487227723"><ele>2365.699981689453</ele></trkpt><trkpt lat="46.00757845630869" lon="7.294530087150633"><ele>2363.7999877929688</ele></trkpt><trkpt lat="46.00757858948782" lon="7.294633361045271"><ele>2362.5999755859375</ele></trkpt><trkpt lat="46.00766309956089" lon="7.294596990570426"><ele>2362.199981689453</ele></trkpt><trkpt lat="46.007793463300914" lon="7.294542425777763"><ele>2362.199981689453</ele></trkpt><trkpt lat="46.00792847992852" lon="7.294607904739678"><ele>2361.8999938964844</ele></trkpt><trkpt lat="46.007981687318534" lon="7.294712329283357"><ele>2360.7999877929688</ele></trkpt><trkpt lat="46.00803219573572" lon="7.294816761277616"><ele>2359.199981689453</ele></trkpt><trkpt lat="46.008082698099315" lon="7.29491602955386"><ele>2357.8999938964844</ele></trkpt><trkpt lat="46.008146684616804" lon="7.295008807443082"><ele>2356.7999877929688</ele></trkpt><trkpt lat="46.00820976682007" lon="7.295097715687007"><ele>2355.3999938964844</ele></trkpt><trkpt lat="46.00827375194058" lon="7.2951892032288015"><ele>2354.5</ele></trkpt><trkpt lat="46.008360269945115" lon="7.295315486844629"><ele>2352.5999755859375</ele></trkpt><trkpt lat="46.00841447338462" lon="7.295496075879782"><ele>2348.699981689453</ele></trkpt><trkpt lat="46.00839844625443" lon="7.295625212136656"><ele>2344.7999877929688</ele></trkpt><trkpt lat="46.00844365404919" lon="7.295805825386196"><ele>2342.0</ele></trkpt><trkpt lat="46.00851032836363" lon="7.295890852343291"><ele>2339.7999877929688</ele></trkpt><trkpt lat="46.00857879873365" lon="7.295973292551935"><ele>2337.5</ele></trkpt><trkpt lat="46.00866878544912" lon="7.2959988745860755"><ele>2334.5999755859375</ele></trkpt><trkpt lat="46.00874264445156" lon="7.2960748467594385"><ele>2331.7999877929688</ele></trkpt><trkpt lat="46.008815601002425" lon="7.29614823916927"><ele>2328.5999755859375</ele></trkpt><trkpt lat="46.008883154951036" lon="7.2962177731096745"><ele>2325.699981689453</ele></trkpt><trkpt lat="46.00893276929855" lon="7.296327373944223"><ele>2324.0</ele></trkpt><trkpt lat="46.00898058433086" lon="7.296436980366707"><ele>2323.5999755859375</ele></trkpt><trkpt lat="46.00898058433086" lon="7.296436980366707"><ele>2323.5999755859375</ele></trkpt><trkpt lat="46.00898058433086" lon="7.296436980366707"><ele>2323.5999755859375</ele></trkpt><trkpt lat="46.00902749877423" lon="7.296545298304409"><ele>2324.199981689453</ele></trkpt><trkpt lat="46.00906448857859" lon="7.296630404889584"><ele>2324.699981689453</ele></trkpt><trkpt lat="46.009144626092166" lon="7.296692161355168"><ele>2323.5</ele></trkpt><trkpt lat="46.00922116544098" lon="7.296753927133977"><ele>2320.7999877929688</ele></trkpt><trkpt lat="46.00930040515959" lon="7.296816976740956"><ele>2317.2999877929688</ele></trkpt><trkpt lat="46.00942556373775" lon="7.296913472004235"><ele>2313.5999755859375</ele></trkpt><trkpt lat="46.0095074865967" lon="7.296964896377176"><ele>2310.2999877929688</ele></trkpt><trkpt lat="46.00958940992132" lon="7.297016321215779"><ele>2307.5</ele></trkpt><trkpt lat="46.00967133324593" lon="7.297067746054381"><ele>2304.5999755859375</ele></trkpt><trkpt lat="46.00975325843319" lon="7.297120462171733"><ele>2301.8999938964844</ele></trkpt><trkpt lat="46.009836081415415" lon="7.297171885147691"><ele>2299.3999938964844</ele></trkpt><trkpt lat="46.00992070324719" lon="7.297223303467035"><ele>2297.199981689453</ele></trkpt><trkpt lat="46.010002626571804" lon="7.297274728771299"><ele>2294.5999755859375</ele></trkpt><trkpt lat="46.01008274871856" lon="7.297324868384749"><ele>2291.5</ele></trkpt><trkpt lat="46.01014942396432" lon="7.297411190345883"><ele>2288.2999877929688</ele></trkpt><trkpt lat="46.01021430129185" lon="7.297498808242381"><ele>2285.3999938964844</ele></trkpt><trkpt lat="46.010288185440004" lon="7.297595440410078"><ele>2283.0999755859375</ele></trkpt><trkpt lat="46.01023431029171" lon="7.297673039603978"><ele>2281.3999938964844</ele></trkpt><trkpt lat="46.010351348202676" lon="7.297750194557011"><ele>2279.5999755859375</ele></trkpt><trkpt lat="46.01042430708185" lon="7.297826173715293"><ele>2277.8999938964844</ele></trkpt><trkpt lat="46.01049726549536" lon="7.297902152873576"><ele>2276.2999877929688</ele></trkpt><trkpt lat="46.01057022251189" lon="7.2979768412187696"><ele>2274.0999755859375</ele></trkpt><trkpt lat="46.01064948551357" lon="7.298059259541333"><ele>2271.2999877929688</ele></trkpt><trkpt lat="46.01071257004514" lon="7.298152047675103"><ele>2268.5</ele></trkpt><trkpt lat="46.010774756316096" lon="7.298246129415929"><ele>2266.0</ele></trkpt><trkpt lat="46.01082162139937" lon="7.298317013308406"><ele>2264.199981689453</ele></trkpt><trkpt lat="46.010830568149686" lon="7.2982782600447536"><ele>2262.8999938964844</ele></trkpt><trkpt lat="46.010919604450464" lon="7.298263828270137"><ele>2261.199981689453</ele></trkpt><trkpt lat="46.01097446214408" lon="7.298252067063004"><ele>2259.8999938964844</ele></trkpt><trkpt lat="46.011053699068725" lon="7.298313830513507"><ele>2258.2999877929688</ele></trkpt><trkpt lat="46.01113113434985" lon="7.298373016063124"><ele>2256.199981689453</ele></trkpt><trkpt lat="46.0112103712745" lon="7.298434779979289"><ele>2254.699981689453</ele></trkpt><trkpt lat="46.01129140611738" lon="7.298495247960091"><ele>2253.0</ele></trkpt><trkpt lat="46.01137154130265" lon="7.298555718269199"><ele>2250.8999938964844</ele></trkpt><trkpt lat="46.011450776364654" lon="7.298616191372275"><ele>2248.699981689453</ele></trkpt><trkpt lat="46.01152821443975" lon="7.298677960410714"><ele>2246.7999877929688</ele></trkpt><trkpt lat="46.011607449967414" lon="7.298738433979452"><ele>2245.199981689453</ele></trkpt><trkpt lat="46.01168848434463" lon="7.298798902891576"><ele>2243.5999755859375</ele></trkpt><trkpt lat="46.011767719872296" lon="7.298859376460314"><ele>2241.7999877929688</ele></trkpt><trkpt lat="46.01184605574235" lon="7.298919852823019"><ele>2240.2999877929688</ele></trkpt><trkpt lat="46.01192529452965" lon="7.298982908949256"><ele>2239.0</ele></trkpt><trkpt lat="46.01198111753911" lon="7.299024078063667"><ele>2237.5</ele></trkpt><trkpt lat="46.01203162688762" lon="7.299132394604385"><ele>2235.8999938964844</ele></trkpt><trkpt lat="46.01206230325624" lon="7.299205904826522"><ele>2235.3999938964844</ele></trkpt><trkpt lat="46.01207325560972" lon="7.299332397989929"><ele>2236.0</ele></trkpt><trkpt lat="46.01208146568388" lon="7.299424040131271"><ele>2236.3999938964844</ele></trkpt><trkpt lat="46.01214365148917" lon="7.29951812652871"><ele>2236.3999938964844</ele></trkpt><trkpt lat="46.01220314204693" lon="7.2996148015372455"><ele>2236.5999755859375</ele></trkpt><trkpt lat="46.01226442819461" lon="7.299708890262991"><ele>2237.0</ele></trkpt><trkpt lat="46.012307684868574" lon="7.299772040452808"><ele>2237.0999755859375</ele></trkpt><trkpt lat="46.01239140005782" lon="7.299818303901702"><ele>2236.7999877929688</ele></trkpt><trkpt lat="46.01246971450746" lon="7.299861998762935"><ele>2235.3999938964844</ele></trkpt><trkpt lat="46.01259555388242" lon="7.299784213770181"><ele>2233.199981689453</ele></trkpt><trkpt lat="46.012685540132225" lon="7.299809804186225"><ele>2231.2999877929688</ele></trkpt><trkpt lat="46.01276552863419" lon="7.299752792809159"><ele>2229.7999877929688</ele></trkpt><trkpt lat="46.01282843854278" lon="7.299706154037267"><ele>2228.3999938964844</ele></trkpt><trkpt lat="46.01295347511768" lon="7.299705833662301"><ele>2227.2999877929688</ele></trkpt><trkpt lat="46.013041586615145" lon="7.299670749343932"><ele>2226.5999755859375</ele></trkpt><trkpt lat="46.0131422826089" lon="7.299627886619419"><ele>2226.0</ele></trkpt><trkpt lat="46.01323222881183" lon="7.299621200654656"><ele>2225.2999877929688</ele></trkpt><trkpt lat="46.01332217315212" lon="7.299613223411143"><ele>2224.8999938964844</ele></trkpt><trkpt lat="46.0134121212177" lon="7.299607828725129"><ele>2224.8999938964844</ele></trkpt><trkpt lat="46.01350116636604" lon="7.299599854275584"><ele>2224.699981689453</ele></trkpt><trkpt lat="46.01359111117199" lon="7.299591877497733"><ele>2224.2999877929688</ele></trkpt><trkpt lat="46.013681057374924" lon="7.2995851915329695"><ele>2223.8999938964844</ele></trkpt><trkpt lat="46.01380968093872" lon="7.299575824290514"><ele>2223.8999938964844</ele></trkpt><trkpt lat="46.013878143858165" lon="7.299654404167086"><ele>2223.5999755859375</ele></trkpt><trkpt lat="46.01398804690689" lon="7.299781939480454"><ele>2221.5999755859375</ele></trkpt><trkpt lat="46.01404843758792" lon="7.299879906699061"><ele>2220.0</ele></trkpt><trkpt lat="46.0141052310355" lon="7.299977883696556"><ele>2220.5</ele></trkpt><trkpt lat="46.01416562218219" lon="7.300075851846486"><ele>2221.3999938964844</ele></trkpt><trkpt lat="46.01422241516411" lon="7.300173829309642"><ele>2221.5999755859375</ele></trkpt><trkpt lat="46.01425846852362" lon="7.30023183580488"><ele>2221.5</ele></trkpt><trkpt lat="46.01433860650286" lon="7.300294894725084"><ele>2221.5999755859375</ele></trkpt><trkpt lat="46.01441514585167" lon="7.300357962958515"><ele>2221.3999938964844</ele></trkpt><trkpt lat="46.0144934845157" lon="7.300421026535332"><ele>2221.199981689453</ele></trkpt><trkpt lat="46.014548409264535" lon="7.3004634929820895"><ele>2221.0</ele></trkpt><trkpt lat="46.01463746884838" lon="7.300467139109969"><ele>2220.0999755859375</ele></trkpt><trkpt lat="46.014727427624166" lon="7.300470783375204"><ele>2219.3999938964844</ele></trkpt><trkpt lat="46.01484347693622" lon="7.300476943142712"><ele>2219.3999938964844</ele></trkpt><trkpt lat="46.01492977840826" lon="7.300432825926691"><ele>2218.199981689453</ele></trkpt><trkpt lat="46.01501248171553" lon="7.300388717092574"><ele>2216.199981689453</ele></trkpt><trkpt lat="46.01509968470782" lon="7.300345888361335"><ele>2214.8999938964844</ele></trkpt><trkpt lat="46.01522104302421" lon="7.300281023606658"><ele>2214.2999877929688</ele></trkpt><trkpt lat="46.01530372072011" lon="7.300216257106513"><ele>2213.0</ele></trkpt><trkpt lat="46.01534855365753" lon="7.300099942367524"><ele>2211.5999755859375</ele></trkpt><trkpt lat="46.01543844444677" lon="7.30004806863144"><ele>2212.5</ele></trkpt><trkpt lat="46.01552657270804" lon="7.300025894772261"><ele>2214.199981689453</ele></trkpt><trkpt lat="46.015581424348056" lon="7.300008970312774"><ele>2215.0999755859375</ele></trkpt><trkpt lat="46.015664122998714" lon="7.299960987642407"><ele>2216.0</ele></trkpt><trkpt lat="46.01574952201918" lon="7.29991428880021"><ele>2215.7999877929688</ele></trkpt><trkpt lat="46.015877165365964" lon="7.299840368330479"><ele>2213.0999755859375</ele></trkpt><trkpt lat="46.01597613049671" lon="7.299853025469929"><ele>2209.0</ele></trkpt><trkpt lat="46.01605341024697" lon="7.299788271076977"><ele>2205.3999938964844</ele></trkpt><trkpt lat="46.01605341024697" lon="7.299788271076977"><ele>2205.3999938964844</ele></trkpt><trkpt lat="46.01605341024697" lon="7.299788271076977"><ele>2205.3999938964844</ele></trkpt><trkpt lat="46.016132487915456" lon="7.299722220748663"><ele>2203.3999938964844</ele></trkpt><trkpt lat="46.01619359431788" lon="7.299671710003167"><ele>2202.7999877929688</ele></trkpt><trkpt lat="46.01622848352417" lon="7.299516684841365"><ele>2201.699981689453</ele></trkpt><trkpt lat="46.016317573376" lon="7.299544861074537"><ele>2200.2999877929688</ele></trkpt><trkpt lat="46.01640576077625" lon="7.299570457544178"><ele>2200.0</ele></trkpt><trkpt lat="46.0164804533124" lon="7.299594797659665"><ele>2200.0999755859375</ele></trkpt><trkpt lat="46.01656947284937" lon="7.29956616461277"><ele>2200.0999755859375</ele></trkpt><trkpt lat="46.01665759459138" lon="7.29953882470727"><ele>2200.699981689453</ele></trkpt><trkpt lat="46.016731328330934" lon="7.29951539542526"><ele>2201.3999938964844</ele></trkpt><trkpt lat="46.016821287572384" lon="7.299519038293511"><ele>2201.3999938964844</ele></trkpt><trkpt lat="46.01691124821082" lon="7.29952397197485"><ele>2201.2999877929688</ele></trkpt><trkpt lat="46.01701920013875" lon="7.299528860021383"><ele>2201.7999877929688</ele></trkpt><trkpt lat="46.01710732327774" lon="7.299502810928971"><ele>2202.7999877929688</ele></trkpt><trkpt lat="46.01719904318452" lon="7.299475461244583"><ele>2202.5999755859375</ele></trkpt><trkpt lat="46.0172754204832" lon="7.299408125225455"><ele>2200.7999877929688</ele></trkpt><trkpt lat="46.0173625824973" lon="7.299333014059812"><ele>2199.7999877929688</ele></trkpt><trkpt lat="46.017446188721806" lon="7.299291482195258"><ele>2199.5</ele></trkpt><trkpt lat="46.01753249485046" lon="7.299251234624535"><ele>2198.7999877929688</ele></trkpt><trkpt lat="46.0176044148393" lon="7.2992161880247295"><ele>2198.0999755859375</ele></trkpt><trkpt lat="46.01768440334126" lon="7.299159171059728"><ele>2198.199981689453</ele></trkpt><trkpt lat="46.01776529336348" lon="7.299103443045169"><ele>2199.199981689453</ele></trkpt><trkpt lat="46.01788213243708" lon="7.299021799117327"><ele>2199.0</ele></trkpt><trkpt lat="46.017952197697014" lon="7.298942856956273"><ele>2196.5</ele></trkpt><trkpt lat="46.018023159820586" lon="7.298861329909414"><ele>2194.5999755859375</ele></trkpt><trkpt lat="46.018093223683536" lon="7.29878109600395"><ele>2193.199981689453</ele></trkpt><trkpt lat="46.018144426401705" lon="7.29872415214777"><ele>2191.8999938964844</ele></trkpt><trkpt lat="46.018250475637615" lon="7.298646408133209"><ele>2193.0</ele></trkpt><trkpt lat="46.01830433541909" lon="7.298555886838585"><ele>2194.8999938964844</ele></trkpt><trkpt lat="46.01828626357019" lon="7.2984913741238415"><ele>2194.5999755859375</ele></trkpt><trkpt lat="46.01836534542963" lon="7.2984291929751635"><ele>2193.3999938964844</ele></trkpt><trkpt lat="46.01846599392593" lon="7.298348879441619"><ele>2191.8999938964844</ele></trkpt><trkpt lat="46.0185207342729" lon="7.298244151752442"><ele>2190.2999877929688</ele></trkpt><trkpt lat="46.018572776112705" lon="7.298139430582523"><ele>2189.199981689453</ele></trkpt><trkpt lat="46.01862571761012" lon="7.298034707084298"><ele>2188.7999877929688</ele></trkpt><trkpt lat="46.01869929023087" lon="7.2978834472596645"><ele>2189.5999755859375</ele></trkpt><trkpt lat="46.01872342219576" lon="7.297759430482984"><ele>2190.5999755859375</ele></trkpt><trkpt lat="46.018763651140034" lon="7.297560482751578"><ele>2191.3999938964844</ele></trkpt><trkpt lat="46.0188156911172" lon="7.297454469371587"><ele>2191.3999938964844</ele></trkpt><trkpt lat="46.01886773202568" lon="7.297349747270346"><ele>2190.5999755859375</ele></trkpt><trkpt lat="46.018919771537185" lon="7.297243733424693"><ele>2190.0</ele></trkpt><trkpt lat="46.01895924564451" lon="7.2971597029827535"><ele>2190.5999755859375</ele></trkpt><trkpt lat="46.01905816420913" lon="7.297134912572801"><ele>2190.3999938964844</ele></trkpt><trkpt lat="46.019129128195345" lon="7.29705596389249"><ele>2188.8999938964844</ele></trkpt><trkpt lat="46.01920009078458" lon="7.29697572439909"><ele>2189.0999755859375</ele></trkpt><trkpt lat="46.01925758551806" lon="7.2969148880802095"><ele>2191.7999877929688</ele></trkpt><trkpt lat="46.01937450841069" lon="7.296900379471481"><ele>2194.0</ele></trkpt><trkpt lat="46.01940141245723" lon="7.2968357489444315"><ele>2192.8999938964844</ele></trkpt><trkpt lat="46.019399450626224" lon="7.296707923989743"><ele>2189.8999938964844</ele></trkpt><trkpt lat="46.01939930114895" lon="7.296590424142778"><ele>2187.5</ele></trkpt><trkpt lat="46.01947928452864" lon="7.296530819032341"><ele>2185.8999938964844</ele></trkpt><trkpt lat="46.019559268373996" lon="7.296471213456243"><ele>2183.3999938964844</ele></trkpt><trkpt lat="46.01963925315067" lon="7.296412898693234"><ele>2180.5</ele></trkpt><trkpt lat="46.01969766896218" lon="7.296370135620236"><ele>2178.2999877929688</ele></trkpt><trkpt lat="46.01976232556626" lon="7.296283454168588"><ele>2176.199981689453</ele></trkpt><trkpt lat="46.019830578472465" lon="7.296195472124964"><ele>2174.3999938964844</ele></trkpt><trkpt lat="46.01989343948662" lon="7.296111377887428"><ele>2173.5999755859375</ele></trkpt><trkpt lat="46.01997424988076" lon="7.295994955580682"><ele>2172.2999877929688</ele></trkpt><trkpt lat="46.019998379051685" lon="7.295870934613049"><ele>2170.3999938964844</ele></trkpt><trkpt lat="46.02002340788022" lon="7.29574691131711"><ele>2169.5999755859375</ele></trkpt><trkpt lat="46.02004755008966" lon="7.295633220113814"><ele>2169.5</ele></trkpt><trkpt lat="46.020110404118896" lon="7.295543959829956"><ele>2169.0999755859375</ele></trkpt><trkpt lat="46.02017505746335" lon="7.295454694889486"><ele>2169.5</ele></trkpt><trkpt lat="46.02026126347482" lon="7.295336965937167"><ele>2171.199981689453</ele></trkpt><trkpt lat="46.020340342540294" lon="7.295273486990482"><ele>2171.5999755859375</ele></trkpt><trkpt lat="46.02041942067444" lon="7.2952100075781345"><ele>2169.699981689453</ele></trkpt><trkpt lat="46.020499400328845" lon="7.295147816650569"><ele>2168.0999755859375</ele></trkpt><trkpt lat="46.02060454059392" lon="7.295064899604768"><ele>2167.5999755859375</ele></trkpt><trkpt lat="46.0206394684501" lon="7.2949447222054005"><ele>2166.7999877929688</ele></trkpt><trkpt lat="46.020673498511314" lon="7.294825837947428"><ele>2165.8999938964844</ele></trkpt><trkpt lat="46.02070125937462" lon="7.294728921726346"><ele>2165.3999938964844</ele></trkpt><trkpt lat="46.02078846516088" lon="7.294689952861518"><ele>2164.5999755859375</ele></trkpt><trkpt lat="46.02088106656447" lon="7.294649678748101"><ele>2163.5</ele></trkpt><trkpt lat="46.02098164893687" lon="7.294520287308842"><ele>2162.5999755859375</ele></trkpt><trkpt lat="46.021071596536785" lon="7.294514883309603"><ele>2161.5999755859375</ele></trkpt><trkpt lat="46.02117053605616" lon="7.294506872538477"><ele>2160.3999938964844</ele></trkpt><trkpt lat="46.02124243276194" lon="7.294455031398684"><ele>2158.8999938964844</ele></trkpt><trkpt lat="46.021259440574795" lon="7.294390423689038"><ele>2157.199981689453</ele></trkpt><trkpt lat="46.021345746237785" lon="7.294351456221193"><ele>2155.2999877929688</ele></trkpt><trkpt lat="46.02142935199663" lon="7.2943112049251795"><ele>2153.5999755859375</ele></trkpt><trkpt lat="46.02148329466581" lon="7.294287818484008"><ele>2152.7999877929688</ele></trkpt><trkpt lat="46.02154434006661" lon="7.294192103203386"><ele>2152.2999877929688</ele></trkpt><trkpt lat="46.02159102121368" lon="7.294118376914412"><ele>2151.2999877929688</ele></trkpt><trkpt lat="46.02167460974306" lon="7.29406521236524"><ele>2149.5999755859375</ele></trkpt><trkpt lat="46.02175640128553" lon="7.294013343285769"><ele>2147.199981689453</ele></trkpt><trkpt lat="46.02183549525216" lon="7.293962772935629"><ele>2145.2999877929688</ele></trkpt><trkpt lat="46.02182273613289" lon="7.293834971729666"><ele>2145.0999755859375</ele></trkpt><trkpt lat="46.02180634252727" lon="7.293678773101419"><ele>2146.3999938964844</ele></trkpt><trkpt lat="46.02189616300166" lon="7.2935752319172025"><ele>2147.3999938964844</ele></trkpt><trkpt lat="46.021983467042446" lon="7.293612445238978"><ele>2146.699981689453</ele></trkpt><trkpt lat="46.022103175055236" lon="7.293665066827089"><ele>2144.5999755859375</ele></trkpt><trkpt lat="46.02223803894594" lon="7.293613055255264"><ele>2141.7999877929688</ele></trkpt><trkpt lat="46.02231727866456" lon="7.293674824293703"><ele>2139.699981689453</ele></trkpt><trkpt lat="46.022436138708144" lon="7.293767478782684"><ele>2137.7999877929688</ele></trkpt><trkpt lat="46.022436138708144" lon="7.293767478782684"><ele>2137.7999877929688</ele></trkpt><trkpt lat="46.022436138708144" lon="7.293767478782684"><ele>2137.7999877929688</ele></trkpt><trkpt lat="46.0225621080026" lon="7.293792967684567"><ele>2135.0999755859375</ele></trkpt><trkpt lat="46.0226520113647" lon="7.29375398857519"><ele>2131.2999877929688</ele></trkpt><trkpt lat="46.02277964539826" lon="7.293676170054823"><ele>2127.0999755859375</ele></trkpt><trkpt lat="46.022851509507746" lon="7.293599791359156"><ele>2123.2999877929688</ele></trkpt><trkpt lat="46.02292247256264" lon="7.293522123713046"><ele>2120.0999755859375</ele></trkpt><trkpt lat="46.02299433480948" lon="7.29344445373863"><ele>2117.0</ele></trkpt><trkpt lat="46.02309225033969" lon="7.293340887874365"><ele>2114.0999755859375</ele></trkpt><trkpt lat="46.02314968779683" lon="7.293238721322268"><ele>2110.2999877929688</ele></trkpt><trkpt lat="46.023237637244165" lon="7.293080946430564"><ele>2105.199981689453</ele></trkpt><trkpt lat="46.02332124346867" lon="7.29304198268801"><ele>2101.0999755859375</ele></trkpt><trkpt lat="46.02340844878927" lon="7.2930030091665685"><ele>2099.0</ele></trkpt><trkpt lat="46.023524422198534" lon="7.292951045557857"><ele>2097.5</ele></trkpt><trkpt lat="46.02361345663667" lon="7.292935310862958"><ele>2096.0999755859375</ele></trkpt><trkpt lat="46.023702492937446" lon="7.292920866981149"><ele>2095.0999755859375</ele></trkpt><trkpt lat="46.023792427033186" lon="7.292905129492283"><ele>2093.7999877929688</ele></trkpt><trkpt lat="46.02388146100566" lon="7.2928893943317235"><ele>2092.0</ele></trkpt><trkpt lat="46.023970497306436" lon="7.292874950449914"><ele>2090.199981689453</ele></trkpt><trkpt lat="46.02406043140218" lon="7.292859212961048"><ele>2089.0999755859375</ele></trkpt><trkpt lat="46.02414946584031" lon="7.2928434778004885"><ele>2088.2999877929688</ele></trkpt><trkpt lat="46.02428796514869" lon="7.292819861788303"><ele>2086.699981689453</ele></trkpt><trkpt lat="46.02435441641137" lon="7.292731872759759"><ele>2084.0999755859375</ele></trkpt><trkpt lat="46.024419968016446" lon="7.292643886059523"><ele>2081.7999877929688</ele></trkpt><trkpt lat="46.02448641927913" lon="7.292555897030979"><ele>2080.3999938964844</ele></trkpt><trkpt lat="46.024530419148505" lon="7.292496377136558"><ele>2078.7999877929688</ele></trkpt><trkpt lat="46.02462037326768" lon="7.292496134527028"><ele>2076.699981689453</ele></trkpt><trkpt lat="46.024710326921195" lon="7.292495891917497"><ele>2074.5</ele></trkpt><trkpt lat="46.024836264550686" lon="7.292496843729168"><ele>2071.5</ele></trkpt><trkpt lat="46.02491705212742" lon="7.292366200592369"><ele>2067.5</ele></trkpt><trkpt lat="46.02486465824768" lon="7.2921984675340354"><ele>2063.5</ele></trkpt><trkpt lat="46.02486445615068" lon="7.292044798377901"><ele>2060.3999938964844</ele></trkpt><trkpt lat="46.02491649053991" lon="7.291938767768443"><ele>2058.0999755859375</ele></trkpt><trkpt lat="46.0249523720704" lon="7.291862481739372"><ele>2056.0999755859375</ele></trkpt><trkpt lat="46.02501542447135" lon="7.2919268775731325"><ele>2054.0999755859375</ele></trkpt><trkpt lat="46.02510537346825" lon="7.29192276019603"><ele>2052.3999938964844</ele></trkpt><trkpt lat="46.0251953243278" lon="7.2919199340976775"><ele>2051.0999755859375</ele></trkpt><trkpt lat="46.02528527006507" lon="7.291913234163076"><ele>2049.5999755859375</ele></trkpt><trkpt lat="46.02537521859631" lon="7.291909116320312"><ele>2047.2999877929688</ele></trkpt><trkpt lat="46.02546516759321" lon="7.29190499894321"><ele>2044.3999938964844</ele></trkpt><trkpt lat="46.02557310741395" lon="7.291900832671672"><ele>2041.5999755859375</ele></trkpt><trkpt lat="46.025659401901066" lon="7.291854110080749"><ele>2038.8999938964844</ele></trkpt><trkpt lat="46.025718729011714" lon="7.291821665130556"><ele>2036.0999755859375</ele></trkpt><trkpt lat="46.0257185078226" lon="7.291653789114207"><ele>2033.1999816894531</ele></trkpt><trkpt lat="46.025807589292526" lon="7.291674208827317"><ele>2029.3999938964844</ele></trkpt><trkpt lat="46.0259434604086" lon="7.2917048330418766"><ele>2025.2999877929688</ele></trkpt><trkpt lat="46.02604251168668" lon="7.29178204620257"><ele>2021.7999877929688</ele></trkpt><trkpt lat="46.026131548918784" lon="7.291768891271204"><ele>2018.5999755859375</ele></trkpt><trkpt lat="46.02620349498466" lon="7.291755782440305"><ele>2016.2999877929688</ele></trkpt><trkpt lat="46.02626634249464" lon="7.291663924697787"><ele>2014.7999877929688</ele></trkpt><trkpt lat="46.02633727202192" lon="7.291561713907868"><ele>2012.2999877929688</ele></trkpt><trkpt lat="46.026454211678356" lon="7.29156139632687"><ele>2008.5</ele></trkpt><trkpt lat="46.02648995677009" lon="7.291381798218936"><ele>2004.5</ele></trkpt><trkpt lat="46.02658002777025" lon="7.291470658034086"><ele>2000.7999877929688</ele></trkpt><trkpt lat="46.026669109240174" lon="7.291491077747196"><ele>1997.1999816894531</ele></trkpt><trkpt lat="46.026750991120934" lon="7.291508934926242"><ele>1994.0</ele></trkpt><trkpt lat="46.026832034345716" lon="7.291573283728212"><ele>1990.6999816894531</ele></trkpt><trkpt lat="46.02692210674286" lon="7.291663436219096"><ele>1987.1999816894531</ele></trkpt><trkpt lat="46.026958242524415" lon="7.291780853644013"><ele>1984.2999877929688</ele></trkpt><trkpt lat="46.02704834891483" lon="7.291896834503859"><ele>1981.5</ele></trkpt><trkpt lat="46.02708432869986" lon="7.291895445436239"><ele>1979.0</ele></trkpt><trkpt lat="46.02707156864926" lon="7.291768923867494"><ele>1977.8999938964844</ele></trkpt><trkpt lat="46.027055208571255" lon="7.2916411203332245"><ele>1977.0999755859375</ele></trkpt><trkpt lat="46.027042446658015" lon="7.2915133074857295"><ele>1975.3999938964844</ele></trkpt><trkpt lat="46.027022428344935" lon="7.2913403157144785"><ele>1973.1999816894531</ele></trkpt><trkpt lat="46.02704941434786" lon="7.291340241674334"><ele>1970.6999816894531</ele></trkpt><trkpt lat="46.02714851638302" lon="7.29145619738847"><ele>1967.3999938964844</ele></trkpt><trkpt lat="46.027172966860235" lon="7.291580104269087"><ele>1963.6999816894531</ele></trkpt><trkpt lat="46.02720102807507" lon="7.291714332066476"><ele>1957.7999877929688</ele></trkpt><trkpt lat="46.027264181524515" lon="7.291856213472784"><ele>1951.5</ele></trkpt><trkpt lat="46.02733595762402" lon="7.291713965125382"><ele>1948.0999755859375</ele></trkpt><trkpt lat="46.02733612712473" lon="7.291843103710562"><ele>1945.6999816894531</ele></trkpt><trkpt lat="46.02733631245792" lon="7.291985156480223"><ele>1941.5999755859375</ele></trkpt><trkpt lat="46.02731848647818" lon="7.292111760471016"><ele>1937.0</ele></trkpt><trkpt lat="46.027302459813654" lon="7.2922383598051965"><ele>1932.1999816894531</ele></trkpt><trkpt lat="46.027273933403194" lon="7.29243731033057"><ele>1927.5999755859375</ele></trkpt><trkpt lat="46.0273476280272" lon="7.292385455686599"><ele>1924.2999877929688</ele></trkpt><trkpt lat="46.02732530236244" lon="7.292510780505836"><ele>1921.0999755859375</ele></trkpt><trkpt lat="46.027292276732624" lon="7.292708452325314"><ele>1916.7999877929688</ele></trkpt><trkpt lat="46.02731033414602" lon="7.292760058771819"><ele>1912.5999755859375</ele></trkpt><trkpt lat="46.027373301796615" lon="7.292759888805449"><ele>1909.6999816894531</ele></trkpt><trkpt lat="46.02745404141024" lon="7.292591790203005"><ele>1908.1999816894531</ele></trkpt><trkpt lat="46.02749900147319" lon="7.2925787549465895"><ele>1906.8999938964844</ele></trkpt><trkpt lat="46.02746947435662" lon="7.292700225487351"><ele>1904.5</ele></trkpt><trkpt lat="46.02742740744725" lon="7.292863054201007"><ele>1901.0999755859375</ele></trkpt><trkpt lat="46.02742847474292" lon="7.2929921904578805"><ele>1898.0</ele></trkpt><trkpt lat="46.02742954203859" lon="7.293121327180415"><ele>1897.0</ele></trkpt><trkpt lat="46.02742794435471" lon="7.29327629879117"><ele>1896.7999877929688</ele></trkpt><trkpt lat="46.02740741940215" lon="7.293402910698205"><ele>1895.6999816894531</ele></trkpt><trkpt lat="46.02739224769175" lon="7.293495931662619"><ele>1895.0999755859375</ele></trkpt><trkpt lat="46.02739224769175" lon="7.293495931662619"><ele>1895.0999755859375</ele></trkpt><trkpt lat="46.02739224769175" lon="7.293495931662619"><ele>1895.0999755859375</ele></trkpt><trkpt lat="46.02735551726073" lon="7.2936122552491724"><ele>1895.0</ele></trkpt><trkpt lat="46.02731340751052" lon="7.293742798734456"><ele>1895.5</ele></trkpt><trkpt lat="46.0272604720667" lon="7.293848834466189"><ele>1897.3999938964844</ele></trkpt><trkpt lat="46.02720843581483" lon="7.2939548678696156"><ele>1899.2999877929688</ele></trkpt><trkpt lat="46.027141145430505" lon="7.294090643525124"><ele>1899.6999816894531</ele></trkpt><trkpt lat="46.02710621803999" lon="7.294210835359991"><ele>1898.5999755859375</ele></trkpt><trkpt lat="46.02706143539399" lon="7.29436204675585"><ele>1896.2999877929688</ele></trkpt><trkpt lat="46.0269635678269" lon="7.294504358898848"><ele>1894.1999816894531</ele></trkpt><trkpt lat="46.027010483667254" lon="7.294612710364163"><ele>1891.6999816894531</ele></trkpt><trkpt lat="46.02706100232899" lon="7.294724926818162"><ele>1888.3999938964844</ele></trkpt><trkpt lat="46.02707923995331" lon="7.294917295221239"><ele>1886.5999755859375</ele></trkpt><trkpt lat="46.02705151028931" lon="7.295038758777082"><ele>1887.0</ele></trkpt><trkpt lat="46.02701840316877" lon="7.295175733510405"><ele>1887.6999816894531</ele></trkpt><trkpt lat="46.02700147405267" lon="7.295302334241569"><ele>1888.0</ele></trkpt><trkpt lat="46.02698544599116" lon="7.2954302239231765"><ele>1888.5999755859375</ele></trkpt><trkpt lat="46.026969416532665" lon="7.295556822326034"><ele>1888.5</ele></trkpt><trkpt lat="46.02695248648524" lon="7.295683422591537"><ele>1887.3999938964844</ele></trkpt><trkpt lat="46.02693645656109" lon="7.295810020063072"><ele>1886.0999755859375</ele></trkpt><trkpt lat="46.0269115162082" lon="7.296003793366253"><ele>1884.3999938964844</ele></trkpt><trkpt lat="46.02690448239446" lon="7.296131658367813"><ele>1882.2999877929688</ele></trkpt><trkpt lat="46.0268983496353" lon="7.2962608127854764"><ele>1881.2999877929688</ele></trkpt><trkpt lat="46.026892233639956" lon="7.296402881387621"><ele>1881.2999877929688</ele></trkpt><trkpt lat="46.02685641590506" lon="7.29653211357072"><ele>1880.6999816894531</ele></trkpt><trkpt lat="46.02685847738758" lon="7.296738728880882"><ele>1878.5999755859375</ele></trkpt><trkpt lat="46.02688552858308" lon="7.296790312975645"><ele>1876.0999755859375</ele></trkpt><trkpt lat="46.026890189852566" lon="7.29691943898797"><ele>1874.1999816894531</ele></trkpt><trkpt lat="46.02689844742417" lon="7.29704726440832"><ele>1872.6999816894531</ele></trkpt><trkpt lat="46.026902177836746" lon="7.297151856590062"><ele>1871.0999755859375</ele></trkpt><trkpt lat="46.0269203283824" lon="7.29727836465463"><ele>1869.6999816894531</ele></trkpt><trkpt lat="46.02693847892806" lon="7.2974048727191985"><ele>1868.1999816894531</ele></trkpt><trkpt lat="46.02695842832327" lon="7.297531376592815"><ele>1865.6999816894531</ele></trkpt><trkpt lat="46.026976578403264" lon="7.297657884657383"><ele>1862.5999755859375</ele></trkpt><trkpt lat="46.026992929168046" lon="7.297784397378564"><ele>1860.0</ele></trkpt><trkpt lat="46.02698229486123" lon="7.29791227215901"><ele>1857.8999938964844</ele></trkpt><trkpt lat="46.0269663319923" lon="7.298094398342073"><ele>1855.5999755859375</ele></trkpt><trkpt lat="46.02701324550435" lon="7.298204044345766"><ele>1853.1999816894531</ele></trkpt><trkpt lat="46.02706016134471" lon="7.298314982093871"><ele>1851.6999816894531</ele></trkpt><trkpt lat="46.0271070767194" lon="7.298425920307636"><ele>1850.2999877929688</ele></trkpt><trkpt lat="46.02715399162844" lon="7.298536858055741"><ele>1848.3999938964844</ele></trkpt><trkpt lat="46.027193679939955" lon="7.298623278271407"><ele>1846.0999755859375</ele></trkpt><trkpt lat="46.0272773867473" lon="7.298663095105439"><ele>1843.2999877929688</ele></trkpt><trkpt lat="46.027364692185074" lon="7.298702902626246"><ele>1840.0999755859375</ele></trkpt><trkpt lat="46.027472698595375" lon="7.298751696944237"><ele>1836.7999877929688</ele></trkpt><trkpt lat="46.02753916056827" lon="7.298668875358999"><ele>1833.5</ele></trkpt><trkpt lat="46.027642452623695" lon="7.298544633667916"><ele>1829.8999938964844</ele></trkpt><trkpt lat="46.027723343111575" lon="7.298490185290575"><ele>1827.0999755859375</ele></trkpt><trkpt lat="46.02777637029067" lon="7.2984538888558745"><ele>1825.1999816894531</ele></trkpt><trkpt lat="46.02783741755411" lon="7.298356875311583"><ele>1822.8999938964844</ele></trkpt><trkpt lat="46.02789396699518" lon="7.298259872943163"><ele>1820.5999755859375</ele></trkpt><trkpt lat="46.02795770438388" lon="7.298156395088881"><ele>1818.5</ele></trkpt><trkpt lat="46.02801908412948" lon="7.29832411929965"><ele>1816.8999938964844</ele></trkpt><trkpt lat="46.028028305619955" lon="7.298504892736673"><ele>1814.8999938964844</ele></trkpt><trkpt lat="46.028073395602405" lon="7.298595174681395"><ele>1812.1999816894531</ele></trkpt><trkpt lat="46.028083452023566" lon="7.29872428951785"><ele>1810.3999938964844</ele></trkpt><trkpt lat="46.02805747836828" lon="7.29881475539878"><ele>1809.7999877929688</ele></trkpt><trkpt lat="46.028102681040764" lon="7.298995436169207"><ele>1808.2999877929688</ele></trkpt><trkpt lat="46.02816037228331" lon="7.299092143308371"><ele>1804.2999877929688</ele></trkpt><trkpt lat="46.02823608601466" lon="7.299214632250369"><ele>1799.1999816894531</ele></trkpt><trkpt lat="46.02823765901849" lon="7.299033829476684"><ele>1795.6999816894531</ele></trkpt><trkpt lat="46.02828263537958" lon="7.2990337130613625"><ele>1791.7999877929688</ele></trkpt><trkpt lat="46.02837994787842" lon="7.299163895193487"><ele>1786.6999816894531</ele></trkpt><trkpt lat="46.0284169735387" lon="7.299280027393252"><ele>1782.5</ele></trkpt><trkpt lat="46.028452198486775" lon="7.299394872970879"><ele>1779.2999877929688</ele></trkpt><trkpt lat="46.0284791844897" lon="7.299394803121686"><ele>1777.1999816894531</ele></trkpt><trkpt lat="46.02847033319995" lon="7.299511053599417"><ele>1773.7999877929688</ele></trkpt><trkpt lat="46.028507406357676" lon="7.299665928352624"><ele>1768.8999938964844</ele></trkpt><trkpt lat="46.02848417311907" lon="7.299791255034506"><ele>1765.6999816894531</ele></trkpt><trkpt lat="46.02846093848348" lon="7.2999152909033"><ele>1763.5999755859375</ele></trkpt><trkpt lat="46.02844040514901" lon="7.300041901879013"><ele>1760.0999755859375</ele></trkpt><trkpt lat="46.02841715840623" lon="7.3001568973995745"><ele>1755.8999938964844</ele></trkpt><trkpt lat="46.028372277040035" lon="7.300234496593475"><ele>1753.5999755859375</ele></trkpt><trkpt lat="46.02824638970196" lon="7.300274851731956"><ele>1752.0</ele></trkpt><trkpt lat="46.0281943436712" lon="7.300378296989948"><ele>1750.0999755859375</ele></trkpt><trkpt lat="46.028158457484096" lon="7.300455873366445"><ele>1748.0</ele></trkpt><trkpt lat="46.02821257105097" lon="7.300570670515299"><ele>1743.3999938964844</ele></trkpt><trkpt lat="46.02824852010235" lon="7.300544749945402"><ele>1738.3999938964844</ele></trkpt><trkpt lat="46.02823791606352" lon="7.300699746236205"><ele>1733.5</ele></trkpt><trkpt lat="46.02834764495492" lon="7.30068784346804"><ele>1727.7999877929688</ele></trkpt><trkpt lat="46.02830997342244" lon="7.3007770464755595"><ele>1723.5</ele></trkpt><trkpt lat="46.02831010008231" lon="7.300880359020084"><ele>1720.5</ele></trkpt><trkpt lat="46.02836420107633" lon="7.300984826404601"><ele>1717.5</ele></trkpt><trkpt lat="46.02843613224104" lon="7.300958815030754"><ele>1714.0999755859375</ele></trkpt><trkpt lat="46.0284812184982" lon="7.301047808025032"><ele>1711.8999938964844</ele></trkpt><trkpt lat="46.02848140895367" lon="7.301202778238803"><ele>1711.0</ele></trkpt><trkpt lat="46.02851214259863" lon="7.301324093714356"><ele>1709.7999877929688</ele></trkpt><trkpt lat="46.028555520344526" lon="7.301486703101546"><ele>1707.7999877929688</ele></trkpt><trkpt lat="46.028601532801986" lon="7.301597648765892"><ele>1705.3999938964844</ele></trkpt><trkpt lat="46.02864754665643" lon="7.301709886174649"><ele>1703.0</ele></trkpt><trkpt lat="46.02869807416573" lon="7.301835026592016"><ele>1699.7999877929688</ele></trkpt><trkpt lat="46.02874309802428" lon="7.3018736550584435"><ele>1695.8999938964844</ele></trkpt><trkpt lat="46.02877742704004" lon="7.301993670873344"><ele>1693.0999755859375</ele></trkpt><trkpt lat="46.02877742704004" lon="7.301993670873344"><ele>1693.0999755859375</ele></trkpt><trkpt lat="46.02877742704004" lon="7.301993670873344"><ele>1693.0999755859375</ele></trkpt><trkpt lat="46.028806349262595" lon="7.302105952054262"><ele>1690.7999877929688</ele></trkpt><trkpt lat="46.02885131025687" lon="7.302092924248427"><ele>1688.1999816894531</ele></trkpt><trkpt lat="46.028878138400614" lon="7.301963713485748"><ele>1685.7999877929688</ele></trkpt><trkpt lat="46.028950148727745" lon="7.302002274431288"><ele>1682.5999755859375</ele></trkpt><trkpt lat="46.029030996374786" lon="7.301911669783294"><ele>1678.0</ele></trkpt><trkpt lat="46.029110229574144" lon="7.301972166635096"><ele>1673.7999877929688</ele></trkpt><trkpt lat="46.029166053049266" lon="7.30201464286074"><ele>1670.0</ele></trkpt><trkpt lat="46.029237968381494" lon="7.301975718233734"><ele>1665.7999877929688</ele></trkpt><trkpt lat="46.02931157220155" lon="7.301846387796104"><ele>1661.3999938964844</ele></trkpt><trkpt lat="46.02935848059133" lon="7.301954749971628"><ele>1657.0</ele></trkpt><trkpt lat="46.02940898993984" lon="7.302065686322749"><ele>1654.0</ele></trkpt><trkpt lat="46.02941967360675" lon="7.3019752581603825"><ele>1651.8999938964844</ele></trkpt><trkpt lat="46.02948088943958" lon="7.302013846579939"><ele>1648.1999816894531</ele></trkpt><trkpt lat="46.02958152676001" lon="7.301923191174865"><ele>1643.0</ele></trkpt><trkpt lat="46.02962541393936" lon="7.301768105942756"><ele>1638.2999877929688</ele></trkpt><trkpt lat="46.029704499058425" lon="7.301707207690924"><ele>1634.2999877929688</ele></trkpt><trkpt lat="46.029777293559164" lon="7.301651490852237"><ele>1630.5999755859375</ele></trkpt><trkpt lat="46.02981492970139" lon="7.301533873192966"><ele>1627.0999755859375</ele></trkpt><trkpt lat="46.02985346829519" lon="7.301418835762888"><ele>1622.7999877929688</ele></trkpt><trkpt lat="46.029913514852524" lon="7.301237879320979"><ele>1618.0</ele></trkpt><trkpt lat="46.029994615819305" lon="7.301353904418647"><ele>1613.1999816894531</ele></trkpt><trkpt lat="46.03008458670229" lon="7.301367882173508"><ele>1608.5999755859375</ele></trkpt><trkpt lat="46.03012790065259" lon="7.301478837616742"><ele>1605.0999755859375</ele></trkpt><trkpt lat="46.03017301345244" lon="7.301589788869023"><ele>1603.0</ele></trkpt><trkpt lat="46.03021812811494" lon="7.301702031865716"><ele>1600.7999877929688</ele></trkpt><trkpt lat="46.03026566747576" lon="7.301590845454484"><ele>1598.0999755859375</ele></trkpt><trkpt lat="46.030300647486" lon="7.301508103031665"><ele>1594.5</ele></trkpt><trkpt lat="46.030417650938034" lon="7.301559465005994"><ele>1589.6999816894531</ele></trkpt><trkpt lat="46.03048047563061" lon="7.301443073432893"><ele>1585.1999816894531</ele></trkpt><trkpt lat="46.03050752496347" lon="7.301494663115591"><ele>1582.2999877929688</ele></trkpt><trkpt lat="46.03054246073589" lon="7.3013757592998445"><ele>1579.3999938964844</ele></trkpt><trkpt lat="46.03058635024354" lon="7.301223253831267"><ele>1575.1999816894531</ele></trkpt><trkpt lat="46.030649239663035" lon="7.301159811671823"><ele>1570.3999938964844</ele></trkpt><trkpt lat="46.03071950515732" lon="7.301242287270725"><ele>1566.3999938964844</ele></trkpt><trkpt lat="46.03078707214445" lon="7.301324770320207"><ele>1562.8999938964844</ele></trkpt><trkpt lat="46.03085644124076" lon="7.301409831736237"><ele>1559.5999755859375</ele></trkpt><trkpt lat="46.03092400636524" lon="7.301491023506969"><ele>1556.8999938964844</ele></trkpt><trkpt lat="46.031001480761915" lon="7.301583813969046"><ele>1555.2999877929688</ele></trkpt><trkpt lat="46.03105827374384" lon="7.301683114375919"><ele>1553.8999938964844</ele></trkpt><trkpt lat="46.0311150662601" lon="7.301782414782792"><ele>1551.1999816894531</ele></trkpt><trkpt lat="46.03117365622893" lon="7.301880419254303"><ele>1547.5999755859375</ele></trkpt><trkpt lat="46.03118097828701" lon="7.301983719225973"><ele>1544.3999938964844</ele></trkpt><trkpt lat="46.03122339537367" lon="7.302097262814641"><ele>1542.0</ele></trkpt><trkpt lat="46.03126491466537" lon="7.3022121004760265"><ele>1540.2999877929688</ele></trkpt><trkpt lat="46.03130733128637" lon="7.302325644530356"><ele>1538.5</ele></trkpt><trkpt lat="46.03135245805606" lon="7.302448221947998"><ele>1536.3999938964844</ele></trkpt><trkpt lat="46.0313580124639" lon="7.3025773568078876"><ele>1535.3999938964844</ele></trkpt><trkpt lat="46.03136350400746" lon="7.302654832601547"><ele>1535.2999877929688</ele></trkpt><trkpt lat="46.031390639487654" lon="7.302777456119657"><ele>1535.2999877929688</ele></trkpt><trkpt lat="46.031415975652635" lon="7.302900084294379"><ele>1534.8999938964844</ele></trkpt><trkpt lat="46.0314971068874" lon="7.303041945211589"><ele>1534.0999755859375</ele></trkpt><trkpt lat="46.03153143497184" lon="7.303161968011409"><ele>1533.1999816894531</ele></trkpt><trkpt lat="46.03156306454912" lon="7.303281997796148"><ele>1532.0999755859375</ele></trkpt><trkpt lat="46.03159649251029" lon="7.3034020233899355"><ele>1530.5999755859375</ele></trkpt><trkpt lat="46.031629021279514" lon="7.303522051312029"><ele>1529.2999877929688</ele></trkpt><trkpt lat="46.031662449240685" lon="7.303642076905817"><ele>1528.0</ele></trkpt><trkpt lat="46.03169497800991" lon="7.303762104827911"><ele>1527.0</ele></trkpt><trkpt lat="46.031728407368064" lon="7.30388342263177"><ele>1525.7999877929688</ele></trkpt><trkpt lat="46.03176363417879" lon="7.304003444034606"><ele>1524.5</ele></trkpt><trkpt lat="46.03179526561871" lon="7.3041260577738285"><ele>1523.0999755859375</ele></trkpt><trkpt lat="46.03183228801936" lon="7.304243492428213"><ele>1521.5999755859375</ele></trkpt><trkpt lat="46.03187020961195" lon="7.304360924754292"><ele>1519.5999755859375</ele></trkpt><trkpt lat="46.0319072320126" lon="7.304478359408677"><ele>1517.5999755859375</ele></trkpt><trkpt lat="46.031944253947586" lon="7.304595794528723"><ele>1515.6999816894531</ele></trkpt><trkpt lat="46.03198127588257" lon="7.304713229648769"><ele>1513.8999938964844</ele></trkpt><trkpt lat="46.03201919840649" lon="7.30483195418492"><ele>1511.6999816894531</ele></trkpt><trkpt lat="46.03205712279305" lon="7.30495196999982"><ele>1509.5999755859375</ele></trkpt><trkpt lat="46.03212199639529" lon="7.3050409238785505"><ele>1507.8999938964844</ele></trkpt><trkpt lat="46.032186871394515" lon="7.305131169501692"><ele>1506.1999816894531</ele></trkpt><trkpt lat="46.03225354338065" lon="7.305220119189471"><ele>1504.3999938964844</ele></trkpt><trkpt lat="46.03230941062793" lon="7.305300055537373"><ele>1502.5999755859375</ele></trkpt><trkpt lat="46.032364467158914" lon="7.30545490141958"><ele>1501.0</ele></trkpt><trkpt lat="46.03237901069224" lon="7.305581433698535"><ele>1499.7999877929688</ele></trkpt><trkpt lat="46.032392614055425" lon="7.305674389004707"><ele>1498.5</ele></trkpt><trkpt lat="46.03246296243742" lon="7.305829198099673"><ele>1496.6999816894531</ele></trkpt><trkpt lat="46.03254757774994" lon="7.305878068320453"><ele>1494.7999877929688</ele></trkpt><trkpt lat="46.03267900599167" lon="7.3059578207321465"><ele>1492.7999877929688</ele></trkpt><trkpt lat="46.032777971122414" lon="7.305970493238419"><ele>1491.3999938964844</ele></trkpt><trkpt lat="46.032784421462566" lon="7.306099629960954"><ele>1491.1999816894531</ele></trkpt><trkpt lat="46.032787242438644" lon="7.306202944833785"><ele>1491.1999816894531</ele></trkpt><trkpt lat="46.032767600845546" lon="7.306328270584345"><ele>1491.1999816894531</ele></trkpt><trkpt lat="46.03274346143007" lon="7.306453607045114"><ele>1491.2999877929688</ele></trkpt><trkpt lat="46.03272202052176" lon="7.306578936986625"><ele>1491.1999816894531</ele></trkpt><trkpt lat="46.03270147880539" lon="7.30670426459983"><ele>1491.2999877929688</ele></trkpt><trkpt lat="46.03267913777381" lon="7.306829596403986"><ele>1491.3999938964844</ele></trkpt><trkpt lat="46.03266216209158" lon="7.3069277931936085"><ele>1491.5</ele></trkpt><trkpt lat="46.03266591113061" lon="7.3070556446909904"><ele>1491.1999816894531</ele></trkpt><trkpt lat="46.032672435510904" lon="7.3072493565268815"><ele>1490.5999755859375</ele></trkpt><trkpt lat="46.032712150365114" lon="7.307364205829799"><ele>1489.5</ele></trkpt><trkpt lat="46.032763592433184" lon="7.307507439982146"><ele>1488.0</ele></trkpt><trkpt lat="46.032832951750606" lon="7.3075873465277255"><ele>1488.1999816894531</ele></trkpt><trkpt lat="46.03288789698854" lon="7.307649207301438"><ele>1490.0</ele></trkpt><trkpt lat="46.03295526280999" lon="7.307563803624362"><ele>1490.6999816894531</ele></trkpt><trkpt lat="46.03305945266038" lon="7.307429232634604"><ele>1490.3999938964844</ele></trkpt><trkpt lat="46.03305945266038" lon="7.307429232634604"><ele>1490.3999938964844</ele></trkpt><trkpt lat="46.03305945266038" lon="7.307429232634604"><ele>1490.3999938964844</ele></trkpt><trkpt lat="46.033115106169134" lon="7.307328358758241"><ele>1490.0999755859375</ele></trkpt><trkpt lat="46.03317345958203" lon="7.307228769175708"><ele>1489.8999938964844</ele></trkpt><trkpt lat="46.033228213433176" lon="7.30712789716199"><ele>1489.5999755859375</ele></trkpt><trkpt lat="46.03329194849357" lon="7.307015378959477"><ele>1489.3999938964844</ele></trkpt><trkpt lat="46.03335931431502" lon="7.306929973885417"><ele>1489.1999816894531</ele></trkpt><trkpt lat="46.03342848038301" lon="7.306845855899155"><ele>1489.0</ele></trkpt><trkpt lat="46.03350841952488" lon="7.306743629742414"><ele>1488.6999816894531</ele></trkpt><trkpt lat="46.03358299937099" lon="7.306673705112189"><ele>1488.2999877929688</ele></trkpt><trkpt lat="46.03368723066524" lon="7.306575294118375"><ele>1488.0999755859375</ele></trkpt><trkpt lat="46.03375549381599" lon="7.306488594040275"><ele>1487.6999816894531</ele></trkpt><trkpt lat="46.0338210593909" lon="7.306403192225844"><ele>1487.5999755859375</ele></trkpt><trkpt lat="46.03388842288405" lon="7.306316494010389"><ele>1487.6999816894531</ele></trkpt><trkpt lat="46.033954887185246" lon="7.306229797657579"><ele>1487.7999877929688</ele></trkpt><trkpt lat="46.03402135102078" lon="7.3061431013047695"><ele>1487.6999816894531</ele></trkpt><trkpt lat="46.03411835478619" lon="7.306018874980509"><ele>1487.3999938964844</ele></trkpt><trkpt lat="46.03419743804261" lon="7.305954103823751"><ele>1487.3999938964844</ele></trkpt><trkpt lat="46.03427562164143" lon="7.305889334529638"><ele>1487.5</ele></trkpt><trkpt lat="46.034352007787675" lon="7.305825861170888"><ele>1487.5</ele></trkpt><trkpt lat="46.03443019185215" lon="7.305761091411114"><ele>1487.5</ele></trkpt><trkpt lat="46.03447961900383" lon="7.305720931850374"><ele>1487.5</ele></trkpt><trkpt lat="46.0345334704034" lon="7.3056187662296"><ele>1487.3999938964844</ele></trkpt><trkpt lat="46.03460347978398" lon="7.305488146375865"><ele>1487.3999938964844</ele></trkpt><trkpt lat="46.034633019939065" lon="7.305366666521877"><ele>1487.3999938964844</ele></trkpt><trkpt lat="46.034666140098125" lon="7.305229679215699"><ele>1487.3999938964844</ele></trkpt><trkpt lat="46.03469207882881" lon="7.305105624720454"><ele>1487.2999877929688</ele></trkpt><trkpt lat="46.03473055223003" lon="7.304932459723204"><ele>1487.2999877929688</ele></trkpt><trkpt lat="46.034740295726806" lon="7.304805861786008"><ele>1487.0</ele></trkpt><trkpt lat="46.03475093562156" lon="7.304676678497344"><ele>1486.6999816894531</ele></trkpt><trkpt lat="46.03476247470826" lon="7.304547492880374"><ele>1486.5</ele></trkpt><trkpt lat="46.03477401519194" lon="7.304419599007815"><ele>1486.5999755859375</ele></trkpt><trkpt lat="46.03478199802339" lon="7.304325294680893"><ele>1486.5</ele></trkpt><trkpt lat="46.03477914398536" lon="7.3041961449198425"><ele>1486.3999938964844</ele></trkpt><trkpt lat="46.03477628994733" lon="7.30406699469313"><ele>1486.1999816894531</ele></trkpt><trkpt lat="46.0347734359093" lon="7.303937844932079"><ele>1486.0</ele></trkpt><trkpt lat="46.03477148106322" lon="7.303808692377061"><ele>1485.7999877929688</ele></trkpt><trkpt lat="46.03476952761412" lon="7.303680832032114"><ele>1486.0</ele></trkpt><trkpt lat="46.03476487239823" lon="7.303550395183265"><ele>1486.5</ele></trkpt><trkpt lat="46.034762979485095" lon="7.303472905885428"><ele>1486.8999938964844</ele></trkpt><trkpt lat="46.03474393626675" lon="7.303346379194409"><ele>1487.0999755859375</ele></trkpt><trkpt lat="46.034724892582744" lon="7.30321985296905"><ele>1487.2999877929688</ele></trkpt><trkpt lat="46.03470585029572" lon="7.303094618488103"><ele>1487.3999938964844</ele></trkpt><trkpt lat="46.03468860499561" lon="7.302968088071793"><ele>1487.3999938964844</ele></trkpt><trkpt lat="46.03466956270859" lon="7.302842853590846"><ele>1487.1999816894531</ele></trkpt><trkpt lat="46.034650516696274" lon="7.302715036086738"><ele>1487.0</ele></trkpt><trkpt lat="46.03463147347793" lon="7.302589801605791"><ele>1484.0999755859375</ele></trkpt><trkpt lat="46.034601541701704" lon="7.302388391457498"><ele>1478.8999938964844</ele></trkpt><trkpt lat="46.034604982007295" lon="7.302259225863963"><ele>1476.7999877929688</ele></trkpt><trkpt lat="46.034608454443514" lon="7.3021558918990195"><ele>1477.6999816894531</ele></trkpt><trkpt lat="46.034572267439216" lon="7.301988079678267"><ele>1477.5</ele></trkpt><trkpt lat="46.03451726818457" lon="7.301884892396629"><ele>1475.0</ele></trkpt><trkpt lat="46.03446317045018" lon="7.301782994996756"><ele>1471.8999938964844</ele></trkpt><trkpt lat="46.03440817119554" lon="7.3016798086464405"><ele>1470.0</ele></trkpt><trkpt lat="46.034354072995484" lon="7.301577911712229"><ele>1468.8999938964844</ele></trkpt><trkpt lat="46.03429907374084" lon="7.301474725827575"><ele>1467.8999938964844</ele></trkpt><trkpt lat="46.034231446217746" lon="7.301343157887459"><ele>1466.8999938964844</ele></trkpt><trkpt lat="46.034233985468745" lon="7.301213995553553"><ele>1465.1999816894531</ele></trkpt><trkpt lat="46.034238308202475" lon="7.30107191298157"><ele>1461.5</ele></trkpt><trkpt lat="46.034309272654355" lon="7.30099165532738"><ele>1456.8999938964844</ele></trkpt><trkpt lat="46.03437933977693" lon="7.300912692211568"><ele>1453.6999816894531</ele></trkpt><trkpt lat="46.034450304694474" lon="7.300832434557378"><ele>1451.0999755859375</ele></trkpt><trkpt lat="46.03452126914635" lon="7.300752176903188"><ele>1448.5999755859375</ele></trkpt><trkpt lat="46.03459133487195" lon="7.300671921111643"><ele>1446.2999877929688</ele></trkpt><trkpt lat="46.03469643602148" lon="7.300554120913148"><ele>1443.5</ele></trkpt><trkpt lat="46.03468188457191" lon="7.300426292233169"><ele>1439.8999938964844</ele></trkpt><trkpt lat="46.034669160842896" lon="7.300321707036346"><ele>1437.0</ele></trkpt><trkpt lat="46.03472841065377" lon="7.3002246879041195"><ele>1435.0999755859375</ele></trkpt><trkpt lat="46.03478945977986" lon="7.30012766411528"><ele>1433.7999877929688</ele></trkpt><trkpt lat="46.03486845921725" lon="7.29999830480665"><ele>1432.0</ele></trkpt><trkpt lat="46.03488539298996" lon="7.299871687311679"><ele>1429.0</ele></trkpt><trkpt lat="46.03490502666682" lon="7.299746353644878"><ele>1425.6999816894531</ele></trkpt><trkpt lat="46.03492911346257" lon="7.299584845080972"><ele>1423.5</ele></trkpt><trkpt lat="46.0349370483309" lon="7.299455666914582"><ele>1422.0</ele></trkpt><trkpt lat="46.03494498459622" lon="7.299327780492604"><ele>1419.3999938964844</ele></trkpt><trkpt lat="46.03495646873489" lon="7.299159845802933"><ele>1416.5999755859375</ele></trkpt><trkpt lat="46.03500490868464" lon="7.299051228910685"><ele>1415.2999877929688</ele></trkpt><trkpt lat="46.03508116491139" lon="7.298887001816183"><ele>1414.2999877929688</ele></trkpt><trkpt lat="46.035114297643304" lon="7.298766799736768"><ele>1414.0</ele></trkpt><trkpt lat="46.03514743084088" lon="7.298646597657353"><ele>1414.5</ele></trkpt><trkpt lat="46.03517251415178" lon="7.298563871532679"><ele>1413.6999816894531</ele></trkpt><trkpt lat="46.03517595026642" lon="7.29843470454216"><ele>1411.8999938964844</ele></trkpt><trkpt lat="46.035182086285204" lon="7.298306821845472"><ele>1409.8999938964844</ele></trkpt><trkpt lat="46.03518820274621" lon="7.298163440544158"><ele>1407.5999755859375</ele></trkpt><trkpt lat="46.03520513465628" lon="7.298036821652204"><ele>1406.5</ele></trkpt><trkpt lat="46.03522116551176" lon="7.297908913344145"><ele>1407.0</ele></trkpt><trkpt lat="46.035238097887486" lon="7.297782294917852"><ele>1407.7999877929688</ele></trkpt><trkpt lat="46.03525146888569" lon="7.297685391269624"><ele>1407.3999938964844</ele></trkpt><trkpt lat="46.03524860693142" lon="7.297556240111589"><ele>1405.5999755859375</ele></trkpt><trkpt lat="46.03524214681238" lon="7.297427098732442"><ele>1404.0</ele></trkpt><trkpt lat="46.0352383852005" lon="7.297297950368375"><ele>1402.5999755859375</ele></trkpt><trkpt lat="46.035236422438174" lon="7.297168796882033"><ele>1401.0999755859375</ele></trkpt><trkpt lat="46.03523086151108" lon="7.297039653174579"><ele>1400.5999755859375</ele></trkpt><trkpt lat="46.03522620210424" lon="7.2969117988832295"><ele>1401.6999816894531</ele></trkpt><trkpt lat="46.03522620210424" lon="7.2969117988832295"><ele>1401.6999816894531</ele></trkpt><trkpt lat="46.03522620210424" lon="7.2969117988832295"><ele>1401.6999816894531</ele></trkpt><trkpt lat="46.03522243909538" lon="7.296781359706074"><ele>1403.6999816894531</ele></trkpt><trkpt lat="46.03523846901953" lon="7.296653451398015"><ele>1405.1999816894531</ele></trkpt><trkpt lat="46.035249130334705" lon="7.2965488051995635"><ele>1404.3999938964844</ele></trkpt><trkpt lat="46.035326403565705" lon="7.296480148099363"><ele>1400.8999938964844</ele></trkpt><trkpt lat="46.03539289208129" lon="7.296419268939644"><ele>1397.1999816894531</ele></trkpt><trkpt lat="46.0354828434065" lon="7.296416449826211"><ele>1397.0999755859375</ele></trkpt><trkpt lat="46.035574592184275" lon="7.296412334777415"><ele>1398.5</ele></trkpt><trkpt lat="46.03566454490647" lon="7.296410806942731"><ele>1396.7999877929688</ele></trkpt><trkpt lat="46.035754492040724" lon="7.296405404340476"><ele>1391.8999938964844</ele></trkpt><trkpt lat="46.03582726372406" lon="7.296334174927324"><ele>1387.2999877929688</ele></trkpt><trkpt lat="46.035901833791286" lon="7.29626164957881"><ele>1384.6999816894531</ele></trkpt><trkpt lat="46.035977304913104" lon="7.2961904136464"><ele>1384.0999755859375</ele></trkpt><trkpt lat="46.03607613313943" lon="7.296094575431198"><ele>1383.5</ele></trkpt><trkpt lat="46.036135380622" lon="7.295998841058463"><ele>1382.0999755859375</ele></trkpt><trkpt lat="46.0361964260228" lon="7.295901809819043"><ele>1380.3999938964844</ele></trkpt><trkpt lat="46.03625657176599" lon="7.295804780907929"><ele>1378.8999938964844</ele></trkpt><trkpt lat="46.036314918193966" lon="7.295707756653428"><ele>1378.0999755859375</ele></trkpt><trkpt lat="46.03637416427955" lon="7.295610730070621"><ele>1377.8999938964844</ele></trkpt><trkpt lat="46.036434311419725" lon="7.2955149919725955"><ele>1377.3999938964844</ele></trkpt><trkpt lat="46.036494456697255" lon="7.29541796259582"><ele>1376.1999816894531</ele></trkpt><trkpt lat="46.036554601974785" lon="7.295320932287723"><ele>1374.5</ele></trkpt><trkpt lat="46.0366129479371" lon="7.295223907101899"><ele>1373.2999877929688</ele></trkpt><trkpt lat="46.0366524499841" lon="7.295163096860051"><ele>1373.0</ele></trkpt><trkpt lat="46.0366999884136" lon="7.29505576658994"><ele>1372.5999755859375</ele></trkpt><trkpt lat="46.0367502248846" lon="7.294948429334909"><ele>1372.0999755859375</ele></trkpt><trkpt lat="46.03681212104857" lon="7.2948139370419085"><ele>1371.5</ele></trkpt><trkpt lat="46.03684795135632" lon="7.2946963044814765"><ele>1370.2999877929688</ele></trkpt><trkpt lat="46.03688647830859" lon="7.294577373191714"><ele>1369.1999816894531</ele></trkpt><trkpt lat="46.03692140895873" lon="7.2944597424939275"><ele>1368.5999755859375</ele></trkpt><trkpt lat="46.03695723740384" lon="7.2943408181890845"><ele>1367.3999938964844</ele></trkpt><trkpt lat="46.03699306724593" lon="7.29422318469733"><ele>1365.5</ele></trkpt><trkpt lat="46.037031593732536" lon="7.294104252476245"><ele>1363.5999755859375</ele></trkpt><trkpt lat="46.037067423574626" lon="7.293986618984491"><ele>1362.1999816894531</ele></trkpt><trkpt lat="46.03710145223886" lon="7.293867698404938"><ele>1360.5999755859375</ele></trkpt><trkpt lat="46.037138181272894" lon="7.293750062119216"><ele>1359.3999938964844</ele></trkpt><trkpt lat="46.037188342772424" lon="7.29358589136973"><ele>1358.6999816894531</ele></trkpt><trkpt lat="46.037181878462434" lon="7.293456745799631"><ele>1358.0</ele></trkpt><trkpt lat="46.03717631334439" lon="7.293327597901225"><ele>1357.2999877929688</ele></trkpt><trkpt lat="46.03716984996572" lon="7.293199744075537"><ele>1356.0999755859375</ele></trkpt><trkpt lat="46.03716149972752" lon="7.293004730716348"><ele>1354.2999877929688</ele></trkpt><trkpt lat="46.037205431144685" lon="7.292892240919173"><ele>1353.6999816894531</ele></trkpt><trkpt lat="46.03725025197491" lon="7.292771999258548"><ele>1354.0999755859375</ele></trkpt><trkpt lat="46.03723389469087" lon="7.292645463254303"><ele>1353.8999938964844</ele></trkpt><trkpt lat="46.037218435667455" lon="7.292517633643001"><ele>1353.0</ele></trkpt><trkpt lat="46.03719752142206" lon="7.292345903348178"><ele>1352.3999938964844</ele></trkpt><trkpt lat="46.03724415553734" lon="7.292237280867994"><ele>1352.5999755859375</ele></trkpt><trkpt lat="46.03729348722845" lon="7.292127359192818"><ele>1353.0999755859375</ele></trkpt><trkpt lat="46.03734012134373" lon="7.292018736246973"><ele>1353.5</ele></trkpt><trkpt lat="46.03738945396617" lon="7.2919101058505476"><ele>1353.8999938964844</ele></trkpt><trkpt lat="46.03743698587641" lon="7.291800188366324"><ele>1354.0999755859375</ele></trkpt><trkpt lat="46.03748542070389" lon="7.291692851576954"><ele>1354.0</ele></trkpt><trkpt lat="46.03752847155556" lon="7.29159586224705"><ele>1353.5999755859375</ele></trkpt><trkpt lat="46.03760484792292" lon="7.291531073395163"><ele>1353.5</ele></trkpt><trkpt lat="46.03768302174285" lon="7.291464988142252"><ele>1353.5</ele></trkpt><trkpt lat="46.03776029776782" lon="7.291400196496397"><ele>1353.5</ele></trkpt><trkpt lat="46.03783847298473" lon="7.291335402056575"><ele>1353.5</ele></trkpt><trkpt lat="46.03791754646227" lon="7.291269313544035"><ele>1353.0999755859375</ele></trkpt><trkpt lat="46.03799392422661" lon="7.291205815039575"><ele>1352.5</ele></trkpt><trkpt lat="46.03807119792327" lon="7.291139730717987"><ele>1351.6999816894531</ele></trkpt><trkpt lat="46.038148472085595" lon="7.2910736463963985"><ele>1350.5999755859375</ele></trkpt><trkpt lat="46.038237429689616" lon="7.290999780409038"><ele>1349.5</ele></trkpt><trkpt lat="46.038307484705" lon="7.290916923433542"><ele>1348.6999816894531</ele></trkpt><trkpt lat="46.038399091456085" lon="7.290805591735989"><ele>1347.5999755859375</ele></trkpt><trkpt lat="46.038439417257905" lon="7.290689232293516"><ele>1346.0</ele></trkpt><trkpt lat="46.0384770440869" lon="7.2905728803016245"><ele>1344.8999938964844</ele></trkpt><trkpt lat="46.0385164716281" lon="7.2904578149318695"><ele>1344.3999938964844</ele></trkpt><trkpt lat="46.03855499625206" lon="7.290340168401599"><ele>1343.7999877929688</ele></trkpt><trkpt lat="46.03859442193061" lon="7.290223811287433"><ele>1343.5</ele></trkpt><trkpt lat="46.03863384760916" lon="7.290107453707606"><ele>1343.2999877929688</ele></trkpt><trkpt lat="46.03867237363011" lon="7.289991098456085"><ele>1342.8999938964844</ele></trkpt><trkpt lat="46.03871359815821" lon="7.289874735753983"><ele>1342.5999755859375</ele></trkpt><trkpt lat="46.03875032486394" lon="7.289758385159075"><ele>1342.5</ele></trkpt><trkpt lat="46.03879154892638" lon="7.289642022456974"><ele>1342.3999938964844</ele></trkpt><trkpt lat="46.03882917528972" lon="7.289525669068098"><ele>1342.6999816894531</ele></trkpt><trkpt lat="46.038869499694556" lon="7.289409308228642"><ele>1343.0</ele></trkpt><trkpt lat="46.03890712559223" lon="7.289292954374105"><ele>1342.2999877929688</ele></trkpt><trkpt lat="46.038964471779764" lon="7.2891248795203865"><ele>1341.5</ele></trkpt><trkpt lat="46.03902101004496" lon="7.289025264792144"><ele>1341.0</ele></trkpt><trkpt lat="46.03909819293767" lon="7.2888920097611845"><ele>1340.7999877929688</ele></trkpt><trkpt lat="46.03916734736413" lon="7.288809151854366"><ele>1340.6999816894531</ele></trkpt><trkpt lat="46.039259851910174" lon="7.2886978117749095"><ele>1340.2999877929688</ele></trkpt><trkpt lat="46.03933712420985" lon="7.288631722796708"><ele>1339.8999938964844</ele></trkpt><trkpt lat="46.03941349545494" lon="7.288564344402403"><ele>1339.5999755859375</ele></trkpt><trkpt lat="46.03949256706983" lon="7.288498249370605"><ele>1338.6999816894531</ele></trkpt><trkpt lat="46.039568038191646" lon="7.288430872838944"><ele>1337.0</ele></trkpt><trkpt lat="46.03964531049132" lon="7.2883647829294205"><ele>1335.7999877929688</ele></trkpt><trkpt lat="46.03972348058596" lon="7.288297398481518"><ele>1335.5999755859375</ele></trkpt><trkpt lat="46.03979895403609" lon="7.288231313228607"><ele>1335.5999755859375</ele></trkpt><trkpt lat="46.03987622447312" lon="7.288163931109011"><ele>1335.1999816894531</ele></trkpt><trkpt lat="46.03998045343906" lon="7.288075806573033"><ele>1334.3999938964844</ele></trkpt><trkpt lat="46.0400135749951" lon="7.28795558726415"><ele>1333.6999816894531</ele></trkpt><trkpt lat="46.04004399757832" lon="7.287835374940187"><ele>1333.5</ele></trkpt><trkpt lat="46.04004399757832" lon="7.287835374940187"><ele>1333.5</ele></trkpt><trkpt lat="46.04004399757832" lon="7.287835374940187"><ele>1333.5</ele></trkpt><trkpt lat="46.040077118668705" lon="7.2877151551656425"><ele>1333.0999755859375</ele></trkpt><trkpt lat="46.04011023975909" lon="7.287594934925437"><ele>1332.1999816894531</ele></trkpt><trkpt lat="46.0401424607262" lon="7.287474717479199"><ele>1331.2999877929688</ele></trkpt><trkpt lat="46.04017648100853" lon="7.287354494445026"><ele>1330.5</ele></trkpt><trkpt lat="46.04020960163325" lon="7.28723427420482"><ele>1330.0999755859375</ele></trkpt><trkpt lat="46.04024092340842" lon="7.287114058621228"><ele>1330.6999816894531</ele></trkpt><trkpt lat="46.04027404403314" lon="7.286993837915361"><ele>1332.1999816894531</ele></trkpt><trkpt lat="46.04030984546989" lon="7.286860692780465"><ele>1333.2999877929688</ele></trkpt><trkpt lat="46.04033396532759" lon="7.286736621987075"><ele>1333.8999938964844</ele></trkpt><trkpt lat="46.04035808285698" lon="7.286611259449273"><ele>1334.5999755859375</ele></trkpt><trkpt lat="46.04038220224902" lon="7.286487188655883"><ele>1335.7999877929688</ele></trkpt><trkpt lat="46.040406321175396" lon="7.2863631173968315"><ele>1336.5999755859375</ele></trkpt><trkpt lat="46.04043043870479" lon="7.286237754393369"><ele>1337.1999816894531</ele></trkpt><trkpt lat="46.04045545728877" lon="7.286113680806011"><ele>1337.7999877929688</ele></trkpt><trkpt lat="46.04047957574949" lon="7.285989609081298"><ele>1337.3999938964844</ele></trkpt><trkpt lat="46.04050189303234" lon="7.285864250734448"><ele>1336.6999816894531</ele></trkpt><trkpt lat="46.0405242247507" lon="7.285749225877225"><ele>1336.5</ele></trkpt><trkpt lat="46.04059247346595" lon="7.285663780756295"><ele>1335.5</ele></trkpt><trkpt lat="46.040676882024854" lon="7.285555039066821"><ele>1334.5999755859375</ele></trkpt><trkpt lat="46.04076318722218" lon="7.285517335869372"><ele>1334.8999938964844</ele></trkpt><trkpt lat="46.04084949102253" lon="7.2854783409275115"><ele>1335.6999816894531</ele></trkpt><trkpt lat="46.04091242188588" lon="7.2854510373435915"><ele>1336.0</ele></trkpt><trkpt lat="46.04098248062655" lon="7.28537333663553"><ele>1335.7999877929688</ele></trkpt><trkpt lat="46.041054339613765" lon="7.285296922083944"><ele>1335.6999816894531</ele></trkpt><trkpt lat="46.04112709639594" lon="7.285219213459641"><ele>1335.6999816894531</ele></trkpt><trkpt lat="46.04119895584881" lon="7.2851427984423935"><ele>1335.2999877929688</ele></trkpt><trkpt lat="46.041260932106525" lon="7.285075453110039"><ele>1333.8999938964844</ele></trkpt><trkpt lat="46.041345421690494" lon="7.2850261284038424"><ele>1333.6999816894531</ele></trkpt><trkpt lat="46.041460471227765" lon="7.284958633128554"><ele>1333.7999877929688</ele></trkpt><trkpt lat="46.04153052577749" lon="7.284878347069025"><ele>1331.8999938964844</ele></trkpt><trkpt lat="46.0416014790535" lon="7.284798058215529"><ele>1329.7999877929688</ele></trkpt><trkpt lat="46.04167153360322" lon="7.284717771690339"><ele>1328.5</ele></trkpt><trkpt lat="46.04174248687923" lon="7.2846374828368425"><ele>1327.2999877929688</ele></trkpt><trkpt lat="46.04179996531457" lon="7.28457014914602"><ele>1326.5999755859375</ele></trkpt><trkpt lat="46.04186640912667" lon="7.284480830654502"><ele>1326.0</ele></trkpt><trkpt lat="46.041930155362934" lon="7.284392810892314"><ele>1324.8999938964844</ele></trkpt><trkpt lat="46.04199749836698" lon="7.284303489141166"><ele>1323.8999938964844</ele></trkpt><trkpt lat="46.04206124320626" lon="7.284214177634567"><ele>1323.3999938964844</ele></trkpt><trkpt lat="46.04212319571525" lon="7.284130037762225"><ele>1322.7999877929688</ele></trkpt><trkpt lat="46.042209492996335" lon="7.284087164327502"><ele>1321.8999938964844</ele></trkpt><trkpt lat="46.04232994792983" lon="7.284026109147817"><ele>1321.0</ele></trkpt><trkpt lat="46.04241897817701" lon="7.284007770475"><ele>1320.5999755859375</ele></trkpt><trkpt lat="46.04250800795853" lon="7.283989432267845"><ele>1320.3999938964844</ele></trkpt><trkpt lat="46.04259703820571" lon="7.283971094060689"><ele>1320.3999938964844</ele></trkpt><trkpt lat="46.042709451168776" lon="7.283948814030737"><ele>1320.2999877929688</ele></trkpt><trkpt lat="46.042793958447874" lon="7.283912403509021"><ele>1320.0</ele></trkpt><trkpt lat="46.04288026643917" lon="7.283877279609442"><ele>1319.6999816894531</ele></trkpt><trkpt lat="46.04296747222543" lon="7.283840861637145"><ele>1319.0999755859375</ele></trkpt><trkpt lat="46.04305557906628" lon="7.283805732615292"><ele>1318.0999755859375</ele></trkpt><trkpt lat="46.04312120843679" lon="7.283778417855501"><ele>1317.1999816894531</ele></trkpt><trkpt lat="46.04320028424263" lon="7.283717479091138"><ele>1315.8999938964844</ele></trkpt><trkpt lat="46.04327935818583" lon="7.2836552476510406"><ele>1314.3999938964844</ele></trkpt><trkpt lat="46.04335843352601" lon="7.283594308421016"><ele>1313.2999877929688</ele></trkpt><trkpt lat="46.04343840898946" lon="7.283533366397023"><ele>1312.6999816894531</ele></trkpt><trkpt lat="46.043491426855326" lon="7.28349316958338"><ele>1311.8999938964844</ele></trkpt><trkpt lat="46.04355336772278" lon="7.283401275984943"><ele>1310.7999877929688</ele></trkpt><trkpt lat="46.0436332677491" lon="7.283286078833044"><ele>1309.2999877929688</ele></trkpt><trkpt lat="46.043658282607794" lon="7.28316199593246"><ele>1307.6999816894531</ele></trkpt><trkpt lat="46.043697603512555" lon="7.28297586645931"><ele>1306.5999755859375</ele></trkpt><trkpt lat="46.04375413991511" lon="7.28287882078439"><ele>1305.5999755859375</ele></trkpt><trkpt lat="46.04381337109953" lon="7.2827791827730834"><ele>1304.0999755859375</ele></trkpt><trkpt lat="46.04387350566685" lon="7.2826821259222925"><ele>1302.3999938964844</ele></trkpt><trkpt lat="46.0439300397411" lon="7.282583787571639"><ele>1301.2999877929688</ele></trkpt><trkpt lat="46.04397401493043" lon="7.282510029152036"><ele>1301.2999877929688</ele></trkpt><trkpt lat="46.04401433374733" lon="7.282394943758845"><ele>1300.7999877929688</ele></trkpt><trkpt lat="46.04405555035919" lon="7.282278563827276"><ele>1299.7999877929688</ele></trkpt><trkpt lat="46.044094069860876" lon="7.282163483090699"><ele>1298.6999816894531</ele></trkpt><trkpt lat="46.044144242070615" lon="7.282018657773733"><ele>1296.6999816894531</ele></trkpt><trkpt lat="46.04412787267938" lon="7.281892108730972"><ele>1294.8999938964844</ele></trkpt><trkpt lat="46.04411240108311" lon="7.281764266081154"><ele>1294.7999877929688</ele></trkpt><trkpt lat="46.044094232376665" lon="7.28163772309199"><ele>1294.5999755859375</ele></trkpt><trkpt lat="46.04407149879262" lon="7.281463397201151"><ele>1293.6999816894531</ele></trkpt><trkpt lat="46.04408031469211" lon="7.281335484236479"><ele>1292.7999877929688</ele></trkpt><trkpt lat="46.04408914456144" lon="7.281217905227095"><ele>1291.1999816894531</ele></trkpt><trkpt lat="46.04412405891344" lon="7.281098959036171"><ele>1289.7999877929688</ele></trkpt><trkpt lat="46.0441589737311" lon="7.280980012379587"><ele>1289.1999816894531</ele></trkpt><trkpt lat="46.044192988891155" lon="7.28086106851697"><ele>1288.3999938964844</ele></trkpt><trkpt lat="46.04422790184617" lon="7.280740830115974"><ele>1287.1999816894531</ele></trkpt><trkpt lat="46.04426281619817" lon="7.280621882993728"><ele>1286.5999755859375</ele></trkpt><trkpt lat="46.04430399648845" lon="7.2804809575900435"><ele>1286.2999877929688</ele></trkpt><trkpt lat="46.04429751681164" lon="7.280351796653122"><ele>1285.1999816894531</ele></trkpt><trkpt lat="46.04428740218282" lon="7.280196810141206"><ele>1284.0</ele></trkpt><trkpt lat="46.04430791409686" lon="7.280071446206421"><ele>1283.0</ele></trkpt><trkpt lat="46.04433915577829" lon="7.279900837223977"><ele>1281.0999755859375</ele></trkpt><trkpt lat="46.04439207818359" lon="7.279794754460454"><ele>1278.5</ele></trkpt><trkpt lat="46.04444500245154" lon="7.279689963441342"><ele>1276.1999816894531</ele></trkpt><trkpt lat="46.04449792858213" lon="7.279586464166641"><ele>1274.0999755859375</ele></trkpt><trkpt lat="46.04458135087043" lon="7.279420868493617"><ele>1272.0</ele></trkpt><trkpt lat="46.04464508779347" lon="7.279328963253647"><ele>1270.2999877929688</ele></trkpt><trkpt lat="46.04470792692155" lon="7.279238352086395"><ele>1268.7999877929688</ele></trkpt><trkpt lat="46.04475191421807" lon="7.279174924362451"><ele>1267.1999816894531</ele></trkpt><trkpt lat="46.04482647497207" lon="7.27910365536809"><ele>1265.5</ele></trkpt><trkpt lat="46.04488846054301" lon="7.279045341536403"><ele>1263.0</ele></trkpt><trkpt lat="46.04488846054301" lon="7.279045341536403"><ele>1263.0</ele></trkpt><trkpt lat="46.04488846054301" lon="7.279045341536403"><ele>1263.0</ele></trkpt><trkpt lat="46.0449133887887" lon="7.278864413965493"><ele>1259.2999877929688</ele></trkpt><trkpt lat="46.0447873598896" lon="7.2788001941516995"><ele>1256.1999816894531</ele></trkpt><trkpt lat="46.04469741228968" lon="7.278805626090616"><ele>1254.1999816894531</ele></trkpt><trkpt lat="46.04458048194647" lon="7.2788137211464345"><ele>1252.3999938964844</ele></trkpt><trkpt lat="46.044598324690014" lon="7.278710323851556"><ele>1250.2999877929688</ele></trkpt><trkpt lat="46.044658455532044" lon="7.278613260947168"><ele>1247.6999816894531</ele></trkpt><trkpt lat="46.04475089535117" lon="7.278464430011809"><ele>1244.5999755859375</ele></trkpt><trkpt lat="46.04469859180972" lon="7.278374157380313"><ele>1240.8999938964844</ele></trkpt><trkpt lat="46.04467042721808" lon="7.278180469293147"><ele>1237.2999877929688</ele></trkpt><trkpt lat="46.04475221130997" lon="7.278128555044532"><ele>1234.6999816894531</ele></trkpt><trkpt lat="46.04483399540186" lon="7.278076640330255"><ele>1232.2999877929688</ele></trkpt><trkpt lat="46.044918476603925" lon="7.278023425955325"><ele>1229.8999938964844</ele></trkpt><trkpt lat="46.04503800626844" lon="7.277946854941547"><ele>1227.6999816894531</ele></trkpt><trkpt lat="46.04509188607335" lon="7.2778821042738855"><ele>1225.8999938964844</ele></trkpt><trkpt lat="46.04513940168545" lon="7.277770867105573"><ele>1224.0</ele></trkpt><trkpt lat="46.04518422111869" lon="7.277660929597914"><ele>1221.8999938964844</ele></trkpt><trkpt lat="46.045253245625645" lon="7.277494079899043"><ele>1219.7999877929688</ele></trkpt><trkpt lat="46.045324196107686" lon="7.277415067888796"><ele>1218.1999816894531</ele></trkpt><trkpt lat="46.04536999994889" lon="7.277364550624043"><ele>1216.1999816894531</ele></trkpt><trkpt lat="46.045252983924" lon="7.277313224971294"><ele>1213.1999816894531</ele></trkpt><trkpt lat="46.04528429219499" lon="7.277191700413823"><ele>1209.6999816894531</ele></trkpt><trkpt lat="46.04531650012359" lon="7.277070173062384"><ele>1206.1999816894531</ele></trkpt><trkpt lat="46.04534243326634" lon="7.276964166201651"><ele>1203.1999816894531</ele></trkpt><trkpt lat="46.04534044722095" lon="7.2768349894322455"><ele>1200.5</ele></trkpt><trkpt lat="46.0453384607099" lon="7.27670581266284"><ele>1197.2999877929688</ele></trkpt><trkpt lat="46.045332801062614" lon="7.276524974498898"><ele>1193.7999877929688</ele></trkpt><trkpt lat="46.04537050658837" lon="7.276473188307136"><ele>1190.7999877929688</ele></trkpt><trkpt lat="46.04549546772614" lon="7.276421141345054"><ele>1187.5</ele></trkpt><trkpt lat="46.04553041839972" lon="7.276330608874559"><ele>1182.8999938964844</ele></trkpt><trkpt lat="46.0455563259311" lon="7.276207807008177"><ele>1177.1999816894531</ele></trkpt><trkpt lat="46.0455822320655" lon="7.276083713397384"><ele>1172.8999938964844</ele></trkpt><trkpt lat="46.045608138199896" lon="7.275959620252252"><ele>1170.6999816894531</ele></trkpt><trkpt lat="46.04563404619694" lon="7.275836818385869"><ele>1169.5999755859375</ele></trkpt><trkpt lat="46.04567334987223" lon="7.275646801572293"><ele>1168.7999877929688</ele></trkpt><trkpt lat="46.045716360677034" lon="7.275531699415296"><ele>1168.2999877929688</ele></trkpt><trkpt lat="46.04575847322121" lon="7.275417891796678"><ele>1167.0999755859375</ele></trkpt><trkpt lat="46.045789836440235" lon="7.275335120037198"><ele>1165.5</ele></trkpt><trkpt lat="46.04587891604751" lon="7.275351645890623"><ele>1165.1999816894531</ele></trkpt><trkpt lat="46.04596799565479" lon="7.275368171744049"><ele>1165.5</ele></trkpt><trkpt lat="46.04605707479641" lon="7.275384697597474"><ele>1164.7999877929688</ele></trkpt><trkpt lat="46.046147054061294" lon="7.275401220656931"><ele>1163.7999877929688</ele></trkpt><trkpt lat="46.04623613320291" lon="7.275417746510357"><ele>1162.8999938964844</ele></trkpt><trkpt lat="46.04634050838649" lon="7.275436810217798"><ele>1161.0999755859375</ele></trkpt><trkpt lat="46.04641146119684" lon="7.275360377505422"><ele>1158.5999755859375</ele></trkpt><trkpt lat="46.0464734332636" lon="7.275294306688011"><ele>1156.5999755859375</ele></trkpt><trkpt lat="46.04647054569796" lon="7.275165130384266"><ele>1155.2999877929688</ele></trkpt><trkpt lat="46.04646405996755" lon="7.275035964790732"><ele>1154.7999877929688</ele></trkpt><trkpt lat="46.046485465951264" lon="7.2749105910770595"><ele>1154.2999877929688</ele></trkpt><trkpt lat="46.046510458458215" lon="7.274777455255389"><ele>1153.3999938964844</ele></trkpt><trkpt lat="46.04650846961886" lon="7.274648276157677"><ele>1151.7999877929688</ele></trkpt><trkpt lat="46.04650828009471" lon="7.27451909147203"><ele>1150.1999816894531</ele></trkpt><trkpt lat="46.04650810919702" lon="7.274402825627476"><ele>1149.0</ele></trkpt><trkpt lat="46.046525914222" lon="7.274276170413941"><ele>1147.3999938964844</ele></trkpt><trkpt lat="46.04655442992225" lon="7.274092640727758"><ele>1145.1999816894531</ele></trkpt><trkpt lat="46.046592039521784" lon="7.273976259864867"><ele>1143.1999816894531</ele></trkpt><trkpt lat="46.04663144983351" lon="7.273861165624112"><ele>1141.6999816894531</ele></trkpt><trkpt lat="46.04667355725542" lon="7.273744770791382"><ele>1140.0999755859375</ele></trkpt><trkpt lat="46.04671116638929" lon="7.273628389462829"><ele>1138.2999877929688</ele></trkpt><trkpt lat="46.046751474030316" lon="7.2735119997523725"><ele>1136.6999816894531</ele></trkpt><trkpt lat="46.04678998468444" lon="7.2733969069086015"><ele>1135.0</ele></trkpt><trkpt lat="46.046829394530505" lon="7.273281811736524"><ele>1133.5999755859375</ele></trkpt><trkpt lat="46.04685716005042" lon="7.273200340103358"><ele>1132.6999816894531</ele></trkpt><trkpt lat="46.046891167294234" lon="7.273081385530531"><ele>1131.6999816894531</ele></trkpt><trkpt lat="46.046926071401685" lon="7.272961135953665"><ele>1130.1999816894531</ele></trkpt><trkpt lat="46.046960077714175" lon="7.272842180449516"><ele>1128.3999938964844</ele></trkpt><trkpt lat="46.046994084026664" lon="7.272723225411028"><ele>1127.0999755859375</ele></trkpt><trkpt lat="46.047028988134116" lon="7.272602975834161"><ele>1126.6999816894531</ele></trkpt><trkpt lat="46.047054045367986" lon="7.272515052463859"><ele>1126.0999755859375</ele></trkpt><trkpt lat="46.047053853049874" lon="7.272385866381228"><ele>1124.8999938964844</ele></trkpt><trkpt lat="46.04705546004698" lon="7.2722566751763225"><ele>1123.5</ele></trkpt><trkpt lat="46.04705346887931" lon="7.272127495147288"><ele>1122.0</ele></trkpt><trkpt lat="46.04705327609554" lon="7.2719983090646565"><ele>1120.3999938964844</ele></trkpt><trkpt lat="46.047053064219654" lon="7.271856205072254"><ele>1119.0</ele></trkpt><trkpt lat="46.0470384825021" lon="7.271729647181928"><ele>1118.0</ele></trkpt><trkpt lat="46.04702030075714" lon="7.271601808723062"><ele>1117.0999755859375</ele></trkpt><trkpt lat="46.047003919724375" lon="7.271475256420672"><ele>1116.0999755859375</ele></trkpt><trkpt lat="46.04698843648657" lon="7.271347410045564"><ele>1114.6999816894531</ele></trkpt><trkpt lat="46.04696204792708" lon="7.271145960781723"><ele>1112.8999938964844</ele></trkpt><trkpt lat="46.046959155704826" lon="7.271016783546656"><ele>1111.1999816894531</ele></trkpt><trkpt lat="46.04695626301691" lon="7.2708876063115895"><ele>1109.7999877929688</ele></trkpt><trkpt lat="46.0469542699866" lon="7.270758426282555"><ele>1108.2999877929688</ele></trkpt><trkpt lat="46.04695137729868" lon="7.270629249047488"><ele>1106.5999755859375</ele></trkpt><trkpt lat="46.046948484610766" lon="7.270500071812421"><ele>1104.7999877929688</ele></trkpt><trkpt lat="46.046946491114795" lon="7.2703708917833865"><ele>1103.1999816894531</ele></trkpt><trkpt lat="46.04694447806105" lon="7.270228793378919"><ele>1101.6999816894531</ele></trkpt><trkpt lat="46.04696041671559" lon="7.2700608018785715"><ele>1100.2999877929688</ele></trkpt><trkpt lat="46.0470034214668" lon="7.2699456927366555"><ele>1099.3999938964844</ele></trkpt><trkpt lat="46.047042828053236" lon="7.26983059477061"><ele>1098.7999877929688</ele></trkpt><trkpt lat="46.047094783745706" lon="7.269685744307935"><ele>1098.1999816894531</ele></trkpt><trkpt lat="46.047152204439044" lon="7.269586091861129"><ele>1097.5999755859375</ele></trkpt><trkpt lat="46.04721142584458" lon="7.269487725570798"><ele>1097.0999755859375</ele></trkpt><trkpt lat="46.04721142584458" lon="7.269487725570798"><ele>1097.0999755859375</ele></trkpt><trkpt lat="46.04721142584458" lon="7.269487725570798"><ele>1097.0999755859375</ele></trkpt><trkpt lat="46.04726794688031" lon="7.269388075917959"><ele>1096.5</ele></trkpt><trkpt lat="46.04732806002721" lon="7.269284538924694"><ele>1096.0999755859375</ele></trkpt><trkpt lat="46.047394493594766" lon="7.269196484237909"><ele>1095.5999755859375</ele></trkpt><trkpt lat="46.04746002703905" lon="7.269108432345092"><ele>1095.1999816894531</ele></trkpt><trkpt lat="46.047526460606605" lon="7.2690203776583076"><ele>1094.8999938964844</ele></trkpt><trkpt lat="46.0475794239901" lon="7.268947867210954"><ele>1094.6999816894531</ele></trkpt><trkpt lat="46.04760623630136" lon="7.268832806497812"><ele>1094.5999755859375</ele></trkpt><trkpt lat="46.04759524576366" lon="7.268703653477132"><ele>1094.2999877929688</ele></trkpt><trkpt lat="46.047587929759175" lon="7.268624871969223"><ele>1094.0999755859375</ele></trkpt><trkpt lat="46.04766519041732" lon="7.268558744341135"><ele>1094.0</ele></trkpt><trkpt lat="46.047724484000355" lon="7.2685081753879786"><ele>1094.0</ele></trkpt><trkpt lat="46.047788218129426" lon="7.268420127686113"><ele>1094.0</ele></trkpt><trkpt lat="46.04785554856062" lon="7.2683307765983045"><ele>1093.8999938964844</ele></trkpt><trkpt lat="46.04791928268969" lon="7.268242728896439"><ele>1093.7999877929688</ele></trkpt><trkpt lat="46.048000974114984" lon="7.268132662400603"><ele>1093.7999877929688</ele></trkpt><trkpt lat="46.048052086960524" lon="7.268026567064226"><ele>1093.6999816894531</ele></trkpt><trkpt lat="46.0481031993404" lon="7.267920471727848"><ele>1093.5999755859375</ele></trkpt><trkpt lat="46.048144448548555" lon="7.267835077363998"><ele>1093.6999816894531</ele></trkpt><trkpt lat="46.04818241111934" lon="7.267953811679035"><ele>1094.1999816894531</ele></trkpt><trkpt lat="46.048220369033515" lon="7.268069962505251"><ele>1095.1999816894531</ele></trkpt><trkpt lat="46.048252906650305" lon="7.268170628231019"><ele>1096.0</ele></trkpt><trkpt lat="46.048326551448554" lon="7.268092883285135"><ele>1096.2999877929688</ele></trkpt><trkpt lat="46.048361452296376" lon="7.267973919399083"><ele>1096.2999877929688</ele></trkpt><trkpt lat="46.04839545395225" lon="7.267854958306998"><ele>1096.0999755859375</ele></trkpt><trkpt lat="46.04842945327982" lon="7.267734705470502"><ele>1096.0999755859375</ele></trkpt><trkpt lat="46.04846345447004" lon="7.267615743912756"><ele>1096.0</ele></trkpt><trkpt lat="46.048497455660254" lon="7.2674967823550105"><ele>1096.0</ele></trkpt><trkpt lat="46.048532356508076" lon="7.267377817537636"><ele>1095.7999877929688</ele></trkpt><trkpt lat="46.048566355369985" lon="7.267257563769817"><ele>1095.6999816894531</ele></trkpt><trkpt lat="46.0486021512188" lon="7.267136012669653"><ele>1095.5999755859375</ele></trkpt><trkpt lat="46.048651460092515" lon="7.267027337104082"><ele>1095.5</ele></trkpt><trkpt lat="46.04869986884296" lon="7.266918664332479"><ele>1095.0999755859375</ele></trkpt><trkpt lat="46.048748278059065" lon="7.266809991560876"><ele>1094.3999938964844</ele></trkpt><trkpt lat="46.04879848752171" lon="7.266702604480088"><ele>1093.7999877929688</ele></trkpt><trkpt lat="46.048845996614546" lon="7.266593934036791"><ele>1093.0</ele></trkpt><trkpt lat="46.0488953050226" lon="7.266485257539898"><ele>1092.2999877929688</ele></trkpt><trkpt lat="46.048945512622595" lon="7.266376578249037"><ele>1091.6999816894531</ele></trkpt><trkpt lat="46.04899302124977" lon="7.266267906874418"><ele>1091.0</ele></trkpt><trkpt lat="46.049041429534554" lon="7.2661592327058315"><ele>1090.2999877929688</ele></trkpt><trkpt lat="46.04909253818914" lon="7.266051841899753"><ele>1089.6999816894531</ele></trkpt><trkpt lat="46.04913914715871" lon="7.26594317285344"><ele>1089.0</ele></trkpt><trkpt lat="46.04918486857787" lon="7.265842258464545"><ele>1088.3999938964844</ele></trkpt><trkpt lat="46.049217966385186" lon="7.265722005162388"><ele>1087.6999816894531</ele></trkpt><trkpt lat="46.049239441752434" lon="7.265648297499865"><ele>1087.6999816894531</ele></trkpt><trkpt lat="46.04930883273482" lon="7.265729467384517"><ele>1088.5999755859375</ele></trkpt><trkpt lat="46.04937822371721" lon="7.265810637269169"><ele>1090.0999755859375</ele></trkpt><trkpt lat="46.04948185896501" lon="7.265931747853756"><ele>1091.7999877929688</ele></trkpt><trkpt lat="46.04957182193175" lon="7.265936629846692"><ele>1093.5999755859375</ele></trkpt><trkpt lat="46.049699569586664" lon="7.265943975187838"><ele>1095.1999816894531</ele></trkpt><trkpt lat="46.04978226032108" lon="7.26589978672564"><ele>1096.0999755859375</ele></trkpt><trkpt lat="46.049868549220264" lon="7.26585558662191"><ele>1096.3999938964844</ele></trkpt><trkpt lat="46.049951241351664" lon="7.2658126899041235"><ele>1096.1999816894531</ele></trkpt><trkpt lat="46.05003753025085" lon="7.265768489334732"><ele>1096.0</ele></trkpt><trkpt lat="46.05012112017721" lon="7.265724297147244"><ele>1095.7999877929688</ele></trkpt><trkpt lat="46.05020740861073" lon="7.265680096577853"><ele>1095.6999816894531</ele></trkpt><trkpt lat="46.0502730216831" lon="7.265645005274564"><ele>1095.5999755859375</ele></trkpt><trkpt lat="46.05035750102252" lon="7.265594350174069"><ele>1095.5</ele></trkpt><trkpt lat="46.05043838219717" lon="7.265543706715107"><ele>1095.3999938964844</ele></trkpt><trkpt lat="46.05052106268704" lon="7.265493057202548"><ele>1095.2999877929688</ele></trkpt><trkpt lat="46.05060554202646" lon="7.265442402102053"><ele>1095.2999877929688</ele></trkpt><trkpt lat="46.050686423201114" lon="7.265391758177429"><ele>1095.2999877929688</ele></trkpt><trkpt lat="46.05077000288293" lon="7.265341105405241"><ele>1095.0999755859375</ele></trkpt><trkpt lat="46.05085448222235" lon="7.265290449373424"><ele>1094.5999755859375</ele></trkpt><trkpt lat="46.05097400769591" lon="7.26521642645821"><ele>1093.3999938964844</ele></trkpt><trkpt lat="46.05096751032397" lon="7.265087251085788"><ele>1091.6999816894531</ele></trkpt><trkpt lat="46.05095741664991" lon="7.264959380030632"><ele>1089.8999938964844</ele></trkpt><trkpt lat="46.050948220770806" lon="7.264830213505775"><ele>1087.8999938964844</ele></trkpt><trkpt lat="46.050939925480634" lon="7.264702336397022"><ele>1085.5999755859375</ele></trkpt><trkpt lat="46.050932527985424" lon="7.264573164284229"><ele>1084.0</ele></trkpt><trkpt lat="46.0509224338457" lon="7.264445293229073"><ele>1082.2999877929688</ele></trkpt><trkpt lat="46.050913237035275" lon="7.264316127169877"><ele>1080.0</ele></trkpt><trkpt lat="46.05090033542365" lon="7.26411849912256"><ele>1078.3999938964844</ele></trkpt><trkpt lat="46.05099028348923" lon="7.264114334248006"><ele>1077.2999877929688</ele></trkpt><trkpt lat="46.05108023388311" lon="7.264111461117864"><ele>1076.5</ele></trkpt><trkpt lat="46.05117018241435" lon="7.264107295777649"><ele>1075.7999877929688</ele></trkpt><trkpt lat="46.05126013094559" lon="7.264103130903095"><ele>1075.0</ele></trkpt><trkpt lat="46.05135008133948" lon="7.264100257772952"><ele>1074.2999877929688</ele></trkpt><trkpt lat="46.05144002987072" lon="7.264096092432737"><ele>1073.5999755859375</ele></trkpt><trkpt lat="46.05157495336607" lon="7.264090490527451"><ele>1071.0</ele></trkpt><trkpt lat="46.05165943689644" lon="7.264043706934899"><ele>1065.3999938964844</ele></trkpt><trkpt lat="46.051743023563176" lon="7.263998218812048"><ele>1061.6999816894531</ele></trkpt><trkpt lat="46.0518284086138" lon="7.263951433356851"><ele>1064.5</ele></trkpt><trkpt lat="46.05195244029164" lon="7.263882560189813"><ele>1070.0999755859375</ele></trkpt><trkpt lat="46.051993099506944" lon="7.263997416011989"><ele>1073.5</ele></trkpt><trkpt lat="46.052032861392945" lon="7.264113566372544"><ele>1075.6999816894531</ele></trkpt><trkpt lat="46.05207442026585" lon="7.264228419400752"><ele>1078.1999816894531</ele></trkpt><trkpt lat="46.05211508506909" lon="7.264347151853144"><ele>1080.7999877929688</ele></trkpt><trkpt lat="46.052214136347175" lon="7.264411433134228"><ele>1082.6999816894531</ele></trkpt><trkpt lat="46.052313066553324" lon="7.264398195780814"><ele>1083.3999938964844</ele></trkpt><trkpt lat="46.052329457364976" lon="7.264526050072163"><ele>1084.3999938964844</ele></trkpt><trkpt lat="46.052350430283695" lon="7.264708153437823"><ele>1085.6999816894531</ele></trkpt><trkpt lat="46.05243948334828" lon="7.264706576243043"><ele>1085.8999938964844</ele></trkpt><trkpt lat="46.05252943560481" lon="7.264704995788634"><ele>1085.1999816894531</ele></trkpt><trkpt lat="46.05252943560481" lon="7.264704995788634"><ele>1085.1999816894531</ele></trkpt><trkpt lat="46.05252943560481" lon="7.264704995788634"><ele>1085.1999816894531</ele></trkpt><trkpt lat="46.05261938646436" lon="7.264702123589814"><ele>1084.5999755859375</ele></trkpt><trkpt lat="46.05270933872089" lon="7.264700543135405"><ele>1084.0999755859375</ele></trkpt><trkpt lat="46.05279929144308" lon="7.264698963146657"><ele>1083.7999877929688</ele></trkpt><trkpt lat="46.05288924416527" lon="7.264697382692248"><ele>1083.7999877929688</ele></trkpt><trkpt lat="46.05297919688746" lon="7.2646958027035"><ele>1084.0999755859375</ele></trkpt><trkpt lat="46.05310512939468" lon="7.26469281502068"><ele>1084.5999755859375</ele></trkpt><trkpt lat="46.05319332703948" lon="7.264719665050507"><ele>1085.3999938964844</ele></trkpt><trkpt lat="46.053312125615776" lon="7.264756752643734"><ele>1086.0999755859375</ele></trkpt><trkpt lat="46.053394068498164" lon="7.264810754917562"><ele>1086.7999877929688</ele></trkpt><trkpt lat="46.05344719812274" lon="7.2648467612452805"><ele>1087.1999816894531</ele></trkpt><trkpt lat="46.05335730360821" lon="7.264885809272528"><ele>1087.8999938964844</ele></trkpt><trkpt lat="46.05329898558557" lon="7.264984189067036"><ele>1089.1999816894531</ele></trkpt><trkpt lat="46.05325143830851" lon="7.265067029744387"><ele>1090.8999938964844</ele></trkpt><trkpt lat="46.053238143678755" lon="7.265194981358945"><ele>1093.0999755859375</ele></trkpt><trkpt lat="46.053223113995045" lon="7.265364282764494"><ele>1095.6999816894531</ele></trkpt><trkpt lat="46.053232309408486" lon="7.265493454877287"><ele>1097.8999938964844</ele></trkpt><trkpt lat="46.05324240261689" lon="7.265621331520379"><ele>1099.5999755859375</ele></trkpt><trkpt lat="46.05324980104342" lon="7.265751800965518"><ele>1101.3999938964844</ele></trkpt><trkpt lat="46.05325899226591" lon="7.265878389123827"><ele>1103.6999816894531</ele></trkpt><trkpt lat="46.05326728755608" lon="7.266007564030588"><ele>1106.0999755859375</ele></trkpt><trkpt lat="46.053278325591236" lon="7.266165154520422"><ele>1108.5999755859375</ele></trkpt><trkpt lat="46.053262329194695" lon="7.266291822306812"><ele>1110.8999938964844</ele></trkpt><trkpt lat="46.0532463346608" lon="7.266419782303274"><ele>1113.0</ele></trkpt><trkpt lat="46.05322501016781" lon="7.26659168722108"><ele>1115.2999877929688</ele></trkpt><trkpt lat="46.053186506498605" lon="7.266706798225641"><ele>1117.2999877929688</ele></trkpt><trkpt lat="46.05314530618489" lon="7.266823209356517"><ele>1119.1999816894531</ele></trkpt><trkpt lat="46.05310500320047" lon="7.266938325949013"><ele>1121.0999755859375</ele></trkpt><trkpt lat="46.053066501393914" lon="7.267054728232324"><ele>1123.1999816894531</ele></trkpt><trkpt lat="46.053024399094284" lon="7.267169849947095"><ele>1125.0999755859375</ele></trkpt><trkpt lat="46.05299215996638" lon="7.267264268361032"><ele>1126.5</ele></trkpt><trkpt lat="46.05290219001472" lon="7.267254216130823"><ele>1127.3999938964844</ele></trkpt><trkpt lat="46.052813119255006" lon="7.267244161572307"><ele>1127.7999877929688</ele></trkpt><trkpt lat="46.052723148372024" lon="7.2672341098077595"><ele>1127.6999816894531</ele></trkpt><trkpt lat="46.052633177954704" lon="7.26722405757755"><ele>1127.1999816894531</ele></trkpt><trkpt lat="46.05254410719499" lon="7.267214003019035"><ele>1126.5999755859375</ele></trkpt><trkpt lat="46.05243434244767" lon="7.267201429698616"><ele>1126.6999816894531</ele></trkpt><trkpt lat="46.05242644296959" lon="7.267329361755401"><ele>1128.5999755859375</ele></trkpt><trkpt lat="46.05241852719337" lon="7.267446957994252"><ele>1131.6999816894531</ele></trkpt><trkpt lat="46.05236449558288" lon="7.267408369574696"><ele>1134.3999938964844</ele></trkpt><trkpt lat="46.05236109532416" lon="7.2675375789403915"><ele>1136.5999755859375</ele></trkpt><trkpt lat="46.05235949391499" lon="7.267666783183813"><ele>1138.7999877929688</ele></trkpt><trkpt lat="46.05235699284822" lon="7.267795990221202"><ele>1141.2999877929688</ele></trkpt><trkpt lat="46.05235449178144" lon="7.267925197258592"><ele>1143.6999816894531</ele></trkpt><trkpt lat="46.052352890372276" lon="7.268054401502013"><ele>1146.0999755859375</ele></trkpt><trkpt lat="46.05235038883984" lon="7.268183608073741"><ele>1148.5</ele></trkpt><trkpt lat="46.05234878649935" lon="7.268312812317163"><ele>1151.0999755859375</ele></trkpt><trkpt lat="46.052346284966916" lon="7.268442019354552"><ele>1153.6999816894531</ele></trkpt><trkpt lat="46.05234648194164" lon="7.268571217544377"><ele>1156.1999816894531</ele></trkpt><trkpt lat="46.05234308028594" lon="7.268700427375734"><ele>1158.7999877929688</ele></trkpt><trkpt lat="46.052341477479786" lon="7.268829631619155"><ele>1161.2999877929688</ele></trkpt><trkpt lat="46.052338134497404" lon="7.2689976007677615"><ele>1163.8999938964844</ele></trkpt><trkpt lat="46.05235182214528" lon="7.269125464837998"><ele>1166.5999755859375</ele></trkpt><trkpt lat="46.05236640898511" lon="7.269253326579928"><ele>1169.5</ele></trkpt><trkpt lat="46.05238557700068" lon="7.269436729606241"><ele>1172.3999938964844</ele></trkpt><trkpt lat="46.05238217441365" lon="7.269565939437598"><ele>1175.0</ele></trkpt><trkpt lat="46.052381470333785" lon="7.2696951404213905"><ele>1177.5</ele></trkpt><trkpt lat="46.052378967404366" lon="7.26982434745878"><ele>1179.7999877929688</ele></trkpt><trkpt lat="46.05237736320123" lon="7.269953551702201"><ele>1182.0</ele></trkpt><trkpt lat="46.05237755831331" lon="7.2700827503576875"><ele>1184.3999938964844</ele></trkpt><trkpt lat="46.05237415479496" lon="7.270211959723383"><ele>1187.0</ele></trkpt><trkpt lat="46.05237345024943" lon="7.270341161172837"><ele>1189.2999877929688</ele></trkpt><trkpt lat="46.05237094592303" lon="7.270470367744565"><ele>1191.3999938964844</ele></trkpt><trkpt lat="46.052369341254234" lon="7.270599571987987"><ele>1193.5999755859375</ele></trkpt><trkpt lat="46.05236951634288" lon="7.270715850871056"><ele>1196.0</ele></trkpt><trkpt lat="46.052407471928746" lon="7.270832012407482"><ele>1198.5</ele></trkpt><trkpt lat="46.05244722450152" lon="7.270946877077222"><ele>1200.8999938964844</ele></trkpt><trkpt lat="46.05248787906021" lon="7.271063031163067"><ele>1203.5</ele></trkpt><trkpt lat="46.05252943234518" lon="7.271179182454944"><ele>1205.8999938964844</ele></trkpt><trkpt lat="46.05256738560274" lon="7.271294052712619"><ele>1208.5999755859375</ele></trkpt><trkpt lat="46.05260714003816" lon="7.271410210058093"><ele>1211.8999938964844</ele></trkpt><trkpt lat="46.052649593446404" lon="7.271526359487325"><ele>1216.3999938964844</ele></trkpt><trkpt lat="46.05270200315863" lon="7.271683822385967"><ele>1220.5999755859375</ele></trkpt><trkpt lat="46.05272287968546" lon="7.2718090820126235"><ele>1223.0999755859375</ele></trkpt><trkpt lat="46.05275645805523" lon="7.272006654646248"><ele>1226.6999816894531</ele></trkpt><trkpt lat="46.052839290350676" lon="7.272055496927351"><ele>1230.7999877929688</ele></trkpt><trkpt lat="46.05291041685268" lon="7.272096623200923"><ele>1234.5999755859375</ele></trkpt><trkpt lat="46.052990457974374" lon="7.27208345849067"><ele>1239.0999755859375</ele></trkpt><trkpt lat="46.05305442260578" lon="7.272147862706333"><ele>1243.2999877929688</ele></trkpt><trkpt lat="46.05306540755555" lon="7.272275737952441"><ele>1245.7999877929688</ele></trkpt><trkpt lat="46.053075494710356" lon="7.272404907736927"><ele>1246.8999938964844</ele></trkpt><trkpt lat="46.05309013929218" lon="7.272574115544558"><ele>1248.5</ele></trkpt><trkpt lat="46.05313348816708" lon="7.272688971832395"><ele>1251.0999755859375</ele></trkpt><trkpt lat="46.05317323980853" lon="7.272803839761764"><ele>1257.1999816894531</ele></trkpt><trkpt lat="46.05322742834687" lon="7.272948380094022"><ele>1265.5</ele></trkpt><trkpt lat="46.05332540301606" lon="7.272896401118487"><ele>1268.5</ele></trkpt><trkpt lat="46.053332407958806" lon="7.272767178714275"><ele>1267.5</ele></trkpt><trkpt lat="46.05334205459803" lon="7.27259918814525"><ele>1270.7999877929688</ele></trkpt><trkpt lat="46.053414057940245" lon="7.272624808829278"><ele>1276.6999816894531</ele></trkpt><trkpt lat="46.0534411217086" lon="7.2726764073595405"><ele>1280.3999938964844</ele></trkpt><trkpt lat="46.05346792656928" lon="7.2725535845384"><ele>1283.0999755859375</ele></trkpt><trkpt lat="46.05350546864793" lon="7.272391968406737"><ele>1286.6999816894531</ele></trkpt><trkpt lat="46.05356681114063" lon="7.2725080624222755"><ele>1290.6999816894531</ele></trkpt><trkpt lat="46.05356681114063" lon="7.2725080624222755"><ele>1290.6999816894531</ele></trkpt><trkpt lat="46.05356681114063" lon="7.2725080624222755"><ele>1290.6999816894531</ele></trkpt><trkpt lat="46.05360027309507" lon="7.272628117818385"><ele>1293.2999877929688</ele></trkpt><trkpt lat="46.05363915860653" lon="7.272766245063394"><ele>1295.2999877929688</ele></trkpt><trkpt lat="46.053666145540774" lon="7.272766163107008"><ele>1298.5</ele></trkpt><trkpt lat="46.053710932377726" lon="7.272636824753135"><ele>1303.5999755859375</ele></trkpt><trkpt lat="46.0537739591673" lon="7.272675393614918"><ele>1308.3999938964844</ele></trkpt><trkpt lat="46.05383719597012" lon="7.272856083698571"><ele>1311.3999938964844</ele></trkpt><trkpt lat="46.0538822314702" lon="7.272894707508385"><ele>1315.7999877929688</ele></trkpt><trkpt lat="46.0539631745778" lon="7.2728828326798975"><ele>1321.3999938964844</ele></trkpt><trkpt lat="46.05397197930142" lon="7.272753603756428"><ele>1324.8999938964844</ele></trkpt><trkpt lat="46.053982600104064" lon="7.272635997273028"><ele>1327.5999755859375</ele></trkpt><trkpt lat="46.054043885320425" lon="7.272713332436979"><ele>1332.8999938964844</ele></trkpt><trkpt lat="46.054133898578584" lon="7.2727518188767135"><ele>1339.5999755859375</ele></trkpt><trkpt lat="46.054184433072805" lon="7.272858903743327"><ele>1344.0999755859375</ele></trkpt><trkpt lat="46.054233169183135" lon="7.272967285942286"><ele>1345.5999755859375</ele></trkpt><trkpt lat="46.05428460240364" lon="7.27307436754927"><ele>1347.1999816894531</ele></trkpt><trkpt lat="46.054332439322025" lon="7.273182753007859"><ele>1349.3999938964844</ele></trkpt><trkpt lat="46.0543974111788" lon="7.273320802953094"><ele>1350.6999816894531</ele></trkpt><trkpt lat="46.05447934102267" lon="7.273368359077722"><ele>1353.8999938964844</ele></trkpt><trkpt lat="46.05459548300132" lon="7.273435192648321"><ele>1359.5</ele></trkpt><trkpt lat="46.05466589611024" lon="7.273602944333106"><ele>1365.1999816894531</ele></trkpt><trkpt lat="46.05478297127411" lon="7.273693032097071"><ele>1370.0</ele></trkpt><trkpt lat="46.05478304810822" lon="7.2737447139807045"><ele>1371.6999816894531</ele></trkpt><trkpt lat="46.0548371351324" lon="7.27382207242772"><ele>1372.2999877929688</ele></trkpt><trkpt lat="46.054882131982595" lon="7.273834856692702"><ele>1374.8999938964844</ele></trkpt><trkpt lat="46.054939553607255" lon="7.273732610978186"><ele>1379.5</ele></trkpt><trkpt lat="46.05498261656612" lon="7.273653666023165"><ele>1384.5</ele></trkpt><trkpt lat="46.05505827674642" lon="7.273719331249595"><ele>1390.2999877929688</ele></trkpt><trkpt lat="46.05513393273577" lon="7.273782412987202"><ele>1395.2999877929688</ele></trkpt><trkpt lat="46.05514313932508" lon="7.2739258031360805"><ele>1396.3999938964844</ele></trkpt><trkpt lat="46.05521525349468" lon="7.274027656298131"><ele>1396.0</ele></trkpt><trkpt lat="46.05529718985781" lon="7.27408038219437"><ele>1396.1999816894531</ele></trkpt><trkpt lat="46.055377325974405" lon="7.274131821934134"><ele>1398.3999938964844</ele></trkpt><trkpt lat="46.05551221920177" lon="7.274104280397296"><ele>1403.0</ele></trkpt><trkpt lat="46.05560041312128" lon="7.274129854980856"><ele>1407.0</ele></trkpt><trkpt lat="46.05569040495902" lon="7.274154131766409"><ele>1412.1999816894531</ele></trkpt><trkpt lat="46.0558271962218" lon="7.274193772580475"><ele>1419.0999755859375</ele></trkpt><trkpt lat="46.05590827064589" lon="7.274271051865071"><ele>1424.8999938964844</ele></trkpt><trkpt lat="46.05595305887982" lon="7.2741417097859085"><ele>1429.6999816894531</ele></trkpt><trkpt lat="46.05607009585947" lon="7.274205959402025"><ele>1433.6999816894531</ele></trkpt><trkpt lat="46.0561690274626" lon="7.274192739278078"><ele>1437.6999816894531</ele></trkpt><trkpt lat="46.056152609176934" lon="7.274037740658969"><ele>1442.5999755859375</ele></trkpt><trkpt lat="46.05622355826199" lon="7.273958709556609"><ele>1448.5999755859375</ele></trkpt><trkpt lat="46.05631246417761" lon="7.273856366053224"><ele>1452.6999816894531</ele></trkpt><trkpt lat="46.056331468746066" lon="7.273933832999319"><ele>1453.1999816894531</ele></trkpt><trkpt lat="46.05642056418583" lon="7.273960696998984"><ele>1455.1999816894531</ele></trkpt><trkpt lat="46.05650246003643" lon="7.273984998464584"><ele>1459.1999816894531</ele></trkpt><trkpt lat="46.056456298567355" lon="7.273791326675564"><ele>1463.3999938964844</ele></trkpt><trkpt lat="46.0565100251697" lon="7.273623193148524"><ele>1469.5999755859375</ele></trkpt><trkpt lat="46.05656394176185" lon="7.273584267124534"><ele>1475.1999816894531</ele></trkpt><trkpt lat="46.05650891922414" lon="7.273482360411435"><ele>1477.1999816894531</ele></trkpt><trkpt lat="46.056453896686435" lon="7.273380453232676"><ele>1479.5</ele></trkpt><trkpt lat="46.05639887647703" lon="7.27327983872965"><ele>1482.7999877929688</ele></trkpt><trkpt lat="46.05634295055643" lon="7.273175351321697"><ele>1486.5</ele></trkpt><trkpt lat="46.05625725956634" lon="7.273016687482595"><ele>1491.0999755859375</ele></trkpt><trkpt lat="46.056346284691244" lon="7.272995742969215"><ele>1495.0</ele></trkpt><trkpt lat="46.05641912203282" lon="7.272977431770414"><ele>1497.5999755859375</ele></trkpt><trkpt lat="46.05650643538684" lon="7.273015927989036"><ele>1499.3999938964844</ele></trkpt><trkpt lat="46.05656314548105" lon="7.273041597101837"><ele>1501.5</ele></trkpt><trkpt lat="46.05660798959434" lon="7.272951014339924"><ele>1504.5</ele></trkpt><trkpt lat="46.056562955491245" lon="7.272912389598787"><ele>1507.2999877929688</ele></trkpt><trkpt lat="46.05657361680642" lon="7.272821911610663"><ele>1510.1999816894531</ele></trkpt><trkpt lat="46.05665733665228" lon="7.272863002959639"><ele>1513.6999816894531</ele></trkpt><trkpt lat="46.05673565156758" lon="7.2728989431634545"><ele>1517.3999938964844</ele></trkpt><trkpt lat="46.056808626279235" lon="7.272973661776632"><ele>1519.8999938964844</ele></trkpt><trkpt lat="46.05685998080298" lon="7.273027773480862"><ele>1521.5</ele></trkpt><trkpt lat="46.05692465323955" lon="7.272962971590459"><ele>1525.3999938964844</ele></trkpt><trkpt lat="46.056897514965385" lon="7.2728596879169345"><ele>1530.5</ele></trkpt><trkpt lat="46.05692343041301" lon="7.27274332055822"><ele>1535.1999816894531</ele></trkpt><trkpt lat="46.05695839878172" lon="7.272665688302368"><ele>1538.5999755859375</ele></trkpt><trkpt lat="46.05701246764511" lon="7.272730128373951"><ele>1540.0999755859375</ele></trkpt><trkpt lat="46.05703943502158" lon="7.272717125248164"><ele>1542.2999877929688</ele></trkpt><trkpt lat="46.05705543840304" lon="7.272589159198105"><ele>1547.0</ele></trkpt><trkpt lat="46.057066078763455" lon="7.272484467364848"><ele>1552.3999938964844</ele></trkpt><trkpt lat="46.05704060429707" lon="7.27229073131457"><ele>1556.1999816894531</ele></trkpt><trkpt lat="46.05696313967928" lon="7.27222119551152"><ele>1557.3999938964844</ele></trkpt><trkpt lat="46.05691449530423" lon="7.272174829617143"><ele>1558.5999755859375</ele></trkpt><trkpt lat="46.05690446635708" lon="7.272084414027631"><ele>1561.6999816894531</ele></trkpt><trkpt lat="46.05694041028619" lon="7.272058462258428"><ele>1564.2999877929688</ele></trkpt><trkpt lat="46.057028610724956" lon="7.272087910212576"><ele>1566.3999938964844</ele></trkpt><trkpt lat="46.05711501184851" lon="7.27211736375466"><ele>1569.2999877929688</ele></trkpt><trkpt lat="46.05720231262967" lon="7.272146814502776"><ele>1572.5</ele></trkpt><trkpt lat="46.057282413356006" lon="7.27217370364815"><ele>1576.2999877929688</ele></trkpt><trkpt lat="46.057416369672865" lon="7.272121609188616"><ele>1580.5</ele></trkpt><trkpt lat="46.057506459765136" lon="7.272211780771613"><ele>1583.5999755859375</ele></trkpt><trkpt lat="46.05761434789747" lon="7.2721726866438985"><ele>1586.1999816894531</ele></trkpt><trkpt lat="46.0576683790423" lon="7.272211284842342"><ele>1589.5999755859375</ele></trkpt><trkpt lat="46.0577311180532" lon="7.2720560394227505"><ele>1594.5</ele></trkpt><trkpt lat="46.05773092666641" lon="7.2719268295913935"><ele>1600.0999755859375</ele></trkpt><trkpt lat="46.05773251503706" lon="7.271784693002701"><ele>1606.1999816894531</ele></trkpt><trkpt lat="46.05786649324" lon="7.271746810525656"><ele>1612.8999938964844</ele></trkpt><trkpt lat="46.05793563229963" lon="7.271661318838596"><ele>1618.1999816894531</ele></trkpt><trkpt lat="46.058000274933875" lon="7.2715771328657866"><ele>1622.0</ele></trkpt><trkpt lat="46.05801843991503" lon="7.271693367976695"><ele>1625.2999877929688</ele></trkpt><trkpt lat="46.05809141974896" lon="7.271770671475679"><ele>1629.0999755859375</ele></trkpt><trkpt lat="46.058171443641186" lon="7.271745875943452"><ele>1633.1999816894531</ele></trkpt><trkpt lat="46.058171443641186" lon="7.271745875943452"><ele>1633.1999816894531</ele></trkpt><trkpt lat="46.058171443641186" lon="7.271745875943452"><ele>1633.1999816894531</ele></trkpt><trkpt lat="46.05821745377034" lon="7.271834891755134"><ele>1637.5</ele></trkpt><trkpt lat="46.058305656537414" lon="7.2718656323850155"><ele>1642.5</ele></trkpt><trkpt lat="46.05836146045476" lon="7.271886135451496"><ele>1646.8999938964844</ele></trkpt><trkpt lat="46.05841645039618" lon="7.271964787039906"><ele>1649.5</ele></trkpt><trkpt lat="46.05839859275147" lon="7.2720539988949895"><ele>1651.1999816894531</ele></trkpt><trkpt lat="46.05845720553771" lon="7.272149437107146"><ele>1652.6999816894531</ele></trkpt><trkpt lat="46.05851941835135" lon="7.272246155887842"><ele>1652.6999816894531</ele></trkpt><trkpt lat="46.05855909641832" lon="7.272311933338642"><ele>1652.0</ele></trkpt><trkpt lat="46.05864905519411" lon="7.272314242087305"><ele>1653.2999877929688</ele></trkpt><trkpt lat="46.05873901583254" lon="7.272317843046039"><ele>1655.3999938964844</ele></trkpt><trkpt lat="46.05882897460833" lon="7.272320151794702"><ele>1657.0</ele></trkpt><trkpt lat="46.05893692653626" lon="7.272323697805405"><ele>1659.2999877929688</ele></trkpt><trkpt lat="46.05899615352973" lon="7.272226606030017"><ele>1663.0999755859375</ele></trkpt><trkpt lat="46.05906345881522" lon="7.272117859683931"><ele>1667.3999938964844</ele></trkpt><trkpt lat="46.05910941166803" lon="7.272168113384396"><ele>1671.8999938964844</ele></trkpt><trkpt lat="46.05920637352392" lon="7.272039894014597"><ele>1677.5999755859375</ele></trkpt><trkpt lat="46.05929546430707" lon="7.272062879987061"><ele>1682.1999816894531</ele></trkpt><trkpt lat="46.0593503578566" lon="7.272076925262809"><ele>1684.2999877929688</ele></trkpt><trkpt lat="46.05943304579705" lon="7.272028862033039"><ele>1686.1999816894531</ele></trkpt><trkpt lat="46.05951842805371" lon="7.271978206466883"><ele>1689.1999816894531</ele></trkpt><trkpt lat="46.05961099779233" lon="7.271921067498624"><ele>1693.0</ele></trkpt><trkpt lat="46.05962340161204" lon="7.271793106105179"><ele>1697.5999755859375</ele></trkpt><trkpt lat="46.05963848112151" lon="7.271649630740285"><ele>1701.7999877929688</ele></trkpt><trkpt lat="46.05970943020657" lon="7.271571883466095"><ele>1706.0</ele></trkpt><trkpt lat="46.059782180935144" lon="7.27149542234838"><ele>1710.5</ele></trkpt><trkpt lat="46.05988007597625" lon="7.271390456240624"><ele>1713.8999938964844</ele></trkpt><trkpt lat="46.05993389431387" lon="7.271286916919053"><ele>1715.2999877929688</ele></trkpt><trkpt lat="46.059989511966705" lon="7.271183372475207"><ele>1716.5999755859375</ele></trkpt><trkpt lat="46.0600622696802" lon="7.2711120788007975"><ele>1718.8999938964844</ele></trkpt><trkpt lat="46.060122452676296" lon="7.271053745876998"><ele>1720.8999938964844</ele></trkpt><trkpt lat="46.060190945863724" lon="7.271138818003237"><ele>1722.3999938964844</ele></trkpt><trkpt lat="46.06025943951681" lon="7.271223890129477"><ele>1724.6999816894531</ele></trkpt><trkpt lat="46.06032252078876" lon="7.271298642270267"><ele>1728.5999755859375</ele></trkpt><trkpt lat="46.06041253404692" lon="7.271337131038308"><ele>1733.2999877929688</ele></trkpt><trkpt lat="46.06047554174438" lon="7.271362781058997"><ele>1737.3999938964844</ele></trkpt><trkpt lat="46.06055644387379" lon="7.271323766559362"><ele>1741.0999755859375</ele></trkpt><trkpt lat="46.060627394821495" lon="7.271247309632599"><ele>1744.8999938964844</ele></trkpt><trkpt lat="46.06068936595693" lon="7.2711812178604305"><ele>1749.1999816894531</ele></trkpt><trkpt lat="46.06078835576773" lon="7.271206756588072"><ele>1753.3999938964844</ele></trkpt><trkpt lat="46.06076248176396" lon="7.271348977461457"><ele>1756.7999877929688</ele></trkpt><trkpt lat="46.060861453879625" lon="7.271362886764109"><ele>1760.7999877929688</ele></trkpt><trkpt lat="46.06093691429123" lon="7.27129416866228"><ele>1765.0999755859375</ele></trkpt><trkpt lat="46.06101327436045" lon="7.271225447766483"><ele>1768.6999816894531</ele></trkpt><trkpt lat="46.06109143514186" lon="7.271158013027161"><ele>1772.0</ele></trkpt><trkpt lat="46.06116869812831" lon="7.271091872826219"><ele>1774.6999816894531</ele></trkpt><trkpt lat="46.06124325841665" lon="7.2710231565870345"><ele>1776.7999877929688</ele></trkpt><trkpt lat="46.06132141686976" lon="7.270954428706318"><ele>1777.8999938964844</ele></trkpt><trkpt lat="46.06139867706224" lon="7.2708869953639805"><ele>1777.5</ele></trkpt><trkpt lat="46.06147324107587" lon="7.270820862613618"><ele>1777.7999877929688</ele></trkpt><trkpt lat="46.061534326989204" lon="7.27076510945335"><ele>1779.5</ele></trkpt><trkpt lat="46.061497622635216" lon="7.2708828137256205"><ele>1782.2999877929688</ele></trkpt><trkpt lat="46.061457317788154" lon="7.270999237429351"><ele>1786.5</ele></trkpt><trkpt lat="46.06142061110586" lon="7.2711156494915485"><ele>1790.1999816894531</ele></trkpt><trkpt lat="46.06136419111863" lon="7.271283810026944"><ele>1792.8999938964844</ele></trkpt><trkpt lat="46.06140918657184" lon="7.271295301150531"><ele>1795.0</ele></trkpt><trkpt lat="46.06147742876783" lon="7.271212390158325"><ele>1796.3999938964844</ele></trkpt><trkpt lat="46.061581591144204" lon="7.27108801715076"><ele>1799.0</ele></trkpt><trkpt lat="46.06166253145784" lon="7.271074845921248"><ele>1801.8999938964844</ele></trkpt><trkpt lat="46.06166247371584" lon="7.27103607961908"><ele>1801.8999938964844</ele></trkpt><trkpt lat="46.061603252310306" lon="7.27113576233387"><ele>1801.0</ele></trkpt><trkpt lat="46.061548528727144" lon="7.271235431078821"><ele>1801.1999816894531</ele></trkpt><trkpt lat="46.06149020511657" lon="7.2713338187895715"><ele>1802.1999816894531</ele></trkpt><trkpt lat="46.061463402118534" lon="7.271456660702825"><ele>1804.2999877929688</ele></trkpt><trkpt lat="46.06143840076402" lon="7.271580789703876"><ele>1807.3999938964844</ele></trkpt><trkpt lat="46.06145927589387" lon="7.271704777609557"><ele>1811.5</ele></trkpt><trkpt lat="46.06148194428533" lon="7.271824883297086"><ele>1815.5</ele></trkpt><trkpt lat="46.06152694160119" lon="7.2718376675620675"><ele>1818.5999755859375</ele></trkpt><trkpt lat="46.061574454419315" lon="7.271727684419602"><ele>1821.0999755859375</ele></trkpt><trkpt lat="46.061626445967704" lon="7.271604765206575"><ele>1823.6999816894531</ele></trkpt><trkpt lat="46.061742352787405" lon="7.271513954270631"><ele>1826.6999816894531</ele></trkpt><trkpt lat="46.06179640349001" lon="7.271565476432443"><ele>1829.3999938964844</ele></trkpt><trkpt lat="46.06178759923205" lon="7.271693432703614"><ele>1831.0999755859375</ele></trkpt><trkpt lat="46.06178053980693" lon="7.2717852015048265"><ele>1833.0</ele></trkpt><trkpt lat="46.06181040825322" lon="7.271907870192081"><ele>1835.0</ele></trkpt><trkpt lat="46.0618393747136" lon="7.27202924946323"><ele>1837.3999938964844</ele></trkpt><trkpt lat="46.06186924315989" lon="7.272151918150485"><ele>1840.0</ele></trkpt><trkpt lat="46.061887342017144" lon="7.2722242269665"><ele>1842.5999755859375</ele></trkpt><trkpt lat="46.06196211092174" lon="7.272295069880784"><ele>1846.3999938964844</ele></trkpt><trkpt lat="46.062049492262304" lon="7.272378796711564"><ele>1849.8999938964844</ele></trkpt><trkpt lat="46.06213945709169" lon="7.272384982556105"><ele>1852.7999877929688</ele></trkpt><trkpt lat="46.062220426276326" lon="7.2723911963403225"><ele>1855.5999755859375</ele></trkpt><trkpt lat="46.06230415357277" lon="7.2724374597892165"><ele>1857.5</ele></trkpt><trkpt lat="46.062409485224634" lon="7.272493995260447"><ele>1858.3999938964844</ele></trkpt><trkpt lat="46.0624994575046" lon="7.272505349945277"><ele>1859.5</ele></trkpt><trkpt lat="46.06258942792192" lon="7.272515412885696"><ele>1861.3999938964844</ele></trkpt><trkpt lat="46.06267940066755" lon="7.272526767570525"><ele>1863.7999877929688</ele></trkpt><trkpt lat="46.06276847328991" lon="7.272538125514984"><ele>1866.1999816894531</ele></trkpt><trkpt lat="46.06282335566357" lon="7.272544418927282"><ele>1868.1999816894531</ele></trkpt><trkpt lat="46.06285920413211" lon="7.272453853394836"><ele>1870.8999938964844</ele></trkpt><trkpt lat="46.06281316280365" lon="7.272342862561345"><ele>1873.7999877929688</ele></trkpt><trkpt lat="46.06276892405003" lon="7.272234450560063"><ele>1876.5999755859375</ele></trkpt><trkpt lat="46.06269864458591" lon="7.27215713262558"><ele>1878.8999938964844</ele></trkpt><trkpt lat="46.06262656580657" lon="7.272079820279032"><ele>1881.1999816894531</ele></trkpt><trkpt lat="46.062554489355534" lon="7.272003800608218"><ele>1884.0</ele></trkpt><trkpt lat="46.06256241071969" lon="7.271886183414608"><ele>1886.7999877929688</ele></trkpt><trkpt lat="46.06264961557463" lon="7.2718510259874165"><ele>1889.7999877929688</ele></trkpt><trkpt lat="46.06275030178949" lon="7.271808073390275"><ele>1893.3999938964844</ele></trkpt><trkpt lat="46.062813099473715" lon="7.271692871581763"><ele>1896.0</ele></trkpt><trkpt lat="46.062813099473715" lon="7.271692871581763"><ele>1896.0</ele></trkpt><trkpt lat="46.062813099473715" lon="7.271692871581763"><ele>1896.0</ele></trkpt><trkpt lat="46.062786132562906" lon="7.271705877035856"><ele>1897.2999877929688</ele></trkpt><trkpt lat="46.06286519858986" lon="7.2716423147358"><ele>1899.6999816894531</ele></trkpt><trkpt lat="46.062967628240585" lon="7.271561881527305"><ele>1904.6999816894531</ele></trkpt><trkpt lat="46.0631025810726" lon="7.271574389189482"><ele>1911.5</ele></trkpt><trkpt lat="46.06322844186798" lon="7.271522312890738"><ele>1917.3999938964844</ele></trkpt><trkpt lat="46.06329848943278" lon="7.271443270612508"><ele>1920.8999938964844</ele></trkpt><trkpt lat="46.063369436655194" lon="7.27136422554031"><ele>1923.0999755859375</ele></trkpt><trkpt lat="46.063440383411944" lon="7.27128517953679"><ele>1924.8999938964844</ele></trkpt><trkpt lat="46.063496064860374" lon="7.271224272437394"><ele>1926.6999816894531</ele></trkpt><trkpt lat="46.06358327670023" lon="7.271194281987846"><ele>1928.6999816894531</ele></trkpt><trkpt lat="46.06372263561934" lon="7.271146038547158"><ele>1931.0999755859375</ele></trkpt><trkpt lat="46.0638125911355" lon="7.271145761478692"><ele>1934.5999755859375</ele></trkpt><trkpt lat="46.06394752394408" lon="7.271145345643163"><ele>1938.6999816894531</ele></trkpt><trkpt lat="46.06403742125258" lon="7.2711063008755445"><ele>1941.5999755859375</ele></trkpt><trkpt lat="46.064120112452656" lon="7.271060816477984"><ele>1943.7999877929688</ele></trkpt><trkpt lat="46.0642064018175" lon="7.271015320904553"><ele>1946.6999816894531</ele></trkpt><trkpt lat="46.06428456213325" lon="7.27094788197428"><ele>1948.8999938964844</ele></trkpt><trkpt lat="46.064360023941845" lon="7.270880450960249"><ele>1950.7999877929688</ele></trkpt><trkpt lat="46.06445794738829" lon="7.270794858690351"><ele>1954.0</ele></trkpt><trkpt lat="46.06459460174665" lon="7.270742745138705"><ele>1957.0</ele></trkpt><trkpt lat="46.06468100147322" lon="7.270770908333361"><ele>1958.6999816894531</ele></trkpt><trkpt lat="46.064768300391734" lon="7.27079906873405"><ele>1959.7999877929688</ele></trkpt><trkpt lat="46.064856498967856" lon="7.270827226340771"><ele>1961.1999816894531</ele></trkpt><trkpt lat="46.064945597201586" lon="7.270855381619185"><ele>1963.7999877929688</ele></trkpt><trkpt lat="46.0650319987908" lon="7.270884837489575"><ele>1967.2999877929688</ele></trkpt><trkpt lat="46.06511929817498" lon="7.270912998355925"><ele>1970.5999755859375</ele></trkpt><trkpt lat="46.06520749721676" lon="7.270941156893969"><ele>1973.7999877929688</ele></trkpt><trkpt lat="46.06529659545049" lon="7.270969312172383"><ele>1977.0</ele></trkpt><trkpt lat="46.06538299517706" lon="7.270997476298362"><ele>1979.7999877929688</ele></trkpt><trkpt lat="46.06546759372577" lon="7.271024353336543"><ele>1982.6999816894531</ele></trkpt><trkpt lat="46.06555754132569" lon="7.2710189069621265"><ele>1986.0999755859375</ele></trkpt><trkpt lat="46.065647488925606" lon="7.27101346058771"><ele>1989.2999877929688</ele></trkpt><trkpt lat="46.065737436525524" lon="7.2710080137476325"><ele>1991.7999877929688</ele></trkpt><trkpt lat="46.06582648633048" lon="7.271003862377256"><ele>1994.6999816894531</ele></trkpt><trkpt lat="46.0659254277125" lon="7.270997095387429"><ele>1997.8999938964844</ele></trkpt><trkpt lat="46.06601004768163" lon="7.27103818859905"><ele>2001.2999877929688</ele></trkpt><trkpt lat="46.06609646510333" lon="7.271077984012663"><ele>2005.2999877929688</ele></trkpt><trkpt lat="46.06618108507246" lon="7.271119077224284"><ele>2009.3999938964844</ele></trkpt><trkpt lat="46.066267502494156" lon="7.271158872637898"><ele>2013.8999938964844</ele></trkpt><trkpt lat="46.06635842518881" lon="7.271203823853284"><ele>2018.2999877929688</ele></trkpt><trkpt lat="46.06643844489008" lon="7.271176438778639"><ele>2022.0999755859375</ele></trkpt><trkpt lat="46.066511425189674" lon="7.271253753453493"><ele>2026.1999816894531</ele></trkpt><trkpt lat="46.066599620040506" lon="7.271279328502715"><ele>2030.3999938964844</ele></trkpt><trkpt lat="46.06669141352177" lon="7.2713048928417265"><ele>2034.0999755859375</ele></trkpt><trkpt lat="46.06678045773879" lon="7.271296864841133"><ele>2037.3999938964844</ele></trkpt><trkpt lat="46.06686949590221" lon="7.271284959279001"><ele>2040.1999816894531</ele></trkpt><trkpt lat="46.0669324551709" lon="7.271278304047883"><ele>2042.6999816894531</ele></trkpt><trkpt lat="46.06696941424161" lon="7.2713298834860325"><ele>2045.1999816894531</ele></trkpt><trkpt lat="46.06696145422757" lon="7.271420371718705"><ele>2048.0</ele></trkpt><trkpt lat="46.067069477867335" lon="7.271471732761711"><ele>2051.2999877929688</ele></trkpt><trkpt lat="46.06715943291783" lon="7.271471456158906"><ele>2054.699981689453</ele></trkpt><trkpt lat="46.067248488776386" lon="7.271471182350069"><ele>2058.0999755859375</ele></trkpt><trkpt lat="46.067338444292545" lon="7.271470905747265"><ele>2061.5</ele></trkpt><trkpt lat="46.06742840167135" lon="7.271471921354532"><ele>2065.0</ele></trkpt><trkpt lat="46.06751745566726" lon="7.271470355335623"><ele>2068.3999938964844</ele></trkpt><trkpt lat="46.06760741118342" lon="7.271470078732818"><ele>2072.199981689453</ele></trkpt><trkpt lat="46.067697366699576" lon="7.271469802130014"><ele>2076.0</ele></trkpt><trkpt lat="46.067769333254546" lon="7.2714708731509745"><ele>2079.3999938964844</ele></trkpt><trkpt lat="46.0678575434722" lon="7.271506787743419"><ele>2082.3999938964844</ele></trkpt><trkpt lat="46.06794215552509" lon="7.271542713511735"><ele>2084.8999938964844</ele></trkpt><trkpt lat="46.06802946794778" lon="7.271579923573881"><ele>2087.199981689453</ele></trkpt><trkpt lat="46.06812938535586" lon="7.271624848712236"><ele>2089.0999755859375</ele></trkpt><trkpt lat="46.068219328764826" lon="7.271616817917675"><ele>2090.3999938964844</ele></trkpt><trkpt lat="46.0683092745021" lon="7.271610079333186"><ele>2092.0</ele></trkpt><trkpt lat="46.06839922023937" lon="7.271603341214359"><ele>2094.699981689453</ele></trkpt><trkpt lat="46.068498163018376" lon="7.271597867831588"><ele>2097.699981689453</ele></trkpt><trkpt lat="46.068578307982534" lon="7.271654485724866"><ele>2100.2999877929688</ele></trkpt><trkpt lat="46.0686593526043" lon="7.271711100824177"><ele>2102.699981689453</ele></trkpt><trkpt lat="46.06873229565099" lon="7.271763864438981"><ele>2105.199981689453</ele></trkpt><trkpt lat="46.06881768349558" lon="7.271717076189816"><ele>2106.8999938964844</ele></trkpt><trkpt lat="46.06889407988638" lon="7.271672900766134"><ele>2107.7999877929688</ele></trkpt><trkpt lat="46.06898402329534" lon="7.271664869971573"><ele>2108.8999938964844</ele></trkpt><trkpt lat="46.069073968566954" lon="7.271658131387085"><ele>2110.699981689453</ele></trkpt><trkpt lat="46.06921068299562" lon="7.271646079141647"><ele>2112.2999877929688</ele></trkpt><trkpt lat="46.06929441401735" lon="7.271694932598621"><ele>2112.0</ele></trkpt><trkpt lat="46.06937634199858" lon="7.271741206292063"><ele>2110.3999938964844</ele></trkpt><trkpt lat="46.069460071157664" lon="7.2717887670733035"><ele>2109.0999755859375</ele></trkpt><trkpt lat="46.06956901028752" lon="7.271851758938283"><ele>2107.699981689453</ele></trkpt><trkpt lat="46.06965712318197" lon="7.271823055110872"><ele>2105.699981689453</ele></trkpt><trkpt lat="46.06973265251145" lon="7.271800852380693"><ele>2104.699981689453</ele></trkpt><trkpt lat="46.06981459213421" lon="7.271854881197214"><ele>2104.8999938964844</ele></trkpt><trkpt lat="46.06989652803168" lon="7.271906325593591"><ele>2105.2999877929688</ele></trkpt><trkpt lat="46.06997846765444" lon="7.271960354410112"><ele>2105.5999755859375</ele></trkpt><trkpt lat="46.07006040541455" lon="7.272013091482222"><ele>2105.7999877929688</ele></trkpt><trkpt lat="46.070141445845366" lon="7.2720671240240335"><ele>2105.8999938964844</ele></trkpt><trkpt lat="46.07022248394787" lon="7.2721198638901114"><ele>2105.7999877929688</ele></trkpt><trkpt lat="46.07030442310497" lon="7.272173893637955"><ele>2105.699981689453</ele></trkpt><trkpt lat="46.07038636272773" lon="7.27222792385146"><ele>2105.8999938964844</ele></trkpt><trkpt lat="46.07046019891277" lon="7.272276809439063"><ele>2106.0</ele></trkpt><trkpt lat="46.07054839283228" lon="7.272302387282252"><ele>2105.8999938964844</ele></trkpt><trkpt lat="46.07063748827204" lon="7.272329255007207"><ele>2105.7999877929688</ele></trkpt><trkpt lat="46.07072568265721" lon="7.272354832850397"><ele>2105.699981689453</ele></trkpt><trkpt lat="46.07081207912415" lon="7.272381708957255"><ele>2105.699981689453</ele></trkpt><trkpt lat="46.07081207912415" lon="7.272381708957255"><ele>2105.699981689453</ele></trkpt><trkpt lat="46.07081207912415" lon="7.272381708957255"><ele>2105.699981689453</ele></trkpt><trkpt lat="46.070900277234614" lon="7.272409872151911"><ele>2105.7999877929688</ele></trkpt><trkpt lat="46.070988471619785" lon="7.272435450460762"><ele>2106.3999938964844</ele></trkpt><trkpt lat="46.071054169442505" lon="7.272455928381532"><ele>2107.0999755859375</ele></trkpt><trkpt lat="46.07113610487431" lon="7.272507374640554"><ele>2107.5</ele></trkpt><trkpt lat="46.07123424950987" lon="7.272570403758436"><ele>2108.0</ele></trkpt><trkpt lat="46.07132420456037" lon="7.272570128552616"><ele>2108.2999877929688</ele></trkpt><trkpt lat="46.07146813208237" lon="7.272569688037038"><ele>2108.5</ele></trkpt><trkpt lat="46.07155006984249" lon="7.272622426971793"><ele>2108.3999938964844</ele></trkpt><trkpt lat="46.071648214012384" lon="7.272685456555337"><ele>2108.0999755859375</ele></trkpt><trkpt lat="46.07171939732507" lon="7.272765370551497"><ele>2108.2999877929688</ele></trkpt><trkpt lat="46.0717914798297" lon="7.27284528221935"><ele>2108.8999938964844</ele></trkpt><trkpt lat="46.07186266314238" lon="7.272925196681172"><ele>2109.5999755859375</ele></trkpt><trkpt lat="46.071931147016585" lon="7.273005119524896"><ele>2110.0999755859375</ele></trkpt><trkpt lat="46.07200232986361" lon="7.2730850339867175"><ele>2110.2999877929688</ele></trkpt><trkpt lat="46.07207441236824" lon="7.273164946120232"><ele>2109.7999877929688</ele></trkpt><trkpt lat="46.07211856264621" lon="7.273213924840093"><ele>2110.0999755859375</ele></trkpt><trkpt lat="46.072217570617795" lon="7.2732523968443274"><ele>2111.2999877929688</ele></trkpt><trkpt lat="46.07230297988281" lon="7.273219825234264"><ele>2112.0</ele></trkpt><trkpt lat="46.07239018846303" lon="7.273187247570604"><ele>2112.0999755859375</ele></trkpt><trkpt lat="46.07245941553265" lon="7.273161187302321"><ele>2111.8999938964844</ele></trkpt><trkpt lat="46.07254847837612" lon="7.273166085593402"><ele>2111.7999877929688</ele></trkpt><trkpt lat="46.072638442739844" lon="7.273172273766249"><ele>2111.7999877929688</ele></trkpt><trkpt lat="46.07272840524092" lon="7.273177169263363"><ele>2111.699981689453</ele></trkpt><trkpt lat="46.072863350622356" lon="7.273185804951936"><ele>2111.5999755859375</ele></trkpt><trkpt lat="46.07295066816732" lon="7.273226897697896"><ele>2111.5</ele></trkpt><trkpt lat="46.073034385219216" lon="7.273266709409654"><ele>2111.5999755859375</ele></trkpt><trkpt lat="46.07312170229852" lon="7.273307802621275"><ele>2111.699981689453</ele></trkpt><trkpt lat="46.073241429869086" lon="7.2733668917790055"><ele>2111.699981689453</ele></trkpt><trkpt lat="46.07331619551405" lon="7.2734364583157"><ele>2111.699981689453</ele></trkpt><trkpt lat="46.07339276606217" lon="7.273509896825999"><ele>2112.199981689453</ele></trkpt><trkpt lat="46.073468430899084" lon="7.273579461034387"><ele>2113.0999755859375</ele></trkpt><trkpt lat="46.07351347338408" lon="7.273623268585652"><ele>2114.5999755859375</ele></trkpt><trkpt lat="46.07359464233741" lon="7.273765196092427"><ele>2116.2999877929688</ele></trkpt><trkpt lat="46.07368104113266" lon="7.273793368600309"><ele>2117.8999938964844</ele></trkpt><trkpt lat="46.07376834144816" lon="7.273822830989957"><ele>2120.0999755859375</ele></trkpt><trkpt lat="46.073873636778444" lon="7.27385482378304"><ele>2123.199981689453</ele></trkpt><trkpt lat="46.07393673900515" lon="7.273945107590407"><ele>2126.0</ele></trkpt><trkpt lat="46.07401852030307" lon="7.273891867138445"><ele>2127.8999938964844</ele></trkpt><trkpt lat="46.0740715386346" lon="7.273854223545641"><ele>2129.2999877929688</ele></trkpt><trkpt lat="46.07410753984004" lon="7.27386703947559"><ele>2130.8999938964844</ele></trkpt><trkpt lat="46.074168572667986" lon="7.273773794062436"><ele>2132.699981689453</ele></trkpt><trkpt lat="46.074222416616976" lon="7.273685740772635"><ele>2134.8999938964844</ele></trkpt><trkpt lat="46.07431149529293" lon="7.273700980003923"><ele>2137.2999877929688</ele></trkpt><trkpt lat="46.07436638325453" lon="7.273711153771728"><ele>2140.0</ele></trkpt><trkpt lat="46.07444749539718" lon="7.2738143084570765"><ele>2143.199981689453</ele></trkpt><trkpt lat="46.074533014092594" lon="7.2738554095849395"><ele>2146.5999755859375</ele></trkpt><trkpt lat="46.07463743444532" lon="7.273904208559543"><ele>2150.0</ele></trkpt><trkpt lat="46.07465647999197" lon="7.274008844979107"><ele>2153.5999755859375</ele></trkpt><trkpt lat="46.0747555620037" lon="7.2740977285429835"><ele>2157.0999755859375</ele></trkpt><trkpt lat="46.07484464067966" lon="7.2741129687055945"><ele>2160.0</ele></trkpt><trkpt lat="46.07493372261524" lon="7.274130794219673"><ele>2162.3999938964844</ele></trkpt><trkpt lat="46.07502369908616" lon="7.274144739378244"><ele>2164.2999877929688</ele></trkpt><trkpt lat="46.075110979843885" lon="7.274161277804524"><ele>2165.5999755859375</ele></trkpt><trkpt lat="46.075187460985035" lon="7.274173971731216"><ele>2166.8999938964844</ele></trkpt><trkpt lat="46.07527028210461" lon="7.274216373916715"><ele>2168.0999755859375</ele></trkpt><trkpt lat="46.0753675037995" lon="7.274263903032988"><ele>2168.5</ele></trkpt><trkpt lat="46.07542521879077" lon="7.274361961055547"><ele>2168.0</ele></trkpt><trkpt lat="46.075485630426556" lon="7.274458718020469"><ele>2167.5999755859375</ele></trkpt><trkpt lat="46.07554334402084" lon="7.274555483832955"><ele>2168.7999877929688</ele></trkpt><trkpt lat="46.07560917036608" lon="7.274663858115673"><ele>2171.199981689453</ele></trkpt><trkpt lat="46.075686634052545" lon="7.274733421392739"><ele>2172.3999938964844</ele></trkpt><trkpt lat="46.075761400628835" lon="7.27480428526178"><ele>2172.699981689453</ele></trkpt><trkpt lat="46.07583616580814" lon="7.274873856920749"><ele>2174.5</ele></trkpt><trkpt lat="46.07594245811924" lon="7.27497306233272"><ele>2176.8999938964844</ele></trkpt><trkpt lat="46.07602604664862" lon="7.274924986064434"><ele>2177.7999877929688</ele></trkpt><trkpt lat="46.07607727730647" lon="7.274895103182644"><ele>2177.8999938964844</ele></trkpt><trkpt lat="46.07616630848497" lon="7.274878031108528"><ele>2178.8999938964844</ele></trkpt><trkpt lat="46.07628411753103" lon="7.274855702184141"><ele>2180.199981689453</ele></trkpt><trkpt lat="46.076360480859876" lon="7.274788259062916"><ele>2180.699981689453</ele></trkpt><trkpt lat="46.07643954269588" lon="7.274720807094127"><ele>2181.0999755859375</ele></trkpt><trkpt lat="46.07649254798889" lon="7.274674115236849"><ele>2181.0999755859375</ele></trkpt><trkpt lat="46.07657705619931" lon="7.274640252813697"><ele>2180.699981689453</ele></trkpt><trkpt lat="46.07668943563476" lon="7.2745959660969675"><ele>2181.199981689453</ele></trkpt><trkpt lat="46.076771220657974" lon="7.274545309133828"><ele>2182.199981689453</ele></trkpt><trkpt lat="46.07685570279136" lon="7.27449335064739"><ele>2183.0999755859375</ele></trkpt><trkpt lat="46.076937487814575" lon="7.274442693218589"><ele>2183.7999877929688</ele></trkpt><trkpt lat="46.077019271440804" lon="7.274390743114054"><ele>2184.2999877929688</ele></trkpt><trkpt lat="46.07713071675971" lon="7.274323191959411"><ele>2184.8999938964844</ele></trkpt><trkpt lat="46.07720346841961" lon="7.274246709421277"><ele>2185.0999755859375</ele></trkpt><trkpt lat="46.0772744207643" lon="7.274170232471079"><ele>2184.699981689453</ele></trkpt><trkpt lat="46.07734627230093" lon="7.274093752261251"><ele>2183.7999877929688</ele></trkpt><trkpt lat="46.077398364432156" lon="7.274038013070822"><ele>2182.8999938964844</ele></trkpt><trkpt lat="46.07748465659097" lon="7.273993803653866"><ele>2182.2999877929688</ele></trkpt><trkpt lat="46.077567351982" lon="7.273950897157192"><ele>2182.2999877929688</ele></trkpt><trkpt lat="46.077653642278165" lon="7.273905395064503"><ele>2183.0</ele></trkpt><trkpt lat="46.07773633627221" lon="7.273861195892096"><ele>2183.5999755859375</ele></trkpt><trkpt lat="46.07782262843102" lon="7.273816985543817"><ele>2184.199981689453</ele></trkpt><trkpt lat="46.07790532242507" lon="7.27377278637141"><ele>2184.7999877929688</ele></trkpt><trkpt lat="46.077991612721235" lon="7.273727283347398"><ele>2185.699981689453</ele></trkpt><trkpt lat="46.078117452561855" lon="7.273660978768021"><ele>2186.8999938964844</ele></trkpt><trkpt lat="46.078194711357355" lon="7.273590943776071"><ele>2188.3999938964844</ele></trkpt><trkpt lat="46.07827016711235" lon="7.273518328554928"><ele>2190.199981689453</ele></trkpt><trkpt lat="46.07825918402523" lon="7.27339039510116"><ele>2192.0</ele></trkpt><trkpt lat="46.07825918402523" lon="7.27339039510116"><ele>2192.0</ele></trkpt><trkpt lat="46.07825918402523" lon="7.27339039510116"><ele>2192.0</ele></trkpt><trkpt lat="46.078244503587484" lon="7.273195257410407"><ele>2193.699981689453</ele></trkpt><trkpt lat="46.07827039947733" lon="7.273065918125212"><ele>2194.7999877929688</ele></trkpt><trkpt lat="46.07835399499163" lon="7.273023007437587"><ele>2195.5</ele></trkpt><trkpt lat="46.07842230889946" lon="7.272987898439169"><ele>2196.199981689453</ele></trkpt><trkpt lat="46.07851138757542" lon="7.273003138136119"><ele>2197.0999755859375</ele></trkpt><trkpt lat="46.078601363580674" lon="7.273017082363367"><ele>2198.199981689453</ele></trkpt><trkpt lat="46.078728234395385" lon="7.273039962165058"><ele>2199.2999877929688</ele></trkpt><trkpt lat="46.07878565695137" lon="7.272938963025808"><ele>2200.199981689453</ele></trkpt><trkpt lat="46.078837691340595" lon="7.272844443563372"><ele>2201.2999877929688</ele></trkpt><trkpt lat="46.07883210293949" lon="7.27271519927308"><ele>2202.7999877929688</ele></trkpt><trkpt lat="46.07882645679638" lon="7.272547177039087"><ele>2204.2999877929688</ele></trkpt><trkpt lat="46.078795693814754" lon="7.272427058313042"><ele>2205.2999877929688</ele></trkpt><trkpt lat="46.078761332668364" lon="7.272306950762868"><ele>2206.0</ele></trkpt><trkpt lat="46.07873146934435" lon="7.272186829242855"><ele>2206.699981689453</ele></trkpt><trkpt lat="46.07869710586965" lon="7.272065429482609"><ele>2207.2999877929688</ele></trkpt><trkpt lat="46.078665440902114" lon="7.27194402134046"><ele>2208.0999755859375</ele></trkpt><trkpt lat="46.078618408646435" lon="7.27177224913612"><ele>2209.0999755859375</ele></trkpt><trkpt lat="46.07860472518951" lon="7.271644323132932"><ele>2210.5</ele></trkpt><trkpt lat="46.078587444964796" lon="7.271517700981349"><ele>2211.699981689453</ele></trkpt><trkpt lat="46.07857106253505" lon="7.271389783360064"><ele>2213.0</ele></trkpt><trkpt lat="46.0785564808175" lon="7.271263152826577"><ele>2214.5</ele></trkpt><trkpt lat="46.07854009792209" lon="7.271135235205293"><ele>2215.699981689453</ele></trkpt><trkpt lat="46.07851824397221" lon="7.270958215929568"><ele>2216.7999877929688</ele></trkpt><trkpt lat="46.07851805072278" lon="7.270828955806792"><ele>2218.0</ele></trkpt><trkpt lat="46.078519598115236" lon="7.270660912618041"><ele>2219.0999755859375</ele></trkpt><trkpt lat="46.07856350764632" lon="7.270548319909722"><ele>2220.0</ele></trkpt><trkpt lat="46.07860741671175" lon="7.270435726735741"><ele>2220.699981689453</ele></trkpt><trkpt lat="46.078650426119566" lon="7.270323136355728"><ele>2221.5999755859375</ele></trkpt><trkpt lat="46.078716742340475" lon="7.270156184211373"><ele>2223.0</ele></trkpt><trkpt lat="46.07873544283211" lon="7.270029450301081"><ele>2224.199981689453</ele></trkpt><trkpt lat="46.078753245063126" lon="7.26990401186049"><ele>2225.0999755859375</ele></trkpt><trkpt lat="46.07876839162782" lon="7.269807018805295"><ele>2225.5</ele></trkpt><trkpt lat="46.07878747489303" lon="7.269934928044677"><ele>2225.5999755859375</ele></trkpt><trkpt lat="46.078804755117744" lon="7.270060257986188"><ele>2226.7999877929688</ele></trkpt><trkpt lat="46.07882476923987" lon="7.2702088467776775"><ele>2228.199981689453</ele></trkpt><trkpt lat="46.07881776476279" lon="7.270336837042123"><ele>2227.8999938964844</ele></trkpt><trkpt lat="46.078805442899466" lon="7.2705178409814835"><ele>2227.3999938964844</ele></trkpt><trkpt lat="46.07883351482451" lon="7.27064184518531"><ele>2227.2999877929688</ele></trkpt><trkpt lat="46.078870655968785" lon="7.270814940799028"><ele>2227.3999938964844</ele></trkpt><trkpt lat="46.07891759928316" lon="7.270925960503519"><ele>2227.7999877929688</ele></trkpt><trkpt lat="46.078964540269226" lon="7.271035687997937"><ele>2228.3999938964844</ele></trkpt><trkpt lat="46.07902232231572" lon="7.271176404785365"><ele>2228.7999877929688</ele></trkpt><trkpt lat="46.07900438923389" lon="7.27121523860842"><ele>2228.8999938964844</ele></trkpt><trkpt lat="46.07903131796047" lon="7.271176377311349"><ele>2229.5999755859375</ele></trkpt><trkpt lat="46.07911415398121" lon="7.27122782683"><ele>2231.5</ele></trkpt><trkpt lat="46.079238408245146" lon="7.271305000875145"><ele>2234.199981689453</ele></trkpt><trkpt lat="46.07932834606618" lon="7.271293090190738"><ele>2236.7999877929688</ele></trkpt><trkpt lat="46.07941738469526" lon="7.271281182300299"><ele>2239.0999755859375</ele></trkpt><trkpt lat="46.079544198233634" lon="7.271265279967338"><ele>2241.8999938964844</ele></trkpt><trkpt lat="46.07961243484169" lon="7.271178463473916"><ele>2244.5999755859375</ele></trkpt><trkpt lat="46.07967707142234" lon="7.271090365480632"><ele>2247.0999755859375</ele></trkpt><trkpt lat="46.079743512906134" lon="7.27100613899529"><ele>2249.199981689453</ele></trkpt><trkpt lat="46.07982620596886" lon="7.270961934234947"><ele>2250.5999755859375</ele></trkpt><trkpt lat="46.07991249719635" lon="7.270917717833072"><ele>2251.7999877929688</ele></trkpt><trkpt lat="46.07999518793076" lon="7.270872219931334"><ele>2253.0999755859375</ele></trkpt><trkpt lat="46.08008147915825" lon="7.270828003529459"><ele>2254.5</ele></trkpt><trkpt lat="46.08013720717281" lon="7.270798100158572"><ele>2256.2999877929688</ele></trkpt><trkpt lat="46.08023600280285" lon="7.27069438342005"><ele>2258.5999755859375</ele></trkpt><trkpt lat="46.08026640349999" lon="7.270571487955749"><ele>2260.0999755859375</ele></trkpt><trkpt lat="46.08029320789501" lon="7.270449895877391"><ele>2261.2999877929688</ele></trkpt><trkpt lat="46.08032450824976" lon="7.270326997619122"><ele>2263.0999755859375</ele></trkpt><trkpt lat="46.08035131031647" lon="7.270204112865031"><ele>2264.3999938964844</ele></trkpt><trkpt lat="46.080379019491374" lon="7.2700863955542445"><ele>2264.7999877929688</ele></trkpt><trkpt lat="46.08037432702258" lon="7.269957144744694"><ele>2264.7999877929688</ele></trkpt><trkpt lat="46.08037141431123" lon="7.269814962521195"><ele>2264.699981689453</ele></trkpt><trkpt lat="46.08039641473442" lon="7.2696907902136445"><ele>2264.5999755859375</ele></trkpt><trkpt lat="46.0804214165546" lon="7.269567910116166"><ele>2264.5</ele></trkpt><trkpt lat="46.080448215827346" lon="7.2694437322206795"><ele>2264.3999938964844</ele></trkpt><trkpt lat="46.080469662323594" lon="7.269349301699549"><ele>2264.2999877929688</ele></trkpt><trkpt lat="46.08046317007393" lon="7.269220056477934"><ele>2264.0</ele></trkpt><trkpt lat="46.08045845711604" lon="7.2690778793767095"><ele>2263.5999755859375</ele></trkpt><trkpt lat="46.08040522504598" lon="7.268973340746015"><ele>2263.0999755859375</ele></trkpt><trkpt lat="46.08035469148308" lon="7.268868794199079"><ele>2262.5</ele></trkpt><trkpt lat="46.08030145941302" lon="7.268764256034046"><ele>2262.0999755859375</ele></trkpt><trkpt lat="46.08022566791624" lon="7.268613253254443"><ele>2261.7999877929688</ele></trkpt><trkpt lat="46.080183214508" lon="7.268498341087252"><ele>2261.5999755859375</ele></trkpt><trkpt lat="46.08014345727861" lon="7.268382127396762"><ele>2261.199981689453</ele></trkpt><trkpt lat="46.08008834719658" lon="7.26822589058429"><ele>2260.699981689453</ele></trkpt><trkpt lat="46.08014216274023" lon="7.268122309818864"><ele>2259.8999938964844</ele></trkpt><trkpt lat="46.080197777133435" lon="7.268018722999841"><ele>2258.5999755859375</ele></trkpt><trkpt lat="46.08027849951759" lon="7.267863350920379"><ele>2257.0999755859375</ele></trkpt><trkpt lat="46.08031249884516" lon="7.267743027303368"><ele>2256.0</ele></trkpt><trkpt lat="46.080357225611806" lon="7.267578719649464"><ele>2255.199981689453</ele></trkpt><trkpt lat="46.0803624256514" lon="7.267449438106269"><ele>2254.5</ele></trkpt><trkpt lat="46.08036942407489" lon="7.267320150975138"><ele>2253.8999938964844</ele></trkpt><trkpt lat="46.08037462551147" lon="7.267192162107676"><ele>2253.199981689453</ele></trkpt><trkpt lat="46.08037802577019" lon="7.2670628861524165"><ele>2252.3999938964844</ele></trkpt><trkpt lat="46.080383223015815" lon="7.266932311933488"><ele>2251.5999755859375</ele></trkpt><trkpt lat="46.08035774016753" lon="7.266739787533879"><ele>2250.7999877929688</ele></trkpt><trkpt lat="46.08035774016753" lon="7.266739787533879"><ele>2250.7999877929688</ele></trkpt><trkpt lat="46.08035774016753" lon="7.266739787533879"><ele>2250.7999877929688</ele></trkpt><trkpt lat="46.0803107926622" lon="7.26662876829505"><ele>2249.8999938964844</ele></trkpt><trkpt lat="46.08026114664972" lon="7.266517757438123"><ele>2249.0999755859375</ele></trkpt><trkpt lat="46.08021420100704" lon="7.2664080313406885"><ele>2248.5</ele></trkpt><trkpt lat="46.0801844089292" lon="7.266338322777301"><ele>2248.0999755859375</ele></trkpt><trkpt lat="46.08012039959431" lon="7.266246748156846"><ele>2247.5</ele></trkpt><trkpt lat="46.08002213155851" lon="7.26610616222024"><ele>2246.5999755859375</ele></trkpt><trkpt lat="46.07997877988964" lon="7.265993840061128"><ele>2245.699981689453</ele></trkpt><trkpt lat="46.07991556636989" lon="7.2658350467681885"><ele>2244.8999938964844</ele></trkpt><trkpt lat="46.079882997088134" lon="7.265714934561402"><ele>2244.199981689453</ele></trkpt><trkpt lat="46.07985222246498" lon="7.265592231880873"><ele>2243.5</ele></trkpt><trkpt lat="46.07982145017013" lon="7.26547082234174"><ele>2243.0</ele></trkpt><trkpt lat="46.07979610655457" lon="7.265370077453554"><ele>2242.5999755859375</ele></trkpt><trkpt lat="46.079724022652954" lon="7.265292748808861"><ele>2240.7999877929688</ele></trkpt><trkpt lat="46.07965104049072" lon="7.2652167160995305"><ele>2237.5999755859375</ele></trkpt><trkpt lat="46.07955462578684" lon="7.265112320892513"><ele>2234.0999755859375</ele></trkpt><trkpt lat="46.07947536511347" lon="7.26504794228822"><ele>2231.2999877929688</ele></trkpt><trkpt lat="46.07939969841391" lon="7.26498096762225"><ele>2229.3999938964844</ele></trkpt><trkpt lat="46.07932043587789" lon="7.264915296807885"><ele>2228.2999877929688</ele></trkpt><trkpt lat="46.079265491105616" lon="7.2648689383640885"><ele>2227.2999877929688</ele></trkpt><trkpt lat="46.07915840204805" lon="7.264842135831714"><ele>2225.0</ele></trkpt><trkpt lat="46.07908449834213" lon="7.264751888811588"><ele>2222.7999877929688</ele></trkpt><trkpt lat="46.0791256967932" lon="7.264635420870036"><ele>2222.0999755859375</ele></trkpt><trkpt lat="46.0791632970795" lon="7.264518964104354"><ele>2221.8999938964844</ele></trkpt><trkpt lat="46.07920449739322" lon="7.264403788372874"><ele>2221.5999755859375</ele></trkpt><trkpt lat="46.079242097679526" lon="7.264287331607193"><ele>2221.2999877929688</ele></trkpt><trkpt lat="46.07928149634972" lon="7.264170868322253"><ele>2220.8999938964844</ele></trkpt><trkpt lat="46.07932269433513" lon="7.2640543999150395"><ele>2220.5999755859375</ele></trkpt><trkpt lat="46.07936029415578" lon="7.2639379422180355"><ele>2220.5</ele></trkpt><trkpt lat="46.07940149400383" lon="7.263822765555233"><ele>2220.3999938964844</ele></trkpt><trkpt lat="46.079439093358815" lon="7.263706307858229"><ele>2220.3999938964844</ele></trkpt><trkpt lat="46.07947849202901" lon="7.263589844107628"><ele>2220.5999755859375</ele></trkpt><trkpt lat="46.07952326349914" lon="7.263457851484418"><ele>2220.699981689453</ele></trkpt><trkpt lat="46.079532058909535" lon="7.263329852838069"><ele>2220.5999755859375</ele></trkpt><trkpt lat="46.07954264897853" lon="7.263199262786657"><ele>2220.199981689453</ele></trkpt><trkpt lat="46.079576645512134" lon="7.263080230448395"><ele>2219.8999938964844</ele></trkpt><trkpt lat="46.07961063971743" lon="7.262959905900061"><ele>2220.0999755859375</ele></trkpt><trkpt lat="46.07964463625103" lon="7.2628408735617995"><ele>2220.5999755859375</ele></trkpt><trkpt lat="46.07967953197658" lon="7.262721837963909"><ele>2221.199981689453</ele></trkpt><trkpt lat="46.07971352804452" lon="7.262602805159986"><ele>2220.7999877929688</ele></trkpt><trkpt lat="46.07974751992151" lon="7.262481187004596"><ele>2219.8999938964844</ele></trkpt><trkpt lat="46.07977345446125" lon="7.2623841552995145"><ele>2219.5999755859375</ele></trkpt><trkpt lat="46.07979124598205" lon="7.262257419060916"><ele>2219.5999755859375</ele></trkpt><trkpt lat="46.0798090393655" lon="7.262131975032389"><ele>2219.5999755859375</ele></trkpt><trkpt lat="46.07983752945438" lon="7.261944449972361"><ele>2219.5999755859375</ele></trkpt><trkpt lat="46.079872424248606" lon="7.261825413443148"><ele>2219.3999938964844</ele></trkpt><trkpt lat="46.07990730879828" lon="7.261699913535267"><ele>2219.3999938964844</ele></trkpt><trkpt lat="46.0799512071535" lon="7.261586018372327"><ele>2219.2999877929688</ele></trkpt><trkpt lat="46.07999510737136" lon="7.261473414953798"><ele>2219.0999755859375</ele></trkpt><trkpt lat="46.08003900712356" lon="7.261360811535269"><ele>2219.0999755859375</ele></trkpt><trkpt lat="46.08008470432833" lon="7.261246909853071"><ele>2219.3999938964844</ele></trkpt><trkpt lat="46.08012860408053" lon="7.261134306434542"><ele>2219.5999755859375</ele></trkpt><trkpt lat="46.080193996895105" lon="7.2609608778730035"><ele>2219.699981689453</ele></trkpt><trkpt lat="46.08022259781137" lon="7.26084444578737"><ele>2220.3999938964844</ele></trkpt><trkpt lat="46.080194406211376" lon="7.260651933960617"><ele>2220.0999755859375</ele></trkpt><trkpt lat="46.08020949503407" lon="7.2605239120312035"><ele>2219.0999755859375</ele></trkpt><trkpt lat="46.080229034181684" lon="7.260366145055741"><ele>2218.7999877929688</ele></trkpt><trkpt lat="46.08026032708585" lon="7.260245825629681"><ele>2218.699981689453</ele></trkpt><trkpt lat="46.080292514991015" lon="7.260122918058187"><ele>2218.7999877929688</ele></trkpt><trkpt lat="46.080322010908276" lon="7.260003897361457"><ele>2218.5999755859375</ele></trkpt><trkpt lat="46.08035329915583" lon="7.2598809925839305"><ele>2218.2999877929688</ele></trkpt><trkpt lat="46.08038548892364" lon="7.259759377222508"><ele>2218.0999755859375</ele></trkpt><trkpt lat="46.08041677903384" lon="7.259637764655054"><ele>2218.0</ele></trkpt><trkpt lat="46.08044448541477" lon="7.259525212459266"><ele>2217.8999938964844</ele></trkpt><trkpt lat="46.080451474990696" lon="7.259395924396813"><ele>2217.7999877929688</ele></trkpt><trkpt lat="46.080458466894925" lon="7.259267928544432"><ele>2217.5999755859375</ele></trkpt><trkpt lat="46.08046545833349" lon="7.259139932692051"><ele>2217.5</ele></trkpt><trkpt lat="46.08047244511545" lon="7.259009351488203"><ele>2217.2999877929688</ele></trkpt><trkpt lat="46.080479436554015" lon="7.258881355635822"><ele>2217.199981689453</ele></trkpt><trkpt lat="46.080486425664276" lon="7.258752067107707"><ele>2217.199981689453</ele></trkpt><trkpt lat="46.08049600711092" lon="7.2585568446666"><ele>2217.2999877929688</ele></trkpt><trkpt lat="46.08052639430389" lon="7.258433941286057"><ele>2217.199981689453</ele></trkpt><trkpt lat="46.08055858267471" lon="7.258312324993312"><ele>2217.199981689453</ele></trkpt><trkpt lat="46.080588072072715" lon="7.258190717082471"><ele>2217.199981689453</ele></trkpt><trkpt lat="46.080618461128324" lon="7.258069106377661"><ele>2217.0999755859375</ele></trkpt><trkpt lat="46.08065064903349" lon="7.257947489619255"><ele>2217.199981689453</ele></trkpt><trkpt lat="46.08067923877388" lon="7.257825884502381"><ele>2217.2999877929688</ele></trkpt><trkpt lat="46.08071142388508" lon="7.25770297460258"><ele>2217.0999755859375</ele></trkpt><trkpt lat="46.08076342660934" lon="7.257596802897751"><ele>2216.5</ele></trkpt><trkpt lat="46.08081543119624" lon="7.257491923868656"><ele>2216.2999877929688</ele></trkpt><trkpt lat="46.0808674339205" lon="7.257385751698166"><ele>2216.3999938964844</ele></trkpt><trkpt lat="46.08091943804175" lon="7.25728087220341"><ele>2216.3999938964844</ele></trkpt><trkpt lat="46.080962480511516" lon="7.257196705322713"><ele>2215.5999755859375</ele></trkpt><trkpt lat="46.0810316093266" lon="7.257112450432032"><ele>2214.0</ele></trkpt><trkpt lat="46.08107829093933" lon="7.257054124027491"><ele>2212.3999938964844</ele></trkpt><trkpt lat="46.08108718181029" lon="7.256989460904151"><ele>2210.7999877929688</ele></trkpt><trkpt lat="46.081001673825085" lon="7.256958722602576"><ele>2208.8999938964844</ele></trkpt><trkpt lat="46.080913469195366" lon="7.25692928628996"><ele>2206.3999938964844</ele></trkpt><trkpt lat="46.080790161620826" lon="7.256887041032314"><ele>2203.5999755859375</ele></trkpt><trkpt lat="46.080705664586276" lon="7.256924810819328"><ele>2201.3999938964844</ele></trkpt><trkpt lat="46.080610376782715" lon="7.256965201813728"><ele>2199.5</ele></trkpt><trkpt lat="46.080622762441635" lon="7.256837186869234"><ele>2197.2999877929688</ele></trkpt><trkpt lat="46.08062801044434" lon="7.256745390128344"><ele>2194.7999877929688</ele></trkpt><trkpt lat="46.080685417633504" lon="7.256644370034337"><ele>2192.5999755859375</ele></trkpt><trkpt lat="46.080685417633504" lon="7.256644370034337"><ele>2192.5999755859375</ele></trkpt><trkpt lat="46.080685417633504" lon="7.256644370034337"><ele>2192.5999755859375</ele></trkpt><trkpt lat="46.08074641413987" lon="7.256538167130202"><ele>2190.5</ele></trkpt><trkpt lat="46.08062940929085" lon="7.25649977941066"><ele>2187.0999755859375</ele></trkpt><trkpt lat="46.08057344937697" lon="7.2563849203288555"><ele>2183.2999877929688</ele></trkpt><trkpt lat="46.08048525545746" lon="7.25636194832623"><ele>2180.5999755859375</ele></trkpt><trkpt lat="46.080420460086316" lon="7.256345361005515"><ele>2178.0</ele></trkpt><trkpt lat="46.080348348245025" lon="7.2562551172450185"><ele>2174.7999877929688</ele></trkpt><trkpt lat="46.08040845952928" lon="7.256157965864986"><ele>2171.7999877929688</ele></trkpt><trkpt lat="46.0804847208783" lon="7.256034906953573"><ele>2169.0</ele></trkpt><trkpt lat="46.08039829181507" lon="7.255991247482598"><ele>2166.199981689453</ele></trkpt><trkpt lat="46.080315459519625" lon="7.255946282763034"><ele>2163.5</ele></trkpt><trkpt lat="46.08021462522447" lon="7.2558949161320925"><ele>2160.3999938964844</ele></trkpt><trkpt lat="46.08007069444284" lon="7.255894107278436"><ele>2157.2999877929688</ele></trkpt><trkpt lat="46.08005257882178" lon="7.25581790227443"><ele>2154.5999755859375</ele></trkpt><trkpt lat="46.08008845243603" lon="7.255751856137067"><ele>2152.0999755859375</ele></trkpt><trkpt lat="46.08004249073565" lon="7.255700304638594"><ele>2149.3999938964844</ele></trkpt><trkpt lat="46.079961446113884" lon="7.25564887188375"><ele>2146.0999755859375</ele></trkpt><trkpt lat="46.07987860077992" lon="7.255596152506769"><ele>2142.2999877929688</ele></trkpt><trkpt lat="46.07979665650055" lon="7.255544722545892"><ele>2138.699981689453</ele></trkpt><trkpt lat="46.07971201185137" lon="7.255492009688169"><ele>2135.2999877929688</ele></trkpt><trkpt lat="46.079630069900304" lon="7.255441872868687"><ele>2131.8999938964844</ele></trkpt><trkpt lat="46.07954722177237" lon="7.255387861281633"><ele>2128.2999877929688</ele></trkpt><trkpt lat="46.07946527795866" lon="7.255336432252079"><ele>2124.7999877929688</ele></trkpt><trkpt lat="46.079411247279495" lon="7.25530171347782"><ele>2121.8999938964844</ele></trkpt><trkpt lat="46.07932127919048" lon="7.255294261034578"><ele>2118.699981689453</ele></trkpt><trkpt lat="46.079231311101466" lon="7.255286809056997"><ele>2115.199981689453</ele></trkpt><trkpt lat="46.079123347532004" lon="7.255276832263917"><ele>2111.699981689453</ele></trkpt><trkpt lat="46.07904156623408" lon="7.255324935074896"><ele>2109.0999755859375</ele></trkpt><trkpt lat="46.0789894410409" lon="7.255354840774089"><ele>2107.2999877929688</ele></trkpt><trkpt lat="46.07890041451901" lon="7.255373237654567"><ele>2104.7999877929688</ele></trkpt><trkpt lat="46.07880149781704" lon="7.255394253414124"><ele>2102.0999755859375</ele></trkpt><trkpt lat="46.0787161225453" lon="7.2554449532181025"><ele>2100.0</ele></trkpt><trkpt lat="46.07863343972713" lon="7.255491765681654"><ele>2098.2999877929688</ele></trkpt><trkpt lat="46.07855166075751" lon="7.255541160702705"><ele>2096.3999938964844</ele></trkpt><trkpt lat="46.07846718095243" lon="7.255589271429926"><ele>2093.8999938964844</ele></trkpt><trkpt lat="46.07838267972693" lon="7.255624456331134"><ele>2090.8999938964844</ele></trkpt><trkpt lat="46.078295482322574" lon="7.2556609427556396"><ele>2088.0</ele></trkpt><trkpt lat="46.07820738106966" lon="7.255694847088307"><ele>2085.5</ele></trkpt><trkpt lat="46.078121080528945" lon="7.25573003757745"><ele>2082.199981689453</ele></trkpt><trkpt lat="46.078019498381764" lon="7.255771742668003"><ele>2078.7999877929688</ele></trkpt><trkpt lat="46.07793953316286" lon="7.255830178502947"><ele>2076.199981689453</ele></trkpt><trkpt lat="46.07785866642371" lon="7.2558873244561255"><ele>2074.5999755859375</ele></trkpt><trkpt lat="46.07780206203461" lon="7.255928877741098"><ele>2073.0999755859375</ele></trkpt><trkpt lat="46.07771212141961" lon="7.2559382282197475"><ele>2071.0999755859375</ele></trkpt><trkpt lat="46.0775772142224" lon="7.255954192951322"><ele>2068.7999877929688</ele></trkpt><trkpt lat="46.07753217499703" lon="7.255916859488934"><ele>2066.699981689453</ele></trkpt><trkpt lat="46.077545459382236" lon="7.255788848735392"><ele>2064.3999938964844</ele></trkpt><trkpt lat="46.07756049372256" lon="7.255631102249026"><ele>2061.5</ele></trkpt><trkpt lat="46.07759538339451" lon="7.255513358861208"><ele>2059.0</ele></trkpt><trkpt lat="46.07763207424432" lon="7.2553969020955265"><ele>2057.199981689453</ele></trkpt><trkpt lat="46.077670560218394" lon="7.255277853924781"><ele>2055.2999877929688</ele></trkpt><trkpt lat="46.07770544756204" lon="7.255158817395568"><ele>2053.3999938964844</ele></trkpt><trkpt lat="46.07775645656511" lon="7.254997071344405"><ele>2051.2999877929688</ele></trkpt><trkpt lat="46.077803052496165" lon="7.254887043032795"><ele>2049.0999755859375</ele></trkpt><trkpt lat="46.07786309951916" lon="7.254751117434353"><ele>2046.5999755859375</ele></trkpt><trkpt lat="46.07777670165524" lon="7.254726849962026"><ele>2042.8999938964844</ele></trkpt><trkpt lat="46.077688502613455" lon="7.254701296798885"><ele>2038.1999816894531</ele></trkpt><trkpt lat="46.07759310491383" lon="7.254674474708736"><ele>2033.7999877929688</ele></trkpt><trkpt lat="46.07750314939767" lon="7.254674779251218"><ele>2030.0999755859375</ele></trkpt><trkpt lat="46.07738620787859" lon="7.254675175063312"><ele>2027.3999938964844</ele></trkpt><trkpt lat="46.07730443123728" lon="7.254725862760097"><ele>2025.7999877929688</ele></trkpt><trkpt lat="46.07721995189786" lon="7.254773973952979"><ele>2024.1999816894531</ele></trkpt><trkpt lat="46.0771372737363" lon="7.254823371767998"><ele>2022.0</ele></trkpt><trkpt lat="46.077082456089556" lon="7.254857163876295"><ele>2020.1999816894531</ele></trkpt><trkpt lat="46.077004307415336" lon="7.25492593459785"><ele>2019.1999816894531</ele></trkpt><trkpt lat="46.07692795805633" lon="7.254994698800147"><ele>2017.5999755859375</ele></trkpt><trkpt lat="46.07685340708122" lon="7.255063456948847"><ele>2015.6999816894531</ele></trkpt><trkpt lat="46.07679322408512" lon="7.2551166554912925"><ele>2013.5999755859375</ele></trkpt><trkpt lat="46.076676197350025" lon="7.255065347999334"><ele>2009.6999816894531</ele></trkpt><trkpt lat="46.076684980187565" lon="7.254936061333865"><ele>2005.2999877929688</ele></trkpt><trkpt lat="46.076695564202964" lon="7.254808061290532"><ele>2001.6999816894531</ele></trkpt><trkpt lat="46.0767034473829" lon="7.254678777419031"><ele>1998.5</ele></trkpt><trkpt lat="46.076711332891136" lon="7.254550786688924"><ele>1995.5999755859375</ele></trkpt><trkpt lat="46.076720115263015" lon="7.254421499557793"><ele>1992.6999816894531</ele></trkpt><trkpt lat="46.0767306946218" lon="7.254290914162993"><ele>1989.7999877929688</ele></trkpt><trkpt lat="46.0767529765144" lon="7.254165459424257"><ele>1986.8999938964844</ele></trkpt><trkpt lat="46.07677705725655" lon="7.254039998166263"><ele>1984.0999755859375</ele></trkpt><trkpt lat="46.076809170190245" lon="7.253875732887536"><ele>1981.6999816894531</ele></trkpt><trkpt lat="46.076885513961315" lon="7.253804381471127"><ele>1980.3999938964844</ele></trkpt><trkpt lat="46.076945687644184" lon="7.253746010828763"><ele>1979.7999877929688</ele></trkpt><trkpt lat="46.076999492011964" lon="7.253643713891506"><ele>1978.0999755859375</ele></trkpt><trkpt lat="46.07705329358578" lon="7.253540124278516"><ele>1974.5999755859375</ele></trkpt><trkpt lat="46.07710799621418" lon="7.2534378240816295"><ele>1970.5</ele></trkpt><trkpt lat="46.077164500486106" lon="7.253336809575558"><ele>1966.3999938964844</ele></trkpt><trkpt lat="46.07724161725491" lon="7.253189192153513"><ele>1962.6999816894531</ele></trkpt><trkpt lat="46.077308046165854" lon="7.253106239717454"><ele>1959.6999816894531</ele></trkpt><trkpt lat="46.07737717172131" lon="7.253021985292435"><ele>1957.5</ele></trkpt><trkpt lat="46.077445399947464" lon="7.252939026802778"><ele>1955.3999938964844</ele></trkpt><trkpt lat="46.07751542516053" lon="7.252854768652469"><ele>1952.3999938964844</ele></trkpt><trkpt lat="46.07758455257863" lon="7.252771805971861"><ele>1948.5999755859375</ele></trkpt><trkpt lat="46.07765367953107" lon="7.252688843291253"><ele>1944.6999816894531</ele></trkpt><trkpt lat="46.07772010844201" lon="7.252605889458209"><ele>1941.2999877929688</ele></trkpt><trkpt lat="46.077814367134124" lon="7.2524892329238355"><ele>1937.8999938964844</ele></trkpt><trkpt lat="46.07784745004028" lon="7.25236890790984"><ele>1934.3999938964844</ele></trkpt><trkpt lat="46.07784745004028" lon="7.25236890790984"><ele>1934.3999938964844</ele></trkpt><trkpt lat="46.07784745004028" lon="7.25236890790984"><ele>1934.3999938964844</ele></trkpt><trkpt lat="46.077868016436696" lon="7.252295159269124"><ele>1932.0</ele></trkpt><trkpt lat="46.07792370207608" lon="7.2522432641126215"><ele>1929.3999938964844</ele></trkpt><trkpt lat="46.07794049149379" lon="7.252062242478132"><ele>1924.5999755859375</ele></trkpt><trkpt lat="46.07799339201301" lon="7.25195865239948"><ele>1920.1999816894531</ele></trkpt><trkpt lat="46.07804719172418" lon="7.251855059061199"><ele>1916.8999938964844</ele></trkpt><trkpt lat="46.07807847298682" lon="7.251733446959406"><ele>1913.5</ele></trkpt><trkpt lat="46.078102617990226" lon="7.2516480521298945"><ele>1910.5</ele></trkpt><trkpt lat="46.07814740901813" lon="7.251536733936518"><ele>1907.5</ele></trkpt><trkpt lat="46.078192200511694" lon="7.251425415277481"><ele>1904.0999755859375</ele></trkpt><trkpt lat="46.07823969004676" lon="7.251314087770879"><ele>1902.0999755859375</ele></trkpt><trkpt lat="46.07829971751198" lon="7.251169108785689"><ele>1900.6999816894531</ele></trkpt><trkpt lat="46.07831209665164" lon="7.251041098032147"><ele>1897.6999816894531</ele></trkpt><trkpt lat="46.07833335828036" lon="7.250845840666443"><ele>1893.2999877929688</ele></trkpt><trkpt lat="46.07838707277551" lon="7.250691834371537"><ele>1890.2999877929688</ele></trkpt><trkpt lat="46.078439068514854" lon="7.250585660804063"><ele>1889.7999877929688</ele></trkpt><trkpt lat="46.07849196624011" lon="7.2504807761870325"><ele>1889.7999877929688</ele></trkpt><trkpt lat="46.078543963842094" lon="7.250375894829631"><ele>1888.5999755859375</ele></trkpt><trkpt lat="46.078595959581435" lon="7.250269720330834"><ele>1886.8999938964844</ele></trkpt><trkpt lat="46.07863809866831" lon="7.250186846591532"><ele>1884.5</ele></trkpt><trkpt lat="46.07869358500466" lon="7.250017321202904"><ele>1880.5999755859375</ele></trkpt><trkpt lat="46.07867544097826" lon="7.24992690095678"><ele>1876.3999938964844</ele></trkpt><trkpt lat="46.07876342209056" lon="7.2498231856152415"><ele>1873.5</ele></trkpt><trkpt lat="46.078846097458154" lon="7.249773778486997"><ele>1871.7999877929688</ele></trkpt><trkpt lat="46.07893147133291" lon="7.249724361579865"><ele>1869.8999938964844</ele></trkpt><trkpt lat="46.07902402803302" lon="7.249667163938284"><ele>1866.5</ele></trkpt><trkpt lat="46.07909946516156" lon="7.249593221116811"><ele>1862.2999877929688</ele></trkpt><trkpt lat="46.07916951365769" lon="7.249524467624724"><ele>1857.3999938964844</ele></trkpt><trkpt lat="46.07920347712934" lon="7.249395085964352"><ele>1852.5999755859375</ele></trkpt><trkpt lat="46.07914843177423" lon="7.249293160159141"><ele>1849.1999816894531</ele></trkpt><trkpt lat="46.07910422002897" lon="7.249214464332908"><ele>1846.5</ele></trkpt><trkpt lat="46.07902944134548" lon="7.249146216083318"><ele>1843.8999938964844</ele></trkpt><trkpt lat="46.07895106449723" lon="7.249077980406582"><ele>1842.0</ele></trkpt><trkpt lat="46.07888799952343" lon="7.249021325260401"><ele>1839.5999755859375</ele></trkpt><trkpt lat="46.07882128562778" lon="7.248934952542186"><ele>1835.6999816894531</ele></trkpt><trkpt lat="46.078755469061434" lon="7.2488472843542695"><ele>1832.5999755859375</ele></trkpt><trkpt lat="46.07869145879522" lon="7.248763488139957"><ele>1830.2999877929688</ele></trkpt><trkpt lat="46.07869663601741" lon="7.248634207993746"><ele>1826.6999816894531</ele></trkpt><trkpt lat="46.07870001439005" lon="7.248504934366792"><ele>1822.3999938964844</ele></trkpt><trkpt lat="46.078706924803555" lon="7.248336870223284"><ele>1818.1999816894531</ele></trkpt><trkpt lat="46.07878959458321" lon="7.248284875415266"><ele>1814.6999816894531</ele></trkpt><trkpt lat="46.07887955149636" lon="7.248285852372646"><ele>1812.5</ele></trkpt><trkpt lat="46.078942517284304" lon="7.248284338507801"><ele>1810.5</ele></trkpt><trkpt lat="46.07891445513815" lon="7.2481810273602605"><ele>1808.5</ele></trkpt><trkpt lat="46.07882349053398" lon="7.248116715345532"><ele>1806.7999877929688</ele></trkpt><trkpt lat="46.078759466297925" lon="7.248025164473802"><ele>1804.5999755859375</ele></trkpt><trkpt lat="46.07869634358212" lon="7.247934902552515"><ele>1801.8999938964844</ele></trkpt><trkpt lat="46.07860706979409" lon="7.247807247564197"><ele>1798.8999938964844</ele></trkpt><trkpt lat="46.07866897713393" lon="7.247712668497115"><ele>1795.0</ele></trkpt><trkpt lat="46.07876049494371" lon="7.247574036475271"><ele>1790.6999816894531</ele></trkpt><trkpt lat="46.07884941715747" lon="7.247496166266501"><ele>1786.7999877929688</ele></trkpt><trkpt lat="46.078939349390566" lon="7.24748292285949"><ele>1783.5</ele></trkpt><trkpt lat="46.078984127379954" lon="7.247366428840905"><ele>1780.1999816894531</ele></trkpt><trkpt lat="46.078912928234786" lon="7.247287829872221"><ele>1777.5</ele></trkpt><trkpt lat="46.07885794714093" lon="7.247224685270339"><ele>1775.2999877929688</ele></trkpt><trkpt lat="46.07885952480137" lon="7.247095417696983"><ele>1772.7999877929688</ele></trkpt><trkpt lat="46.07885847007856" lon="7.247004937846214"><ele>1769.5999755859375</ele></trkpt><trkpt lat="46.07880342239514" lon="7.24690301483497"><ele>1766.0</ele></trkpt><trkpt lat="46.078767327126116" lon="7.246837218757719"><ele>1763.0</ele></trkpt><trkpt lat="46.07888417970389" lon="7.246785101015121"><ele>1761.0999755859375</ele></trkpt><trkpt lat="46.07888411311433" lon="7.246746322605759"><ele>1759.3999938964844</ele></trkpt><trkpt lat="46.07882906496525" lon="7.246644400060177"><ele>1756.6999816894531</ele></trkpt><trkpt lat="46.07877401728183" lon="7.246542477980256"><ele>1753.3999938964844</ele></trkpt><trkpt lat="46.07873249985278" lon="7.246462482493371"><ele>1750.2999877929688</ele></trkpt><trkpt lat="46.078839434776455" lon="7.246397472452372"><ele>1747.0999755859375</ele></trkpt><trkpt lat="46.078920437954366" lon="7.246423037722707"><ele>1744.5</ele></trkpt><trkpt lat="46.07889144355431" lon="7.246301633771509"><ele>1741.6999816894531</ele></trkpt><trkpt lat="46.078856125473976" lon="7.246164741460234"><ele>1738.7999877929688</ele></trkpt><trkpt lat="46.07894520461559" lon="7.246178644243628"><ele>1736.2999877929688</ele></trkpt><trkpt lat="46.07903518108651" lon="7.246191251091659"><ele>1734.1999816894531</ele></trkpt><trkpt lat="46.07912426022813" lon="7.246205153875053"><ele>1732.2999877929688</ele></trkpt><trkpt lat="46.079189045354724" lon="7.246215264778584"><ele>1730.1999816894531</ele></trkpt><trkpt lat="46.079278979450464" lon="7.246203312184662"><ele>1727.0999755859375</ele></trkpt><trkpt lat="46.07938690017909" lon="7.246188709978014"><ele>1723.8999938964844</ele></trkpt><trkpt lat="46.07947599282488" lon="7.2462103688158095"><ele>1721.0999755859375</ele></trkpt><trkpt lat="46.07959568267688" lon="7.246239674277604"><ele>1717.1999816894531</ele></trkpt><trkpt lat="46.079730592202395" lon="7.246226269286126"><ele>1712.8999938964844</ele></trkpt><trkpt lat="46.07982063526288" lon="7.246277655474842"><ele>1710.1999816894531</ele></trkpt><trkpt lat="46.07989003509283" lon="7.246356260497123"><ele>1708.6999816894531</ele></trkpt><trkpt lat="46.079961236566305" lon="7.24643615167588"><ele>1706.7999877929688</ele></trkpt><trkpt lat="46.080062178429216" lon="7.246548254042864"><ele>1704.0</ele></trkpt><trkpt lat="46.080170057248324" lon="7.246509092859924"><ele>1702.5</ele></trkpt><trkpt lat="46.08027962502092" lon="7.246405293233693"><ele>1703.3999938964844</ele></trkpt><trkpt lat="46.080340632703155" lon="7.24631071370095"><ele>1705.3999938964844</ele></trkpt><trkpt lat="46.080412404146045" lon="7.2461979989893734"><ele>1707.5</ele></trkpt><trkpt lat="46.080493266228586" lon="7.246140835806727"><ele>1709.0</ele></trkpt><trkpt lat="46.080574127845466" lon="7.246083672624081"><ele>1709.7999877929688</ele></trkpt><trkpt lat="46.080654992256314" lon="7.246027801651508"><ele>1711.1999816894531</ele></trkpt><trkpt lat="46.08073495188728" lon="7.2459693481214345"><ele>1712.1999816894531</ele></trkpt><trkpt lat="46.080800543073565" lon="7.245925164781511"><ele>1710.2999877929688</ele></trkpt><trkpt lat="46.080926501657814" lon="7.245937643572688"><ele>1706.6999816894531</ele></trkpt><trkpt lat="46.08100843988359" lon="7.245983888395131"><ele>1703.6999816894531</ele></trkpt><trkpt lat="46.08109217742458" lon="7.246030127163976"><ele>1702.0</ele></trkpt><trkpt lat="46.08109217742458" lon="7.246030127163976"><ele>1702.0</ele></trkpt><trkpt lat="46.08109217742458" lon="7.246030127163976"><ele>1702.0</ele></trkpt><trkpt lat="46.081178615801036" lon="7.24607764929533"><ele>1701.0999755859375</ele></trkpt><trkpt lat="46.08125064847991" lon="7.246117466595024"><ele>1699.5999755859375</ele></trkpt><trkpt lat="46.08132363995537" lon="7.246192182414234"><ele>1696.8999938964844</ele></trkpt><trkpt lat="46.08139753108844" lon="7.246266895439476"><ele>1694.8999938964844</ele></trkpt><trkpt lat="46.081501165404916" lon="7.24637511279434"><ele>1693.2999877929688</ele></trkpt><trkpt lat="46.081591008696705" lon="7.246310160495341"><ele>1691.0</ele></trkpt><trkpt lat="46.08168096328154" lon="7.246309841517359"><ele>1689.2999877929688</ele></trkpt><trkpt lat="46.081770920194685" lon="7.246310815215111"><ele>1689.2999877929688</ele></trkpt><trkpt lat="46.08186267269775" lon="7.24630919797346"><ele>1692.0</ele></trkpt><trkpt lat="46.08195262821391" lon="7.246308879926801"><ele>1696.1999816894531</ele></trkpt><trkpt lat="46.08204258559272" lon="7.246309854090214"><ele>1698.0999755859375</ele></trkpt><trkpt lat="46.08213253784925" lon="7.246308242436498"><ele>1696.5</ele></trkpt><trkpt lat="46.08224048325792" lon="7.2463078601285815"><ele>1694.3999938964844</ele></trkpt><trkpt lat="46.08224026346579" lon="7.246179883833975"><ele>1693.1999816894531</ele></trkpt><trkpt lat="46.08224093867466" lon="7.2460493189282715"><ele>1693.0</ele></trkpt><trkpt lat="46.082243415527046" lon="7.245920040644705"><ele>1693.3999938964844</ele></trkpt><trkpt lat="46.08224409259856" lon="7.245790768414736"><ele>1693.5</ele></trkpt><trkpt lat="46.08224656898528" lon="7.24566149013117"><ele>1693.8999938964844</ele></trkpt><trkpt lat="46.08224636875093" lon="7.245545148383826"><ele>1695.0999755859375</ele></trkpt><trkpt lat="46.08227944560349" lon="7.245424810331315"><ele>1697.1999816894531</ele></trkpt><trkpt lat="46.0823080195114" lon="7.24530190275982"><ele>1699.6999816894531</ele></trkpt><trkpt lat="46.08233929472044" lon="7.245180278085172"><ele>1702.0</ele></trkpt><trkpt lat="46.08237146027386" lon="7.2450534789823"><ele>1704.1999816894531</ele></trkpt><trkpt lat="46.0824171458371" lon="7.2449421444907784"><ele>1706.6999816894531</ele></trkpt><trkpt lat="46.08245208533481" lon="7.244859287049621"><ele>1708.7999877929688</ele></trkpt><trkpt lat="46.0825121877715" lon="7.244762119837105"><ele>1709.5999755859375</ele></trkpt><trkpt lat="46.08257139241323" lon="7.244666248559952"><ele>1709.8999938964844</ele></trkpt><trkpt lat="46.08263149438426" lon="7.244569080881774"><ele>1710.5999755859375</ele></trkpt><trkpt lat="46.0826924983412" lon="7.244473202619702"><ele>1711.3999938964844</ele></trkpt><trkpt lat="46.08275708230212" lon="7.244366969913244"><ele>1711.6999816894531</ele></trkpt><trkpt lat="46.08277845662087" lon="7.244242793414742"><ele>1711.6999816894531</ele></trkpt><trkpt lat="46.08281049691141" lon="7.244044893886894"><ele>1711.5</ele></trkpt><trkpt lat="46.08285617874935" lon="7.243932264391333"><ele>1710.8999938964844</ele></trkpt><trkpt lat="46.0829036612995" lon="7.243820920586586"><ele>1710.2999877929688</ele></trkpt><trkpt lat="46.08294844767079" lon="7.24371087923646"><ele>1710.3999938964844</ele></trkpt><trkpt lat="46.083008465822786" lon="7.243565879762173"><ele>1710.3999938964844</ele></trkpt><trkpt lat="46.083023535087705" lon="7.243437846656889"><ele>1708.8999938964844</ele></trkpt><trkpt lat="46.083034144714475" lon="7.243331805802882"><ele>1707.8999938964844</ele></trkpt><trkpt lat="46.08310055593029" lon="7.2432423694990575"><ele>1708.0999755859375</ele></trkpt><trkpt lat="46.08316426863894" lon="7.243152942508459"><ele>1707.7999877929688</ele></trkpt><trkpt lat="46.083215427584946" lon="7.243086829781532"><ele>1707.6999816894531</ele></trkpt><trkpt lat="46.08329901099205" lon="7.243043868802488"><ele>1707.0</ele></trkpt><trkpt lat="46.08340237336233" lon="7.242994372732937"><ele>1705.2999877929688</ele></trkpt><trkpt lat="46.083483355119824" lon="7.243007008451968"><ele>1705.5999755859375</ele></trkpt><trkpt lat="46.08355366671458" lon="7.243090782314539"><ele>1707.5</ele></trkpt><trkpt lat="46.083619482815266" lon="7.243175865616649"><ele>1709.1999816894531</ele></trkpt><trkpt lat="46.083683483768255" lon="7.243251906242222"><ele>1709.5999755859375</ele></trkpt><trkpt lat="46.083772502839565" lon="7.243230902124196"><ele>1708.3999938964844</ele></trkpt><trkpt lat="46.083853432908654" lon="7.243213805370033"><ele>1707.5</ele></trkpt><trkpt lat="46.083927971310914" lon="7.243142436258495"><ele>1706.6999816894531</ele></trkpt><trkpt lat="46.084032147657126" lon="7.243043812923133"><ele>1706.5</ele></trkpt><trkpt lat="46.08412208920345" lon="7.243035732768476"><ele>1708.1999816894531</ele></trkpt><trkpt lat="46.084212033543736" lon="7.2430289457552135"><ele>1711.6999816894531</ele></trkpt><trkpt lat="46.08434694632888" lon="7.2430168255232275"><ele>1715.7999877929688</ele></trkpt><trkpt lat="46.08443050971255" lon="7.242962229065597"><ele>1717.5</ele></trkpt><trkpt lat="46.084510476794094" lon="7.242908937856555"><ele>1717.2999877929688</ele></trkpt><trkpt lat="46.084563489537686" lon="7.242873842827976"><ele>1717.2999877929688</ele></trkpt><trkpt lat="46.08460917463526" lon="7.242763794027269"><ele>1717.0999755859375</ele></trkpt><trkpt lat="46.08465845743194" lon="7.242653732188046"><ele>1716.5999755859375</ele></trkpt><trkpt lat="46.08470324287191" lon="7.242543686181307"><ele>1716.6999816894531</ele></trkpt><trkpt lat="46.084778499789536" lon="7.242368892766535"><ele>1718.5999755859375</ele></trkpt><trkpt lat="46.0848530405201" lon="7.242298814468086"><ele>1720.1999816894531</ele></trkpt><trkpt lat="46.08495721593499" lon="7.242200187873095"><ele>1719.1999816894531</ele></trkpt><trkpt lat="46.08504532137886" lon="7.24217142816633"><ele>1718.5</ele></trkpt><trkpt lat="46.085133427754045" lon="7.2421426684595644"><ele>1719.3999938964844</ele></trkpt><trkpt lat="46.085235917475075" lon="7.242108685895801"><ele>1719.5</ele></trkpt><trkpt lat="46.08532039774582" lon="7.242064425721765"><ele>1719.0</ele></trkpt><trkpt lat="46.085406677331775" lon="7.2420201590284705"><ele>1719.7999877929688</ele></trkpt><trkpt lat="46.085489361546934" lon="7.241977198515087"><ele>1721.0999755859375</ele></trkpt><trkpt lat="46.08557564113289" lon="7.241932931356132"><ele>1721.5999755859375</ele></trkpt><trkpt lat="46.08565922221169" lon="7.241888674441725"><ele>1722.7999877929688</ele></trkpt><trkpt lat="46.08574550226331" lon="7.241844407748431"><ele>1725.0999755859375</ele></trkpt><trkpt lat="46.085811108350754" lon="7.2418092652224"><ele>1727.3999938964844</ele></trkpt><trkpt lat="46.085885636974126" lon="7.241732720751315"><ele>1728.5999755859375</ele></trkpt><trkpt lat="46.08594759274274" lon="7.241667856927961"><ele>1728.8999938964844</ele></trkpt><trkpt lat="46.08600949542597" lon="7.241573259234428"><ele>1729.0999755859375</ele></trkpt><trkpt lat="46.08607140323147" lon="7.2414812464267015"><ele>1729.2999877929688</ele></trkpt><trkpt lat="46.08613420790061" lon="7.241387937683612"><ele>1729.3999938964844</ele></trkpt><trkpt lat="46.086196115240455" lon="7.241295924875885"><ele>1729.2999877929688</ele></trkpt><trkpt lat="46.086258919909596" lon="7.2412026156671345"><ele>1729.3999938964844</ele></trkpt><trkpt lat="46.08631545025855" lon="7.241122256964445"><ele>1730.0999755859375</ele></trkpt><trkpt lat="46.086338620167226" lon="7.240998064633459"><ele>1731.2999877929688</ele></trkpt><trkpt lat="46.086362689267844" lon="7.240873869042844"><ele>1732.6999816894531</ele></trkpt><trkpt lat="46.086395658086985" lon="7.240695343352854"><ele>1734.3999938964844</ele></trkpt><trkpt lat="46.0863944850862" lon="7.240540212485939"><ele>1735.6999816894531</ele></trkpt><trkpt lat="46.086356496438384" lon="7.240422707051039"><ele>1736.7999877929688</ele></trkpt><trkpt lat="46.08631940698251" lon="7.240305198356509"><ele>1737.7999877929688</ele></trkpt><trkpt lat="46.08628141786903" lon="7.24018769338727"><ele>1738.8999938964844</ele></trkpt><trkpt lat="46.08624342875555" lon="7.240070188418031"><ele>1740.2999877929688</ele></trkpt><trkpt lat="46.08620543964207" lon="7.2399526834487915"><ele>1741.3999938964844</ele></trkpt><trkpt lat="46.08616745239124" lon="7.239836471620947"><ele>1741.8999938964844</ele></trkpt><trkpt lat="46.086129462812096" lon="7.239718967117369"><ele>1742.1999816894531</ele></trkpt><trkpt lat="46.086129462812096" lon="7.239718967117369"><ele>1742.1999816894531</ele></trkpt><trkpt lat="46.086129462812096" lon="7.239718967117369"><ele>1742.1999816894531</ele></trkpt><trkpt lat="46.08609508769587" lon="7.239610498771071"><ele>1742.5</ele></trkpt><trkpt lat="46.086035549640656" lon="7.239516343455762"><ele>1742.6999816894531</ele></trkpt><trkpt lat="46.08597241155803" lon="7.239420908968896"><ele>1742.8999938964844</ele></trkpt><trkpt lat="46.08591107465327" lon="7.2393267611041665"><ele>1742.6999816894531</ele></trkpt><trkpt lat="46.085870479699224" lon="7.239262270741165"><ele>1742.3999938964844</ele></trkpt><trkpt lat="46.08578941505402" lon="7.23920310055837"><ele>1742.7999877929688</ele></trkpt><trkpt lat="46.08570924960077" lon="7.239143927581608"><ele>1744.0999755859375</ele></trkpt><trkpt lat="46.08562908647582" lon="7.23908604728058"><ele>1745.5999755859375</ele></trkpt><trkpt lat="46.08557234145701" lon="7.239044887479395"><ele>1746.8999938964844</ele></trkpt><trkpt lat="46.085524472408" lon="7.2389364703558385"><ele>1748.0999755859375</ele></trkpt><trkpt lat="46.085472107399255" lon="7.238829363137484"><ele>1748.5999755859375</ele></trkpt><trkpt lat="46.08542243903503" lon="7.238720952998847"><ele>1748.6999816894531</ele></trkpt><trkpt lat="46.085373672191054" lon="7.238613832741976"><ele>1749.2999877929688</ele></trkpt><trkpt lat="46.08532220637426" lon="7.238506722263992"><ele>1750.1999816894531</ele></trkpt><trkpt lat="46.08528337813914" lon="7.238424128387123"><ele>1750.3999938964844</ele></trkpt><trkpt lat="46.08531194413081" lon="7.238301210105419"><ele>1749.5999755859375</ele></trkpt><trkpt lat="46.085341409780085" lon="7.238178288098425"><ele>1748.5</ele></trkpt><trkpt lat="46.08536817645654" lon="7.238055375870317"><ele>1747.0</ele></trkpt><trkpt lat="46.08539941953495" lon="7.237920811865479"><ele>1745.0999755859375</ele></trkpt><trkpt lat="46.08546041510999" lon="7.237823627889156"><ele>1743.0</ele></trkpt><trkpt lat="46.085521414875984" lon="7.237729029729962"><ele>1740.8999938964844</ele></trkpt><trkpt lat="46.085598562378436" lon="7.237609808333218"><ele>1738.8999938964844</ele></trkpt><trkpt lat="46.08567038923502" lon="7.237533268518746"><ele>1737.0</ele></trkpt><trkpt lat="46.08574311994016" lon="7.2374593103304505"><ele>1735.3999938964844</ele></trkpt><trkpt lat="46.08581854728982" lon="7.237384049221873"><ele>1733.5999755859375</ele></trkpt><trkpt lat="46.08589037600905" lon="7.237308801617473"><ele>1731.8999938964844</ele></trkpt><trkpt lat="46.08596490137279" lon="7.23723225062713"><ele>1730.2999877929688</ele></trkpt><trkpt lat="46.086024097166955" lon="7.237135071773082"><ele>1728.5</ele></trkpt><trkpt lat="46.08609046600759" lon="7.237024938222021"><ele>1726.6999816894531</ele></trkpt><trkpt lat="46.0861713248305" lon="7.236969048157334"><ele>1725.0999755859375</ele></trkpt><trkpt lat="46.08625218179077" lon="7.236911864485592"><ele>1723.8999938964844</ele></trkpt><trkpt lat="46.08633304061368" lon="7.236855973955244"><ele>1722.5</ele></trkpt><trkpt lat="46.08641389757395" lon="7.236798790283501"><ele>1721.0</ele></trkpt><trkpt lat="46.086496555712074" lon="7.236742892302573"><ele>1719.5</ele></trkpt><trkpt lat="46.08659448288381" lon="7.236674009822309"><ele>1718.0</ele></trkpt><trkpt lat="46.08666540496051" lon="7.23659488465637"><ele>1716.6999816894531</ele></trkpt><trkpt lat="46.08671029098332" lon="7.236544298473746"><ele>1715.5999755859375</ele></trkpt><trkpt lat="46.08675596723333" lon="7.236432947218418"><ele>1714.2999877929688</ele></trkpt><trkpt lat="46.08680344512686" lon="7.236322881653905"><ele>1713.0999755859375</ele></trkpt><trkpt lat="46.086846441496164" lon="7.236221882514656"><ele>1712.3999938964844</ele></trkpt><trkpt lat="46.08687320351601" lon="7.236097673419863"><ele>1711.7999877929688</ele></trkpt><trkpt lat="46.08689819229767" lon="7.2359876916743815"><ele>1711.2999877929688</ele></trkpt><trkpt lat="46.08698448119685" lon="7.235949877649546"><ele>1710.3999938964844</ele></trkpt><trkpt lat="46.087095928844064" lon="7.235896456521004"><ele>1708.8999938964844</ele></trkpt><trkpt lat="46.087170453276485" lon="7.235819901805371"><ele>1707.1999816894531</ele></trkpt><trkpt lat="46.08724047988653" lon="7.235743363853544"><ele>1705.5</ele></trkpt><trkpt lat="46.08731320453808" lon="7.235666815657169"><ele>1703.5</ele></trkpt><trkpt lat="46.08740118937567" lon="7.23557211086154"><ele>1701.2999877929688</ele></trkpt><trkpt lat="46.08750002179295" lon="7.235507099889219"><ele>1698.7999877929688</ele></trkpt><trkpt lat="46.087616939563304" lon="7.235493734013289"><ele>1697.0</ele></trkpt><trkpt lat="46.087618668098" lon="7.235454942565411"><ele>1696.2999877929688</ele></trkpt><trkpt lat="46.08766362210736" lon="7.235441845841706"><ele>1694.7999877929688</ele></trkpt><trkpt lat="46.087595995981246" lon="7.235354186501354"><ele>1691.7999877929688</ele></trkpt><trkpt lat="46.0875274608843" lon="7.235261359252036"><ele>1688.2999877929688</ele></trkpt><trkpt lat="46.08760650316253" lon="7.235196421854198"><ele>1685.2999877929688</ele></trkpt><trkpt lat="46.08765230933204" lon="7.235157465096563"><ele>1682.6999816894531</ele></trkpt><trkpt lat="46.08771691424772" lon="7.235068017616868"><ele>1679.1999816894531</ele></trkpt><trkpt lat="46.08778241602704" lon="7.234977273270488"><ele>1675.0999755859375</ele></trkpt><trkpt lat="46.08787843026221" lon="7.2348463367670774"><ele>1671.3999938964844</ele></trkpt><trkpt lat="46.08796020178124" lon="7.23479819484055"><ele>1669.1999816894531</ele></trkpt><trkpt lat="46.08801142172888" lon="7.234768267255276"><ele>1668.0999755859375</ele></trkpt><trkpt lat="46.088075432460755" lon="7.2348468895070255"><ele>1666.8999938964844</ele></trkpt><trkpt lat="46.08820141386241" lon="7.234870980493724"><ele>1665.1999816894531</ele></trkpt><trkpt lat="46.088282473850995" lon="7.234926267992705"><ele>1663.5</ele></trkpt><trkpt lat="46.0883734379895" lon="7.234986690338701"><ele>1661.6999816894531</ele></trkpt><trkpt lat="46.088497483637184" lon="7.234935803804547"><ele>1659.1999816894531</ele></trkpt><trkpt lat="46.0885524940677" lon="7.2350118746981025"><ele>1655.8999938964844</ele></trkpt><trkpt lat="46.088688442483544" lon="7.235076006501913"><ele>1651.3999938964844</ele></trkpt><trkpt lat="46.08880348969251" lon="7.235023860819638"><ele>1646.5</ele></trkpt><trkpt lat="46.08888007514179" lon="7.235092094168067"><ele>1643.5</ele></trkpt><trkpt lat="46.08895756304264" lon="7.235161617863923"><ele>1642.3999938964844</ele></trkpt><trkpt lat="46.089032349642366" lon="7.235229858662933"><ele>1641.7999877929688</ele></trkpt><trkpt lat="46.0891080358997" lon="7.235298096667975"><ele>1641.0999755859375</ele></trkpt><trkpt lat="46.0892179608345" lon="7.235397235490382"><ele>1639.8999938964844</ele></trkpt><trkpt lat="46.089307938702404" lon="7.2354098269715905"><ele>1638.0</ele></trkpt><trkpt lat="46.08939701458439" lon="7.235421129036695"><ele>1635.6999816894531</ele></trkpt><trkpt lat="46.089486992452294" lon="7.235433720517904"><ele>1633.3999938964844</ele></trkpt><trkpt lat="46.08957606833428" lon="7.235445022583008"><ele>1631.0</ele></trkpt><trkpt lat="46.08966604620218" lon="7.235457614529878"><ele>1628.5999755859375</ele></trkpt><trkpt lat="46.08975512487814" lon="7.235470209270716"><ele>1626.3999938964844</ele></trkpt><trkpt lat="46.08984510228038" lon="7.235482801217586"><ele>1623.5999755859375</ele></trkpt><trkpt lat="46.089934178162366" lon="7.23549410328269"><ele>1620.5</ele></trkpt><trkpt lat="46.09002415370196" lon="7.235505402088165"><ele>1617.6999816894531</ele></trkpt><trkpt lat="46.090113231912255" lon="7.235517997294664"><ele>1615.0999755859375</ele></trkpt><trkpt lat="46.09024549741298" lon="7.235535602550954"><ele>1611.8999938964844</ele></trkpt><trkpt lat="46.090371527243406" lon="7.235586846247315"><ele>1608.0</ele></trkpt><trkpt lat="46.090370416641235" lon="7.235470489598811"><ele>1604.8999938964844</ele></trkpt><trkpt lat="46.09048648132011" lon="7.235482984222472"><ele>1602.5999755859375</ele></trkpt><trkpt lat="46.09056722931564" lon="7.23536632116884"><ele>1600.3999938964844</ele></trkpt><trkpt lat="46.0906571932137" lon="7.235371155664325"><ele>1598.2999877929688</ele></trkpt><trkpt lat="46.09078314388171" lon="7.235378441400826"><ele>1596.6999816894531</ele></trkpt><trkpt lat="46.09086599573493" lon="7.235429847147316"><ele>1595.7999877929688</ele></trkpt><trkpt lat="46.09086599573493" lon="7.235429847147316"><ele>1595.7999877929688</ele></trkpt><trkpt lat="46.09086599573493" lon="7.235429847147316"><ele>1595.7999877929688</ele></trkpt><trkpt lat="46.09095063991845" lon="7.235477367416024"><ele>1594.8999938964844</ele></trkpt><trkpt lat="46.09106230782345" lon="7.235545473173261"><ele>1593.3999938964844</ele></trkpt><trkpt lat="46.09115141676739" lon="7.2355748768895864"><ele>1591.8999938964844</ele></trkpt><trkpt lat="46.09123962139711" lon="7.2356016975827515"><ele>1590.5999755859375</ele></trkpt><trkpt lat="46.09132602903992" lon="7.235629818402231"><ele>1589.3999938964844</ele></trkpt><trkpt lat="46.0914223366417" lon="7.235660488251597"><ele>1588.2999877929688</ele></trkpt><trkpt lat="46.091449182480574" lon="7.235582812689245"><ele>1587.0</ele></trkpt><trkpt lat="46.09140404080972" lon="7.235492477659136"><ele>1585.5999755859375</ele></trkpt><trkpt lat="46.09132298082113" lon="7.235437185503542"><ele>1584.2999877929688</ele></trkpt><trkpt lat="46.09121490083635" lon="7.235363893676549"><ele>1582.8999938964844</ele></trkpt><trkpt lat="46.09114100178704" lon="7.23528918158263"><ele>1581.5</ele></trkpt><trkpt lat="46.09106800239533" lon="7.235214466229081"><ele>1580.3999938964844</ele></trkpt><trkpt lat="46.09099410288036" lon="7.235139754600823"><ele>1579.5</ele></trkpt><trkpt lat="46.090921103488654" lon="7.235065039712936"><ele>1578.5999755859375</ele></trkpt><trkpt lat="46.09087243815884" lon="7.235016092192382"><ele>1577.8999938964844</ele></trkpt><trkpt lat="46.09080751333386" lon="7.2349297110922635"><ele>1577.0</ele></trkpt><trkpt lat="46.09073899034411" lon="7.234843343961984"><ele>1576.1999816894531</ele></trkpt><trkpt lat="46.0906713665463" lon="7.234756973572075"><ele>1575.3999938964844</ele></trkpt><trkpt lat="46.09059291984886" lon="7.23465512925759"><ele>1574.5</ele></trkpt><trkpt lat="46.09051544545218" lon="7.234593361616135"><ele>1573.3999938964844</ele></trkpt><trkpt lat="46.09043527254835" lon="7.234531603753567"><ele>1572.2999877929688</ele></trkpt><trkpt lat="46.090315458364785" lon="7.234436380211264"><ele>1571.1999816894531</ele></trkpt><trkpt lat="46.09025142528117" lon="7.234346118755639"><ele>1570.1999816894531</ele></trkpt><trkpt lat="46.0901864930056" lon="7.234255861025304"><ele>1569.1999816894531</ele></trkpt><trkpt lat="46.09012245759368" lon="7.234164307359606"><ele>1568.2999877929688</ele></trkpt><trkpt lat="46.0900584240444" lon="7.234074046835303"><ele>1567.3999938964844</ele></trkpt><trkpt lat="46.089993491303176" lon="7.23398378957063"><ele>1566.5999755859375</ele></trkpt><trkpt lat="46.089929460547864" lon="7.233894822187722"><ele>1565.7999877929688</ele></trkpt><trkpt lat="46.08986542234197" lon="7.233801976311952"><ele>1565.0</ele></trkpt><trkpt lat="46.08980048960075" lon="7.233711719978601"><ele>1564.0999755859375</ele></trkpt><trkpt lat="46.08973645605147" lon="7.233621460385621"><ele>1563.1999816894531</ele></trkpt><trkpt lat="46.08967242250219" lon="7.2335312007926404"><ele>1562.3999938964844</ele></trkpt><trkpt lat="46.08961921185255" lon="7.2334564151242375"><ele>1561.7999877929688</ele></trkpt><trkpt lat="46.089568642899394" lon="7.233350590802729"><ele>1561.0999755859375</ele></trkpt><trkpt lat="46.08951537543908" lon="7.233244776725769"><ele>1560.3999938964844</ele></trkpt><trkpt lat="46.08944945735857" lon="7.233107982203364"><ele>1559.5999755859375</ele></trkpt><trkpt lat="46.08942044619471" lon="7.232985269278288"><ele>1558.6999816894531</ele></trkpt><trkpt lat="46.08939233701676" lon="7.232863846234977"><ele>1557.7999877929688</ele></trkpt><trkpt lat="46.08937510102987" lon="7.232785047031939"><ele>1557.2999877929688</ele></trkpt><trkpt lat="46.08940196875483" lon="7.232720301486552"><ele>1556.7999877929688</ele></trkpt><trkpt lat="46.08948297565803" lon="7.232745851855725"><ele>1556.1999816894531</ele></trkpt><trkpt lat="46.089555081445724" lon="7.232823150232434"><ele>1555.3999938964844</ele></trkpt><trkpt lat="46.08962718769908" lon="7.232900449074805"><ele>1554.5999755859375</ele></trkpt><trkpt lat="46.089699293486774" lon="7.232977748382837"><ele>1553.7999877929688</ele></trkpt><trkpt lat="46.08977139927447" lon="7.233055047690868"><ele>1553.0</ele></trkpt><trkpt lat="46.089855142869055" lon="7.233101273886859"><ele>1552.1999816894531</ele></trkpt><trkpt lat="46.08994158450514" lon="7.233147490303963"><ele>1551.1999816894531</ele></trkpt><trkpt lat="46.09002442797646" lon="7.233193720225245"><ele>1550.0999755859375</ele></trkpt><trkpt lat="46.09010727144778" lon="7.233239950612187"><ele>1549.1999816894531</ele></trkpt><trkpt lat="46.090191911906004" lon="7.233284881338477"><ele>1548.2999877929688</ele></trkpt><trkpt lat="46.09027745388448" lon="7.233331101480871"><ele>1547.3999938964844</ele></trkpt><trkpt lat="46.090359397698194" lon="7.233377335593104"><ele>1546.3999938964844</ele></trkpt><trkpt lat="46.09044404281303" lon="7.2334248521365225"><ele>1545.3999938964844</ele></trkpt><trkpt lat="46.090529582463205" lon="7.233469780068845"><ele>1544.5</ele></trkpt><trkpt lat="46.090592614375055" lon="7.2335044499486685"><ele>1543.5999755859375</ele></trkpt><trkpt lat="46.090679018292576" lon="7.233529981225729"><ele>1542.3999938964844</ele></trkpt><trkpt lat="46.09080862393603" lon="7.233568278606981"><ele>1541.0</ele></trkpt><trkpt lat="46.090897652786225" lon="7.233553720172495"><ele>1539.6999816894531</ele></trkpt><trkpt lat="46.09098757896572" lon="7.233537865336984"><ele>1538.6999816894531</ele></trkpt><trkpt lat="46.09104243479669" lon="7.233528607990593"><ele>1537.8999938964844</ele></trkpt><trkpt lat="46.09112963406369" lon="7.23349724849686"><ele>1537.0</ele></trkpt><trkpt lat="46.09121503215283" lon="7.233464602846652"><ele>1536.0999755859375</ele></trkpt><trkpt lat="46.09130223141983" lon="7.23343324335292"><ele>1535.1999816894531</ele></trkpt><trkpt lat="46.09138943068683" lon="7.233401883859187"><ele>1534.1999816894531</ele></trkpt><trkpt lat="46.09150809282437" lon="7.233358768746257"><ele>1532.6999816894531</ele></trkpt><trkpt lat="46.0915889502503" lon="7.233302867505699"><ele>1531.3999938964844</ele></trkpt><trkpt lat="46.09166262531653" lon="7.233254750724882"><ele>1530.3999938964844</ele></trkpt><trkpt lat="46.09168843040243" lon="7.233100795652717"><ele>1529.7999877929688</ele></trkpt><trkpt lat="46.09175963886082" lon="7.233179394155741"><ele>1529.0</ele></trkpt><trkpt lat="46.09186059655622" lon="7.233292789198458"><ele>1527.8999938964844</ele></trkpt><trkpt lat="46.09195055114105" lon="7.233292448800057"><ele>1526.6999816894531</ele></trkpt><trkpt lat="46.09204050572589" lon="7.233292108401656"><ele>1525.5999755859375</ele></trkpt><trkpt lat="46.09213046031073" lon="7.233291768468916"><ele>1524.6999816894531</ele></trkpt><trkpt lat="46.092220415361226" lon="7.233291428070515"><ele>1524.3999938964844</ele></trkpt><trkpt lat="46.09230947075412" lon="7.233291091397405"><ele>1524.2999877929688</ele></trkpt><trkpt lat="46.0924084209837" lon="7.23329071700573"><ele>1524.1999816894531</ele></trkpt><trkpt lat="46.092418576125056" lon="7.233432901557535"><ele>1524.0999755859375</ele></trkpt><trkpt lat="46.092503069899976" lon="7.233397672884166"><ele>1524.0999755859375</ele></trkpt><trkpt lat="46.09258936019614" lon="7.233361144550145"><ele>1524.1999816894531</ele></trkpt><trkpt lat="46.09267745213583" lon="7.233325901906937"><ele>1524.0999755859375</ele></trkpt><trkpt lat="46.09276464441791" lon="7.233290662523359"><ele>1524.0999755859375</ele></trkpt><trkpt lat="46.09284913819283" lon="7.233255433384329"><ele>1524.0</ele></trkpt><trkpt lat="46.092935428489" lon="7.233218904584646"><ele>1523.7999877929688</ele></trkpt><trkpt lat="46.09301902493462" lon="7.233184971380979"><ele>1523.3999938964844</ele></trkpt><trkpt lat="46.09310896554962" lon="7.233176873065531"><ele>1523.0</ele></trkpt><trkpt lat="46.093198901508" lon="7.2331661893986166"><ele>1522.5999755859375</ele></trkpt><trkpt lat="46.093287942465395" lon="7.233158094342798"><ele>1522.1999816894531</ele></trkpt><trkpt lat="46.09341655438766" lon="7.233144678175449"><ele>1521.7999877929688</ele></trkpt><trkpt lat="46.093501043040305" lon="7.233106862287968"><ele>1521.3999938964844</ele></trkpt><trkpt lat="46.09359542187303" lon="7.233066422864795"><ele>1521.0</ele></trkpt><trkpt lat="46.0936663467437" lon="7.232989869080484"><ele>1520.5999755859375</ele></trkpt><trkpt lat="46.09373906766996" lon="7.23291201563552"><ele>1520.1999816894531</ele></trkpt><trkpt lat="46.09380101552233" lon="7.232845839578658"><ele>1519.7999877929688</ele></trkpt><trkpt lat="46.09385299682617" lon="7.232740911655128"><ele>1519.2999877929688</ele></trkpt><trkpt lat="46.09385299682617" lon="7.232740911655128"><ele>1519.2999877929688</ele></trkpt><trkpt lat="46.09385299682617" lon="7.232740911655128"><ele>1519.2999877929688</ele></trkpt><trkpt lat="46.093850295990705" lon="7.2327396287582815"><ele>1518.5999755859375</ele></trkpt><trkpt lat="46.09436026588082" lon="7.231720115523785"><ele>1513.0999755859375</ele></trkpt><trkpt lat="46.09501006361097" lon="7.2309198579750955"><ele>1508.7999877929688</ele></trkpt><trkpt lat="46.09524155501276" lon="7.230599599890411"><ele>1506.1999816894531</ele></trkpt><trkpt lat="46.09547016164288" lon="7.230179788079113"><ele>1502.1999816894531</ele></trkpt><trkpt lat="46.09575154352933" lon="7.229600728489459"><ele>1496.6999816894531</ele></trkpt><trkpt lat="46.09589033853263" lon="7.229260129388422"><ele>1493.7999877929688</ele></trkpt><trkpt lat="46.09611024521291" lon="7.22900067595765"><ele>1492.2999877929688</ele></trkpt><trkpt lat="46.096090191509575" lon="7.228859813883901"><ele>1491.6999816894531</ele></trkpt><trkpt lat="46.09610151266679" lon="7.228660644032061"><ele>1490.5999755859375</ele></trkpt><trkpt lat="46.096069934312254" lon="7.228610338177532"><ele>1490.5999755859375</ele></trkpt><trkpt lat="46.096091428771615" lon="7.228559826966375"><ele>1490.5999755859375</ele></trkpt><trkpt lat="46.09604989970103" lon="7.228479820303619"><ele>1490.5</ele></trkpt><trkpt lat="46.09603985399008" lon="7.228399691637605"><ele>1490.2999877929688</ele></trkpt><trkpt lat="46.096061534713954" lon="7.227490610908717"><ele>1485.8999938964844</ele></trkpt><trkpt lat="46.09599046781659" lon="7.227489594370127"><ele>1486.2999877929688</ele></trkpt><trkpt lat="46.09599586762488" lon="7.227490866091102"><ele>1486.2999877929688</ele></trkpt></trkseg></trk></gpx>